time_s,current_Acm2,charge_Ccm2,T1_C,T2_C,T3_C,T4_C,T5_C,Tplate_left_C,Tplate_right_C,V1_V,V2_V,V3_V,V4_V,V5_V,ice1_fraction,ice2_fraction,ice3_fraction,ice4_fraction,ice5_fraction
0.0,0.0,0.0,-30.00000000000017,-30.00000000000017,-30.00000000000017,-30.00000000000017,-30.000000000000085,-30.0,-30.0,1.26757512097522,1.26757512097522,1.26757512097522,1.26757512097522,1.26757512097522,0.0,0.0,0.0,0.0,0.0
0.5,0.0025,0.0006250000000000001,-29.61745492969004,-29.73531382260154,-29.790584365793023,-29.73531382260279,-29.617454929689956,-29.996772145117745,-29.996772145117745,0.8160987866111326,0.8157493905523426,0.8155835008942298,0.8157493905523389,0.8160987866111329,0.0,0.0,0.0,0.0,0.0
0.9999999999999999,0.004999999999999999,0.0025000000000000005,-29.271872555702373,-29.466357487691653,-29.572238408036014,-29.466357487693585,-29.271872555703453,-29.98861044824332,-29.98861044824332,0.7832278399284816,0.782673186815644,0.7823664798307407,0.7826731868156384,0.7832278399284788,0.0,0.0,0.0,0.0,0.0
1.5000000000000002,0.0075000000000000015,0.005625000000000001,-28.957189317305563,-29.195228076011944,-29.345670280286924,-29.195228076011716,-28.957189317303346,-29.976045518728228,-29.976045518728142,0.7623825412958111,0.7617192563064685,0.7612917767039017,0.7617192563064689,0.7623825412958178,0.0,0.0,0.0,0.0,0.0
2.0000000000000004,0.010000000000000002,0.010000000000000002,-28.668411638123843,-28.92347743085554,-29.11175377876765,-28.923477430854604,-28.668411638121597,-29.959525611216264,-29.959525611216122,0.7464873932016728,0.7457890635301297,0.7452606830599698,0.7457890635301323,0.746487393201679,0.0,0.0,0.0,0.0,0.0
2.500000000000001,0.012500000000000004,0.015625000000000003,-28.401404742948444,-28.65223311593735,-28.871426879203938,-28.652233115937833,-28.40140474294887,-29.93943077419064,-29.939430774190498,0.7333446029531315,0.7326686036498093,0.732058746555568,0.732668603649808,0.7333446029531301,0.0,0.0,0.0,0.0,0.0
3.0000000000000013,0.015000000000000006,0.022500000000000006,-28.152734056497707,-28.382300836656697,-28.625631735027355,-28.3823008366563,-28.152734056497877,-29.916084353973446,-29.916084353973275,0.7219881550677482,0.7213796562821989,0.7207068547936614,0.7213796562821996,0.7219881550677478,0.0,0.0,0.0,0.0,0.0
3.5000000000000018,0.01750000000000001,0.03062500000000001,-27.9195389858707,-28.11424404855771,-28.375276710086666,-28.114244048553843,-27.919538985871867,-29.889762419143977,-29.88976241914378,0.7119118512926988,0.7114065697483226,0.7106881355478673,0.7114065697483336,0.7119118512926953,0.0,0.0,0.0,0.0,0.0
4.000000000000002,0.02000000000000001,0.04000000000000002,-27.699431193196403,-27.848444946703296,-28.121213193251208,-27.84844494670125,-27.699431193197057,-29.860701513309294,-29.86070151330904,0.7028200950120755,0.7024463089023608,0.7016981370489084,0.7024463089023663,0.7028200950120738,0.0,0.0,0.0,0.0,0.0
4.5,0.0225,0.050625000000000024,-27.872319702660633,-27.84917826966668,-28.072979825351126,-27.84917826966273,-27.872319702660377,-29.832329067150454,-29.832329067150226,0.6934821568406556,0.693584676308813,0.6929721834470866,0.6935846763088236,0.6934821568406567,0.0,0.0,0.0,0.0,0.0
4.999999999999998,0.02499999999999999,0.06250000000000003,-28.016321914427493,-27.855386012515538,-28.030003528827166,-27.855386012510593,-28.016321914427238,-29.80651061937121,-29.806510619370925,0.6849270891115765,0.685410420555496,0.6849332468219754,0.6854104205555096,0.6849270891115774,0.0,0.0,0.0,0.0,0.0
5.4999999999999964,0.027499999999999983,0.07562500000000003,-28.136113396616196,-27.864971616490294,-27.992119968996974,-27.86497161648734,-28.13611339661543,-29.782849616314508,-29.78284961631428,0.6770503610313295,0.6778386178965771,0.6774914790447625,0.6778386178965853,0.6770503610313318,0.0,0.0,0.0,0.0,0.0
5.999999999999995,0.029999999999999975,0.09000000000000001,-28.23554271191577,-27.87636768477725,-27.95895759629957,-27.876367684772617,-28.23554271191543,-29.761012838390457,-29.761012838390286,0.6697750327086954,0.6708077020308748,0.6705823169533102,0.6708077020308875,0.6697750327086964,0.0,0.0,0.0,0.0,0.0
6.499999999999993,0.032499999999999966,0.105625,-28.317786263340537,-27.888408835026496,-27.930023451386603,-27.88840883502735,-28.31778626334156,-29.740719370599436,-29.74071937059938,0.6630426910311126,0.6642713964002935,0.6641578399252098,0.6642713964002911,0.6630426910311098,0.0,0.0,0.0,0.0,0.0
6.999999999999991,0.034999999999999955,0.12249999999999997,-28.38547265693566,-27.900234662852426,-27.904763597014664,-27.900234662856235,-28.38547265693657,-29.721731613162092,-29.721731613162007,0.6568076958383345,0.6581936966451871,0.6581813354503322,0.658193696645177,0.6568076958383323,0.0,0.0,0.0,0.0,0.0
7.499999999999989,0.03749999999999995,0.14062499999999994,-28.440782847785442,-27.911215743204053,-27.8826048465244,-27.91121574321079,-28.44078284778766,-29.703847934859624,-29.703847934859596,0.6510333865669055,0.6525456302722944,0.6526237569497363,0.6525456302722762,0.6510333865668996,0.0,0.0,0.0,0.0,0.0
7.999999999999988,0.03999999999999994,0.15999999999999992,-28.48553100205055,-27.920897249172896,-27.862982799933405,-27.92089724917801,-28.48553100205541,-29.686896652664046,-29.68689665266416,0.6456895059875238,0.6473031008453481,0.6474613503398842,0.6473031008453342,0.6456895059875104,0.0,0.0,0.0,0.0,0.0
8.499999999999986,0.04249999999999993,0.1806249999999999,-28.521229965198273,-27.92895603541197,-27.845359940001288,-27.928956035421578,-28.521229965200718,-29.670731085094843,-29.670731085095042,0.6407504100841106,0.6424454205590242,0.6426740307659078,0.6424454205589976,0.6407504100841042,0.0,0.0,0.0,0.0,0.0
8.999999999999984,0.04499999999999992,0.20249999999999985,-28.549144410523297,-27.935168005654987,-27.82923658772421,-27.93516800566499,-28.549144410525628,-29.655225477199934,-29.65522547720019,0.6361938030005629,0.637954294755287,0.6382442566025279,0.6379542947552592,0.6361938030005566,0.0,0.0,0.0,0.0,0.0
9.499999999999982,0.04749999999999991,0.2256249999999998,-28.57033410261181,-27.93938332939669,-27.81415679633085,-27.93938332940681,-28.57033410262065,-29.64027163501359,-29.64027163501399,0.6319998327003369,0.6338131118487859,0.6341562420586514,0.633813111848758,0.631999832700313,0.0,0.0,0.0,0.0,0.0
9.99999999999998,0.049999999999999906,0.24999999999999975,-28.585689208045267,-27.941507644580724,-27.7997107198226,-27.941507644590132,-28.585689208053566,-29.6257761390589,-29.625776139059496,0.628150440298045,0.630006444730067,0.6303954054919036,0.6300064447300416,0.6281504402980224,0.0,0.0,0.0,0.0,0.0
10.499999999999979,0.052499999999999894,0.2756249999999997,-28.59595919078282,-27.941487821321317,-27.785534583792213,-27.94148782133138,-28.59595919079098,-29.61165803168626,-29.61165803168697,0.6246288912053525,0.6265197015582263,0.6269479847156376,0.6265197015581986,0.6246288912053299,0.0,0.0,0.0,0.0,0.0
10.999999999999977,0.05499999999999988,0.3024999999999996,-28.60177651851285,-27.939301197505785,-27.771309080034968,-27.93930119751539,-28.601776518519642,-29.597846893161687,-29.597846893162455,0.6214194385282458,0.6233388837345505,0.6238007721880645,0.6233388837345243,0.621419438528227,0.0,0.0,0.0,0.0,0.0
11.499999999999975,0.05749999999999988,0.33062499999999956,-28.603676160389796,-27.9349474543788,-27.756756777810637,-27.934947454390084,-28.60367616039707,-29.584281237501813,-29.584281237502722,0.618507083696967,0.6204504216202734,0.6209409370263542,0.6204504216202424,0.6185070836969468,0.0,0.0,0.0,0.0,0.0
11.999999999999973,0.059999999999999866,0.3599999999999995,-28.60211166226756,-27.92844249713704,-27.741638974396125,-27.92844249714716,-28.602111662273842,-29.570907171946743,-29.570907171947766,0.6158774090558968,0.6178410669919387,0.6183559101719865,0.6178410669919111,0.6158774090558801,0.0,0.0,0.0,0.0,0.0
12.499999999999972,0.06249999999999986,0.39062499999999944,-28.59746843124296,-27.919813856357138,-27.72575228167048,-27.919813856364783,-28.597468431248387,-29.557677274324305,-29.557677274325414,0.6135164638393196,0.6154978269394099,0.6160333154540908,0.6154978269393889,0.6135164638393045,0.0,0.0,0.0,0.0,0.0
12.99999999999997,0.06499999999999985,0.4224999999999993,-28.59007473879359,-27.90909724131896,-27.708925152734167,-27.90909724132638,-28.590074738797313,-29.544549650910483,-29.544549650911677,0.6114106896731794,0.6134079278804347,0.613960933793764,0.6134079278804148,0.6114106896731691,0.0,0.0,0.0,0.0,0.0
13.499999999999968,0.06749999999999984,0.4556249999999993,-28.580210854076427,-27.89633396449986,-27.691014484782727,-27.89633396450563,-28.58021085407998,-29.531487144139447,-29.531487144140613,0.6095468751358043,0.611558801191134,0.6121266910101198,0.611558801191118,0.6095468751357948,0.0,0.0,0.0,0.0,0.0
13.999999999999966,0.06999999999999983,0.48999999999999916,-28.56811664091316,-27.881569023740326,-27.671902385401637,-27.881569023747062,-28.56811664092004,-29.518456664983688,-29.518456664984996,0.6079121314032625,0.6099380840109815,0.610518662038525,0.609938084010963,0.6079121314032431,0.0,0.0,0.0,0.0,0.0
14.499999999999964,0.07249999999999983,0.525624999999999,-28.553997889466046,-27.864849680070392,-27.651493154221214,-27.864849680074144,-28.553997889471333,-29.505428629268295,-29.505428629269716,0.6064938828711248,0.6085336303132303,0.6091250861195889,0.6085336303132197,0.6064938828711104,0.0,0.0,0.0,0.0,0.0
14.999999999999963,0.07499999999999982,0.5624999999999991,-28.5380316033702,-27.84622440830347,-27.629710507121246,-27.846224408304323,-28.538031603376083,-29.492376480800345,-29.492376480801823,0.6052798680647372,0.6073335284947865,0.6079343888387909,0.6073335284947843,0.6052798680647206,0.0,0.0,0.0,0.0,0.0
15.499999999999961,0.0774999999999998,0.6006249999999991,-28.520370422725875,-27.825742127421307,-27.606495052713257,-27.825742127421023,-28.520370422730224,-29.479276287150952,-29.479276287152572,0.6042581472460232,0.6063261226360205,0.6069352079104883,0.6063261226360211,0.6042581472460116,0.0,0.0,0.0,0.0,0.0
15.99999999999996,0.0799999999999998,0.6399999999999989,-28.501146330589364,-27.803451640404916,-27.581802019386032,-27.80345164040307,-28.501146330596583,-29.466106396348493,-29.46610639635017,0.603417113980661,0.6055000352815285,0.6061164203847642,0.6055000352815336,0.6034171139806401,0.0,0.0,0.0,0.0,0.0
16.499999999999964,0.08249999999999982,0.6806249999999987,-28.48047376425768,-27.77940123052852,-27.555599223409757,-27.779401230526815,-28.48047376426527,-29.452847144725638,-29.4528471447274,0.6027455086023353,0.6048441901446534,0.6054671695697759,0.6048441901446578,0.6027455086023142,0.0,0.0,0.0,0.0,0.0
16.99999999999997,0.08499999999999985,0.7224999999999988,-28.45845223107125,-27.753638374179758,-27.52786526393041,-27.75363837417777,-28.4584522310752,-29.43948060780096,-29.43948060780275,0.6022324320435668,0.6043478335763353,0.6049768904439712,0.6043478335763408,0.6022324320435561,0.0,0.0,0.0,0.0,0.0
17.49999999999998,0.0874999999999999,0.7656249999999988,-28.435168511098965,-27.726209540196976,-27.49858792815192,-27.72620954019328,-28.43516851110371,-29.425990387419745,-29.425990387421507,0.6018673589243236,0.6040005539864263,0.6046353327111542,0.6040005539864368,0.60186735892431,0.0,0.0,0.0,0.0,0.0
17.999999999999986,0.08999999999999993,0.8099999999999986,-28.410698514698538,-27.69716005326771,-27.467762788633024,-27.697160053265748,-28.410698514701465,-29.412361429498304,-29.412361429500095,0.6016401491242226,0.6037922986810241,0.6044325809492702,0.6037922986810298,0.6016401491242149,0.0,0.0,0.0,0.0,0.0
18.499999999999993,0.09249999999999997,0.8556249999999986,-28.38510885131393,-27.666534004577983,-27.435391974655943,-27.666534004574373,-28.385108851316716,-29.39857986763434,-29.39857986763616,0.601541057327642,0.6037133877966608,0.6043590715352144,0.6037133877966704,0.6015410573276341,0.0,0.0,0.0,0.0,0.0
19.0,0.095,0.9024999999999987,-28.35845815629881,-27.63437419714404,-27.401483099927447,-27.63437419713955,-28.35845815630242,-29.38463288861493,-29.384632888616807,0.6015607402374538,0.6037545251818687,0.604405606207769,0.6037545251818817,0.6015607402374435,0.0,0.0,0.0,0.0,0.0
19.500000000000007,0.09750000000000003,0.9506249999999987,-28.330798214671233,-27.600722116561826,-27.366048329870182,-27.60072211655796,-28.33079821467686,-29.37050861649047,-29.370508616492486,0.6016902613129261,0.6039068062068739,0.6045633622670459,0.6039068062068843,0.6016902613129106,0.0,0.0,0.0,0.0,0.0
20.000000000000014,0.10000000000000007,0.9999999999999986,-28.302174766533113,-27.565617917380848,-27.329103572744145,-27.56561791737434,-28.302174766537775,-29.356196011835465,-29.356196011837625,0.6019209978906701,0.6041617225887588,0.6048238995110757,0.6041617225887771,0.6019209978906567,2.0833389758097237e-06,0.0,0.0,0.0,2.083338975898048e-06
20.50000000000002,0.1025000000000001,1.0506249999999986,-28.27262693227138,-27.52910036414508,-27.290667776177486,-27.529100364140447,-28.27262693227661,-29.34168477215539,-29.341684772157635,0.6022437227162935,0.6045111645399561,0.6051791640947342,0.6045111645399696,0.602243722716279,1.711802372439316e-05,0.0,0.0,0.0,1.711802372480466e-05
21.00000000000003,0.10500000000000015,1.1024999999999985,-28.242188983865987,-27.491206723300195,-27.25076230820065,-27.491206723300195,-28.242188983864736,-29.326965240537902,-29.32696524054009,0.6026492172102466,0.6049473868805507,0.6056214895577197,0.6049473868805508,0.6026492172102502,4.985430607254369e-05,9.4440257789949e-07,0.0,9.444025779087488e-07,4.985430607311118e-05
21.500000000000036,0.10750000000000018,1.1556249999999988,-28.210891837901187,-27.45197159292698,-27.209410147539785,-27.45197159292266,-28.210891837903574,-29.31202834474172,-29.312028344743965,0.6031288904728961,0.605462211811743,0.6061434725657538,0.6054622118117553,0.6031288904728892,0.00010236293770313315,1.3018161628705736e-05,2.564633436823543e-06,1.30181616286573e-05,0.00010236293770377973
22.000000000000043,0.11000000000000021,1.2099999999999989,-28.178763307382155,-27.411427255120373,-27.16663386625089,-27.411427255115484,-28.178763307382155,-29.29686554444376,-29.296865544446092,0.6036747122242592,0.6060471964592644,0.6067370502218473,0.6060471964592782,0.6036747122242594,0.00017603044009495427,4.240276969373189e-05,1.8869581690595226e-05,4.240276969338711e-05,0.00017603044009572845
22.50000000000005,0.11250000000000025,1.265624999999999,-28.145828440155924,-27.369605018879042,-27.122456539211782,-27.369605018868697,-28.145828440153934,-29.281468783406297,-29.2814687834086,0.6042791663498548,0.6066944954867457,0.6073942321160676,0.6066944954867751,0.6042791663498605,0.00027189729756587006,9.140955893421364e-05,5.3269157540905933e-05,9.140955893343905e-05,0.00027189729756659723
23.000000000000057,0.11500000000000028,1.3224999999999991,-28.11210984384644,-27.326535177695035,-27.076902296739206,-27.326535177682757,-28.11210984384678,-29.265830447010416,-29.265830447012775,0.6049352144591216,0.6073968123634321,0.6081076211619613,0.6073968123634667,0.6049352144591201,0.0003907992783347431,0.0001614849762041511,0.00010775300719588677,0.00016148497620268123,0.00039079927833537064
23.500000000000064,0.11750000000000033,1.3806249999999993,-28.077628081804903,-27.282246978502826,-27.02999595137254,-27.282246978491656,-28.077628081810104,-29.24994332519657,-29.249943325198842,0.6056363387661948,0.6081473473055914,0.608870342160198,0.6081473473056233,0.6056363387661798,0.0005333116874480041,0.00025370601877004864,0.000183670953447027,0.0002537060187678026,0.0005333116874488143
24.00000000000007,0.12000000000000036,1.4399999999999995,-28.042402058242516,-27.23676862419515,-26.98176270454698,-27.23676862417952,-28.042402058245415,-29.23380058204455,-29.23380058204691,0.6063766144987094,0.6089397581359811,0.6096759918953304,0.6089397581360259,0.6063766144987012,0.0007001780763907911,0.00036890661852262245,0.0002819888662035531,0.0003689066185195955,0.0007001780763918286
24.500000000000078,0.1225000000000004,1.5006249999999994,-28.00644910207157,-27.19012730686626,-26.932227919270275,-27.19012730684821,-28.006449102079245,-29.217395727834287,-29.217395727836674,0.6071511927750419,0.6097681441234902,0.610518604932659,0.609768144123542,0.6071511927750197,0.0008914195082273457,0.0005077615360674799,0.00040350543211073133,0.0005077615360633556,0.0008914195082284881
25.000000000000085,0.12500000000000042,1.5624999999999998,-27.969785850855374,-27.142349455460874,-26.881416992817776,-27.142349455444958,-27.96978585086015,-29.200722599083775,-29.200722599086248,0.607957051320141,0.610627154007613,0.6113926494802774,0.6106271540076591,0.6079570513201273,0.001102644734094338,0.0006706989471544797,0.0005488246200745911,0.0006706989471492119,0.0011026447340958154
25.500000000000092,0.12750000000000047,1.625625,-27.93242750455198,-27.093460699106657,-26.82935544383318,-27.093460699093214,-27.932427504555932,-29.183775341133753,-29.183775341136226,0.6087906182633063,0.6115119362179173,0.6122931391076804,0.611511936217957,0.6087906182632942,0.0013310756490923857,0.0008586283807221526,0.0007183753037128185,0.0008586283807157125,0.001331075649094076
26.0000000000001,0.1300000000000005,1.6900000000000002,-27.89438754028899,-27.04348599353881,-26.776068654845915,-27.043485993524484,-27.894387540298567,-29.1665483779704,-29.16654837797293,0.6096481498314527,0.6124194017258195,0.6132155766250146,0.6124194017258627,0.6096481498314252,0.0015752670009964121,0.001069692482779065,0.0009130459798318282,0.001069692482771841,0.0015752670009984136
26.500000000000107,0.13250000000000053,1.7556250000000004,-27.855678258730762,-26.992450218418355,-26.721582129128706,-26.99245021840349,-27.855678258739573,-29.14903639074919,-29.149036390751917,0.6105259184773942,0.6133470692335289,0.6141573952281889,0.6133470692335729,0.6105259184773686,0.0018348794252389096,0.0012996069835712939,0.0011303376087816023,0.0012996069835633443,0.0018348794252413716
27.000000000000114,0.13500000000000056,1.822500000000001,-27.8163107982827,-26.94037675715984,-26.66592182361137,-26.940376757152194,-27.81631079829421,-29.131234296737972,-29.13123429674087,0.6114204915507648,0.6142920971967772,0.6151162420821251,0.6142920971968013,0.6114204915507312,0.002109433408278923,0.0015460991346906239,0.0013662086043363917,0.0015460991346820325,0.0021094334082818215
27.50000000000012,0.1375000000000006,1.890625000000001,-27.77629561450604,-26.887287836874236,-26.609112474038938,-26.887287836874094,-27.77629561451633,-29.113137234640675,-29.11313723464366,0.6123284507906245,0.6152513583199504,0.6160895043307253,0.6152513583199531,0.6123284507905945,0.0023991089166139896,0.0018081869184129106,0.001618487495989309,0.0018081869184040592,0.0023991089166172344
28.000000000000128,0.14000000000000065,1.9600000000000013,-27.73564219162796,-26.833204582174574,-26.551178009929885,-26.83320458218313,-27.73564219163913,-29.094740549807454,-29.094740549810552,0.613246748807354,0.616221874881253,0.6170742560191349,0.6162218748812316,0.6132467488073211,0.002703922475852917,0.002085580479085697,0.0018863061538631676,0.0020855804790769314,0.0027039224758566467
28.500000000000135,0.14250000000000068,2.030625000000002,-27.694359347410227,-26.778147029882064,-26.492141472497963,-26.77814702989403,-27.694359347422022,-29.076039779420995,-29.076039779424264,0.6141725190695909,0.6172008986805556,0.6180677423233357,0.617200898680524,0.6141725190695563,0.0030238472298099645,0.0023778268791545213,0.0021693852338644255,0.0023778268791460905,0.0030238472298141955
29.000000000000142,0.1450000000000007,2.1025000000000023,-27.65245540894614,-26.72213453238635,-26.432025015832266,-26.722134532398513,-27.652455408954978,-29.057030642821957,-29.05703064282534,0.6151030019606771,0.6181856691948949,0.619067425793851,0.6181856691948632,0.6151030019606512,0.003359210383786503,0.0026851188821119766,0.0024672687790507635,0.0026851188821037913,0.0033592103837910676
29.50000000000015,0.14750000000000074,2.1756250000000024,-27.609937941129857,-26.66518544633101,-26.37085026983175,-26.665185446342008,-27.609937941135883,-29.03770902995379,-29.0377090299572,0.6160357456256683,0.6191737444106498,0.620070744727609,0.6191737444106211,0.6160357456256497,0.0037101647061056784,0.0030075204749530028,0.002780140662801955,0.0030075204749451345,0.0037101647061104064
30.000000000000156,0.15000000000000077,2.250000000000003,-27.56681400401041,-26.607317291169863,-26.3086379871051,-26.607317291183875,-27.56681400402536,-29.018070989600915,-29.018070989604496,0.6169684920442354,0.6201628845720837,0.6210754274016796,0.6201628845720464,0.6169684920441917,0.004076734454338339,0.0033449086650106626,0.0031080950334296344,0.0033449086650031855,0.004076734454343532
30.500000000000163,0.15250000000000083,2.3256250000000036,-27.523090323170862,-26.548546990300792,-26.245408127111062,-26.54854699031506,-27.523090323186864,-28.998112722288397,-28.998112722292205,0.6178990688694661,0.6211508944950208,0.6220794249180321,0.6211508944949826,0.6178990688694191,0.004459209969238437,0.0036975422571961496,0.003450973595069235,0.0036975422571890967,0.0044592099692442435
31.00000000000017,0.15500000000000086,2.402500000000004,-27.478773121673782,-26.48889069063273,-26.181180126977353,-26.48889069064967,-27.478773121695696,-28.977830572301286,-28.977830572305294,0.6188254937302994,0.6221357812236986,0.6230807126917988,0.6221357812236525,0.6188254937302352,0.004857888342487194,0.004065683369577063,0.003808997601596876,0.0040656833695704025,0.004857888342493621
31.500000000000178,0.1575000000000009,2.4806250000000043,-27.4338680425395,-26.42836365641159,-26.11597270674318,-26.42836365642202,-27.43386804255985,-28.957221017205654,-28.957221017209918,0.6197460332420043,0.6231158215315322,0.6240774314012555,0.6231158215315049,0.6197460332419447,0.005272816070207815,0.004449274990075331,0.004182450967754729,0.004449274990069164,0.00527281607021508
32.000000000000185,0.16000000000000092,2.560000000000005,-27.38838052451419,-26.366980641947492,-26.049803666150183,-26.366980641954825,-27.38838052452843,-28.936280661478634,-28.93628066148301,0.6206590278902574,0.624089334572679,0.6250679990690615,0.6240893345726604,0.6206590278902148,0.005704160445784934,0.00484845588613258,0.004571297018603907,0.004848455886126615,0.00570416044579271
32.50000000000019,0.16250000000000095,2.6406250000000053,-27.342315724488117,-26.304755822586458,-25.982690275872983,-26.304755822597855,-27.342315724504004,-28.91500623128482,-28.915006231289397,0.6215629194976924,0.6250547400104226,0.62605089043338,0.6250547400103919,0.6215629194976451,0.0061522214014148695,0.005263516639157962,0.004975597701061426,0.005263516639152428,0.006152221401423116
33.0000000000002,0.165000000000001,2.722500000000006,-27.295678348769655,-26.241702616153816,-25.91464923058507,-26.24170261616652,-27.29567834878594,-28.893394567755735,-28.893394567760566,0.6224563090947725,0.6260106397233517,0.6270246531369783,0.6260106397233172,0.6224563090947238,0.006617254588415337,0.0056946595949937465,0.005395613144490978,0.005694659594988736,0.006617254588424224
33.500000000000206,0.16750000000000104,2.8056250000000063,-27.248472685971848,-26.17783374527042,-25.84569650694516,-26.17783374528355,-27.248472685993136,-28.871442618420872,-28.87144261842593,0.6233379811290778,0.6269558208867239,0.6279879743072467,0.6269558208866883,0.6233379811290145,0.007099325521144155,0.006141865307830265,0.005831588718937338,0.006141865307825939,0.00709932552115378
34.00000000000021,0.17000000000000107,2.890000000000007,-27.200702905716327,-26.113161500492566,-25.775847230819267,-26.113161500502997,-27.200702905733067,-28.849147433053133,-28.849147433058363,0.6242067736869715,0.6278891017048577,0.6289397505263175,0.6278891017048294,0.6242067736869213,0.007598600775632759,0.006605284473377496,0.006283523938939774,0.0066052844733736,0.007598600775643186
34.50000000000022,0.1725000000000011,2.9756250000000075,-27.152372963180625,-26.047697661551183,-25.705116055382604,-26.047697661564598,-27.152372963197905,-28.82650615971332,-28.826506159718747,0.6250616002209636,0.6288093795548455,0.6298789264988304,0.6288093795548089,0.6250616002209113,0.008115344531959303,0.007085165619751411,0.00675147736421834,0.007085165619747921,0.008115344531970286
35.00000000000023,0.17500000000000113,3.062500000000008,-27.10348653018795,-25.981453426957813,-25.633517102482358,-25.981453426968557,-27.103486530204606,-28.803516039975875,-28.80351603998153,0.6259014741930853,0.62971566247057,0.6308044974988188,0.6297156624705401,0.6259014741930343,0.008649822414245605,0.007581738688689211,0.007235660301214977,0.007581738688686269,0.008649822414257222
35.500000000000234,0.17750000000000118,3.1506250000000082,-27.054046814715548,-25.91443927210949,-25.561063900691806,-25.914439272115658,-27.054046814728366,-28.78017440179005,-28.780174401795904,0.6267255573403302,0.6306071242359526,0.6317155458833523,0.6306071242359358,0.6267255573402902,0.009202164256829253,0.008095047063481022,0.007736303360905239,0.00809504706347856,0.009202164256841332
36.00000000000024,0.18000000000000121,3.240000000000009,-27.00405694404833,-25.846665313525364,-25.487769203844067,-25.84666531353318,-27.00405694405677,-28.756478654912513,-28.75647865491834,0.6275330840885681,0.6314829886177424,0.6326112874765943,0.6314829886177208,0.6275330840885407,0.009772465380646439,0.008625148831836654,0.008253538071962689,0.008625148831834384,0.009772465380658707
36.50000000000025,0.18250000000000124,3.3306250000000097,-26.953519916414223,-25.77814124776242,-25.413645185846406,-25.778141247775125,-26.953519916425847,-28.73242628859228,-28.73242628859819,0.6283233248312954,0.6323425145970168,0.6334910541093518,0.6323425145969814,0.6283233248312579,0.010360930481009827,0.0091722289026527,0.008787345490810918,0.009172228902650884,0.010360930481022334
37.000000000000256,0.18500000000000127,3.42250000000001,-26.902438555430336,-25.70887633401989,-25.33870361626657,-25.708876334025774,-26.902438555439886,-28.708014868152475,-28.7080148681585,0.6290956113992947,0.6331850264836794,0.6343541897378762,0.6331850264836629,0.6290956113992636,0.010967797368368686,0.009736497040247061,0.009337835360044022,0.009736497040245798,0.010967797368381856
37.50000000000026,0.18750000000000133,3.515625000000011,-26.850815448035377,-25.6388793313902,-25.262955776911866,-25.63887933139563,-26.850815448039498,-28.683242031176746,-28.683242031182743,0.6298493457235704,0.6340099256843601,0.6352000851503413,0.6340099256843449,0.6298493457235547,0.011593294384370475,0.010318141017947117,0.009905187806184526,0.01031814101794606,0.011593294384383857
38.00000000000027,0.19000000000000136,3.610000000000012,-26.798652775512068,-25.56815836888785,-25.186412430846445,-25.568158368894217,-26.798652775516956,-28.65810548137503,-28.65810548138103,0.6305840354256985,0.6348167326662146,0.6360281920995946,0.634816732666197,0.630584035425681,0.012237545621044519,0.010917208200990763,0.010489585121878137,0.01091720820099005,0.012237545621058226
38.50000000000028,0.1925000000000014,3.7056250000000124,-26.745952697821508,-25.496721306132173,-25.109083712967475,-25.496721306139705,-26.745952697821508,-28.63260298519242,-28.63260298519839,0.6312992410021582,0.6356050057312378,0.6368380398617896,0.6356050057312165,0.6312992410021545,0.012900635425379389,0.011533736876917213,0.011091167459459605,0.011533736876916827,0.012900635425393
39.000000000000284,0.19500000000000142,3.802500000000013,-26.692717288753585,-25.424575660576323,-25.03097915601515,-25.4245756605838,-26.692717288760633,-28.60673237041948,-28.60673237042542,0.6319945411681636,0.6363743193802504,0.6376292627065541,0.6363743193802289,0.6319945411681391,0.01358273117733372,0.01216786522281401,0.011709930101446954,0.012167865222813974,0.013582731177347564
39.50000000000029,0.19750000000000145,3.900625000000014,-26.638948488207717,-25.35172858586921,-24.95210799066618,-25.351728585875463,-26.63894848821562,-28.580491523610192,-28.580491523616303,0.6326695522882844,0.6371242886636633,0.6384015081067977,0.6371242886636453,0.6326695522882572,0.014284031088543505,0.01281975723550558,0.01234591141050231,0.012819757235505833,0.014284031088557836
40.0000000000003,0.2000000000000015,4.000000000000015,-26.584648095777453,-25.27818688010936,-24.87247905132668,-25.278186880120785,-26.584648095787117,-28.553878387319173,-28.553878387325454,0.6333239335677786,0.6378545735989452,0.6391544406404586,0.6378545735989127,0.6333239335677465,0.015004732392649331,0.013489571788994367,0.01299923272610292,0.01348957178899504,0.015004732392664174
40.500000000000306,0.20250000000000154,4.100625000000016,-26.529817649363395,-25.203956882856716,-24.79210075566479,-25.203956882862684,-26.529817649375588,-28.52689095667577,-28.526890956682138,0.6339573937164725,0.6385648879548047,0.6398877615255891,0.6385648879547873,0.6339573937164331,0.015745010366724738,0.014177439094900067,0.013670029737976798,0.014177439094901207,0.015745010366740093
41.00000000000031,0.20500000000000157,4.202500000000017,-26.474458406653923,-25.12904444491346,-24.710981084615895,-25.129044444913376,-26.47445840666856,-28.4995272740139,-28.49952727402041,0.6345697143698439,0.6392550266846654,0.6406012111667273,0.6392550266846652,0.6345697143697974,0.01650494781578794,0.014883375923942881,0.014358430305712872,0.014883375923944063,0.016504947815804156
41.50000000000032,0.2075000000000016,4.305625000000018,-26.41857166619863,-25.053455246960823,-24.62912753297374,-25.053455246960027,-26.418571666211477,-28.471785427559524,-28.47178542756629,0.6351606982057638,0.6399247989577674,0.6412945734787209,0.6399247989577692,0.6351606982057217,0.0172846237726266,0.015607408679874193,0.015064540662688626,0.015607408679875314,0.017284623772643483
42.00000000000033,0.21000000000000163,4.410000000000019,-26.362158651118648,-24.977194691746405,-24.546547031565012,-24.977194691746092,-26.362158651123707,-28.44366355037451,-28.44366355038136,0.6357301562493791,0.64057402009956,0.6419677071992269,0.6405740200995603,0.6357301562493599,0.01808417537866371,0.016349633986023595,0.01578836320785371,0.016349633986024816,0.018084175378680928
42.500000000000334,0.2125000000000017,4.5156250000000195,-26.305220479958393,-24.900267889018323,-24.463246291822173,-24.900267889014458,-26.30522047996334,-28.415159818371023,-28.415159818377873,0.6362779213663153,0.6412025287081979,0.6426204900265301,0.6412025287082085,0.6362779213662957,0.01890375793057006,0.01711016574068021,0.016529883211862058,0.017110165740681273,0.01890375793058718
43.00000000000034,0.21500000000000172,4.62250000000002,-26.247758161455266,-24.822679665090106,-24.379231727426713,-24.82267966508971,-26.247758161458194,-28.386272448196166,-28.386272448203016,0.6368038518907237,0.6418101903809585,0.6432527982724578,0.6418101903809594,0.6368038518907101,0.01974352390162351,0.017889112789220098,0.017289158647777608,0.017889112789221066,0.019743523901640834
43.50000000000035,0.21750000000000175,4.730625000000021,-26.189772589148504,-24.744434570459674,-24.294509425985154,-24.74443457045865,-26.18977258915146,-28.356999695109522,-28.356999695116343,0.6373078309415607,0.6423968967482475,0.6438645255350841,0.6423968967482494,0.6373078309415469,0.020603617226059235,0.018686573798754335,0.018066269883870445,0.018686573798755587,0.020603617226076766
44.000000000000355,0.22000000000000178,4.840000000000022,-26.13126435686499,-24.66553675699444,-24.209085143015272,-24.665536756995238,-26.13126435686874,-28.32733984956812,-28.327339849574912,0.6377897764979241,0.6429625726351892,0.6444555880473853,0.6429625726351862,0.6377897764979077,0.021484152056929814,0.019502622257992343,0.018861293595715558,0.019502622257993523,0.021484152056947578
44.50000000000036,0.2225000000000018,4.950625000000023,-26.072233947283394,-24.585990004872627,-24.122964286151415,-24.585990004869046,-26.072233947288794,-28.297291233257738,-28.297291233264502,0.6382496509497277,0.6435071962747666,0.6450259244569192,0.643507196274776,0.6382496509497062,0.022385169873092574,0.02033724475358204,0.019674296393073963,0.02033724475358316,0.022385169873110535
45.00000000000037,0.22500000000000187,5.062500000000024,-26.012681884400422,-24.50579799793053,-24.036151931676244,-24.505797997926834,-26.01268188440423,-28.266852199147024,-28.266852199153703,0.63868741890167,0.6440307502623195,0.6455754944531573,0.6440307502623297,0.6386874189016538,0.023306727201949276,0.02119043143526971,0.02050533362523614,0.021190431435270805,0.023306727201967494
45.50000000000038,0.2275000000000019,5.175625000000025,-25.95260863041895,-24.424964215950723,-23.94865267514095,-24.424964215948847,-25.95260863042344,-28.236021130607355,-28.236021130613977,0.6391030463749906,0.6445332143907317,0.6461042943770791,0.6445332143907359,0.6391030463749716,0.024248918668184773,0.02206222354995467,0.02135441895932954,0.02206222354995549,0.02424891866820303
46.000000000000384,0.23000000000000193,5.290000000000026,-25.892014566749623,-24.34349190982644,-23.86047085287143,-24.34349190982033,-25.892014566757496,-28.20479643993312,-28.20479643993977,0.6394965100742618,0.6450145787537571,0.6466123596270904,0.6450145787537739,0.6394965100742335,0.025211848169125417,0.022952676198489202,0.022221489037332422,0.02295267619848982,0.02521184816914411
46.50000000000039,0.23250000000000196,5.405625000000027,-25.830899989700782,-24.261384111737584,-23.771610644086337,-24.26138411173895,-25.830899989717352,-28.17317656676525,-28.173176566772014,0.639867800022818,0.6454748476387132,0.6470997174593597,0.6454748476387088,0.6398678000227649,0.026195615221437374,0.023861840101686054,0.023106515167061373,0.02386184010168649,0.026195615221456844
47.0000000000004,0.23500000000000199,5.522500000000028,-25.769265110277644,-24.178643643022212,-23.68207599134874,-24.17864364301667,-25.769265110295237,-28.141159976516803,-28.14115997652374,0.6402169193473769,0.6459140395375922,0.647566394275013,0.6459140395376073,0.6402169193473208,0.027200311073773624,0.024789756750887872,0.02400950708812498,0.024789756750888094,0.02720031107379414
47.500000000000405,0.23750000000000204,5.640625000000028,-25.707110052644424,-24.095273120369654,-23.591870592640504,-24.09527312036829,-25.70711005266233,-28.108745158824235,-28.108745158831482,0.6405438833031274,0.646332186156679,0.6480124257231304,0.6463321861566823,0.64054388330307,0.02822601792966935,0.02573645758152974,0.02493047985598269,0.025736457581529842,0.028226017929691007
48.00000000000041,0.24000000000000207,5.76000000000003,-25.64443469292948,-24.011274934200827,-23.50099790316304,-24.01127493419628,-25.64443469294261,-28.075930624947546,-28.075930624954964,0.6408487249952145,0.6467293319140678,0.6484378590880082,0.6467293319140803,0.6408487249951705,0.02927279808022262,0.026701963399706364,0.0258694416372888,0.02670196339970618,0.029272798080245025
48.50000000000042,0.2425000000000021,5.880625000000031,-25.58123879591085,-23.926651076526923,-23.40946112253752,-23.926651076523797,-25.58123879592864,-28.04271490429778,-28.042714904305285,0.6411315074043219,0.6471055494361597,0.6488427531254549,0.6471055494361683,0.6411315074042641,0.030340657158098257,0.02768625413517332,0.026826390763951338,0.027686254135172905,0.030340657158121426
49.000000000000426,0.24500000000000213,6.0025000000000315,-25.517522194112928,-23.84140344462037,-23.317263196899887,-23.84140344462017,-25.51752219412606,-28.00909654485372,-28.009096544861336,0.6413922937733523,0.6474609340764824,0.6492271772303825,0.6474609340764825,0.6413922937733078,0.031429597871850665,0.02868925540086332,0.02780131537339968,0.028689255400862958,0.03142959787187473
49.50000000000043,0.24750000000000216,6.125625000000033,-25.453284682568125,-23.755533851011478,-23.22440684636709,-23.755533851010853,-25.453284682581398,-27.975074112833397,-27.975074112841014,0.6416311415662698,0.6477955713305384,0.6495912104517462,0.6477955713305397,0.6416311415662246,0.032539651969598384,0.02971092181708334,0.0287941936539871,0.02971092181708268,0.03253965196962293
50.00000000000044,0.2500000000000022,6.250000000000035,-25.388525998606696,-23.669043958642106,-23.130894505201127,-23.669043958644835,-25.388525998613318,-27.940646191713313,-27.940646191720987,0.6418481101668181,0.6481095437488006,0.6499349438955692,0.6481095437487926,0.6418481101667918,0.033670860590658186,0.030751233783048646,0.029804989570756404,0.030751233783047928,0.03367086059068319
50.50000000000045,0.2525000000000022,6.375625000000035,-25.32324581640492,-23.581935263453886,-23.03672826954414,-23.581935263454227,-25.323245816410292,-27.90581138113015,-27.905811381137852,0.6420432641539162,0.6484029382914853,0.6502584988407568,0.6484029382914843,0.6420432641538928,0.034823261619619836,0.031810174124737606,0.03083361088184878,0.0318101741247371,0.03482326161964491
51.000000000000455,0.2550000000000023,6.502500000000037,-25.257443745444533,-23.49420910068949,-22.94191018707309,-23.494209100687954,-25.257443745448967,-27.870568295759114,-27.870568295766788,0.6422166738861977,0.648675848341706,0.6505620013838733,0.64867584834171,0.6422166738861773,0.03599688545588249,0.03288771902927548,0.03187994334840083,0.032887719029274794,0.03599688545590782
51.50000000000046,0.25750000000000234,6.6306250000000375,-25.191119330940268,-23.40586665478591,-22.846442166192503,-23.405866654788724,-25.191119330938193,-27.834915564204834,-27.83491556421231,0.6423684151957985,0.648928373769263,0.6508455669249152,0.6489283737692552,0.6423684151957959,0.03719175396536996,0.03398383563765707,0.032943907115374906,0.03398383563765646,0.03719175396539525
52.00000000000047,0.26000000000000234,6.760000000000038,-25.124272055022374,-23.31690896482462,-22.750325949386763,-23.31690896482789,-25.12427205502314,-27.79885182792131,-27.798851827928672,0.6424985688558541,0.6491606204806678,0.6511093099327259,0.6491606204806587,0.6424985688558431,0.03840788039757441,0.03509848166743778,0.034025436423261585,0.03509848166743732,0.038407880397599715
52.500000000000476,0.2625000000000024,6.89062500000004,-25.05690133828881,-23.22733692917845,-22.653563111051852,-23.22733692918564,-25.056901338286764,-27.7623757401671,-27.762375740174406,0.6426072200268113,0.6493726998747023,0.6513533487873189,0.6493726998746814,0.6426072200268085,0.03964526955087696,0.0362316055627651,0.03512446294574985,0.036231605562764946,0.03964526955090219
53.00000000000048,0.2650000000000024,7.022500000000041,-24.989006411317234,-23.137151306185075,-22.556155060049093,-23.13715130619653,-24.989006411312317,-27.725485964222344,-27.725485964229478,0.6426944609433829,0.6495647283295766,0.6515778069227561,0.6495647283295443,0.6426944609433886,0.040903913276277716,0.037383146744276716,0.03624091034516808,0.037383146744277604,0.04090391327630265
53.50000000000049,0.26750000000000246,7.155625000000041,-24.920586380479136,-23.046352696705583,-22.45810304212813,-23.04635269670635,-24.920586380480472,-27.68818117032879,-27.688181170335753,0.6427604027491286,0.6497368269648475,0.6517828127843857,0.6497368269648449,0.6427604027491165,0.04218376259339694,0.03855303563254264,0.03737469298728364,0.03855303563254373,0.04218376259342183
54.0000000000005,0.2700000000000025,7.290000000000044,-24.851640449901907,-22.954941407274276,-22.35940813080299,-22.954941407270667,-24.85164044990404,-27.650460036396538,-27.650460036403416,0.6428051575077577,0.6498891305208572,0.6519684995158429,0.6498891305208667,0.6428051575077431,0.04348475330515214,0.039741178263377454,0.038525715853105255,0.03974117826337795,0.04348475330517738
54.500000000000504,0.2725000000000025,7.4256250000000446,-24.782167800389743,-22.862917678914442,-22.260071225838345,-22.862917678911487,-24.78216780039068,-27.612321248135856,-27.612321248142678,0.6428288286677668,0.6500217905527258,0.6521350045807395,0.6500217905527339,0.6428288286677556,0.044806840513926555,0.04094743568502442,0.0396938747427616,0.04094743568502449,0.044806840513951875
55.00000000000051,0.2750000000000026,7.562500000000045,-24.71216757200233,-22.770281733775448,-22.16009307731838,-22.77028173377829,-24.712167571999686,-27.573763498436904,-27.57376349844361,0.6428315166004206,0.650134950793141,0.652282469337218,0.6501349507931323,0.6428315166004197,0.046149988098149124,0.04217167800019587,0.04087905652178975,0.04217167800019605,0.0461499880981744
55.50000000000052,0.2775000000000026,7.700625000000048,-24.64163886029786,-22.677033705155907,-22.0594742971399,-22.67703370516182,-24.64163886029391,-27.53478548666763,-27.534785486674224,0.6428133220549047,0.6502287481203675,0.652411038686126,0.6502287481203504,0.6428133220549072,0.04751415776541671,0.04341379501877013,0.04208113934796252,0.04341379501877075,0.04751415776544172
56.000000000000526,0.28000000000000264,7.840000000000049,-24.570580715267965,-22.583173626739097,-21.958215365697214,-22.583173626753222,-24.570580715263674,-27.495385917953968,-27.49538591796042,0.6427743472444974,0.6503033188191634,0.6525208607712158,0.6503033188191226,0.6427743472445009,0.04889930472891989,0.04467367965122707,0.043299992867843314,0.04467367965122876,0.04889930472894466
56.50000000000053,0.2825000000000027,7.98062500000005,-24.49899214135081,-22.488701430192776,-21.856316581662725,-22.488701430200393,-24.498992141345752,-27.455563502466077,-27.455563502472444,0.6427146959944193,0.6503588010292317,0.6526120884340263,0.6503588010292091,0.6427146959944251,0.05030537643896976,0.04595121953062863,0.04453547617301552,0.04595121953063147,0.05030537643899411
57.00000000000054,0.2850000000000027,8.122500000000052,-24.426872097549477,-22.393616938833276,-21.753778007178454,-22.393616938842626,-24.42687209754618,-27.415316954716616,-27.415316954722954,0.6426344735958311,0.6503953353621171,0.6526848913926152,0.6503953353620902,0.6426344735958318,0.051732312363133075,0.0472462943878685,0.04578741260856645,0.04724629438787177,0.0517323123631572
57.50000000000055,0.28750000000000275,8.265625000000052,-24.354219497840432,-22.29791987441436,-21.650599709912484,-22.29791987442232,-24.35421949783955,-27.374644992872305,-27.374644992878473,0.6425337865880684,0.6504130648850047,0.6527394433453475,0.6504130648849811,0.6425337865880622,0.05318004408064762,0.048558775469443094,0.0470556027257587,0.048558775469447014,0.053180044080671084
58.000000000000554,0.29000000000000276,8.410000000000053,-24.28103321217401,-22.20160986591833,-21.54678168928433,-22.201609865917533,-24.281033212177988,-27.333546338085768,-27.333546338091907,0.6424127425382521,0.6504121349396624,0.6527759085327013,0.6504121349396624,0.6424127425382328,0.05464849545248948,0.0498885255654621,0.048339865722236454,0.04988852556546585,0.0546484954525133
58.50000000000056,0.2925000000000028,8.555625000000056,-24.207312067778872,-22.104686453819028,-21.442323849588036,-22.104686453820477,-24.20731206778001,-27.29201971385436,-27.292019713860356,0.6422714498386402,0.6503926929492515,0.6527944475653931,0.6503926929492457,0.6422714498386283,0.05613758279553124,0.051235399192388675,0.049640030648204964,0.05123539919239226,0.056137582795555446
59.00000000000057,0.29500000000000287,8.702500000000056,-24.133054850506397,-22.0071490934655,-21.337225996337054,-22.007149093467888,-24.133054850510007,-27.250063845406032,-27.250063845412086,0.6421100175261781,0.6503548882407091,0.6527952215026056,0.6503548882407008,0.6421100175261596,0.057647215042437826,0.052599242797005945,0.05095592441080287,0.05259924279700971,0.05764721504246214
59.500000000000576,0.2975000000000029,8.850625000000058,-24.058260294575717,-21.908997157885295,-21.23148783727575,-21.908997157890497,-24.058260294584386,-27.207677459074205,-27.207677459080287,0.6419285551707433,0.6502988718904701,0.6527783931941067,0.6502988718904537,0.6419285551707103,0.05917729381246925,0.053979894946719585,0.052287367182907926,0.05397989494672399,0.05917729381249356
60.00000000000058,0.3,9.00000000000006,-23.982926935112232,-21.810229934434943,-21.12510898445666,-21.810229934432755,-23.98292693511567,-27.16485928041405,-27.16485928042013,0.6417271774480316,0.6502247966091652,0.6527441275808701,0.6502247966091691,0.6417271774480132,0.06072770644766768,0.05537718650002614,0.05363417114163258,0.05537718650003049,0.06072770644769222
60.50000000000059,0.3,9.150000000000057,-23.90797602076583,-21.711794656722333,-21.019035102013163,-21.71179465672182,-23.907976020771855,-27.12161369775555,-27.12161369776169,0.6423371334709856,0.6509562080655744,0.6535151287518851,0.6509562080655737,0.6423371334709597,0.062296565728397764,0.056789354697515025,0.05499460427154728,0.056789354697518925,0.062296565728423174
61.0000000000006,0.3,9.300000000000054,-23.8342314260087,-21.614632284072798,-20.914211120613402,-21.614632284072798,-23.834231426014526,-27.07796116034757,-27.077961160353652,0.6429054505106762,0.6516473189710396,0.6542464209343674,0.6516473189710376,0.6429054505106506,0.06387889372956045,0.05821183479821159,0.05636422402374894,0.05821183479821547,0.06387889372958595
61.500000000000604,0.3,9.45000000000005,-23.761561153535723,-21.518726731841127,-20.81063416568145,-21.51872673184269,-23.76156115353905,-27.033923080914462,-27.033923080920516,0.6434347399609813,0.6523003663617891,0.6549401873155649,0.6523003663617825,0.643434739960963,0.06547191225808337,0.05964205600697214,0.05774052202459212,0.05964205600697611,0.06547191225810921
62.00000000000061,0.3,9.600000000000048,-23.689852758093792,-21.424055676487512,-20.708298902143667,-21.424055676489274,-23.689852758102887,-26.989518904859295,-26.989518904865406,0.6439271032056514,0.6529171882639557,0.6555982126234808,0.6529171882639486,0.6439271032056166,0.06707405445543071,0.06107853946191708,0.05912204832856385,0.06107853946192149,0.06707405445545725
62.50000000000062,0.3,9.750000000000044,-23.619009978624547,-21.33059233333819,-20.607197192088364,-21.33059233333526,-23.619009978623495,-26.944766380189293,-26.94476638019532,0.6443843661408478,0.6534994210405313,0.6562220795898872,0.6534994210405372,0.6443843661408412,0.06868423128321606,0.06252023838995695,0.06050777315647206,0.06252023838996086,0.06868423128324257
63.000000000000625,0.3,9.900000000000041,-23.548950052521093,-21.238306852538244,-20.507318051856373,-21.238306852533924,-23.548950052522997,-26.89968178289982,-26.89968178290576,0.6448081660065813,0.654048567730693,0.6568132364121653,0.6540485677307025,0.6448081660065668,0.07030159776562855,0.06396632766489878,0.06189688832662982,0.06396632766490194,0.07030159776565446
63.50000000000063,0.3,10.050000000000038,-23.479601533340116,-21.14716747677187,-20.408647783128373,-21.14716747676465,-23.479601533337558,-26.854280106286353,-26.854280106292293,0.6451999927390841,0.6545660227491149,0.6573730262926358,0.6545660227491336,0.6451999927390815,0.07192546103703842,0.06541612704808838,0.06328873025764638,0.06541612704809113,0.07192546103706444
64.00000000000064,0.3,10.200000000000035,-23.410902495288553,-21.057141314898132,-20.311170197359445,-21.057141314887843,-23.410902495284887,-26.808575220662476,-26.808575220668303,0.6455612136353355,0.65505308359079,0.6579027040693646,0.6550530835908173,0.6455612136353366,0.07355523590547339,0.06686907294314823,0.06468274192742168,0.06686907294315028,0.0735552359054989
64.50000000000061,0.3,10.350000000000032,-23.342799044907736,-20.96819493119247,-20.21486688528381,-20.96819493119324,-23.342799044899863,-26.76258000856035,-26.762580008566005,0.645893090702025,0.6555109639358612,0.6584034476071947,0.6555109639358568,0.6458930907020377,0.07519041884410382,0.06832469079040246,0.06607844945011268,0.06832469079040399,0.07519041884412885
65.00000000000058,0.3,10.500000000000028,-23.275244083430863,-20.88029478857652,-20.119717506645458,-20.880294788580215,-23.275244083428902,-26.716306479531823,-26.716306479537423,0.6461967940887474,0.6559408038999399,0.6588763665186008,0.6559408038999279,0.6461967940887434,0.07683057042719986,0.06978257323390416,0.06747544543293499,0.06978257323390649,0.07683057042722448
65.50000000000055,0.3,10.650000000000025,-23.208196274919004,-20.79340757397611,-20.025700082245265,-20.793407573977703,-23.208196274922642,-26.669765867929527,-26.66976586793504,0.6464734130103788,0.6563436776984543,0.6593225092132422,0.6563436776984478,0.6464734130103597,0.07847530241782082,0.07124236536694882,0.06887337627258266,0.071242365366951,0.07847530241784546
66.00000000000053,0.3,10.800000000000022,-23.14161918365849,-20.70750043329315,-19.932791276485915,-20.707500433297184,-23.141619183660595,-26.622968716446053,-26.622968716451453,0.6467239648476044,0.6567205998073367,0.6597428687516927,0.6567205998073238,0.6467239648475892,0.08012426785702767,0.07270375424308295,0.07027193215167679,0.07270375424308541,0.08012426785705275
66.5000000000005,0.3,10.950000000000019,-23.07548055135507,-20.622541130035984,-19.840966662456196,-20.622541130035557,-23.075480551356634,-26.575924947708444,-26.575924947713872,0.646949402830951,0.6570725303041468,0.6601383877846154,0.6570725303041459,0.6469494028309376,0.08177715330101708,0.07416646081506303,0.07167083905724425,0.07416646081506578,0.0817771533010423
67.00000000000047,0.3,11.100000000000016,-23.00975168863829,-20.538498132513126,-19.75020096248258,-20.53849813251219,-23.00975168863718,-26.528643925817647,-26.528643925822962,0.6471506225889191,0.6574003815849274,0.660509962776532,0.6574003815849283,0.6471506225889129,0.08343367268302558,0.07563023009894844,0.07306985237481638,0.07563023009895135,0.08343367268305066
67.50000000000044,0.3,11.250000000000012,-22.944406964871007,-20.455340746777296,-19.660468269311792,-20.455340746774056,-22.94440696487021,-26.48113450941247,-26.481134509417757,0.6473284677568684,0.6577050217661056,0.6608584476367589,0.657705021766113,0.6473284677568614,0.08509356243737652,0.07709482471564148,0.07446875173084103,0.07709482471564427,0.0850935624374013
68.00000000000041,0.3,11.40000000000001,-22.879423379415982,-20.37303915222867,-19.571742246080134,-20.37303915223177,-22.879423379417887,-26.433405097611825,-26.433405097617054,0.6474837348103731,0.6579872745705119,0.66118465687058,0.6579872745705013,0.6474837348103586,0.08675657761616382,0.07856002935072448,0.07586733683149965,0.0785600293507275,0.08675657761618877
68.50000000000038,0.3,11.550000000000006,-22.814780198570787,-20.291564418421984,-19.483996300493374,-20.291564418426844,-22.81478019856985,-26.38546366992179,-26.385463669926935,0.6476171772595681,0.6582479229582463,0.6614893683503609,0.6582479229582304,0.6476171772595615,0.08842248879079,0.08002564807932432,0.07726542409922182,0.08002564807932837,0.08842248879081444
69.00000000000036,0.3,11.700000000000003,-22.75045864823187,-20.21088851272006,-19.397203736319256,-20.210888512732453,-22.750458648223116,-26.337317821019354,-26.337317821024385,0.6477295093068118,0.6584877127553507,0.661773325769146,0.658487712755314,0.6477295093068272,0.09009107957564033,0.0814914997562296,0.07866284394893466,0.08149149975623446,0.09009107957566387
69.50000000000033,0.3,11.85,-22.686441653208874,-20.13098429759242,-19.311337884047873,-20.130984297589094,-22.686441653208362,-26.28897479117981,-26.288974791184756,0.6478214090535139,0.6587073555100623,0.6620372408297853,0.6587073555100689,0.6478214090535066,0.09176214464558416,0.08295741495747302,0.08005943857812593,0.08295741495747846,0.09176214464560738
70.0000000000003,0.3,11.999999999999996,-22.622713615919025,-20.051825519853196,-19.226372212492436,-20.051825519854958,-22.622713615918656,-26.2404414929955,-26.24044149300036,0.6478935213257703,0.6589075308820991,0.662281795212514,0.6589075308820914,0.6478935213257626,0.09343548814577372,0.08442323394607655,0.08145506017007592,0.08442323394608134,0.09343548814579687
70.50000000000027,0.3,12.149999999999993,-22.55926022807222,-19.973386794362312,-19.142280423304157,-19.973386794370725,-22.55926022807043,-26.191724534927687,-26.19172453493246,0.6479464601771003,0.6590888887401477,0.6625076423550121,0.6590888887401216,0.6479464601770962,0.09511092241326277,0.08588880518358694,0.08284956942971937,0.08588880518359315,0.09511092241328584
71.00000000000024,0.3,12.29999999999999,-22.496068310140345,-19.895643583785443,-19.05903653016921,-19.89564358378425,-22.49606831013776,-26.14283024215149,-26.142830242156236,0.6479808111161015,0.6592520510457788,0.662715409072777,0.6592520510457788,0.6479808111161003,0.09678826694659562,0.08735398417372182,0.08424283438762488,0.08735398417372824,0.09678826694661843
71.50000000000021,0.3,12.449999999999987,-22.433125674370416,-19.8185721757674,-18.97661492431797,-19.818572175762455,-22.433125674367403,-26.09376467507974,-26.093764675084316,0.6479971330983796,0.6593976135633685,0.6629056970425232,0.6593976135633784,0.6479971330983789,0.09846734757268964,0.08881863253809044,0.08563472942035223,0.08881863253809653,0.09846734757271236
72.00000000000018,0.3,12.599999999999984,-22.370421007548998,-19.7421496586293,-18.894990428213816,-19.74214965862589,-22.370421007554654,-26.0445336458925,-26.044533645897104,0.6479959603161425,0.6595261474208711,0.663079084166204,0.6595261474208766,0.6479959603161181,0.10014799577077431,0.09028261726750424,0.087025134445658,0.09028261726751041,0.10014799577079754
72.50000000000016,0.3,12.74999999999998,-22.307943770586718,-19.666353896220215,-18.814138338733244,-19.666353896202537,-22.307943770596495,-25.995142733350804,-25.995142733355436,0.6479778038126942,0.6596382005405144,0.6632361258311317,0.6596382005405593,0.6479778038126582,0.10183004812141942,0.09174581011100108,0.08841393425920607,0.09174581011100576,0.1018300481214428
73.00000000000013,0.3,12.899999999999977,-22.24568411225721,-19.59116350242857,-18.734034461299814,-19.59116350242624,-22.245684112273608,-25.94559729612726,-25.94559729613215,0.6479431529451732,0.6597342989547018,0.6633773560782483,0.659734298954705,0.647943152945119,0.10351334585526323,0.09320808707454799,0.08980101798594983,0.09320808707455126,0.1035133458552883
73.5000000000001,0.3,13.049999999999974,-22.183632795070963,-19.51655781590921,-18.654655136129975,-19.516557815897983,-22.18363279508145,-25.89590248485581,-25.895902484860756,0.6478924767145945,0.6598149480194366,0.6635032886889856,0.6598149480194645,0.647892476714556,0.10519773448126922,0.09466932800768743,0.09118627862459286,0.0946693280076905,0.10519773448129582
74.00000000000007,0.3,13.19999999999997,-22.12178113128411,-19.44251687497257,-18.57597725781946,-19.44251687496228,-22.121781131288685,-25.8460632530672,-25.846063253072117,0.6478262249801063,0.6598806335370712,0.6636144181989344,0.6598806335370966,0.6478262249800836,0.1068830634784632,0.09612941626094008,0.09256961266773292,0.09612941626094236,0.10688306347848985
74.50000000000004,0.3,13.349999999999968,-22.060120927693106,-19.36902139325224,-18.4979782890517,-19.36902139324323,-22.060120927699614,-25.79608436715816,-25.796084367163132,0.6477448295708652,0.6599318227966086,0.6637112208460799,0.6599318227966311,0.6477448295708367,0.10856918603840836,0.09758823840025771,0.09395091978365742,0.09758823840025925,0.10856918603843557
75.00000000000001,0.3,13.499999999999964,-21.99864443779549,-19.29605273584275,-18.420636269556013,-19.29605273584275,-21.998644437798845,-25.745970415515018,-25.745970415519963,0.6476487053077271,0.6599689655408825,0.6637941554590369,0.6599689655408805,0.6476487053077074,0.11025595884828288,0.09904568396757703,0.09533010254845947,0.09904568396757782,0.11025595884831013
75.49999999999999,0.3,13.649999999999961,-21.937344320262667,-19.22359289631393,-18.343929820742744,-19.223592896309185,-21.937344320261474,-25.69572581689826,-25.69572581690315,0.6475382509447691,0.6599924948668039,0.6638636642914462,0.6599924948668145,0.6475382509447616,0.11194324190649006,0.1005016452786853,0.09670706621930124,0.1005016452786864,0.11194324190651697
75.99999999999996,0.3,13.799999999999958,-21.876213602811816,-19.151624474417446,-18.26783814699823,-19.151624474412642,-21.876213602821167,-25.64535482817763,-25.645354828182633,0.6474138500393063,0.6600028280654973,0.6639201738062411,0.6600028280655088,0.64741385003927,0.11363089836439347,0.10195601725136523,0.09808171854142654,0.101956017251366,0.11363089836442085
76.49999999999993,0.3,13.949999999999955,-21.81524565072948,-19.08013065462788,-18.192341033928017,-19.08013065463004,-21.815245650734738,-25.594861551496336,-25.594861551501197,0.647275871757793,0.6600003674074311,0.6639640954145383,0.6600003674074236,0.6472758717577677,0.11531879438907554,0.10340869725814693,0.09945396958290222,0.10340869725814789,0.11531879438910328
76.9999999999999,0.3,14.099999999999952,-21.754434139236082,-19.00909518553391,-18.117418844237193,-19.0090951855467,-21.754434139239095,-25.54424994092821,-25.544249940933014,0.6471246716245013,0.6599855008772938,0.6639958261721485,0.6599855008772569,0.6471246716244818,0.11700679904305186,0.10485958499913504,0.10082373159220523,0.10485958499913726,0.11700679904308012
77.49999999999987,0.3,14.249999999999948,-21.69377302930073,-18.938502359949126,-18.043052511591526,-18.93850235995319,-21.693773029299706,-25.49352380868774,-25.49352380869246,0.6469605922181453,0.6599586028631999,0.6640157494370557,0.659958602863187,0.6469605922181368,0.11869478417771478,0.10630858239124946,0.10219091887470481,0.10630858239125249,0.11869478417774304
77.99999999999984,0.3,14.399999999999945,-21.63325654630387,-18.868336995222563,-17.96922350647165,-18.86833699521722,-21.633256546307223,-25.442686830939266,-25.442686830943984,0.6467839638217028,0.6599200348053179,0.6640242363480696,0.6599200348053305,0.6467839638216819,0.12038262433792354,0.10775559347092233,0.10355544678548162,0.10775559347092456,0.12038262433795151
78.49999999999982,0.3,14.549999999999942,-21.57287916104329,-18.79858441031655,-17.895913780652393,-18.79858441032033,-21.572879161046103,-25.39174255324818,-25.391742553252897,0.6465951050300119,0.6598701458163991,0.6640216547141924,0.6598701458163871,0.6465951050299927,0.1220701966756942,0.10920052430771532,0.10491721771640047,0.109200524307717,0.12207019667572284
78.99999999999979,0.3,14.699999999999939,-21.512635572727532,-18.7292304103822,-17.82310590088116,-18.7292304103795,-21.512635572741374,-25.340694395707146,-25.34069439571195,0.6463943233189771,0.6598092732486054,0.6640083617986168,0.6598092732486109,0.6463943233189273,0.12375738087133155,0.11064328292689651,0.10627612632225306,0.11064328292689823,0.12375738087136162
79.49999999999976,0.3,14.849999999999936,-21.45252069418291,-18.660261273208278,-17.750782990297182,-18.660261273199694,-21.452520694200842,-25.28954565777238,-25.289545657777353,0.6461819155783335,0.6597377432241184,0.6639846954627848,0.6597377432241399,0.646181915578272,0.1254440590607059,0.11208377923992412,0.10763208430663304,0.11208377923992538,0.12544405906073808
79.99999999999973,0.3,14.999999999999932,-21.392529638728973,-18.59166373357249,-17.678928699472607,-18.591663733551457,-21.39252963874091,-25.238299522840066,-25.23829952284521,0.6459581686117393,0.6596558711424774,0.6639509790273587,0.6596558711425323,0.6459581686116941,0.12713011576765876,0.11352192498144048,0.10898501474327281,0.11352192498143966,0.1271301157676923
80.4999999999997,0.3,15.14999999999993,-21.332657708370903,-18.523424967678437,-17.607527190738523,-18.523424967662663,-21.332657708375166,-25.18695906258654,-25.186959062591626,0.6457233596072065,0.6595639621609897,0.6639075244697786,0.6595639621610311,0.645723359607181,0.12881543784070001,0.11495763365163447,0.11033484506270061,0.11495763365163202,0.1288154378407337
80.99999999999967,0.3,15.299999999999926,-21.272900383266773,-18.455532578126252,-17.536563124465943,-18.455532578107636,-21.272900383261714,-25.135527241093456,-25.13552724109843,0.6454777565798455,0.6594623116489547,0.6638546337307876,0.6594623116490038,0.6454777565798449,0.1304999143933366,0.11639082046313572,0.11168150453778096,0.11639082046313139,0.13049991439336991
81.49999999999964,0.3,15.449999999999923,-21.21325331207666,-18.387974579353767,-17.4660216458563,-18.387974579331512,-21.213253312061624,-25.08400691877611,-25.08400691878083,0.6452216187897025,0.6593512056176022,0.6637925993546242,0.659351205617662,0.645221618789729,0.13218343674749367,0.11782140229175939,0.11302492358288481,0.1178214022917533,0.13218343674752564
81.99999999999962,0.3,15.59999999999992,-21.153712303303138,-18.3207393836272,-17.39588837180142,-18.320739383611766,-21.153712303285545,-25.03240085612967,-25.032400856134103,0.644955197135918,0.6592309211271346,0.663721704922301,0.6592309211271765,0.644955197135952,0.13386589837959706,0.11924929763054737,0.11436503359883397,0.11924929763053997,0.1338658983796275
82.49999999999959,0.3,15.749999999999917,-21.09427331737436,-18.253815787586774,-17.326149377983455,-18.253815787570204,-21.094273317361797,-24.98071171730814,-24.980711717312374,0.6446787345293102,0.6591017266722977,0.6636422254167285,0.6591017266723435,0.6446787345293304,0.13554719486898203,0.12067442654665601,0.11570176696393947,0.12067442654664721,0.13554719486901157
82.99999999999956,0.3,15.899999999999913,-21.03493245932748,-18.1871929592879,-17.256791185984753,-18.187192959260642,-21.034932459309687,-24.92894207354763,-24.928942073551525,0.6443924662450412,0.6589638825479706,0.6635544275605113,0.6589638825480454,0.644392466245076,0.1372272238483367,0.12209671064072364,0.11703505705656318,0.12209671064071227,0.13722722384836514
83.49999999999953,0.3,16.049999999999912,-20.9756859706078,-18.120860425634476,-17.187800750546216,-18.120860425614012,-20.975685970604445,-24.877094406440705,-24.877094406444343,0.6440966202589031,0.6588176411962609,0.6634585701374842,0.6588176411963195,0.6440966202588998,0.13890588495024114,0.12351607300840517,0.11836483827841557,0.12351607300839124,0.13890588495026884
83.9999999999995,0.3,16.199999999999918,-20.916530166643497,-18.054808058459145,-17.1191654469377,-18.054808058439846,-20.91653016664597,-24.825171110667924,-24.825171110671505,0.643791419248285,0.6586632475408187,0.6633549043013252,0.6586632475408747,0.643791419248266,0.1405830778377425,0.12493243820379223,0.11969104607152366,0.12493243820377613,0.14058307783777071
84.49999999999947,0.3,16.349999999999923,-20.857461498597786,-17.989026060781555,-17.050873058090758,-17.9890260607593,-20.857461498603215,-24.773174496513064,-24.773174496516646,0.643477084248767,0.6585009393054281,0.6632436738731926,0.6585009393054928,0.64347708424874,0.1422586953216794,0.1263457322043121,0.1210136169282124,0.12634573220429418,0.142258695321708
84.99999999999945,0.3,16.49999999999993,-20.798476582239317,-17.92350495932908,-16.982911762335448,-17.92350495931811,-20.798476582247787,-24.721106793446182,-24.72110679344982,0.6431538281227646,0.6583309473017558,0.6631251156266078,0.6583309473017912,0.643153828122729,0.14393263214449617,0.12775588237721638,0.12233248839500666,0.12775588237719648,0.1439326321445257
85.49999999999942,0.3,16.649999999999935,-20.739572157601117,-17.858235595035865,-16.915270121639935,-17.85823559503271,-20.739572157607483,-24.668970153165503,-24.66897015316917,0.6428218541851426,0.6581534957088664,0.6629994595601609,0.6581534957088814,0.6428218541851128,0.1456047916318001,0.12916281744767577,0.1236475990716379,0.12916281744765631,0.14560479163183032
85.99999999999939,0.3,16.79999999999994,-20.68074507855647,-17.793209112765567,-16.84793707022959,-17.79320911276281,-20.680745078563234,-24.616766652337276,-24.616766652341,0.6424813584055292,0.6579688023420974,0.6628669291586728,0.6579688023421114,0.6424813584054979,0.14727508254552166,0.1305664674681877,0.12495888860621525,0.13056646746816847,0.14727508254555247
86.49999999999936,0.3,16.949999999999946,-20.621992306753555,-17.728416951300602,-16.78090190331892,-17.728416951301682,-20.62199230676549,-24.56449829519505,-24.56449829519886,0.6421325307124098,0.6577770789092977,0.6627277416438742,0.6577770789093019,0.6421325307123641,0.1489434165455308,0.1319667637891418,0.1262662976874161,0.13196676378912214,0.14894341654556226
86.99999999999933,0.3,17.09999999999995,-20.563310906903354,-17.66385083363471,-16.714154266224625,-17.663850833634314,-20.56331090691313,-24.512167016030475,-24.51216701603434,0.6417755555999846,0.6575785312550478,0.6625821082142432,0.6575785312550562,0.6417755555999448,0.1506097071867234,0.13336363903046017,0.12756976803439582,0.13336363903044002,0.15060970718675556
87.4999999999993,0.3,17.249999999999957,-20.504698042638836,-17.599502757548237,-16.647684143601168,-17.599502757548862,-20.50469804265242,-24.45977468158793,-24.459774681591824,0.6414106124587686,0.6573733595935608,0.6624302342750795,0.6573733595935664,0.6414106124587183,0.15227386958832353,0.13475702705423098,0.12886924238498776,0.13475702705421033,0.1522738695883566
87.99999999999928,0.3,17.399999999999963,-20.446150972792026,-17.535364986590196,-16.58148184900182,-17.53536498658667,-20.446150972799444,-24.407323093371275,-24.407323093375282,0.6410378758079127,0.6571617587305387,0.6622723196586469,0.6571617587305554,0.6410378758078776,0.15393582033404096,0.13614686293826636,0.13016466448262484,0.13614686293824538,0.15393582033407452
88.49999999999925,0.3,17.54999999999997,-20.3876670478636,-17.471430041318087,-16.515538014720562,-17.47143004131351,-20.387667047864028,-24.35481398986815,-24.354813989872184,0.6406575154918371,0.6569439182749507,0.6621085588349056,0.6569439182749712,0.6406575154918208,0.15559547744307714,0.13753308295052893,0.1314559790623567,0.1375330829505073,0.15559547744311092
88.99999999999922,0.3,17.699999999999974,-20.329243706439343,-17.40769067502484,-16.449843581199048,-17.40769067501924,-20.329243706438263,-24.30224904869368,-24.30224904869766,0.6402696968622019,0.656720023286623,0.6619391411150729,0.6567200232866465,0.6402696968621893,0.15725276035947044,0.13891562414413378,0.13274313183623204,0.1389156241441117,0.157252760359504
89.49999999999919,0.3,17.84999999999998,-20.27087846763871,-17.344139788632816,-16.384389778290597,-17.344139788640405,-20.27087846762859,-24.24962988862569,-24.249629888629528,0.6398745809618964,0.6564902632759323,0.6617642508685635,0.6564902632759205,0.6398745809619081,0.15890758994349322,0.14029441223638944,0.1340260694780034,0.14029441223636754,0.15890758994352608
89.99999999999916,0.3,17.999999999999986,-20.212568928547256,-17.28077057885278,-16.31916811656106,-17.280770578849996,-20.2125689285443,-24.196958071527206,-24.196958071530986,0.6394723246899984,0.6562548284583033,0.6615840677063971,0.6562548284583188,0.639472324689991,0.16055988846050032,0.14166935840493983,0.13530473960696743,0.14166935840491768,0.16055988846053273
90.49999999999913,0.3,18.14999999999999,-20.154312766103004,-17.217576504051124,-16.25417038742171,-17.217576504048935,-20.154312766109683,-24.144235104263316,-24.144235104267125,0.6390630809495316,0.656013894867983,0.6613987666342602,0.6560138948679972,0.6390630809494987,0.16220957956708523,0.1430403898797537,0.13657909077223676,0.1430403898797313,0.16220957956711818
90.9999999999991,0.3,18.299999999999997,-20.09610773527416,-17.154551248405,-16.18938865608419,-17.154551248401617,-20.096107735284647,-24.091462440581353,-24.09146244058519,0.6386469987994063,0.6557676289287688,0.6612085182172904,0.6557676289287869,0.6386469987993638,0.16385658829474647,0.14440744763790647,0.13784907243745964,0.14440744763788402,0.16385658829477978
91.49999999999908,0.3,18.450000000000003,-20.037951666664185,-17.09168870987469,-16.124815253333338,-17.091688709863092,-20.037951666676378,-24.038641482933286,-24.038641482937294,0.6382242236025769,0.6555161915239147,0.661013488741373,0.655516191523954,0.6382242236025292,0.16550084103140178,0.14577047766875983,0.13911463496572044,0.14577047766873621,0.1655008410314366
91.99999999999905,0.3,18.60000000000001,-19.979842464024102,-17.028982991763314,-16.060442767107077,-17.02898299176934,-19.97984246404343,-23.985773584237876,-23.985773584242082,0.6377948971692987,0.6552597394412022,0.6608138403687067,0.6552597394411952,0.6377948971692318,0.16714226550122777,0.14712942758527325,0.14037572960462488,0.147129427585249,0.1671422655012645
92.49999999999902,0.3,18.750000000000014,-19.921778101808627,-16.966428395492585,-15.996264034222634,-16.96642839550003,-19.921778101827698,-23.932860049583184,-23.93286004958756,0.6373591578952512,0.6549984258539508,0.6606097312870525,0.6549984258539406,0.6373591578951842,0.1687807907432497,0.14848424567731747,0.14163230847161337,0.1484842456772942,0.16878079074328825
92.99999999999899,0.3,18.90000000000002,-19.863756622796473,-16.90401941385005,-15.932272132347975,-16.904019413855963,-19.863756622818897,-23.879902137871028,-23.879902137875632,0.6369171408946173,0.6547324005147431,0.660401315852701,0.6547324005147368,0.6369171408945408,0.1704163470890383,0.1498348807181004,0.1428843245395239,0.14983488071807763,0.17041634708907888
93.49999999999896,0.3,19.050000000000026,-19.805776135851374,-16.841750724672124,-15.868460372177822,-16.841750724683322,-19.805776135862033,-23.826901063407064,-23.826901063411924,0.6364689781280626,0.6544618098692815,0.6601887447275336,0.6544618098692611,0.6364689781280161,0.1720488661398049,0.151181281973648,0.14413173162243953,0.1511812819736261,0.17204886613984757
93.99999999999893,0.3,19.20000000000003,-19.747834813714746,-16.779617184413837,-15.804822270466104,-16.779617184419692,-19.74783481372137,-23.77385799743635,-23.773857997441354,0.6360147985260617,0.6541867971510291,0.659972165894703,0.6541867971510221,0.6360147985260242,0.17367828074312094,0.15252339925621614,0.1453744835912832,0.15252339925619507,0.17367828074316405
94.4999999999989,0.3,19.350000000000037,-19.689930890732512,-16.717613817100755,-15.74135145815086,-16.71761381709962,-19.689930890736633,-23.720774069626742,-23.720774069631688,0.6355547281079785,0.6539075024842277,0.6597517387696304,0.6539075024842389,0.6355547281079476,0.17530452496943838,0.15386118297842674,0.1466125148126579,0.15386118297840568,0.17530452496948187
94.99999999999888,0.3,19.500000000000043,-19.63206266045097,-16.655735809310556,-15.67804184997675,-16.65573580930993,-19.632062660451908,-23.667650369497466,-23.66765036950241,0.635088890097249,0.653624062971681,0.6595276239337352,0.6536240629716907,0.6350888900972256,0.1769275340885419,0.155194584197905,0.14784574216408758,0.15519458419788298,0.17692753408858594
95.49999999999885,0.3,19.65000000000005,-19.574228473701396,-16.59397850992434,-15.614887605340186,-16.59397850991337,-19.574228473689573,-23.614487947798352,-23.61448794780327,0.6346174050312295,0.6533366127707336,0.6592999636723548,0.6533366127707707,0.6346174050312393,0.17854724454604792,0.15652355465204312,0.14907410816308003,0.1565235546520209,0.17854724454609136
95.99999999999882,0.3,19.800000000000054,-19.51642673687175,-16.53233742594938,-15.551883090978606,-16.532337425949834,-19.5164267368676,-23.561287817844317,-23.56128781784909,0.634140390866661,0.6530452831794524,0.6590688906648361,0.6530452831794598,0.6341403908666509,0.18016359394006634,0.15784804678402753,0.15029757211994346,0.15784804678400496,0.18016359394010886
96.49999999999879,0.3,19.95000000000006,-19.45865591032421,-16.470808217771207,-15.489022869007272,-16.470808217761373,-19.458655910326087,-23.508050956807892,-23.508050956812525,0.6336579630809923,0.6527502027238828,0.658834533219133,0.6527502027239173,0.6336579630809663,0.18177652099810623,0.1591680137614525,0.15151609818200143,0.15916801376142986,0.18177652099814898
96.99999999999876,0.3,20.100000000000065,-19.40091450678611,-16.409386694272882,-15.426301688875753,-16.40938669426339,-19.400914506796852,-23.454778306971207,-23.45477830697584,0.6331702347701735,0.65245149724481,0.658597016824773,0.652451497244844,0.6331702347701242,0.1833859655542748,0.16048340948891543,0.15272965145072295,0.16048340948889134,0.18338596555431935
97.49999999999874,0.3,20.25000000000007,-19.343201089848236,-16.348068808161145,-15.36371448036573,-16.34806880813892,-19.343201089835503,-23.401470776939163,-23.401470776943768,0.6326773167427223,0.6521492899827722,0.6583564645660677,0.6521492899828396,0.6326773167427333,0.18499186852681504,0.161794188615757,0.1539381970611887,0.16179418861573114,0.18499186852685953
97.9999999999987,0.3,20.400000000000077,-19.285514272417572,-16.286850651266718,-15.301256347266758,-16.286850651252166,-19.285514272406402,-23.34812924281337,-23.34812924281772,0.6321793176105993,0.6518437016616561,0.658112997233271,0.6518437016617046,0.6321793176106061,0.18659417189600264,0.16310030653992688,0.15514170006934808,0.16310030653989946,0.18659417189604524
98.49999999999868,0.3,20.550000000000082,-19.22785271536017,-16.22572845014747,-15.238922561494064,-16.225728450125132,-19.227852715351503,-23.29475454932947,-23.294754549333703,0.6316763438764301,0.6515348505698113,0.6578667333621718,0.6515348505698805,0.6316763438764309,0.18819281868243923,0.16440171940875625,0.15634012553024004,0.16440171940872716,0.18819281868248086
98.99999999999865,0.3,20.700000000000088,-19.1702151259924,-16.164698561700845,-15.176708557405789,-16.164698561663897,-19.170215125985436,-23.241347510958775,-23.241347510962754,0.6311685000180851,0.6512228526392944,0.6576177892623012,0.6512228526394024,0.631168500018082,0.1897877529257468,0.16569838411728066,0.15753343860547805,0.16569838411724794,0.18978775292578767
99.49999999999862,0.3,20.850000000000094,-19.11260025678814,-16.103757468960794,-15.114609926457263,-16.10375746892919,-19.112600256769838,-23.187908912973995,-23.187908912977747,0.6306558885698023,0.6509078215226931,0.6573662790474867,0.6509078215227887,0.6306558885698285,0.19137891966367895,0.1669902583046247,0.15872160466100416,0.16699025830458816,0.1913789196637187
99.9999999999986,0.3,21.0000000000001,-19.05500690397139,-16.042901777108398,-15.052622412095275,-16.042901777085035,-19.05500690394493,-23.13443951248155,-23.134439512484903,0.6301386102008226,0.650589868667386,0.6571123146713127,0.6505898686674616,0.6301386102008708,0.19296626491165259,0.16827730034887547,0.15990458934810925,0.1682773003488371,0.19296626491168975
100.49999999999856,0.3,21.150000000000105,-18.99743390628049,-15.98212820952972,-14.990741904808147,-15.98212820950613,-18.997433906243117,-23.080940039421108,-23.080940039424007,0.6296167637909253,0.6502691033876347,0.6568560059671733,0.6502691033877124,0.629616763791003,0.19454973564270814,0.16955946936078506,0.1610823586685426,0.16955946936074434,0.19454973564274208
100.99999999999854,0.3,21.30000000000011,-18.9398801436526,-15.92143360401468,-14.92896443743507,-15.92143360399865,-18.939880143614005,-23.027411197532416,-23.02741119753466,0.6290904465036108,0.6499456329342567,0.65659746069156,0.6499456329343157,0.629090446503693,0.19612927976789346,0.17083672517656293,0.16225487902611097,0.17083672517652057,0.19612927976792272
101.49999999999851,0.3,21.450000000000117,-18.8823445360631,-15.860814909143414,-14.867286180620738,-15.86081490912187,-18.882344536010578,-22.973853665291557,-22.97385366529329,0.6285597538564448,0.6496195625617606,0.6563367845698627,0.6496195625618345,0.6285597538565638,0.19770484611707595,0.1721090283499935,0.1634221172671936,0.17210902834994943,0.19770484611710104
101.99999999999848,0.3,21.600000000000122,-18.824826042278005,-15.80026918072349,-14.805703438401679,-15.800269180703765,-18.82482604222156,-22.92026809681778,-22.920268096818745,0.6280247797892782,0.6492909955933236,0.6560740813438407,0.649290995593394,0.628024779789409,0.19927638442017867,0.17337634014404976,0.16458404071222807,0.17337634014400338,0.19927638442019804
102.49999999999845,0.3,21.750000000000128,-18.767323658761825,-15.739793578443766,-14.744212644012123,-15.739793578416482,-18.767323658721352,-22.866655122749904,-22.86665512275019,0.6274856167298183,0.6489600334832103,0.6558094528198354,0.6489600334833012,0.6274856167299112,0.20084384528883123,0.17463862252215126,0.16574061717990185,0.17463862252210233,0.200843845288846
102.99999999999842,0.3,21.900000000000134,-18.709836418550708,-15.679385362523874,-14.68281035578866,-15.679385362501023,-18.709836418506086,-22.813015351095686,-22.8130153510954,0.6269423556571355,0.6486267758772352,0.6555429989174625,0.6486267758773163,0.6269423556572408,0.20240718019844334,0.17589583813918303,0.16689181500543848,0.1758958381391314,0.20240718019845436
103.4999999999984,0.3,22.05000000000014,-18.6523633901526,-15.61904189061056,-14.621493253244637,-15.619041890590552,-18.652363390110338,-22.759349368053932,-22.759349368052966,0.6263950861630149,0.6482913206706828,0.6552748177181683,0.6482913206707576,0.6263950861631162,0.20396634147068368,0.17714795033236239,0.16803760305412443,0.17714795033230896,0.20396634147068965
103.99999999999837,0.3,22.200000000000145,-18.594903676502497,-15.558760611624564,-14.560258133144316,-15.55876061159762,-18.594903676466544,-22.70565773880915,-22.705657738807787,0.6258438965111849,0.6479537641495595,0.6550050055137138,0.6479537641496529,0.625843896511272,0.2055212822563583,0.17839492306100949,0.16917795073099695,0.1783949230609533,0.20552128225636082
104.49999999999834,0.3,22.35000000000015,-18.537456410436363,-15.498538964109969,-14.499101898802962,-15.498538964090415,-18.537456410412744,-22.651941008280744,-22.65194100827904,0.6252888737032997,0.6476142112402576,0.6547336568715214,0.6476142112403336,0.6252888737033575,0.207071956518626,0.179636710108664,0.17031282798731615,0.17963671010860546,0.207071956518626
104.99999999999831,0.3,22.500000000000156,-18.48002070175042,-15.438374487683404,-14.43802154901897,-15.438374487657313,-18.480020701718388,-22.59819970152074,-22.598199701518695,0.6247301051909715,0.6472727814765418,0.6544608647006849,0.647272781476636,0.6247301051910515,0.20861831770116765,0.18087323554003956,0.1714422053237301,0.18087323553997836,0.20861831770116485
105.49999999999828,0.3,22.650000000000162,-18.42259562539948,-15.378264872562966,-14.377014186376584,-15.378264872533066,-18.42259562535895,-22.544434323190984,-22.54443432318837,0.6241676896283125,0.646929576978231,0.6541867202681698,0.6469295769783361,0.624167689628416,0.21016030520870743,0.18210444085648664,0.17256605379160128,0.18210444085642294,0.21016030520870008
105.99999999999825,0.3,22.800000000000168,-18.365180380742288,-15.318207904025599,-14.316077017542398,-15.318207903988196,-18.365180380706647,-22.49064535899521,-22.490645358992168,0.6236017239306526,0.6465846872816087,0.6539113132342407,0.646584687281735,0.6236017239307459,0.21169785286198287,0.18333029109499965,0.17368434499342553,0.18333029109493215,0.21169785286197199
106.49999999999822,0.3,22.950000000000173,-18.307774220537965,-15.258201454107052,-14.255207350942214,-15.25820145408062,-18.30777422050886,-22.436833277068246,-22.436833277064864,0.6230322942123664,0.6462381976681157,0.6536347316935384,0.646238197668215,0.6230322942124448,0.21323090931623326,0.18455075912445745,0.17479705108214855,0.1845507591243863,0.21323090931621946
106.9999999999982,0.3,23.10000000000018,-18.250376434273704,-15.198243476002915,-14.19440255466111,-15.198243475994502,-18.250376434265405,-22.382998528801068,-22.382998528797543,0.6224594813006487,0.6458901918155815,0.653357065875238,0.6458901918156364,0.6224594813006769,0.2147594327418848,0.18576581939718376,0.17590414154554648,0.1857658193971116,0.2147594327418691
107.49999999999817,0.3,23.250000000000185,-18.192986342864685,-15.13833199396214,-14.133659991319576,-15.138331993958786,-18.192986342853402,-22.329141549540765,-22.3291415495371,0.6218833639547565,0.6455407524754978,0.6530784317821036,0.6455407524755407,0.621883363954793,0.21628338468427527,0.18697544633674631,0.17700554853448683,0.18697544633667357,0.2162833846842585
107.99999999999814,0.3,23.40000000000019,-18.13560329572499,-15.078465103167446,-14.072977214529487,-15.07846510316324,-18.135603295730107,-22.27526275922949,-22.27526275922594,0.6213040199657871,0.64518996158677,0.6527989361837905,0.6451899615868153,0.6213040199657831,0.21780272772169978,0.1881796140632464,0.17810119907219027,0.18817961406317335,0.21780272772168274
108.49999999999811,0.3,23.550000000000196,-18.07822666929229,-15.018640971650314,-14.012351900841963,-15.018640971652701,-18.07822666930292,-22.22136256300709,-22.22136256300365,0.6207215264803739,0.6448379002542803,0.6525186630583226,0.6448379002543099,0.6207215264803563,0.21931742478793925,0.18937829645124185,0.17919105901504986,0.18937829645116805,0.2193174247879225
108.99999999999808,0.3,23.700000000000202,-18.020855865907606,-14.958857838630365,-13.95178182415549,-14.958857838633833,-18.020855865922954,-22.167441351787204,-22.167441351784134,0.6201359600838953,0.6444846487137671,0.6522376889462823,0.6444846487137941,0.6201359600838657,0.22082743903516866,0.1905714672509828,0.18027511003968819,0.1905714672509092,0.22082743903515373
109.49999999999805,0.3,23.850000000000207,-17.96349031293005,-14.89911401224947,-13.891264847930984,-14.899114012243217,-17.963490312941502,-22.113499502813,-22.113499502810186,0.6195473968162886,0.6441302863019079,0.6519560883610823,0.64413028630196,0.619547396816268,0.2223327338507664,0.1917591002057656,0.18135333687479496,0.19175910020569079,0.22233273385075225
109.99999999999802,0.3,24.000000000000213,-17.906129461947188,-14.839407867341038,-13.830798920436848,-14.839407867330522,-17.906129461955686,-22.05953738019261,-22.059537380189994,0.6189559121731719,0.6437748914350568,0.6516739350539036,0.6437748914351202,0.6189559121731588,0.2238332729087779,0.19294116915147402,0.1824257240490924,0.19294116915139842,0.22383327290876423
110.499999999998,0.3,24.15000000000022,-17.848772788095033,-14.779737843174019,-13.770382070913342,-14.779737843166345,-17.848772788099836,-22.00555533541697,-22.005555335414556,0.6183615811070716,0.6434185415965803,0.6513913022213388,0.6434185415966371,0.6183615811070667,0.2253290202217688,0.19411764809779902,0.18349225532829275,0.19411764809772197,0.225329020221756
110.99999999999797,0.3,24.300000000000225,-17.79141978935084,-14.720102441297342,-13.710012406372016,-14.720102441280687,-17.79141978933771,-21.95155370786128,-21.951553707858807,0.6177644780325934,0.6430613133311351,0.6511082624731894,0.6430613133312159,0.617764478032634,0.22681994018456073,0.19528851129354205,0.1845529137810708,0.1952885112934632,0.22681994018454657
111.49999999999794,0.3,24.45000000000023,-17.7340699859177,-14.660500223413749,-13.649688108518319,-14.660500223395331,-17.734069985907297,-21.897532825269423,-21.89753282526678,0.6171646768354968,0.6427032822446903,0.6508248877605383,0.6427032822447765,0.617164676835531,0.22830599760885217,0.19645373327874482,0.18560768196081423,0.19645373327866394,0.22830599760883646
111.99999999999791,0.3,24.600000000000236,-17.6767229196698,-14.600929809425224,-13.589407430992537,-14.600929809390493,-17.676722919648284,-21.843493004223916,-21.84349300422116,0.6165622508851285,0.6423445230087238,0.6505412493088417,0.6423445230088529,0.6165622508851912,0.22978715774973296,0.19761328892605007,0.18665654208407217,0.1976132889259657,0.2297871577497154
112.49999999999788,0.3,24.75000000000024,-17.619378153505437,-14.541389875420293,-13.529168696869704,-14.541389875397499,-17.61937815348358,-21.78943455060073,-21.78943455059769,0.6159572730498827,0.6419851093681787,0.6502574175643021,0.6419851093682787,0.6159572730499464,0.2312633863254179,0.19876715347331086,0.18769947618251548,0.1987671534732232,0.23126338632539817
112.99999999999785,0.3,24.900000000000247,-17.562035270876265,-14.48187915191977,-13.46897029618782,-14.481879151897147,-17.56203527086322,-21.735357760009464,-21.735357760006366,0.6153498157143431,0.6416251141515575,0.6499734621536704,0.6416251141516583,0.6153498157143868,0.23273464953146972,0.19991530254910675,0.1887364662275759,0.19991530254901765,0.23273464953144832
113.49999999999783,0.3,25.050000000000253,-17.5046938752115,-14.42239642200991,-13.408810683707372,-14.422396421990186,-17.504693875190554,-21.681262918220995,-21.68126291821767,0.6147399507982549,0.6412646092834351,0.6496894518548859,0.6412646092835298,0.6147399507983193,0.23420091405057117,0.2010577121925073,0.18976749423148767,0.20105771219241578,0.2342009140505477
113.9999999999978,0.3,25.20000000000026,-17.447353589381294,-14.362940519683264,-13.348688376762254,-14.362940519674169,-17.44735358936805,-21.62715030158003,-21.627150301576535,0.6141277497764943,0.6409036657980381,0.6494054545767807,0.6409036657981071,0.6141277497765405,0.23566214705872618,0.20219435886817375,0.19079254232883963,0.20219435886808065,0.23566214705870125
114.49999999999777,0.3,25.350000000000264,-17.390014055229443,-14.303510328207665,-13.288601953232728,-14.30351032819567,-17.390014055224754,-21.573020177405738,-21.573020177402128,0.6135132836996031,0.6405423538539184,0.6491215373459635,0.640542353853996,0.6135132836996292,0.23711831622860824,0.20332521947770577,0.19181159284222463,0.20332521947761165,0.23711831622858237
114.99999999999774,0.3,25.50000000000027,-17.332674933108365,-14.24410477851228,-13.228550049546016,-14.244104778498581,-17.33267493311746,-21.51887280437998,-21.518872804376485,0.61289662321474,0.6401807427493932,0.6488377662996148,0.6401807427494761,0.6128966232147324,0.23856938973063585,0.20445027136794308,0.19282462833496744,0.2044502713678475,0.23856938973061068
115.49999999999771,0.3,25.650000000000276,-17.27533590136929,-14.184722847703199,-13.168531358835821,-14.184722847695355,-17.27533590135093,-21.464708432923146,-21.46470843291968,0.6122778385869242,0.639818900938185,0.6485542066826274,0.6398189009382542,0.6122778385869849,0.24001533623225402,0.2055694923368177,0.19383163165336237,0.2055694923367204,0.24001533623222698
115.99999999999768,0.3,25.80000000000028,-17.217996655879773,-14.125363557612559,-13.108544629153243,-14.1253635575992,-17.217996655858116,-21.410527305557764,-21.410527305554012,0.6116569997201955,0.6394568960452851,0.6482709228483802,0.6394568960453694,0.6116569997202651,0.2414561248957777,0.20668286063723848,0.1948325859603998,0.2066828606371394,0.2414561248957475
116.49999999999766,0.3,25.950000000000287,-17.16065690953269,-14.066025966515156,-13.048588661503402,-14.066025966495374,-17.16065690950589,-21.35632965726043,-21.356329657256367,0.6110341761786188,0.6390947953016012,0.6479879782628843,0.6390947953017025,0.6110341761787027,0.2428917253751395,0.20779035473062177,0.19582747476259874,0.20779035473052027,0.24289172537510675
116.99999999999763,0.3,26.100000000000293,-17.103316387229995,-14.006709053934571,-12.988662298950203,-14.006709053921327,-17.10331638719697,-21.30211571577368,-21.302115715769276,0.6104094372178781,0.638732686020947,0.64770543553342,0.6387326860210331,0.6104094372179792,0.24432210781166672,0.20889193247379176,0.1968162819310406,0.20889193247368873,0.2443221078116306
117.4999999999976,0.3,26.2500000000003,-17.0459748226329,-13.94741187856215,-12.92876441930781,-13.947411878557602,-17.045974822617495,-21.24788570183202,-21.247885701827357,0.6097828518124362,0.6383706704462029,0.6474233564303908,0.6383706704462676,0.609782851812496,0.2457472428287039,0.20998751682780697,0.19779899171696408,0.20998751682770317,0.24574724282866503
117.99999999999757,0.3,26.400000000000304,-16.988631964586375,-13.888133605704866,-12.868893897699252,-13.888133605698442,-16.98863196457853,-21.19363982943969,-21.19363982943497,0.6091544886589378,0.6380088217187138,0.6471418095524195,0.6380088217187839,0.6091544886589801,0.24716710152594804,0.21107706542523058,0.19877558227753203,0.21107706542512625,0.24716710152590776
118.49999999999754,0.3,26.55000000000031,-16.931287578160152,-13.828873445245392,-12.809049558213417,-13.828873445240447,-16.931287578158106,-21.13937830618997,-21.13937830618525,0.6085244161918397,0.6376471998050198,0.6468609020904993,0.6376471998050874,0.6085244161918689,0.2485816554737981,0.21216056247833523,0.19974597774130864,0.2121605624782305,0.2485816554737582
118.99999999999751,0.3,26.700000000000315,-16.873941444258662,-13.76963064579229,-12.74923037767752,-13.769630645787231,-16.873941444266563,-21.085101333578933,-21.085101333574414,0.607892702601844,0.6372858617272403,0.6465807179656857,0.6372858617273089,0.6078927026018481,0.24999087670749096,0.21323799871514498,0.20071011149950624,0.2132379987150395,0.24999087670745196
119.49999999999748,0.3,26.85000000000032,-16.81659335938042,-13.710404495479224,-12.689435411690738,-13.710404495470755,-16.816593359393494,-21.03080910730978,-21.03080910730546,0.6072594158533279,0.6369248641373142,0.6463013133481293,0.6369248641373911,0.6072594158533198,0.25139473772105714,0.21430936528253805,0.20166796684249957,0.21430936528243244,0.2513947377210188
119.99999999999746,0.3,27.000000000000327,-16.75924313526582,-13.651194320509319,-12.629663772346305,-13.651194320507386,-16.759243135274005,-20.976501817588883,-20.976501817584875,0.606624623701372,0.6365642638020248,0.6460227379753164,0.6365642638020861,0.6066246237013744,0.2527932114611896,0.21537465247842563,0.20261954222970702,0.21537465247831913,0.2527932114611535
120.49999999999743,0.3,27.150000000000333,-16.70189059249418,-13.591999483501866,-12.569914621682756,-13.591999483510051,-16.7018905924989,-20.922179649394735,-20.922179649390813,0.60598839386309,0.636204117595107,0.6457450408033388,0.6362041175951437,0.6059883938631015,0.2541862712422774,0.21643384967858822,0.20356483772815964,0.21643384967848212,0.25418627124224125
120.9999999999974,0.3,27.300000000000338,-16.644535452061746,-13.532819377703333,-12.510187167620472,-13.532819377718567,-16.644535452070556,-20.867842781855472,-20.867842781851834,0.60535080597942,0.6358444824031337,0.6454682710631825,0.6358444824031525,0.6053508059794215,0.2555738813622787,0.21748694551311618,0.20450385218527803,0.2174869455130111,0.25557388136224374
121.49999999999737,0.3,27.450000000000344,-16.587177490139197,-13.473653422906693,-12.450480660208768,-13.473653422922496,-16.58717749015142,-20.81349138782761,-20.8134913878242,0.6047119550430774,0.6354854150241641,0.6451924783075287,0.6354854150241811,0.6047119550430705,0.25695598285502264,0.21853392806665795,0.20543658295351722,0.21853392806655483,0.25695598285498766
121.99999999999734,0.3,27.60000000000035,-16.52981656650553,-13.4145010708109,-12.390794389067707,-13.414501070828976,-16.529816566513432,-20.75912563541243,-20.759125635409163,0.6040719187851437,0.6351269720590705,0.6449177122654152,0.6351269720590813,0.6040719187851472,0.25833253032618925,0.21957478505479172,0.2063630261240577,0.21957478505469052,0.25833253032615494
122.49999999999731,0.3,27.750000000000355,-16.47245256882104,-13.355361805682378,-12.331127681604642,-13.35536180570017,-16.47245256883116,-20.704745688609677,-20.70474568860658,0.6034307636318972,0.6347692098314589,0.6446440226834256,0.6347692098314694,0.6034307636318951,0.2597034971704668,0.22060950397057247,0.20728317681818062,0.22060950397047258,0.25970349717043256
122.99999999999729,0.3,27.90000000000036,-16.41508540300549,-13.296235143421484,-12.27147990162382,-13.296235143425292,-16.415085403016008,-20.65035170766896,-20.650351707666175,0.6027885529064356,0.6344121843265461,0.6443714591883852,0.6344121843265912,0.6027885529064322,0.2610688635710322,0.22163807220403206,0.20819702944576707,0.22163807220393286,0.2610688635709991
123.49999999999726,0.3,28.050000000000367,-16.35771498982109,-13.237120630469917,-12.211850447957431,-13.237120630466677,-16.357714989826206,-20.595943849365455,-20.595943849362612,0.6021453495504021,0.6340559511429182,0.644100071175353,0.6340559511429807,0.6021453495504112,0.26242861117825456,0.22266047713905449,0.20910457791937923,0.22266047713895515,0.2624286111782216
123.99999999999723,0.3,28.200000000000372,-16.30034126331219,-13.178017842652537,-12.152238753334757,-13.178017842658733,-16.3003412633131,-20.541522267240055,-20.54152226723727,0.6015012168315232,0.6337005654546293,0.6438299077171371,0.6337005654546681,0.6015012168315417,0.263782721587406,0.22367670623171246,0.210005815828425,0.22367670623161343,0.263782721587374
124.4999999999972,0.3,28.350000000000378,-16.242964169747665,-13.118926384049473,-12.092644283240475,-13.118926384046745,-16.242964169741015,-20.487087111821438,-20.487087111818653,0.6008562184628914,0.6333460819814668,0.6435610174920923,0.6333460819815276,0.6008562184629286,0.2651311760324222,0.22468674707352268,0.2109007365801446,0.22468674707342412,0.2651311760323889
124.99999999999717,0.3,28.500000000000384,-16.185583666872503,-13.059845885898994,-12.033066534837928,-13.05984588588791,-16.185583666885805,-20.43263853083161,-20.432638530828825,0.6002104185679815,0.6329925549658093,0.6432934487265857,0.6329925549658915,0.6002104185679709,0.2664739554118142,0.22569058744243684,0.2117893335135563,0.2256905874423371,0.26647395541178104
125.49999999999714,0.3,28.65000000000039,-16.128199723443117,-13.000776005567104,-11.9735050359414,-13.000776005560738,-16.12819972344687,-20.378176669380736,-20.378176669378064,0.5995638816143833,0.6326400381546807,0.643027249149349,0.632640038154751,0.5995638816143954,0.26781104038812553,0.22668821534387587,0.2126715999914763,0.22668821534377542,0.26781104038809345
125.99999999999712,0.3,28.800000000000395,-16.070812318622473,-12.941716425632592,-11.913959344056195,-12.941716425632762,-16.070812318624917,-20.32370167015233,-20.323701670149717,0.5989166723499555,0.6322885847858369,0.6427624659553651,0.632288584785891,0.5989166723499706,0.2691424114905518,0.2276796190436875,0.21354752947479808,0.22767961904358722,0.26914241149052026
126.49999999999709,0.3,28.9500000000004,-16.01342144172014,-12.882666852917907,-11.854429045439076,-12.88266685292217,-16.013421441726734,-20.269213673579543,-20.269213673576957,0.5982688557474761,0.6319382475774432,0.6424991457775251,0.6319382475774883,0.5982688557474825,0.27046804920400075,0.2286647870945407,0.2144171155824017,0.22866478709444116,0.2704680492039683
126.99999999999706,0.3,29.100000000000406,-15.95602709182242,-12.823627017642934,-11.794913754167908,-12.823627017642139,-15.956027091832993,-20.21471281801493,-20.21471281801246,0.5976204969592485,0.631589078720212,0.642237334664571,0.6315890787202686,0.5976204969592448,0.27178793404258134,0.2296437083569931,0.21528035213944396,0.22964370835689418,0.27178793404254903
127.49999999999703,0.3,29.250000000000412,-15.89862927619481,-12.764596618663802,-11.73541308221877,-12.76459661866545,-15.898629276216127,-20.160199239887277,-20.160199239885145,0.596971661282956,0.6312411393027704,0.641977083622539,0.6312411393028213,0.5969716612829257,0.27310204660912885,0.23061636496651358,0.21613722928039025,0.23061636496641455,0.2731020466090991
127.999999999997,0.3,29.400000000000418,-15.84122800270842,-12.705575269940766,-11.675926521278996,-12.705575269950316,-15.841228002727917,-20.10567307377994,-20.10567307377815,0.5963224141484641,0.6308945339208663,0.6417184963637318,0.6308945339208977,0.596322414148437,0.2744103676427119,0.23158268420670702,0.2169876743738755,0.23158268420660838,0.27441036764268406
128.499999999997,0.3,29.550000000000423,-15.78382328337625,-12.646562707555177,-11.616453667161807,-12.64656270757115,-15.78382328340507,-20.051134452480397,-20.05113445247906,0.5956728210845483,0.6305493387619973,0.641461655058283,0.6305493387620129,0.5956728210844983,0.2757128780562139,0.2325426054137286,0.21783160899691492,0.23254260541363087,0.2757128780561895
128.99999999999696,0.3,29.70000000000043,-15.726415138796028,-12.587558718334378,-11.556994188694546,-12.58755871835558,-15.726415138813422,-19.996583507107232,-19.996583507106237,0.5950229476877553,0.630205600403655,0.6412065992790918,0.6302056004036577,0.595022947687731,0.27700955896658447,0.23349611758883917,0.2186690246716395,0.23349611758874325,0.27700955896656226
129.49999999999693,0.3,29.850000000000435,-15.669003598985398,-12.528563120109197,-11.497547795209016,-12.528563120123636,-15.669003599003759,-19.942020367261534,-19.942020367260852,0.5943728596030389,0.6298633591867605,0.6409533601785159,0.6298633591867789,0.5943728596030106,0.2783003917189783,0.2344432243265019,0.21949993400384518,0.2344432243264088,0.27830039171895804
129.9999999999969,0.3,30.00000000000044,-15.61158870361902,-12.469575756622817,-11.438114229722885,-12.469575756642428,-15.611588703634027,-19.88744516118126,-19.887445161180807,0.5937226225084787,0.6295226551352824,0.6407019687231532,0.6295226551352868,0.5937226225084572,0.27958535790582434,0.23538393053455206,0.22032435100904796,0.23538393053446005,0.2795853579058052
130.49999999999687,0.3,30.150000000000446,-15.55417050207194,-12.410596495021252,-11.37869326545399,-12.410596495028926,-15.554170502082172,-19.832858015894573,-19.83285801589429,0.5930723021025218,0.6291835290168708,0.6404524569824717,0.6291835290169036,0.5930723021025104,0.2808644393817766,0.2363182397096624,0.2211422875059456,0.23631823970957228,0.2808644393817594
130.99999999999685,0.3,30.300000000000452,-15.496749053244287,-12.35162522398133,-11.319284703249878,-12.351625223978147,-15.49674905324332,-19.778259057370832,-19.77825905737052,0.592421964093297,0.6288460223485901,0.6402048580699933,0.6288460223486493,0.5924219640933106,0.2821376182753359,0.2372461537037202,0.22195375292765024,0.23724615370362975,0.28213761827531864
131.49999999999682,0.3,30.450000000000458,-15.439324425427515,-12.292661852327285,-11.259888369505177,-12.292661852320691,-15.439324425447182,-19.723648410665845,-19.72364841066576,0.5917716741889824,0.6285101772088583,0.6399592058721112,0.6285101772089258,0.5917716741889472,0.2834048769977651,0.2381676729811366,0.22275875472566686,0.23816767298104527,0.28340487699774985
131.9999999999968,0.3,30.600000000000463,-15.381896696105514,-12.233706307801981,-11.200504114365117,-12.233706307796297,-15.381896696108583,-19.669026200064025,-19.669026200064025,0.5911214980891482,0.6281760360417733,0.6397155347842834,0.6281760360418394,0.5911214980891503,0.2846661982498321,0.23908279692689516,0.2235572988075803,0.23908279692680284,0.2846661982498183
132.49999999999676,0.3,30.75000000000047,-15.324465951634863,-12.174758536016611,-11.141131810293984,-12.174758535997512,-15.324465951614513,-19.61439254921325,-19.614392549213193,0.5904715014769096,0.627843641488562,0.6394738794891676,0.627843641488661,0.5904715014769668,0.2859215650267944,0.23999152411793537,0.22434938991166228,0.2399915241178419,0.2859215650267795
132.99999999999673,0.3,30.900000000000475,-15.267032287048835,-12.115818499521765,-11.081771350620102,-12.115818499516195,-15.267032287024676,-19.55974758125609,-19.55974758125575,0.5898217500111224,0.6275130362485607,0.639234274776708,0.6275130362486276,0.589821750011189,0.2871709606219712,0.2408938525475132,0.2251350319124823,0.24089385254741869,0.2871709606219536
133.4999999999967,0.3,31.05000000000048,-15.20959580580751,-12.056886177056526,-11.022422648502754,-12.056886177057777,-15.209595805775052,-19.505091418954407,-19.50509141895367,0.5891723093188282,0.6271842629656121,0.6389967553984145,0.6271842629656631,0.5891723093189166,0.2884143686291837,0.24178977980766123,0.225914228067367,0.24178977980756627,0.2884143686291634
133.99999999999667,0.3,31.200000000000486,-15.152156600920023,-11.997961562402622,-10.963085635862967,-11.997961562397165,-15.152156600888134,-19.45042418473838,-19.450424184737273,0.5885232463727321,0.6268573641367206,0.6387613559503992,0.6268573641367882,0.588523246372821,0.2896517723438655,0.2426793032368978,0.2266869812146115,0.2426793032368031,0.2896517723438422
134.49999999999665,0.3,31.35000000000049,-15.094714645898023,-11.939044657776549,-10.90376026198976,-11.939044657768477,-15.094714645860961,-19.395745999561825,-19.395745999560262,0.587874656396583,0.6265323820511025,0.6385281107803406,0.6265323820511766,0.5878746563966858,0.2908831344298986,0.24356242003948944,0.2274532939327534,0.24356242003939382,0.29088313442987185
134.99999999999662,0.3,31.500000000000497,-15.037270005805397,-11.880135473210089,-10.844446491832059,-11.880135473186783,-15.037270005778169,-19.34105698283554,-19.341056982833663,0.5872266406287182,0.6262093587292866,0.6382970539138552,0.6262093587293981,0.5872266406288006,0.29210839584022985,0.24443912738135226,0.2282131686684928,0.2444391273812551,0.2921083958401996
135.4999999999966,0.3,31.650000000000503,-14.97982280802637,-11.821234032535983,-10.78514430516094,-11.821234032513814,-14.979822808008521,-19.28635725378831,-19.286357253786065,0.586579270353372,0.6258883358578055,0.6380682189938158,0.6258883358579153,0.5865792703534346,0.2933275259607953,0.24530942246771667,0.22896660783940406,0.24530942246761747,0.29332752596076245
135.99999999999656,0.3,31.80000000000051,-14.922373199567687,-11.762340373955624,-10.725853679902798,-11.762340373917425,-14.922373199543813,-19.231646931879396,-19.231646931877066,0.5859326060641545,0.6255693547458666,0.6378416441381733,0.6255693547460173,0.5859326060642326,0.29454051337301856,0.2461733026060912,0.22971361095100776,0.24617330260598835,0.29454051337298454
136.49999999999653,0.3,31.950000000000514,-14.86492133897707,-11.703454543537191,-10.666574470545811,-11.703454543511782,-14.864921338944214,-19.17692613699117,-19.17692613698847,0.5852867063765371,0.6252524563062859,0.6376174374678063,0.6252524563064078,0.5852867063766382,0.29574735160448323,0.24703076525698606,0.23045410153787058,0.24703076525688,0.2957473516044451
136.9999999999965,0.3,32.10000000000052,-14.807467391879356,-11.644576545058442,-10.607306612428715,-11.644576545035818,-14.807467391844853,-19.122194989546614,-19.12219498954346,0.5846416302943745,0.6249376941084501,0.6373956799890862,0.624937694108567,0.5846416302944814,0.2969480344953696,0.2478817990627461,0.23118799010111202,0.24788179906263794,0.2969480344953279
137.49999999999648,0.3,32.250000000000526,-14.750011522085344,-11.585706283888214,-10.548050095979818,-11.585706283876277,-14.750011522067325,-19.067453610526087,-19.06745361052262,0.5839974376478987,0.6246251806254148,0.637176394249064,0.6246251806255074,0.5839974376479691,0.29814255514134175,0.24872632209810708,0.2319152801973308,0.24872632209799683,0.2981425551412977
137.99999999999645,0.3,32.40000000000053,-14.69255389454105,-11.526843785532378,-10.488804932114135,-11.526843785524932,-14.692553894536672,-19.01270212144246,-19.01270212143885,0.5833541890457409,0.6243149831527706,0.6369595940042191,0.6243149831528539,0.5833541890457821,0.2993309058048599,0.24956427494760444,0.23263599974426596,0.24956427494749267,0.2993309058048146
138.49999999999642,0.3,32.55000000000054,-14.63509467986097,-11.467989123519033,-10.429571154357518,-11.467989123509483,-14.635094679858355,-18.957940644394284,-18.957940644390646,0.5827119457276135,0.6240071320128548,0.6367452940352528,0.6240071320129447,0.5827119457276521,0.30051307805005134,0.2503956604954557,0.2333501766291948,0.2503956604953428,0.30051307805000516
138.9999999999964,0.3,32.70000000000054,-14.577634055082513,-11.409142396444054,-10.370348817252648,-11.409142396436721,-14.577634055077908,-18.903169302143624,-18.903169302139958,0.582070769421322,0.6237016518690484,0.6365335112895713,0.6237016518691335,0.582070769421366,0.30168906290704334,0.25122049629876925,0.23405783506498384,0.2512204962986556,0.3016890629069964
139.49999999999636,0.3,32.85000000000055,-14.520172203821687,-11.350303722229,-10.311137994521971,-11.350303722215983,-14.520172203808102,-18.84838821819676,-18.848388218193037,0.5814307222172294,0.6233985680793158,0.6363242645808614,0.6233985680794158,0.5814307222172954,0.30285885101983734,0.25203879985420874,0.23475899574097664,0.252038799854093,0.30285885101978877
139.99999999999633,0.3,33.000000000000554,-14.462709316103144,-11.29147323505913,-10.251938777509736,-11.291473235052592,-14.462709316101268,-18.79359751688358,-18.7935975168798,0.5807918664616649,0.6230979075426508,0.6361175741282012,0.6230979075427368,0.5807918664617048,0.30402243277015706,0.25285058614955414,0.23545367650097646,0.2528505861494365,0.3040224327701077
140.4999999999963,0.3,33.15000000000056,-14.405245588320383,-11.23265108342008,-10.192751273651027,-11.23265108340621,-14.40524558832277,-18.738797323434085,-18.738797323430504,0.5801542646661701,0.622799698510784,0.6359134611490079,0.6227996985108881,0.5801542646662006,0.30517979837899284,0.2536558677125027,0.23614189298365262,0.25365586771238374,0.3051797983789441
140.99999999999628,0.3,33.300000000000566,-14.347781222957735,-11.173837428445268,-10.133575605239685,-11.17383742842992,-14.34778122295404,-18.683987764051523,-18.683987764048,0.5795179794307389,0.6225039702592867,0.6357119475272841,0.622503970259396,0.5795179794307831,0.3063309379892794,0.2544546550613673,0.23682365914976844,0.2544546550612465,0.30633093798923017
141.49999999999625,0.3,33.45000000000057,-14.290316428319784,-11.115032442712788,-10.074411908270179,-11.115032442694542,-14.290316428329959,-18.629168965980142,-18.629168965976675,0.5788830733780413,0.6222107527858486,0.6355130555482644,0.6222107527859653,0.578883073378054,0.3074758417330464,0.2552469571504254,0.23749898770435954,0.2552469571503033,0.3074758417329972
141.99999999999622,0.3,33.60000000000058,-14.232851418356347,-11.056236309200983,-10.01526033135184,-11.05623630917978,-14.232851418368114,-18.574341057569796,-18.574341057566414,0.5782496090963603,0.6219200765595808,0.6353168076869873,0.6219200765597063,0.5782496090963695,0.30861449978590927,0.2560327817443059,0.23816789043273193,0.256032781744182,0.30861449978586125
142.4999999999962,0.3,33.75000000000058,-14.175386412415605,-10.997449220488079,-9.956121034929708,-10.997449220458236,-14.175386412432943,-18.519504168335658,-18.51950416833259,0.5776176490899267,0.6216319723169486,0.6351232264394048,0.6216319723170964,0.5776176490899227,0.30974690241126446,0.25681213572188877,0.23883037846754035,0.2568121357217607,0.3097469024112179
142.99999999999616,0.3,33.90000000000059,-14.117921634985976,-10.938671377991511,-9.896994190402154,-10.938671377966898,-14.117921635006496,-18.46465842901449,-18.464658429011763,0.5769872557351169,0.6213464708967712,0.6349323341882432,0.6213464708969088,0.576987255735105,0.3108730399961053,0.2575850253209124,0.239486462501043,0.2575850253207811,0.31087303999606003
143.49999999999613,0.3,34.050000000000594,-14.060457315485621,-10.879902991464462,-9.837879979444438,-10.879902991421716,-14.060457315516544,-18.409803971616526,-18.409803971614167,0.5763584912412572,0.6210636031063869,0.634744153095857,0.6210636031065695,0.5763584912412204,0.3119929030800383,0.25835145633446516,0.24013615295378307,0.25835145633433104,0.31199290307999544
143.9999999999961,0.3,34.2000000000006,-14.002993687951061,-10.821144275551319,-9.778778497905932,-10.821144275517042,-14.002993687982269,-18.354940929472804,-18.3549409294709,0.5757314176154362,0.6207833996203294,0.6345587613433339,0.6207833996204943,0.5757314176153976,0.31310648237876787,0.2591114342687022,0.24077941328943153,0.2591114342685637,0.3131064823787278
144.49999999999608,0.3,34.350000000000605,-13.945530990418263,-10.762395442805655,-9.719689803686606,-10.762395442757338,-13.945530990427983,-18.30006943727554,-18.300069437273947,0.5751060966310474,0.6205058909080885,0.6343762785434816,0.6205058909082891,0.5751060966310556,0.31421376880307866,0.2598649644690555,0.24141611287015727,0.2598649644689124,0.3142137688030405
144.99999999999605,0.3,34.50000000000061,-13.888069464335047,-10.70365670921825,-9.66061406110947,-10.703656709184429,-13.888069464344767,-18.24518963110856,-18.245189631107138,0.574482589798713,0.6202311071493716,0.6341967217836281,0.6202311071495408,0.5744825897987206,0.31531475347413435,0.26061205222133055,0.24204623930465086,0.2606120522211829,0.315314753474097
145.49999999999602,0.3,34.65000000000062,-13.830609353741238,-10.644928262990106,-9.601551467990248,-10.644928262954409,-13.830609353732484,-18.19030164847038,-18.190301648469074,0.5738609583396688,0.6199590916616766,0.6340200869909496,0.6199590916618529,0.5738609583397173,0.3164094277357952,0.2613526946359731,0.24266983451111585,0.2613526946358221,0.3164094277357584
145.999999999996,0.3,34.80000000000062,-13.77315083900794,-10.586210169144806,-9.542502227062414,-10.586210169104504,-13.773150839012544,-18.135405627927952,-18.13540562792673,0.5732412747621057,0.6196899679839144,0.6338463714781567,0.6196899679841044,0.5732412747621237,0.3174977779745498,0.2620868011261505,0.24328694255576272,0.26208680112599536,0.3174977779745132
146.49999999999596,0.3,34.95000000000063,-13.715694008083915,-10.52750258966762,-9.48346654329913,-10.527502589635617,-13.715694008073399,-18.080501707485496,-18.08050170748419,0.5726236602391098,0.6194237982630988,0.6336755762966099,0.6194237982632718,0.5726236602391627,0.3185797493553917,0.2628143067332696,0.2438976020134728,0.26281430673310996,0.3185797493553542
146.99999999999594,0.3,35.100000000000634,-13.658239068575767,-10.468805732900933,-9.424444631385882,-10.46880573286802,-13.65823906854223,-18.025590025423952,-18.02559002542219,0.5720082005347427,0.6191605958175617,0.6335077057169926,0.6191605958177397,0.5720082005348479,0.3196552926424244,0.2635352274599093,0.24450184608228265,0.26353522745974567,0.31965529264238324
147.4999999999959,0.3,35.25000000000064,-13.600786262374129,-10.410119829371013,-9.365436716275099,-10.410119829334747,-13.600786262338943,-17.970670721246506,-17.97067072124429,0.5713949504559896,0.6189003688171023,0.6333427664590469,0.6189003688172912,0.5713949504561004,0.3207243971505268,0.2642495951646675,0.245099703654848,0.26424959516450014,0.320724397150483
147.99999999999588,0.3,35.400000000000645,-13.543335845634488,-10.351445125965938,-9.306443032800018,-10.351445125922908,-13.543335845608738,-17.915743935931147,-17.915743935928617,0.5707839589011136,0.6186431274313055,0.6331807670301282,0.618643127431513,0.5707839589012054,0.3217870654783011,0.26495744006498695,0.24569120031276426,0.2649574400648152,0.32178706547825503
148.49999999999585,0.3,35.55000000000065,-13.485888083929694,-10.29278188270473,-9.247463825140642,-10.292781882660393,-13.485888083901102,-17.860809812060808,-17.860809812058022,0.5701752746911639,0.6183888844228738,0.6330217171983328,0.6183888844230874,0.5701752746912647,0.3228433019774735,0.26565878846644914,0.2462763591281134,0.26565878846627217,0.3228433019774238
148.99999999999582,0.3,35.70000000000066,-13.428443249920463,-10.234130370422804,-9.188499346180038,-10.23413037039569,-13.428443249887891,-17.805868493910168,-17.8058684939069,0.5695689476189264,0.6181376546973899,0.6328656275790446,0.6181376546975657,0.569568947619038,0.3238931100085324,0.2663536631538556,0.2468552012933035,0.2663536631536745,0.32389311000847965
149.4999999999958,0.3,35.85000000000066,-13.371001622069173,-10.175490869034718,-9.129549856929998,-10.175490868995041,-13.371001622050244,-17.750920127507896,-17.750920127504457,0.5689650284340025,0.6178894547762637,0.6327125093111645,0.6178894547764721,0.5689650284340861,0.32493649156898385,0.26704208410211033,0.24742774661351327,0.26704208410192565,0.3249364915689286
149.99999999999577,0.3,36.00000000000067,-13.313563483637836,-10.116863666061306,-9.070615625886546,-10.116863666038853,-13.313563483628172,-17.69596486068363,-17.695964860680164,0.5683635686191462,0.6176443023466087,0.6325623738040094,0.6176443023467788,0.5683635686192117,0.32597344745348666,0.2677240691129219,0.24799401389137138,0.26772406911273383,0.32597344745342965
150.49999999999574,0.3,36.150000000000674,-13.256129121921276,-10.058249055618148,-9.01169692846571,-10.05824905559615,-13.256129121934976,-17.64100284310166,-17.64100284309842,0.5677646201540023,0.6174022158968118,0.6324152325392376,0.6174022158969834,0.5677646201540162,0.3270039774962909,0.26839963433291486,0.248554021227433,0.2683996343327241,0.3270039774962345
150.9999999999957,0.3,36.30000000000068,-13.198698827511862,-9.999647334876386,-8.952793958839095,-9.999647334864449,-13.198698827507826,-17.58603422628451,-17.586034226281356,0.5671682353069571,0.6171632144315203,0.6322711705267714,0.6171632144316704,0.567168235307011,0.32802808079516577,0.269068794666835,0.24910772715478205,0.26906879466664146,0.32802808079510926
151.49999999999568,0.3,36.450000000000685,-13.141272893359996,-9.94105879633787,-8.893906852587406,-9.941058796326274,-13.141272893373412,-17.531059163624263,-17.53105916362128,0.5665744664595496,0.6169273172557862,0.6321303182148874,0.6169273172559369,0.5665744664595642,0.32904575589961255,0.2697315641052781,0.24965497788962768,0.26973156410508276,0.3290457558995566
151.99999999999565,0.3,36.60000000000069,-13.0838516140509,-9.882483732722449,-8.835035851686428,-9.882483732709034,-13.083851614051355,-17.476077810382122,-17.476077810379252,0.5659833659587937,0.6166945437775092,0.6319926701432097,0.6166945437776657,0.5659833659588369,0.33005700096509755,0.270387955984421,0.25019577732446474,0.27038795598422405,0.33005700096504215
152.49999999999562,0.3,36.750000000000696,-13.026435285455875,-9.823922440548301,-8.776181234038404,-9.823922440534659,-13.026435285440868,-17.421090323680403,-17.421090323677618,0.565394985992352,0.6164649133504035,0.6318582014051138,0.6164649133505624,0.565394985992429,0.33106181387852746,0.271037983192303,0.2507301885536796,0.2710379831921043,0.33106181387847294
152.9999999999956,0.3,36.9000000000007,-12.969024204669552,-9.765375219846703,-8.717343297369894,-9.765375219816974,-12.969024204664038,-17.36609686249355,-17.366096862490792,0.5648093784824694,0.6162384456868067,0.6317268918844603,0.6162384456870051,0.5648093784825253,0.33206019236016504,0.2716816581188421,0.25125827225848124,0.27168165811864053,0.33206019236011025
153.49999999999557,0.3,37.05000000000071,-12.911618666569268,-9.706842266448746,-8.65852234582269,-9.70684226642237,-12.91161866657717,-17.31109758761906,-17.311097587616473,0.5642265950030454,0.6160152340791092,0.6315987275458288,0.616015234079301,0.5642265950030714,0.3330521340463189,0.27231893699542703,0.2517800802648138,0.2723189369952219,0.3330521340462651
153.99999999999554,0.3,37.20000000000071,-12.854218958053139,-9.64832375909424,-8.599718674181986,-9.648323759070081,-12.854218958079741,-17.256092661560615,-17.25609266155834,0.5636466867148955,0.6157953931452512,0.6314736992276926,0.6157953931454407,0.5636466867148798,0.3340376365560162,0.27294969957218884,0.2522956567670098,0.27294969957198006,0.33403763655596436
154.4999999999955,0.3,37.35000000000072,-12.796825364662766,-9.589819971497263,-8.540932578272816,-9.589819971491295,-12.796825364693518,-17.201082248444095,-17.201082248442304,0.5630697042849858,0.6155789292140651,0.6313518013672978,0.6155789292142149,0.5630697042849591,0.33501669754502167,0.2735739465087705,0.252805040100583,0.27357394650855926,0.3350166975449735
154.99999999999548,0.3,37.500000000000725,-12.73943817371628,-9.531331205111485,-8.482164359391106,-9.531331205116203,-12.739438173723272,-17.14606651400686,-17.146066514005497,0.562495697821584,0.615365831784475,0.6312330309949323,0.6153658317846008,0.5624956978216077,0.33598931475008115,0.27419172339534476,0.2533082642071217,0.27419172339513354,0.3359893147500347
155.49999999999545,0.3,37.65000000000073,-12.682057675175201,-9.472857776740113,-8.423414324758028,-9.472857776734884,-12.682057675178442,-17.091045625607933,-17.09104562560657,0.5619247168212744,0.6151560929454833,0.6311173869681338,0.615156092945633,0.561924716821305,0.33695548602501996,0.274803076112649,0.25380535976510415,0.2748030761124374,0.33695548602497377
155.99999999999542,0.3,37.800000000000736,-12.62468416198567,-9.414400013408283,-8.36468278738215,-9.41440001338907,-12.62468416199522,-17.03601975224302,-17.03601975224194,0.5613568101228632,0.614949709106327,0.6310048693880613,0.6149497091065103,0.5613568101228787,0.3379152093701803,0.27540804477440123,0.2542963550528445,0.27540804477418757,0.33791520937013736
156.4999999999954,0.3,37.95000000000074,-12.567317903371418,-9.355958248820116,-8.305970065508689,-9.355958248813579,-12.567317903365108,-16.980989064452785,-16.98098906445159,0.5607920334997856,0.6147466803033714,0.6308954791553576,0.6147466803035271,0.5607920334998348,0.33886848052564544,0.2760066640987682,0.254781276605788,0.27600666409855185,0.33886848052560303
156.99999999999537,0.3,38.10000000000075,-12.509959043138679,-9.297532814510987,-8.247276480728488,-9.297532814510873,-12.509959043119068,-16.925953732934943,-16.92595373293358,0.56023051261638,0.6145470093444113,0.6307892185471471,0.6145470093445534,0.5602305126164587,0.3398152515358765,0.27659896451833255,0.25526014932024677,0.2765989645181161,0.33981525153583203
157.49999999999534,0.3,38.25000000000075,-12.452607824606446,-9.239124036074088,-8.188602247985898,-9.239124036091312,-12.45260782459684,-16.87091392860725,-16.87091392860583,0.5596723358455179,0.6143507010807344,0.6306862181622175,0.6143507010808358,0.5596723358455752,0.3407554625999072,0.27718497317578666,0.255732889900856,0.27718497317557045,0.34075546259986217
157.9999999999953,0.3,38.40000000000076,-12.395264541547533,-9.18073223172189,-8.129947547993368,-9.180732231738261,-12.395264541529173,-16.815869823824357,-16.815869823822766,0.5591175389901182,0.6141577618268812,0.6305865892140438,0.614157761826985,0.5591175389901959,0.3416891064598521,0.277764714720086,0.2561993336339111,0.277764714719871,0.34168910645980544
158.49999999999528,0.3,38.550000000000765,-12.33792950086314,-9.122357719071829,-8.071312660936087,-9.122357719102638,-12.337929500829489,-16.760821592656157,-16.760821592654167,0.5585661507175889,0.6139681988880744,0.6304902883136075,0.6139681988881439,0.5585661507177018,0.342616195521496,0.2783382119297375,0.25665953135061076,0.2783382119295239,0.3426161955214462
158.99999999999525,0.3,38.70000000000077,-12.280603016093096,-9.06400081861807,-8.01269789964499,-9.064000818655757,-12.28060301606206,-16.70576941098318,-16.70576941098085,0.5580182002644732,0.6137820201949032,0.6303972681368517,0.6137820201949563,0.5580182002645824,0.3435367444017699,0.2789054861990257,0.25711357206707,0.27890548619881494,0.3435367444017171
159.49999999999523,0.3,38.850000000000776,-12.223285404709713,-9.005661854492871,-7.954103594368291,-9.005661854520667,-12.223285404683736,-16.65071345653797,-16.650713456535527,0.5574737183738927,0.6135992340222727,0.6303074920069557,0.6135992340223474,0.5574737183739922,0.3444507661236436,0.27946655791695285,0.25756153261523373,0.2794665579167444,0.3444507661235898
159.9999999999952,0.3,39.00000000000078,-12.165976986536464,-8.947341154552078,-7.8955300860371835,-8.947341154583853,-12.165976986503154,-16.595653908919246,-16.595653908916404,0.5569327370808024,0.6134198487708917,0.6302209323695904,0.6134198487709559,0.55693273708092,0.3453582717042362,0.2800214467625302,0.2580034764269569,0.28002144676232327,0.34535827170417877
160.49999999999517,0.3,39.15000000000079,-12.10867808087778,-8.889038980651037,-7.836977718354319,-8.889038980676048,-12.108678080869538,-16.540590949579325,-16.540590949576256,0.5563952893328704,0.613243938176955,0.6301375683830702,0.6132439381770338,0.5563952893329359,0.3462592704242724,0.28057012852500535,0.25843945669817364,0.2805701285248012,0.3462592704242132
160.99999999999514,0.3,39.30000000000079,-12.051388998434902,-8.830755506900857,-7.778446819931446,-8.830755506920298,-12.05138899844411,-16.48552476172,-16.4855247617171,0.5558614086483413,0.6130716516085978,0.6300573840347556,0.6130716516086882,0.5558614086483702,0.3471537701789112,0.2811124531373458,0.25886951915348766,0.2811124531371441,0.3471537701788525
161.4999999999951,0.3,39.4500000000008,-11.994110045680259,-8.77249101512217,-7.719937711985949,-8.772491015144112,-11.994110045685034,-16.43045553017265,-16.43045553017015,0.5553311288036433,0.6129029813291441,0.6299803666942962,0.6129029813292269,0.5553311288036822,0.3480417777900138,0.28164841584073363,0.2592937041211653,0.28164841584053396,0.3480417777899558
161.99999999999508,0.3,39.600000000000804,-11.936841528906598,-8.714245821201928,-7.66145071603637,-8.714245821208976,-11.936841528915636,-16.375383441356462,-16.375383441354188,0.5548044835742533,0.6127378948919899,0.629906506044857,0.6127378948921071,0.5548044835742828,0.34892329926486976,0.2821780804458661,0.259712048060144,0.2821780804456683,0.34892329926481197
162.49999999999505,0.3,39.75000000000081,-11.879583755215151,-8.656020257308512,-7.602986155663757,-8.656020257320051,-11.879583755229476,-16.320308683262283,-16.320308683260237,0.5542815065263006,0.6125763652856048,0.6298357933073017,0.6125763652857102,0.5542815065263187,0.34979834000651977,0.28270150961198953,0.26012458468053856,0.28270150961179297,0.34979834000646215
162.99999999999503,0.3,39.900000000000816,-11.822337032822588,-8.597814665284488,-7.544544353982587,-8.597814665292674,-11.82233703285408,-16.26523144544433,-16.26523144544268,0.5537622308458612,0.6124183724999196,0.6297682262594254,0.612418372500032,0.5537622308458423,0.3506669049838643,0.28321875703198907,0.26053134340861817,0.28321875703179444,0.3506669049838084
163.499999999995,0.3,40.05000000000082,-11.765101670912316,-8.539629388419542,-7.486125509048691,-8.539629388420792,-11.765101670915499,-16.210151919012958,-16.21015191901148,0.5532466891986708,0.6122639021210372,0.6297039983963902,0.6122639021211645,0.5532466891987108,0.35152899886909145,0.28372986855074656,0.26093217744661906,0.28372986855055315,0.3515289988690368
163.99999999999497,0.3,40.20000000000083,-11.707877978790464,-8.48146476275258,-7.4277298074886176,-8.48146476275474,-11.70787797877108,-16.15507029661893,-16.155070296617396,0.5527349136152091,0.6121129439120698,0.6296431803756917,0.6121129439121938,0.5527349136152984,0.3523846261486713,0.2842348839819389,0.2613269311175122,0.284234883981746,0.3523846261486146
164.49999999999494,0.3,40.35000000000083,-11.650666265381062,-8.423321122571394,-7.369357537924884,-8.4233211225702,-11.650666265388224,-16.09998677242794,-16.099986772426405,0.5522269353944873,0.6119654906583538,0.6295856871688515,0.6119654906584856,0.5522269353945196,0.3532337912129984,0.2847338386185372,0.26171571041073044,0.28473383861834556,0.3532337912129409
164.9999999999949,0.3,40.50000000000084,-11.593466839159191,-8.365198802858401,-7.311009022320604,-8.365198802855275,-11.593466839156463,-16.044901542093328,-16.04490154209185,0.5517227850226409,0.611821537287071,0.6295314482721899,0.6118215372872063,0.5517227850226954,0.3540764984288558,0.2852267643967812,0.26209863228937125,0.28522676439659006,0.3540764984287988
165.49999999999488,0.3,40.650000000000844,-11.536280007880919,-8.30709813961738,-7.252684599664406,-8.307098139595439,-11.536280007867163,-15.989814802725732,-15.989814802724254,0.5512224921047423,0.61168108020075,0.629480411391655,0.6116810802009292,0.5512224921048202,0.35491275219800994,0.28571369078158926,0.2624757894130112,0.2857136907813975,0.35491275219795193
165.99999999999486,0.3,40.80000000000085,-11.479106074261324,-8.249019469651785,-7.1943846183153255,-8.249019469630639,-11.479106074244271,-15.93472675285085,-15.934726752849258,0.5507260869843483,0.6115441167717367,0.6294325373181231,0.6115441167719146,0.5507260869844348,0.3557425567016516,0.286194645438595,0.2628472552248656,0.2861946454384016,0.35574255670159144
166.49999999999483,0.3,40.950000000000855,-11.42194521841327,-8.190963125802682,-7.136109430749457,-8.19096312577966,-11.421945218397752,-15.879637591474136,-15.879637591472317,0.5502336843054946,0.6114106449684945,0.6293877958016096,0.6114106449686779,0.5502336843055793,0.356565880824021,0.2866696547439978,0.2632130897630068,0.2866696547438021,0.3565658808239586
166.9999999999948,0.3,41.10000000000086,-11.364797647623789,-8.132929381378005,-7.077859386930413,-8.132929381367774,-11.364797647618616,-15.824547517119868,-15.824547517117992,0.549745388730243,0.6112807327130004,0.6293461626531468,0.6112807327131559,0.5497453887303071,0.3573826483977285,0.2871387011871615,0.2635733438599502,0.2871387011869642,0.3573826483976658
167.49999999999477,0.3,41.25000000000087,-11.307663637601365,-8.074918390121752,-7.0196348165142695,-8.07491839012431,-11.307663637599887,-15.769456729051626,-15.76945672904975,0.5492612062738728,0.611154560380823,0.6293076177623727,0.6111545603809493,0.5492612062739303,0.3581928491628481,0.2876016039251774,0.26392806206462394,0.28760160392498,0.3581928491627846
167.99999999999474,0.3,41.40000000000087,-11.2505434735952,-8.016930407572318,-6.961436034011683,-8.016930407584937,-11.250543473603841,-15.714365427577036,-15.714365427575274,0.5487811361333248,0.6110320973046395,0.6292721436825446,0.6110320973047438,0.5487811361333609,0.3589965051007695,0.28805836283798897,0.2642772846668771,0.2880583628377912,0.3589965051007062
168.4999999999947,0.3,41.55000000000088,-11.19343744735113,-7.9589657312549775,-6.903263348892949,-7.958965731267995,-11.193437447345275,-15.659273814135588,-15.65927381413394,0.5483051803745174,0.610913284866557,0.6292397257936432,0.6109132848666609,0.5483051803745852,0.3597936417371363,0.28850906629359224,0.2646210486219869,0.288509066293395,0.3597936417370724
168.99999999999469,0.3,41.700000000000884,-11.136345855100501,-7.901024672504889,-6.845116943345545,-7.901024672516257,-11.136345855075604,-15.604182091355028,-15.60418209135321,0.5478333438430739,0.6107980758563984,0.6292106110860782,0.610798075856506,0.5478333438431827,0.36058428225439515,0.288953795714716,0.26495917392495993,0.28895379571451935,0.3605842822543293
169.49999999999466,0.3,41.85000000000089,-11.079268995527798,-7.8431075405339925,-6.786996956305927,-7.843107540546555,-11.07926899549426,-15.549090463079608,-15.549090463077505,0.5473656334700839,0.6106864341700998,0.62918486693324,0.6106864341702043,0.5473656334702135,0.3613684469526948,0.28939261843144737,0.2652914610918004,0.2893926184312517,0.36136844695262543
169.99999999999463,0.3,42.000000000000895,-11.022207168179818,-7.78521464614272,-6.728903654127635,-7.785214646151644,-11.02220716815765,-15.493999134372643,-15.493999134370199,0.5469020576191167,0.6105783319708603,0.6291623524970965,0.610578331970973,0.5469020576192246,0.36214615367156977,0.28982559056628593,0.26561808156822325,0.2898255905660907,0.36214615367149683
170.4999999999946,0.3,42.1500000000009,-10.96516067257079,-7.727346303222362,-6.6708373391624605,-7.7273463032162795,-10.965160672547142,-15.438908311502757,-15.438908311500086,0.5464426255438425,0.6104737473334153,0.6291429695497486,0.6104737473335624,0.546442625543956,0.36291741829845453,0.2902527600319748,0.26593918888688967,0.2902527600317791,0.36291741829838
170.99999999999457,0.3,42.30000000000091,-10.908129807511784,-7.669502827878716,-6.612798330553005,-7.669502827862175,-10.908129807461137,-15.38381820192069,-15.383818201917506,0.5459873469482113,0.6103726624959345,0.6291266500676659,0.6103726624961059,0.5459873469483845,0.3636822552093209,0.2906741688169161,0.2662548936395117,0.2906741688167198,0.36368225520924163
171.49999999999454,0.3,42.45000000000091,-10.851114870537174,-7.6116845374527315,-6.554786955167344,-7.611684537434883,-10.851114870497327,-15.328729014227122,-15.32872901422337,0.5455362316310465,0.6102750625800907,0.6291133450992851,0.6102750625802653,0.5455362316312005,0.36444067762754206,0.2910898546635153,0.26656527823041565,0.29108985466331805,0.36444067762745846
171.99999999999451,0.3,42.60000000000092,-10.794116157685949,-7.553891749429397,-6.496803542302985,-7.553891749425873,-10.79411615766054,-15.273640958137378,-15.273640958133228,0.5450892891978708,0.6101809346564642,0.6291030176059276,0.6101809346566074,0.5450892891979982,0.36519269791197945,0.29149985229408276,0.2668704072848709,0.2914998522938844,0.3651926979118925
172.4999999999945,0.3,42.750000000000924,-10.737133963017925,-7.496124780573155,-6.438848420518127,-7.496124780582704,-10.73713396299513,-15.218554244439872,-15.218554244435495,0.544646528827642,0.6100902670620226,0.6290956379207897,0.6100902670621364,0.5446465288277662,0.36593832778745244,0.2919041943055989,0.2671703342751906,0.2919041943054009,0.3659383277873622
172.99999999999446,0.3,42.90000000000093,-10.680168577873587,-7.438383918058605,-6.380921914594126,-7.438383918056616,-10.680168577847269,-15.16346908495035,-15.163469084945689,0.5442079590833762,0.6100031055109755,0.6290911808739169,0.6100031055111155,0.5442079590835102,0.366677578529004,0.29230288152780076,0.2674651057170643,0.2923028815276028,0.36667757852891175
173.49999999999443,0.3,43.050000000000935,-10.623220283415776,-7.380669301026387,-6.323024329827319,-7.380669301034459,-10.623220283400713,-15.108385692404795,-15.108385692399963,0.5437735877712295,0.6099196855769927,0.6290896240030553,0.60991968557711,0.5437735877713428,0.36741046110903525,0.2926956951202312,0.2677547638259902,0.2926956951200337,0.36741046110894005
173.9999999999944,0.3,43.20000000000094,-10.566289350613772,-7.3229811503096585,-6.265155963675511,-7.322981150323528,-10.56628935060894,-15.053304280284976,-15.053304280280202,0.5433434218122263,0.6098399577922332,0.629091237292791,0.6098399577923371,0.5433434218123192,0.36813698631446223,0.2930826204245425,0.2680391587591858,0.2930826204243457,0.368136986314367
174.49999999999437,0.3,43.350000000000946,-10.50937604727386,-7.265319752559151,-6.207317327762269,-7.265319752561311,-10.509376047247201,-14.998225062730796,-14.99822506272585,0.5429174671212903,0.6097638293746581,0.6290968798613265,0.6097638293747888,0.5429174671214307,0.36885716484063097,0.29346377947778723,0.2683172830907403,0.2934637794775904,0.36885716484053427
174.99999999999434,0.3,43.50000000000095,-10.452480618706943,-7.207685434294206,-6.1495090844047695,-7.20768543428818,-10.452480618689606,-14.943148254422567,-14.943148254417508,0.5424957510766881,0.609691229812075,0.6291067124482744,0.6096912298122238,0.54249575107681,0.3695710028924938,0.29383927752900885,0.2685887741825105,0.2938392775288113,0.3695710028923956
175.49999999999432,0.3,43.65000000000096,-10.395603189921815,-7.150078542787639,-6.091731845454831,-7.150078542767062,-10.395603189902829,-14.88807406930215,-14.888074069296977,0.5420784511765239,0.6096221063893015,0.6291208306498205,0.6096221063894841,0.5420784511766511,0.3702784350349285,0.2942091971050046,0.26885350852083634,0.294209197104806,0.3702784350348284
175.9999999999943,0.3,43.80000000000096,-10.33874397373802,-7.092499435382081,-6.033986175282507,-7.092499435380944,-10.338743973704254,-14.833002720550155,-14.833002720544584,0.5416655784282436,0.609556418688133,0.6291392882598388,0.609556418688272,0.5416655784284036,0.37097940171660815,0.29457360432159374,0.2691114214922925,0.2945736043213939,0.37097940171650456
176.49999999999426,0.3,43.95000000000097,-10.281903228104113,-7.0349484776406825,-5.976272599459492,-7.034948477645287,-10.28190322808183,-14.77793442170281,-14.777934421696898,0.5412570855160401,0.6094941346024706,0.6291621097229273,0.609494134602597,0.541257085516179,0.3716739228007658,0.2949325540225922,0.26936248894298187,0.29493255402239266,0.3716739228006593
176.99999999999423,0.3,44.100000000000975,-10.22508122562408,-6.977426039099555,-5.918591611403315,-6.977426039094269,-10.225081225608278,-14.722869386934349,-14.72286938692838,0.5408529385406764,0.6094352275862379,0.6291892989006324,0.6094352275863877,0.5408529385408043,0.3723620355891321,0.29528609337629164,0.2696067148445974,0.2952860933760918,0.3723620355890237
177.4999999999942,0.3,44.25000000000098,-10.168278248101956,-6.919932490114377,-5.860943677332955,-6.919932490102667,-10.168278248070976,-14.667807831201287,-14.667807831195034,0.5404531104563747,0.6093796747575216,0.6292208451525024,0.6093796747576858,0.5404531104565364,0.3730437757107831,0.29563426435448276,0.26984412275408054,0.29563426435428186,0.37304377571067276
177.99999999999417,0.3,44.400000000000986,-10.111494582905948,-6.862468199467514,-5.803329240057224,-6.862468199447051,-10.111494582869398,-14.6127499703274,-14.612749970320806,0.5400575782268838,0.6093274555937062,0.6292567275544944,0.6093274555938916,0.5400575782270597,0.3737191746353028,0.2959771054384111,0.2700747499000998,0.2959771054382083,0.37371917463518894
178.49999999999415,0.3,44.55000000000099,-10.054730520305554,-6.8050335303867655,-5.745748721791699,-6.805033530344758,-10.054730520285318,-14.557696021045274,-14.557696021038282,0.5396663214211437,0.6092785588086617,0.6292969178259243,0.6092785588088968,0.539666321421288,0.3743882600940564,0.2963146500855992,0.27029864308904783,0.29631465008539454,0.37438826009393894
178.99999999999412,0.3,44.700000000001,-9.99798634722697,-6.747628709910828,-5.688202517861555,-6.7476287098604075,-9.99798634719383,-14.502646200981815,-14.502646200974311,0.5392793212790471,0.6092332668334377,0.6293413823801549,0.6092332668336949,0.5392793212792216,0.3750510568415989,0.29664670505181645,0.2705158558713014,0.296646705051608,0.3750510568414786
179.4999999999941,0.3,44.850000000001,-9.941262339087075,-6.69025394290918,-5.630690985050194,-6.690253942871152,-9.941262339071102,-14.447600728516079,-14.447600728508178,0.5388965600087332,0.6091915992136886,0.6293900837656641,0.6091915992139195,0.5388965600088752,0.37570758733182447,0.29697312201630377,0.2707264465798463,0.29697312201609155,0.3757075873317015
179.99999999999406,0.3,45.00000000000101,-9.88455876697617,-6.632909541070603,-5.573214459607016,-6.632909541040817,-9.88455876695349,-14.392559822663827,-14.392559822655812,0.5385180202044519,0.6091534030964272,0.6294429816075088,0.6091534030966419,0.5385180202046106,0.3763578722638938,0.2972940716207429,0.2709304769734627,0.2972940716205266,0.37635787226376904
180.49999999999403,0.3,45.150000000001015,-9.827875900495371,-6.575595839895016,-5.515773266000849,-6.575595839860966,-9.827875900457286,-14.337523703038755,-14.33752370303057,0.5381436843863614,0.6091185742980094,0.6295000332703198,0.6091185742982372,0.5381436843865539,0.37700193101480334,0.29760969876930804,0.27112801129958697,0.2976096987690887,0.3770019310146757
180.999999999994,0.3,45.30000000000102,-9.771214008009906,-6.518313181666542,-5.458367720040826,-6.518313181648523,-9.771214007972446,-14.282492589826006,-14.28249258981748,0.5377735346331368,0.609087040318903,0.6295611943261947,0.6090870403190964,0.5377735346333312,0.37763978198051734,0.2979201075175084,0.2713191156479987,0.29792010751728604,0.3776397819803863
181.49999999999397,0.3,45.450000000001026,-9.71457335631203,-6.461061907621058,-5.400998130041387,-6.461061907622309,-9.714573356287303,-14.227466703754317,-14.22746670374545,0.5374075522839579,0.6090587484048344,0.6296264188827315,0.6090587484049856,0.5374075522841291,0.378271442844734,0.29822537553774364,0.2715038575060638,0.29822537553751993,0.3782714428446004
181.99999999999395,0.3,45.60000000000103,-9.657954209970512,-6.403842353194364,-5.343664781295047,-6.403842353189816,-9.657954209948457,-14.172446266061797,-14.172446266052816,0.5370457176941317,0.609033658020229,0.6296955541807137,0.6090336580203946,0.5370457176943008,0.37889693079061154,0.2985255640279516,0.2716822319437426,0.2985255640277278,0.37889693079047526
182.49999999999392,0.3,45.75000000000104,-9.601356830477755,-6.346654842501721,-5.286367894769626,-6.346654842498992,-9.601356830462578,-14.117431498450685,-14.117431498441704,0.536688010032126,0.6090117361312645,0.6297683388103689,0.6090117361314259,0.5366880100322838,0.3795162626675579,0.2988207239505379,0.2718541257563192,0.29882072395031367,0.37951626266741884
182.9999999999939,0.3,45.90000000000104,-9.544781472458169,-6.289499686041665,-5.229107685643157,-6.289499686043371,-9.544781472459192,-14.062422623022371,-14.062422623013447,0.5363344125492144,0.6089929542451858,0.6298447095493023,0.6089929542453377,0.5363344125493412,0.38012945458662745,0.2991108999430488,0.272019610525966,0.2991108999428239,0.38012945458648695
183.49999999999386,0.3,46.05000000000105,-9.488228286118499,-6.232377177687567,-5.171884369746465,-6.232377177715421,-9.488228286090248,-14.007419861490916,-14.007419861481878,0.535985137421707,0.6089772865579508,0.6299246125094898,0.6089772865580435,0.5359851374218962,0.3807364644045084,0.2993961327686022,0.27217877239218985,0.29939613276837795,0.3807364644043662
183.99999999999383,0.3,46.200000000001054,-9.431697433666557,-6.1752875926957245,-5.114698160444618,-6.175287592722157,-9.43169743363319,-13.95242343427691,-13.952423434267644,0.5356402162980655,0.6089648129285429,0.6300079948128325,0.6089648129286381,0.5356402162982676,0.38133720191346887,0.2996764169274996,0.2723316956183748,0.2996764169272777,0.3813372019133239
184.4999999999938,0.3,46.35000000000106,-9.375189132451169,-6.118231314655816,-5.057549237087699,-6.118231314667526,-9.375189132419735,-13.89743356145135,-13.897433561441858,0.5352995100788801,0.6089564321874348,0.6300946764587554,0.6089564321875621,0.5352995100790812,0.3819316852795352,0.29995098737694353,0.2724783907979732,0.29995098737672377,0.3819316852793869
184.99999999999378,0.3,46.500000000001066,-9.318703624452155,-6.061208931893248,-5.00043769391749,-6.0612089318900075,-9.31870362442288,-13.84245046313248,-13.842450463122702,0.5349629366312283,0.6089523897313589,0.6301843445249201,0.6089523897315186,0.5349629366314279,0.3825199648517706,0.30021933650617005,0.27261888914432464,0.30021933650595095,0.3825199648516192
185.49999999999375,0.3,46.65000000000107,-9.262241174085375,-6.004220995844378,-4.943363671376289,-6.004220995838523,-9.262241174080543,-13.78747435982848,-13.78747435981876,0.5346304315922561,0.6089527636939195,0.6302768716091666,0.6089527636940848,0.5346304315924082,0.3831020889771993,0.30048136638239886,0.2727534103675468,0.30048136638218026,0.38310208897704623
185.99999999999372,0.3,46.80000000000108,-9.205802058819131,-5.947268001751354,-4.886327357852679,-5.947268001763518,-9.205802058835332,-13.732505472662297,-13.73250547265286,0.5343019373385169,0.608957593739617,0.6303721606450278,0.6089575937397415,0.5343019373386275,0.38367809997503854,0.300737033849061,0.2728821331831076,0.3007370338488429,0.3836780999748853
186.4999999999937,0.3,46.95000000000108,-9.149386561884455,-5.890350399893634,-4.829328971962127,-5.890350399910744,-9.149386561894971,-13.677544023480664,-13.677544023471626,0.5339773997778829,0.6089668921838024,0.6304701241323071,0.6089668921839154,0.5339773997780056,0.3842480348607932,0.3009863299983786,0.27300519553730707,0.3009863299981618,0.3842480348606412
186.99999999999366,0.3,47.10000000000109,-9.092994966911135,-5.833468601400341,-4.772368676418353,-5.833468601408072,-9.092994966913068,-13.62259023487701,-13.622590234868142,0.5336567667602237,0.6089806526679034,0.6305705024066574,0.6089806526680364,0.5336567667603647,0.3848119265116767,0.30122926908639247,0.2731225991751293,0.30122926908617714,0.3848119265115243
187.49999999999363,0.3,47.250000000001094,-9.036627553728124,-5.77662297891203,-4.715446590177464,-5.776622978902026,-9.036627553751032,-13.567644330150301,-13.567644330141889,0.5333399869819179,0.6089988560294236,0.6306731022075187,0.6089988560295962,0.5333399869820151,0.38536980466064946,0.3014658810651205,0.27323452879729715,0.3014658810649059,0.38536980466049897
187.9999999999936,0.3,47.4000000000011,-8.980284595449689,-5.719813872729219,-4.658562870186415,-5.719813872709494,-8.98028459546515,-13.512706533216942,-13.512706533208927,0.5330270091413882,0.6090214742549457,0.6307778211961673,0.6090214742551401,0.5330270091415003,0.3859216966774637,0.3016962065477874,0.2733412047723102,0.30169620654757157,0.3859216966773149
188.49999999999358,0.3,47.550000000001106,-8.923966356287451,-5.6630415965707925,-4.60171769779339,-5.663041596551068,-8.923966356286769,-13.457777068489293,-13.457777068481562,0.5327177812650978,0.6090484731476226,0.6308845819986808,0.6090484731478175,0.5327177812652428,0.38646762817281716,0.3019202934152213,0.27344279313973596,0.3019202934150044,0.3864676281726686
188.99999999999355,0.3,47.70000000000111,-8.867673090293238,-5.606306441049412,-4.544911245081948,-5.606306441041454,-8.867673090284029,-13.402856160735098,-13.402856160727367,0.5324122501581645,0.6090798141310314,0.6309932608658739,0.6090798141312,0.5324122501583267,0.38700762346421547,0.30213819452923757,0.273539366801133,0.3021381945290193,0.3870076234640666
189.49999999999352,0.3,47.85000000000112,-8.811405040296393,-5.549608671902092,-4.4881436025521,-5.549608671895669,-8.811405040269904,-13.34794403492208,-13.347944034914235,0.5321103609489246,0.6091154554780299,0.6311036384419431,0.6091154554781962,0.5321103609491239,0.38754170593496745,0.30234996619261595,0.27363099267793256,0.3023499661923969,0.3875417059348173
189.9999999999935,0.3,48.00000000000112,-8.755162437009176,-5.492948530739454,-4.431414876981705,-5.492948530715978,-8.755162436965236,-13.29304091605212,-13.293040916043878,0.5318120567030231,0.609155353137919,0.6312156124131458,0.6091553531381249,0.5318120567032604,0.38806989831076133,0.30255566711255594,0.27371790726161616,0.3025556671123357,0.38806989831060745
190.49999999999346,0.3,48.15000000000113,-8.698945498452417,-5.436326239159484,-4.374725200777846,-5.43632623911094,-8.698945498418311,-13.238147028988465,-13.23814702897971,0.5315172780877677,0.6091994612885084,0.6313291128863773,0.6091994612887721,0.5315172780879887,0.3885922228727071,0.3027553577039284,0.2738002874641344,0.3027553577037053,0.38859222287254946
190.99999999999343,0.3,48.300000000001134,-8.642754370418913,-5.379741999718078,-4.31807471468187,-5.379741999670557,-8.642754370396915,-13.183262597911892,-13.18326259790291,0.5312263303001732,0.6092477327142792,0.6314440744198867,0.6092477327145425,0.5312263303003729,0.3891086495897904,0.3029490996219077,0.27387824937760497,0.3029490996216812,0.38910864958963093
191.4999999999934,0.3,48.45000000000114,-8.586589176418443,-5.323195991854561,-4.261463494725547,-5.323195991797888,-8.586589176397922,-13.128387845402244,-13.128387845393036,0.5309392630176389,0.6093001190735773,0.6315603288706142,0.6093001190738634,0.5309392630178388,0.3896190663759065,0.303136955449275,0.2739518033871238,0.30313695544904434,0.3896190663757454
191.99999999999338,0.3,48.600000000001145,-8.530450057733447,-5.266688372825172,-4.204891596902485,-5.266688372780322,-8.5304500577559,-13.073522992803987,-13.073522992794835,0.5306557271757324,0.6093565710722016,0.6316777660731998,0.6093565710724647,0.5306557271758464,0.39012349624826287,0.3033189884880028,0.27402115933915216,0.303318988487767,0.3901234962481018
192.49999999999335,0.3,48.75000000000115,-8.474337149055316,-5.210219281022262,-4.1483591050155155,-5.210219280967181,-8.474337149072596,-13.018668260162997,-13.018668260154413,0.5303755662710653,0.6094170327026102,0.631796324525893,0.6094170327029005,0.5303755662711899,0.3906220055737437,0.30349526058115994,0.2740865019582914,0.303495260580919,0.3906220055735847
192.99999999999332,0.3,48.90000000000116,-8.418250584879445,-5.15378879251665,-4.091866111706793,-5.1537887924587835,-8.418250584893315,-12.963823866238158,-12.963823866229689,0.5300986665164964,0.6094811944635984,0.6319159583112401,0.6094811944638979,0.5300986665166272,0.3911146559770258,0.303665714544236,0.27414795938133574,0.30366571454398933,0.3911146559768676
193.4999999999933,0.3,49.05000000000116,-8.36219049190936,-5.097396908768189,-4.035412655719597,-5.09739690873721,-8.362190491912543,-12.908990028454298,-12.908990028445999,0.5298249235878512,0.6095488331177901,0.6320365555208097,0.6095488331180321,0.5298249235880039,0.39160150017623624,0.30383033863657055,0.27420553676307735,0.30383033863631864,0.39160150017607903
193.99999999999326,0.3,49.20000000000117,-8.306156985158736,-5.041043626587111,-3.978998724358746,-5.041043626544479,-8.306156985175164,-12.854166962776503,-12.854166962768545,0.5295542358540277,0.6096198805734158,0.6321580098680105,0.6096198805736871,0.5295542358541526,0.39208258356150993,0.30398922857260663,0.27425940087974715,0.30398922857235056,0.3920825835613541
194.49999999999324,0.3,49.350000000001174,-8.25015016647535,-4.984728939899298,-3.9226243243108456,-4.984728939859849,-8.250150166481546,-12.799354883556134,-12.79935488354846,0.5292865018590182,0.6096942752409255,0.6322802690259347,0.6096942752411929,0.5292865018591639,0.39255794600798244,0.3041424735117149,0.2743097394607764,0.3041424735114544,0.3925579460078278
194.9999999999932,0.3,49.50000000000118,-8.194170123592755,-4.92845283969973,-3.866289469488038,-4.928452839666932,-8.194170123588378,-12.74455400336251,-12.744554003354892,0.5290216187391289,0.6097719592854632,0.6324032972269212,0.6097719592857184,0.5290216187392968,0.39302762331597557,0.3042901568639479,0.2743566773872237,0.3042901568636835,0.39302762331582064
195.49999999999318,0.3,49.650000000001185,-8.13821692915161,-4.87221529314445,-3.8099941355653186,-4.8722152931275104,-8.138216929145415,-12.689764532807317,-12.689764532799757,0.5287594810110782,0.6098527941855049,0.6325270131985208,0.6098527941857269,0.5287594810112515,0.39349164829877853,0.30443232611432297,0.2744002171464516,0.3044323261140554,0.3934916482986236
195.99999999999315,0.3,49.80000000000119,-8.082290634580318,-4.8160161310592,-3.753738243751343,-4.816016131058802,-8.082290634581682,-12.634986680320424,-12.634986680313034,0.5284999795920552,0.6099363945030705,0.632651328926866,0.6099363945032558,0.5284999795922137,0.39395005159701324,0.30456899762064127,0.2744405112302624,0.3045689976203715,0.39395005159685864
196.49999999999312,0.3,49.9500000000012,-8.026391265769576,-4.759855161963344,-3.697521720412851,-4.759855161970677,-8.026391265770258,-12.580220651839568,-12.580220651832349,0.5282430009657972,0.6100226046248078,0.6327762031783847,0.6100226046249774,0.5282430009659589,0.3944028622869955,0.30470037804483147,0.27447773814202897,0.3047003780445608,0.39440286228684135
196.9999999999931,0.3,50.1000000000012,-7.970518825993054,-4.70373221808552,-3.641344487604556,-4.703732218097457,-7.97051882599618,-12.525466650515455,-12.525466650508406,0.5279884264343229,0.6101113247308673,0.632901607584075,0.6101113247310267,0.5279884264344807,0.3948501083351635,0.304826642764468,0.27451200409088305,0.30482664276419713,0.3948501083350099
197.49999999999307,0.3,50.25000000000121,-7.914673298293678,-4.647647144174357,-3.5852064168578295,-4.64764714417538,-7.914673298278956,-12.470724876459997,-12.470724876453005,0.5277361314333939,0.6102024769029094,0.6330274698023314,0.6102024769030936,0.527736131433589,0.39529181693761417,0.30494792773960555,0.27454330060466964,0.30494792773933466,0.3952918169374604
197.99999999999304,0.3,50.400000000001214,-7.8588546382663935,-4.591599783261927,-3.529107354262578,-4.59159978325124,-7.858854638251842,-12.415995526463007,-12.415995526455845,0.5274865529071415,0.6102959752822764,0.6331537285972668,0.610295975282487,0.527486552907339,0.39572797564270407,0.3050643326827127,0.2745718100814765,0.3050643326824413,0.3957279756425489
198.499999999993,0.3,50.55000000000122,-7.803062809505377,-4.5355898894022175,-3.4730471615745273,-4.535589889417565,-7.80306280948281,-12.361278793905342,-12.361278793897952,0.5272399789444097,0.6103915328189181,0.6332803558775811,0.6103915328190697,0.5272399789446274,0.3961584461168666,0.3051758771495536,0.2745976813604153,0.3051758771492816,0.3961584461167098
198.99999999999298,0.3,50.700000000001225,-7.747297683824399,-4.479617173758868,-3.41702567821568,-4.47961717375415,-7.747297683808085,-12.306574868269138,-12.30657486826152,0.5269954554619536,0.6104889791132604,0.6334073202535322,0.6104889791134576,0.5269954554621625,0.3965832495659182,0.3052827554747621,0.2746209571841505,0.30528275547449063,0.3965832495657597
199.49999999999295,0.3,50.85000000000123,-7.691559081614798,-4.423681371655903,-3.3610426833261613,-4.423681371663406,-7.691559081622472,-12.251883933982072,-12.251883933974568,0.5267526708775268,0.6105882266976734,0.6335345562976581,0.6105882266978434,0.5267526708776902,0.39700247179515724,0.3053851539323077,0.27464169482446243,0.3053851539320362,0.39700247179499787
199.99999999999292,0.3,51.000000000001236,-7.635846827082446,-4.367782230865714,-3.305097965950324,-4.367782230864805,-7.635846827069884,-12.197206170362733,-12.197206170355173,0.5265114318981587,0.6106892110387332,0.6336620327091141,0.610689211038922,0.5265114318983652,0.3974161893329691,0.30548320899973136,0.27466008088293886,0.3054832089994604,0.3974161893328101
200.4999999999929,0.3,51.15000000000124,-7.580160747122761,-4.311919506093204,-3.2491913201797615,-4.3119195060989455,-7.580160747133789,-12.142541751753527,-12.142541751745966,0.5262715547112093,0.6107918790347932,0.6337897281633306,0.610791879034967,0.5262715547113702,0.3978244653225676,0.30557702619171245,0.27467618583125736,0.30557702619144167,0.3978244653224082
200.99999999999287,0.3,51.30000000000125,-7.52450066306244,-4.2560928997828,-3.1933224931269706,-4.256092899786211,-7.524500663056358,-12.087890847565802,-12.087890847558413,0.5260328500825485,0.6108960543359211,0.6339175908695289,0.6108960543360996,0.526032850082745,0.398227352662924,0.30566662648571064,0.27469002816048094,0.3056666264854402,0.3982273526627652
201.49999999999284,0.3,51.45000000000125,-7.468866380122279,-4.200302050930361,-3.1374912272634106,-4.200302050923028,-7.468866380140582,-12.03325362218186,-12.033253622174641,0.5257951197889708,0.6110015703066041,0.6340455916945082,0.6110015703068067,0.525795119789119,0.3986248969098384,0.3057521607433277,0.2747017957786607,0.30575216074305733,0.3986248969096805
201.9999999999928,0.3,51.60000000000126,-7.413257684483881,-4.144546628819853,-3.0816972603913086,-4.144546628803596,-7.413257684512416,-11.978630234772083,-11.97863023476549,0.5255581546394191,0.6111083550033861,0.6341737083690123,0.6111083550036085,0.5255581546395452,0.39901713841954295,0.30583381536005033,0.2747115251418438,0.30583381535977916,0.3990171384193877
202.49999999999278,0.3,51.750000000001265,-7.357674342445307,-4.088826320416445,-3.025940289796665,-4.088826320385181,-7.357674342458552,-11.92402083910008,-11.924020839093998,0.5253217328504267,0.611216358292383,0.634301897848081,0.61121635829264,0.525321732850583,0.3994041138880212,0.3059117198501675,0.2747192885352036,0.30591171984989485,0.39940411388786806
202.99999999999275,0.3,51.90000000000127,-7.302116099128341,-4.033140820320114,-2.9702200304216717,-4.033140820288622,-7.302116099130728,-11.869425583314353,-11.869425583308555,0.5250856185454016,0.6113255418877666,0.6344301407034001,0.6113255418880246,0.5250856185455798,0.39978585745168604,0.30598597237484393,0.2747252173932195,0.3059859723745692,0.3997858574515338
203.49999999999272,0.3,52.050000000001276,-7.2465826762418715,-3.977489798496549,-2.9145361681308373,-3.977489798447607,-7.246582676259379,-11.814844609720012,-11.814844609714442,0.5248495602839202,0.6114358146491342,0.6345584004157603,0.611435814649432,0.5248495602840693,0.40016240147379867,0.3060566084180545,0.2747293238559662,0.30605660841777715,0.4001624014736476
203.9999999999927,0.3,52.20000000000128,-7.191073766448255,-3.921872851191665,-2.8588883833734258,-3.9218728511469862,-7.19107376645735,-11.760278054493085,-11.760278054487799,0.524613289563894,0.6115470255039854,0.6346866511547452,0.6115470255042744,0.5246132895640601,0.4005337771060486,0.306123725123545,0.2747317150864674,0.30612372512326513,0.40053377710589955
204.49999999999267,0.3,52.35000000000129,-7.135589045245808,-3.866289594913667,-2.803276324066246,-3.8662895948913274,-7.1355890452566655,-11.705726047388907,-11.705726047384076,0.5243769771060779,0.6116591147483079,0.6348148550691304,0.6116591147485473,0.5243769771062401,0.40090000454631286,0.3061875077718459,0.2747324098393314,0.3061875077715634,0.4009000045461655
204.99999999999264,0.3,52.50000000000129,-7.080128429886656,-3.8107396709666546,-2.7476995983305414,-3.8107396709437467,-7.080128429895865,-11.651188713526437,-11.65118871352172,0.5241427105019915,0.6117720439479608,0.6349429559705714,0.6117720439482024,0.5241427105021598,0.4012609393122221,0.3062480786667784,0.2747324098393314,0.3062480786664941,0.40126093931207574
205.4999999999926,0.3,52.6500000000013,-7.02469159546331,-3.755222736764779,-2.6921578630604586,-3.7552227367438604,-7.024691595475815,-11.596666174075494,-11.596666174071004,0.5239076019061076,0.6118857848677275,0.6350709381147897,0.6118857848679646,0.5239076019062732,0.40161654497642996,0.3063055270368984,0.2747324098393314,0.3063055270366123,0.4016165449762845
205.99999999999258,0.3,52.800000000001305,-6.9692779043687665,-3.699738424356781,-2.636650800818586,-3.699738424353882,-6.969277904362798,-11.54215854073999,-11.542158540735727,0.5236706843697154,0.6120002891049251,0.6351988028489367,0.6120002891051229,0.52367068436992,0.4019669317058791,0.30635989741559916,0.2747324098393314,0.3063598974153116,0.4019669317057351
206.49999999999255,0.3,52.95000000000131,-6.91388672964581,-3.6442862844367028,-2.581178081299697,-3.64428628443153,-6.913886729639387,-11.48766591480512,-11.487665914800914,0.5234316165096885,0.6121154394423115,0.6353265515288271,0.6121154394425149,0.5234316165099016,0.40231219737974555,0.3064112511420818,0.2747324098393314,0.3064112511417933,0.4023121973796009
206.99999999999253,0.3,53.100000000001316,-6.858517465912371,-3.588865867988318,-2.5257393581554766,-3.5888658679666605,-6.85851746588952,-11.433188387624682,-11.433188387620419,0.5231900587753626,0.6122311841916724,0.6354541855348144,0.6122311841919131,0.5231900587756176,0.4026524182093307,0.30645976501991196,0.2747324098393314,0.3064597650196224,0.4026524182091851
207.4999999999925,0.3,53.25000000000132,-6.803169509644704,-3.533476737711851,-2.4703342730516624,-3.5334767376803597,-6.803169509611678,-11.378726040899608,-11.378726040894833,0.5229456249588125,0.6123474946126714,0.6355817062626828,0.612347494612934,0.5229456249591002,0.40298765497663774,0.30650555306815347,0.2747324098393314,0.3065055530678625,0.40298765497649
207.99999999999247,0.3,53.40000000000133,-6.747842241962985,-3.4781184546357053,-2.414962457585375,-3.47811845460609,-6.747842241955652,-11.324278946693994,-11.324278946689049,0.5226978797175628,0.6124643505153314,0.635709115119489,0.6124643505155903,0.522697879717809,0.4033179581437441,0.3065486953087987,0.2747324098393314,0.3065486953085061,0.4033179581435946
208.49999999999244,0.3,53.55000000000133,-6.692535014835812,-3.422790563510432,-2.3596235334930498,-3.4227905634663784,-6.6925350148189295,-11.269847167243483,-11.269847167238481,0.5224463383381455,0.6125817212964398,0.6358364135233109,0.6125817212967312,0.5224463383384196,0.4036433713326589,0.30658923482667355,0.2747324098393314,0.30658923482637923,0.4036433713325085
208.9999999999924,0.3,53.70000000000134,-6.637247137722852,-3.367492544535253,-2.3043171076972726,-3.367492544504614,-6.637247137719783,-11.215430754582371,-11.215430754577255,0.5221904654350112,0.6126995218043835,0.6359636029147586,0.612699521804645,0.5221904654352674,0.4039639336516772,0.3066272215789877,0.2747324098393314,0.3066272215786912,0.4039639336515255
209.49999999999238,0.3,53.850000000001344,-6.581977867695855,-3.3122238754359614,-2.2490427699003135,-3.312223875391794,-6.581977867691194,-11.16102975001121,-11.161029750006207,0.5219296724568835,0.6128177112800726,0.636090684762674,0.6128177112803652,0.5219296724571458,0.40427968124677827,0.3066628188708458,0.2747324098393314,0.3066628188705476,0.40427968124662683
209.99999999999235,0.3,54.00000000000135,-6.526726403370844,-3.256984040446639,-2.193800096262521,-3.2569840403908756,-6.526726403359476,-11.106644183475339,-11.106644183470394,0.5216633140727897,0.6129362695389022,0.6362176605559522,0.6129362695392211,0.5216633140730773,0.40459064833553043,0.30669612807422636,0.2747324098393314,0.3066961280739261,0.40459064833537817
210.49999999999233,0.3,54.150000000001356,-6.4714918782037785,-3.2017725129291534,-2.138588650484735,-3.2017725128689563,-6.471491878193149,-11.052274072863668,-11.052274072858609,0.5213906834849832,0.6130551828429973,0.6363445318012829,0.6130551828433258,0.5213906834852825,0.40489686789558527,0.30672721881841575,0.2747324098393314,0.3067272188181127,0.40489686789543156
210.9999999999923,0.3,54.30000000000136,-6.41627363366058,-3.146588742573954,-2.0834079830869996,-3.1465887425077312,-6.416273633618914,-10.997919424404188,-10.997919424398901,0.5211150819775257,0.6131744254261186,0.6364713000249944,0.613174425426461,0.5211150819779092,0.40519832219077245,0.30675612140508135,0.2747324098393314,0.30675612140477543,0.40519832219061686
211.49999999999227,0.3,54.45000000000137,-6.361072019720666,-3.091432180361892,-2.0282576309514866,-3.0914321802974314,-6.3610720196740544,-10.943580245083012,-10.943580245077214,0.5208376742028007,0.6132939350921985,0.6365979667742949,0.613293935092537,0.5208376742032225,0.4054948012085837,0.306782902175865,0.2747324098393314,0.3067829021755565,0.40549480120842457
211.99999999999224,0.3,54.60000000000137,-6.305885573927867,-3.0363022872057286,-1.9731371218969684,-3.036302287154342,-6.305885573898024,-10.889256532762374,-10.889256532756121,0.5205496220000918,0.6134136861659161,0.6367245336070417,0.613413686166226,0.5205496220005055,0.40578639247989046,0.3068077059380709,0.2747324098393314,0.3068077059377598,0.40578639247972786
212.4999999999922,0.3,54.75000000000138,-6.250712420581351,-2.9811984556577045,-1.918045970101673,-2.9811984556196194,-6.250712420534342,-10.834948259751684,-10.83494825974492,0.520250121843545,0.6135336662355569,0.6368510021023622,0.6135336662358377,0.5202501218440186,0.40607323826527253,0.3068306141720746,0.2747324098393314,0.3068306141717614,0.4060732382651067
212.99999999999218,0.3,54.900000000001384,-6.195550835569634,-2.9261200118006627,-1.8629836687087504,-2.926120011772582,-6.1955508355265465,-10.780655374115838,-10.780655374108619,0.5199386176006701,0.613653866572923,0.6369773738776835,0.6136538665731824,0.5199386176011646,0.4063554394021596,0.30685168423180315,0.2747324098393314,0.3068516842314886,0.40635543940199026
213.49999999999216,0.3,55.05000000000139,-6.14039915279659,-2.8710662015481603,-1.807949683389495,-2.8710662015191133,-6.140399152741736,-10.726377801395188,-10.72637780138723,0.5196142552748668,0.6137742535758303,0.6371036506035666,0.6137742535760919,0.5196142552754219,0.4066330687946094,0.3068709228914186,0.2747324098393314,0.30687092289110307,0.40663306879443606
213.99999999999213,0.3,55.200000000001396,-6.085255677276507,-2.816036202219607,-1.7529434451159318,-2.816036202173109,-6.085255677252633,-10.67211544497468,-10.672115444966266,0.5192759166455686,0.6138947914681597,0.6372298340203278,0.6138947914684604,0.5192759166460913,0.40690618257331596,0.30688845429624134,0.2747324098393314,0.3068884542959247,0.4069061825731392
214.4999999999921,0.3,55.3500000000014,-6.030118625620219,-2.761029166831861,-1.6979643502081672,-2.761029166794117,-6.030118625591683,-10.61786818548353,-10.617868185475004,0.5189222477978035,0.6140154690393522,0.6373559259380868,0.6140154690396337,0.5189222477983555,0.4071748268719126,0.30690437887277017,0.2747324098393314,0.30690437887245214,0.40717482687173395
214.99999999999207,0.3,55.50000000000141,-5.974986080457256,-2.706044203156466,-1.6430117600958738,-2.7060442031084904,-5.974986080438896,-10.563635879508922,-10.563635879500225,0.5185516689395766,0.6141362803289481,0.6374819282374548,0.6141362803292532,0.518551668940131,0.40743904187743585,0.30691875542789226,0.2747324098393314,0.30691875542757296,0.4074390418772553
215.49999999999204,0.3,55.65000000000141,-5.919855951861052,-2.6510803491490833,-1.5880849983034295,-2.6510803490928083,-5.919855951844056,-10.50941835776041,-10.509418357751485,0.5181623700475954,0.6142572086447409,0.6376078428765442,0.6142572086450642,0.5181623700481809,0.4076988642468389,0.3069315978280846,0.2747324098393314,0.30693159782776364,0.4076988642466565
215.999999999992,0.3,55.80000000000142,-5.864725940115477,-2.596136550395329,-1.5331833436447937,-2.596136550331039,-5.8647259401163865,-10.455215422741674,-10.45521542273275,0.5177522953948127,0.6143782226486697,0.6377336719066004,0.6143782226490105,0.5177522953953907,0.4079543285460251,0.306942991392756,0.2747324098393314,0.30694299139243314,0.40795432854584157
216.49999999999199,0.3,55.950000000001424,-5.809593501281938,-2.5412117010708926,-1.478306027654071,-2.5412117010175166,-5.809593501293534,-10.401026845962406,-10.401026845953709,0.5173191185039091,0.6144993142796943,0.6378594174779811,0.6144993142800113,0.5173191185044801,0.408205468104048,0.30695304166144943,0.2747324098393314,0.3069530416611248,0.40820546810386465
216.99999999999196,0.3,56.10000000000143,-5.754456767336308,-2.486304634447322,-1.4234522328248431,-2.486304634395651,-5.754456767344095,-10.34685236806746,-10.34685236805916,0.5168754678396562,0.6146204802683348,0.6379850818442813,0.6146204802686486,0.5168754678402377,0.408452265194891,0.3069618019320044,0.2747324098393314,0.3069618019316782,0.4084522651947089
217.49999999999193,0.3,56.250000000001435,-5.69932269735267,-2.4314144846814543,-1.3686211142473894,-2.4314144846211434,-5.699322697352272,-10.2926917787413,-10.292691778733342,0.5164550371559269,0.6147417015289625,0.6381106673132051,0.614741701529295,0.5164550371565528,0.4086942387371307,0.3069692735651607,0.2747324098393314,0.306969273564833,0.4086942387369492
217.9999999999919,0.3,56.40000000000144,-5.644191662615469,-2.376540709006065,-1.3138118570029746,-2.3765407089560995,-5.644191662611092,-10.238544929807802,-10.238544929799957,0.5160157600205325,0.6148629595521299,0.63823617611607,0.6148629595524396,0.5160157600212363,0.40893128862103956,0.30697557071401566,0.2747324098393314,0.30697557071368664,0.40893128862085754
218.49999999999187,0.3,56.55000000000145,-5.5890608010856795,-2.321682644163502,-1.2590236739961824,-2.3216826441050102,-5.589060801077608,-10.184411642203543,-10.184411642195698,0.5155558107277556,0.6149842505694871,0.6383616104129296,0.6149842505698162,0.5155558107285207,0.40916348913328854,0.30698076581764083,0.2747324098393314,0.30698076581731054,0.4091634891331063
218.99999999999184,0.3,56.70000000000145,-5.533927426481625,-2.2668394725127428,-1.204255782558107,-2.266839472448112,-5.533927426479806,-10.130291701293856,-10.130291701286069,0.5150743453193926,0.6151055625307865,0.6384869723459957,0.6151055625311287,0.5150743453201843,0.40939090289625263,0.3069848603111471,0.2747324098393314,0.3069848603108153,0.40939090289607055
219.49999999999181,0.3,56.85000000000146,-5.478788951911156,-2.2120102476635566,-1.1495073848361699,-2.2120102475859085,-5.47878895189433,-10.076184859259229,-10.076184859251327,0.5145702883344729,0.6152268803902666,0.6386122640844154,0.6152268803906383,0.5145702883353834,0.40961358479217364,0.30698794894375586,0.2747324098393314,0.3069879489434227,0.4096135847919909
219.9999999999918,0.3,57.000000000001464,-5.423642823874275,-2.1571939410965797,-1.0947776575776516,-2.1571939410243317,-5.423642823850457,-10.022090836361599,-10.022090836353641,0.5140424091706823,0.6153482003420446,0.6387374878476492,0.6153482003424044,0.5140424091717072,0.4098315851716751,0.3069900822293903,0.2747324098393314,0.30699008222905555,0.4098315851714913
220.49999999999176,0.3,57.15000000000147,-5.368486481151592,-2.1023894188721215,-1.0400657426513362,-2.1023894187947576,-5.368486481106402,-9.968009321501825,-9.96800932149307,0.5134893797686473,0.6154695077525898,0.6388626459271564,0.6154695077529615,0.5134893797699132,0.41004495172023886,0.3069912928623567,0.2747324098393314,0.30699129286202065,0.4100449517200522
220.99999999999173,0.3,57.300000000001475,-5.313317331787005,-2.0475954729951127,-0.9853707403293015,-2.0475954729295722,-5.31331733174278,-9.913939972351443,-9.91393997234212,0.5129098198535516,0.6155907938157439,0.6389877407017854,0.6155907938160888,0.5129098198549987,0.4102537305429016,0.3069916283128376,0.2747324098393314,0.3069916283125004,0.41025373054271164
221.4999999999917,0.3,57.45000000000148,-5.258132742941541,-1.9928108009028733,-0.9306917034290336,-1.992810800833638,-5.258132742900784,-9.859882415280993,-9.859882415271272,0.5123023366152454,0.6157120384682128,0.6391127746511976,0.6157120384685657,0.5123023366168286,0.4104579667952858,0.3069916283128376,0.2747324098393314,0.3069916283125004,0.4104579667950929
221.99999999999167,0.3,57.60000000000149,-5.202930042282048,-1.9380340549848825,-0.876027634768036,-1.938034054912066,-5.202930042259311,-9.805836245239846,-9.805836245229955,0.511665563571424,0.6158332410979813,0.6392377503617486,0.615833241098342,0.5116655635730625,0.4106577050515422,0.3069916283128376,0.2747324098393314,0.3069916283125004,0.4106577050513472
222.49999999999164,0.3,57.75000000000149,-5.147706529616357,-1.8832638327685345,-0.8213774877671653,-1.8832638327030509,-5.1477065295937905,-9.751801025749103,-9.751801025738928,0.5109982020455003,0.6159544051017394,0.6393626705252045,0.615954405102084,0.5109982020472614,0.4108529895200734,0.3069916283128376,0.2747324098393314,0.3069916283125004,0.4108529895198764
222.99999999999162,0.3,57.9000000000015,-5.092459495599314,-1.828498668393479,-0.7667401647562428,-1.8284986683320312,-5.09245949558084,-9.697776289113278,-9.69777628910282,0.5102990679003191,0.6160755340064538,0.6394875379426742,0.6160755340067897,0.5102990679021931,0.41104386417150524,0.3069916283128376,0.2747324098393314,0.3069916283125004,0.4110438641713066
223.4999999999916,0.3,58.0500000000015,-5.037186249390459,-1.7737370379907134,-0.7121145157918818,-1.77373703793171,-5.03718624938864,-9.64376153696162,-9.643761536951217,0.5095671456505951,0.6161966314597275,0.6396123555273827,0.6161966314600575,0.5095671456525485,0.41123037281646063,0.3069916283128376,0.2747324098393314,0.3069916283125004,0.41123037281626074
223.99999999999156,0.3,58.20000000000151,-4.981884156025046,-1.7189773665001553,-0.6574993384367644,-1.718977366449451,-4.981884156035562,-9.589756241244004,-9.589756241233829,0.5088016517056724,0.6163177012148322,0.639737126305248,0.6163177012151444,0.5088016517076206,0.41141255915515457,0.3069916283128376,0.2747324098393314,0.3069916283125004,0.4114125591549547
224.49999999999153,0.3,58.350000000001515,-4.92655068433271,-1.6642180365395234,-0.6028933786703874,-1.6642180364835326,-4.926550684323786,-9.53575984581596,-9.535759845806012,0.5080021081588276,0.6164387471112641,0.6398618534128839,0.6164387471115884,0.5080021081608713,0.4115904668118348,0.3069916283128376,0.2747324098393314,0.3069916283125004,0.41159046681163564
224.9999999999915,0.3,58.50000000000152,-4.871183466768855,-1.6094573997568205,-0.5482953330106284,-1.609457399702137,-4.871183466793866,-9.48177176876294,-9.481771768753333,0.5071684281525052,0.6165597730498494,0.6399865400928502,0.6165597730501698,0.5071684281545941,0.4117641393618744,0.3069916283128376,0.2747324098393314,0.3069916283125004,0.4117641393616757
225.49999999999147,0.3,58.650000000001526,-4.815780372305994,-1.5546937913732108,-0.49370385204076683,-1.5546937913178454,-4.815780372342942,-9.42779140562601,-9.427791405617143,0.506301013327594,0.6166807829608436,0.64011118968571,0.6166807829611664,0.5063010133295823,0.41193362035634,0.3069916283128376,0.2747324098393314,0.3069916283125004,0.41193362035614356
225.99999999999145,0.3,58.80000000000153,-4.760339593146057,-1.499925548400256,-0.43911754576845397,-1.4999255483438674,-4.760339593178969,-9.37381813370473,-9.373818133696602,0.5054008631377183,0.6168017807639732,0.6402358056179183,0.616801780764298,0.5054008631397229,0.41209895334713026,0.3069916283128376,0.2747324098393314,0.3069916283125004,0.4120989533469362
226.49999999999142,0.3,58.95000000000154,-4.7048597465342255,-1.4451510322040235,-0.3845349909167908,-1.4451510321504202,-4.704859746554689,-9.319851317623431,-9.319851317615985,0.5044696948001344,0.6169227703189245,0.6403603913853325,0.6169227703192433,0.5044696948022007,0.41226018191477387,0.3069916283128376,0.2747324098393314,0.3069916283125004,0.4122601819145824
226.9999999999914,0.3,59.10000000000154,-4.649339991628494,-1.3903686559002608,-0.32995474061874575,-1.3903686558452364,-4.64933999165055,-9.265890316352113,-9.265890316345008,0.5035100713046199,0.6170437553652458,0.6404849505312611,0.6170437553655678,0.5035100713069705,0.41241734970039734,0.3069916283128376,0.2747324098393314,0.3069916283125004,0.4124173497002076
227.49999999999136,0.3,59.25000000000155,-4.593780160975143,-1.3355769171524798,-0.2753753368958769,-1.335576917094329,-4.59378016099123,-9.211934491866657,-9.21193449186012,0.5025255331694702,0.6171647394503951,0.6406094866181937,0.6171647394507239,0.5025255331719816,0.41257050044298743,0.3069916283128376,0.2747324098393314,0.3069916283125004,0.41257050044279975
227.99999999999133,0.3,59.400000000001555,-4.538180904977992,-1.2807744367459009,-0.2207953261680018,-1.2807744366907627,-4.538180904952981,-9.157983219616767,-9.15798321961006,0.5015207275220671,0.617285725845122,0.6407340031926616,0.6172857258454442,0.5015207275253188,0.4127196780227854,0.3069916283128376,0.2747324098393314,0.3069916283125004,0.412719678022598
228.4999999999913,0.3,59.55000000000156,-4.482543846219812,-1.2259600031217133,-0.16621327831836652,-1.225960003069929,-4.48254384618258,-9.104035900927954,-9.104035900920906,0.5005015256588813,0.6174067174457954,0.6408585037420303,0.6174067174461104,0.5005015256629753,0.41286492651137613,0.3069916283128376,0.2747324098393314,0.3069916283125004,0.41286492651118756
228.99999999999127,0.3,59.700000000001566,-4.426871738689044,-1.171132622755863,-0.11162780953611673,-1.1711326226994174,-4.426871738656189,-9.050091977410318,-9.050091977402985,0.4994751176705857,0.6175277166639315,0.6409829916427336,0.6175277166642565,0.499475117675378,0.4130062902287352,0.3069916283128376,0.2747324098393314,0.3069916283125004,0.41300629022854507
229.49999999999125,0.3,59.85000000000157,-4.371173041813449,-1.116291688669378,-0.05703761429225551,-1.1162916886063385,-4.371173041792019,-8.996150970384463,-8.99615097037696,0.4984918233016623,0.6176487250561286,0.6411074700877804,0.6176487250564683,0.49849182330690867,0.4131437938891775,0.3069916283128376,0.2747324098393314,0.3069916283125004,0.4131437938889859
229.99999999999122,0.3,60.00000000000158,-4.315455118609634,-1.0614373084985118,-0.0024415407169158243,-1.0614373084346198,-4.315455118605712,-8.94221255976322,-8.94221255975583,0.4974833877960133,0.6177697426035346,0.641231941915717,0.6177697426038763,0.4974833878012883,0.413277472796698,0.3069916283128376,0.2747324098393314,0.3069916283125004,0.413277472796506
230.4999999999912,0.3,60.15000000000158,-4.25970857860284,-1.006572243179562,0.05204469121599686,-1.0065722431158974,-4.259708578590505,-8.888276361639953,-8.888276361632563,0.49642836043506966,0.617890763452294,0.6414195526791383,0.6178907634526353,0.49642836044057304,0.41340743892738224,0.3069916283128376,0.27462681266638145,0.3069916283125004,0.41340743892719
230.99999999999116,0.3,60.30000000000159,-4.203931107873075,-0.9517128204235519,0.10621553554130969,-0.9517128203596599,-4.203931107847836,-8.834341920047791,-8.834341920040231,0.4953541250984878,0.6180117519355279,0.6417824763218094,0.6180117519358693,0.4953541251048166,0.4135337789883532,0.3069916283128376,0.27422751509364834,0.3069916283125004,0.41353377898815985
231.49999999999113,0.3,60.450000000001594,-4.148127247184618,-0.896877182838864,0.1600702854519227,-0.896877182772414,-4.148127247152274,-8.780408813088911,-8.780408813080953,0.4942828660951793,0.6181326684071841,0.6423204645227499,0.6181326684075313,0.49428286610257305,0.41365656055162947,0.3069916283128376,0.273534311878551,0.3069916283125004,0.4136565605514344
231.9999999999911,0.3,60.6000000000016,-4.092306463243801,-0.8420814378015962,0.21361092931175563,-0.842081437725767,-4.092306463248576,-8.726476730460206,-8.726476730452305,0.4932339519275342,0.6182534777023952,0.6430304626516338,0.6182534777027632,0.4932339519347707,0.413775841030473,0.3069916283128376,0.27255118287728186,0.3069916283125004,0.4137758410302774
232.49999999999108,0.3,60.750000000001606,-4.036481906356414,-0.7873402425575478,0.266838898146716,-0.7873402424758638,-4.036481906352549,-8.672545529089689,-8.672545529082072,0.492225318878581,0.6183741478501966,0.643908594097306,0.6183741478505776,0.49222531888561133,0.41389167267292754,0.3069916283128376,0.2712829627373667,0.3069916283125004,0.41389167267273236
232.99999999999105,0.3,60.90000000000161,-3.9806695839125723,-0.732667222031921,0.3197554456054945,-0.732667221951715,-3.9806695838958603,-8.618615274518731,-8.618615274510944,0.49127409245484105,0.6184946491543941,0.6449501862575312,0.6184946491547721,0.49127409246278,0.4140041053443582,0.3069916283128376,0.26973533291154506,0.3069916283125004,0.4140041053441623
233.49999999999102,0.3,61.05000000000162,-3.9248881020695876,-0.6780752713942775,0.37236192062385953,-0.6780752713214042,-3.924888102053842,-8.56468627319714,-8.564686273189182,0.4904041722296147,0.6186149535280322,0.6461498151693609,0.6186149535283931,0.49040417223828897,0.4141131872910909,0.3069916283128376,0.2679147889946319,0.3069916283125004,0.4141131872908942
233.999999999991,0.3,61.20000000000162,-3.869156554985125,-0.6235768628989149,0.4246599441422063,-0.6235768628188794,-3.8691565549572715,-8.51075911696853,-8.510759116960514,0.4895639919084968,0.61873503381882,0.6475013589411023,0.6187350338191971,0.48956399191768163,0.41421896862414925,0.3069916283128376,0.26582859998784686,0.3069916283125004,0.41421896862395186
234.49999999999096,0.3,61.35000000000163,-3.813445162896585,-0.5691820725090224,0.4766516537883376,-0.5691820724233025,-3.813445162867879,-8.456834262895256,-8.456834262886844,0.48854665639373807,0.6188548681422773,0.6489980583446904,0.6188548681426672,0.48854665640405814,0.41432160587128547,0.3069916283128376,0.2634847624232977,0.3069916283125004,0.4143216058710866
234.99999999999093,0.3,61.500000000001634,-3.75773307734579,-0.5148975403439522,0.5283401686709794,-0.5148975402661335,-3.7577330773127073,-8.402911749918701,-8.402911749910004,0.4874580361507466,0.6189744421621332,0.6506325844949499,0.6189744421625054,0.4874580361621026,0.41442123323109115,0.3069916283128376,0.2608919494279336,0.3069916283125004,0.41442123323089064
235.4999999999909,0.3,61.65000000000164,-3.702022383623728,-0.46072840714361973,0.5797298175326091,-0.46072840708160356,-3.7020223836115065,-8.34899153420099,-8.348991534192066,0.48636954827632084,0.6190937448353439,0.6523971117148225,0.6190937448356814,0.4863695482880824,0.4145179355832258,0.3069916283128376,0.25805945529978985,0.3069916283125004,0.4145179355830241
235.99999999999088,0.3,61.800000000001646,-3.646327276770762,-0.4066794674214407,0.6308261181389412,-0.40667946735464966,-3.6463272767678063,-8.295073710669726,-8.295073710660915,0.4853267748420391,0.6192127658790358,0.6542833936402611,0.6192127658793845,0.48532677485349196,0.41461177434393726,0.3069916283128376,0.25499713774106014,0.3069916283125004,0.41461177434373525
236.49999999999085,0.3,61.95000000000165,-3.5906683623225035,-0.35275568792383183,0.6816356454385755,-0.35275568785249334,-3.5906683622778246,-8.241158627189975,-8.24115862718088,0.48436166623026755,0.6193314946320703,0.6562828401185791,0.6193314946324281,0.48436166624271854,0.41470280026190287,0.3069916283128376,0.2517153592674563,0.3069916283125004,0.41470280026170026
236.99999999999082,0.3,62.10000000000166,-3.535069591186641,-0.29896241027887527,0.7321658598875729,-0.2989624102009998,-3.5350695911610046,-8.187246942180991,-8.187246942171498,0.48349837033985515,0.6194499196104106,0.6583865930086262,0.6194499196107834,0.4834983703540737,0.41479105958531964,0.3069916283128376,0.24822492864460338,0.3069916283125004,0.4147910595851152
237.4999999999908,0.3,62.25000000000166,-3.4795564877983907,-0.2453053946389332,0.7824249264015748,-0.24530539456230827,-3.4795564877787797,-8.133339650755431,-8.133339650745768,0.48275592249552696,0.6195680284117163,0.6605856166986439,0.6195680284120861,0.4827559225098944,0.41487659701595947,0.3069916283128376,0.24453704285387984,0.3069916283125004,0.4148765970157541
237.99999999999076,0.3,62.40000000000167,-3.4241550042717677,-0.19179078047523035,0.8324215423742771,-0.19179078040332342,-3.4241550042634685,-8.079438091673012,-8.079438091663405,0.4821493603204211,0.6196858078017999,0.6628707654820906,0.6196858078021594,0.4821493603348232,0.41495945709949245,0.3069916283128376,0.24066322991091302,0.3069916283125004,0.4149594570992864
238.49999999999073,0.3,62.550000000001674,-3.368891190929844,-0.13842506253666897,0.8821647781173283,-0.13842506245964614,-3.3688911909172816,-8.025543953832482,-8.025543953822876,0.481662273613256,0.6198032437677575,0.6652328581440184,0.6198032437681286,0.4816622736274943,0.4150396840224763,0.3069916283128376,0.23661529278458854,0.3069916283125004,0.4150396840222698
238.9999999999907,0.3,62.70000000000168,-3.313727615291725,-0.08521288236931923,0.9316640485639596,-0.08521288228990898,-3.3137276152650657,-7.971658829315118,-7.971658829305397,0.48091182100596475,0.6199203263644544,0.6676627488028313,0.6199203263648307,0.48091182102134733,0.4151173973323104,0.3069916283128376,0.23240525451728072,0.3069916283125004,0.41511739733210296
239.49999999999068,0.3,62.850000000001685,-3.2586169358419284,-0.03215399055841317,0.9809295453719074,-0.03215399048207246,-3.258616935826865,-7.917783517431985,-7.917783517422151,0.48005070931570715,0.6200370563781492,0.6701513962790991,0.6200370563785187,0.48005070933212646,0.4151927273442662,0.3069916283128376,0.2280453034263659,0.3069916283125004,0.41519272734405754
239.99999999999065,0.3,63.00000000000169,-3.2035578845766963,0.020740262019785405,1.0299720894055326,0.020740262086292205,-3.2035578845508894,-7.863918564793096,-7.863918564783091,0.4792147132372427,0.6201609356347121,0.6726899245799086,0.6201609356351142,0.4792147132544511,0.415265748640596,0.3069800713859984,0.2235477376516518,0.3069800713855767,0.41526574864038635
240.49999999999062,0.3,63.1500000000017,-3.1485789007102767,0.07321034583117125,1.0787834980625917,0.07321034587687336,-3.148578900680093,-7.810064739816426,-7.810064739806194,0.47846966408320113,0.6204392905171401,0.675269622849708,0.6204392905176476,0.47846966410129355,0.41533651214692424,0.30672911409311476,0.21892493456044104,0.3067291140924608,0.4153365121467134
240.9999999999906,0.3,63.3000000000017,-3.0937271140609255,0.1251636879542275,1.1273326276132707,0.12516368800470445,-3.093727114026933,-7.756223378873983,-7.756223378863467,0.47784922675742897,0.62092290750045,0.6778819245656706,0.6209229075011916,0.47784922677654157,0.4154050603153622,0.3061597066194782,0.21418941380048492,0.3061597066184737,0.41540506031515
241.49999999999056,0.3,63.45000000000171,-3.0390488515905645,0.17659900053024558,1.1755927342565542,0.17659900058129097,-3.0390488515531615,-7.702396452736764,-7.702396452725793,0.47737107554394176,0.6216079678211327,0.6805185046369523,0.6216079678220681,0.4773710755649245,0.4154714332882611,0.3052769054115587,0.20935381548439255,0.3052769054102529,0.4154714332880469
241.99999999999054,0.3,63.600000000001714,-2.9845866826719885,0.22751268653837542,1.2235420789488103,0.22751268658464596,-2.984586682626457,-7.648586515185912,-7.6485865151746,0.4770441638116507,0.6224897648979479,0.6831713433886011,0.6224897648990614,0.4770441638330707,0.41553567117469353,0.3040865918505057,0.20443081333614904,0.30408659184889975,0.41553567117447765
242.4999999999905,0.3,63.75000000000172,-2.930378660561587,0.27789987284120343,1.271162897246029,0.27789987289935425,-2.930378660498434,-7.59479663550502,-7.594796635493083,0.47687192401513495,0.6235626857736976,0.6858327748909807,0.6235626857750189,0.47687192403852285,0.41559781480107244,0.302595532447039,0.19943303513272506,0.30259553244514537,0.4155978148008541
242.99999999999048,0.3,63.900000000001725,-2.8764580623270604,0.3277552739781413,1.3184406252065628,0.3277552740105989,-2.8764580622540734,-7.541030326072018,-7.541030326059115,0.47685375809756925,0.6248202529797701,0.6884955246760488,0.6248202529811976,0.47685375812302205,0.41565790585342655,0.3008113488056535,0.19437299132805858,0.30081134880350446,0.415657905853205
243.49999999999045,0.3,64.05000000000173,-2.8228537488377583,0.3770738777978977,1.365363325549822,0.37707387785007995,-2.822853748754369,-7.487291470472883,-7.4872914704591835,0.47699447183192195,0.6262551818264043,0.6911527386240012,0.6262551818279973,0.47699447185791005,0.415715986460293,0.2987424690102603,0.18926301081976896,0.2987424690079119,0.4157159864600684
243.99999999999042,0.3,64.20000000000174,-2.7695637053184896,0.42585206326782554,1.4119212908727263,0.42585206330852543,-2.7695637052419215,-7.433584135663409,-7.433584135648857,0.47699021316260337,0.6278594343382321,0.6937980031455439,0.627859434340008,0.47699021318801044,0.41577211984179313,0.29639806939954105,0.18411518308957042,0.2963980693968558,0.41577211984156565
244.4999999999904,0.3,64.35000000000174,-2.7165063305914714,0.4740925502052846,1.4581071554018195,0.4740925502325126,-2.7165063305152444,-7.379911536242901,-7.379911536227553,0.47668569765277896,0.6296243440852125,0.6964253597123826,0.6296243440870712,0.47668569767829394,0.41582643126019003,0.2937879973233381,0.17894130568395644,0.29378799732046185,0.4158264312599597
244.99999999999037,0.3,64.50000000000175,-2.663660737567966,0.5218031806242607,1.5039162724139032,0.5218031806481349,-2.6636607375028802,-7.326276149338014,-7.326276149321927,0.47636149771516,0.6315407026559633,0.6990293139382806,0.6315407026578734,0.47636149774090064,0.41587899881921253,0.29092267245993453,0.17375283521383897,0.2909226724569554,0.41587899881897966
245.49999999999034,0.3,64.65000000000175,-2.611044060253107,0.5689928335161198,1.5493465178221868,0.5689928335210652,-2.611044060200129,-7.272680495371958,-7.272680495355303,0.47611731706915483,0.6335988338946887,0.7016048363451896,0.6335988338965576,0.47611731709485383,0.4159298691400682,0.28781300880974825,0.16856084277574293,0.28781300880675525,0.4159298691398331
245.9999999999903,0.3,64.80000000000176,-2.5586825181700874,0.615670294805966,1.5943978424093643,0.6156702948185853,-2.5586825181254085,-7.2191273884714064,-7.219127388454297,0.4759864610030911,0.6357886778318114,0.7041473589189096,0.6357886778336967,0.47598646102864994,0.41597907916221905,0.2844703531703595,0.16337597560979045,0.2844703531673524,0.4159790791619821
246.49999999999028,0.3,64.95000000000176,-2.50660194903071,0.6618442396558635,1.6390718461152574,0.6618442396729733,-2.5066019489652263,-7.165619967629993,-7.1656199676125425,0.4759785367664958,0.6380998756101074,0.7066527643963938,0.6380998756120024,0.47597853679192254,0.416026663121481,0.2809064270564565,0.1582084251596276,0.2809064270534281,0.41602666312124237
246.99999999999025,0.3,65.10000000000177,-2.4548248545862634,0.7075234958022065,1.6833714420279193,0.7075234958380179,-2.454824854497417,-7.112161658293189,-7.112161658274886,0.4760939836344796,0.640521859338472,0.7091173690227599,0.6405218593404621,0.4760939836625704,0.41607265467923826,0.27713326829128415,0.1530679010404719,0.27713326828813895,0.41607265467899673
247.49999999999022,0.3,65.25000000000178,-2.403369630449106,0.7527173275297514,1.727300609017334,0.7527173275627206,-2.4033696303755505,-7.058756114361472,-7.0587561143424296,0.476329159889471,0.643043940360853,0.7115379217083232,0.6430439403629081,0.47632915991758173,0.4161170874891289,0.27316317184081146,0.14796361025190638,0.2731631718375199,0.41611708748888465
247.9999999999902,0.3,65.40000000000178,-2.352250525946033,0.7974356654694361,1.7708642187367332,0.797435665511216,-2.352250525866623,-7.005407157309548,-7.005407157289767,0.4766782363433646,0.6456553980086464,0.7139115709589733,0.6456553980108165,0.4766782363710326,0.41615999526949404,0.2690086304511114,0.1429042410766929,0.2690086304476325,0.41615999526924746
248.49999999999017,0.3,65.55000000000179,-2.3014778472982016,0.8416892703466488,1.8140679209432733,0.8416892703855297,-2.3014778472183934,-6.952118717935605,-6.9521187179150274,0.4771340134058305,0.648345569335188,0.7162358460304069,0.6483455693374536,0.477134013433776,0.41620141172835295,0.2646822758756599,0.13789795136582114,0.2646822758719771,0.4162014117281038
248.99999999999014,0.3,65.7000000000018,-2.2510582444193687,0.8854898342461865,1.8569180677826012,0.8854898342798947,-2.2510582443435396,-6.898894782547927,-6.898894782526497,0.47768837405894754,0.6511039280095601,0.7185086378823485,0.6511039280118458,0.4776883740865398,0.41624137045302856,0.2601968214391032,0.13295236067519278,0.2601968214353317,0.4162413704527769
249.4999999999901,0.3,65.8500000000018,-2.2009950277888493,0.9288500294045434,1.8994216653299532,0.9288500294383653,-2.2009950277011967,-6.845739344175968,-6.845739344153685,0.4783326063011207,0.6539201645739876,0.7207281775349383,0.6539201645763161,0.47833260632902674,0.41627990480030314,0.2555650066007114,0.12807454597689197,0.25556500659682685,0.4162799048000488
249.99999999999008,0.3,66.0000000000018,-2.1512864569268118,0.9717835416627167,1.9415863433257528,0.9717835416869889,-2.1512864568480836,-6.792656353124812,-6.792656353101677,0.4790176589156099,0.6567842551418592,0.7228930142386325,0.6567842551441951,0.4790176589424754,0.4163170490566726,0.2507995440447214,0.12327104066845714,0.2507995440407491,0.4163170490564157
250.49999999999005,0.3,66.15000000000181,-2.1018663206532437,1.014307175353565,1.983420460453317,1.0143071753910249,-2.1018663205666144,-6.739649236330536,-6.739649236306718,0.47933552350091485,0.6596865273319639,0.725001994087899,0.6596865273343561,0.4793355235270401,0.4163528767158672,0.24591306721580586,0.11854783656981614,0.2459130672117458,0.41635287671560783
250.99999999999002,0.3,66.30000000000182,-2.052668362113593,1.0564433897583285,2.024933632708212,1.056443389783169,-2.052668362037423,-6.686720250244605,-6.686720250220162,0.4795338254743019,0.6626177325460892,0.727054240316717,0.6626177325484555,0.4795338255004137,0.41638746419313577,0.24091806583756378,0.11391038805016818,0.24091806583345432,0.4163874641928741
251.49999999999,0.3,66.45000000000182,-2.0036890902313758,1.0982157320361807,2.0661369110430314,1.098215732070571,-2.00368909016413,-6.633871287037891,-6.633871287012823,0.479768436019244,0.665569083019316,0.729049133560298,0.6655690830217218,0.4797684360441349,0.4164208489596336,0.2358268302249948,0.10936361786409089,0.23582683022080703,0.4164208489593701
251.99999999998997,0.3,66.60000000000183,-1.954939492429844,1.1396466176811941,2.1070424747926495,1.1396466177185403,-1.9549394923451473,-6.58110431329618,-6.58110431327043,0.4800739506181852,0.668532275258047,0.7309862912798809,0.6685322752604639,0.4800739506437855,0.4164530573658254,0.23065141963575334,0.1049119258503711,0.23065141963150496,0.4164530573655597
252.49999999998994,0.3,66.75000000000183,-1.906430640088331,1.1807571362317049,2.1476632731304903,1.180757136267971,-1.9064306400223927,-6.528421426744615,-6.5284214267181255,0.48045507488583555,0.6714995068129039,0.7328655473600549,0.6714995068153222,0.4804550749113148,0.416484113225916,0.2254036387652986,0.1005592007864907,0.22540363876098626,0.41648411322564804
252.9999999999899,0.3,66.90000000000184,-1.8581706772120015,1.2215672665449802,2.1880127353836656,1.2215672665807347,-1.858170677133785,-6.4758248250008705,-6.475824824973756,0.4809089313675569,0.6744634881480123,0.734686932403236,0.6744634881504141,0.4809089313925727,0.41651403977715395,0.2200950161447721,0.09630883491389074,0.22009501614043522,0.41651403977688406
253.49999999998988,0.3,67.05000000000184,-1.810164513211646,1.262096116639384,2.2281045574479776,1.2620961166749112,-1.810164513145935,-6.4233167598006276,-6.423316759772945,0.48143059517052994,0.6774174470165543,0.7364506549552159,0.6774174470189518,0.48143059519527376,0.4165428600718635,0.21473678347808037,0.09216374056426849,0.21473678347369557,0.41654286007159164
253.99999999998985,0.3,67.20000000000185,-1.7624141188560998,1.3023621129277672,2.267952549513609,1.3023621129534035,-1.7624141187810665,-6.370899493659408,-6.370899493631043,0.48201452266611444,0.6803551275040174,0.7381570837748134,0.6803551275063657,0.48201452269062395,0.41657059700943616,0.20933985608022526,0.08812636839714157,0.20933985607583327,0.41657059700916255
254.49999999998983,0.3,67.35000000000186,-1.7149189220376684,1.342383134500949,2.3075705291454938,1.342383134511806,-1.714918921945582,-6.318575262320735,-6.318575262291574,0.48265497027063153,0.6832707842770464,0.7398067311962149,0.6832707842793081,0.48265497029561766,0.41659727329468965,0.20391481472545658,0.08419872685191529,0.20391481472111136,0.41659727329441365
254.9999999999898,0.3,67.50000000000186,-1.6676761888759302,1.382176602251775,2.3469722466064127,1.3821766022536508,-1.6676761887760563,-6.26634624314994,-6.266346243119756,0.4833461601390264,0.6861591719195838,0.741400237592796,0.6861591719217363,0.4833461601642061,0.4166229113892219,0.19847188915294342,0.08038240249437506,0.19847188914871727,0.4166229113889434
255.49999999998977,0.3,67.65000000000187,-1.6206813682622965,1.421759533699401,2.3861713329384315,1.4217595337061084,-1.6206813681656627,-6.214214528957882,-6.214214528926618,0.4840823765195679,0.6890155315451891,0.7429383569266121,0.6890155315472709,0.4840823765441907,0.4166475334701658,0.1930209433961224,0.07667858099658499,0.19302094339200607,0.4166475334698848
255.99999999998974,0.3,67.80000000000187,-1.5739283991376283,1.4611485722673478,2.4251812632609813,1.4611485722867315,-1.5739283990396302,-6.16218210665636,-6.16218210662413,0.48485803692623514,0.6918355735309394,0.7444219433494235,0.6918355735329936,0.4848580369503708,0.4166711613984957,0.1875714630217166,0.07308806853326387,0.18757146301766564,0.41667116139821225
256.4999999999898,0.3,67.95000000000188,-1.527409983773282,1.5003599984260632,2.464015330435018,1.500359998454769,-1.5274099836911432,-6.110250840186495,-6.110250840153469,0.4856677487204975,0.6946154575157835,0.7458519388119524,0.694615457517832,0.48566774874334895,0.4166938166962996,0.18213254430878567,0.06961131341271773,0.18213254430473932,0.4166938166960141
256.99999999998994,0.3,68.10000000000188,-1.4811178306566717,1.5394097280884012,2.502686625249339,1.5394097281412655,-1.4811178305746466,-6.058422457217887,-6.058422457184122,0.4865063539288151,0.6973517700616872,0.747229361630827,0.6973517700637933,0.4865063539505063,0.4167155205319071,0.17671288535455748,0.06624842778594585,0.17671288535046237,0.4167155205316198
257.49999999999005,0.3,68.25000000000189,-1.435042869658787,1.578313302194715,2.5412080205836673,1.5783133022483185,-1.4350428695979076,-6.006698539166848,-6.006698539132685,0.4873689634946796,0.7000415039659006,0.7485552959596417,0.7000415039680324,0.48736896351513914,0.4167362937117599,0.1713207790615726,0.0629992092992496,0.17132077905737655,0.4167362937114711
257.99999999999017,0.3,68.4000000000019,-1.3891630348346098,1.6170861530719094,2.5795921699178166,1.617086153123978,-1.3891630347785622,-5.955080456575672,-5.955080456541339,0.48810950245605056,0.7026820331398193,0.7498308821419502,0.702682033141952,0.4881095024747167,0.416756163746344,0.16596410782498713,0.059863162571412214,0.16596410782072757,0.4167561637460542
258.4999999999903,0.3,68.5500000000019,-1.3434128994833259,1.65574602356088,2.61785170914618,1.655746023608117,-1.3434128994298362,-5.9035688465990575,-5.903568846564497,0.4886287649247087,0.7052710982808378,0.7510573084222076,0.7052710982829395,0.4886287649430501,0.41677518404083813,0.1606503364356762,0.05683952031618323,0.16065033643140855,0.41677518404054725
258.9999999999904,0.3,68.7000000000019,-1.2977720674479087,1.6943119047128334,2.6559995556942795,1.6943119047564323,-1.297772067370829,-5.852163754157004,-5.852163754122046,0.48913608751648074,0.7078067830835393,0.7522358037712358,0.7078067830856126,0.4891360875353289,0.41679338457494464,0.15538650203933788,0.05392726379305454,0.15538650203506246,0.41679338457465226
259.4999999999905,0.3,68.85000000000191,-1.2522424332364608,1.7328013158560225,2.6940487987378674,1.7328013159001898,-1.25224243317507,-5.800865174034357,-5.800865173999171,0.48966973059474234,0.710287483457124,0.7533676303335519,0.7102874834591822,0.48966973061276653,0.41681078199668903,0.15017921478087012,0.05112514278108656,0.15017921477657606,0.41681078199639543
259.9999999999906,0.3,69.00000000000192,-1.2068272456981504,1.7712300043201026,2.7320124613754615,1.771230004363133,-1.2068272456340878,-5.749673145930046,-5.749673145894462,0.4902330166175129,0.7127118791517708,0.7544540760523878,0.7127118791537914,0.49023301663515184,0.4168273908505952,0.14503466460352904,0.0484316953626423,0.14503466459926742,0.4168273908503005
260.49999999999073,0.3,69.15000000000192,-1.1615281431883204,1.809612173749315,2.7699033092113154,1.809612173790697,-1.1615281431349445,-5.698587741278118,-5.6985877412423065,0.490823759547028,0.7150789087153515,0.7554964479118963,0.7150789087173282,0.49082375956456054,0.41684322534569945,0.1399586285186093,0.04584526740209872,0.13995862851438748,0.4168432253454035
260.99999999999085,0.3,69.30000000000193,-1.1163450399932913,1.8479607256504096,2.8077337175437265,1.8479607256882105,-1.1163450399409385,-5.647609038576547,-5.647609038540622,0.4914389798178663,0.7173877706282301,0.7564960658396948,0.7173877706301626,0.4914389798344746,0.41685829960277243,0.13495647735884417,0.04336403153301702,0.1349564773546559,0.4168582996024756
261.49999999999096,0.3,69.45000000000194,-1.07127640530922,1.886287460337769,2.845515584973043,1.8862874603673276,-1.0712764052643706,-5.59673710164958,-5.5967371016135985,0.49207566940843694,0.7196378698133138,0.7574542572351972,0.7196378698151724,0.4920756694243464,0.416872627669954,0.13003318251853774,0.040986005511455884,0.13003318251442733,0.4168726276696563
261.9999999999911,0.3,69.60000000000194,-1.0263195535384284,1.9246032315064099,2.8832602813263293,1.9246032315350021,-1.0263195534897136,-5.545971962307078,-5.545971962270983,0.49273092390609896,0.7218288118899259,0.7583723520759557,0.7218288118917264,0.4927309239218764,0.4168862235083745,0.12519332282951856,0.0387090698395816,0.12519332282549345,0.416886223508076
262.4999999999912,0.3,69.75000000000195,-0.9814708944475683,1.9629180644672033,2.92097861982802,1.9629180644891449,-0.9814708944147696,-5.495313606948457,-5.495313606912418,0.49340197173749645,0.7239603855029084,0.7592516785507492,0.7239603855046421,0.49340197175237965,0.416899100978245,0.12044109161746638,0.03653098459954843,0.12044109161351843,0.4168991009779459
262.9999999999913,0.3,69.90000000000195,-0.9367261428828897,2.0012412472026995,2.95868084628529,2.0012412472189567,-0.936726142842474,-5.444761966479234,-5.444761966443082,0.4940861851244785,0.7260325459073044,0.7600935591707693,0.72603254590896,0.49408618513900193,0.4169112738292168,0.11578030411715706,0.034449405463417036,0.11578030411332194,0.4169112738289171
263.4999999999914,0.3,70.05000000000196,-0.892080493549031,2.039581400941927,2.9963766397897302,2.0395814009464175,-0.8920804935124806,-5.39431690897726,-5.39431690894105,0.4947810862944263,0.7280453997382313,0.7608993073127245,0.7280453997397761,0.49478108630864803,0.4169227556947931,0.11121440531812511,0.03246189886323706,0.1112144053144474,0.41692275569449266
263.99999999999153,0.3,70.20000000000196,-0.8475287668234728,2.0779465353882642,3.0340751212596615,2.07794653538798,-0.8475287667858993,-5.343978234637348,-5.343978234601138,0.4954843511824244,0.7299991908975212,0.7616702241523068,0.7299991908989792,0.49548435119615536,0.41693356009009547,0.10674647827929394,0.03056595631827116,0.1067464782757621,0.4169335600897945
264.49999999999164,0.3,70.35000000000197,-0.8030655302741252,2.1163440925095642,3.0717848668514307,2.1163440925001282,-0.8030655302520131,-5.293745672598959,-5.29374567256275,0.49619381112596184,0.731894287490899,0.7624075959492161,0.7318942874922537,0.4961938111389843,0.41694370041232914,0.10237925292777643,0.028759007925369107,0.10237925292440672,0.4169437004120276
264.99999999999176,0.3,70.50000000000198,-0.7586851998644875,2.1547809817253665,3.1095139244108054,2.154780981720478,-0.758685199833053,-5.243618879328494,-5.243618879292512,0.49690745279041004,0.7337311697507679,0.7631126916496259,0.7337311697520605,0.49690745280319876,0.41695318994339164,0.09811511534009976,0.027038435024803804,0.09811511533688246,0.41695318994308966
265.49999999999187,0.3,70.65000000000198,-0.714382123863345,2.1932636088482695,3.147269831532128,2.193263608849122,-0.7143821238228156,-5.193597438279824,-5.193597438243785,0.497623416540367,0.7355104188818481,0.7637867607750051,0.7355104188830851,0.497623416552773,0.4169620418541652,0.09395611749135417,0.025401582058320514,0.09395611748828456,0.41696204185386265
265.999999999992,0.3,70.80000000000199,-0.6701506524121896,2.231797900380741,3.185059634289132,2.2317979003827872,-0.6701506523598368,-5.143680860597044,-5.143680860560778,0.49833999347156477,0.7372327067680168,0.7644310315696874,0.7372327067691946,0.4983399934840731,0.4169702692101073,0.08990398744876348,0.023845767639194784,0.08990398744582173,0.4169702692098039
266.4999999999921,0.3,70.95000000000199,-0.6259851945608261,2.2703893244398614,3.2228899060333447,2.270389324445432,-0.6259851945165451,-5.093868586665337,-5.0938685866289575,0.49905562131294245,0.7388987864805631,0.7650467093826564,0.7388987864816968,0.49905562132497894,0.4169778849778247,0.0859601399800313,0.022368294856215915,0.08596013997719916,0.4169778849775204
266.9999999999922,0.3,71.100000000002,-0.5818802649854433,2.309042909328525,3.2607667658144806,2.309042909331424,-0.5818802649330905,-5.044159988341278,-5.044159988304614,0.49976887940320647,0.7405094835304332,0.7656349752615333,0.7405094835314985,0.4997688794147695,0.4169849020323629,0.08212568754207598,0.020966460835020677,0.08212568753937935,0.41698490203205785
267.4999999999923,0.3,71.250000000002,-0.5378271676478903,2.3477633255490673,3.298695898697474,2.3477633255552632,-0.5378271675997439,-4.994554358497737,-4.994554358460789,0.5004320356819022,0.7420656879815232,0.7661969847460899,0.742065687982549,0.5004320356930229,0.4169913344805394,0.07840145160633,0.019637565581080204,0.07840145160373596,0.4169913344802334
267.99999999999244,0.3,71.40000000000201,-0.4937933470781104,2.386556010373681,3.3366826553720443,2.386556010371919,-0.49379334706168265,-4.945050681626185,-4.945050681589407,0.5009542370078489,0.743568350156301,0.766733867055031,0.743568350157245,0.5009542370177819,0.4169972057963697,0.0747879737044216,0.01837892012152771,0.07478797370196744,0.4169972057960635
268.49999999999255,0.3,71.55000000000202,-0.449766278826246,2.425427090705739,3.374732241712536,2.4254270907127875,-0.44976627881140985,-4.89564762255452,-4.8956476225181405,0.501460144826826,0.745018474303999,0.7672467246913685,0.7450184743049163,0.5014601448365325,0.41700253153804145,0.07128552542960238,0.01718785393453529,0.07128552542726022,0.41700253153773514
268.99999999999267,0.3,71.70000000000202,-0.4057477980675799,2.464381816322259,3.412849701782932,2.464381816335276,-0.4057477980443309,-4.846343843914269,-4.846343843878117,0.5019699745629762,0.7464171080848062,0.7677366326507346,0.746417108085697,0.5019699745726849,0.4170073213428323,0.06789412070655701,0.016061721726001055,0.06789412070430789,0.4170073213425257
269.4999999999928,0.3,71.85000000000203,-0.3617401729695757,2.503424417431802,3.4510398173680983,2.5034244174472633,-0.3617401729550238,-4.797138060179748,-4.797138060143766,0.5024844994794594,0.7477653357548402,0.7682046375144965,0.7477653357556998,0.5024844994888877,0.4170115843150293,0.06461352956424435,0.0149979096451108,0.06461352956207934,0.4170115843147224
269.9999999999929,0.3,72.00000000000203,-0.31774486642831334,2.542558262380851,3.4893070334160257,2.5425582623963123,-0.3177448664018243,-4.748029029066913,-4.748029029031102,0.503002774915196,0.7490642727437642,0.7686517567248906,0.7490642727445859,0.5030027749244473,0.41701532955595755,0.06144329171145626,0.013993840953525273,0.06144329170937773,0.4170153295556503
270.499999999993,0.3,72.15000000000204,-0.27376260841623434,2.5817860053060713,3.5276554131994544,2.5817860053238633,-0.27376260840998157,-4.699015540086464,-4.69901554005105,0.5035237662650024,0.7503150608058885,0.7690789780485483,0.7503150608066803,0.5035237662736964,0.41701856619990496,0.05838272977371242,0.013046981148512531,0.05838272977171692,0.4170185661995977
270.9999999999931,0.3,72.30000000000204,-0.2297935529459778,2.621109703643981,3.5660886159089387,2.6211097036677984,-0.22979355292170567,-4.650096405258807,-4.650096405223621,0.5040464963811806,0.7515188636034071,0.7694872592050928,0.7515188636041832,0.5040464963898327,0.41702130340983923,0.0554309622656862,0.012154842549083113,0.05543096226376685,0.4170213034095318
271.49999999999324,0.3,72.45000000000205,-0.18583741363300987,2.660530910744228,3.6046098899642516,2.6605309107661697,-0.18583741360231443,-4.601270451976291,-4.601270451941275,0.5045700568356846,0.752676862658528,0.7698775276380828,0.7526768626592666,0.5045700568443063,0.41702355037182254,0.05258691635973064,0.011314988361730961,0.05258691635788673,0.4170235503715148
271.99999999999335,0.3,72.60000000000205,-0.14189357422588955,2.700050749138086,3.643222077302653,2.7000507491595727,-0.14189357421184923,-4.552536517632404,-4.55253651759773,0.5050936066595867,0.7537902536272991,0.7702506804093704,0.7537902536280079,0.5050936066677906,0.41702531629102446,0.04984934048618486,0.010525036247253075,0.0498493404844098,0.4170253162907165
272.49999999999346,0.3,72.75000000000206,-0.09796117784128455,2.7396699690946207,3.681927624991431,2.739669969119632,-0.09796117783929503,-4.5038934456761694,-4.503893445641722,0.5056163699014605,0.7548602428577198,0.7706075842003953,0.7548602428584096,0.5056163699092296,0.4170266103892086,0.04721681678182654,0.009782661412911797,0.04721681678012065,0.4170266103889004
272.9999999999936,0.3,72.90000000000207,-0.05403919889181452,2.7793889959675653,3.7207286015988643,2.7793889959936564,-0.05403919888863129,-4.455340082809755,-4.455340082775706,0.5061376330342062,0.7558880442012825,0.7709490754067819,0.7558880442019471,0.5061376330417429,0.417027441903385,0.044687773388527884,0.009085599255672712,0.04468777338688949,0.4170274419030767
273.4999999999937,0.3,73.05000000000207,-0.010126501043714597,2.819207968858848,3.759626716432365,2.819207968878004,-0.01012650103893975,-4.406875277103552,-4.406875277069844,0.5066567423037769,0.7568748760518681,0.7712759603146027,0.756874876052485,0.506656742311176,0.4170278200853646,0.04226049659423554,0.008431647582788512,0.04226049659267045,0.4170278200850563
273.69999999999374,0.3,73.11000000000207,0.0074362470681421655,2.8351635250298273,3.775213479026206,2.8351635250472214,0.007436247070756963,-4.387513892850336,-4.387513892816855,0.5068636474348204,0.7572584106543578,0.7714027994298555,0.7572584106549585,0.5068636474420515,0.4170278465003962,0.04131767165222747,0.008181656752937801,0.04131767165069179,0.4170278465000879
