time_s,current_Acm2,charge_Ccm2,T1_C,T2_C,T3_C,T4_C,T5_C,Tplate_left_C,Tplate_right_C,V1_V,V2_V,V3_V,V4_V,V5_V,ice1_fraction,ice2_fraction,ice3_fraction,ice4_fraction,ice5_fraction
0.0,0.0,0.0,-30.00000000000017,-30.00000000000017,-30.00000000000017,-30.00000000000017,-30.000000000000085,-30.0,-30.0,1.26757512097522,1.26757512097522,1.26757512097522,1.26757512097522,1.26757512097522,0.0,0.0,0.0,0.0,0.0
0.1,0.0,0.0,-29.838953878344853,-29.836820869459387,-29.836801116110735,-29.83682086945936,-29.838953878344768,-29.99966287236873,-29.99966287236873,1.2674328172846163,1.2674309325137607,1.2674309150592926,1.2674309325137607,1.2674328172846163,0.0,0.0,0.0,0.0,0.0
0.2,0.0,0.0,-29.680697313619447,-29.673700512593115,-29.673603949461437,-29.673700512593086,-29.680697313619106,-29.99888382897751,-29.998883828977483,1.2672929785043263,1.2672867959859384,1.267286710660754,1.2672867959859382,1.267292978504326,0.0,0.0,0.0,0.0,0.0
0.3,0.0,0.0,-29.52513606123142,-29.510675222993683,-29.51041085474023,-29.510675222993683,-29.525136061230512,-29.99767172097725,-29.997671720977223,1.2671555213578751,1.2671427434615228,1.2671425098602551,1.267142743461523,1.2671555213578745,0.0,0.0,0.0,0.0,0.0
0.39999999999999997,0.0,0.0,-29.372179475310077,-29.347779049475008,-29.347225085307713,-29.34777904947441,-29.372179475308684,-29.99603511890848,-29.996035118908452,1.2670203657486927,1.266998805026752,1.2669983155325335,1.2669988050267516,1.2670203657486914,0.0,0.0,0.0,0.0,0.0
0.49999999999999994,0.0,0.0,-29.221740360748385,-29.185043918856024,-29.18405070816766,-29.185043918855087,-29.22174036074668,-29.993982323228664,-29.993982323228664,1.2668874346293757,1.266855008892825,1.2668541312712773,1.2668550088928243,1.2668874346293744,0.0,0.0,0.0,0.0,0.0
0.6,0.0,0.0,-29.07373483171881,-29.022499752210763,-29.020892524594615,-29.02249975220971,-29.073734831717047,-29.991521374410354,-29.991521374410326,1.2667566538766684,1.2667113814986224,1.2667099613189927,1.2667113814986215,1.2667566538766666,0.0,0.0,0.0,0.0,0.0
0.7000000000000001,0.0,0.0,-28.928082176363176,-28.860174574916698,-28.857755996082858,-28.860174574915504,-28.928082176361386,-29.98866006262881,-29.988660062628753,1.2666279521718997,1.266567947607949,1.266565810501569,1.266567947607948,1.2666279521718982,0.0,0.0,0.0,0.0,0.0
0.8000000000000002,0.0,0.0,-28.784704727374447,-28.698094620834098,-28.69464717529985,-28.69809462083316,-28.784704727372628,-29.985405937057237,-29.985405937057124,1.2665012608866284,1.2664247304015872,1.2664216841672686,1.2664247304015863,1.266501260886627,0.0,0.0,0.0,0.0,0.0
0.9000000000000002,0.0,0.0,-28.643527738200504,-28.53628443092566,-28.53157264175661,-28.536284430925235,-28.6435277381984,-29.981766314786142,-29.981766314786,1.2663765139732517,1.2662817515644402,1.2662775881298838,1.2662817515644398,1.26637651397325,0.0,0.0,0.0,0.0,0.0
1.0000000000000002,0.0,0.0,-28.504479264606942,-28.374766946607735,-28.368539441900168,-28.374766946606883,-28.504479264604953,-29.97774828938344,-29.97774828938327,1.266253647860353,1.2661390313680192,1.266133528615801,1.2661390313680183,1.266253647860351,0.0,0.0,0.0,0.0,0.0
1.1000000000000003,0.0,0.0,-28.36749005136582,-28.213563598110966,-28.205555033382666,-28.213563598110284,-28.3674900513642,-29.97335873911041,-29.97335873911021,1.2661326013525773,1.2659965887485196,1.2659895122147566,1.2659965887485192,1.266132601352576,0.0,0.0,0.0,0.0,0.0
1.2000000000000004,0.0,0.0,-28.232493423821893,-28.052694388119107,-28.042627233238846,-28.052694388118255,-28.232493423819733,-29.968604334808504,-29.968604334808276,1.2660133155348183,1.2658544413807278,1.2658455458340447,1.2658544413807271,1.2660133155348163,0.0,0.0,0.0,0.0,0.0
1.3000000000000005,0.0,0.0,-28.099425184123334,-27.892177970926156,-27.879764169748654,-27.892177970925133,-28.099425184120804,-29.963491547471023,-29.963491547470795,1.2658957336805232,1.2657126057479642,1.2657016366559812,1.2657126057479635,1.265895733680521,0.0,0.0,0.0,0.0,0.0
1.4000000000000006,0.0,0.0,-27.96822351190383,-27.73203172735836,-27.716974237759047,-27.732031727357423,-27.96822351190133,-29.958026655513123,-29.958026655512924,1.265779801163935,1.2655710972082874,1.2655577920984271,1.2655710972082865,1.2657798011639327,0.0,0.0,0.0,0.0,0.0
1.5000000000000007,0.0,0.0,-27.83882886921552,-27.57227183567602,-27.554266057251766,-27.572271835675338,-27.838828869212335,-29.95221575175313,-29.95221575175293,1.2656654653760895,1.2654299300571432,1.2654140197781771,1.2654299300571428,1.2656654653760866,0.0,0.0,0.0,0.0,0.0
1.6000000000000008,0.0,0.0,-27.711183909511504,-27.412913338674485,-27.39164843496414,-27.412913338674088,-27.711183909508236,-29.94606475011716,-29.946064750116932,1.2655526756443893,1.2652891175866576,1.2652703274770467,1.2652891175866572,1.2655526756443862,0.0,0.0,0.0,0.0,0.0
1.7000000000000008,0.0,0.0,-27.585233390508762,-27.25397020718225,-27.229130328874646,-27.25397020718222,-27.585233390505834,-29.939579392078798,-29.939579392078628,1.265441383155608,1.265148672141744,1.2651267231104915,1.265148672141744,1.2654413831556055,0.0,0.0,0.0,0.0,0.0
1.800000000000001,0.0,0.0,-27.46092409074774,-27.095455400145937,-27.066720815373458,-27.095455400145738,-27.460924090744868,-29.93276525284557,-29.932765252845343,1.2653315408821613,1.2650086051731961,1.2649832146985975,1.2650086051731961,1.2653315408821588,0.0,0.0,0.0,0.0,0.0
1.900000000000001,0.0,0.0,-27.338204729682474,-26.937380921485527,-26.90442905895651,-26.937380921484788,-27.33820472967966,-29.92562774730186,-29.925627747301633,1.265223103511496,1.2648689272879268,1.2648398103393037,1.264868927287926,1.2652231035114934,0.0,0.0,0.0,0.0,0.0
2.000000000000001,0.0,0.0,-27.217025891147415,-26.779757873887093,-26.742264284285568,-26.779757873886496,-27.217025891144772,-29.918172135719658,-29.918172135719402,1.265116027378464,1.264729648296499,1.2646965181837122,1.2647296482964985,1.2651160273784618,0.0,0.0,0.0,0.0,0.0
2.1000000000000005,0.0,0.0,-27.097339950047427,-26.622596509701765,-26.58023575046215,-26.622596509701367,-27.097339950044528,-29.910403529246082,-29.910403529245883,1.2650102704005446,1.2645907772581029,1.2645533464133571,1.2645907772581026,1.2650102704005417,0.0,0.0,0.0,0.0,0.0
2.2,0.0,0.0,-26.97910100212357,-26.4659062790964,-26.41835272738274,-26.465906279095947,-26.97910100212067,-29.902326895177225,-29.902326895177055,1.2649057920157825,1.264452322523102,1.264410303219311,1.2644523225231015,1.26490579201578,0.0,0.0,0.0,0.0,0.0
2.3,0.0,0.0,-26.86226479666803,-26.309695875606792,-26.25662447403775,-26.309695875605996,-26.8622647966651,-29.89394706202708,-29.89394706202694,1.2648025531233362,1.264314291773284,1.2642673967830094,1.2643142917732835,1.2648025531233336,0.0,0.0,0.0,0.0,0.0
2.3999999999999995,0.0,0.0,-26.746788672043863,-26.153973279229007,-26.095060218634245,-26.153973279227984,-26.74678867204068,-29.885268724400817,-29.885268724400675,1.2647005160264986,1.2641766920599398,1.2641246352586877,1.2641766920599389,1.264700516026496,0.0,0.0,0.0,0.0,0.0
2.499999999999999,0.0,0.0,-26.632631493893996,-25.99874579718218,-25.933669140425764,-25.998745797181755,-26.632631493890955,-29.876296447679238,-29.876296447679067,1.2645996443780994,1.2640395298398788,1.2639820267573245,1.2640395298398786,1.264599644378097,0.0,0.0,0.0,0.0,0.0
2.5999999999999988,0.0,0.0,-26.519753595919184,-25.844020102464498,-25.77246035313405,-25.844020102464043,-26.51975359591657,-29.867034672523488,-29.86703467252326,1.2644999031281747,1.2639028110095012,1.2638395793319932,1.2639028110095007,1.2644999031281723,0.0,0.0,0.0,0.0,0.0
2.6999999999999984,0.0,0.0,-26.408116723109714,-25.689802270316505,-25.611442889870943,-25.68980227031608,-26.40811672310747,-29.85748771920649,-29.857487719206205,1.2644012584738051,1.263766540937015,1.2636973009645385,1.2637665409370147,1.264401258473803,0.0,0.0,0.0,0.0,0.0
2.799999999999998,0.0,0.0,-26.297683977322265,-25.536097812711034,-25.450625689446582,-25.536097812710352,-26.29768397731999,-29.847659791778995,-29.847659791778682,1.2643036778110261,1.2636307244929132,1.2635551995534784,1.2636307244929128,1.264303677811024,0.0,0.0,0.0,0.0,0.0
2.8999999999999977,0.0,0.0,-26.18841976510305,-25.38291171096583,-25.290017583986952,-25.38291171096509,-26.18841976510069,-29.837554982076313,-29.83755498207603,1.2642071296887247,1.2634953660787926,1.2634132829030624,1.263495366078792,1.2642071296887227,0.0,0.0,0.0,0.0,0.0
2.9999999999999973,0.0,0.0,-26.080289747652984,-25.230248446585875,-25.129627287766937,-25.230248446585193,-26.080289747650937,-29.827177273573,-29.82717727357263,1.2641115837644266,1.263360469654603,1.2632715587134042,1.2633604696546026,1.2641115837644246,0.0,0.0,0.0,0.0,0.0
3.099999999999997,0.0,0.0,-25.97326079284838,-25.078112030425814,-24.96946338717717,-25.078112030424705,-25.973260792846816,-29.81653054509053,-29.81653054509016,1.2640170107619,1.2632260387644187,1.263130034571617,1.2632260387644179,1.2640170107618987,0.0,0.0,0.0,0.0,0.0
3.1999999999999966,0.0,0.0,-25.86730092921951,-24.926506030261294,-24.809534331751564,-24.926506030259844,-25.86730092921789,-29.805618574365923,-29.805618574365525,1.263923382430492,1.2630920765608005,1.2629887179438835,1.2630920765607994,1.263923382430491,0.0,0.0,0.0,0.0,0.0
3.2999999999999963,0.0,0.0,-25.762379301807215,-24.77543359685768,-24.649848426181705,-24.77543359685629,-25.76237930180568,-29.794445041484465,-29.79444504148401,1.2638306715061218,1.2629585858278298,1.2628476161684015,1.2629585858278285,1.2638306715061205,0.0,0.0,0.0,0.0,0.0
3.399999999999996,0.0,0.0,-25.65846612981622,-24.62489748861441,-24.490413823248616,-24.62489748861327,-25.65846612981491,-29.78301353218413,-29.783013532183645,1.2637388516738608,1.2628255690028853,1.2627067364491376,1.2628255690028845,1.2637388516738595,0.0,0.0,0.0,0.0,0.0
3.4999999999999956,0.0,0.0,-25.55553266598389,-24.47490009485955,-24.331238517612604,-24.4749000948581,-25.555532665982383,-29.77132754103576,-29.771327541035305,1.2636478975320322,1.2626930281972275,1.262566085850339,1.2626930281972262,1.2636478975320307,0.0,0.0,0.0,0.0,0.0
3.599999999999995,0.0,0.0,-25.453551157593324,-24.325443457868488,-24.172330340396314,-24.325443457866527,-25.453551157592273,-29.7593904745045,-29.759390474504045,1.26355778455776,1.2625609652154526,1.2624256712917479,1.2625609652154508,1.263557784557759,0.0,0.0,0.0,0.0,0.0
3.699999999999995,0.0,0.0,-25.352494809059948,-24.17652929367361,-24.013696954510067,-24.176529293671308,-25.35249480905881,-29.74720565389663,-29.74720565389623,1.2634684890739107,1.2624293815738825,1.2622854995444708,1.2624293815738807,1.2634684890739096,0.0,0.0,0.0,0.0,0.0
3.7999999999999945,0.0,0.0,-25.252337746020373,-24.02815901173355,-23.855345850656818,-24.02815901173065,-25.25233774601932,-29.73477631819742,-29.73477631819702,1.2633799882173606,1.2622982785179442,1.2621455772274481,1.2622982785179417,1.2633799882173595,0.0,0.0,0.0,0.0,0.0
3.899999999999994,0.0,0.0,-25.153054980866244,-23.880333733516323,-23.697284343983455,-23.88033373351294,-25.15305498086454,-29.722105626803113,-29.722105626802716,1.2632922599085408,1.26216765703859,1.2620059108044952,1.2621676570385871,1.2632922599085392,0.0,0.0,0.0,0.0,0.0
3.999999999999994,0.0,0.0,-25.054622379651278,-23.733054310059828,-23.53951957131352,-23.733054310055905,-25.05462237965017,-29.709196662152323,-29.709196662151868,1.2632052828221965,1.2620375178878147,1.261866506581857,1.2620375178878114,1.2632052828221954,0.0,0.0,0.0,0.0,0.0
4.099999999999993,0.0,0.0,-24.957016630325228,-23.58632133856335,-23.38205848893125,-23.586321338559685,-24.957016630323864,-29.69605243226013,-29.696052432259677,1.2631190363593165,1.2619078615933157,1.2617273707062509,1.2619078615933126,1.2631190363593154,0.0,0.0,0.0,0.0,0.0
4.199999999999993,0.0,0.0,-24.86021521222517,-23.440135178061126,-23.22490787086693,-23.440135178057687,-24.860215212224062,-29.682675873159354,-29.68267587315887,1.2630335006201772,1.2617786884723436,1.26158850916335,1.2617786884723408,1.263033500620176,0.0,0.0,0.0,0.0,0.0
4.299999999999993,0.0,0.0,-24.76419636678324,-23.294495964228247,-23.068074307651102,-23.294495964225007,-24.764196366781647,-29.669069851251834,-29.669069851251294,1.2629486563784564,1.261649998644783,1.2614499277766842,1.2616499986447804,1.262948656378455,0.0,0.0,0.0,0.0,0.0
4.399999999999992,0.0,0.0,-24.668939069388728,-23.14940362336222,-22.911564205498195,-23.14940362335949,-24.668939069386994,-29.655237165573993,-29.65523716557348,1.2628644850563726,1.26152179204551,1.2613116322069164,1.2615217920455073,1.262864485056371,0.0,0.0,0.0,0.0,0.0
4.499999999999992,0.0,0.0,-24.574423002364426,-23.004857885592514,-22.755383785886124,-23.004857885589928,-24.574423002362693,-29.641180549979907,-29.641180549979367,1.2627809687008051,1.26139406843606,1.2611736279514745,1.2613940684360578,1.2627809687008036,0.0,0.0,0.0,0.0,0.0
4.599999999999992,0.0,0.0,-24.480628529004377,-22.860858297349154,-22.59953908549869,-22.86085829734617,-24.48062852900273,-29.626902675244736,-29.626902675244168,1.2626980899603537,1.2612668274156502,1.2610359203444965,1.2612668274156473,1.262698089960352,0.0,0.0,0.0,0.0,0.0
4.699999999999991,0.0,0.0,-24.387536668631128,-22.71740423313767,-22.444035956505758,-22.717404233134687,-24.387536668629764,-29.61240615109199,-29.61240615109145,1.262615832063298,1.26114006843158,1.260898514557082,1.2611400684315777,1.262615832063297,0.0,0.0,0.0,0.0,0.0
4.799999999999991,0.0,0.0,-24.295129072630516,-22.574494906657975,-22.288880067147602,-22.574494906655417,-24.295129072628924,-29.59769352814763,-29.59769352814709,1.2625341787964228,1.261013790789059,1.2607614155978044,1.2610137907890568,1.2625341787964215,0.0,0.0,0.0,0.0,0.0
4.899999999999991,0.0,0.0,-24.20338800141957,-22.43212938129551,-22.134076902600498,-22.432129381292953,-24.20338800141775,-29.582767299823388,-29.58276729982279,1.262453114484665,1.2608879936604749,1.2606246283134799,1.2608879936604727,1.2624531144846634,0.0,0.0,0.0,0.0,0.0
4.99999999999999,0.0,0.0,-24.11229630231304,-22.29030658002705,-21.979631766096816,-22.290306580024662,-24.112296302311677,-29.567629904132673,-29.56762990413202,1.262372623971556,1.2607626760941475,1.2604881573901543,1.2607626760941457,1.2623726239715547,0.0,0.0,0.0,0.0,0.0
5.09999999999999,0.0,0.0,-24.021837388250617,-22.149025294768762,-21.82554978028182,-22.149025294767313,-24.02183738824911,-29.55228372544113,-29.55228372544059,1.2622926926004259,1.2606378370225892,1.2603520073543033,1.260637837022588,1.2622926926004245,0.0,0.0,0.0,0.0,0.0
5.1999999999999895,0.0,0.0,-23.93199521734428,-22.008284195193795,-21.67183588877748,-22.00828419519209,-23.931995217343086,-29.53673109615505,-29.53673109615454,1.2622133061963297,1.2605134752702953,1.260216182574213,1.2605134752702938,1.2622133061963285,0.0,0.0,0.0,0.0,0.0
5.299999999999989,0.0,0.0,-23.842754273217963,-21.868081837054945,-21.51849485794139,-21.868081837053296,-23.84275427321677,-29.520974298348705,-29.520974298348193,1.262134451048676,1.2603895895610995,1.2600806872615369,1.260389589561098,1.2621344510486752,0.0,0.0,0.0,0.0,0.0
5.399999999999989,0.0,0.0,-23.754099546104726,-21.72841667003354,-21.365531278797107,-21.72841667003243,-23.754099546103078,-29.505015565334674,-29.505015565334162,1.262056113894524,1.2602661785251075,1.2599455254729977,1.2602661785251066,1.2620561138945228,0.0,0.0,0.0,0.0,0.0
5.4999999999999885,0.0,0.0,-23.6660165146686,-21.589287045144715,-21.212949569120894,-21.589287045143806,-23.66601651466752,-29.488857083178033,-29.48885708317755,1.2619782819025203,1.2601432407052424,1.2598107011122341,1.2601432407052415,1.2619782819025192,0.0,0.0,0.0,0.0,0.0
5.599999999999988,0.0,0.0,-23.57849112852449,-21.45069122171722,-21.060753975664795,-21.450691221716284,-23.578491128523524,-29.47250099215708,-29.47250099215657,1.261900942657453,1.260020774563411,1.2596762179317649,1.2600207745634102,1.2619009426574517,0.0,0.0,0.0,0.0,0.0
5.699999999999988,0.0,0.0,-23.49150979142513,-21.31262737397688,-20.908948576512444,-21.312627373975914,-23.491509791424107,-29.4559493881724,-29.455949388171973,1.2618240841453963,1.2598987784863214,1.2595420795350685,1.2598987784863207,1.2618240841453954,0.0,0.0,0.0,0.0,0.0
5.799999999999987,0.0,0.0,-23.40505934508829,-21.175093597252953,-20.757537283532145,-21.1750935972519,-23.405059345087096,-29.439204324106953,-29.43920432410647,1.2617476947394197,1.259777250790967,1.2594082893787535,1.2597772507909661,1.2617476947394184,0.0,0.0,0.0,0.0,0.0
5.899999999999987,0.0,0.0,-23.319127053640074,-21.03808791382653,-20.60652384493858,-21.03808791382562,-23.31912705363891,-29.42226781113729,-29.422267811136834,1.2616717631858407,1.2596561897297947,1.2592748507748197,1.259656189729794,1.2616717631858396,0.0,0.0,0.0,0.0,0.0
5.999999999999987,0.0,0.0,-23.233700588647565,-20.90160827844406,-20.45591184793159,-20.901608278443547,-23.233700588646713,-29.405141820000267,-29.405141819999812,1.2615962785910007,1.2595355934955756,1.259141766892991,1.2595355934955752,1.261596278591,0.0,0.0,0.0,0.0,0.0
6.099999999999986,0.0,0.0,-23.148768014717206,-20.76565258350945,-20.305704721411757,-20.765652583508682,-23.148768014716524,-29.38782828221443,-29.387828282213917,1.2615212304085388,1.2594154602259944,1.2590090407631154,1.259415460225994,1.2615212304085381,0.0,0.0,0.0,0.0,0.0
6.199999999999986,0.0,0.0,-23.064317775635914,-20.63021866397716,-20.15590573875744,-20.630218663975995,-23.064317775635402,-29.370329091259606,-29.370329091259038,1.2614466084271452,1.2592957880079718,1.2588766752776175,1.259295788007971,1.2614466084271447,0.0,0.0,0.0,0.0,0.0
6.299999999999986,0.0,0.0,-22.980338681033885,-20.495304301957503,-20.006518020656046,-20.49530430195682,-22.98033868103343,-29.35264610371513,-29.352646103714534,1.2613724027587776,1.259176574881735,1.258744673194002,1.2591765748817343,1.2613724027587772,0.0,0.0,0.0,0.0,0.0
6.399999999999985,0.0,0.0,-22.896819893548923,-20.3609072310594,-19.857544537977446,-20.360907231059315,-22.89681989354824,-29.33478114035907,-29.334781140358473,1.261298603827318,1.2590578188446533,1.2586130371373903,1.259057818844653,1.2612986038273173,0.0,0.0,0.0,0.0,0.0
6.499999999999985,0.0,0.0,-22.813750916469843,-20.227025140471227,-19.708988114684615,-20.227025140470317,-22.813750916468734,-29.31673598722918,-29.316735987228554,1.2612252023576547,1.2589395178548457,1.258481769603095,1.2589395178548448,1.2612252023576538,0.0,0.0,0.0,0.0,0.0
6.5999999999999845,0.0,0.0,-22.731121581840227,-20.093655678803827,-19.560851430769674,-20.09365567880289,-22.731121581838863,-29.298512396647425,-29.2985123966468,1.2611521893651712,1.2588216698345764,1.258350872959213,1.2588216698345756,1.26115218936517,0.0,0.0,0.0,0.0,0.0
6.699999999999984,0.0,0.0,-22.648922039009136,-19.96079645770996,-19.413137025212762,-19.960796457708767,-22.648922039007772,-29.28011208820942,-29.280112088208796,1.2610795561456276,1.258704272673452,1.2582203494492392,1.258704272673451,1.2610795561456265,0.0,0.0,0.0,0.0,0.0
6.799999999999984,0.0,0.0,-22.56714274360121,-19.828445055285016,-19.265847298955038,-19.828445055283396,-22.567142743599874,-29.261536749739946,-29.26153674973935,1.2610072942654165,1.2585873242314274,1.2580902011946953,1.258587324231426,1.2610072942654151,0.0,0.0,0.0,0.0,0.0
6.8999999999999835,0.0,0.0,-22.485774446902212,-19.696599019264994,-19.118984517874992,-19.696599019263516,-22.485774446901075,-29.242788038215792,-29.242788038215195,1.2609353955521818,1.2584708223416317,1.257960430197758,1.2584708223416303,1.260935395552181,0.0,0.0,0.0,0.0,0.0
6.999999999999983,0.0,0.0,-22.404808185630344,-19.56525587003773,-18.97255081577123,-19.565255870036083,-22.40480818562932,-29.223867580657185,-29.223867580656616,1.2608638520857824,1.2583547648130273,1.2578310383438966,1.258354764813026,1.2608638520857818,0.0,0.0,0.0,0.0,0.0
7.099999999999983,0.0,0.0,-22.32423527208914,-19.434413103466596,-18.82654819734404,-19.43441310346546,-22.324235272088288,-29.204776974989016,-29.204776974988476,1.2607926561895897,1.2582391494329082,1.2577020274045057,1.2582391494329073,1.260792656189589,0.0,0.0,0.0,0.0,0.0
7.199999999999982,0.0,0.0,-22.244047284680505,-19.304068193549966,-18.68097854116246,-19.304068193548545,-22.244047284679425,-29.185517790872893,-29.185517790872296,1.2607218004221048,1.2581239739692467,1.2575733990395275,1.2581239739692451,1.260721800422104,0.0,0.0,0.0,0.0,0.0
7.299999999999982,0.0,0.0,-22.164236058765965,-19.174218594912645,-18.53584360262272,-19.174218594911224,-22.16423605876497,-29.166091570510787,-29.166091570510247,1.260651277568884,1.2580092361728958,1.2574451548000667,1.2580092361728945,1.2606512775688832,0.0,0.0,0.0,0.0,0.0
7.399999999999982,0.0,0.0,-22.08479367786333,-19.04486174515219,-18.391145016893546,-19.044861745150627,-22.08479367786282,-29.146499829422282,-29.1464998294218,1.26058108063476,1.2578949337796645,1.2573172961309924,1.2578949337796634,1.2605810806347593,0.0,0.0,0.0,0.0,0.0
7.499999999999981,0.0,0.0,-22.00571246516475,-18.915995067034856,-18.24688430183474,-18.91599506703332,-22.00571246516415,-29.12674405719494,-29.126744057194458,1.2605112028363454,1.2577810645122554,1.2571898243735167,1.257781064512254,1.2605112028363448,0.0,0.0,0.0,0.0,0.0
7.599999999999981,0.0,0.0,-21.926984975361364,-18.787615970560694,-18.103062860901616,-18.787615970559443,-21.926984975360966,-29.10682571820996,-29.10682571820945,1.2604416375948118,1.2576676260820907,1.257062740767762,1.2576676260820898,1.2604416375948113,0.0,0.0,0.0,0.0,0.0
7.699999999999981,0.0,0.0,-21.848603986768097,-18.659721854897185,-17.959681986014573,-18.65972185489636,-21.848603986766904,-29.08674625234346,-29.086746252342948,1.2603723785289282,1.2575546161910212,1.2569360464552957,1.2575546161910205,1.2603723785289271,0.0,0.0,0.0,0.0,0.0
7.79999999999998,0.0,0.0,-21.770562493730978,-18.53231011019443,-17.81674286040581,-18.532310110193407,-21.770562493729784,-29.066507075644523,-29.06650707564404,1.2603034194483538,1.2574420325329292,1.256809742481647,1.2574420325329285,1.2603034194483527,0.0,0.0,0.0,0.0,0.0
7.89999999999998,0.0,0.0,-21.69285369931322,-18.405378119283654,-17.67424656143325,-18.405378119282375,-21.692853699312536,-29.04610958099059,-29.046109580990105,1.2602347543471744,1.25732987279523,1.2566838297987906,1.257329872795229,1.2602347543471737,0.0,0.0,0.0,0.0,0.0
7.99999999999998,0.0,0.0,-21.615471008241258,-18.278923259270954,-17.532194063360606,-18.278923259269476,-21.615471008240462,-29.025555138721046,-29.025555138720506,1.2601663773976692,1.2572181346602807,1.256558309267607,1.2572181346602793,1.2601663773976686,0.0,0.0,0.0,0.0,0.0
8.09999999999998,0.0,0.0,-21.53840802010535,-18.15294290302566,-17.390586240101527,-18.152942903024126,-21.53840802010413,-29.004845097249984,-29.004845097249444,1.260098282944304,1.2571068158066936,1.2564331816603038,1.2571068158066923,1.2600982829443028,0.0,0.0,0.0,0.0,0.0
8.199999999999982,0.0,0.0,-21.461658522804868,-18.027434420577777,-17.24942386792935,-18.027434420576498,-21.46165852280376,-28.98398078365878,-28.983980783658268,1.2600304654979377,1.2569959139105729,1.2563084476628128,1.2569959139105717,1.2600304654979366,0.0,0.0,0.0,0.0,0.0
8.299999999999983,0.0,0.0,-21.385216486232082,-17.902395180420285,-17.1087076281471,-17.90239518041929,-21.38521648623066,-28.96296350426917,-28.962963504268686,1.259962919730242,1.2568854266466647,1.256184107877147,1.256885426646664,1.2599629197302409,0.0,0.0,0.0,0.0,0.0
8.399999999999984,0.0,0.0,-21.30907605617378,-17.7778225507287,-16.968438109715123,-17.777822550728274,-21.30907605617216,-28.94179454519744,-28.941794545196956,1.2598956404683135,1.2567753516894344,1.256060162823724,1.2567753516894338,1.259895640468312,0.0,0.0,0.0,0.0,0.0
8.499999999999986,0.0,0.0,-21.233231548438198,-17.6537139005018,-16.828615811841757,-17.653713900501373,-21.23323154843615,-28.920475172890576,-28.920475172890093,1.2598286226894815,1.256665686714074,1.2559366129436549,1.2566656867140737,1.2598286226894797,0.0,0.0,0.0,0.0,0.0
8.599999999999987,0.0,0.0,-21.15767744318677,-17.530066600619648,-16.689241146529696,-17.530066600618966,-21.157677443184696,-28.899006634644962,-28.89900663464448,1.259761861516303,1.2565564293974396,1.2558134586009937,1.256556429397439,1.259761861516301,0.0,0.0,0.0,0.0,0.0
8.699999999999989,0.0,0.0,-21.082408379468433,-17.4068780248397,-16.5503144410809,-17.40687802483933,-21.082408379465846,-28.877390159108046,-28.877390159107563,1.2596953522117305,1.2564475774189285,1.255690700084951,1.2564475774189283,1.2596953522117278,0.0,0.0,0.0,0.0,0.0
8.79999999999999,0.0,0.0,-21.007419149946287,-17.28414555071913,-16.41183594055343,-17.284145550718534,-21.00741914994461,-28.855626956764155,-28.855626956763643,1.2596290901744527,1.2563391284612957,1.2555683376120657,1.256339128461295,1.2596290901744511,0.0,0.0,0.0,0.0,0.0
8.899999999999991,0.0,0.0,-20.932704695815346,-17.16186656047438,-16.27380581018207,-17.161866560473925,-20.932704695813868,-28.83371822040391,-28.833718220403398,1.259563070934405,1.2562310802114138,1.255446371328342,1.2562310802114132,1.2595630709344037,0.0,0.0,0.0,0.0,0.0
8.999999999999993,0.0,0.0,-20.8582601018922,-17.04003844178584,-16.13622413774857,-17.040038441784645,-20.85826010189041,-28.81166512557914,-28.811665125578628,1.2594972901484296,1.2561234303609825,1.255324801311346,1.2561234303609814,1.259497290148428,0.0,0.0,0.0,0.0,0.0
9.099999999999994,0.0,0.0,-20.784080591883793,-16.91865858853629,-15.999090935906338,-16.918658588535664,-20.784080591881377,-28.78946883104291,-28.789468831042456,1.2594317435960949,1.256016176607183,1.255203627572259,1.2560161766071822,1.2594317435960927,0.0,0.0,0.0,0.0,0.0
9.199999999999996,0.0,0.0,-20.710161523818385,-16.79772440150765,-15.862406144465922,-16.797724401506684,-20.710161523816566,-28.76713047917542,-28.767130479174966,1.2593664271756584,1.2559093166532922,1.2550828500578954,1.2559093166532913,1.2593664271756568,0.0,0.0,0.0,0.0,0.0
9.299999999999997,0.0,0.0,-20.6364983856416,-16.677233289020137,-15.726169632623908,-16.677233289020478,-20.636498385639214,-28.744651196396262,-28.744651196395807,1.2593013369001753,1.2558028482092483,1.2549624686526752,1.2558028482092485,1.259301336900173,0.0,0.0,0.0,0.0,0.0
9.399999999999999,0.0,0.0,-20.563086790959517,-16.55718266752956,-15.590381201163893,-16.55718266752956,-20.563086790957186,-28.722032093563683,-28.722032093563172,1.259236468893737,1.2556967689921779,1.2548424831805665,1.2556967689921776,1.259236468893735,0.0,0.0,0.0,0.0,0.0
9.5,0.0,0.0,-20.489922474937657,-16.4375699621732,-15.45504058459096,-16.43756996217479,-20.4899224749349,-28.699274266360902,-28.69927426636039,1.2591718193878476,1.2555910767268792,1.2547228934069723,1.2555910767268803,1.2591718193878454,0.0,0.0,0.0,0.0,0.0
9.600000000000001,0.0,0.0,-20.41700129033802,-16.318392607284125,-15.32014745323852,-16.31839260728532,-20.41700129033515,-28.67637879567053,-28.67637879566999,1.2591073847179215,1.2554857691462753,1.2546036990405929,1.2554857691462762,1.259107384717919,0.0,0.0,0.0,0.0,0.0
9.700000000000003,0.0,0.0,-20.344319203694624,-16.199648046857078,-15.185701415322285,-16.199648046858385,-20.34431920369198,-28.65334674793681,-28.65334674793627,1.2590431613199047,1.2553808439918275,1.2544848997352391,1.2553808439918286,1.259043161319902,0.0,0.0,0.0,0.0,0.0
9.800000000000004,0.0,0.0,-20.271872291624675,-16.08133373498032,-15.05170201894731,-16.081333734980888,-20.271872291621747,-28.630179175516673,-28.630179175516133,1.2589791457270145,1.2552762990139148,1.2543664950916076,1.2552762990139157,1.2589791457270119,0.0,0.0,0.0,0.0,0.0
9.900000000000006,0.0,0.0,-20.199656737264263,-15.963447136237619,-14.918148754075844,-15.963447136237448,-20.199656737260938,-28.606877117019565,-28.606877117019053,1.258915334566591,1.2551721319721916,1.254248484659018,1.2551721319721916,1.2589153345665882,0.0,0.0,0.0,0.0,0.0
10.000000000000007,0.0,0.0,-20.127668826828,-15.84598572607132,-14.785041054446822,-15.845985726072115,-20.127668826824163,-28.58344159763692,-28.58344159763638,1.2588517245570567,1.2550683406359062,1.2541308679371106,1.2550683406359069,1.2588517245570536,0.0,0.0,0.0,0.0,0.0
10.100000000000009,0.0,0.0,-20.055904946288138,-15.728946991119471,-14.652378299452096,-15.72894699112004,-20.05590494628433,-28.559873629460952,-28.559873629460412,1.258788312504982,1.2549649227841997,1.254013644377503,1.2549649227842001,1.2587883125049786,0.0,0.0,0.0,0.0,0.0
10.20000000000001,0.0,0.0,-19.98436157816809,-15.612328429520403,-14.520159815970601,-15.612328429520346,-19.984361578164226,-28.53617421179382,-28.536174211793337,1.2587250953022509,1.2548618762063752,1.2538968133854114,1.254861876206375,1.2587250953022475,0.0,0.0,0.0,0.0,0.0
10.300000000000011,0.0,0.0,-19.913035298446573,-15.496127551191194,-14.388384880157503,-15.496127551191307,-19.91303529844302,-28.51234433144714,-28.512344331446684,1.2586620699233277,1.254759198702144,1.2537803743212315,1.254759198702144,1.2586620699233246,0.0,0.0,0.0,0.0,0.0
10.400000000000013,0.0,0.0,-19.84192277356391,-15.380341878085972,-14.257052719192643,-15.380341878085176,-19.841922773560157,-28.488384963032075,-28.488384963031677,1.2585992334226102,1.2546568880818536,1.253664326502084,1.254656888081853,1.2585992334226068,0.0,0.0,0.0,0.0,0.0
10.500000000000014,0.0,0.0,-19.771020757536718,-15.264968944422435,-14.12616251298607,-15.26496894441982,-19.77102075753328,-28.46429706924073,-28.464297069240303,1.2585365829318798,1.2545549421666873,1.2535486692033195,1.254554942166685,1.2585365829318766,0.0,0.0,0.0,0.0,0.0
10.600000000000016,0.0,0.0,-19.700326089168442,-15.150006296887682,-13.99571339584088,-15.15000629688518,-19.700326089165287,-28.44008160111852,-28.440081601118067,1.2584741156578378,1.254453358788847,1.253433401659991,1.254453358788845,1.258474115657835,0.0,0.0,0.0,0.0,0.0
10.700000000000017,0.0,0.0,-19.629835689353513,-15.03545149483324,-13.865704458074163,-15.035451494831136,-19.629835689350415,-28.41573949832849,-28.415739498328065,1.2584118288797228,1.2543521357917256,1.2533185230682835,1.2543521357917238,1.2584118288797201,0.0,0.0,0.0,0.0,0.0
10.800000000000018,0.0,0.0,-19.55954655847634,-14.921302110435988,-13.736134747603728,-14.92130211043525,-19.55954655847313,-28.391271689407603,-28.391271689407205,1.2583497199470126,1.2542512710300477,1.2532040325869176,1.254251271030047,1.2583497199470095,0.0,0.0,0.0,0.0,0.0
10.90000000000002,0.0,0.0,-19.489455773896196,-14.807555728849138,-13.607003271486008,-14.807555728848968,-19.48945577389236,-28.366679092014977,-28.36667909201452,1.2582877862772006,1.254150762370005,1.2530899293385078,1.2541507623700048,1.258287786277197,0.0,0.0,0.0,0.0,0.0
11.000000000000021,0.0,0.0,-19.419560487517884,-14.694209948335754,-13.478308997422744,-14.69420994833439,-19.41956048751379,-28.34196261317254,-28.341962613172086,1.258226025353651,1.2540506076893727,1.2529762124108939,1.2540506076893714,1.2582260253536477,0.0,0.0,0.0,0.0,0.0
11.100000000000023,0.0,0.0,-19.349857923446194,-14.581262380377723,-13.350050855224595,-14.5812623803767,-19.34985792344301,-28.31712314949874,-28.317123149498343,1.2581644347235261,1.253950804877607,1.2528628808584343,1.2539508048776062,1.2581644347235232,0.0,0.0,0.0,0.0,0.0
11.200000000000024,0.0,0.0,-19.280345375720145,-14.468710649788477,-13.222227738238246,-14.468710649786487,-19.280345375716365,-28.292161587435118,-28.29216158743469,1.2581030119957817,1.2538513518359435,1.252749933703267,1.2538513518359418,1.2581030119957786,0.0,0.0,0.0,0.0,0.0
11.300000000000026,0.0,0.0,-19.211020206118633,-14.356552394787172,-13.09483850473191,-14.356552394784615,-19.211020206114853,-28.267078803465523,-28.267078803465125,1.2580417548392318,1.253752246477464,1.2526373699365345,1.2537522464774618,1.2580417548392284,0.0,0.0,0.0,0.0,0.0
11.400000000000027,0.0,0.0,-19.141879842045057,-14.244785267080601,-12.967881979256049,-14.244785267077702,-19.141879842041533,-28.241875664329626,-28.24187566432923,1.2579806609806758,1.2536534867271678,1.2525251885195854,1.2536534867271654,1.2579806609806727,0.0,0.0,0.0,0.0,0.0
11.500000000000028,0.0,0.0,-19.072921774483063,-14.133406931921002,-12.841356953953152,-14.133406931918273,-19.072921774479653,-28.21655302722931,-28.21655302722894,1.2579197282030956,1.2535550705220235,1.2524133883851314,1.253555070522021,1.2579197282030925,0.0,0.0,0.0,0.0,0.0
11.60000000000003,0.0,0.0,-19.004143556017368,-14.022415068155283,-12.715262189844509,-14.0224150681521,-19.004143556013645,-28.1911117400295,-28.19111174002913,1.257858954343904,1.253456995811012,1.2523019684383854,1.2534569958110091,1.2578589543439005,0.0,0.0,0.0,0.0,0.0
11.700000000000031,0.0,0.0,-18.93554279892345,-13.911807368266409,-12.589596418073427,-13.911807368263055,-18.935542798919585,-28.16555264145248,-28.16555264145211,1.2577983372932582,1.2533592605551631,1.2521909275581593,1.2533592605551604,1.2577983372932546,0.0,0.0,0.0,0.0,0.0
11.800000000000033,0.0,0.0,-18.86711717332051,-13.801581538396704,-12.464358341122306,-13.801581538392611,-18.867117173316103,-28.139876561267016,-28.139876561266618,1.257737874992427,1.2532618627275773,1.2520802645979392,1.2532618627275738,1.2577378749924233,0.0,0.0,0.0,0.0,0.0
11.900000000000034,0.0,0.0,-18.798864405385444,-13.691735298374056,-12.339546633990437,-13.691735298369565,-18.798864405381295,-28.114084320471363,-28.114084320470994,1.2576775654322139,1.253164800313447,1.2519699783869278,1.2531648003134432,1.25767756543221,0.0,0.0,0.0,0.0,0.0
12.000000000000036,0.0,0.0,-18.730782275629394,-13.58226638171891,-12.215159945337973,-13.582266381712998,-18.730782275625955,-28.088176731471435,-28.088176731471037,1.2576174066514318,1.253068071310064,1.251860067731053,1.253068071310059,1.2576174066514287,0.0,0.0,0.0,0.0,0.0
12.100000000000037,0.0,0.0,-18.66286861722702,-13.473172535645574,-12.091196898612509,-13.473172535641709,-18.66286861722338,-28.06215459825333,-28.06215459825293,1.2575573967354292,1.2529716737268197,1.2517505314139643,1.2529716737268164,1.2575573967354259,0.0,0.0,0.0,0.0,0.0
12.200000000000038,0.0,0.0,-18.59512131440448,-13.364451521063529,-11.967656093123878,-13.364451521059777,-18.595121314400387,-28.03601871655104,-28.03601871655067,1.2574975338146646,1.252875605585208,1.251641368197983,1.2528756055852046,1.2574975338146608,0.0,0.0,0.0,0.0,0.0
12.30000000000004,0.0,0.0,-18.52753830087994,-13.25610111255952,-11.844536105099564,-13.256101112555939,-18.527538300876017,-28.00976987400935,-28.00976987400898,1.2574378160633282,1.2527798649188069,1.2515325768250338,1.2527798649188038,1.2574378160633248,0.0,0.0,0.0,0.0,0.0
12.400000000000041,0.0,0.0,-18.460117558356018,-13.148119098382665,-11.721835488710326,-13.14811909837806,-18.460117558351754,-27.983408850341874,-27.983408850341476,1.2573782416980108,1.2526844497732679,1.2514241560175527,1.252684449773264,1.2573782416980073,0.0,0.0,0.0,0.0,0.0
12.500000000000043,0.0,0.0,-18.392857115060934,-13.04050328041535,-11.599552777068084,-13.040503280411201,-18.392857115056756,-27.9569364174844,-27.95693641748406,1.2573188089764145,1.2525893582062888,1.2513161044793668,1.2525893582062853,1.2573188089764107,0.0,0.0,0.0,0.0,0.0
12.600000000000044,0.0,0.0,-18.32575504434044,-12.933251474149188,-11.477686483188165,-12.933251474145948,-18.325755044335722,-27.9303533397445,-27.930353339744187,1.2572595161961069,1.2524945882875926,1.2512084208965453,1.2524945882875897,1.2572595161961027,0.0,0.0,0.0,0.0,0.0
12.700000000000045,0.0,0.0,-18.258809463292977,-12.82636150864846,-11.356235100929382,-12.826361508645107,-18.25880946328823,-27.90366037394608,-27.903660373945684,1.2572003616933174,1.2524001380988956,1.251101103938231,1.2524001380988925,1.2572003616933132,0.0,0.0,0.0,0.0,0.0
12.800000000000047,0.0,0.0,-18.192018531451083,-12.719831226508632,-11.23519710590557,-12.719831226507551,-18.192018531446337,-27.876858269570107,-27.876858269569624,1.257141343841771,1.2523060057338702,1.2509941522574444,1.252306005733869,1.257141343841767,0.0,0.0,0.0,0.0,0.0
12.900000000000048,0.0,0.0,-18.12538044950756,-12.613658483814902,-11.114570956369903,-12.613658483812912,-18.125380449503155,-27.849947768891468,-27.849947768890928,1.2570824610515625,1.2522121892981088,1.2508875644918662,1.2522121892981073,1.2570824610515585,0.0,0.0,0.0,0.0,0.0
13.00000000000005,0.0,0.0,-18.05889345808214,-12.507841150087586,-10.994355094075217,-12.507841150086051,-18.058893458077847,-27.822929607111917,-27.822929607111348,1.257023711768067,1.2521186869090761,1.250781339264597,1.2521186869090746,1.2570237117680632,0.0,0.0,0.0,0.0,0.0
13.100000000000051,0.0,0.0,-17.992555836526236,-12.402377108239875,-10.874547945103188,-12.402377108239364,-17.992555836521746,-27.795804512489298,-27.795804512488616,1.2569650944708834,1.2520254966960696,1.2506754751848896,1.2520254966960689,1.2569650944708797,0.0,0.0,0.0,0.0,0.0
13.200000000000053,0.0,0.0,-17.926365901771447,-12.297264254515426,-10.755147920677473,-12.2972642545148,-17.926365901766985,-27.768573206462833,-27.76857320646218,1.2569066076728181,1.2519326168001668,1.2505699708488687,1.2519326168001659,1.2569066076728144,0.0,0.0,0.0,0.0,0.0
13.300000000000054,0.0,0.0,-17.86032200721317,-12.192500498431684,-10.636153417947924,-12.192500498430377,-17.860322007208453,-27.741236403775503,-27.741236403774906,1.2568482499188973,1.2518400453741738,1.2504648248402226,1.2518400453741725,1.256848249918893,0.0,0.0,0.0,0.0,0.0
13.400000000000055,0.0,0.0,-17.794422541628478,-12.0880837627181,-10.517562820749106,-12.088083762716792,-17.794422541624783,-27.713794812592624,-27.713794812592027,1.2567900197854105,1.2517477805825716,1.250360035730874,1.2517477805825705,1.256790019785407,0.0,0.0,0.0,0.0,0.0
13.500000000000057,0.0,0.0,-17.728665928135342,-11.984011983255243,-10.399374500340059,-11.984011983253595,-17.72866592813105,-27.68624913461707,-27.686249134616475,1.256731915878992,1.2516558206014614,1.2502556020816333,1.25165582060146,1.2567319158789882,0.0,0.0,0.0,0.0,0.0
13.600000000000058,0.0,0.0,-17.663050623176844,-11.880283109005234,-10.281586816119102,-11.880283109002335,-17.66305062317332,-27.658600065201682,-27.658600065201085,1.2566739368357236,1.2515641636185035,1.2501515224428317,1.251564163618501,1.2566739368357203,0.0,0.0,0.0,0.0,0.0
13.70000000000006,0.0,0.0,-17.597575115548068,-11.77689510194051,-10.164198116319824,-11.776895101938464,-17.597575115543947,-27.630848293458428,-27.630848293457774,1.2566160813202725,1.251472807832855,1.250047795354933,1.2514728078328532,1.256616081320269,0.0,0.0,0.0,0.0,0.0
13.800000000000061,0.0,0.0,-17.53223792544628,-11.673845936983184,-10.047206738676948,-11.673845936980797,-17.532237925442303,-27.60299450236431,-27.60299450236363,1.2565583480250548,1.2513817514551144,1.249944419349126,1.2513817514551122,1.2565583480250513,0.0,0.0,0.0,0.0,0.0
13.900000000000063,0.0,0.0,-17.46703760355811,-11.571133601922838,-9.930611011088558,-11.571133601920337,-17.46703760355382,-27.57503936886505,-27.57503936886434,1.256500735669427,1.2512909927072513,1.2498413929479066,1.251290992707249,1.2565007356694236,0.0,0.0,0.0,0.0,0.0
14.000000000000064,0.0,0.0,-17.401972730170115,-11.468756097348432,-9.814409252235691,-11.46875609734792,-17.40197273016571,-27.546983563975346,-27.546983563974635,1.2564432429989014,1.2512005298225446,1.2497387146656265,1.2512005298225444,1.2564432429988976,0.0,0.0,0.0,0.0,0.0
14.100000000000065,0.0,0.0,-17.33704191431542,-11.366711436570597,-9.698599772205341,-11.366711436570938,-17.33704191431093,-27.518827752876746,-27.518827752876064,1.2563858687843903,1.2511103610455145,1.2496363830090438,1.2511103610455148,1.2563858687843863,0.0,0.0,0.0,0.0,0.0
14.200000000000067,0.0,0.0,-17.272243792939975,-11.264997645548704,-9.583180873076856,-11.26499764554876,-17.27224379293517,-27.49057259501285,-27.490572595012196,1.2563286118214707,1.2510204846318573,1.24953439647784,1.2510204846318573,1.2563286118214665,0.0,0.0,0.0,0.0,0.0
14.300000000000068,0.0,0.0,-17.207577030100964,-11.163612762806679,-9.468150849495828,-11.163612762806679,-17.20757703009636,-27.46221874418208,-27.46221874418137,1.2562714709296765,1.250930898848373,1.249432753565129,1.250930898848373,1.2562714709296723,0.0,0.0,0.0,0.0,0.0
14.40000000000007,0.0,0.0,-17.14304031619031,-11.06255483936394,-9.353507989231787,-11.062554839362917,-17.14304031618542,-27.433766848627528,-27.433766848626846,1.2562144449518102,1.2508416019729012,1.2493314527579487,1.2508416019729,1.256214444951806,0.0,0.0,0.0,0.0,0.0
14.500000000000071,0.0,0.0,-17.078632367181285,-10.961821938645926,-9.239250573717243,-10.96182193864621,-17.078632367176738,-27.405217551125332,-27.405217551124622,1.2561575327532797,1.2507525922942444,1.2492304925377367,1.2507525922942448,1.256157532753276,0.0,0.0,0.0,0.0,0.0
14.600000000000072,0.0,0.0,-17.0143519238988,-10.861412136412582,-9.125376878564566,-10.861412136412923,-17.014351923894594,-27.37657148906976,-27.376571489068965,1.2561007332214515,1.250663868112105,1.2491298713807888,1.2506638681121054,1.256100733221448,0.0,0.0,0.0,0.0,0.0
14.700000000000074,0.0,0.0,-16.950197751316864,-10.761323520674239,-9.011885174075815,-10.761323520675035,-16.950197751311464,-27.347829294556703,-27.34782929455588,1.2560440452650314,1.2505754277370087,1.2490295877587076,1.2505754277370091,1.2560440452650266,0.0,0.0,0.0,0.0,0.0
14.800000000000075,0.0,0.0,-16.88616863787405,-10.661554191611515,-8.8987737257263,-10.661554191611401,-16.88616863786848,-27.318991594464876,-27.318991594463967,1.255987467813458,1.2504872694902356,1.248929640138832,1.2504872694902356,1.2559874678134533,0.0,0.0,0.0,0.0,0.0
14.900000000000077,0.0,0.0,-16.82226339481332,-10.562102261491532,-8.7860407946348,-10.56210226149119,-16.822263394806612,-27.290059010534804,-27.29005901053381,1.2559309998163215,1.2503993917037464,1.2488300269846495,1.2503993917037461,1.2559309998163157,0.0,0.0,0.0,0.0,0.0
15.000000000000078,0.0,0.0,-16.758480855540768,-10.46296585459038,-8.673684638027737,-10.462965854589413,-16.758480855533776,-27.261032159445847,-27.261032159444824,1.2558746402427952,1.2503117927201122,1.2487307467562097,1.2503117927201113,1.255874640242789,0.0,0.0,0.0,0.0,0.0
15.10000000000008,0.0,0.0,-16.69481987501024,-10.364143107106372,-8.56170350967426,-10.364143107106372,-16.69481987500319,-27.231911652891313,-27.231911652890346,1.2558183880810923,1.250224470892439,1.248631797910507,1.250224470892439,1.255818388081086,0.0,0.0,0.0,0.0,0.0
15.200000000000081,0.0,0.0,-16.631279329118797,-10.26563216708172,-8.450095660312286,-10.265632167083254,-16.63127932911209,-27.202698097651705,-27.202698097650767,1.2557622423379324,1.2501374245842989,1.2485331789018568,1.2501374245843002,1.2557622423379264,0.0,0.0,0.0,0.0,0.0
15.300000000000082,0.0,0.0,-16.567858114126977,-10.167431194319818,-8.338859338067039,-10.167431194320898,-16.567858114120497,-27.173392095665946,-27.173392095664923,1.2557062020380285,1.250050652169656,1.2484348881822669,1.2500506521696568,1.2557062020380227,0.0,0.0,0.0,0.0,0.0
15.400000000000084,0.0,0.0,-16.50455514609928,-10.069538360301067,-8.227992788846336,-10.069538360300953,-16.504555146092287,-27.14399424410081,-27.143994244099787,1.2556502662235927,1.2499641520327922,1.248336924201784,1.249964152032792,1.2556502662235867,0.0,0.0,0.0,0.0,0.0
15.500000000000085,0.0,0.0,-16.441369360355623,-9.971951848102151,-8.117494256728435,-9.971951848100161,-16.441369360348062,-27.114505135419023,-27.11450513541797,1.2555944339538516,1.2498779225682366,1.2482392854088404,1.249877922568235,1.255594433953845,0.0,0.0,0.0,0.0,0.0
15.600000000000087,0.0,0.0,-16.378299710946408,-9.87466985231248,-8.007361984328213,-9.874669852311456,-16.37829971093828,-27.0849253574452,-27.08492535744412,1.255538704304582,1.2497919621806912,1.2481419702505736,1.2497919621806903,1.2555387043045751,0.0,0.0,0.0,0.0,0.0
15.700000000000088,0.0,0.0,-16.315345170139494,-9.77769057895756,-7.897594213165235,-9.777690578956594,-16.31534517013114,-27.055255493430394,-27.055255493429286,1.2554830763676592,1.2497062692849628,1.2480449771731539,1.2497062692849619,1.2554830763676519,0.0,0.0,0.0,0.0,0.0
15.80000000000009,0.0,0.0,-16.252504727925498,-9.681012245411182,-7.7881891840075355,-9.681012245409875,-16.252504727916914,-27.025496122115015,-27.025496122113907,1.2554275492506177,1.2496208423058854,1.2479483046220874,1.2496208423058845,1.2554275492506102,0.0,0.0,0.0,0.0,0.0
15.900000000000091,0.0,0.0,-16.189777391540986,-9.58463308031753,-7.679145137205978,-9.584633080316848,-16.18977739153172,-26.99564781779023,-26.99564781778912,1.2553721220762313,1.2495356796782533,1.2478519510425117,1.2495356796782526,1.2553721220762233,0.0,0.0,0.0,0.0,0.0
16.000000000000092,0.0,0.0,-16.127162185001225,-9.488551323507465,-7.570460313022409,-9.488551323506556,-16.127162184992812,-26.965711150358032,-26.965711150356867,1.2553167939820993,1.2494507798467438,1.247755914879486,1.2494507798467431,1.2553167939820917,0.0,0.0,0.0,0.0,0.0
16.100000000000094,0.0,0.0,-16.06465814865288,-9.392765225921153,-7.4621329519346205,-9.392765225918936,-16.064658148644526,-26.935686685389413,-26.93568668538822,1.2552615641202522,1.2493661412658519,1.2476601945782597,1.2493661412658499,1.2552615641202447,0.0,0.0,0.0,0.0,0.0
16.200000000000095,0.0,0.0,-16.002264338734676,-9.297273049525984,-7.354161294949847,-9.297273049522403,-16.002264338725524,-26.905574984181783,-26.905574984180532,1.2552064316567633,1.2492817623998151,1.2475647885845502,1.249281762399812,1.2552064316567553,0.0,0.0,0.0,0.0,0.0
16.300000000000097,0.0,0.0,-15.939979826958904,-9.202073067234096,-7.246543583881021,-9.202073067230572,-15.939979826950207,-26.875376603814573,-26.875376603813237,1.255151395771378,1.2491976417225439,1.2474696953447875,1.249197641722541,1.2551513957713702,0.0,0.0,0.0,0.0,0.0
16.400000000000098,0.0,0.0,-15.877803700100912,-9.107163562827736,-7.139278061643381,-9.107163562825178,-15.877803700092215,-26.845092097203548,-26.845092097202183,1.2550964556571524,1.249113777717552,1.2473749133063743,1.2491137777175498,1.255096455657145,0.0,0.0,0.0,0.0,0.0
16.5000000000001,0.0,0.0,-15.815735059604663,-9.012542830880477,-7.032362972512999,-9.012542830878147,-15.81573505959409,-26.814722013154096,-26.81472201315279,1.2550416105201032,1.2490301688778895,1.2472804409179175,1.2490301688778875,1.255041610520094,0.0,0.0,0.0,0.0,0.0
16.6000000000001,0.0,0.0,-15.753773021191137,-8.918209176671041,-6.925796562393373,-8.9182091766682,-15.753773021180734,-26.784266896413357,-26.784266896412106,1.254986859578864,1.2489468137060658,1.2471862766294606,1.2489468137060629,1.2549868595788547,0.0,0.0,0.0,0.0,0.0
16.700000000000102,0.0,0.0,-15.69191671449505,-8.824160916111737,-6.819577079065141,-8.824160916109065,-15.691916714486126,-26.753727287720665,-26.753727287719386,1.2549322020643612,1.2488637107139853,1.2470924188927062,1.248863710713983,1.2549322020643532,0.0,0.0,0.0,0.0,0.0
16.800000000000104,0.0,0.0,-15.630165282702649,-8.730396375673024,-6.713702772431191,-8.730396375671262,-15.630165282694463,-26.723103723857122,-26.723103723855843,1.254877637219497,1.2487808584228834,1.2469988661612321,1.248780858422882,1.2548776372194896,0.0,0.0,0.0,0.0,0.0
16.900000000000105,0.0,0.0,-15.568517882200524,-8.636913892298367,-6.608171894745965,-8.636913892296775,-15.56851788219069,-26.692396737694196,-26.692396737692917,1.2548231642988363,1.2486982553632486,1.2469056168906942,1.2486982553632473,1.254823164298828,0.0,0.0,0.0,0.0,0.0
17.000000000000107,0.0,0.0,-15.506973682232854,-8.543711813334937,-6.502982700843461,-8.543711813333914,-15.506973682222451,-26.6616068582411,-26.66160685823982,1.254768782568307,1.248615900074763,1.246812669539028,1.2486159000747619,1.2547687825682978,0.0,0.0,0.0,0.0,0.0
17.100000000000108,0.0,0.0,-15.44553186458046,-8.450788496454777,-6.398133448352951,-8.450788496453413,-15.445531864571251,-26.630734610690865,-26.63073461068953,1.254714491304913,1.2485337911062309,1.2467200225666384,1.2485337911062293,1.2547144913049049,0.0,0.0,0.0,0.0,0.0
17.20000000000011,0.0,0.0,-15.384191623238223,-8.35814230957834,-6.293622397906233,-8.358142309576635,-15.384191623229015,-26.599780516465955,-26.599780516464563,1.2546602897964518,1.2484519270155132,1.2466276744365834,1.2484519270155117,1.2546602897964438,0.0,0.0,0.0,0.0,0.0
17.30000000000011,0.0,0.0,-15.322952164108926,-8.26577163080151,-6.189447813336244,-8.265771630799236,-15.322952164100343,-26.56874509326221,-26.56874509326076,1.2546061773412427,1.248370306369462,1.2465356236147502,1.2483703063694602,1.2546061773412351,0.0,0.0,0.0,0.0,0.0
17.400000000000112,0.0,0.0,-15.261812704701924,-8.173674848324026,-6.085607961877997,-8.173674848321411,-15.261812704693341,-26.537628855092322,-26.537628855090816,1.2545521532478605,1.2482889277438574,1.2464438685700312,1.248288927743855,1.254552153247853,0.0,0.0,0.0,0.0,0.0
17.500000000000114,0.0,0.0,-15.200772473846428,-8.081850360369799,-5.982101114343834,-8.081850360366332,-15.20077247383773,-26.506432312328343,-26.506432312326723,1.2544982168348828,1.2482077897233361,1.246352407774481,1.248207789723333,1.254498216834875,0.0,0.0,0.0,0.0,0.0
17.600000000000115,0.0,0.0,-15.139830711404784,-7.99029657511835,-5.878925545307482,-7.9902965751145985,-15.139830711395291,-26.475155971742794,-26.475155971741145,1.2544443674306363,1.2481268909013332,1.2462612397034767,1.24812689090133,1.2544443674306278,0.0,0.0,0.0,0.0,0.0
17.700000000000117,0.0,0.0,-15.078986668004575,-7.899011910631884,-5.7760795332732755,-7.899011910628303,-15.078986667994513,-26.443800336549543,-26.443800336547838,1.25439060437296,1.2480462298800157,1.2461703628358691,1.2480462298800126,1.254390604372951,0.0,0.0,0.0,0.0,0.0
17.800000000000118,0.0,0.0,-15.018239604776,-7.80799479478361,-5.673561360840893,-7.8079947947799155,-15.018239604765142,-26.412365906443455,-26.41236590644172,1.254336927008973,1.2479658052702194,1.246079775654128,1.247965805270216,1.2543369270089633,0.0,0.0,0.0,0.0,0.0
17.90000000000012,0.0,0.0,-14.957588793091247,-7.717243665186231,-5.571369314863716,-7.717243665181911,-14.95758879307914,-26.380853177639125,-26.38085317763739,1.2542833346948448,1.2478856156913865,1.2459894766444812,1.247885615691383,1.254283334694834,0.0,0.0,0.0,0.0,0.0
18.00000000000012,0.0,0.0,-14.897033514315922,-7.6267569691198105,-5.469501686598903,-7.626756969115036,-14.897033514305804,-26.34926264290911,-26.349262642907377,1.2542298267955752,1.2478056597715017,1.2458994642970482,1.2478056597714977,1.2542298267955665,0.0,0.0,0.0,0.0,0.0
18.100000000000122,0.0,0.0,-14.836573059574107,-7.536533163464071,-5.3679567718537555,-7.536533163458614,-14.836573059564046,-26.317594791621133,-26.317594791619427,1.2541764026847868,1.247725936147032,1.2458097371059693,1.2477259361470274,1.2541764026847777,0.0,0.0,0.0,0.0,0.0
18.200000000000124,0.0,0.0,-14.776206729509568,-7.446570714631434,-5.266732871126749,-7.446570714624215,-14.77620672949979,-26.28585010977477,-26.285850109773065,1.2541230617445138,1.2476464434628676,1.245720293569529,1.2476464434628616,1.2541230617445052,0.0,0.0,0.0,0.0,0.0
18.300000000000125,0.0,0.0,-14.71593383405866,-7.356868098491134,-5.165828289733895,-7.356868098483687,-14.715933834048087,-26.254029080036958,-26.254029080035167,1.254069803365002,1.247567180372255,1.2456311321902707,1.2475671803722483,1.2540698033649924,0.0,0.0,0.0,0.0,0.0
18.400000000000126,0.0,0.0,-14.65575369223177,-7.267423800309132,-5.0652413379476116,-7.267423800302652,-14.655753692221708,-26.22213218177714,-26.22213218177535,1.2540166269445143,1.2474881455367435,1.2455422514751147,1.247488145536738,1.2540166269445054,0.0,0.0,0.0,0.0,0.0
18.500000000000128,0.0,0.0,-14.595665631902989,-7.178236314677122,-4.964970331106429,-7.1782363146710395,-14.595665631893041,-26.190159891101814,-26.190159891100024,1.2539635318891467,1.2474093376261233,1.24545364993546,1.247409337626118,1.253963531889138,0.0,0.0,0.0,0.0,0.0
18.60000000000013,0.0,0.0,-14.535668989599174,-7.089304145446988,-4.865013589746923,-7.089304145440508,-14.535668989588999,-26.158112680887996,-26.15811268088615,1.2539105176126406,1.2473307553183672,1.2453653260872979,1.2473307553183615,1.2539105176126317,0.0,0.0,0.0,0.0,0.0
18.70000000000013,0.0,0.0,-14.475763110299567,-7.000625805663503,-4.765369439701544,-7.00062580565492,-14.475763110289392,-26.125991020816286,-26.12599102081441,1.2538575835362058,1.2472523972995704,1.2452772784512989,1.2472523972995628,1.253857583536197,0.0,0.0,0.0,0.0,0.0
18.800000000000132,0.0,0.0,-14.415947347243787,-6.91219981749731,-4.666036212214124,-6.912199817488499,-14.41594734723401,-26.09379537740338,-26.093795377401477,1.253804729088352,1.2471742622638924,1.2451895055529156,1.2471742622638846,1.2538047290883432,0.0,0.0,0.0,0.0,0.0
18.900000000000134,0.0,0.0,-14.356221061741167,-6.82402471218461,-4.567012244041109,-6.824024712176822,-14.356221061730878,-26.061526214033535,-26.061526214031602,1.2537519537047181,1.2470963489135027,1.2451020059224718,1.2470963489134959,1.253751953704709,0.0,0.0,0.0,0.0,0.0
19.000000000000135,0.0,0.0,-14.296583622986475,-6.736099029959519,-4.468295877547632,-6.736099029952413,-14.29658362297647,-26.02918399099005,-26.029183990988116,1.2536992568279122,1.2470186559585228,1.2450147780952465,1.2470186559585164,1.2536992568279033,0.0,0.0,0.0,0.0,0.0
19.100000000000136,0.0,0.0,-14.237034407885744,-6.648421319994952,-4.369885460797207,-6.648421319987108,-14.237034407873978,-25.996769165485603,-25.99676916548364,1.253646637907355,1.246941182116971,1.2449278206115546,1.2469411821169638,1.2536466379073445,0.0,0.0,0.0,0.0,0.0
19.200000000000138,0.0,0.0,-14.177572800875282,-6.560990140327931,-4.2717793476500105,-6.56099014032236,-14.17757280086363,-25.964282191692348,-25.9642821916903,1.2535940963991221,1.246863926114699,1.244841132016833,1.2468639261146939,1.2535940963991117,0.0,0.0,0.0,0.0,0.0
19.30000000000014,0.0,0.0,-14.118198193766034,-6.473804057813936,-4.173975897837579,-6.473804057809048,-14.11819819375421,-25.931723520771186,-25.931723520769083,1.2535416317658048,1.2467868866853509,1.2447547108617067,1.2467868866853464,1.2535416317657944,0.0,0.0,0.0,0.0,0.0
19.40000000000014,0.0,0.0,-14.058909985572484,-6.38686164805307,-4.07647347704949,-6.386861648046192,-14.058909985559751,-25.899093600900756,-25.899093600898595,1.25348924347636,1.2467100625702972,1.2446685557020645,1.2467100625702914,1.253489243476349,0.0,0.0,0.0,0.0,0.0
19.500000000000142,0.0,0.0,-13.99970758235537,-6.300161495329576,-3.9792704570089086,-6.300161495322982,-13.99970758234167,-25.86639287730594,-25.866392877303696,1.2534369310059705,1.2466334525185823,1.2445826650991276,1.2466334525185767,1.2534369310059585,0.0,0.0,0.0,0.0,0.0
19.600000000000144,0.0,0.0,-13.940590397070935,-6.213702192555445,-3.8823652155422224,-6.213702192548851,-13.940590397057747,-25.833621792285385,-25.83362179228311,1.2533846938359126,1.2465570552868743,1.24449703761951,1.2465570552868683,1.253384693835901,0.0,0.0,0.0,0.0,0.0
19.700000000000145,0.0,0.0,-13.881557849421881,-6.127482341210225,-3.785756136651628,-6.127482341204086,-13.881557849408296,-25.800780785239198,-25.80078078523684,1.2533325314534232,1.246480869639411,1.2444116718352818,1.2464808696394056,1.2533325314534114,0.0,0.0,0.0,0.0,0.0
19.800000000000146,0.0,0.0,-13.822609365711457,-6.041500551278318,-3.6894416105782852,-6.04150055127252,-13.82260936569844,-25.76787029269542,-25.76787029269309,1.253280443351572,1.2464048943479462,1.2443265663240273,1.246404894347941,1.2532804433515607,0.0,0.0,0.0,0.0,0.0
19.900000000000148,0.0,0.0,-13.763744378706576,-5.955755441193901,-3.593420033864845,-5.955755441187819,-13.763744378692024,-25.734890748336795,-25.734890748334465,1.2532284290291404,1.2463291281916995,1.2442417196688984,1.2463291281916942,1.2532284290291276,0.0,0.0,0.0,0.0,0.0
20.00000000000015,0.0,0.0,-13.704962327493831,-5.870245637777941,-3.4976898094150783,-5.8702456377716885,-13.704962327478256,-25.70184258302652,-25.701842583024188,1.2531764879904934,1.2462535699573016,1.2441571304586678,1.246253569957296,1.2531764879904799,0.0,0.0,0.0,0.0,0.0
20.10000000000015,0.0,0.0,-13.646262657355635,-5.78496977618164,-3.402249346548558,-5.7849697761745915,-13.646262657339435,-25.668726224833733,-25.668726224831403,1.2531246197454713,1.2461782184387438,1.2440727972877768,1.2461782184387376,1.253124619745457,0.0,0.0,0.0,0.0,0.0
20.200000000000152,0.0,0.0,-13.587644819636864,-5.699926499832088,-3.307097061048637,-5.699926499824642,-13.5876448196218,-25.635542099058625,-25.635542099056266,1.2530728238092708,1.2461030724373299,1.2439887187563792,1.2461030724373234,1.2530728238092574,0.0,0.0,0.0,0.0,0.0
20.300000000000153,0.0,0.0,-13.529108271624239,-5.6151144603720695,-3.2122313752209948,-5.615114460365021,-13.52910827160872,-25.602290628256952,-25.60229062825462,1.2530210997023392,1.2460281307616239,1.2439048934703918,1.246028130761618,1.2530210997023254,0.0,0.0,0.0,0.0,0.0
20.400000000000155,0.0,0.0,-13.47065247642115,-5.5305323176090155,-3.1176507179320083,-5.530532317602706,-13.470652476404325,-25.568972232264485,-25.568972232262098,1.2529694469502637,1.2459533922274035,1.2438213200415278,1.2459533922273978,1.2529694469502488,0.0,0.0,0.0,0.0,0.0
20.500000000000156,0.0,0.0,-13.412276902828637,-5.446178739451568,-3.0233535246551924,-5.446178739445031,-13.412276902813801,-25.535587328220515,-25.53558732821807,1.2529178650836656,1.2458788556576055,1.2437379970873397,1.2458788556575997,1.2529178650836525,0.0,0.0,0.0,0.0,0.0
20.600000000000158,0.0,0.0,-13.353981025237033,-5.362052401857568,-2.9293382375104784,-5.362052401851315,-13.353981025222993,-25.50213633059144,-25.502136330588996,1.2528663536381057,1.245804519882279,1.2436549232312517,1.2458045198822734,1.2528663536380933,0.0,0.0,0.0,0.0,0.0
20.70000000000016,0.0,0.0,-13.295764323509616,-5.278151988784543,-2.8356033053026977,-5.2781519887776085,-13.295764323495916,-25.46861965119396,-25.468619651191517,1.2528149121539802,1.2457303837385407,1.2435720971025963,1.2457303837385347,1.2528149121539682,0.0,0.0,0.0,0.0,0.0
20.80000000000016,0.0,0.0,-13.237626282877216,-5.194476192127411,-2.7421471835587568,-5.194476192121158,-13.237626282864255,-25.43503769921756,-25.435037699215087,1.2527635401764288,1.2456564460705228,1.2434895173366447,1.2456564460705175,1.252763540176417,0.0,0.0,0.0,0.0,0.0
20.900000000000162,0.0,0.0,-13.17956639383101,-5.1110237116717485,-2.6489683345556614,-5.11102371166578,-13.179566393819243,-25.40139088124684,-25.401390881244367,1.252712237255238,1.2455827057293283,1.2434071825746331,1.2455827057293232,1.2527122372552275,0.0,0.0,0.0,0.0,0.0
21.000000000000163,0.0,0.0,-13.121584152023388,-5.027793255036897,-2.5560652273575215,-5.027793255032009,-13.12158415201202,-25.367679601283612,-25.36767960128111,1.2526610029447567,1.2455091615729836,1.243325091463795,1.245509161572979,1.2526610029447465,0.0,0.0,0.0,0.0,0.0
21.100000000000165,0.0,0.0,-13.063679058165803,-4.9447835376220155,-2.463436337839312,-4.944783537618093,-13.063679058155913,-25.33390426076832,-25.33390426076582,1.2526098368038026,1.2454358124663876,1.2432432426573814,1.245435812466384,1.2526098368037937,0.0,0.0,0.0,0.0,0.0
21.200000000000166,0.0,0.0,-13.005850617935607,-4.861993282557478,-2.371080148713361,-4.861993282553726,-13.005850617925375,-25.30006525860162,-25.300065258599034,1.2525587383955825,1.2453626572812726,1.2431616348146861,1.2453626572812693,1.2525587383955732,0.0,0.0,0.0,0.0,0.0
21.300000000000168,0.0,0.0,-12.94809834187862,-4.779421220651955,-2.2789951495549303,-4.779421220647407,-12.948098341866853,-25.266162991165032,-25.266162991162417,1.2525077072876039,1.2452896948961547,1.2430802666010665,1.245289694896151,1.2525077072875936,0.0,0.0,0.0,0.0,0.0
21.40000000000017,0.0,0.0,-12.890421745318463,-4.697066090339035,-2.1871798368213717,-4.697066090334431,-12.890421745306128,-25.23219785234184,-25.232197852339226,1.2524567430515974,1.245216924196288,1.2429991366879605,1.2452169241962843,1.2524567430515865,0.0,0.0,0.0,0.0,0.0
21.50000000000017,0.0,0.0,-12.832820348272719,-4.614926637631413,-2.0956327138745223,-4.614926637625786,-12.832820348260668,-25.198170233537354,-25.19817023353474,1.25240584526344,1.2451443440736227,1.242918243752908,1.245144344073618,1.2524058452634297,0.0,0.0,0.0,0.0,0.0
21.600000000000172,0.0,0.0,-12.775293675362605,-4.533001616063586,-2.0043522909961666,-4.5330016160566515,-12.775293675350042,-25.16408052369883,-25.164080523696185,1.2523550135030777,1.2450719534267567,1.242837586479563,1.2450719534267505,1.2523550135030668,0.0,0.0,0.0,0.0,0.0
21.700000000000173,0.0,0.0,-12.717841255729468,-4.451289786646271,-1.9133370854040663,-4.451289786638824,-12.71784125571628,-25.129929109335507,-25.129929109332807,1.2523042473544497,1.244999751160893,1.2427571635577088,1.2449997511608863,1.2523042473544381,0.0,0.0,0.0,0.0,0.0
21.800000000000175,0.0,0.0,-12.660462622953048,-4.369789917820128,-1.8225856212675922,-4.369789917811374,-12.660462622939292,-25.095716374537773,-25.095716374535016,1.2522535464054172,1.2449277361878002,1.2426769736832701,1.2449277361877924,1.2522535464054052,0.0,0.0,0.0,0.0,0.0
21.900000000000176,0.0,0.0,-12.603157314974055,-4.288500785399151,-1.73209642971824,-4.2885007853906245,-12.60315731496081,-25.06144270099648,-25.06144270099375,1.2522029102476957,1.2448559074257621,1.242597015558325,1.2448559074257548,1.252202910247684,0.0,0.0,0.0,0.0,0.0
22.000000000000178,0.0,0.0,-12.545924874016237,-4.207421172528143,-1.6418680488612267,-4.207421172520014,-12.545924874001742,-25.027108468021993,-25.027108468019293,1.2521523384767839,1.2447842637995408,1.2425172878911126,1.2447842637995337,1.2521523384767712,0.0,0.0,0.0,0.0,0.0
22.10000000000018,0.0,0.0,-12.488764846510549,-4.126549869634971,-1.5518990237834487,-4.1265498696257055,-12.488764846495826,-24.992714052562633,-24.992714052559904,1.252101830691899,1.2447128042403328,1.2424377893960419,1.2447128042403246,1.2521018306918863,0.0,0.0,0.0,0.0,0.0
22.20000000000018,0.0,0.0,-12.431676783021487,-4.045885674376109,-1.4621879065621783,-4.045885674365479,-12.431676783006253,-24.958259829223124,-24.958259829220367,1.2520513864959109,1.2446415276857226,1.2423585187936979,1.2446415276857132,1.2520513864958973,0.0,0.0,0.0,0.0,0.0
22.300000000000182,0.0,0.0,-12.374660238180752,-3.9654273915959948,-1.3727332562701804,-3.96542739158582,-12.374660238164381,-24.923746170282726,-24.92374617027997,1.2520010054952824,1.2445704330796459,1.2422794748108474,1.2445704330796368,1.2520010054952682,0.0,0.0,0.0,0.0,0.0
22.400000000000183,0.0,0.0,-12.317714770610735,-3.8851738332787136,-1.2835336389798044,-3.885173833268084,-12.31771477059442,-24.88917344571317,-24.889173445710384,1.2519506873000035,1.2444995193723472,1.2422006561804426,1.2444995193723376,1.251950687299989,0.0,0.0,0.0,0.0,0.0
22.500000000000185,0.0,0.0,-12.260839942862901,-3.8051238184997374,-1.1945876277629282,-3.8051238184880276,-12.260839942847099,-24.854542023196387,-24.85454202319349,1.2519004315235354,1.244428785520337,1.2421220616416198,1.2444287855203269,1.2519004315235214,0.0,0.0,0.0,0.0,0.0
22.600000000000186,0.0,0.0,-12.20403532135083,-3.7252761733801663,-1.1058938026993133,-3.725276173368684,-12.204035321334402,-24.819852268141744,-24.819852268138703,1.2518502377827518,1.244358230486352,1.2420436899397087,1.244358230486342,1.2518502377827376,0.0,0.0,0.0,0.0,0.0
22.700000000000188,0.0,0.0,-12.147300476285182,-3.645629731045574,-1.017450750873877,-3.6456297310345462,-12.147300476269038,-24.785104543703255,-24.785104543700186,1.2518001056978827,1.2442878532393178,1.2419655398262277,1.2442878532393078,1.2518001056978685,0.0,0.0,0.0,0.0,0.0
22.80000000000019,0.0,0.0,-12.090634981612936,-3.5661833315740523,-0.9292570663711786,-3.56618333156365,-12.090634981596509,-24.750299210796726,-24.750299210793628,1.2517500348924582,1.2442176527543025,1.241887610058881,1.2442176527542934,1.2517500348924437,0.0,0.0,0.0,0.0,0.0
22.90000000000019,0.0,0.0,-12.034038414955035,-3.4869358219576156,-0.8413113502778629,-3.4869358219464175,-12.034038414939175,-24.71543662811638,-24.71543662811328,1.251700024993256,1.2441476280124852,1.2418098994015596,1.2441476280124752,1.2517000249932417,0.0,0.0,0.0,0.0,0.0
23.000000000000192,0.0,0.0,-11.977510357551978,-3.4078860560493354,-0.7536122106795915,-3.4078860560377393,-11.977510357535664,-24.68051715215134,-24.68051715214827,1.2516500756302507,1.2440777780011063,1.2417324066243394,1.2440777780010963,1.2516500756302362,0.0,0.0,0.0,0.0,0.0
23.100000000000193,0.0,0.0,-11.921050394199028,-3.329032894528325,-0.6661582626538802,-3.3290328945172405,-11.921050394183908,-24.64554113720206,-24.64554113719899,1.2516001864365596,1.2440081017134386,1.2416551305034738,1.2440081017134288,1.251600186436546,0.0,0.0,0.0,0.0,0.0
23.200000000000195,0.0,0.0,-11.864658113198402,-3.250375204851366,-0.5789481282660063,-3.2503752048409638,-11.864658113182827,-24.610508935396382,-24.610508935393284,1.2515503570483972,1.2439385981487434,1.2415780698213916,1.243938598148734,1.2515503570483835,0.0,0.0,0.0,0.0,0.0
23.300000000000196,0.0,0.0,-11.808333106296743,-3.1719118612109014,-0.49198043656247137,-3.1719118612007833,-11.80833310628259,-24.57542089670548,-24.575420896702326,1.251500587105023,1.2438692663122333,1.2415012233666896,1.2438692663122244,1.2515005871050107,0.0,0.0,0.0,0.0,0.0
23.400000000000198,0.0,0.0,-11.75207496864033,-3.0936417444906397,-0.405253823561452,-3.0936417444801805,-11.752074968626971,-24.540277368959437,-24.540277368956282,1.2514508762487,1.2438001052150347,1.2414245899341254,1.2438001052150254,1.2514508762486882,0.0,0.0,0.0,0.0,0.0
23.5000000000002,0.0,0.0,-11.695883298717149,-3.0155637422251402,-0.3187669322483657,-3.0155637422138284,-11.695883298704587,-24.505078697863127,-24.505078697859915,1.2514012241246435,1.2437311138741494,1.2413481683246121,1.2437311138741396,1.2514012241246324,0.0,0.0,0.0,0.0,0.0
23.6000000000002,0.0,0.0,-11.639757698309381,-2.9376767485524624,-0.23251841255654426,-2.937676748541719,-11.639757698297444,-24.469825227011142,-24.469825227007902,1.2513516303809797,1.2436622913124153,1.2412719573452038,1.2436622913124056,1.251351630380969,0.0,0.0,0.0,0.0,0.0
23.700000000000202,0.0,0.0,-11.583697772440928,-2.859979664178809,-0.14650692136962107,-2.859979664169316,-11.583697772430526,-24.43451729790334,-24.434517297900015,1.2513020946687,1.2435936365584732,1.2411959558090944,1.2435936365584648,1.2513020946686908,0.0,0.0,0.0,0.0,0.0
23.800000000000203,0.0,0.0,-11.52770312933552,-2.7824713963343015,-0.06073112249924861,-2.782471396324354,-11.527703129325516,-24.399155249959534,-24.399155249956152,1.251252616641623,1.2435251486467296,1.2411201625356005,1.2435251486467207,1.251252616641614,0.0,0.0,0.0,0.0,0.0
23.900000000000205,0.0,0.0,-11.471773380365846,-2.70515085872961,0.024810313318027966,-2.705150858719321,-11.47177338035442,-24.363739420534472,-24.36373942053106,1.2512031959563488,1.2434568266173163,1.2410445763501572,1.2434568266173072,1.2512031959563388,0.0,0.0,0.0,0.0,0.0
24.000000000000206,0.0,0.0,-11.41590814000466,-2.628016971516786,0.1101187084438493,-2.6280169715067814,-11.415908139993462,-24.328270144932503,-24.328270144929036,1.251153832272218,1.2433886695160572,1.2409691960842986,1.2433886695160485,1.2511538322722082,0.0,0.0,0.0,0.0,0.0
24.100000000000207,0.0,0.0,-11.360107025787954,-2.5510686612491327,0.19519537834190714,-2.551068661240606,-11.360107025777324,-24.292747756421875,-24.29274775641838,1.2511045252512774,1.2433206763944329,1.2408940205756533,1.2433206763944256,1.2511045252512683,0.0,0.0,0.0,0.0,0.0
24.20000000000021,0.0,0.0,-11.3043696582684,-2.4743048608398794,0.28004163159897644,-2.4743048608318077,-11.304369658257372,-24.257172586249197,-24.2571725862457,1.2510552745582397,1.2432528463095436,1.240819048667927,1.243252846309536,1.25105527455823,0.0,0.0,0.0,0.0,0.0
24.30000000000021,0.0,0.0,-11.2486956609701,-2.397724509523698,0.36465876993912616,-2.3977245095152284,-11.24869566096072,-24.221544963653685,-24.221544963650132,1.2510060798604428,1.2431851783240744,1.2407442792108896,1.2431851783240666,1.2510060798604343,0.0,0.0,0.0,0.0,0.0
24.40000000000021,0.0,0.0,-11.19308466035136,-2.3213265528135594,0.449048088238726,-2.321326552807477,-11.193084660342265,-24.185865215880852,-24.185865215877243,1.2509569408278172,1.2431176715062588,1.2406697110603613,1.2431176715062535,1.250956940827809,0.0,0.0,0.0,0.0,0.0
24.500000000000213,0.0,0.0,-11.137536285763133,-2.245109942468787,0.5332108745407709,-2.245109942459976,-11.137536285753356,-24.150133668196588,-24.15013366819298,1.25090785713285,1.2430503249298501,1.2405953430782006,1.2430503249298424,1.2509078571328416,0.0,0.0,0.0,0.0,0.0
24.600000000000215,0.0,0.0,-11.082050169408603,-2.16907363644259,0.6171484100805174,-2.1690736364338363,-11.082050169398599,-24.114350643900877,-24.11435064389724,1.2508588284505484,1.242983137674074,1.240521174132282,1.242983137674066,1.2508588284505398,0.0,0.0,0.0,0.0,0.0
24.700000000000216,0.0,0.0,-11.02662594630425,-2.0932165988588167,0.7008619692912816,-2.0932165988501197,-11.026625946294075,-24.07851646434119,-24.078516464337525,1.2508098544584054,1.2429161088236085,1.2404472030964888,1.242916108823601,1.2508098544583965,0.0,0.0,0.0,0.0,0.0
24.800000000000217,0.0,0.0,-10.97126325424614,-2.017537799964373,0.7843528198313834,-2.017537799955676,-10.971263254235112,-24.04263144892593,-24.042631448922265,1.2507609348363702,1.2428492374685431,1.2403734288506927,1.2428492374685354,1.2507609348363604,0.0,0.0,0.0,0.0,0.0
24.90000000000022,0.0,0.0,-10.915961733768938,-1.94203621609239,0.8676222226011987,-1.9420362160844888,-10.915961733758195,-24.006695915137783,-24.006695915134117,1.2507120692668112,1.2427825227043439,1.2402998502807354,1.2427825227043368,1.2507120692668021,0.0,0.0,0.0,0.0,0.0
25.00000000000022,0.0,0.0,-10.86072102811363,-1.8667108296266974,0.9506714317607816,-1.8667108296189667,-10.860721028104024,-23.97071017854674,-23.970710178543044,1.2506632574344896,1.2427159636318243,1.2402264662784157,1.2427159636318175,1.2506632574344811,0.0,0.0,0.0,0.0,0.0
25.10000000000022,0.0,0.0,-10.805540783192782,-1.7915606289605535,1.0335016947539089,-1.791560628953107,-10.80554078318346,-23.934674552823168,-23.934674552819445,1.2506144990265256,1.2426495593571079,1.240153275741466,1.2426495593571012,1.2506144990265176,0.0,0.0,0.0,0.0,0.0
25.200000000000223,0.0,0.0,-10.75042064755121,-1.7165846084627674,1.1161142523241665,-1.7165846084558325,-10.750420647541034,-23.89858934975055,-23.8985893497468,1.2505657937323664,1.242583308991598,1.2400802775735396,1.2425833089915916,1.2505657937323578,0.0,0.0,0.0,0.0,0.0
25.300000000000225,0.0,0.0,-10.695360272337041,-1.6417817684393299,1.1985103385386537,-1.6417817684321108,-10.695360272325786,-23.8624548792383,-23.862454879234576,1.2505171412437597,1.242517211651944,1.2400074706841895,1.2425172116519376,1.25051714124375,0.0,0.0,0.0,0.0,0.0
25.400000000000226,0.0,0.0,-10.640359311269663,-1.5671511150965785,1.2806911808072527,-1.5671511150890183,-10.64035931125892,-23.82627144933437,-23.826271449330648,1.2504685412547243,1.2424512664600096,1.2399348539888504,1.242451266460003,1.250468541254715,0.0,0.0,0.0,0.0,0.0
25.500000000000227,0.0,0.0,-10.58541742060686,-1.4926916605043061,1.3626579999072987,-1.4926916604975986,-10.585417420596684,-23.790039366237664,-23.790039366233884,1.2504199934615223,1.2423854725428387,1.2398624264088185,1.242385472542833,1.2504199934615134,0.0,0.0,0.0,0.0,0.0
25.60000000000023,0.0,0.0,-10.5305342591123,-1.4184024225618828,1.4444120100022815,-1.4184024225543226,-10.530534259101728,-23.753758934310298,-23.75375893430649,1.2503714975626308,1.2423198290326274,1.239790186871234,1.2423198290326207,1.2503714975626214,0.0,0.0,0.0,0.0,0.0
25.70000000000023,0.0,0.0,-10.475709488027235,-1.3442824249571572,1.5259544186678795,-1.3442824249510181,-10.47570948801723,-23.717430456090113,-23.717430456086248,1.250323053258715,1.242254335066686,1.2397181343090573,1.2422543350666804,1.2503230532587064,0.0,0.0,0.0,0.0,0.0
25.80000000000023,0.0,0.0,-10.420942771038597,-1.2703306971385473,1.607286426912708,-1.2703306971330335,-10.420942771028194,-23.6810542323025,-23.681054232298635,1.250274660252602,1.2421889897874148,1.2396462676610531,1.2421889897874099,1.250274660252593,0.0,0.0,0.0,0.0,0.0
25.900000000000233,0.0,0.0,-10.366233774253317,-1.1965462742738282,1.6884092292027049,-1.196546274268087,-10.366233774242858,-23.644630561872475,-23.64463056186858,1.2502263182492568,1.2421237923422679,1.239574585871766,1.2421237923422628,1.250226318249248,0.0,0.0,0.0,0.0,0.0
26.000000000000234,0.0,0.0,-10.311582166167398,-1.122928197214776,1.769324013483299,-1.1229281972105127,-10.311582166156938,-23.60815974193656,-23.60815974193264,1.2501780269557559,1.2420587418837221,1.2395030878915028,1.2420587418837183,1.2501780269557465,0.0,0.0,0.0,0.0,0.0
26.100000000000236,0.0,0.0,-10.256987617635673,-1.0494755124665858,1.8500319612071507,-1.0494755124622088,-10.256987617626294,-23.571642067854583,-23.57164206785069,1.2501297860812595,1.24199383756925,1.2394317726763076,1.241993837569246,1.250129786081251,0.0,0.0,0.0,0.0,0.0
26.200000000000237,0.0,0.0,-10.202449801850548,-0.9761872721504687,1.930534247353421,-0.9761872721473992,-10.202449801840203,-23.53507783322135,-23.53507783321743,1.2500815953369933,1.2419290785612862,1.2393606391879448,1.2419290785612833,1.2500815953369844,0.0,0.0,0.0,0.0,0.0
26.30000000000024,0.0,0.0,-10.14796839431142,-0.9030625339686367,2.010832040455739,-0.9030625339660219,-10.147968394301415,-23.498467329878082,-23.498467329874188,1.2500334544362228,1.2418644640271963,1.2392896863938734,1.2418644640271939,1.2500334544362137,0.0,0.0,0.0,0.0,0.0
26.40000000000024,0.0,0.0,-10.0935430727979,-0.8301003611719011,2.0909265026241997,-0.8301003611694568,-10.093543072788236,-23.46181084792397,-23.46181084792002,1.2499853630942266,1.2417999931392498,1.2392189132672289,1.2417999931392474,1.249985363094218,0.0,0.0,0.0,0.0,0.0
26.50000000000024,0.0,0.0,-10.039173517346342,-0.7572998225248853,2.1708187895741844,-0.7572998225226115,-10.039173517336963,-23.42510867572733,-23.425108675723408,1.2499373210282785,1.2417356650745877,1.2391483187867973,1.2417356650745857,1.2499373210282703,0.0,0.0,0.0,0.0,0.0
26.600000000000243,0.0,0.0,-9.984859410225283,-0.6846599922721452,2.250510050648984,-0.6846599922712926,-9.984859410216018,-23.3883610999371,-23.388361099933178,1.2498893279576242,1.241671479015193,1.239077901936995,1.2416714790151926,1.2498893279576162,0.0,0.0,0.0,0.0,0.0
26.700000000000244,0.0,0.0,-9.930600435909696,-0.6121799501062242,2.330001428845719,-0.61217995010702,-9.930600435900942,-23.351568405493794,-23.3515684054899,1.2498413836034594,1.2416074341478638,1.2390076617078463,1.2416074341478642,1.2498413836034519,0.0,0.0,0.0,0.0,0.0
26.800000000000246,0.0,0.0,-9.87639628105569,-0.5398587811326934,2.4092940608413187,-0.5398587811344555,-9.876396281047107,-23.31473087564055,-23.314730875636627,1.2497934876889072,1.2415435296641797,1.2389375970949597,1.241543529664181,1.2497934876888996,0.0,0.0,0.0,0.0,0.0
26.900000000000247,0.0,0.0,-9.82224663448028,-0.467695575838718,2.488389077019349,-0.46769557584087806,-9.822246634472322,-23.277848791934076,-23.27784879193007,1.2497456399389992,1.241479764760476,1.2388677070995047,1.241479764760478,1.2497456399389923,0.0,0.0,0.0,0.0,0.0
27.00000000000025,0.0,0.0,-9.768151187136368,-0.39568943006059953,2.567287601493433,-0.3956894300620206,-9.768151187129092,-23.240922434255452,-23.240922434251416,1.2496978400806558,1.241416138637816,1.2387979907281916,1.241416138637817,1.2496978400806493,0.0,0.0,0.0,0.0,0.0
27.10000000000025,0.0,0.0,-9.714109632089503,-0.3238394449477937,2.6459907521369246,-0.3238394449489874,-9.714109632081772,-23.203952080821068,-23.203952080817004,1.2496500878426626,1.2413526505019559,1.238728446993244,1.2413526505019568,1.2496500878426557,0.0,0.0,0.0,0.0,0.0
27.20000000000025,0.0,0.0,-9.660121664497467,-0.25214472693460266,2.7244996406083146,-0.2521447269343753,-9.660121664491328,-23.166938008192915,-23.16693800818885,1.2496023829556553,1.2412892995633225,1.2386590749123778,1.2412892995633225,1.24960238295565,0.0,0.0,0.0,0.0,0.0
27.300000000000253,0.0,0.0,-9.60618698158845,-0.18060438770658038,2.8028153723761307,-0.18060438770550036,-9.60618698158288,-23.129880491289498,-23.129880491285405,1.249554725152098,1.2412260850369834,1.2385898735087775,1.2412260850369825,1.249554725152093,0.0,0.0,0.0,0.0,0.0
27.400000000000254,0.0,0.0,-9.552305282637974,-0.10921754416938256,2.8809390467478693,-0.10921754416938256,-9.552305282633483,-23.092779803396184,-23.092779803392034,1.2495071141662646,1.2411630061426178,1.2385208418110727,1.2411630061426178,1.2495071141662606,0.0,0.0,0.0,0.0,0.0
27.500000000000256,0.0,0.0,-9.498476268949958,-0.037983318418469025,2.9588717568964285,-0.0379833184190943,-9.49847626894541,-23.055636216175344,-23.05563621617128,1.249459549734221,1.2411000621044908,1.238451978853313,1.2411000621044914,1.249459549734217,0.0,0.0,0.0,0.0,0.0
27.600000000000257,0.0,0.0,-9.44469964383751,0.0330991622960255,3.036614589885744,0.033099162293979134,-9.444699643833246,-23.018449999677102,-23.018449999673066,1.249412031593808,1.2410372521514228,1.2383832836749462,1.2410372521514244,1.2494120315938044,0.0,0.0,0.0,0.0,0.0
27.70000000000026,0.0,0.0,-9.390975112597687,0.10403076559646252,3.114168626698415,0.10403076559401825,-9.390975112591263,-22.98122142234925,-22.981221422345158,1.2493645594846208,1.2409745755167645,1.2383147553207936,1.2409745755167665,1.2493645594846152,0.0,0.0,0.0,0.0,0.0
27.80000000000026,0.0,0.0,-9.337302382496318,0.17481235401078266,3.191534942267026,0.17481235401049844,-9.3373023824891,-22.943950751047282,-22.94395075104319,1.249317133147993,1.2409120314383686,1.2382463928410226,1.2409120314383686,1.2493171331479869,0.0,0.0,0.0,0.0,0.0
27.90000000000026,0.0,0.0,-9.283681162747769,0.24544478500564537,3.268714605495461,0.24544478500564537,-9.283681162740208,-22.906638251044654,-22.90663825104056,1.2492697523269807,1.2408496191585594,1.2381781952911277,1.2408496191585596,1.249269752326974,0.0,0.0,0.0,0.0,0.0
28.000000000000263,0.0,0.0,-9.230111164497202,0.315928911011099,3.3457086792889754,0.3159289110130885,-9.230111164488733,-22.869284186042705,-22.869284186038612,1.2492224167663453,1.2407873379241128,1.2381101617319037,1.240787337924111,1.249222416766338,0.0,0.0,0.0,0.0,0.0
28.100000000000264,0.0,0.0,-9.176592100800292,0.38626557945622153,3.4225182205811393,0.38626557945821105,-9.176592100789435,-22.83188881818046,-22.831888818176367,1.249175126212537,1.2407251869862221,1.238042291229422,1.2407251869862204,1.2491751262125275,0.0,0.0,0.0,0.0,0.0
28.200000000000266,0.0,0.0,-9.123123686601502,0.4564556327936202,3.4991442803635096,0.45645563279470025,-9.123123686590475,-22.79445240804435,-22.794452408040257,1.249127880413675,1.2406631656004792,1.2379745828550046,1.2406631656004783,1.2491278804136654,0.0,0.0,0.0,0.0,0.0
28.300000000000267,0.0,0.0,-9.069705638724713,0.5264999085339355,3.5755879037120053,0.5264999085355271,-9.069705638714652,-22.756975214678192,-22.756975214674043,1.249080679119539,1.240601273026842,1.2379070356852013,1.2406012730268408,1.2490806791195301,0.0,0.0,0.0,0.0,0.0
28.40000000000027,0.0,0.0,-9.016337675849854,0.5963992392741488,3.651850129812601,0.5963992392756836,-9.016337675839964,-22.719457495592536,-22.719457495588415,1.2490335220815485,1.2405395085296107,1.2378396488017653,1.2405395085296094,1.24903352208154,0.0,0.0,0.0,0.0,0.0
28.50000000000027,0.0,0.0,-8.963019518495628,0.6661544527289038,3.727931991992648,0.6661544527311776,-8.963019518485112,-22.681899506774528,-22.68189950677035,1.2489864090527485,1.2404778713773996,1.2377724212916277,1.2404778713773976,1.248986409052739,0.0,0.0,0.0,0.0,0.0
28.60000000000027,0.0,0.0,-8.909750889002396,0.7357663717550622,3.803834517747191,0.7357663717587002,-8.909750888992505,-22.64430150269709,-22.644301502692883,1.2489393397877926,1.2404163608431151,1.237705352246872,1.240416360843112,1.2489393397877837,0.0,0.0,0.0,0.0,0.0
28.700000000000273,0.0,0.0,-8.856531511519222,0.8052358143877996,3.8795587287630156,0.8052358143898459,-8.856531511510127,-22.606663736328528,-22.60666373632432,1.2488923140429335,1.2403549762039248,1.2376384407647147,1.2403549762039228,1.2488923140429253,0.0,0.0,0.0,0.0,0.0
28.800000000000274,0.0,0.0,-8.803361111982497,0.8745635938600458,3.9551056409550256,0.8745635938606711,-8.803361111974368,-22.568986459141826,-22.568986459137648,1.2488453315760033,1.2402937167412387,1.2375716859474724,1.2402937167412378,1.2488453315759958,0.0,0.0,0.0,0.0,0.0
28.900000000000276,0.0,0.0,-8.750239418106844,0.9437505186398312,4.030476264487902,0.9437505186404564,-8.75023941809718,-22.531269921123993,-22.53126992111973,1.2487983921464039,1.240232581740678,1.237505086902543,1.2402325817406774,1.2487983921463954,0.0,0.0,0.0,0.0,0.0
29.000000000000277,0.0,0.0,-8.69716615935721,1.0127973924541607,4.105671603802534,1.0127973924559797,-8.697166159346637,-22.493514370785107,-22.493514370780815,1.248751495515086,1.2401715704920524,1.2374386427423814,1.2401715704920508,1.2487514955150767,0.0,0.0,0.0,0.0,0.0
29.10000000000028,0.0,0.0,-8.644141066947157,1.081705014322381,4.180692657650582,1.0817050143230063,-8.644141066935163,-22.455720055167575,-22.455720055163198,1.248704641444544,1.2401106822893329,1.2373723525844698,1.2401106822893322,1.2487046414445333,0.0,0.0,0.0,0.0,0.0
29.20000000000028,0.0,0.0,-8.591163873812263,1.1504741785757346,4.25554041911613,1.150474178577781,-8.591163873800781,-22.41788721985506,-22.417887219850684,1.248657829698794,1.240049916430631,1.2373062155512986,1.2400499164306291,1.248657829698784,0.0,0.0,0.0,0.0,0.0
29.30000000000028,0.0,0.0,-8.538234314604097,1.2191056748932851,4.330215875647127,1.2191056748953315,-8.53823431459358,-22.380016108981692,-22.380016108977316,1.2486110600433689,1.23998927221817,1.2372402307703387,1.2399892722181682,1.2486110600433598,0.0,0.0,0.0,0.0,0.0
29.400000000000283,0.0,0.0,-8.485352125668271,1.287600288325848,4.404720009081132,1.2876002883275532,-8.48535212565838,-22.34210696524076,-22.342106965236383,1.2485643322452982,1.239928748958263,1.2371743973740172,1.2399287489582616,1.2485643322452895,0.0,0.0,0.0,0.0,0.0
29.500000000000284,0.0,0.0,-8.432517045034103,1.355958799324128,4.479053795677601,1.355958799325947,-8.432517045024667,-22.304160029893808,-22.304160029889402,1.2485176460730993,1.2398683459612876,1.2371087144996922,1.239868345961286,1.2485176460730907,0.0,0.0,0.0,0.0,0.0
29.600000000000286,0.0,0.0,-8.37972881239972,1.4241819837652088,4.553218206141764,1.4241819837686762,-8.379728812391136,-22.266175542779138,-22.266175542774675,1.2484710012967635,1.2398080625416628,1.2370431812896276,1.2398080625416597,1.248471001296756,0.0,0.0,0.0,0.0,0.0
29.700000000000287,0.0,0.0,-8.326987169113352,1.492270612985692,4.627214205651455,1.4922706129883068,-8.326987169105678,-22.2281537423207,-22.22815374231621,1.2484243976877412,1.239747898017819,1.2369777968909728,1.2397478980178167,1.2484243976877343,0.0,0.0,0.0,0.0,0.0
29.80000000000029,0.0,0.0,-8.274291858167203,1.5602254537998306,4.701042753886895,1.5602254538016496,-8.274291858159472,-22.19009486553685,-22.190094865532302,1.2483778350189352,1.239687851712184,1.2369125604557338,1.2396878517121823,1.248377835018928,0.0,0.0,0.0,0.0,0.0
29.90000000000029,0.0,0.0,-8.221642624178344,1.62804726853102,4.774704805061447,1.6280472685326117,-8.221642624170954,-22.15199914804876,-22.151999148044183,1.2483313130646834,1.2396279229511526,1.2368474711407484,1.2396279229511513,1.2483313130646765,0.0,0.0,0.0,0.0,0.0
30.00000000000029,0.0,0.0,-8.169039213376152,1.6957368150400498,4.848201307946056,1.695736815042892,-8.169039213368592,-22.11386682408903,-22.113866824084454,1.2482848316007487,1.2395681110650636,1.2367825281076628,1.239568111065061,1.2482848316007422,0.0,0.0,0.0,0.0,0.0
30.100000000000293,0.0,0.0,-8.116481373589977,1.763294846750398,4.921533205895685,1.76329484675216,-8.116481373581678,-22.07569812651022,-22.07569812650567,1.2482383904043084,1.2395084153881761,1.2367177305229091,1.2395084153881744,1.2482383904043008,0.0,0.0,0.0,0.0,0.0
30.200000000000294,0.0,0.0,-8.063968854233224,1.830722112670344,4.994701436879893,1.8307221126726176,-8.06396885422538,-22.03749328679322,-22.037493286788617,1.2481919892539386,1.2394488352586508,1.2366530775576776,1.2394488352586488,1.2481919892539317,0.0,0.0,0.0,0.0,0.0
30.300000000000296,0.0,0.0,-8.011501406296588,1.8980193574257669,5.067706933511545,1.8980193574277564,-8.011501406289085,-21.99925253505552,-21.999252535050886,1.24814562792961,1.2393893700185212,1.2365885683878928,1.2393893700185197,1.2481456279296035,0.0,0.0,0.0,0.0,0.0
30.400000000000297,0.0,0.0,-7.959078782329982,1.9651873212835085,5.140550623070396,1.9651873212854412,-7.95907878232282,-21.960976100059696,-21.960976100055035,1.24809930621267,1.239330019013672,1.2365242021941907,1.2393300190136705,1.2480993062126635,0.0,0.0,0.0,0.0,0.0
30.5000000000003,0.0,0.0,-7.906700736430764,2.0322267401747354,5.213233427534817,2.0322267401772933,-7.906700736423318,-21.922664209221438,-21.922664209216748,1.2480530238858343,1.2392707815938193,1.2364599781618923,1.2392707815938169,1.2480530238858276,0.0,0.0,0.0,0.0,0.0
30.6000000000003,0.0,0.0,-7.854367024233056,2.099138345725976,5.285756263605663,2.0991383457279653,-7.854367024226747,-21.88431708861785,-21.884317088613187,1.2480067807331758,1.2392116571124825,1.2363958954809815,1.239211657112481,1.24800678073317,0.0,0.0,0.0,0.0,0.0
30.7000000000003,0.0,0.0,-7.802077402895577,2.1659228652798106,5.358120042735436,2.1659228652799243,-7.802077402888585,-21.845934962995585,-21.845934962990924,1.2479605765401154,1.2391526449269668,1.2363319533460801,1.2391526449269665,1.2479605765401092,0.0,0.0,0.0,0.0,0.0
30.800000000000303,0.0,0.0,-7.749831631086522,2.2325810219197706,5.430325671160574,2.2325810219197706,-7.749831631079246,-21.8075180557789,-21.807518055774153,1.2479144110934068,1.2390937443983403,1.236268150956419,1.2390937443983403,1.2479144110934006,0.0,0.0,0.0,0.0,0.0
30.900000000000304,0.0,0.0,-7.697629468976743,2.2991135345042153,5.502374049919922,2.2991135345023395,-7.697629468968955,-21.769066589077426,-21.769066589072708,1.2478682841811324,1.2390349548914052,1.2362044875158213,1.2390349548914068,1.2478682841811255,0.0,0.0,0.0,0.0,0.0
31.000000000000306,0.0,0.0,-7.645470678220761,2.365521117677872,5.574266074886566,2.3655211176770763,-7.6454706782136554,-21.730580783694506,-21.730580783689817,1.2478221955926851,1.2389762757746863,1.2361409622326751,1.2389762757746872,1.247822195592679,0.0,0.0,0.0,0.0,0.0
31.100000000000307,0.0,0.0,-7.593355021956938,2.431804481911172,5.646002636794492,2.431804481909637,-7.593355021949151,-21.692060859134926,-21.69206085913018,1.247776145118769,1.2389177064203978,1.2360775743199093,1.2389177064203991,1.2477761451187621,0.0,0.0,0.0,0.0,0.0
31.20000000000031,0.0,0.0,-7.541282264783092,2.497964333510538,5.71758462126985,2.4979643335099126,-7.541282264774736,-21.653507033612584,-21.65350703360778,1.2477301325513777,1.2388592462044319,1.236014322994967,1.2388592462044326,1.2477301325513703,0.0,0.0,0.0,0.0,0.0
31.30000000000031,0.0,0.0,-7.489252172753197,2.564001374656243,5.7890129088510776,2.5640013746570958,-7.489252172745125,-21.61491952405848,-21.614919524053647,1.2476841576837918,1.2388008945063285,1.2359512074797847,1.2388008945063278,1.2476841576837847,0.0,0.0,0.0,0.0,0.0
31.40000000000031,0.0,0.0,-7.437264513365335,2.629916303418611,5.860288375019195,2.6299163034213393,-7.437264513357263,-21.57629854612844,-21.57629854612361,1.247638220310568,1.2387426507092574,1.2358882270007705,1.238742650709255,1.2476382203105607,0.0,0.0,0.0,0.0,0.0
31.500000000000313,0.0,0.0,-7.385319055549303,2.6957098137849584,5.931411890226229,2.695709813787971,-7.385319055542936,-21.537644314210752,-21.53764431420592,1.2475923202275272,1.2386845141999971,1.2358253807887745,1.2386845141999947,1.2475923202275216,0.0,0.0,0.0,0.0,0.0
31.600000000000314,0.0,0.0,-7.333415569656609,2.761382595682562,6.002384319922442,2.761382595685575,-7.333415569649503,-21.498957041433727,-21.498957041428895,1.247546457231748,1.238626484368914,1.235762668079067,1.2386264843689114,1.2475464572317418,0.0,0.0,0.0,0.0,0.0
31.700000000000315,0.0,0.0,-7.281553827448704,2.826935335002986,6.073206524578325,2.8269353350060555,-7.281553827442508,-21.460236939673393,-21.460236939668533,1.2475006311215537,1.23856856060994,1.235700088111318,1.238568560609937,1.2475006311215484,0.0,0.0,0.0,0.0,0.0
31.800000000000317,0.0,0.0,-7.229733602089368,2.892368713627434,6.1438793597145605,2.892368713630276,-7.229733602083002,-21.421484219561023,-21.421484219556078,1.2474548416965074,1.2385107423205501,1.2356376401295723,1.2385107423205477,1.247454841696502,0.0,0.0,0.0,0.0,0.0
31.90000000000032,0.0,0.0,-7.177954668130553,2.957683409447384,6.214403675930441,2.957683409451988,-7.177954668124244,-21.382699090490377,-21.38269909048543,1.247409088757398,1.2384530289017461,1.2355753233822226,1.2384530289017421,1.2474090887573923,0.0,0.0,0.0,0.0,0.0
32.00000000000032,0.0,0.0,-7.126216801506189,3.022880096395113,6.284780318930132,3.022880096399547,-7.126216801499595,-21.343881760625464,-21.34388176062052,1.2473633721062365,1.2383954197580271,1.2355131371219874,1.2383954197580234,1.2473633721062307,0.0,0.0,0.0,0.0,0.0
32.100000000000314,0.0,0.0,-7.074519779516265,3.0879594444570557,6.355010129543814,3.087959444461603,-7.074519779510354,-21.305032436907737,-21.30503243690282,1.2473176915462405,1.2383379142973796,1.235451080605891,1.2383379142973754,1.2473176915462354,0.0,0.0,0.0,0.0,0.0
32.20000000000031,0.0,0.0,-7.022863380825356,3.1529221197043285,6.425093943760146,3.15292211971024,-7.022863380819956,-21.266151325063447,-21.26615132505853,1.2472720468818335,1.2382805119312488,1.235389153095237,1.2382805119312437,1.2472720468818286,0.0,0.0,0.0,0.0,0.0
32.3000000000003,0.0,0.0,-6.971247385445281,3.217768784313648,6.49503259274735,3.217768784318423,-6.971247385440449,-21.227238629610838,-21.227238629605978,1.247226437918629,1.238223212074522,1.2353273538555878,1.2382232120745176,1.2472264379186249,0.0,0.0,0.0,0.0,0.0
32.4000000000003,0.0,0.0,-6.91967157472601,3.28250009658899,6.564826902888626,3.2825000965928552,-6.91967157472169,-21.188294553867564,-21.188294553862676,1.247180864463424,1.238166014145508,1.2352656821567343,1.2381660141455044,1.24718086446342,0.0,0.0,0.0,0.0,0.0
32.50000000000029,0.0,0.0,-6.868135731352595,3.347116710987166,6.634477695794033,3.3471167109906332,-6.868135731348957,-21.149319299957682,-21.149319299952793,1.2471353263241938,1.2381089175659152,1.2352041372726847,1.2381089175659121,1.2471353263241902,0.0,0.0,0.0,0.0,0.0
32.600000000000286,0.0,0.0,-6.816639639329367,3.4116192781381756,6.703985788342209,3.411619278141359,-6.816639639324421,-21.11031306881881,-21.11031306881398,1.2470898233100802,1.2380519217608335,1.2351427184816277,1.2380519217608306,1.2470898233100758,0.0,0.0,0.0,0.0,0.0
32.70000000000028,0.0,0.0,-6.765183083969816,3.4760084448705584,6.773351992694074,3.4760084448745374,-6.765183083965383,-21.071276060209442,-21.07127606020464,1.2470443552313824,1.237995026158712,1.235081425065922,1.2379950261587083,1.2470443552313784,0.0,0.0,0.0,0.0,0.0
32.800000000000274,0.0,0.0,-6.713765851893754,3.5402848542296965,6.842577116323753,3.540284854233221,-6.713765851888638,-21.032208472715666,-21.032208472710863,1.2469989218995523,1.237938230191342,1.2350202563120658,1.2379382301913389,1.246998921899548,0.0,0.0,0.0,0.0,0.0
32.90000000000027,0.0,0.0,-6.662387731012302,3.604449145502997,6.911661962043411,3.6044491455064076,-6.662387731007243,-20.993110503758373,-20.99311050375354,1.2469535231271847,1.2378815332938362,1.234959211510678,1.2378815332938333,1.24695352312718,0.0,0.0,0.0,0.0,0.0
33.00000000000026,0.0,0.0,-6.611048510520789,3.6685019542401847,6.980607328031965,3.6685019542456416,-6.6110485105149905,-20.953982349600068,-20.953982349595265,1.2469081587280075,1.23782493490461,1.234898289956471,1.2378249349046053,1.2469081587280026,0.0,0.0,0.0,0.0,0.0
33.10000000000026,0.0,0.0,-6.559747980887153,3.73244391227945,7.049414007854523,3.732443912286328,-6.559747980881411,-20.91482420535192,-20.914824205347088,1.2468628285168748,1.2377684344653572,1.234837490948235,1.2377684344653515,1.2468628285168695,0.0,0.0,0.0,0.0,0.0
33.20000000000025,0.0,0.0,-6.5084859338505225,3.7962756477660378,7.118082790491826,3.7962756477723474,-6.508485933844327,-20.87563626498053,-20.875636264975668,1.2468175323097617,1.2377120314210366,1.2347768137888093,1.2377120314210313,1.2468175323097563,0.0,0.0,0.0,0.0,0.0
33.300000000000246,0.0,0.0,-6.457262162404447,3.859997785170208,7.18661446036532,3.8599977851768585,-6.457262162397058,-20.836418721314686,-20.836418721309798,1.2467722699237538,1.237655725219853,1.234716257785063,1.2376557252198472,1.2467722699237473,0.0,0.0,0.0,0.0,0.0
33.40000000000024,0.0,0.0,-6.40607646078945,3.9236109453169092,7.255009797364096,3.923610945323503,-6.406076460782401,-20.79717176605226,-20.797171766047427,1.246727041177038,1.2375995153132326,1.2346558222478705,1.2375995153132267,1.2467270411770315,0.0,0.0,0.0,0.0,0.0
33.500000000000234,0.0,0.0,-6.354928624491038,3.9871157454009563,7.323269576864618,3.9871157454077775,-6.354928624483819,-20.757895589766918,-20.757895589762143,1.2466818458889002,1.2375434011558089,1.2345955064920926,1.2375434011558029,1.2466818458888937,0.0,0.0,0.0,0.0,0.0
33.60000000000023,0.0,0.0,-6.30381845022373,4.0505127990129495,7.391394569760337,4.050512799019145,-6.303818450215829,-20.718590381914765,-20.71859038190999,1.2466366838797134,1.2374873822054009,1.234535309836552,1.2374873822053956,1.2466366838797065,0.0,0.0,0.0,0.0,0.0
33.70000000000022,0.0,0.0,-6.2527457359248615,4.11380271615451,7.459385542483233,4.113802716161388,-6.252745735917927,-20.679256330840985,-20.67925633083624,1.2465915549709314,1.2374314579229984,1.2344752316040135,1.2374314579229924,1.2465915549709252,0.0,0.0,0.0,0.0,0.0
33.80000000000022,0.0,0.0,-6.201710280746056,4.176986103266756,7.527243257034229,4.1769861032739755,-6.201710280738837,-20.639893623786406,-20.63989362378163,1.24654645898508,1.2373756277727377,1.2344152711211573,1.2373756277727312,1.2465464589850737,0.0,0.0,0.0,0.0,0.0
33.90000000000021,0.0,0.0,-6.150711885047201,4.240063563246849,7.594968471005245,4.2400635632547505,-6.150711885040323,-20.600502446894097,-20.600502446889323,1.2465013957457531,1.237319891221886,1.2343554277185598,1.237319891221879,1.246501395745747,0.0,0.0,0.0,0.0,0.0
34.000000000000206,0.0,0.0,-6.099750350387524,4.303035695467827,7.662561937597502,4.303035695476751,-6.099750350381157,-20.561082985215904,-20.56108298521113,1.2464563650776042,1.2372642477408253,1.2342957007306763,1.2372642477408176,1.2464563650775984,0.0,0.0,0.0,0.0,0.0
34.1000000000002,0.0,0.0,-6.048825479513084,4.365903095803219,7.73002440565466,4.365903095811689,-6.048825479506547,-20.52163542271893,-20.521635422714127,1.246411366806336,1.237208696803029,1.234236089495813,1.2372086968030216,1.2464113668063301,0.0,0.0,0.0,0.0,0.0
34.200000000000195,0.0,0.0,-5.997937076355811,4.428666356644271,7.797356619683683,4.42866635665041,-5.997937076349331,-20.482159942291872,-20.48215994228704,1.2463664007586983,1.237153237885048,1.2341765933561086,1.2371532378850427,1.2463664007586925,0.0,0.0,0.0,0.0,0.0
34.30000000000019,0.0,0.0,-5.9470849460216755,4.491326066918475,7.8645593198782535,4.491326066926547,-5.9470849460154795,-20.442656725751533,-20.442656725746644,1.2463214667624785,1.2370978704664939,1.2341172116575123,1.237097870466487,1.2463214667624731,0.0,0.0,0.0,0.0,0.0
34.40000000000018,0.0,0.0,-5.896268894781372,4.553882812118957,7.931633242144244,4.553882812127711,-5.8962688947745505,-20.40312595384904,-20.40312595384418,1.2462765646464942,1.2370425940300132,1.2340579437497625,1.2370425940300054,1.2462765646464882,0.0,0.0,0.0,0.0,0.0
34.50000000000018,0.0,0.0,-5.8454887300653695,4.616337174315845,7.998579118125349,4.616337174324258,-5.845488730057809,-20.363567806276393,-20.363567806271476,1.2462316942405862,1.2369874080612755,1.2339987889863633,1.2369874080612682,1.2462316942405798,0.0,0.0,0.0,0.0,0.0
34.60000000000017,0.0,0.0,-5.794744260456525,4.678689732176849,8.06539767522537,4.678689732186456,-5.794744260448795,-20.323982461672387,-20.323982461667498,1.2461868553756146,1.2369323120489593,1.2339397467245665,1.2369323120489508,1.246186855375608,0.0,0.0,0.0,0.0,0.0
34.700000000000166,0.0,0.0,-5.7440352956795095,4.740941060992554,8.132089636627313,4.740941061003298,-5.744035295671779,-20.284370097629193,-20.284370097624304,1.2461420478834486,1.236877305484725,1.2338808163253518,1.2368773054847157,1.2461420478834417,0.0,0.0,0.0,0.0,0.0
34.80000000000016,0.0,0.0,-5.693361646597907,4.803091732694895,8.198655721326645,4.803091732705354,-5.693361646587789,-20.244730890698293,-20.244730890693376,1.2460972715969625,1.2368223878632028,1.2338219971534004,1.2368223878631932,1.2460972715969538,0.0,0.0,0.0,0.0,0.0
34.900000000000155,0.0,0.0,-5.642723125198927,4.865142315869832,8.265096644146467,4.865142315880746,-5.642723125188581,-20.20506501639676,-20.2050650163919,1.246052526350025,1.236767558681977,1.2337632885770795,1.2367675586819675,1.246052526350016,0.0,0.0,0.0,0.0,0.0
35.00000000000015,0.0,0.0,-5.59211954459488,4.9270933757867965,8.33141311576776,4.9270933757977105,-5.592119544584932,-20.165372649213396,-20.165372649208535,1.246007811977498,1.2367128174415647,1.2337046899684168,1.236712817441555,1.246007811977489,0.0,0.0,0.0,0.0,0.0
35.10000000000014,0.0,0.0,-5.541550719011354,4.988945474411764,8.39760584274643,4.988945474421882,-5.541550719001691,-20.125653962614763,-20.125653962609874,1.2459631283152275,1.2366581636454008,1.2336462007030844,1.236658163645392,1.2459631283152188,0.0,0.0,0.0,0.0,0.0
35.20000000000014,0.0,0.0,-5.491016463781079,5.050699170429937,8.463675527541227,5.050699170438918,-5.491016463771189,-20.085909129051203,-20.085909129046257,1.2459184752000372,1.2366035967998195,1.233587820160376,1.2366035967998115,1.2459184752000287,0.0,0.0,0.0,0.0,0.0
35.30000000000013,0.0,0.0,-5.440516595333975,5.112355019261713,8.52962286853517,5.112355019271206,-5.4405165953242545,-20.04613831996275,-20.046138319957805,1.2458738524697215,1.2365491164140399,1.2335295477231853,1.2365491164140316,1.245873852469713,0.0,0.0,0.0,0.0,0.0
35.40000000000013,0.0,0.0,-5.390050931194821,5.173913573086509,8.5954485600584,5.173913573094524,-5.390050931185442,-20.00634170578539,-20.006341705780414,1.245829259963041,1.236494722000145,1.2334713827779882,1.2364947220001379,1.2458292599630327,0.0,0.0,0.0,0.0,0.0
35.50000000000012,0.0,0.0,-5.339619289972177,5.235375380855771,8.661153292411996,5.235375380864525,-5.339619289962627,-19.9665194559567,-19.96651945595167,1.2457846975197144,1.2364404130730697,1.2334133247148198,1.2364404130730617,1.2457846975197062,0.0,0.0,0.0,0.0,0.0
35.600000000000115,0.0,0.0,-5.289221491352578,5.29674098831822,8.726737751888834,5.296740988326974,-5.289221491342346,-19.926671738921783,-19.92667173891681,1.2457401649804136,1.2363861891505787,1.233355372927258,1.2363861891505712,1.2457401649804045,0.0,0.0,0.0,0.0,0.0
35.70000000000011,0.0,0.0,-5.238857356093263,5.358010938033715,8.792202620799685,5.358010938042241,-5.238857356083145,-19.886798722139417,-19.886798722134415,1.2456956621867554,1.2363320497532555,1.2332975268123987,1.2363320497532482,1.2456956621867465,0.0,0.0,0.0,0.0,0.0
35.800000000000104,0.0,0.0,-5.1885267060185924,5.419185769395824,8.857548577494356,5.419185769403839,-5.188526706007622,-19.84690057208735,-19.846900572082376,1.2456511889813002,1.2362779944044808,1.2332397857708381,1.2362779944044737,1.2456511889812907,0.0,0.0,0.0,0.0,0.0
35.9000000000001,0.0,0.0,-5.138229364007827,5.480266018647455,8.922776296380505,5.4802660186535945,-5.138229363996629,-19.806977454268633,-19.806977454263688,1.2456067452075406,1.236224022630419,1.2331821492066553,1.2362240226304135,1.2456067452075308,0.0,0.0,0.0,0.0,0.0
36.00000000000009,0.0,0.0,-5.087965153991149,5.541252218898478,8.987886447951325,5.541252218902514,-5.08796515398069,-19.767029533217,-19.767029533212053,1.2455623307098977,1.2361701339600033,1.2331246165273886,1.2361701339599995,1.2455623307098884,0.0,0.0,0.0,0.0,0.0
36.10000000000009,0.0,0.0,-5.037733900945625,5.602144900147948,9.052879698807601,5.602144900152268,-5.037733900933574,-19.72705697250268,-19.727056972497707,1.2455179453337175,1.2361163279249154,1.233067187144016,1.2361163279249114,1.2455179453337066,0.0,0.0,0.0,0.0,0.0
36.20000000000008,0.0,0.0,-4.987535430880996,5.662944589299286,9.117756711673394,5.6629445893038906,-4.9875354308684905,-19.687059934738016,-19.6870599347331,1.2454735889252586,1.2360626040595724,1.2330098604709407,1.2360626040595684,1.2454735889252475,0.0,0.0,0.0,0.0,0.0
36.300000000000075,0.0,0.0,-4.937369570840815,5.723651810178467,9.182518145427082,5.723651810184833,-4.937369570830526,-19.64703858158333,-19.6470385815785,1.245429261331693,1.236008961901111,1.2329526359259644,1.2360089619011054,1.2454292613316837,0.0,0.0,0.0,0.0,0.0
36.40000000000007,0.0,0.0,-4.8872361488930665,5.784267083557438,9.2471646551179,5.784267083563748,-4.887236148884369,-19.60699307375242,-19.606993073747475,1.2453849624010984,1.2359554009893663,1.2328955129302717,1.2359554009893607,1.2453849624010904,0.0,0.0,0.0,0.0,0.0
36.500000000000064,0.0,0.0,-4.837134994123517,5.844790927162933,9.311696891985775,5.844790927168788,-4.837134994115843,-19.56692357101781,-19.566923571012836,1.2453406919824508,1.2359019208668642,1.2328384909084131,1.2359019208668593,1.245340691982444,0.0,0.0,0.0,0.0,0.0
36.60000000000006,0.0,0.0,-4.78706593663145,5.905223855701308,9.376115503489075,5.905223855706538,-4.787065936621502,-19.52683023221678,-19.526830232211836,1.245296449925623,1.2358485210788,1.2327815692882818,1.2358485210787953,1.245296449925614,0.0,0.0,0.0,0.0,0.0
36.70000000000005,0.0,0.0,-4.737028807512843,5.96556638087128,9.440421133322786,5.965566380876794,-4.737028807504146,-19.486713215256657,-19.486713215251683,1.2452522360813674,1.235795201173025,1.232724747501095,1.2357952011730202,1.2452522360813598,0.0,0.0,0.0,0.0,0.0
36.80000000000005,0.0,0.0,-4.687023438871506,6.025819011387341,9.504614421440237,6.0258190113933665,-4.687023438863434,-19.446572677120173,-19.446572677115228,1.245208050301328,1.2357419607000295,1.2326680249813768,1.2357419607000242,1.245208050301321,0.0,0.0,0.0,0.0,0.0
36.90000000000004,0.0,0.0,-4.637049663799871,6.085982252992665,9.568696004074923,6.085982252999543,-4.637049663792254,-19.40640877387122,-19.406408773866303,1.2451638924380215,1.235688799212928,1.2326114011669385,1.2356887992129217,1.2451638924380146,0.0,0.0,0.0,0.0,0.0
37.000000000000036,0.0,0.0,-4.587107316379331,6.146056608475817,9.632666513758238,6.146056608482695,-4.5871073163705205,-19.36622166065999,-19.366221660655015,1.2451197623448387,1.2356357162674458,1.2325548754988613,1.23563571626744,1.2451197623448307,0.0,0.0,0.0,0.0,0.0
37.10000000000003,0.0,0.0,-4.537196231665973,6.206042577693324,9.696526579349154,6.206042577700373,-4.537196231655457,-19.32601149172828,-19.32601149172328,1.2450756598760317,1.2355827114219,1.2324984474214733,1.2355827114218938,1.2450756598760226,0.0,0.0,0.0,0.0,0.0
37.200000000000024,0.0,0.0,-4.487316245692739,6.265940657583542,9.760276826048255,6.265940657590193,-4.4873162456830755,-19.285778420415113,-19.285778420410082,1.2450315848867164,1.235529784237185,1.2324421163823343,1.2355297842371793,1.2450315848867077,0.0,0.0,0.0,0.0,0.0
37.30000000000002,0.0,0.0,-4.437467195460329,6.325751342181491,9.823917875418545,6.325751342187289,-4.437467195451632,-19.24552259916186,-19.24552259915683,1.2449875372328627,1.2354769342767615,1.2323858818322178,1.2354769342767564,1.244987537232855,0.0,0.0,0.0,0.0,0.0
37.40000000000001,0.0,0.0,-4.387648918931461,6.3854751226393205,9.887450345410059,6.385475122646653,-4.3876489189229915,-19.20524417951762,-19.20524417951256,1.2449435167712908,1.2354241611066372,1.2323297432250904,1.2354241611066308,1.2449435167712835,0.0,0.0,0.0,0.0,0.0
37.50000000000001,0.0,0.0,-4.337861255025473,6.44511248724433,9.950874850376579,6.445112487248878,-4.337861255017174,-19.16494331214426,-19.1649433121392,1.2448995233596674,1.2353714642953515,1.2322737000180968,1.2353714642953473,1.2448995233596603,0.0,0.0,0.0,0.0,0.0
37.6,0.0,0.0,-4.288104043611156,6.504663921428062,10.014192001101662,6.504663921433121,-4.288104043602914,-19.12462014682194,-19.124620146816795,1.2448555568564963,1.2353188434139666,1.2322177516715354,1.2353188434139621,1.244855556856489,0.0,0.0,0.0,0.0,0.0
37.699999999999996,0.0,0.0,-4.23837712549863,6.564129907794097,10.077402404812915,6.564129907797792,-4.238377125491411,-19.084274832453957,-19.084274832448813,1.244811617121115,1.2352662980360445,1.232161897648848,1.2352662980360412,1.2448116171211083,0.0,0.0,0.0,0.0,0.0
37.79999999999999,0.0,0.0,-4.188680342440136,6.623510926124425,10.140506665206942,6.623510926128745,-4.188680342432406,-19.04390751707217,-19.043907517067026,1.2447677040136913,1.2352138277376394,1.2321061374165951,1.2352138277376357,1.2447677040136844,0.0,0.0,0.0,0.0,0.0
37.899999999999984,0.0,0.0,-4.139013537117478,6.682807453403768,10.203505382467029,6.682807453407975,-4.139013537108838,-19.003518347842032,-19.00351834783686,1.2447238173952166,1.2351614320972781,1.2320504704444428,1.2351614320972744,1.244723817395209,0.0,0.0,0.0,0.0,0.0
37.99999999999998,0.0,0.0,-4.089376553139971,6.742019963830046,10.26639915328559,6.742019963834423,-4.089376553131785,-18.96310747106756,-18.963107471062386,1.2446799571275005,1.235109110695949,1.2319948962051415,1.2351091106959453,1.2446799571274934,0.0,0.0,0.0,0.0,0.0
38.09999999999997,0.0,0.0,-4.0397692350387615,6.801148928833129,10.329188570881229,6.8011489288394955,-4.039769235030349,-18.92267503219665,-18.922675032191478,1.2446361230731675,1.2350568631170875,1.23193941417451,1.235056863117082,1.24463612307316,0.0,0.0,0.0,0.0,0.0
38.19999999999997,0.0,0.0,-3.9901914282586404,6.86019481709684,10.39187422502215,6.860194817102865,-3.9901914282494317,-18.882221175825748,-18.88222117582052,1.2445923150956493,1.2350046889465547,1.2318840238314175,1.2350046889465491,1.2445923150956413,0.0,0.0,0.0,0.0,0.0
38.29999999999996,0.0,0.0,-3.940642979154461,6.919158094562988,10.454456702043046,6.919158094568218,-3.9406429791451387,-18.84174604570515,-18.841746045699892,1.244548533059182,1.2349525877726342,1.2318287246577666,1.2349525877726297,1.244548533059174,0.0,0.0,0.0,0.0,0.0
38.399999999999956,0.0,0.0,-3.891123734986081,6.978039224456381,10.516936584867778,6.978039224460417,-3.891123734976418,-18.801249784743845,-18.801249784738587,1.2445047768288013,1.2349005591860118,1.2317735161384737,1.2349005591860083,1.2445047768287927,0.0,0.0,0.0,0.0,0.0
38.49999999999995,0.0,0.0,-3.8416335439105183,7.036838667296479,10.5793144530262,7.036838667301254,-3.841633543899775,-18.760732535014427,-18.760732535009197,1.2444610462703354,1.2348486027797625,1.2317183977614539,1.2348486027797583,1.2444610462703258,0.0,0.0,0.0,0.0,0.0
38.599999999999945,0.0,0.0,-3.7921722549766628,7.095556880916604,10.641590882674109,7.09555688092081,-3.7921722549662604,-18.720194437758096,-18.720194437752866,1.244417341250401,1.2347967181493353,1.2316633690176042,1.2347967181493316,1.2444173412503916,0.0,0.0,0.0,0.0,0.0
38.69999999999994,0.0,0.0,-3.742739718124028,7.154194320477302,10.703766446615873,7.15419432048202,-3.7427397181143647,-18.679635633389466,-18.679635633384237,1.2443736616364012,1.234744904892541,1.2316084294007832,1.2347449048925367,1.2443736616363927,0.0,0.0,0.0,0.0,0.0
38.79999999999993,0.0,0.0,-3.693335784172973,7.21275143848419,10.76584171431739,7.212751438488851,-3.6933357841641055,-18.63905626150145,-18.639056261496194,1.2443300072965182,1.2346931626095363,1.2315535784077982,1.234693162609532,1.2443300072965104,0.0,0.0,0.0,0.0,0.0
38.89999999999993,0.0,0.0,-3.643960304819416,7.271228684798302,10.827817251933311,7.271228684803418,-3.6439603048116282,-18.598456460869983,-18.59845646086464,1.244286378099707,1.2346414909028145,1.231498815538384,1.23464149090281,1.2442863780997002,0.0,0.0,0.0,0.0,0.0
38.99999999999992,0.0,0.0,-3.5946131326327873,7.329626506658428,10.889693622320749,7.32962650666326,-3.594613132625966,-18.55783636945887,-18.557836369453582,1.2442427739156954,1.2345898893771863,1.2314441402951877,1.2345898893771818,1.2442427739156892,0.0,0.0,0.0,0.0,0.0
39.099999999999916,0.0,0.0,-3.5452941210452877,7.387945348689982,10.95147138505888,7.3879453486959505,-3.545294121038637,-18.517196124424686,-18.5171961244194,1.2441991946149729,1.2345383576397713,1.2313895521837541,1.2345383576397662,1.2441991946149666,0.0,0.0,0.0,0.0,0.0
39.19999999999991,0.0,0.0,-3.4960031243538197,7.446185652925919,11.013151096466913,7.446185652933764,-3.496003124346373,-18.476535862121295,-18.47653586211601,1.244155640068793,1.2344868952999801,1.2313350507125074,1.2344868952999732,1.244155640068786,0.0,0.0,0.0,0.0,0.0
39.299999999999905,0.0,0.0,-3.446739997706402,7.504347858821575,11.074733309628243,7.504347858829362,-3.446739997698444,-18.435855718104705,-18.43585571809939,1.2441121101491615,1.2344355019695008,1.2312806353927321,1.2344355019694941,1.2441121101491541,0.0,0.0,0.0,0.0,0.0
39.3999999999999,0.0,0.0,-3.397504597105808,7.56243240326279,11.136218574406485,7.562432403270975,-3.3975045970976225,-18.395155827137643,-18.39515582713227,1.2440686047288394,1.234384177262292,1.2312263057385577,1.234384177262285,1.2440686047288319,0.0,0.0,0.0,0.0,0.0
39.49999999999989,0.0,0.0,-3.3482967793973444,7.62043972058791,11.197607437456384,7.620439720596721,-3.3482967793896137,-18.354436323194165,-18.35443632318882,1.2440251236813324,1.234332920794564,1.231172061266948,1.2343329207945561,1.2440251236813256,0.0,0.0,0.0,0.0,0.0
39.59999999999989,0.0,0.0,-3.299116402267657,7.678370242600408,11.25890044225639,7.678370242607798,-3.2991164022592443,-18.313697339464596,-18.313697339459225,1.2439816668808898,1.2342817321847652,1.2311179014976745,1.2342817321847588,1.2439816668808823,0.0,0.0,0.0,0.0,0.0
39.69999999999988,0.0,0.0,-3.2499633242360915,7.736224398584341,11.320098129113319,7.736224398591446,-3.249963324227622,-18.27293900835963,-18.272939008354285,1.2439382342024958,1.2342306110535721,1.2310638259533109,1.234230611053566,1.2439382342024883,0.0,0.0,0.0,0.0,0.0
39.799999999999876,0.0,0.0,-3.200837404655317,7.794002615318391,11.38120103519276,7.794002615324871,-3.2008374046457675,-18.232161461515403,-18.232161461510003,1.2438948255218718,1.234179557023874,1.2310098341592064,1.2341795570238683,1.2438948255218636,0.0,0.0,0.0,0.0,0.0
39.89999999999987,0.0,0.0,-3.1517385037015515,7.851705317089454,11.442209694527946,7.851705317096275,-3.1517385036925134,-18.191364829797465,-18.191364829792008,1.2438514407154668,1.234128569720762,1.2309559256434783,1.234128569720756,1.2438514407154586,0.0,0.0,0.0,0.0,0.0
39.999999999999865,0.0,0.0,-3.1026664823688748,7.909332925709464,11.503124638039708,7.909332925716001,-3.1026664823592114,-18.150549243305875,-18.15054924330039,1.2438080796604518,1.2340776487715146,1.230902099936994,1.2340776487715088,1.2438080796604434,0.0,0.0,0.0,0.0,0.0
40.09999999999986,0.0,0.0,-3.0536212024685483,7.966885860529487,11.563946393562901,7.966885860535797,-3.0536212024578617,-18.10971483137928,-18.10971483137385,1.2437647422347207,1.2340267938055844,1.2308483565733475,1.234026793805579,1.2437647422347113,0.0,0.0,0.0,0.0,0.0
40.199999999999854,0.0,0.0,-3.0046025266206016,8.024364538451323,11.624675485851867,8.024364538458371,-3.004602526611393,-18.068861722599678,-18.06886172259422,1.2437214283168816,1.2339760044545882,1.2307946950888553,1.2339760044545818,1.2437214283168734,0.0,0.0,0.0,0.0,0.0
40.29999999999985,0.0,0.0,-2.95561031825207,8.08176937394694,11.685312436605841,8.081769373953307,-2.955610318241952,-18.027990044796525,-18.02799004479104,1.243678137786256,1.2339252803522904,1.2307411150225327,1.2339252803522847,1.243678137786247,0.0,0.0,0.0,0.0,0.0
40.39999999999984,0.0,0.0,-2.9066444415911974,8.139100779064222,11.745857764483844,8.139100779073033,-2.9066444415792603,-17.987099925051325,-17.98709992504584,1.2436348705228726,1.2338746211345961,1.2306876159160822,1.2338746211345883,1.2436348705228621,0.0,0.0,0.0,0.0,0.0
40.49999999999984,0.0,0.0,-2.857704761656123,8.19635916345527,11.806311985124694,8.196359163464535,-2.8577047616449818,-17.94619148970213,-17.946191489696645,1.2435916264074593,1.2338240264395293,1.2306341973138748,1.2338240264395213,1.2435916264074494,0.0,0.0,0.0,0.0,0.0
40.59999999999983,0.0,0.0,-2.8087911442638074,8.253544934373565,11.86667561116252,8.253544934384252,-2.8087911442506766,-17.905264864347544,-17.90526486434203,1.2435484053214487,1.2337734959072315,1.2305808587629359,1.2337734959072222,1.2435484053214374,0.0,0.0,0.0,0.0,0.0
40.699999999999825,0.0,0.0,-2.759903456008715,8.310658496701024,11.926949152243765,8.310658496711255,-2.7599034559967777,-17.86432017385144,-17.864320173845925,1.2435052071469614,1.2337230291799413,1.2305275998129317,1.2337230291799322,1.2435052071469508,0.0,0.0,0.0,0.0,0.0
40.79999999999982,0.0,0.0,-2.7110415642735006,8.367700252956467,11.987133115045026,8.367700252966301,-2.7110415642611088,-17.823357542346997,-17.823357542341455,1.2434620317668135,1.2336726259019843,1.230474420016152,1.2336726259019757,1.2434620317668024,0.0,0.0,0.0,0.0,0.0
40.899999999999814,0.0,0.0,-2.662205337214516,8.424670603306765,12.047228003291082,8.424670603316372,-2.662205337202579,-17.782377093241053,-17.782377093235453,1.2434188790645055,1.233622285719765,1.230421318927495,1.2336222857197565,1.2434188790644949,0.0,0.0,0.0,0.0,0.0
40.99999999999981,0.0,0.0,-2.6133946437615805,8.481569945586557,12.107234317773305,8.481569945594458,-2.6133946437489612,-17.74137894921833,-17.74137894921273,1.2433757489242205,1.2335720082817485,1.2303682961044518,1.2335720082817412,1.2433757489242097,0.0,0.0,0.0,0.0,0.0
41.0999999999998,0.0,0.0,-2.5646093536068406,8.538398675308201,12.167152556362055,8.538398675317126,-2.5646093535955288,-17.700363232245763,-17.700363232240136,1.2433326412308168,1.2335217932384515,1.2303153511070928,1.2335217932384437,1.2433326412308068,0.0,0.0,0.0,0.0,0.0
41.1999999999998,0.0,0.0,-2.5158493372150588,8.5951571856761,12.226983214028678,8.595157185685537,-2.515849337201246,-17.65933006357662,-17.65933006357102,1.2432895558698336,1.2334716402424308,1.2302624834980522,1.2334716402424224,1.2432895558698214,0.0,0.0,0.0,0.0,0.0
41.29999999999979,0.0,0.0,-2.467114465796726,8.651845867600912,12.286726782857386,8.651845867609552,-2.4671144657834247,-17.618279563754754,-17.618279563749155,1.24324649272747,1.2334215489482694,1.2302096928425132,1.2334215489482616,1.2432464927274582,0.0,0.0,0.0,0.0,0.0
41.399999999999785,0.0,0.0,-2.4184046113252293,8.708465109712847,12.346383752068675,8.708465109721828,-2.4184046113131785,-17.577211852618547,-17.577211852612947,1.2432034516905992,1.2333715190125658,1.230156978708191,1.2333715190125578,1.2432034516905885,0.0,0.0,0.0,0.0,0.0
41.49999999999978,0.0,0.0,-2.3697196465209913,8.765015298371509,12.40595460802848,8.765015298380831,-2.369719646509793,-17.536127049305264,-17.536127049299665,1.2431604326467542,1.2333215500939245,1.2301043406653223,1.2333215500939165,1.2431604326467443,0.0,0.0,0.0,0.0,0.0
41.599999999999774,0.0,0.0,-2.321059444847492,8.82149681768783,12.465439834270114,8.821496817696755,-2.3210594448365214,-17.495025272255106,-17.495025272249535,1.2431174354841246,1.2332716418529373,1.2300517782866474,1.2332716418529295,1.2431174354841148,0.0,0.0,0.0,0.0,0.0
41.69999999999977,0.0,0.0,-2.2724238805108143,8.8779100495247,12.524839911505808,8.877910049534933,-2.2724238805002983,-17.453906639215205,-17.453906639209606,1.2430744600915564,1.2332217939521821,1.2299992911473985,1.233221793952173,1.243074460091547,0.0,0.0,0.0,0.0,0.0
41.79999999999976,0.0,0.0,-2.223812828449354,8.934255373523001,12.584155317651891,8.93425537353312,-2.223812828438156,-17.4127712672437,-17.4127712672381,1.2430315063585424,1.2331720060562006,1.2299468788252792,1.2331720060561913,1.2430315063585329,0.0,0.0,0.0,0.0,0.0
41.89999999999976,0.0,0.0,-2.1752261643352995,8.99053316710507,12.643386527833343,8.990533167114677,-2.1752261643250677,-17.371619272713872,-17.3716192727083,1.2429885741752247,1.233122277831494,1.2298945409004594,1.2331222778314854,1.2429885741752156,0.0,0.0,0.0,0.0,0.0
41.99999999999975,0.0,0.0,-2.1266637645683204,9.04674380549136,12.702534014408627,9.046743805500512,-2.126663764557577,-17.33045077131814,-17.33045077131254,1.2429456634323865,1.2330726089465103,1.2298422769555526,1.2330726089465023,1.2429456634323772,0.0,0.0,0.0,0.0,0.0
42.099999999999746,0.0,0.0,-2.0781255062692026,9.102887661713225,12.761598246981976,9.10288766172232,-2.0781255062586865,-17.289265878071802,-17.289265878066175,1.2429027740214498,1.233022999071631,1.2297900865756073,1.2330229990716228,1.2429027740214402,0.0,0.0,0.0,0.0,0.0
42.19999999999974,0.0,0.0,-2.029611267281041,9.158965106626283,12.820579692421745,9.158965106635321,-2.0296112672691606,-17.24806470731724,-17.248064707311613,1.2428599058344738,1.2329734478791605,1.2297379693480892,1.2329734478791528,1.2428599058344634,0.0,0.0,0.0,0.0,0.0
42.299999999999734,0.0,0.0,-1.98112092615537,9.21497650892303,12.879478814873153,9.2149765089315,-1.9811209261420117,-17.20684737272785,-17.206847372722223,1.242817058764144,1.2329239550433144,1.2296859248628695,1.2329239550433069,1.2428170587641327,0.0,0.0,0.0,0.0,0.0
42.39999999999973,0.0,0.0,-1.9326543621566543,9.270922235142507,12.938296075777714,9.270922235151488,-1.932654362142614,-17.1656139873119,-17.165613987306216,1.2427742327037772,1.2328745202402114,1.2296339527122093,1.2328745202402034,1.2427742327037647,0.0,0.0,0.0,0.0,0.0
42.49999999999972,0.0,0.0,-1.8842114552551834,9.326802649686954,12.997031933885069,9.326802649696162,-1.8842114552404041,-17.124364663416316,-17.124364663410574,1.2427314275473114,1.2328251431478576,1.2295820524907475,1.2328251431478496,1.2427314275472985,0.0,0.0,0.0,0.0,0.0
42.59999999999972,0.0,0.0,-1.8357920861212733,9.382618114832042,13.055686845270486,9.382618114842217,-1.8357920861066646,-17.0830995127306,-17.083099512724914,1.242688643189305,1.2327758234461392,1.2295302237954866,1.2327758234461306,1.242688643189292,0.0,0.0,0.0,0.0,0.0
42.69999999999971,0.0,0.0,-1.7873961361245847,9.43836899074131,13.114261263355672,9.438368990751826,-1.7873961361109423,-17.04181864629095,-17.041818646285208,1.2426458795249333,1.2327265608168083,1.2294784662257743,1.2327265608167992,1.2426458795249213,0.0,0.0,0.0,0.0,0.0
42.799999999999706,0.0,0.0,-1.73902348732787,9.494055635474979,13.172755638912577,9.494055635484926,-1.7390234873146255,-17.00052217448365,-17.000522174477908,1.242603136449985,1.2326773549434755,1.2294267793832983,1.2326773549434666,1.2426031364499732,0.0,0.0,0.0,0.0,0.0
42.8999999999997,0.0,0.0,-1.6906740224819146,9.54967840500376,13.231170420087835,9.54967840501331,-1.690674022469011,-16.959210207049125,-16.959210207043384,1.2425604138608561,1.2326282055115971,1.2293751628720677,1.2326282055115887,1.2425604138608444,0.0,0.0,0.0,0.0,0.0
42.999999999999694,0.0,0.0,-1.6423476250231488,9.605237653223128,13.289506052417607,9.605237653232678,-1.642347625010018,-16.917882853085757,-16.917882853080016,1.2425177116545483,1.2325791122084642,1.2293236162983974,1.2325791122084557,1.2425177116545367,0.0,0.0,0.0,0.0,0.0
43.09999999999969,0.0,0.0,-1.5940441790689306,9.660733731964058,13.347762978838205,9.660733731973266,-1.5940441790559703,-16.876540221053347,-16.876540221047605,1.2424750297286655,1.2325300747231915,1.2292721392708994,1.2325300747231833,1.242475029728654,0.0,0.0,0.0,0.0,0.0
43.19999999999968,0.0,0.0,-1.5457635694127703,9.716166991002865,13.40594163970394,9.71616699101395,-1.54576356939981,-16.835182418777265,-16.835182418771467,1.2424323679814093,1.2324810927467098,1.2292207314004677,1.2324810927466998,1.2424323679813978,0.0,0.0,0.0,0.0,0.0
43.29999999999968,0.0,0.0,-1.497505681522398,9.771537778079107,13.46404247280077,9.771537778090192,-1.4975056815086987,-16.79380955345175,-16.79380955344601,1.242389726311576,1.2324321659717483,1.2291693923002656,1.2324321659717388,1.242389726311564,0.0,0.0,0.0,0.0,0.0
43.39999999999967,0.0,0.0,-1.4492704015322033,9.826846438899395,13.522065913364315,9.826846438911502,-1.4492704015189588,-16.752421731643892,-16.752421731638265,1.242347104618552,1.2323832940928345,1.2291181215857094,1.232383294092824,1.2423471046185401,0.0,0.0,0.0,0.0,0.0
43.499999999999666,0.0,0.0,-1.4010576162461348,9.882093317156034,13.580012394092648,9.882093317168483,-1.4010576162312987,-16.711019059297314,-16.711019059291687,1.2423045028023143,1.2323344768062743,1.2290669188744587,1.2323344768062634,1.2423045028023012,0.0,0.0,0.0,0.0,0.0
43.59999999999966,0.0,0.0,-1.3528672131229769,9.937278754534816,13.637882345160165,9.93727875454806,-1.3528672131077428,-16.669601641735596,-16.669601641729855,1.2422619207634198,1.232285713810147,1.2290157837864024,1.2322857138101353,1.2422619207634065,0.0,0.0,0.0,0.0,0.0
43.699999999999655,0.0,0.0,-1.304699080283683,9.992403090728601,13.695676194233044,9.99240309074304,-1.3046990802671417,-16.628169583665795,-16.62816958366011,1.24221935840301,1.232237004804293,1.2289647159436456,1.2322370048042803,1.2422193584029952,0.0,0.0,0.0,0.0,0.0
43.79999999999965,0.0,0.0,-1.2565531064984157,10.0474666634492,13.753394366484486,10.047466663464604,-1.2565531064821016,-16.586722989182533,-16.58672298917685,1.2421768156227992,1.2321883494903032,1.2289137149704967,1.2321883494902897,1.2421768156227848,0.0,0.0,0.0,0.0,0.0
43.89999999999964,0.0,0.0,-1.2084291811905814,10.102469808438059,13.81103728460846,10.102469808454202,-1.2084291811739263,-16.545261961771303,-16.545261961765448,1.24213429232508,1.2321397475715095,1.2288627804934544,1.2321397475714952,1.2421342923250656,0.0,0.0,0.0,0.0,0.0
43.99999999999964,0.0,0.0,-1.1603271944274525,10.157412859477574,13.868605368834324,10.15741285949457,-1.1603271944100584,-16.5037866043117,-16.503786604305844,1.2420917884127136,1.2320911987529746,1.228811912141195,1.2320911987529597,1.2420917884126985,0.0,0.0,0.0,0.0,0.0
44.09999999999963,0.0,0.0,-1.1122470369180633,10.2122961484028,13.926099036941764,10.212296148420535,-1.112247036899987,-16.46229701908169,-16.462297019075777,1.2420493037891285,1.2320427027414824,1.2287611095445603,1.232042702741467,1.2420493037891125,0.0,0.0,0.0,0.0,0.0
44.199999999999626,0.0,0.0,-1.064188600009345,10.26712000511418,13.983518704272512,10.267120005130835,-1.064188599989734,-16.420793307760505,-16.420793307754536,1.2420068383583158,1.2319942592455266,1.2287103723365453,1.2319942592455118,1.2420068383582987,0.0,0.0,0.0,0.0,0.0
44.29999999999962,0.0,0.0,-1.016151775680953,10.32188475758528,14.040864783750749,10.32188475760114,-1.0161517756612852,-16.37927557143246,-16.379275571426433,1.2419643920248271,1.231945867975302,1.228659700152282,1.2319458679752877,1.24196439202481,0.0,0.0,0.0,0.0,0.0
44.399999999999615,0.0,0.0,-0.9681364565445847,10.37659073187831,14.09813768588998,10.376590731894794,-0.9681364565256558,-16.337743910590234,-16.33774391058415,1.2419219646937723,1.2318975286426934,1.228609092629032,1.231897528642679,1.2419219646937554,0.0,0.0,0.0,0.0,0.0
44.49999999999961,0.0,0.0,-0.9201425358401707,10.431238252153832,14.15533781880913,10.431238252169294,-0.9201425358212418,-16.296198425138357,-16.296198425132275,1.241879556270815,1.2318492409612667,1.2285585494061728,1.2318492409612527,1.241879556270798,0.0,0.0,0.0,0.0,0.0
44.5999999999996,0.0,0.0,-0.872169907427633,10.485827640678338,14.21246558824896,10.48582764069397,-0.8721699074095,-16.25463921439706,-16.25463921439092,1.241837166662168,1.2318010046462593,1.2285080701251836,1.2318010046462455,1.2418371666621517,0.0,0.0,0.0,0.0,0.0
44.6999999999996,0.0,0.0,-0.8242184657889879,10.540359217841342,14.269521397583276,10.54035921785595,-0.8242184657701159,-16.21306637710495,-16.213066377098812,1.2417947957745934,1.2317528194145693,1.2284576544296348,1.2317528194145562,1.2417947957745767,0.0,0.0,0.0,0.0,0.0
44.79999999999959,0.0,0.0,-0.7762881060199334,10.594833302162613,14.326505647835745,10.594833302175857,-0.7762881060003792,-16.171480011423,-16.171480011416918,1.2417524435153957,1.2317046849847457,1.2284073019651738,1.2317046849847337,1.2417524435153786,0.0,0.0,0.0,0.0,0.0
44.89999999999959,0.0,0.0,-0.7283787238282002,10.649250210302625,14.38341873769133,10.649250210316154,-0.7283787238087029,-16.12988021493777,-16.12988021493163,1.2417101097924204,1.2316566010769805,1.2283570123795142,1.2316566010769685,1.241710109792403,0.0,0.0,0.0,0.0,0.0
44.99999999999958,0.0,0.0,-0.680490215530881,10.703610257075866,14.440261063506739,10.703610257089508,-0.6804902155115542,-16.08826708466455,-16.088267084658412,1.2416677945140504,1.2316085674130977,1.228306785322427,1.2316085674130857,1.2416677945140333,0.0,0.0,0.0,0.0,0.0
45.099999999999575,0.0,0.0,-0.6326224780507346,10.757913755461402,14.497033019331752,10.757913755474931,-0.6326224780302141,-16.046640717051048,-16.046640717044852,1.241625497589205,1.231560583716542,1.228256620445722,1.23156058371653,1.2416254975891872,0.0,0.0,0.0,0.0,0.0
45.19999999999957,0.0,0.0,-0.5847754089096497,10.812161016609537,14.553734996917171,10.812161016623918,-0.5847754088876513,-16.005001207980342,-16.005001207974203,1.2415832189273326,1.2315126497123747,1.2282065174032393,1.231512649712362,1.2415832189273133,0.0,0.0,0.0,0.0,0.0
45.299999999999564,0.0,0.0,-0.5369489062276784,10.866352349859142,14.610367385726079,10.866352349872159,-0.536948906206419,-15.963348652774584,-15.963348652768445,1.2415409584384096,1.2314647651272577,1.2281564758508416,1.2314647651272463,1.2415409584383907,0.0,0.0,0.0,0.0,0.0
45.39999999999956,0.0,0.0,-0.48914286872110324,10.920488062741072,14.666930572953902,10.920488062754771,-0.4891428687006396,-15.92168314619795,-15.921683146191697,1.2414987160329394,1.2314169296894504,1.2281064954463954,1.2314169296894384,1.2414987160329214,0.0,0.0,0.0,0.0,0.0
45.49999999999955,0.0,0.0,-0.4413571956972646,10.974568460994817,14.723424943538191,10.974568461009142,-0.4413571956756073,-15.880004782459878,-15.880004782453568,1.2414564916219484,1.2313691431287945,1.2280565758497615,1.231369143128782,1.2414564916219293,0.0,0.0,0.0,0.0,0.0
45.59999999999955,0.0,0.0,-0.39359178704717124,11.028593848575156,14.779850880170898,11.02859384859022,-0.39359178702517283,-15.838313655218599,-15.83831365521229,1.2414142851169776,1.23132140517671,1.2280067167227853,1.2313214051766967,1.2414142851169583,0.0,0.0,0.0,0.0,0.0
45.69999999999954,0.0,0.0,-0.3458465432472053,11.08256452766534,14.836208763312186,11.08256452768046,-0.34584654322566166,-15.796609857584144,-15.796609857577721,1.2413720964300867,1.231273715566181,1.2279569177292846,1.2312737155661677,1.2413720964300679,0.0,0.0,0.0,0.0,0.0
45.799999999999535,0.0,0.0,-0.29812136535633726,11.136480798684715,14.892498971202428,11.136480798699438,-0.2981213653346231,-15.754893482121702,-15.754893482115165,1.241329925473849,1.231226074031751,1.2279071785350382,1.2312260740317382,1.2413299254738297,0.0,0.0,0.0,0.0,0.0
45.89999999999953,0.0,0.0,-0.2504161550075992,11.190342960299347,14.94872187987795,11.19034296031316,-0.2504161549870787,-15.71316462085457,-15.71316462084792,1.2412877721613453,1.2311784803095125,1.2278574988077726,1.2311784803095003,1.241287772161327,0.0,0.0,0.0,0.0,0.0
45.999999999999524,0.0,0.0,-0.20273081440916485,11.244151309434812,15.004877863183538,11.244151309449023,-0.20273081438926965,-15.671423365267401,-15.671423365260694,1.2412456364061646,1.2311309341370957,1.2278078782171509,1.231130934137083,1.2412456364061468,0.0,0.0,0.0,0.0,0.0
46.09999999999952,0.0,0.0,-0.15506524634037078,11.297906141284557,15.060967292780958,11.297906141297574,-0.15506524632002083,-15.629669806309494,-15.62966980630273,1.2412035181224008,1.2310834352536617,1.227758316434765,1.2310834352536502,1.2412035181223828,0.0,0.0,0.0,0.0,0.0
46.19999999999951,0.0,0.0,-0.10741935414580439,11.35160774931802,15.116990538164885,11.351607749331833,-0.10741935412448811,-15.587904034397866,-15.587904034391045,1.2411614172246472,1.2310359833998945,1.2277088131341216,1.2310359833998823,1.2411614172246284,0.0,0.0,0.0,0.0,0.0
46.29999999999951,0.0,0.0,-0.05979304173240507,11.405256425296614,15.172947966675338,11.405256425309574,-0.05979304171103195,-15.54612613942021,-15.546126139413275,1.2411193336279944,1.2309885783179884,1.2276593679906314,1.2309885783179768,1.2411193336279753,0.0,0.0,0.0,0.0,0.0
46.3999999999995,0.0,0.0,-0.012186213569123083,11.458852459276613,15.228839943511957,11.458852459289176,-0.012186213548375235,-15.504336210738245,-15.504336210731196,1.2410772672480286,1.2309412197516427,1.2276099806815972,1.2309412197516316,1.24107726724801,0.0,0.0,0.0,0.0,0.0
46.499999999999496,0.17,0.0,0.03540122531688894,11.512396139623661,15.284666831744403,11.512396139636678,0.03540122533729573,-15.462534337190505,-15.462534337183342,0.400168082672476,0.43093606794349665,0.44070494701947516,0.43093606794353084,0.40016808267253134,0.0,0.0,0.0,0.0,0.0
46.59999999999949,0.17659999999996634,0.017329999999996654,-0.04787597430470214,11.43245175548418,15.206700055407566,11.43245175549822,-0.04787597428338586,-15.420994751616718,-15.420994751609555,0.39222217097772916,0.42309546827865463,0.43288995519670403,0.42309546827869127,0.39222217097778717,0.0,0.0,0.0,0.0,0.0
46.699999999999484,0.18319999999996597,0.035319999999993267,-0.12754855626189965,11.353863213580212,15.130018893170927,11.353863213592717,-0.12754855624257289,-15.37979959940975,-15.379799599402475,0.38482338066796135,0.4157951183056658,0.4256150137583239,0.4157951183056984,0.3848233806680139,0.0,0.0,0.0,0.0,0.0
46.79999999999948,0.18979999999996558,0.053969999999989846,-0.20371587207279163,11.276660678395217,15.05462669894672,11.276660678407268,-0.2037158720548291,-15.338938049954379,-15.338938049947103,0.3779589609836444,0.4090223296310588,0.4188672883795969,0.4090223296310905,0.37795896098369325,0.0,0.0,0.0,0.0,0.0
46.89999999999947,0.1963999999999652,0.07327999999998638,-0.2764755799310592,11.200870176794183,14.980525535036804,11.200870176806859,-0.2764755799133809,-15.2983995774876,-15.298399577480325,0.3716154619061991,0.4027637372318732,0.4126332847308481,0.40276373723190634,0.3716154619062473,0.0,0.0,0.0,0.0,0.0
46.99999999999947,0.20299999999996485,0.09324999999998289,-0.34592305644594035,11.126514412248923,14.907716785027333,11.126514412261884,-0.3459230564280915,-15.258173953995936,-15.258173953988603,0.36577879054505613,0.39700535293116246,0.40689890046687094,0.3970053529311964,0.36577879054510515,0.0,0.0,0.0,0.0,0.0
47.09999999999946,0.20959999999996445,0.11387999999997936,-0.4121513797394414,11.05361301582991,14.836201220010139,11.053613015844405,-0.4121513797216494,-15.218251241947257,-15.218251241939925,0.36043427504250625,0.3917326268089213,0.4016494853414719,0.3917326268089599,0.3604342750425553,0.0,0.0,0.0,0.0,0.0
47.199999999999456,0.2161999999999641,0.1351699999999758,-0.4752513538483072,10.98218274771881,14.76597902648001,10.98218274773268,-0.47525135383125416,-15.178621787096631,-15.178621787089298,0.3555667347973722,0.38693051518386806,0.396869908026179,0.38693051518390476,0.3555667347974195,0.0,0.0,0.0,0.0,0.0
47.29999999999945,0.2227999999999637,0.1571199999999722,-0.5353115383964564,10.912237684448826,14.69704983020489,10.912237684462525,-0.5353115383807676,-15.139276211393508,-15.139276211386232,0.3511605547866499,0.382583552896239,0.3925446273393111,0.3825835528962752,0.3511605547866932,0.0,0.0,0.0,0.0,0.0
47.399999999999444,0.22939999999996333,0.17972999999996855,-0.5924182779256171,10.843789397704882,14.629412721328151,10.843789397720343,-0.5924182779094735,-15.10020540599237,-15.100205405985037,0.34719976199207864,0.37867592786973037,0.38865776584679407,0.37867592786977183,0.3471997619921237,0.0,0.0,0.0,0.0,0.0
47.49999999999944,0.23599999999996296,0.20299999999996488,-0.6466557298615498,10.776847126064467,14.563066281535612,10.776847126080327,-0.64665572984552,-15.061400524361545,-15.061400524354212,0.3436681022578754,0.3751915562587402,0.385193184127952,0.37519155625878253,0.34366810225792044,0.0,0.0,0.0,0.0,0.0
47.59999999999943,0.24259999999996257,0.22692999999996114,-0.6981058911340483,10.711417940027161,14.49800861313986,10.71141794004211,-0.6981058911180753,-15.022852975487865,-15.022852975480589,0.3405491162067148,0.3721141567929503,0.3821345543081822,0.37211415679299,0.34054911620676,0.0,0.0,0.0,0.0,0.0
47.69999999999943,0.2491999999999622,0.2515199999999574,-0.7468486236980425,10.647506900443716,14.434237369752395,10.64750690045804,-0.7468486236826948,-14.984554417172433,-14.984554417165043,0.33782621310488076,0.36942732319848115,0.379465431729706,0.3694273231985196,0.337826213104924,0.0,0.0,0.0,0.0,0.0
47.79999999999942,0.25579999999996184,0.2767699999999536,-0.7929616792864067,10.585117210354838,14.37174978807684,10.585117210369788,-0.7929616792716274,-14.94649674941462,-14.946496749407231,0.33548274179534104,0.36711459380500006,0.37716932386314383,0.3671145938050402,0.33548274179538295,0.0,0.0,0.0,0.0,0.0
47.899999999999416,0.26239999999996144,0.30267999999994977,-0.8365207237593495,10.524250360209749,14.310542720407625,10.524250360224869,-0.836520723744286,-14.908672107884513,-14.908672107877123,0.3335020580140525,0.3651595176463987,0.3752297557622841,0.36515951764643945,0.33350205801409477,0.0,0.0,0.0,0.0,0.0
47.99999999999941,0.26899999999996105,0.32924999999994586,-0.8775993613325568,10.46490626645027,14.250612667418977,10.46490626646522,-0.8775993613159585,-14.871072857480556,-14.871072857473166,0.3318675875746632,0.36354571653350587,0.3736303315360869,0.3635457165335458,0.3318675875747102,0.0,0.0,0.0,0.0,0.0
48.099999999999405,0.2755999999999607,0.35647999999994195,-0.9162691589927476,10.407083403457932,14.191955810867057,10.407083403472939,-0.9162691589777978,-14.83369158597418,-14.833691585966847,0.3305628850528541,0.36225694272430725,0.37235479145972555,0.36225694272434766,0.3305628850528964,0.0,0.0,0.0,0.0,0.0
48.1999999999994,0.2821999999999603,0.384369999999938,-0.9525996713348377,10.350778928914167,14.134568045868946,10.350778928929174,-0.9525996713200584,-14.796521097741788,-14.796521097734455,0.32957168772722517,0.3612771319433265,0.37138706447310005,0.3612771319433664,0.32957168772726697,0.0,0.0,0.0,0.0,0.0
48.29999999999939,0.28879999999996,0.412919999999934,-0.986658466004144,10.295988802573447,14.078445012488146,10.295988802589306,-0.9866584659886257,-14.759554407584801,-14.759554407577525,0.3288779646408955,0.3605904516091804,0.3707113159233545,0.36059045160922276,0.32887796464093955,0.0,0.0,0.0,0.0,0.0
48.39999999999939,0.2953999999999596,0.44212999999992997,-1.0185111499164918,10.24270789858815,14.023582126369604,10.242707898602873,-1.0185111499035315,-14.72278473464064,-14.722784734633194,0.3284659607387721,0.3601813442207427,0.3703119904992523,0.36018134422078263,0.32846596073880885,0.0,0.0,0.0,0.0,0.0
48.49999999999938,0.3019999999999592,0.4719999999999259,-1.0482213963671825,10.190930111426496,13.969974608221946,10.190930111441617,-1.0482213963552454,-14.686205496385242,-14.686205496377795,0.32832023611166666,0.3600345659283125,0.3701738503818979,0.36003456592835326,0.3283202361117006,0.0,0.0,0.0,0.0,0.0
48.599999999999376,0.3085999999999588,0.5025299999999218,-1.0758509731024333,10.1406484555759,13.917617512011532,10.14064845559227,-1.0758509730897572,-14.649810302732021,-14.649810302724518,0.32842570044153646,0.36013522037973117,0.37028200869976213,0.3601352203797755,0.3284257004415722,0.0,0.0,0.0,0.0,0.0
48.69999999999937,0.31519999999995846,0.5337199999999176,-1.1014597714074057,10.091855159124236,13.866505751708075,10.091855159140266,-1.1014597713942749,-14.613592950226405,-14.613592950218901,0.3287676427934029,0.36046878798245274,0.37062195842734336,0.3604687879824962,0.3287676427934403,0.0,0.0,0.0,0.0,0.0
48.799999999999365,0.32179999999995806,0.5655699999999134,-1.125105836242028,10.044541751422457,13.816634126513975,10.04454175143826,-1.1251058362286699,-14.577547416341588,-14.577547416334028,0.32933175694037403,0.36102115076379,0.3711795969080763,0.36102115076383307,0.3293317569404122,0.0,0.0,0.0,0.0,0.0
48.89999999999936,0.3283999999999577,0.5980799999999092,-1.146845397394543,9.998699144995783,13.767997344506739,9.998699145009766,-1.1468453973819237,-14.541667853876334,-14.54166785386883,0.3301041624399512,0.3617786130431255,0.37194124621381863,0.36177861304316344,0.33010416243998725,0.0,0.0,0.0,0.0,0.0
48.99999999999935,0.33499999999995733,0.6312499999999049,-1.1667329016442523,9.954317711914769,13.720590044660923,9.954317711926535,-1.1667329016314056,-14.50594858545827,-14.50594858545071,0.3310714217031674,0.3627279181535587,0.3728936695769553,0.36272791815359084,0.33107142170320436,0.0,0.0,0.0,0.0,0.0
49.09999999999935,0.34159999999995694,0.6650799999999008,-1.1848210458732638,9.911387354814792,13.674406817233319,9.911387354827866,-1.1848210458617245,-14.470384098154113,-14.470384098146553,0.3322205533146112,0.3638562614668456,0.3740240841477022,0.36385626146688127,0.3322205533146443,0.0,0.0,0.0,0.0,0.0
49.19999999999934,0.34819999999995654,0.6995699999998964,-1.2011608110904604,9.869897572813045,13.629442222507748,9.869897572826005,-1.2011608110803422,-14.434969038190275,-14.434969038182714,0.33353904187152167,0.36515129998599793,0.37532017033961157,0.3651512999860333,0.3335390418715503,0.0,0.0,0.0,0.0,0.0
49.299999999999336,0.35479999999995615,0.734719999999892,-1.215801497266284,9.82983752250891,13.585690807950016,9.829837522521643,-1.2158014972583828,-14.399698205784375,-14.399698205776815,0.3350148446152742,0.3666011587748299,0.3767700780315248,0.36660115877486477,0.3350148446152968,0.0,0.0,0.0,0.0,0.0
49.39999999999933,0.36139999999995587,0.7705299999998877,-1.2287907589147267,9.791196074314712,13.543147123767938,9.791196074327274,-1.2287907589075644,-14.364566550091354,-14.36456655008385,0.33663639512896504,0.36819443449453865,0.3783624298947536,0.36819443449457356,0.33663639512898574,0.0,0.0,0.0,0.0,0.0
49.499999999999325,0.3679999999999554,0.8069999999998833,-1.2401746413292472,9.753961864358644,13.501805736970653,9.75396186437058,-1.2401746413210617,-14.329569164264058,-14.329569164256554,0.3383926043716651,0.369920196314347,0.38008632211150045,0.36992019631437956,0.33839260437168844,0.0,0.0,0.0,0.0,0.0
49.59999999999932,0.3745999999999551,0.8441299999998787,-1.2499976173765504,9.718123342150761,13.461661243945287,9.718123342162983,-1.2499976173677396,-14.294701280630022,-14.294701280622519,0.3402728593136309,0.37176798445699016,0.38193132274422936,0.3717679844570232,0.3402728593136563,0.0,0.0,0.0,0.0,0.0
49.699999999999314,0.3811999999999547,0.8819199999998742,-1.2583026247569364,9.683668814284033,13.422708281636062,9.683668814296027,-1.2583026247505131,-14.25995826598654,-14.25995826597898,0.3422670194280597,0.37372780663150096,0.38388746800737905,0.37372780663153377,0.3422670194280784,0.0,0.0,0.0,0.0,0.0
49.79999999999931,0.3877999999999543,0.9203699999998697,-1.2651311036349284,9.650586484344387,13.384941537389295,9.650586484356893,-1.2651311036254924,-14.225335617012945,-14.225335617005328,0.3443654112842836,0.37579013259501104,0.3859452566822672,0.3757901325950454,0.34436541128431103,0.0,0.0,0.0,0.0,0.0
49.8999999999993,0.39439999999995395,0.9594799999998651,-1.270523034517737,9.618864489309715,13.348355757547324,9.618864489319492,-1.270523034507903,-14.19082895580243,-14.190828955794814,0.34655882147530936,0.3779458870736567,0.388095642904228,0.3779458870736834,0.34655882147533806,0.0,0.0,0.0,0.0,0.0
49.9999999999993,0.40099999999995356,0.9992499999998605,-1.2745169763347803,9.588490932594311,13.31294575485424,9.588490932603236,-1.2745169763219906,-14.156434025512056,-14.156434025504495,0.34883848809921386,0.3801864412593684,0.3903300275379857,0.3801864412593929,0.3488384880992513,0.0,0.0,0.0,0.0,0.0
50.09999999999929,0.4075999999999532,1.0396799999998558,-1.277150104574389,9.559453913988364,13.278706414762723,9.559453913998482,-1.277150104562395,-14.122146686132055,-14.122146686124495,0.3511960910003555,0.3825036030859345,0.3926402483437404,0.38250360308596265,0.35119609100039,0.0,0.0,0.0,0.0,0.0
50.199999999999285,0.41419999999995283,1.080769999999851,-1.2784582494155075,9.531741556680458,13.245632700709962,9.531741556691884,-1.2784582494038546,-14.08796291037305,-14.08796291036549,0.3536237409618852,0.3848896064734983,0.3950185691223337,0.38488960647352966,0.3536237409619193,0.0,0.0,0.0,0.0,0.0
50.29999999999928,0.42079999999995243,1.122519999999846,-1.2784759337664582,9.50534203154632,13.213719658457649,9.505342031558598,-1.2784759337553169,-14.053878779671948,-14.053878779664387,0.3561139680267573,0.3873370997164561,0.3974576680137827,0.3873370997164896,0.3561139680267894,0.0,0.0,0.0,0.0,0.0
50.399999999999274,0.42739999999995204,1.1649299999998415,-1.277236411113904,9.480243578921716,13.18296241954232,9.48024357893172,-1.277236411101967,-14.019890480314302,-14.019890480306742,0.3586597091101802,0.38983913317572616,0.3999506251092686,0.38983913317575347,0.3586597091102151,0.0,0.0,0.0,0.0,0.0
50.49999999999927,0.43399999999995165,1.2079999999998368,-1.2747717031228376,9.456434527998624,13.153356203945918,9.456434528007094,-1.2747717031109573,-13.985994299673337,-13.985994299665776,0.36125429505233103,0.3923891464222765,0.4024909095229832,0.39238914642229966,0.36125429505236545,0.0,0.0,0.0,0.0,0.0
50.59999999999926,0.44059999999995136,1.251729999999832,-1.2711126369109138,9.43390331405783,13.124896322038069,9.43390331406789,-1.2711126368975556,-13.952186622563488,-13.952186622555871,0.36389143724655865,0.3949809549655408,0.4050723660566682,0.39498095496556845,0.36389143724659784,0.0,0.0,0.0,0.0,0.0
50.69999999999926,0.44719999999995086,1.296119999999827,-1.2662888819161253,9.412638493669988,13.097578175842727,9.412638493681015,-1.2662888819021987,-13.91846392770799,-13.918463927700316,0.3665652139652379,0.3976087366871925,0.4076892015767366,0.3976087366872233,0.36656521396527836,0.0,0.0,0.0,0.0,0.0
50.79999999999925,0.4537999999999506,1.341169999999822,-1.2603289863241116,9.392628758039507,13.0713972597473,9.392628758053661,-1.2603289863096734,-13.884822784317805,-13.884822784310131,0.36927005649273464,0.4002670180884725,0.41033597121169413,0.4002670180885118,0.3692700564927766,0.0,0.0,0.0,0.0,0.0
50.899999999999245,0.4603999999999502,1.386879999999817,-1.2532604129793299,9.373862944611233,13.046349160655325,9.373862944627717,-1.2532604129656875,-13.85125984878158,-13.85125984877402,0.37200073516325294,0.402950660447402,0.41300756446556786,0.40295066044744804,0.3720007351632928,0.0,0.0,0.0,0.0,0.0
50.99999999999924,0.4669999999999498,1.433249999999812,-1.245109574731714,9.356330047118377,13.022429557677242,9.356330047132815,-1.2451095747188106,-13.817771861463939,-13.817771861456322,0.3747523453900498,0.4056548459713467,0.41569919133228145,0.405654845971387,0.3747523453900874,0.0,0.0,0.0,0.0,0.0
51.099999999999234,0.4735999999999494,1.480279999999807,-1.235901869194322,9.3400192241549,12.999634221417011,9.340019224167747,-1.2359018691802248,-13.784355643609388,-13.784355643601714,0.3775202937620005,0.40837506401980345,0.4184063684855311,0.40837506401983903,0.3775202937620415,0.0,0.0,0.0,0.0,0.0
51.19999999999923,0.480199999999949,1.527969999999802,-1.2256617128330163,9.324919806441073,12.977959012881115,9.324919806453977,-1.2256617128172138,-13.751008094351903,-13.751008094344229,0.38030028427396223,0.4111070974629306,0.421124905609031,0.4111070974629663,0.38030028427400814,0.0,0.0,0.0,0.0,0.0
51.29999999999922,0.4867999999999487,1.5763199999997968,-1.2144125744058556,9.3110213028624,12.95739988208868,9.311021302876213,-1.2144125743902805,-13.717726187826031,-13.7177261878183,0.38308830474808475,0.4138470092322189,0.4238508919233075,0.41384700923225715,0.3830883047481305,0.0,0.0,0.0,0.0,0.0
51.39999999999922,0.4933999999999483,1.6253299999997914,-1.2021770076792109,9.298313405404144,12.937952866394312,9.298313405416195,-1.2021770076640905,-13.684506970377925,-13.684506970370194,0.38588061349524894,0.41659112911165386,0.426580682956874,0.4165911291116873,0.38588061349529307,0.0,0.0,0.0,0.0,0.0
51.49999999999921,0.49999999999994793,1.6749999999997864,-1.188976683412534,9.2867859930696,12.919614088595779,9.28678599308131,-1.1889766833999147,-13.651347557874772,-13.651347557866984,0.38867372625803387,0.41933604081015663,0.4293108876023411,0.41933604081018894,0.3886737262580708,0.0,0.0,0.0,0.0,0.0
