time_s,current_density_Acm2,charge_Ccm2,T_cell_1_C,T_cell_2_C,T_cell_3_C,T_cell_4_C,T_cell_5_C,T_endplate_left_C,T_endplate_right_C,V_cell_1_V,V_cell_2_V,V_cell_3_V,V_cell_4_V,V_cell_5_V,ice_cell_1_max_fraction,ice_cell_2_max_fraction,ice_cell_3_max_fraction,ice_cell_4_max_fraction,ice_cell_5_max_fraction
0.0,0.17,0.0,-11.240000000000066,-11.240000000000066,-11.239999999999952,-11.240000000000066,-11.240000000000066,-11.240000000000009,-11.240000000000009,0.36882403570225675,0.36912735018808207,0.36912735018808207,0.36912735018808207,0.36882403570225675,0.0,0.0,0.0,0.0,0.0
0.09999999999999999,0.1766,0.017330000000000005,-11.208782935419777,-11.20848077360398,-11.208479024031817,-11.20848077360398,-11.208782935419777,-11.23995122128025,-11.239951221280137,0.3610786592347749,0.3613947335633223,0.3613947385850715,0.3613947335633223,0.3610786592347749,0.0,0.0,0.0,0.0,0.0
0.20000000000000004,0.1832,0.03532000000000001,-11.176707841881466,-11.175552724735837,-11.175540764823893,-11.175552724735837,-11.176707841881466,-11.239814206882215,-11.239814206881988,0.3538774662066291,0.35420790338597097,0.3542079378490866,0.35420790338597097,0.3538774662066291,0.0,0.0,0.0,0.0,0.0
0.3000000000000001,0.18980000000000002,0.05397000000000001,-11.143779897709805,-11.141222793075144,-11.141184874767646,-11.141222793075144,-11.143779897709805,-11.239586826761354,-11.23958682676107,0.3472080117285419,0.34755442739586667,0.34755453707320055,0.34755442739586667,0.3472080117285419,0.0,0.0,0.0,0.0,0.0
0.4000000000000002,0.19640000000000002,0.07328000000000003,-11.1100064202152,-11.105500068713013,-11.10541348579585,-11.105500068713013,-11.1100064202152,-11.239266975507917,-11.239266975507633,0.34105710611469914,0.34142112720996476,0.3414213785596803,0.34142112720996476,0.34105710611469914,0.0,0.0,0.0,0.0,0.0
0.5000000000000002,0.203,0.09325000000000003,-11.075395905937626,-11.06839486058061,-11.068230264528836,-11.06839486058061,-11.075395905937626,-11.238852576092711,-11.238852576092427,0.3354108784632784,0.3357941417502771,0.33579462124082166,0.3357941417502771,0.3354108784632784,0.0,0.0,0.0,0.0,0.0
0.5999999999999999,0.2096,0.11388000000000002,-11.039957877131883,-11.029918564831576,-11.029640268303524,-11.029918564831576,-11.039957877131883,-11.23834158281096,-11.23834158281062,0.3302548454698943,0.330658995971232,0.3306598093986331,0.330658995971232,0.3302548454698943,0.0,0.0,0.0,0.0,0.0
0.6999999999999995,0.21619999999999998,0.13517,-11.003702770817824,-10.990083572793822,-10.989649841517405,-10.990083572793822,-11.003702770817824,-11.237731983874085,-11.237731983873687,0.3255739858684165,0.32600067524631626,0.32600194704422436,0.32600067524631626,0.3255739858684165,0.0,0.0,0.0,0.0,0.0
0.7999999999999992,0.22279999999999994,0.15711999999999998,-10.966641837783754,-10.948903186254654,-10.948266520049287,-10.948903186254654,-10.966641837783754,-11.237021803702078,-11.237021803701623,0.3213528184801119,0.3218037033857341,0.32180557592893816,0.3218037033857341,0.3213528184801119,0.0,0.0,0.0,0.0,0.0
0.8999999999999988,0.22939999999999994,0.17973,-10.928787046742684,-10.906391535514672,-10.905498939120491,-10.906391535514672,-10.928787046742684,-11.236209104935995,-11.23620910493554,0.317575481933458,0.3180522223437477,0.3180548552462684,0.3180522223437477,0.317575481933458,0.0,0.0,0.0,0.0,0.0
0.9999999999999984,0.2359999999999999,0.20299999999999996,-10.890150992600297,-10.862563499333305,-10.861356743604404,-10.862563499333305,-10.890150992600297,-11.235291990184521,-11.235291990184066,0.31422581442995373,0.31473007198849384,0.3147336413978416,0.31473007198849384,0.31422581442995373,0.0,0.0,0.0,0.0,0.0
1.099999999999998,0.24259999999999987,0.22692999999999997,-10.85074680856178,-10.81743462663411,-10.815850500677413,-10.81743462663411,-10.85074680856178,-11.234268603515432,-11.234268603514863,0.31128743222927124,0.31182086860552005,0.3118255664946093,0.31182086860552005,0.31128743222927124,0.0,0.0,0.0,0.0,0.0
1.1999999999999977,0.24919999999999987,0.2515199999999999,-10.810588082092067,-10.771021060097723,-10.76899161484198,-10.771021060097723,-10.810588082092067,-11.23313713170353,-11.233137131702733,0.30874380578523364,0.3093080810646119,0.3093141145231162,0.3093080810646119,0.30874380578523364,0.0,0.0,0.0,0.0,0.0
1.2999999999999974,0.2557999999999998,0.2767699999999999,-10.76968877479311,-10.723339461912872,-10.720792245520954,-10.723339461912872,-10.76968877479311,-11.231895805247348,-11.231895805246438,0.3065783326865555,0.3071751038018485,0.30718269432889317,0.3071751038018485,0.3065783326865555,0.0,0.0,0.0,0.0,0.0
1.399999999999997,0.2623999999999998,0.3026799999999998,-10.728063146337547,-10.674406941853192,-10.671265227430695,-10.674406941853192,-10.728063146337547,-11.230542899165698,-11.230542899164618,0.30477440674791545,0.305405325961098,0.3054147087609528,0.305405325961098,0.30477440674791545,0.0,0.0,0.0,0.0,0.0
1.4999999999999967,0.2689999999999998,0.32924999999999977,-10.68572568257406,-10.62424098802012,-10.620423993947043,-10.62424098802012,-10.68572568257406,-11.22907673358577,-11.229076733584805,0.3033154827626242,0.30398219620442146,0.3039936194870943,0.30398219620442146,0.3033154827626242,0.0,0.0,0.0,0.0,0.0
1.5999999999999963,0.27559999999999973,0.35647999999999985,-10.642691027899446,-10.572859400408106,-10.568282503643275,-10.572859400408106,-10.642691027899446,-11.227495674137174,-11.227495674136208,0.30218513657101176,0.302889282844328,0.3029030071327132,0.302889282844328,0.30218513657101176,0.0,0.0,0.0,0.0,0.0
1.699999999999996,0.28219999999999973,0.3843699999999998,-10.59897392194307,-10.520280227508806,-10.514855170148337,-10.520280227508806,-10.59897392194307,-11.225798132161401,-11.225798132160378,0.30136712022149664,0.30211032907341817,0.3021266265186937,0.30211032907341817,0.30136712022149664,0.0,0.0,0.0,0.0,0.0
1.7999999999999956,0.2887999999999997,0.4129199999999997,-10.554589140632345,-10.466521706104288,-10.460156795466844,-10.466521706104288,-10.554589140632345,-11.223982564752191,-11.223982564751111,0.30084541210597365,0.3016293031720775,0.301648456878856,0.3016293031720775,0.30084541210597365,0.0,0.0,0.0,0.0,0.0
1.8999999999999952,0.29539999999999966,0.4421299999999997,-10.509551441590759,-10.411602204340227,-10.404202506836157,-10.411602204340227,-10.509551441590759,-11.222047474637463,-11.222047474636383,0.3006042620403107,0.30143044366386695,0.30145274702648645,0.30143044366386695,0.3006042620403107,0.0,0.0,0.0,0.0,0.0
1.999999999999995,0.30199999999999966,0.47199999999999975,-10.463875513851463,-10.3555401681852,-10.3470076971538,-10.3555401681852,-10.463875513851463,-11.219991409917213,-11.21999140991602,0.3006282313349816,0.3014982994627321,0.30152405551407085,0.3014982994627321,0.3006282313349816,0.0,0.0,0.0,0.0,0.0
2.099999999999996,0.30859999999999976,0.5025299999999997,-10.417575931819897,-10.298354071284791,-10.288587969030175,-10.298354071284791,-10.417575931819897,-11.217812963667484,-11.217812963666063,0.30090222796255217,0.301817765118007,0.3018472858918874,0.301817765118007,0.30090222796255217,0.0,0.0,0.0,0.0,0.0
2.1999999999999975,0.3151999999999998,0.5337199999999998,-10.370667113400089,-10.240062368248232,-10.228959082419578,-10.240062368248232,-10.370667113400089,-11.215510773424455,-11.21551077342292,0.3014115369787025,0.3023741113131364,0.30240771722145576,0.3023741113131364,0.3014115369787025,0.0,0.0,0.0,0.0,0.0
2.299999999999999,0.3217999999999999,0.5655699999999997,-10.323163282124483,-10.18068345132798,-10.16813690582427,-10.18068345132798,-10.323163282124483,-11.213083520559394,-11.213083520557689,0.3021418463934371,0.3031530108140566,0.30319103003948045,0.3031530108140566,0.3021418463934371,0.0,0.0,0.0,0.0,0.0
2.4000000000000004,0.3284,0.5980799999999996,-10.275078433213764,-10.120235610455438,-10.106137371001694,-10.120235610455438,-10.275078433213764,-11.210529929555946,-11.210529929554127,0.3030792687193973,0.3041405600937837,0.30418332799877834,0.3041405600937837,0.3030792687193973,0.0,0.0,0.0,0.0,0.0
2.5000000000000018,0.3350000000000001,0.6312499999999998,-10.226426303377536,-10.05873699656928,-10.042976431082025,-10.05873699656928,-10.226426303377536,-11.207848767200801,-11.207848767198925,0.30421035844712124,0.3053232968824788,0.3053711554353837,0.3053232968824788,0.30421035844712124,0.0,0.0,0.0,0.0,0.0
2.600000000000003,0.34160000000000024,0.6650799999999998,-10.177220344177272,-9.99620558815542,-9.97867002203634,-9.99620558815542,-10.177220344177272,-11.20503884169841,-11.205038841696592,0.30552212571263354,0.3066882139079048,0.30674151112652537,0.3066882139079048,0.30552212571263354,0.0,0.0,0.0,0.0,0.0
2.7000000000000046,0.3482000000000003,0.6995699999999997,-10.127473698817255,-9.932659160883418,-9.913234027336614,-9.932659160883418,-10.127473698817255,-11.202099001718977,-11.202099001717215,0.3070020464320731,0.3082227691008611,0.308281858514052,0.3082227691008611,0.3070020464320731,0.0,0.0,0.0,0.0,0.0
2.800000000000006,0.35480000000000034,0.7347199999999997,-10.07719918215389,-9.86811526024627,-9.84668424573482,-9.86811526024627,-10.07719918215389,-11.199028135389938,-11.199028135388062,0.30863806918262693,0.30991489254443144,0.3099801326719553,0.30991489254443144,0.30863806918262693,0.0,0.0,0.0,0.0,0.0
2.9000000000000075,0.3614000000000005,0.7705299999999998,-10.026409263730386,-9.802591177067711,-9.779036362007275,-9.802591177067711,-10.026409263730386,-11.195825169239015,-11.195825169236969,0.3104186191089132,0.31175299044599697,0.3118247442968657,0.31175299044599697,0.3104186191089132,0.0,0.0,0.0,0.0,0.0
3.000000000000009,0.36800000000000055,0.8069999999999998,-9.975116053677482,-9.73610392575165,-9.710305920531766,-9.73610392575165,-9.975116053677482,-11.192489067098222,-11.192489067096062,0.3123325991300633,0.31372594640719315,0.3138045809966296,0.31372594640719315,0.3123325991300633,0.0,0.0,0.0,0.0,0.0
3.1000000000000103,0.3746000000000007,0.8441299999999998,-9.923331291251543,-9.668670225143558,-9.640508301550597,-9.668670225143558,-9.923331291251543,-11.189018828975236,-11.189018828972905,0.3143693887162673,0.3158231202603075,0.31590900614540135,0.3158231202603075,0.3143693887162673,0.0,0.0,0.0,0.0,0.0
3.2000000000000117,0.38120000000000076,0.88192,-9.871066335867283,-9.600306481842438,-9.569658699981119,-9.600306481842438,-9.871066335867283,-11.185413489900327,-11.185413489897996,0.3165188404940934,0.3180343447305481,0.31812785556452966,0.3180343447305481,0.3165188404940934,0.0,0.0,0.0,0.0,0.0
3.300000000000013,0.3878000000000008,0.9203700000000001,-9.818332160377906,-9.531028775847915,-9.49777210663541,-9.531028775847915,-9.818332160377906,-11.181672118755557,-11.18167211875317,0.31877127492917545,0.320349920172474,0.3204514322775263,0.320349920172474,0.31877127492917545,0.0,0.0,0.0,0.0,0.0
3.4000000000000146,0.39440000000000097,0.9594800000000001,-9.765139346499382,-9.460852848373861,-9.424863291706004,-9.460852848373861,-9.765139346499382,-11.177793817091128,-11.177793817088741,0.32111747332197915,0.32276060761658526,0.32287049957495606,0.32276060761658526,0.32111747332197915,0.0,0.0,0.0,0.0,0.0
3.500000000000016,0.401000000000001,0.9992500000000002,-9.711498082118965,-9.389794091726174,-9.35094679033682,-9.389794091726174,-9.711498082118965,-11.173777717936218,-11.173777717933717,0.323548669339331,0.32525762034840244,0.325376272611775,0.32525762034840244,0.323548669339331,0.0,0.0,0.0,0.0,0.0
3.6000000000000174,0.4076000000000012,1.0396800000000004,-9.657418160384964,-9.317867541036264,-9.276036890190767,-9.317867541036264,-9.657418160384964,-11.169622984607997,-11.169622984605496,0.32605653928981443,0.3278326142285888,0.32796040874522814,0.3278326142285888,0.32605653928981443,0.0,0.0,0.0,0.0,0.0
3.700000000000019,0.41420000000000123,1.0807700000000005,-9.60290898037698,-9.24508786780359,-9.200147620847417,-9.24508786780359,-9.60290898037698,-11.165328809524908,-11.165328809522236,0.32863319133693436,0.3304776769476518,0.3306149968071934,0.3304776769476518,0.32863319133693436,0.0,0.0,0.0,0.0,0.0
3.8000000000000203,0.4208000000000013,1.1225200000000004,-9.54797954921196,-9.171469375032416,-9.123292744897583,-9.171469375032416,-9.54797954921196,-11.160894413026085,-11.160894413023414,0.3312711538291614,0.33318531639472027,0.3333325454901598,0.33318531639472027,0.3312711538291614,0.0,0.0,0.0,0.0,0.0
3.9000000000000217,0.42740000000000145,1.1649300000000007,-9.492638485432337,-9.097025993875206,-9.04548575061068,-9.097025993875206,-9.492638485432337,-11.156319042203904,-11.15631904220129,0.3339633629115355,0.3359484483049911,0.33610597101151907,0.3359484483049911,0.3339633629115355,0.0,0.0,0.0,0.0,0.0
4.000000000000023,0.4340000000000015,1.2080000000000009,-9.436894023541925,-9.02177128164783,-8.96673984604513,-9.02177128164783,-9.436894023541925,-11.15160196974972,-11.151601969747105,0.33670314956921754,0.3387603833363789,0.33892858420667216,0.3387603833363789,0.33670314956921754,0.0,0.0,0.0,0.0,0.0
4.1000000000000245,0.44060000000000166,1.251730000000001,-9.380754019551603,-8.945718421109007,-8.887067954485303,-8.945718421109007,-9.380754019551603,-11.14674249281785,-11.146742492815008,0.3394842262395919,0.34161481371202274,0.34179407718760063,0.34161481371202274,0.3394842262395919,0.0,0.0,0.0,0.0,0.0
4.200000000000026,0.4472000000000017,1.2961200000000013,-9.324225957421788,-8.868880220862366,-8.806482711110561,-8.868880220862366,-9.324225957421788,-11.141739931909513,-11.141739931906613,0.3423006731161962,0.3445057995521418,0.3446965096902423,0.3445057995521418,0.3423006731161962,0.0,0.0,0.0,0.0,0.0
4.300000000000027,0.45380000000000176,1.3411700000000015,-9.267316956259549,-8.791269116802425,-8.724996460736065,-8.791269116802425,-9.267316956259549,-11.13659362977944,-11.136593629776371,0.345146924255174,0.3474277550058905,0.34763029522155287,0.3474277550058905,0.345146924255174,0.0,0.0,0.0,0.0,0.0
4.400000000000029,0.4604000000000019,1.3868800000000017,-9.210033778184481,-8.712897174483032,-8.64262125658928,-8.712897174483032,-9.210033778184481,-11.131302950366603,-11.131302950363306,0.3480177535828013,0.35037543428198514,0.3505901871047623,0.35037543428198514,0.3480177535828013,0.0,0.0,0.0,0.0,0.0
4.50000000000003,0.46700000000000197,1.4332500000000017,-9.152382836759841,-8.633776092329242,-8.559368859979998,-8.633776092329242,-9.152382836759841,-11.125867277750785,-11.125867277747489,0.35090826089140154,0.3533439176654806,0.3535712645103918,0.3533439176654806,0.35090826089140154,0.0,0.0,0.0,0.0,0.0
4.600000000000032,0.47360000000000213,1.480280000000002,-9.094370205896894,-8.553917205567018,-8.475250740792319,-8.553917205567018,-9.094370205896894,-11.120286015136458,-11.120286015133104,0.35381385790040587,0.3563285975976752,0.3565689185498379,0.3563285975976752,0.35381385790040587,0.0,0.0,0.0,0.0,0.0
4.700000000000033,0.4802000000000022,1.5279700000000023,-9.036001629125622,-8.47333149084426,-8.390278078704114,-8.47333149084426,-9.036001629125622,-11.114558583865403,-11.114558583861992,0.35673025444954326,0.35932516488599414,0.3595788384985901,0.35932516488599414,0.35673025444954326,0.0,0.0,0.0,0.0,0.0
4.8000000000000345,0.48680000000000223,1.5763200000000024,-8.977282529192962,-8.392029571392754,-8.304461765066094,-8.392029571392754,-8.977282529192962,-11.108684422457884,-11.108684422454417,0.3596534448818981,0.3623295951020433,0.3625969982070123,0.3623295951020433,0.3596534448818981,0.0,0.0,0.0,0.0,0.0
4.900000000000036,0.4934000000000024,1.6253300000000026,-8.918218017874892,-8.310021722716215,-8.21781240537382,-8.310021722716215,-8.918218017874892,-11.102662985684276,-11.102662985680809,0.36257969466644113,0.3653381352172439,0.365619642748271,0.3653381352172439,0.36257969466644113,0.0,0.0,0.0,0.0,0.0
5.000000000000037,0.5,1.675000000000003,-8.85881290597223,-8.227317878707993,-8.130340322225607,-8.227317878707993,-8.85881290597223,-11.0964937436666,-11.096493743663245,0.3655055273018006,0.3683472905181072,0.36864327534550534,0.3683472905181072,0.3655055273018006,0.0,0.0,0.0,0.0,0.0
5.100000000000039,0.5,1.7250000000000036,-8.799856051341237,-8.144715296042989,-8.042843034789826,-8.144715296042989,-8.799856051341237,-11.090177055013953,-11.090177055010543,0.3730724855444712,0.37598069070355356,0.3762906699904571,0.37598069070355356,0.3730724855444712,0.0,0.0,0.0,0.0,0.0
5.20000000000004,0.5,1.7750000000000044,-8.742098590392459,-8.062991337304538,-7.956098389880708,-8.062991337304538,-8.742098590392459,-11.08371614307049,-11.083716143066908,0.38036108074404495,0.3833365103862992,0.3836608130080373,0.3833365103862992,0.38036108074404495,0.0,0.0,0.0,0.0,0.0
5.300000000000042,0.5,1.825000000000005,-8.685490493387078,-7.982126525086926,-7.870087973216073,-7.982126525086926,-8.685490493387078,-11.077114689192342,-11.077114689188761,0.3873858724305576,0.39042922055058743,0.39076817208666453,0.39042922055058743,0.3873858724305576,0.0,0.0,0.0,0.0,0.0
5.400000000000043,0.5,1.8750000000000058,-8.629984254221995,-7.90210213595941,-7.784794490431693,-7.90210213595941,-8.629984254221995,-11.070376228625378,-11.07037622862174,0.3941604517762827,0.397272329915264,0.39762625160484805,0.397272329915264,0.3941604517762827,0.0,0.0,0.0,0.0,0.0
5.500000000000044,0.5,1.9250000000000065,-8.575534729136677,-7.822900139623641,-7.700201667117369,-7.822900139623641,-8.575534729136677,-11.063504157699356,-11.063504157695604,0.40069751902015666,0.40387846191140275,0.40424766973537896,0.40387846191140275,0.40069751902015666,0.0,0.0,0.0,0.0,0.0
5.600000000000046,0.5,1.9750000000000072,-8.522098998044498,-7.7445031545912,-7.616294168344723,-7.7445031545912,-8.522098998044498,-11.056501740595195,-11.05650174059133,0.4070089536420067,0.4102594244502078,0.4106442283281038,0.4102594244502078,0.4070089536420067,0.0,0.0,0.0,0.0,0.0
5.700000000000047,0.5,2.025000000000008,-8.469636236667668,-7.666894409033205,-7.533057526152447,-7.666894409033205,-8.469636236667668,-11.049372115722633,-11.049372115718654,0.41310587811598315,0.41642627330405685,0.41682697639516303,0.41642627330405685,0.41310587811598315,0.0,0.0,0.0,0.0,0.0
5.800000000000049,0.5,2.0750000000000086,-8.418107597693279,-7.590057705398863,-7.450478073400518,-7.590057705398863,-8.418107597693279,-11.042118301738697,-11.04211830173466,0.41899871591579435,0.42238936976960195,0.4228062678685665,0.42238936976960195,0.41899871591579435,0.0,0.0,0.0,0.0,0.0
5.90000000000005,0.5,2.1250000000000093,-8.367476099976443,-7.513977388194405,-7.3685428831802255,-7.513977388194405,-8.367476099976443,-11.034743203229482,-11.034743203225162,0.4246972443593656,0.4281584331975927,0.4285918142157644,0.4281584331975927,0.4246972443593656,0.0,0.0,0.0,0.0,0.0
6.0000000000000515,0.5,2.17500000000001,-8.317706525083167,-7.438638314506761,-7.287239713222505,-7.438638314506761,-8.317706525083167,-11.027249616078109,-11.027249616073732,0.4302106428130565,0.4337425889070958,0.43419273243158346,0.4337425889070958,0.4302106428130565,0.0,0.0,0.0,0.0,0.0
6.100000000000053,0.5,2.2250000000000107,-8.268765320564057,-7.36402582694808,-7.206556954809685,-7.36402582694808,-8.268765320564057,-11.01964023254061,-11.019640232536176,0.43554753671730206,0.4391504119437375,0.4396175888669392,0.4391504119437375,0.43554753671730206,0.0,0.0,0.0,0.0,0.0
6.200000000000054,0.5,2.2750000000000115,-8.220620509413152,-7.290125728749899,-7.126483585799974,-7.290125728749899,-8.220620509413152,-11.011917646045674,-11.011917646041184,0.4407160378445235,0.4443899670907545,0.4448744393036695,0.4443899670907545,0.4407160378445235,0.0,0.0,0.0,0.0,0.0
6.300000000000056,0.5,2.325000000000012,-8.17324160522594,-7.216924260793348,-7.047009127364674,-7.216924260793348,-8.17324160522594,-11.004084355738428,-11.004084355733823,0.4457237811551923,0.4494688454968549,0.44997086564023575,0.4494688454968549,0.4457237811551923,0.0,0.0,0.0,0.0,0.0
6.400000000000057,0.5,2.375000000000013,-8.126599532665807,-7.144408080372557,-6.9681236041622014,-7.144408080372557,-8.126599532665807,-10.996142770782399,-10.99614277077768,0.4505779585782158,0.4543941982455541,0.4549140095133197,0.4543941982455541,0.4505779585782158,0.0,0.0,0.0,0.0,0.0
6.500000000000059,0.5,2.4250000000000136,-8.080666552790035,-7.0725642415157495,-6.889817507634859,-7.0725642415157495,-8.080666552790035,-10.988095214435134,-10.98809521443036,0.4552853500072407,0.4591727671559285,0.4597106031458121,0.4591727671559285,0.4552853500072407,0.0,0.0,0.0,0.0,0.0
6.60000000000006,0.5,2.4750000000000143,-8.035416192955324,-7.001380176734131,-6.812081762161199,-7.001380176734131,-8.035416192955324,-10.979943927911222,-10.979943927906277,0.45985235177326816,0.4638109130740315,0.4643669976809315,0.4638109130740315,0.45985235177326816,0.0,0.0,0.0,0.0,0.0
6.7000000000000615,0.5,2.525000000000015,-7.990823180917573,-6.930843680025987,-6.7349076938522785,-6.930843680025987,-7.990823180917573,-10.971691074045168,-10.971691074040166,0.4642850028271759,0.4683146418872712,0.46888918923500716,0.4683146418872712,0.4642850028271759,0.0,0.0,0.0,0.0,0.0
6.800000000000063,0.5,2.5750000000000157,-7.946863382861807,-6.86094289107001,-6.658287001752569,-6.86094289107001,-7.946863382861807,-10.963338740766403,-10.963338740761458,0.4685890088413552,0.4726896284698352,0.4732828428775777,0.4726896284698352,0.4685890088413552,0.0,0.0,0.0,0.0,0.0
6.900000000000064,0.5,2.6250000000000164,-7.903513745103226,-6.791666280455274,-6.582211731272196,-6.791666280455274,-7.903513745103226,-10.954888944397396,-10.954888944392394,0.4727697644183893,0.47694123874628064,0.47755331472605284,0.47694123874628064,0.4727697644183893,0.0,0.0,0.0,0.0,0.0
7.000000000000066,0.5,2.675000000000017,-7.860752239167709,-6.723002635885223,-6.506674249647915,-6.723002635885223,-7.860752239167709,-10.946343632784817,-10.946343632779701,0.4768323735758998,0.48107455004129496,0.48170567232342415,0.48107455004129496,0.4768323735758998,0.0,0.0,0.0,0.0,0.0
7.100000000000067,0.5,2.725000000000018,-7.818557810068853,-6.654941049243462,-6.431667223296756,-6.654941049243462,-7.818557810068853,-10.93770468827347,-10.937704688268184,0.4807816686595711,0.48509436986706994,0.4857447134505607,0.48509436986706994,0.4807816686595711,0.0,0.0,0.0,0.0,0.0
7.200000000000069,0.5,2.7750000000000186,-7.7769103275374505,-6.5874709044807105,-6.357183596892469,-6.5874709044807105,-7.7769103275374505,-10.928973930532322,-10.928973930527036,0.48462222782159203,0.489005253284593,0.48967498350981725,0.489005253284593,0.48462222782159203,0.0,0.0,0.0,0.0,0.0
7.30000000000007,0.5,2.8250000000000193,-7.735790538015976,-6.520581866214968,-6.283216574039216,-6.520581866214968,-7.735790538015976,-10.92015311924024,-10.92015311923484,0.4883583893432009,0.4928115189620882,0.49350079160327426,0.4928115189620882,0.4883583893432009,5.4021042984626e-08,0.0,0.0,0.0,5.4021042984626e-08
7.400000000000071,0.5,2.87500000000002,-7.695180006542387,-6.454263868863791,-6.209759599415008,-6.454263868863791,-7.695180006542387,-10.911243956611145,-10.911243956605688,0.49199425655497475,0.496517264042198,0.497226225417056,0.496517264042198,0.49199425655497475,5.399240477342424e-07,0.0,0.0,0.0,5.399240477342424e-07
7.500000000000073,0.5,2.9250000000000207,-7.655061086090939,-6.388507106360578,-6.136806342260684,-6.388507106360578,-7.655061086090939,-10.902248089787577,-10.902248089782006,0.4955337211221936,0.5001263779182078,0.5008551650125854,0.5001263779182078,0.4955337211221936,1.6141245414946311e-06,0.0,0.0,0.0,1.6141245414946311e-06
7.600000000000074,0.5,2.9750000000000214,-7.615416886905507,-6.323302022637677,-6.064350681116821,-6.323302022637677,-7.615416886905507,-10.893167113152003,-10.893167113146376,0.4989804798555693,0.5036425550097803,0.504391295616042,0.5036425550097803,0.4989804798555693,3.32629137773106e-06,0.0,0.0,0.0,3.32629137773106e-06
7.700000000000076,0.5,3.025000000000022,-7.576231239609228,-6.258639302626705,-5.992386689721911,-6.258639302626705,-7.576231239609228,-10.884002570532061,-10.88400257052649,0.5023380464441759,0.5070693066214094,0.507838119488798,0.5070693066214094,0.5023380464441759,5.7634652841998776e-06,0.0,0.0,0.0,5.7634652841998776e-06
7.800000000000077,0.5,3.075000000000023,-7.537488659898713,-6.194509863746305,-5.920908623960202,-6.194509863746305,-7.537488659898713,-10.874755957299556,-10.874755957294042,0.5056097618816883,0.5104099719585565,0.5111989669540179,0.5104099719585565,0.5056097618816883,8.916271755372697e-06,0.0,0.0,0.0,8.916271755372697e-06
7.9000000000000785,0.5,3.1250000000000235,-7.499174316500671,-6.130904847838792,-5.849910909820437,-6.130904847838792,-7.499174316500671,-10.865428722369018,-10.86542872236339,0.5087988054253798,0.5136677283696118,0.5144770066475798,0.5136677283696118,0.5087988054253798,1.2861580087070548e-05,0.0,0.0,0.0,1.2861580087070548e-05
8.00000000000008,0.5,3.1750000000000242,-7.461273999108528,-6.0678156135012955,-5.779388132235852,-6.0678156135012955,-7.461273999108528,-10.856022270102414,-10.85602227009673,0.5119082032065788,0.5168456008756942,0.5176752550555637,0.5168456008756942,0.5119082032065788,1.756930038400013e-05,0.0,0.0,0.0,1.756930038400013e-05
8.100000000000074,0.5,3.225000000000025,-7.423774089893186,-6.005233728800306,-5.709335024780728,-6.005233728800306,-7.423774089893186,-10.84653796212342,-10.84653796211768,0.5149408380000576,0.5199464710446831,0.5207965853947224,0.5199464710446831,0.5149408380000576,2.310041173973864e-05,0.0,0.0,0.0,2.310041173973864e-05
8.200000000000069,0.5,3.2750000000000257,-7.386661535293058,-5.943150964352867,-5.63974646013304,-5.943150964352867,-7.386661535293058,-10.836977119048754,-10.836977119042842,0.5178994568924964,0.5229730852608455,0.5238437358875293,0.5229730852608455,0.5178994568924964,2.9449269883323018e-05,0.0,0.0,0.0,2.9449269883323018e-05
8.300000000000063,0.5,3.3250000000000264,-7.349923819149694,-5.881559286701531,-5.570617441264233,-5.881559286701531,-7.349923819149694,-10.827341022136295,-10.82734102213027,0.520786679032869,0.5259280624371261,0.5268193174787651,0.5259280624371261,0.520786679032869,3.6611757101438304e-05,0.0,0.0,0.0,3.6611757101438304e-05
8.400000000000057,0.5,3.375000000000027,-7.313548939080022,-5.820450852026511,-5.501943093276395,-5.820450852026511,-7.313548939080022,-10.817630914860388,-10.81763091485442,0.5236050035727804,0.5288139012127319,0.5297258210366271,0.5288139012127319,0.5236050035727804,4.463985201094842e-05,0.0,0.0,0.0,4.463985201094842e-05
8.500000000000052,0.5,3.425000000000028,-7.277525381301075,-5.759818000127723,-5.4337186558765325,-5.759818000127723,-7.277525381301075,-10.807848004414097,-10.807848004408072,0.5263568152553124,0.5316329866753012,0.5325656240774943,0.5316329866753012,0.5263568152553124,5.350306832920213e-05,0.0,0.0,0.0,5.350306832920213e-05
8.600000000000046,0.5,3.4750000000000285,-7.241842098655638,-5.699653248667687,-5.365939476390679,-5.699653248667687,-7.241842098655638,-10.797993463139619,-10.79799346313365,0.5290443914456094,0.5343875966434457,0.5353409970503747,0.5343875966434457,0.5290443914456094,6.320287416485337e-05,0.0,0.0,0.0,6.320287416485337e-05
8.70000000000004,0.5,3.525000000000029,-7.206488490245022,-5.639949287670731,-5.298601003316662,-5.639949287670731,-7.206488490245022,-10.788068429899283,-10.788068429893372,0.5316699083893034,0.5370799075424255,0.5380541092137912,0.5370799075424255,0.5316699083893034,7.377876330178466e-05,0.0,0.0,0.0,7.377876330178466e-05
8.800000000000034,0.5,3.57500000000003,-7.171454379927582,-5.580698974253664,-5.231698780366571,-5.580698974253664,-7.171454379927582,-10.778074011382614,-10.778074011376532,0.5342354457194154,0.5397119999030294,0.5407070341352462,0.5397119999030294,0.5342354457194154,8.5217486577624e-05,0.0,0.0,0.0,8.5217486577624e-05
8.900000000000029,0.5,3.6250000000000306,-7.136729996999861,-5.521895327560685,-5.16522844094618,-5.521895327560685,-7.136729996999861,-10.768011283351257,-10.768011283345004,0.5367429920226228,0.5422858635112845,0.5433017548409502,0.5422858635112845,0.5367429920226228,9.749179869224763e-05,0.0,0.0,0.0,9.749179869224763e-05
9.000000000000023,0.5,3.6750000000000314,-7.102305959259354,-5.463531523921517,-5.099185703052285,-5.463531523921517,-7.102305959259354,-10.757881291832916,-10.75788129182672,0.5391944502820184,0.5448034022341977,0.5458401686411235,0.5448034022341977,0.5391944502820184,0.00011062882926223283,0.0,0.0,0.0,0.00011062882926223283
9.100000000000017,0.5,3.725000000000032,-7.068173255286467,-5.4056008922036085,-5.033566364559363,-5.4056008922036085,-7.068173255286467,-10.747685054262774,-10.747685054256351,0.5415916421024435,0.5472664385448323,0.5483240916541801,0.5472664385448323,0.5415916421024435,0.0001246501884157859,0.0,0.0,0.0,0.0001246501884157859
9.200000000000012,0.5,3.7750000000000328,-7.034323226449374,-5.348096909332128,-4.968366298854505,-5.348096909332128,-7.034323226449374,-10.737423560570846,-10.737423560564423,0.5439363109692908,0.5496767177681647,0.5507552630512551,0.5496767177681647,0.5439363109692908,0.0001395178944959739,0.0,0.0,0.0,0.0001395178944959739
9.300000000000006,0.5,3.8250000000000335,-7.0007475525643486,-5.291013195979815,-4.903581450808588,-5.291013195979815,-7.0007475525643486,-10.727097774222102,-10.727097774215565,0.5462301274826818,0.5520359120673397,0.5531353490407561,0.5520359120673397,0.5462301274826818,0.00015522293995865258,0.0,0.0,0.0,0.00015522293995865258
9.4,0.5,3.875000000000034,-6.967438237369038,-5.234343512420821,-4.839207833038927,-5.234343512420821,-6.967438237369038,-10.716708633213614,-10.716708633206906,0.5484746930526434,0.5543456241884626,0.5554659466111591,0.5543456241884626,0.5484746930526434,0.00017178431024359437,0.0,0.0,0.0,0.00017178431024359437
9.499999999999995,0.5,3.925000000000035,-6.934387594086672,-5.1780817545709965,-4.775241522469059,-5.1780817545709965,-6.934387594086672,-10.706257051028672,-10.706257051021908,0.5506715432698199,0.556607390980534,0.5577485870487174,0.556607390980534,0.5506715432698199,0.00018921790643955372,0.0,0.0,0.0,0.00018921790643955372
9.599999999999989,0.5,3.9750000000000356,-6.90158823050848,-5.1222219501208315,-4.7116786571374405,-5.1222219501208315,-6.90158823050848,-10.695743917547247,-10.69574391754037,0.5528221501940004,0.558822686706178,0.5599847392455912,0.558822686706178,0.5528221501940004,0.0002074955141728346,0.0,0.0,0.0,0.0002074955141728346
9.699999999999983,0.5,4.025000000000034,-6.869033037169402,-5.066758254838305,-4.648515433246871,-5.066758254838305,-6.869033037169402,-10.685170099915524,-10.68517009990876,0.5549279266433265,0.5609929261571676,0.56217581281264,0.5609929261571676,0.5549279266433265,0.0002265930075684247,0.0,0.0,0.0,0.0002265930075684247
9.799999999999978,0.5,4.075000000000031,-6.836715175775225,-5.011684948988091,-4.5857481024467575,-5.011684948988091,-6.836715175775225,-10.674536443382351,-10.674536443375644,0.5569902291697222,0.5631194675880018,0.5643231610100023,0.5631194675880018,0.5569902291697222,0.0002465211592242096,0.0,0.0,0.0,0.0002465211592242096
9.899999999999972,0.5,4.125000000000028,-6.804628067268538,-4.956996433892016,-4.52337296930807,-4.956996433892016,-6.804628067268538,-10.663843772099654,-10.66384377209289,0.5590103607273531,0.5652036154796037,0.5664280835077131,0.5652036154796037,0.5590103607273531,0.0002672912078526542,0.0,0.0,0.0,0.0002672912078526542
9.999999999999966,0.5,4.175000000000026,-6.772765380383873,-4.902687228612194,-4.461386388994754,-4.902687228612194,-6.772765380383873,-10.65309288988783,-10.653092889881009,0.5609895729235227,0.5672466231444176,0.5684918289875677,0.5672466231444176,0.5609895729235227,0.00028890747549779476,0.0,0.0,0.0,0.00028890747549779476
10.09999999999996,0.5,4.225000000000023,-6.741121019775903,-4.848751966713564,-4.399784765111519,-4.848751966713564,-6.741121019775903,-10.64228458096676,-10.642284580959767,0.5629290678029333,0.5692496951834087,0.5705155975966658,0.5692496951834087,0.5629290678029333,0.000311331936835922,0.0,0.0,0.0,0.000311331936835922
10.199999999999955,0.5,4.27500000000002,-6.70968911775924,-4.795185393145061,-4.338564547720068,-4.795185393145061,-6.70968911775924,-10.631419610656394,-10.63141961064946,0.5648300015832688,0.571213989804485,0.5725005432622917,0.571213989804485,0.5648300015832688,0.0003345506376297586,0.0,0.0,0.0,0.0003345506376297586
10.29999999999995,0.5,4.325000000000017,-6.678464024580364,-4.741982361258977,-4.277722231487644,-4.741982361258977,-6.678464024580364,-10.620498726051892,-10.6204987260449,0.5666934864634479,0.5731406210112108,0.574447775877143,0.5731406210112108,0.5666934864634479,0.00035856943523104965,0.0,0.0,0.0,0.00035856943523104965
10.399999999999944,0.5,4.375000000000014,-6.647440299091784,-4.68913782989182,-4.217254353989915,-4.68913782989182,-6.647440299091784,-10.609522656667991,-10.609522656660886,0.5685205926752558,0.5750306606702896,0.5763583633631146,0.5750306606702896,0.5685205926752558,0.0003833940594870058,0.0,0.0,0.0,0.0003833940594870058
10.499999999999938,0.5,4.425000000000011,-6.616612699918505,-4.636646860561143,-4.157157494143007,-4.636646860561143,-6.616612699918505,-10.59849211505798,-10.598492115050647,0.5703123503409886,0.5768851404653658,0.5782333336214066,0.5768851404653658,0.5703123503409886,0.0004090285276136253,0.0,0.0,0.0,0.0004090285276136253
10.599999999999932,0.5,4.4750000000000085,-6.5859761758437685,-4.584504614739274,-4.097428270744842,-4.584504614739274,-6.5859761758437685,-10.587407797404865,-10.587407797397418,0.572069750327602,0.5787050537443699,0.5800736763761165,0.5787050537443699,0.572069750327602,0.00043545129303828353,0.0,0.0,0.0,0.00043545129303828353
10.699999999999926,0.5,4.525000000000006,-6.555525858796955,-4.532706351200545,-4.0380633411244276,-4.532706351200545,-6.555525858796955,-10.576270384086456,-10.576270384078782,0.5737937472530971,0.5804913572670629,0.5818803449179756,0.5804913572670629,0.5737937472530971,0.0004626310883600231,0.0,0.0,0.0,0.0004626310883600231
10.79999999999992,0.5,4.575000000000003,-6.525257056981729,-4.481247423481534,-3.9790593999132966,-4.481247423481534,-6.525257056981729,-10.565080540221743,-10.565080540214126,0.575485261108319,0.5822449728588234,0.5836542577543278,0.5822449728588234,0.575485261108319,0.000490565918382184,0.0,0.0,0.0,0.000490565918382184
10.899999999999915,0.5,4.625,-6.495165247265618,-4.430123277410189,-3.920413177875048,-4.430123277410189,-6.495165247265618,-10.55383891619448,-10.553838916186805,0.5771451786820163,0.5839667889765507,0.5853963001712944,0.5839667889765507,0.5771451786820163,0.0005192575735585224,0.0,0.0,0.0,0.0005192575735585224
10.99999999999991,0.5,4.674999999999997,-6.465246068192073,-4.379329448715566,-3.8621214408543665,-4.379329448715566,-6.465246068192073,-10.542546148154258,-10.542546148146585,0.5787743550361937,0.5856576621919836,0.5871073257132593,0.5856576621919836,0.5787743550361937,0.0005487071371391653,0.0,0.0,0.0,0.0005487071371391653
11.099999999999904,0.5,4.724999999999994,-6.4354953133464505,-4.328861560699806,-3.804180988778569,-4.328861560699806,-6.4354953133464505,-10.531202858498489,-10.531202858490815,0.5803736148690142,0.5873184185974677,0.5887881575848739,0.5873184185974677,0.5803736148690142,0.0005789146683152851,0.0,0.0,0.0,0.0005789146683152851
11.199999999999898,0.5,4.7749999999999915,-6.40590892394863,-4.278715321993047,-3.7465886547625473,-4.278715321993047,-6.40590892394863,-10.519809656332768,-10.519809656325094,0.5819437528898627,0.5889498551387566,0.5904395899800438,0.5889498551387566,0.5819437528898627,0.0006098650600107698,0.0,0.0,0.0,0.0006098650600107698
11.299999999999892,0.5,4.824999999999989,-6.376482983299127,-4.228886524354948,-3.689341304247307,-4.228886524354948,-6.376482983299127,-10.50836713791125,-10.508367137903406,0.5834855361326026,0.5905527408792632,0.5920623893424378,0.5905527408792632,0.5834855361326026,0.0006415246810046748,0.0,0.0,0.0,0.0006415246810046748
11.399999999999887,0.5,4.874999999999986,-6.3472137120688785,-4.179371040560852,-3.632435834217347,-4.179371040560852,-6.3472137120688785,-10.496875887063027,-10.496875887055182,0.5849997053249537,0.5921278181997099,0.5936572955614275,0.5921278181997099,0.5849997053249537,0.0006738849758196978,0.0,0.0,0.0,0.0006738849758196978
11.499999999999881,0.5,4.924999999999983,-6.31809746236803,-4.130164822351219,-3.575869172479827,-4.130164822351219,-6.31809746236803,-10.485336475601684,-10.485336475593783,0.5864869758102046,0.5936758039369934,0.5952250231072601,0.5936758039369934,0.5864869758102046,0.000706944036722969,0.0,0.0,0.0,0.000706944036722969
11.599999999999875,0.5,4.97499999999998,-6.289130712382644,-4.081263898445457,-3.5196382769855177,-4.081263898445457,-6.289130712382644,-10.473749463717866,-10.47374946370985,0.5879480386189923,0.5951973904657895,0.5967662621090575,0.5951973904657895,0.5879480386189923,0.0007406999456278124,0.0,0.0,0.0,0.0007406999456278124
11.69999999999987,0.5,5.024999999999977,-6.260310061339169,-4.032664372618342,-3.463740135203011,-4.032664372618342,-6.260310061339169,-10.462115400356424,-10.462115400348296,0.589383561489326,0.5966932467261938,0.5982816793788907,0.5966932467261938,0.589383561489326,0.0007751501255727104,0.0,0.0,0.0,0.0007751501255727104
11.799999999999864,0.5,5.074999999999974,-6.23163222465314,-3.9843624218119658,-3.4081717635367568,-3.9843624218119658,-6.23163222465314,-10.450434823578519,-10.45043482357039,0.5907941898256649,0.5981640192005562,0.5997719193850364,0.5981640192005562,0.5907941898256649,0.0008102913080975359,0.0,0.0,0.0,0.0008102913080975359
11.899999999999858,0.5,5.124999999999972,-6.203094028451346,-3.9363542943165726,-3.352930206784265,-3.9363542943165726,-6.203094028451346,-10.438708260909038,-10.43870826090091,0.5921805467574418,0.5996103328422914,0.6012376051773073,0.5996103328422914,0.5921805467574418,0.0008461114401994864,0.0,0.0,0.0,0.0008461114401994864
11.999999999999853,0.5,5.174999999999969,-6.174692405271003,-3.888636307995341,-3.298012537633099,-3.888636307995341,-6.174692405271003,-10.426936229667774,-10.426936229659702,0.5935432348510573,0.6010327919594318,0.6026793392671532,0.6010327919594318,0.5935432348510573,0.0008825787971229816,0.0,0.0,0.0,0.0008825787971229816
12.099999999999847,0.5,5.224999999999966,-6.146424391093149,-3.8412048485664627,-3.243415856190552,-3.8412048485664627,-6.146424391093149,-10.415119237291606,-10.415119237283477,0.5948828372959576,0.6024319810554243,0.6040977044650708,0.6024319810554243,0.5948828372959576,0.0009196797622196336,0.0,0.0,0.0,0.0009196797622196336
12.199999999999841,0.5,5.274999999999963,-6.118287120875777,-3.7940563679367187,-3.189137289537939,-3.7940563679367187,-6.118287120875777,-10.403257781644243,-10.403257781635944,0.5961999184260108,0.6038084656295317,0.6054932646777215,0.6038084656295317,0.5961999184260108,0.0009574092130544664,0.0,0.0,0.0,0.0009574092130544664
12.299999999999836,0.5,5.32499999999996,-6.090277824586622,-3.7471873825994066,-3.1351739913329197,-3.7471873825994066,-6.090277824586622,-10.391352351313458,-10.391352351305045,0.5974950244690459,0.6051627929390467,0.6068665656668977,0.6051627929390467,0.5974950244690459,0.0009957627521734451,0.0,0.0,0.0,0.0009957627521734451
12.39999999999983,0.5,5.374999999999957,-6.062393823496677,-3.7005944720490334,-3.081523141412731,-3.7005944720490334,-6.062393823496677,-10.379403425896953,-10.379403425888597,0.5987686842652931,0.6064954927255134,0.6082181357725626,0.6064954927255134,0.5987686842652931,0.001034735626486273,0.0,0.0,0.0,0.001034735626486273
12.499999999999824,0.5,5.4249999999999545,-6.034632526610267,-3.6542742772572865,-3.028181945440167,-3.6542742772572865,-6.034632526610267,-10.367411476277653,-10.367411476269126,0.6000214099531845,0.6078070779067983,0.6095484866017873,0.6078070779067983,0.6000214099531845,0.00107432261203158,0.0,0.0,0.0,0.00107432261203158
12.599999999999818,0.5,5.474999999999952,-6.006991427263472,-3.6082234992113627,-2.9751476345659853,-3.6082234992113627,-6.006991427263472,-10.355376964887341,-10.355376964878758,0.6012536976232151,0.609098045236835,0.610858113685502,0.609098045236835,0.6012536976232151,0.0011145180246663487,0.0,0.0,0.0,0.0011145180246663487
12.699999999999813,0.5,5.524999999999949,-5.9794680997488285,-3.562438897443201,-2.922417465106321,-3.562438897443201,-5.9794680997488285,-10.343300345961609,-10.343300345952969,0.6024660277351058,0.6103688759349685,0.6121474971047826,0.6103688759349685,0.6024660277351058,0.0011553139978440034,0.0,0.0,0.0,0.0011553139978440034
12.799999999999807,0.5,5.574999999999946,-5.952060196600314,-3.5169172886409683,-2.8699887182415864,-3.5169172886409683,-5.952060196600314,-10.331182065784049,-10.331182065775408,0.6036588663308563,0.6116200362862614,0.6134171020882723,0.6116200362862614,0.6036588663308563,0.0011966844416033998,0.0,0.0,0.0,0.0011966844416033998
12.899999999999801,0.5,5.624999999999943,-5.924765446375375,-3.471655545311023,-2.8178586997424304,-3.471655545311023,-5.924765446375375,-10.319022562924602,-10.31902256291579,0.6048326659413624,0.6128519782143735,0.6146673795822445,0.6128519782143735,0.6048326659413624,0.0012386051448556527,0.0,0.0,0.0,0.0012386051448556527
12.999999999999796,0.5,5.67499999999994,-5.897581649874553,-3.42665059444829,-2.7660247396871114,-3.42665059444829,-5.897581649874553,-10.306822268467783,-10.306822268458802,0.6059878653430761,0.6140651398285653,0.6158987667948431,0.6140651398285653,0.6059878653430761,0.0012810635888294375,0.0,0.0,0.0,0.0012810635888294375
13.09999999999979,0.5,5.7249999999999375,-5.87050667722599,-3.381899416263252,-2.7144841922242904,-3.381899416263252,-5.87050667722599,-10.294581606230906,-10.294581606221755,0.6071248900605477,0.6152599459460327,0.6171116877156861,0.6152599459460327,0.6071248900605477,0.001324049676797876,0.0,0.0,0.0,0.001324049676797876
13.199999999999784,0.5,5.774999999999935,-5.843538465193035,-3.3373990429155356,-2.663234435318941,-3.3373990429155356,-5.843538465193035,-10.282300992974172,-10.282300992964906,0.6082441528571644,0.6164368085909894,0.6183065536122841,0.6164368085909894,0.6082441528571644,0.0013675535945545238,0.0,0.0,0.0,0.0013675535945545238
13.299999999999779,0.5,5.824999999999932,-5.816675014666259,-3.2931465573174137,-2.6122728705184386,-3.2931465573174137,-5.816675014666259,-10.269980838602805,-10.26998083859354,0.6093460542087515,0.6175961274715059,0.6194837635043564,0.6175961274715059,0.6093460542087515,0.0014115654691127003,0.0,0.0,0.0,0.0014115654691127003
13.399999999999773,0.5,5.874999999999929,-5.789914388241243,-3.2491390919344667,-2.561596922743547,-3.2491390919344667,-5.789914388241243,-10.257621546361804,-10.257621546352539,0.6104309827571635,0.618738290435439,0.6206437046171593,0.618738290435439,0.6104309827571635,0.0014560753238689243,0.0,0.0,0.0,0.0014560753238689243
13.499999999999767,0.5,5.924999999999926,-5.763254707892315,-3.20537382764644,-2.5112040400659907,-3.20537382764644,-5.763254707892315,-10.24522351302386,-10.245223513014537,0.6114993157441556,0.6198636739063339,0.621786752814998,0.6198636739063339,0.6114993157441556,0.0015010730817225607,0.0,0.0,0.0,0.0015010730817225607
13.599999999999762,0.5,5.974999999999923,-5.736694152748839,-3.1618479926249847,-2.4610916935155274,-3.1618479926249847,-5.736694152748839,-10.23278712906955,-10.23278712906017,0.6125514194263997,0.620972643300422,0.6229132730157921,0.620972643300422,0.6125514194263997,0.0015465485755044841,0.0,0.0,0.0,0.0015465485755044841
13.699999999999756,0.5,6.02499999999992,-5.710230956953751,-3.1185588612452193,-2.411257376869628,-3.1185588612452193,-5.710230956953751,-10.220312778861853,-10.220312778852417,0.613587649472606,0.6220655534256104,0.6240236195877812,0.6220655534256104,0.613587649472606,0.0015924915590939423,0.0,0.0,0.0,0.0015924915590939423
13.79999999999975,0.5,6.074999999999918,-5.683863407627371,-3.0755037530331037,-2.3616986064778303,-3.0755037530331037,-5.683863407627371,-10.207800840813718,-10.207800840804111,0.6146083513435656,0.6231427488633405,0.6251181367291009,0.6231427488633405,0.6146083513435656,0.0016388917181657894,0.0,0.0,0.0,0.0016388917181657894
13.899999999999745,0.5,6.124999999999915,-5.65758984289306,-3.03268003163339,-2.312412921064322,-3.03268003163339,-5.65758984289306,-10.195251687550012,-10.195251687540463,0.6156138606560589,0.624204564334213,0.6261971588312434,0.624204564334213,0.6156138606560589,0.0016857386804179288,0.0,0.0,0.0,0.0016857386804179288
13.999999999999739,0.5,6.174999999999912,-5.631408650000992,-2.990085103811964,-2.26339788156497,-2.990085103811964,-5.631408650000992,-10.182665686063729,-10.182665686054122,0.616604503531322,0.6252513250481243,0.6272610108270236,0.6252513250481243,0.616604503531322,0.0017330220252759908,0.0,0.0,0.0,0.0017330220252759908
14.099999999999733,0.5,6.224999999999909,-5.60531826350973,-2.947716418477512,-2.214651070939965,-2.947716418477512,-5.60531826350973,-10.170043197865823,-10.170043197855989,0.6175805969289111,0.626283347039704,0.6283100085239731,0.626283347039704,0.6175805969289111,0.0017807312930950571,0.0,0.0,0.0,0.0017807312930950571
14.199999999999728,0.5,6.274999999999906,-5.579317163552844,-2.905571465741218,-2.1661700940095443,-2.905571465741218,-5.579317163552844,-10.15738457913045,-10.157384579120617,0.6185424489665962,0.6273009374897197,0.6293444589237425,0.6273009374897197,0.6185424489665962,0.0018288559938814074,0.0,0.0,0.0,0.0018288559938814074
14.299999999999722,0.5,6.324999999999903,-5.5534038741838,-2.8636477759879995,-2.1179525772909074,-2.8636477759879995,-5.5534038741838,-10.1446901808348,-10.144690180824966,0.6194903592269646,0.6283043950331856,0.6303646605282277,0.6283043950331856,0.6194903592269646,0.0018773856155567636,0.0,0.0,0.0,0.0018773856155567636
14.399999999999716,0.5,6.3749999999999005,-5.527576961759053,-2.821942918988384,-2.069996168829391,-2.821942918988384,-5.527576961759053,-10.131960348894097,-10.13196034888432,0.6204246190514675,0.6292940100547333,0.6313709036330915,0.6292940100547333,0.6204246190514675,0.001926309631785689,0.0,0.0,0.0,0.001926309631785689
14.49999999999971,0.5,6.424999999999898,-5.501835033412249,-2.7804545030220424,-2.0222985380421505,-2.7804545030220424,-5.501835033412249,-10.119195424291775,-10.11919542428194,0.6213455118223518,0.6302700649719148,0.6323634706092132,0.6302700649719148,0.6213455118223518,0.0019756175093872037,0.0,0.0,0.0,0.0019756175093872037
14.599999999999705,0.5,6.474999999999895,-5.476176735578974,-2.7391801740230335,-1.974857375555473,-2.7391801740230335,-5.476176735578974,-10.106395743204928,-10.10639574319498,0.6222533132331564,0.6312328345069939,0.6333426361727,0.6312328345069939,0.6222533132331564,0.0020252987153494655,0.0,0.0,0.0,0.0020252987153494655
14.699999999999699,0.5,6.524999999999892,-5.450600752578566,-2.6981176147696146,-1.9276703930641474,-2.6981176147696146,-5.450600752578566,-10.093561637125447,-10.093561637115386,0.6231482915482849,0.6321825859476818,0.6343086676439074,0.6321825859476818,0.6231482915482849,0.002075342723466369,0.0,0.0,0.0,0.002075342723466369
14.799999999999693,0.5,6.574999999999889,-5.425105805256408,-2.6572645440683687,-1.8807353231588309,-2.6572645440683687,-5.425105805256408,-10.080693432977398,-10.080693432967166,0.624030707852136,0.6331195793974823,0.6352618251961343,0.6331195793974823,0.624030707852136,0.0021257390206136516,0.0,0.0,0.0,0.0021257390206136516
14.899999999999688,0.5,6.624999999999886,-5.399690649678178,-2.616618715966979,-1.8340499191854178,-2.616618715966979,-5.399690649678178,-10.06779145322946,-10.067791453219058,0.6249008162883055,0.6340440680160185,0.636202362094294,0.6340440680160185,0.6249008162883055,0.00217647711268073,0.0,0.0,0.0,0.00217647711268073
14.999999999999682,0.5,6.6749999999998835,-5.374354075868155,-2.5761779190061134,-1.787611955095315,-2.5761779190061134,-5.374354075868155,-10.054856016004578,-10.054856015994062,0.6257588642893244,0.634956298249781,0.6371305249241368,0.634956298249781,0.6257588642893244,0.0022275465301750523,0.0,0.0,0.0,0.0022275465301750523
15.099999999999676,0.5,6.724999999999881,-5.349094906614312,-2.535939975473582,-1.741419225294294,-2.535939975473582,-5.349094906614312,-10.04188743518489,-10.04188743517443,0.626605092797296,0.6358565100538266,0.6380465538124287,0.6358565100538266,0.626605092797296,0.0022789368335138084,0.0,0.0,0.0,0.0022789368335138084
15.19999999999967,0.5,6.774999999999878,-5.323911996305185,-2.4959027406702035,-1.6954695444890717,-2.4959027406702035,-5.323911996305185,-10.02888602051371,-10.028886020503194,0.6274397364759391,0.6367449371048163,0.6389506826385053,0.6367449371048163,0.6274397364759391,0.002330637618017637,0.0,0.0,0.0,0.002330637618017637
15.299999999999665,0.5,6.824999999999875,-5.298804229808638,-2.4560641022255254,-1.6497607475476457,-2.4560641022255254,-5.298804229808638,-10.01585207769375,-10.015852077683064,0.6282630239143948,0.6376218070056703,0.639843139237549,0.6376218070056703,0.6282630239143948,0.002382638518619985,0.0,0.0,0.0,0.002382638518619985
15.39999999999966,0.5,6.874999999999872,-5.273770521418953,-2.4164219793992174,-1.6042906893502504,-2.4164219793992174,-5.273770521418953,-10.002785908481883,-10.002785908471196,0.6290751778230791,0.638487341482398,0.6407241455960142,0.638487341482398,0.6290751778230791,0.0024349292143058983,0.0,0.0,0.0,0.0024349292143058983
15.499999999999654,0.5,6.924999999999869,-5.248809813821083,-2.3769743224215176,-1.5590572446405417,-2.3769743224215176,-5.248809813821083,-9.989687810781334,-9.989687810770533,0.6298764152220793,0.6393417565732982,0.6415939180395333,0.6393417565732982,0.6298764152220793,0.002487499432292689,0.0,0.0,0.0,0.002487499432292689
15.599999999999648,0.5,6.974999999999866,-5.223921077101579,-2.337719111842091,-1.5140583078839427,-2.337719111842091,-5.223921077101579,-9.976558078729965,-9.976558078719165,0.6306669476223379,0.6401852628109508,0.642452667413616,0.6401852628109508,0.6306669476223379,0.002540338951964046,0.0,0.0,0.0,0.002540338951964046
15.699999999999642,0.5,7.024999999999864,-5.199103307787595,-2.298654357896112,-1.469291793118657,-2.298654357896112,-5.199103307787595,-9.963397002786735,-9.963397002775821,0.631446981199987,0.6410180653972951,0.6433005992574986,0.6410180653972951,0.631446981199987,0.0025934376085695087,0.0,0.0,0.0,0.0025934376085695087
15.799999999999637,0.5,7.074999999999861,-5.174355527955356,-2.2597780998914345,-1.4247556338133904,-2.2597780998914345,-5.174355527955356,-9.950204869813831,-9.950204869802803,0.6322167169640148,0.6418403643720804,0.6441379139714034,0.6418403643720804,0.6322167169640148,0.0026467852967003162,0.0,0.0,0.0,0.0026467852967003162
15.89999999999963,0.5,7.124999999999858,-5.1496767843074736,-2.2210884056116242,-1.3804477827189885,-2.2210884056116242,-5.1496767843074736,-9.936981963157052,-9.936981963146025,0.6329763517757288,0.6426523547749946,0.6449648069775364,0.6426523547749946,0.6329763517757288,0.0027003719406900033,0.0,0.0,0.0,0.0027003719406900033
15.999999999999625,0.5,7.174999999999855,-5.125066147151131,-2.182583370714667,-1.3363662117347985,-2.182583370714667,-5.125066147151131,-9.923728562723227,-9.923728562712313,0.6337260955918588,0.6434542268017927,0.6457814688750277,0.6434542268017927,0.6337260955918588,0.00275417744374208,0.0,0.0,0.0,0.00275417744374208
16.09999999999962,0.5,7.224999999999852,-5.1005227135346445,-2.144261118202621,-1.2925089117509856,-2.144261118202621,-5.1005227135346445,-9.91044494505985,-9.91044494504888,0.6344661513511417,0.6442461659544881,0.6465880855891949,0.6442461659544881,0.6344661513511417,0.0028081490158876716,0.0,0.0,0.0,0.0028081490158876716
16.199999999999616,0.5,7.274999999999849,-5.076045606072228,-2.106119797918609,-1.248873892508925,-2.106119797918609,-5.076045606072228,-9.897131383438932,-9.897131383427961,0.6351967071949922,0.6450283531859542,0.6473848385152411,0.6450283531859542,0.6351967071949922,0.0028622413963146657,0.0,0.0,0.0,0.0028622413963146657
16.29999999999961,0.5,7.3249999999998465,-5.051633969681745,-2.0681575860305657,-1.2054591824597196,-2.0681575860305657,-5.051633969681745,-9.883788147932819,-9.883788147921734,0.6359179438197387,0.6458009650393074,0.6481719046566994,0.6458009650393074,0.6359179438197387,0.0029164269648432823,0.0,0.0,0.0,0.0029164269648432823
16.399999999999604,0.5,7.374999999999844,-5.027286969954446,-2.0303726845066308,-1.162262828630503,-2.0303726845066308,-5.027286969954446,-9.870415505481901,-9.87041550547076,0.636630036296304,0.6465641737822554,0.6489494567587961,0.6465641737822554,0.636630036296304,0.0029706868381524708,0.0,0.0,0.0,0.0029706868381524708
16.4999999999996,0.5,7.424999999999841,-5.003003792123309,-1.9927633205844018,-1.119282896474033,-1.9927633205844018,-5.003003792123309,-9.857013719960548,-9.857013719949293,0.6373331548631839,0.6473181475366374,0.6497176634370341,0.6473181475366374,0.6373331548631839,0.0030250061829008106,0.0,0.0,0.0,0.0030250061829008106
16.599999999999593,0.5,7.474999999999838,-4.9787836402842345,-1.9553277462781011,-1.0765174697225461,-1.9553277462781011,-4.9787836402842345,-9.843583052239183,-9.843583052227757,0.638027465334137,0.6480630504032271,0.6504766893011293,0.6480630504032271,0.638027465334137,0.0030793722139935437,0.0,0.0,0.0,0.0030793722139935437
16.699999999999587,0.5,7.524999999999835,-4.954625736720459,-1.918064237867327,-1.0339646502581559,-1.918064237867327,-4.954625736720459,-9.830123760243794,-9.830123760232368,0.6387131293449462,0.6487990425821479,0.6512266950744585,0.6487990425821479,0.6387131293449462,0.003133773339475776,0.0,0.0,0.0,0.003133773339475776
16.79999999999958,0.5,7.574999999999832,-4.930529321305016,-1.8809710954178627,-0.9916225579627849,-1.8809710954178627,-4.930529321305016,-9.816636099015227,-9.816636099003802,0.63939030453054,0.6495262804889479,0.6519678377093104,0.6495262804889479,0.63939030453054,0.00318819878240487,0.0,0.0,0.0,0.00318819878240487
16.899999999999576,0.5,7.6249999999998295,-4.9064936509302015,-1.8440466423068074,-0.9494893305704295,-1.8440466423068074,-4.9064936509302015,-9.80312032076506,-9.803120320753578,0.640059144670351,0.6502449168665826,0.6527002704980536,0.6502449168665826,0.640059144670351,0.0032426384016884346,0.0,0.0,0.0,0.0032426384016884346
16.99999999999957,0.5,7.674999999999827,-4.882517998951698,-1.8072892247680556,-0.9075631235313608,-1.8072892247680556,-4.882517998951698,-9.789576674930686,-9.789576674919033,0.640719799817705,0.6509551008934285,0.6534241431803484,0.6509551008934285,0.640719799817705,0.0032970825968726522,0.0,0.0,0.0,0.0032970825968726522
17.099999999999564,0.5,7.724999999999824,-4.858601654678637,-1.7706972114381756,-0.8658421098646727,-1.7706972114381756,-4.858601654678637,-9.776005408227888,-9.776005408216008,0.6413724164197803,0.6516569782875486,0.6541396020466452,0.6516569782875486,0.6413724164197803,0.0033515222492477284,0.0,0.0,0.0,0.0033515222492477284
17.19999999999956,0.5,7.774999999999821,-4.8347439228764415,-1.734268992921045,-0.824324480012649,-1.734268992921045,-4.8347439228764415,-9.762406764702519,-9.762406764690752,0.6420171374311036,0.652350691407301,0.6548467900380702,0.652350691407301,0.6420171374311036,0.0034059486794767524,0.0,0.0,0.0,0.0034059486794767524
17.299999999999553,0.5,7.824999999999818,-4.810944123267291,-1.6980029813602187,-0.7830084417075227,-1.6980029813602187,-4.810944123267291,-9.748780985781423,-9.7487809857696,0.6426541024219354,0.6530363793484726,0.6555458468428244,0.6530363793484726,0.6426541024219354,0.0034603536134556676,0.0,0.0,0.0,0.0034603536134556676
17.399999999999547,0.5,7.874999999999815,-4.7872015900728115,-1.661897610035794,-0.7418922198120299,-1.661897610035794,-4.7872015900728115,-9.73512831031968,-9.73512831030797,0.6432834476820777,0.6537141780380289,0.6562369089893296,0.6537141780380289,0.6432834476820777,0.003514729152872506,0.0,0.0,0.0,0.003514729152872506
17.49999999999954,0.5,7.924999999999812,-4.763515671572463,-1.6259513329436004,-0.7009740561828153,-1.6259513329436004,-4.763515671572463,-9.721448974648808,-9.721448974636928,0.643905306320561,0.6543842203247275,0.6569201099361324,0.6543842203247275,0.643905306320561,0.0035690677489046956,0.0,0.0,0.0,0.0035690677489046956
17.599999999999536,0.5,7.97499999999981,-4.739885729648449,-1.5901626244143472,-0.660252209524117,-1.5901626244143472,-4.739885729648449,-9.707743212621494,-9.707743212609671,0.6445198083615555,0.6550466360665634,0.6575955801587702,0.6550466360665634,0.6445198083615555,0.003623362178315228,0.0,0.0,0.0,0.003623362178315228
17.69999999999953,0.5,8.024999999999807,-4.716311139373488,-1.5545299787259523,-0.6197249552482731,-1.5545299787259523,-4.716311139373488,-9.69401125565713,-9.694011255645364,0.64512708083656,0.6557015522152942,0.6582634472336774,0.6557015522152942,0.64512708083656,0.003677605521554888,0.0,0.0,0.0,0.003677605521554888
17.799999999999525,0.5,8.074999999999804,-4.692791288610067,-1.5190519097277502,-0.5793905853273031,-1.5190519097277502,-4.692791288610067,-9.680253332784218,-9.680253332772281,0.6457272478731265,0.6563490928981142,0.6589238359192969,0.6563490928981142,0.6457272478731265,0.0037317911426287638,0.0,0.0,0.0,0.0037317911426287638
17.89999999999952,0.5,8.124999999999801,-4.6693255776289675,-1.4837269504774326,-0.5392474081447745,-1.4837269504774326,-4.6693255776289675,-9.666469670682602,-9.666469670670665,0.6463204307802747,0.6569893794965718,0.6595768682344725,0.6569893794965718,0.6463204307802747,0.0037859126705525508,0.0,0.0,0.0,0.0037859126705525508
17.999999999999513,0.5,8.174999999999798,-4.645913418716361,-1.4485536528887337,-0.4992937483631863,-1.4485536528887337,-4.645913418716361,-9.652660493724284,-9.65266049371229,0.6469067481308227,0.6576225307228641,0.6602226635341911,0.6576225307228641,0.6469067481308227,0.003839963982257249,0.0,0.0,0.0,0.003839963982257249
18.099999999999508,0.5,8.224999999999795,-4.6225542358124585,-1.4135305873767265,-0.45952794676600206,-1.4135305873767265,-4.6225542358124585,-9.638826024012758,-9.638826024000707,0.6474863158406596,0.6582486626936161,0.6608613385828858,0.6582486626936161,0.6474863158406596,0.003893939186822344,0.0,0.0,0.0,0.003893939186822344
18.199999999999502,0.5,8.274999999999793,-4.599247464170958,-1.378656342524664,-0.4199483601300926,-1.378656342524664,-4.599247464170958,-9.62496648142195,-9.624966481409672,0.6480592472451243,0.6588678890012033,0.6614930076252437,0.6588678890012033,0.6480592472451243,0.0039478326109292665,0.0,0.0,0.0,0.0039478326109292665
18.299999999999496,0.5,8.32499999999979,-4.5759925500109375,-1.3439295247501377,-0.38055336106759796,-1.3439295247501377,-4.5759925500109375,-9.611082083632937,-9.611082083620715,0.6486256531726947,0.6594803207827477,0.6621177824547778,0.6594803207827477,0.6486256531726947,0.004001638785437333,0.0,0.0,0.0,0.004001638785437333
18.39999999999949,0.5,8.374999999999787,-4.552788950191712,-1.309348757994826,-0.3413413378928567,-1.309348757994826,-4.552788950191712,-9.597173046171406,-9.597173046159241,0.6491856420160195,0.6600860667868268,0.6627357724800997,0.6600860667868268,0.6491856420160195,0.004055352432992824,0.0,0.0,0.0,0.004055352432992824
18.499999999999485,0.5,8.424999999999784,-4.5296361318946765,-1.2749126833924151,-0.3023106944712026,-1.2749126833924151,-4.5296361318946765,-9.583239582442047,-9.58323958242994,0.6497393198004578,0.6606852334380933,0.6633470847890925,0.6606852334380933,0.6497393198004578,0.004108968456588235,0.0,0.0,0.0,0.004108968456588235
18.59999999999948,0.5,8.474999999999781,-4.506533572331762,-1.2406199589743778,-0.26345985008555317,-1.2406199589743778,-4.506533572331762,-9.569281903763567,-9.569281903751289,0.6502867902501657,0.661277924899723,0.6639518242109682,0.661277924899723,0.6502867902501657,0.004162481928997915,0.0,0.0,0.0,0.004162481928997915
18.699999999999473,0.5,8.524999999999778,-4.483480758430801,-1.20646925936569,-0.2247872392894692,-1.20646925936569,-4.483480758430801,-9.555300219401886,-9.555300219389494,0.6508281548519859,0.6618642431339086,0.6645500933763743,0.6618642431339086,0.6508281548519859,0.004215888083018745,0.0,0.0,0.0,0.004215888083018745
18.799999999999468,0.5,8.574999999999775,-4.460477186573769,-1.1724592754946457,-0.18629131176635383,-1.1724592754946457,-4.460477186573769,-9.541294736602765,-9.541294736590316,0.6513635129170131,0.6624442879603952,0.6651419927755694,0.6624442879603952,0.6513635129170131,0.004269182302453149,0.0,0.0,0.0,0.004269182302453149
18.899999999999462,0.5,8.624999999999773,-4.437522362302786,-1.1385887143062519,-0.14797053218637757,-1.1385887143062519,-4.437522362302786,-9.527265660623812,-9.527265660611363,0.6518929616401692,0.6630181571131669,0.6657276208147563,0.6630181571131669,0.6518929616401692,0.004322360113775405,0.0,0.0,0.0,0.004322360113775405
18.999999999999456,0.5,8.67499999999977,-4.414615800064553,-1.1048562984843784,-0.10982338006976988,-1.1048562984843784,-4.414615800064553,-9.513213194765285,-9.513213194752723,0.652416596157675,0.6635859462953316,0.6663070738706269,0.6635859462953316,0.652416596157675,0.004375417178426354,0.0,0.0,0.0,0.004375417178426354
19.09999999999945,0.5,8.724999999999767,-4.391757022966942,-1.0712607661821494,-0.07184834964743914,-1.0712607661821494,-4.391757022966942,-9.499137540399772,-9.499137540387096,0.6529345096025824,0.6641477492322756,0.666880446343198,0.6641477492322756,0.6529345096025824,0.00442834928568854,0.0,0.0,0.0,0.00442834928568854
19.199999999999445,0.5,8.774999999999764,-4.368945562511271,-1.0378008707502886,-0.03404394971505553,-1.0378008707502886,-4.368945562511271,-9.48503889700197,-9.485038896989181,0.6534467931585327,0.6647036577231743,0.6674478307070185,0.6647036577231743,0.6534467931585327,0.004481152346093856,0.0,0.0,0.0,0.004481152346093856
19.29999999999944,0.5,8.824999999999761,-4.346180958361742,-1.0044753804807556,0.003591296498086649,-1.0044753804807556,-4.346180958361742,-9.470917462176942,-9.470917462164095,0.6539535361116601,0.6652537616908747,0.6680093175607502,0.6652537616908747,0.6539535361116601,0.004533822385322279,0.0,0.0,0.0,0.004533822385322279
19.399999999999434,0.5,8.874999999999758,-4.323462758123355,-0.9712830783552704,0.041058851472485,-0.9712830783552704,-4.323462758123355,-9.456773431688077,-9.45677343167506,0.6544548259007814,0.6657981492302337,0.6685649956752441,0.6657981492302337,0.6544548259007814,0.004586355538553408,0.0,0.0,0.0,0.004586355538553408
19.499999999999428,0.5,8.924999999999756,-4.300790517107828,-0.9382227617974195,0.07836016352763409,-0.9382227617974195,-4.300790517107828,-9.442606999484212,-9.442606999471025,0.654950748165997,0.6663369066549706,0.669114952040105,0.6663369066549706,0.654950748165997,0.004638748045234555,0.0,0.0,0.0,0.004638748045234555
19.599999999999422,0.5,8.974999999999753,-4.278163798134699,-0.9052932424241362,0.1154966669759574,-0.9052932424241362,-4.278163798134699,-9.428418357725775,-9.428418357712303,0.6554413867956417,0.6668701185431001,0.6696592719089035,0.6668701185431001,0.6554413867956417,0.004690996244232489,0.0,0.0,0.0,0.004690996244232489
19.699999999999417,0.5,9.02499999999975,-4.255582171306855,-0.8724933458162809,0.15246978223945007,-0.8724933458162809,-4.255582171306855,-9.414207696810593,-9.414207696797178,0.6559268239718107,0.6673978677809392,0.6701980388429051,0.6673978677809392,0.6559268239718107,0.004743096569338488,0.0,0.0,0.0,0.004743096569338488
19.79999999999941,0.5,9.074999999999747,-4.2330452138247665,-0.839821911288368,0.18928091600167818,-0.839821911288368,-4.2330452138247665,-9.399975205399528,-9.399975205386113,0.6564071402143409,0.6679202356057955,0.6707313347535778,0.6679202356057955,0.6564071402143409,0.004795045545098927,0.0,0.0,0.0,0.004795045545098927
19.899999999999405,0.5,9.124999999999744,-4.210552509785543,-0.8072777916572704,0.22593146132703623,-0.8072777916572704,-4.210552509785543,-9.385721070440354,-9.385721070426769,0.6568824144234576,0.6684373016473782,0.6712592399437308,0.6684373016473782,0.6568824144234576,0.004846839782946036,0.0,0.0,0.0,0.004846839782946036
19.9999999999994,0.5,9.174999999999741,-4.188103650000528,-0.7748598530222353,0.26242279780723266,-0.7748598530222353,-4.188103650000528,-9.371445477191571,-9.371445477177986,0.6573527239210372,0.668949143967952,0.6717818331474936,0.668949143967952,0.6573527239210372,0.0048984759776045635,0.0,0.0,0.0,0.0048984759776045635
20.099999999999394,0.5,9.224999999999739,-4.16569823180771,-0.7425669745530854,0.29875629168532214,-0.7425669745530854,-4.16569823180771,-9.357148609246224,-9.357148609232524,0.6578181444906108,0.6694558391012734,0.6722991915690446,0.6694558391012734,0.6578181444906108,0.004949950903753077,0.0,0.0,0.0,0.004949950903753077
20.199999999999388,0.5,9.274999999999736,-4.143335858903924,-0.7103980482760903,0.3349332959928688,-0.7103980482760903,-4.143335858903924,-9.342830648554354,-9.342830648540541,0.6582787504160845,0.6699574620903888,0.672811390920228,0.6699574620903888,0.6582787504160845,0.005001261412920009,0.0,0.0,0.0,0.005001261412920009
20.299999999999383,0.5,9.324999999999733,-4.121016141183816,-0.6783519788666013,0.3709551506827893,-0.6783519788666013,-4.121016141183816,-9.328491775445457,-9.328491775431246,0.6587346145192575,0.6704540865243076,0.6733185054570516,0.6704540865243076,0.6587346145192575,0.005052404430595624,0.0,0.0,0.0,0.005052404430595624
20.399999999999377,0.5,9.37499999999973,-4.098738694560268,-0.6464276834479392,0.4068231827576483,-0.6464276834479392,-4.098738694560268,-9.314132168649337,-9.314132168635012,0.6591858081962547,0.6709457845735883,0.6738206080150945,0.6709457845735883,0.6591858081962547,0.0051033769535431895,0.0,0.0,0.0,0.0051033769535431895
20.49999999999937,0.5,9.424999999999727,-4.076503140814964,-0.6146240913946031,0.44253870640005744,-0.6146240913946031,-4.076503140814964,-9.299752005318624,-9.299752005304128,0.6596324014527774,0.6714326270248746,0.6743177700438956,0.6714326270248746,0.6596324014527774,0.005154176047293725,0.0,0.0,0.0,0.005154176047293725
20.599999999999365,0.5,9.474999999999724,-4.05430910745082,-0.5829401441388313,0.4781030230948886,-0.5829401441388313,-4.05430910745082,-9.285351461048208,-9.285351461033713,0.6600744629382936,0.6719146833144315,0.6748100616403168,0.6719146833144315,0.6600744629382936,0.005204798843810023,0.0,0.0,0.0,0.005204798843810023
20.69999999999936,0.5,9.524999999999721,-4.032156227546636,-0.5513747949816548,0.5135174217667213,-0.5513747949816548,-4.032156227546636,-9.27093070989639,-9.270930709881839,0.6605120599792086,0.6723920215607024,0.6752975515809809,0.6723920215607024,0.6605120599792086,0.005255242539306568,0.0,0.0,0.0,0.005255242539306568
20.799999999999354,0.5,9.574999999999719,-4.010044139600836,-0.5199270089092352,0.5487831789063193,-0.5199270089092352,-4.010044139600836,-9.25648992440398,-9.256489924389314,0.6609452586110776,0.6728647085959183,0.6757803073537534,0.6728647085959183,0.6609452586110776,0.005305504392213646,0.0,0.0,0.0,0.005305504392213646
20.89999999999935,0.5,9.624999999999716,-3.9879724874103886,-0.4885957624056232,0.5839015586886944,-0.4885957624056232,-3.9879724874103886,-9.242029275613788,-9.242029275599123,0.6613741236097835,0.6733328099968224,0.6762583951882932,0.6733328099968224,0.6613741236097835,0.005355581721273456,0.0,0.0,0.0,0.005355581721273456
20.999999999999343,0.5,9.674999999999713,-3.965940919928812,-0.45738004328313764,0.6188738131062337,-0.45738004328313764,-3.965940919928812,-9.227548933089736,-9.227548933075013,0.661798718521857,0.6737963901144675,0.6767318800857821,0.6737963901144675,0.661798718521857,0.005405471903759091,0.0,0.0,0.0,0.005405471903759091
21.099999999999337,0.5,9.72499999999971,-3.9439490911427697,-0.4262788505059234,0.6537011820866496,-0.4262788505059234,-3.9439490911427697,-9.213049064934921,-9.213049064920256,0.662219105693864,0.6742555121032021,0.6772008258477631,0.6742555121032021,0.662219105693864,0.005455172373806353,0.0,0.0,0.0,0.005455172373806353
21.19999999999933,0.5,9.774999999999707,-3.921996659942579,-0.39529119401743174,0.6883848936247432,-0.39529119401743174,-3.921996659942579,-9.198529837809986,-9.19852983779532,0.6626353463009639,0.6747102379488252,0.6776652951042071,0.6747102379488252,0.6626353463009639,0.005504680620849257,0.0,0.0,0.0,0.005504680620849257
21.299999999999326,0.5,9.824999999999704,-3.900083290007842,-0.36441609458159974,0.7229261638959201,-0.36441609458159974,-3.900083290007842,-9.183991416950676,-9.18399141693601,0.6630475003746104,0.6751606284959191,0.6781253493407434,0.6751606284959191,0.6630475003746104,0.005553994188152068,0.0,0.0,0.0,0.005553994188152068
21.39999999999932,0.5,9.874999999999702,-3.878208649689668,-0.3336525836115243,0.7573261973812464,-0.3336525836115243,-3.878208649689668,-9.169433966184954,-9.169433966170345,0.6634556268294639,0.6756067434744562,0.6785810489251598,0.6756067434744562,0.6634556268294639,0.0056031106714299565,0.0,0.0,0.0,0.0056031106714299565
21.499999999999314,0.5,9.924999999999699,-3.8563724118999403,-0.30299970301388157,0.7915861869873311,-0.30299970301388157,-3.8563724118999403,-9.15485764795028,-9.154857647935557,0.6638597834895278,0.6760486415256299,0.6790324531331489,0.6760486415256299,0.6638597834895278,0.005652027717551428,0.0,0.0,0.0,0.005652027717551428
21.59999999999931,0.5,9.974999999999696,-3.834574253989217,-0.2724565050345973,0.8257073141674596,-0.2724565050345973,-3.834574253989217,-9.140262623309638,-9.140262623294916,0.6642600271135757,0.6764863802269676,0.679479620173353,0.6764863802269676,0.6642600271135757,0.005700743023316204,0.0,0.0,0.0,0.005700743023316204
21.699999999999303,0.5,10.024999999999693,-3.812813857670733,-0.24202205210269767,0.8596907490352805,-0.24202205210269767,-3.812813857670733,-9.125649051968253,-9.12564905195353,0.6646564134197406,0.67692001611676,0.6799226072116941,0.67692001611676,0.6646564134197406,0.005749254334303263,0.0,0.0,0.0,0.005749254334303263
21.799999999999297,0.5,10.07499999999969,-3.791090908881131,-0.21169541668211878,0.8935376504888382,-0.21169541668211878,-3.791090908881131,-9.111017092289387,-9.111017092274608,0.6650489971095914,0.6773496047178055,0.6803614703950661,0.6773496047178055,0.6650489971095914,0.005797559443783201,0.0,0.0,0.0,0.005797559443783201
21.89999999999929,0.5,10.124999999999687,-3.769405097721176,-0.18147568112823365,0.9272491663182905,-0.18147568112823365,-3.769405097721176,-9.09636690130958,-9.096366901294687,0.6654378318913208,0.6777752005604939,0.6807962648743406,0.6777752005604939,0.6654378318913208,0.0058456561916904555,0.0,0.0,0.0,0.0058456561916904555
21.999999999999286,0.5,10.174999999999685,-3.747756118332802,-0.15136193753420457,0.9608264333355123,-0.15136193753420457,-3.747756118332802,-9.081698634754048,-9.081698634739098,0.6658229705024722,0.6781968572052953,0.6812270448268017,0.6781968572052953,0.6658229705024722,0.005893542463650567,0.0,0.0,0.0,0.005893542463650567
22.09999999999928,0.5,10.224999999999682,-3.726143668808504,-0.1213532876016643,0.9942705774662954,-0.1213532876016643,-3.726143668808504,-9.067012447051695,-9.067012447036745,0.6662044647319503,0.6786146272645788,0.6816538634778804,0.6786146272645788,0.6662044647319503,0.005941216190058075,0.0,0.0,0.0,0.005941216190058075
22.199999999999275,0.5,10.274999999999679,-3.7045674511187485,-0.09144884249406005,1.0275827138851241,-0.09144884249406005,-3.7045674511187485,-9.052308491349834,-9.052308491334713,0.6665823654413842,0.6790285624238928,0.6820767731224147,0.6790285624238928,0.6665823654413842,0.005988675345201989,0.0,0.0,0.0,0.005988675345201989
22.29999999999927,0.5,10.324999999999676,-3.6830271710126112,-0.06164772270750518,1.0607639471153902,-0.06164772270750518,-3.6830271710126112,-9.037586919528053,-9.037586919512933,0.6669567225859825,0.679438713462628,0.6824958251452528,0.679438713462628,0.6669567225859825,0.006035917946435096,0.0,0.0,0.0,0.006035917946435096
22.399999999999263,0.5,10.374999999999673,-3.661522537936264,-0.03194905793679936,1.0938153711425116,-0.03194905793679936,-3.661522537936264,-9.022847882213057,-9.022847882197937,0.6673275852347763,0.679845130274153,0.6829110700413359,0.679845130274153,0.6673275852347763,0.006082942053383323,0.0,0.0,0.0,0.006082942053383323
22.499999999999257,0.5,10.42499999999967,-3.6400532649475963,-0.0023519869337178534,1.1267380695312,-0.0023519869337178534,-3.6400532649475963,-9.008091528791795,-9.008091528776504,0.667695001590331,0.6802478618854287,0.6833225574352678,0.6802478618854287,0.667695001590331,0.006129745767192439,0.0,0.0,0.0,0.006129745767192439
22.599999999999252,0.5,10.474999999999667,-3.61861906865488,0.027144342597125615,1.1595331155211284,0.027144342597125615,-3.61861906865488,-8.993318007425387,-8.993318007409982,0.6680590190078632,0.6806469564760139,0.6837303361003034,0.6806469564760139,0.6680590190078632,0.006176327229809909,0.0,0.0,0.0,0.006176327229809909
22.699999999999246,0.5,10.524999999999665,-3.59721966911917,0.05654077414243375,1.19220157214869,0.05654077414243375,-3.59721966911917,-8.97852746506203,-8.978527465046682,0.6684196840139501,0.6810424613966765,0.6841344539769145,0.6810424613966765,0.6684196840139501,0.006222684623298971,0.0,0.0,0.0,0.006222684623298971
22.79999999999924,0.5,10.574999999999662,-3.575854789793823,0.08583814249624311,1.2247444923408466,0.08583814249624311,-3.575854789793823,-8.963720047450636,-8.963720047435345,0.6687770423246399,0.681434423187447,0.6845349581907905,0.681434423187447,0.6687770423246399,0.006268816169181994,0.0,0.0,0.0,0.006268816169181994
22.899999999999235,0.5,10.624999999999659,-3.5545241574419038,0.11503727388327434,1.2571629190390468,0.11503727388327434,-3.5545241574419038,-8.948895899153172,-8.948895899137824,0.6691311388631495,0.6818228875952183,0.6849318950704565,0.6818228875952183,0.6691311388631495,0.006314720127811953,0.0,0.0,0.0,0.006314720127811953
22.99999999999923,0.5,10.674999999999656,-3.533227502085026,0.14413898606920839,1.2894578852848895,0.14413898606920839,-3.533227502085026,-8.934055163557048,-8.934055163541757,0.6694820177770089,0.6822078995908637,0.6853253101643278,0.6822078995908637,0.6694820177770089,0.006360394797769706,0.0,0.0,0.0,0.006360394797769706
23.099999999999223,0.5,10.724999999999653,-3.511964556915757,0.17314408848545781,1.3216304143346065,0.17314408848545781,-3.511964556915757,-8.919197982888079,-8.919197982872959,0.6698297224548626,0.6825895033859464,0.685715248257406,0.6825895033859464,0.6698297224548626,0.00640583851528505,0.0,0.0,0.0,0.00640583851528505
23.199999999999218,0.5,10.77499999999965,-3.4907350582479353,0.20205338234143255,1.3536815197658711,0.20205338234143255,-3.4907350582479353,-8.904324498222138,-8.904324498207075,0.6701742955427263,0.6829677424489703,0.6861017533875244,0.6829677424489703,0.6701742955427263,0.006451049653680263,0.0,0.0,0.0,0.006451049653680263
23.299999999999212,0.5,10.824999999999648,-3.469538745443515,0.2308676607290181,1.3856122055659625,0.2308676607290181,-3.469538745443515,-8.889434849497377,-8.88943484948237,0.6705157789598913,0.6833426595211979,0.6864848688611296,0.6833426595211979,0.6705157789598913,0.006496026622833891,0.0,0.0,0.0,0.006496026622833891
23.399999999999206,0.5,10.874999999999645,-3.4483753608553798,0.259587708737854,1.4174234662455092,0.259587708737854,-3.4483753608553798,-8.874529175525481,-8.874529175510588,0.6708542139143786,0.6837142966320922,0.6868646372687287,0.6837142966320922,0.6708542139143786,0.006540767868664404,0.0,0.0,0.0,0.006540767868664404
23.4999999999992,0.5,10.924999999999642,-3.4272446497683404,0.2882143035582203,1.4491162869285859,0.2882143035582203,-3.4272446497683404,-8.859607614003664,-8.8596076139886,0.6711896409179975,0.6840826951143365,0.6872411004998836,0.6840826951143365,0.6711896409179975,0.006585271872631334,0.0,0.0,0.0,0.006585271872631334
23.599999999999195,0.5,10.974999999999639,-3.406146360347236,0.31674821459284885,1.480691643467253,0.31674821459284885,-3.406146360347236,-8.844670301525412,-8.844670301510234,0.6715220998010044,0.684447895618502,0.6876142997578941,0.684447895618502,0.6715220998010044,0.006629537151253946,0.0,0.0,0.0,0.006629537151253946
23.69999999999919,0.5,11.024999999999636,-3.385080243569746,0.3451902035551484,1.5121505025161355,0.3451902035551484,-3.385080243569746,-8.829717373592132,-8.829717373577012,0.6718516297264333,0.6848099381273107,0.6879842755740042,0.6848099381273107,0.6718516297264333,0.006673562255644763,0.0,0.0,0.0,0.006673562255644763
23.799999999999184,0.5,11.074999999999633,-3.364046053174377,0.37354102457271665,1.543493821653442,0.37354102457271665,-3.364046053174377,-8.814748964624016,-8.814748964608725,0.6721782692040216,0.6851688619695554,0.6883510678213764,0.6851688619695554,0.6721782692040216,0.006717345771058135,0.0,0.0,0.0,0.006717345771058135
23.899999999999178,0.5,11.12499999999963,-3.343043545617377,0.40180142428727095,1.57472254945759,0.40180142428727095,-3.343043545617377,-8.799765207970381,-8.799765207955204,0.6725020561037619,0.6855247058336649,0.6887147157286052,0.6855247058336649,0.6725020561037619,0.006760886316452348,0.0,0.0,0.0,0.006760886316452348
23.999999999999172,0.5,11.174999999999628,-3.322072480008387,0.4299721419443472,1.605837625616232,0.4299721419443472,-3.322072480008387,-8.784766235920642,-8.784766235905465,0.672823027669175,0.6858775077809084,0.6890752578929775,0.6858775077809084,0.672823027669175,0.006804182544064938,0.0,0.0,0.0,0.006804182544064938
24.099999999999167,0.5,11.224999999999625,-3.3011326180694027,0.4580539095071572,1.636839981007654,0.4580539095071572,-3.3011326180694027,-8.769752179714487,-8.76975217969931,0.6731412205301872,0.6862273052583402,0.6894327322933343,0.6862273052583402,0.6731412205301872,0.006847233138999682,0.0,0.0,0.0,0.006847233138999682
24.19999999999916,0.5,11.274999999999622,-3.280223724086909,0.4860474517355442,1.667730537808552,0.4860474517355442,-3.280223724086909,-8.754723169552335,-8.754723169537044,0.6734566707157088,0.6865741351113281,0.6897871763026902,0.6865741351113281,0.6734566707157088,0.00689003681882491,0.0,0.0,0.0,0.00689003681882491
24.299999999999155,0.5,11.32499999999962,-3.2593455648641907,0.5139534862815935,1.6985102095675302,0.5139534862815935,-3.2593455648641907,-8.739679334605,-8.73967933458971,0.6737694136658999,0.6869180335958283,0.690138626700448,0.6869180335958283,0.6737694136658999,0.006932592333182871,0.0,0.0,0.0,0.006932592333182871
24.39999999999915,0.5,11.374999999999616,-3.238497909666478,0.5417727237870622,1.72917990131117,0.5417727237870622,-3.238497909666478,-8.724620803024038,-8.724620803008804,0.6740794842441589,0.6872590363903598,0.6904871196844083,0.6872590363903598,0.6740794842441589,0.006974898463408415,0.0,0.0,0.0,0.006974898463408415
24.499999999999144,0.5,11.424999999999613,-3.217680530189682,0.5695058679596059,1.7597405096291823,0.5695058679596059,-3.217680530189682,-8.709547701951522,-8.709547701936287,0.6743869167487494,0.6875971786076381,0.6908326908824294,0.6875971786076381,0.6743869167487494,0.007016954022157518,0.0,0.0,0.0,0.007016954022157518
24.599999999999138,0.5,11.47499999999961,-3.196893200513614,0.5971536156787352,1.7901929227618325,0.5971536156787352,-3.196893200513614,-8.694460157529193,-8.694460157513788,0.6746917449241905,0.687932494806005,0.6911753753638141,0.687932494806005,0.6746917449241905,0.007058757853044575,0.0,0.0,0.0,0.007058757853044575
24.699999999999132,0.5,11.524999999999608,-3.1761356970588963,0.6247166570644822,1.820538020685376,0.6247166570644822,-3.1761356970588963,-8.67935829490807,-8.67935829489278,0.6749940019723556,0.6882650190004858,0.6915152076504173,0.6882650190004858,0.6749940019723556,0.007100308830288273,0.0,0.0,0.0,0.007100308830288273
24.799999999999127,0.5,11.574999999999605,-3.1554077985453546,0.6521956755737506,1.8507766752147177,0.6521956755737506,-3.1554077985453546,-8.664242238258453,-8.664242238243219,0.6752937205633063,0.6885947846736534,0.6918522217275346,0.6885947846736534,0.6752937205633063,0.007141605858365001,0.0,0.0,0.0,0.007141605858365001
24.89999999999912,0.5,11.624999999999602,-3.1347092859480767,0.6795913480830791,1.880909750063438,0.6795913480830791,-3.1347092859480767,-8.649112110778162,-8.649112110762815,0.6755909328458688,0.6889218247862042,0.6921864510544169,0.6889218247862042,0.6755909328458688,0.007182647871669907,0.0,0.0,0.0,0.007182647871669907
24.999999999999115,0.5,11.6749999999996,-3.114039942473937,0.7069043449645278,1.9109381009489539,0.7069043449645278,-3.114039942473937,-8.63396803470198,-8.633968034686632,0.6758856704579013,0.6892461717872564,0.6925179285746582,0.6892461717872564,0.6758856704579013,0.0072234338341850375,0.0,0.0,0.0,0.0072234338341850375
25.09999999999911,0.5,11.724999999999596,-3.0933995535124836,0.7341353301667368,1.940862575675169,0.7341353301667368,-3.0933995535124836,-8.618810131310681,-8.618810131295277,0.6761779645363883,0.6895678576244275,0.6928466867262787,0.6895678576244275,0.6761779645363883,0.007263962739154607,0.0,0.0,0.0,0.007263962739154607
25.199999999999104,0.5,11.774999999999594,-3.072787906605697,0.7612849612983723,1.9706840142031865,0.7612849612983723,-3.072787906605697,-8.603638520939853,-8.603638520924335,0.6764678457272425,0.6898869137536747,0.6931727574515356,0.6898869137536747,0.6764678457272425,0.0073042336087662555,0.0,0.0,0.0,0.0073042336087662555
25.2999999999991,0.5,11.82499999999959,-3.0522047914004133,0.7883538897100948,2.000403248751013,0.7883538897100948,-3.0522047914004133,-8.588453322988073,-8.588453322972555,0.6767553441949282,0.6902033711489075,0.6934961722065894,0.6902033711489075,0.6767553441949282,0.007344245493838264,0.0,0.0,0.0,0.007344245493838264
25.399999999999093,0.5,11.874999999999588,-3.0316499996253583,0.8153427605563479,2.0300211038623956,0.8153427605563479,-3.0316499996253583,-8.573254655926291,-8.573254655910716,0.677040489631781,0.6905172603113133,0.693816961970853,0.6905172603113133,0.677040489631781,0.007383997473512994,0.0,0.0,0.0,0.007383997473512994
25.499999999999087,0.5,11.924999999999585,-3.011123325059202,0.8422522128817036,2.059538396489245,0.8422522128817036,-3.011123325059202,-8.558042637305334,-8.558042637289645,0.677323311267145,0.6908286112785454,0.6941351572561687,0.6908286112785454,0.677323311267145,0.0074234886549555575,0.0,0.0,0.0,0.0074234886549555575
25.59999999999908,0.5,11.974999999999582,-2.990624563491906,0.8690828796955543,2.0889559360770704,0.8690828796955543,-2.990624563491906,-8.542817383764998,-8.542817383749195,0.6776038378763068,0.6911374536336533,0.6944507881157773,0.6911374536336533,0.6776038378763068,0.007462718173058386,0.0,0.0,0.0,0.007462718173058386
25.699999999999076,0.5,12.02499999999958,-2.970153512689251,0.8958353880400409,2.118274524638707,0.8958353880400409,-2.970153512689251,-8.527579011041666,-8.527579011025864,0.6778820977892208,0.6914438165138005,0.6947638841530515,0.6914438165138005,0.6778820977892208,0.007501685190149835,0.0,0.0,0.0,0.007501685190149835
25.79999999999907,0.5,12.074999999999577,-2.949709972382948,0.9225103590620165,2.147494956835203,0.9225103590620165,-2.949709972382948,-8.512327633976895,-8.512327633960865,0.6781581188989548,0.691747728618787,0.6950744745300481,0.691747728618787,0.6781581188989548,0.007540388895708715,0.0,0.0,0.0,0.007540388895708715
25.899999999999064,0.5,12.124999999999574,-2.92929374421135,0.9491084080856353,2.1766180200496024,0.9491084080856353,-2.92929374421135,-8.497063366524799,-8.497063366508769,0.678431928670082,0.6920492182193824,0.6953825879758453,0.6920492182193824,0.678431928670082,0.007578828506083209,0.0,0.0,0.0,0.007578828506083209
25.99999999999906,0.5,12.17499999999957,-2.9089046317101293,0.9756301446810198,2.205644494468629,0.9756301446810198,-2.9089046317101293,-8.48178632176041,-8.481786321744266,0.678703554146744,0.6923483131654558,0.6956882527947125,0.6923483131654558,0.678703554146744,0.007617003264213551,0.0,0.0,0.0,0.007617003264213551
26.099999999999053,0.5,12.224999999999568,-2.88854244027317,1.0020761727334957,2.2345751531475457,1.0020761727334957,-2.88854244027317,-8.46649661188735,-8.466496611871264,0.678973021960609,0.6926450408939261,0.6959914968740536,0.6926450408939261,0.678973021960609,0.007654912439360039,0.0,0.0,0.0,0.007654912439360039
26.199999999999047,0.5,12.274999999999565,-2.868206977131763,1.0284470905070293,2.2634107620950203,1.0284470905070293,-2.868206977131763,-8.451194348245451,-8.45119434822925,0.6792403583385983,0.692939428436518,0.6962923476922184,0.692939428436518,0.6792403583385983,0.007692555326834439,0.0,0.0,0.0,0.007692555326834439
26.29999999999904,0.5,12.324999999999562,-2.84789805132732,1.0547434907166462,2.2921520803468525,1.0547434907166462,-2.84789805132732,-8.435879641318252,-8.435879641301995,0.6795055891104586,0.6932315024273621,0.6965908323261174,0.6932315024273621,0.6795055891104586,0.007729931247736109,0.0,0.0,0.0,0.007729931247736109
26.399999999999036,0.5,12.37499999999956,-2.8276154736792023,1.0809659605809543,2.3207998600315705,1.0809659605809543,-2.8276154736792023,-8.42055260074045,-8.42055260072425,0.6797687397161725,0.6935212891103806,0.6968869774586383,0.6935212891103806,0.6797687397161725,0.007767039548691443,0.0,0.0,0.0,0.007767039548691443
26.49999999999903,0.5,12.424999999999557,-2.80735905676471,1.1071150819010995,2.349354846446772,1.1071150819010995,-2.80735905676471,-8.405213335305405,-8.405213335289147,0.6800298352131744,0.6938088143465719,0.6971808093859283,0.6938088143465719,0.6800298352131744,0.0078038796015973124,0.0,0.0,0.0,0.0078038796015973124
26.599999999999024,0.5,12.474999999999554,-2.7871286148861714,1.133191431114824,2.377817778125859,1.133191431114824,-2.7871286148861714,-8.389861952972467,-8.389861952956267,0.6802889002834376,0.6940941036210705,0.6974723540244918,0.6940941036210705,0.6802889002834376,0.00784045080336806,0.0,0.0,0.0,0.00784045080336806
26.69999999999902,0.5,12.524999999999551,-2.7669239640590035,1.159195579359448,2.406189386920346,1.159195579359448,-2.7669239640590035,-8.374498560873917,-8.37449856085766,0.6805459592403433,0.6943771820500727,0.6977616369181712,0.6943771820500727,0.6805459592403433,0.007876752575686126,0.0,0.0,0.0,0.007876752575686126
26.799999999999013,0.5,12.574999999999548,-2.7467449219757327,1.185128092536445,2.4344703980522127,1.185128092536445,-2.7467449219757327,-8.35912326532241,-8.35912326530621,0.6808010360354687,0.6946580743876178,0.6980486832448944,0.6946580743876178,0.6808010360354687,0.00791278436475597,0.0,0.0,0.0,0.00791278436475597
26.899999999999007,0.5,12.624999999999545,-2.7265913079884854,1.2109895313619745,2.462661530198261,1.2109895313619745,-2.7265913079884854,-8.343736171817739,-8.343736171801481,0.6810541542651699,0.6949368050321773,0.698333517823362,0.6949368050321773,0.6810541542651699,0.00794854564106162,0.0,0.0,0.0,0.00794854564106162
26.999999999999,0.5,12.674999999999542,-2.70646294308159,1.2367804514412342,2.4907634955484355,1.2367804514412342,-2.70646294308159,-8.328337385053885,-8.328337385037514,0.681305337177048,0.6952133980331714,0.6986161651195164,0.6952133980331714,0.681305337177048,0.007984035899126905,0.0,0.0,0.0,0.007984035899126905
27.099999999998996,0.5,12.72499999999954,-2.6863596498544666,1.2625014033140474,2.518776999875456,1.2625014033140474,-2.6863596498544666,-8.312927008925612,-8.312927008909185,0.6815546076762469,0.6954878770972579,0.6988966492529038,0.6954878770972579,0.6815546076762469,0.008019254657279226,0.0,0.0,0.0,0.008019254657279226
27.19999999999899,0.5,12.774999999999537,-2.6662812524992887,1.288152932514265,2.546702742604566,1.288152932514265,-2.6662812524992887,-8.297505146535684,-8.297505146519256,0.6818019883316241,0.6957602655945297,0.6991749940029001,0.6957602655945297,0.6818019883316241,0.00805420145741647,0.0,0.0,0.0,0.00805420145741647
27.299999999998985,0.5,12.824999999999534,-2.6462275767755727,1.3137355796308725,2.5745414168722505,1.3137355796308725,-2.6462275767755727,-8.282071900201458,-8.282071900184917,0.6820475013817988,0.6960305865645795,0.699451222814766,0.6960305865645795,0.6820475013817988,0.008088875864776773,0.0,0.0,0.0,0.008088875864776773
27.39999999999898,0.5,12.874999999999531,-2.6261984499928417,1.339249880358409,2.6022937095987686,1.339249880358409,-2.6261984499928417,-8.26662737146097,-8.266627371444429,0.6822911687410489,0.6962988627224042,0.6997253588056207,0.6962988627224042,0.6822911687410489,0.008123277467711052,0.0,0.0,0.0,0.008123277467711052
27.499999999998973,0.5,12.924999999999528,-2.6061937009940834,1.3646963655534137,2.629960301546987,1.3646963655534137,-2.6061937009940834,-8.251171661080207,-8.251171661063722,0.6825330120050674,0.696565116464203,0.6999974247702411,0.696565116464203,0.6825330120050674,0.008157405877458812,0.0,0.0,0.0,0.008157405877458812
27.599999999998968,0.5,12.974999999999525,-2.5862131601220426,1.3900755612918374,2.6575418673899662,1.3900755612918374,-2.5862131601220426,-8.235704869059134,-8.235704869042706,0.682773052456658,0.6968293698730511,0.7002674431867708,0.6968293698730511,0.682773052456658,0.008191260727926366,0.0,0.0,0.0,0.008191260727926366
27.699999999998962,0.5,13.024999999999523,-2.5662566592137637,1.415387988916791,2.685039075765758,1.415387988916791,-2.5662566592137637,-8.220227094638233,-8.220227094621748,0.6830113110712174,0.6970916447244278,0.7005354362222621,0.6970916447244278,0.6830113110712174,0.008224841675467859,0.0,0.0,0.0,0.008224841675467859
27.799999999998956,0.5,13.07499999999952,-2.5463240315771714,1.4406341650930017,2.712452589353518,1.4406341650930017,-2.5463240315771714,-8.204738436304694,-8.20473843628821,0.6832478085221577,0.6973519624916459,0.700801425738171,0.6973519624916459,0.6832478085221577,0.008258148398669084,0.0,0.0,0.0,0.008258148398669084
27.89999999999895,0.5,13.124999999999517,-2.5264151119679354,1.4658146018607567,2.7397830649144908,1.4658146018607567,-2.5264151119679354,-8.189238991798675,-8.18923899178219,0.6834825651862096,0.697610344351167,0.7010654332956348,0.697610344351167,0.6834825651862096,0.00829118059813388,0.0,0.0,0.0,0.00829118059813388
27.999999999998945,0.5,13.174999999999514,-2.5065297365815695,1.490929806683937,2.767031153377445,1.490929806683937,-2.5065297365815695,-8.173728858119716,-8.173728858103175,0.683715601148571,0.6978668111877842,0.7013274801607605,0.6978668111877842,0.683715601148571,0.008323937996273153,0.0,0.0,0.0,0.008323937996273153
28.09999999999894,0.5,13.224999999999511,-2.4866677430212576,1.5159802824958888,2.794197499873917,1.5159802824958888,-2.4866677430212576,-8.158208131532376,-8.158208131515835,0.6839469362080153,0.6981213835996959,0.7015875873096695,0.6981213835996959,0.6839469362080153,0.008356420337096326,0.0,0.0,0.0,0.008356420337096326
28.199999999998933,0.5,13.274999999999508,-2.4668289702940456,1.5409665277626345,2.821282743816994,1.5409665277626345,-2.4668289702940456,-8.14267690757282,-8.142676907556393,0.6841765898818128,0.6983740819035194,0.7018457754335524,0.6983740819035194,0.6841765898818128,0.008388627386005284,0.0,0.0,0.0,0.008388627386005284
28.299999999998928,0.5,13.324999999999505,-2.4470132587911166,1.5658890365119191,2.8482875189457673,1.5658890365119191,-2.4470132587911166,-8.127135281054507,-8.127135281038079,0.684404581410595,0.698624926139105,0.7021020649435307,0.698624926139105,0.684404581410595,0.008420558929590921,0.0,0.0,0.0,0.008420558929590921
28.399999999998922,0.5,13.374999999999503,-2.427220450253685,1.5907482983989212,2.8752124533881442,1.5907482983989212,-2.427220450253685,-8.111583346074326,-8.111583346057728,0.6846309297631515,0.6988739360743541,0.7023564759754617,0.6988739360743541,0.6846309297631515,0.008452214775431718,0.0,0.0,0.0,0.008452214775431718
28.499999999998916,0.5,13.4249999999995,-2.4074503877872075,1.6155447987412117,2.9020581697275247,1.6155447987412117,-2.4074503877872075,-8.09602119601783,-8.096021196001175,0.6848556536410019,0.6991211312098511,0.7026090283946643,0.6991211312098511,0.6848556536410019,0.008483594751895054,0.0,0.0,0.0,0.008483594751895054
28.59999999999891,0.5,13.474999999999497,-2.3877029158202845,1.640279018574006,2.9288252850427625,1.640279018574006,-2.3877029158202845,-8.080448923565768,-8.080448923549,0.6850787714830189,0.6993665307834583,0.702859741800466,0.6993665307834583,0.6850787714830189,0.008514698707940761,0.0,0.0,0.0,0.008514698707940761
28.699999999998905,0.5,13.524999999999494,-2.367977880102842,1.6649514346872252,2.9555144109705793,1.6649514346872252,-2.367977880102842,-8.064866620699206,-8.064866620682551,0.6853003014698489,0.6996101537747657,0.7031086355307288,0.6996101537747657,0.6853003014698489,0.008545526512926845,0.0,0.0,0.0,0.008545526512926845
28.7999999999989,0.5,13.574999999999491,-2.348275127680097,1.6895625196814308,2.9821261537647388,1.6895625196814308,-2.348275127680097,-8.049274378705832,-8.049274378689233,0.6855202615283108,0.6998520189095003,0.7033557286662635,0.6998520189095003,0.6855202615283108,0.008576078056417403,0.0,0.0,0.0,0.008576078056417403
28.899999999998894,0.5,13.624999999999488,-2.328594506886077,1.7141127420055113,3.0086611143476034,1.7141127420055113,-2.328594506886077,-8.033672288185073,-8.033672288168532,0.6857386693356514,0.7000921446638013,0.703601040035144,0.7000921446638013,0.6857386693356514,0.00860635324799287,0.0,0.0,0.0,0.00860635324799287
28.999999999998888,0.5,13.674999999999486,-2.3089358673245215,1.7386025659964162,3.035119888363056,1.7386025659964162,-2.3089358673245215,-8.018060439053784,-8.018060439037185,0.6859555423237406,0.7003305492684079,0.7038445882169332,0.7003305492684079,0.6859555423237406,0.008636352017062471,0.0,0.0,0.0,0.008636352017062471
29.099999999998882,0.5,13.724999999999483,-2.2892990598579672,1.7630324519349188,3.0615030662323193,1.7630324519349188,-2.2892990598579672,-8.00243892055164,-8.002438920534985,0.6861708976831706,0.7005672507128107,0.7040863915468336,0.7005672507128107,0.6861708976831706,0.008666074312678788,0.0,0.0,0.0,0.008666074312678788
29.199999999998877,0.5,13.77499999999948,-2.2696839365895585,1.787402856077847,3.0878112331995453,1.787402856077847,-2.2696839365895585,-7.986807821246657,-7.986807821230059,0.6863847523672827,0.7008022667492546,0.7043264681197269,0.7008022667492546,0.6863847523672827,0.008695520103354323,0.0,0.0,0.0,0.008695520103354323
29.29999999999887,0.5,13.824999999999477,-2.250090350842072,1.8117142307045242,3.1140449693975256,1.8117142307045242,-2.250090350842072,-7.971167229040702,-7.971167229024104,0.6865971230961249,0.7010356148966999,0.7045648357941902,0.7010356148966999,0.6865971230961249,0.008724689376880236,0.0,0.0,0.0,0.008724689376880236
29.399999999998865,0.5,13.874999999999474,-2.230518157170252,1.8359670241572985,3.1402048498853787,1.8359670241572985,-2.230518157170252,-7.955517231174667,-7.955517231158012,0.6868080263602371,0.7012673124446904,0.7048015121963525,0.7012673124446904,0.6868080263602371,0.008753582140147187,0.0,0.0,0.0,0.008753582140147187
29.49999999999886,0.5,13.924999999999471,-2.2109672113131182,1.8601616808828112,3.166291444705962,1.8601616808828112,-2.2109672113131182,-7.939857914233869,-7.939857914217214,0.6870174784245238,0.7014973764571444,0.7050365147237331,0.7014973764571444,0.6870174784245238,0.008782198418968228,0.0,0.0,0.0,0.008782198418968228
29.599999999998854,0.5,13.974999999999469,-2.1914373702102807,1.884298641472924,3.1923053189352117,1.884298641472924,-2.1914373702102807,-7.924189364153108,-7.924189364136225,0.6872254953318779,0.7017258237760687,0.7052698605489787,0.7017258237760687,0.6872254953318779,0.008810538257903618,0.0,0.0,0.0,0.008810538257903618
29.699999999998848,0.5,14.024999999999466,-2.1719284919665824,1.9083783427071808,3.2182470327357464,1.9083783427071808,-2.1719284919665824,-7.908511666221671,-7.908511666204731,0.6874320929068668,0.7019526710252106,0.7055015666235434,0.7019526710252106,0.6874320929068668,0.0088386017200876,0.0,0.0,0.0,0.0088386017200876
29.799999999998843,0.5,14.074999999999463,-2.1524404358493143,1.9324012175820258,3.244117141391655,1.9324012175820258,-2.1524404358493143,-7.892824905089071,-7.892824905072075,0.687637286759266,0.7021779346135928,0.7057316496812418,0.7021779346135928,0.687637286759266,0.008866388887057099,0.0,0.0,0.0,0.008866388887057099
29.899999999998837,0.5,14.12499999999946,-2.132973062201188,1.9563676953679305,3.2699161953765383,1.9563676953679305,-2.132973062201188,-7.877129164769428,-7.877129164752375,0.6878410990537916,0.7024016307390608,0.7059601262418259,0.7024016307390608,0.6878410990537916,0.00889389788724111,0.0,0.0,0.0,0.00889389788724111
29.99999999999883,0.5,14.174999999999457,-2.1135262335802736,1.9802782016224114,3.295644740390742,1.9802782016224114,-2.1135262335802736,-7.861424528647774,-7.861424528630664,0.6880435490523903,0.7026237753916418,0.706187012614408,0.7026237753916418,0.6880435490523903,0.008921115330507738,0.0,0.0,0.0,0.008921115330507738
30.099999999998825,0.5,14.224999999999454,-2.0940998146290895,2.004133158223226,3.321303317405068,2.004133158223226,-2.0940998146290895,-7.845711079488979,-7.845711079471755,0.6882446522201425,0.7028443843568901,0.7064123249008362,0.7028443843568901,0.6882446522201425,0.00894803239605166,0.0,0.0,0.0,0.00894803239605166
30.19999999999882,0.5,14.274999999999451,-2.07469367110383,2.027932983398898,3.346892462718756,2.027932983398898,-2.07469367110383,-7.829988899442981,-7.8299888994257,0.688444424048219,0.7030634732191609,0.7066360789990426,0.7030634732191609,0.688444424048219,0.008974646198060274,0.0,0.0,0.0,0.008974646198060274
30.299999999998814,0.5,14.324999999999449,-2.0553076697996744,2.0516780917622555,3.372412707994556,2.0516780917622555,-2.0553076697996744,-7.814258070049789,-7.814258070032622,0.6886428797728574,0.703281057364828,0.7068582906062666,0.703281057364828,0.6886428797728574,0.009000954978452061,0.0,0.0,0.0,0.009000954978452061
30.39999999999881,0.5,14.374999999999446,-2.035941678524921,2.075368894355563,3.3978645803026666,2.075368894355563,-2.035941678524921,-7.798518672244313,-7.79851867222709,0.6888400343843898,0.7034971519854759,0.7070789752222401,0.7034971519854759,0.6888400343843898,0.009026957269406258,0.0,0.0,0.0,0.009026957269406258
30.499999999998803,0.5,14.424999999999443,-2.016595566095134,2.0990057986872444,3.423248602181104,2.0990057986872444,-2.016595566095134,-7.782770786360459,-7.782770786343292,0.6890359026330158,0.703711772081001,0.7072981481523564,0.703711772081001,0.6890359026330158,0.009052651768357175,0.0,0.0,0.0,0.009052651768357175
30.599999999998797,0.5,14.47499999999944,-1.997269202321604,2.1225892087586544,3.448565291658383,2.1225892087586544,-1.997269202321604,-7.76701449213607,-7.767014492118847,0.6892304990339899,0.703924932462631,0.7075158245106774,0.703924932462631,0.6892304990339899,0.0090780373152746,0.0,0.0,0.0,0.0090780373152746
30.69999999999879,0.5,14.524999999999437,-1.97796245799924,2.1461195251154663,3.473815162312974,2.1461195251154663,-1.97796245799924,-7.751249868716968,-7.751249868699631,0.6894238378725789,0.7041366477559544,0.707732019222986,0.7041366477559544,0.6894238378725789,0.009103112884781465,0.0,0.0,0.0,0.009103112884781465
30.799999999998786,0.5,14.574999999999434,-1.9586752049024767,2.169597144873592,3.498998723316447,2.169597144873592,-1.9586752049024767,-7.735476994661781,-7.7354769946444435,0.6896159332088359,0.704346932403822,0.7079467470297314,0.704346932403822,0.6896159332088359,0.009127877580614592,0.0,0.0,0.0,0.009127877580614592
30.89999999999878,0.5,14.624999999999432,-1.9394073157691878,2.1930224617570957,3.52411647945587,2.1930224617570957,-1.9394073157691878,-7.7196959479462635,-7.7196959479288125,0.6898067988822585,0.704555800669224,0.7081600224888681,0.704555800669224,0.6898067988822585,0.009152330630634007,0.0,0.0,0.0,0.009152330630634007
30.999999999998774,0.5,14.674999999999429,-1.9201586643002315,2.2163958661362813,3.5491689312139556,2.2163958661362813,-1.9201586643002315,-7.703906805967449,-7.703906805950055,0.6899964485162617,0.7047632666381224,0.7083718599787988,0.7047632666381224,0.6899964485162617,0.009176471382115407,0.0,0.0,0.0,0.009176471382115407
31.09999999999877,0.5,14.724999999999426,-1.9009291251483091,2.2397177450577033,3.5741565747724735,2.2397177450577033,-1.9009291251483091,-7.688109645548536,-7.6881096455310285,0.6901848955225379,0.7049693442221966,0.7085822737010499,0.7049693442221966,0.6901848955225379,0.00920029929727714,0.0,0.0,0.0,0.00920029929727714
31.199999999998763,0.5,14.774999999999423,-1.8817185739064257,2.2629884822836175,3.5990799020764257,2.2629884822836175,-1.8817185739064257,-7.672304542942356,-7.672304542924792,0.6903721531052932,0.7051740471615722,0.7087912776830665,0.7051740471615722,0.6903721531052932,0.009223813949024882,0.0,0.0,0.0,0.009223813949024882
31.299999999998757,0.5,14.82499999999942,-1.862526887098511,2.2862084583200044,3.623939400872416,2.2862084583200044,-1.862526887098511,-7.65649157383632,-7.656491573818698,0.6905582342653438,0.7053773890274656,0.7089988857808842,0.7053773890274656,0.6905582342653438,0.009247015016902945,0.0,0.0,0.0,0.009247015016902945
31.39999999999875,0.5,14.874999999999417,-1.8433539421774299,2.309378050449709,3.648735554737641,2.309378050449709,-1.8433539421774299,-7.640670813356337,-7.640670813338659,0.6907431518040793,0.7055793832247911,0.7092051116817278,0.7055793832247911,0.6907431518040793,0.009269902283241252,0.0,0.0,0.0,0.009269902283241252
31.499999999998746,0.5,14.924999999999415,-1.824199617512022,2.332497632768309,3.6734688431361633,2.332497632768309,-1.824199617512022,-7.624842336071083,-7.624842336053462,0.6909269183273284,0.7057800429947327,0.7094099689066339,0.7057800429947327,0.6909269183273284,0.009292475629488798,0.0,0.0,0.0,0.009292475629488798
31.59999999999874,0.5,14.974999999999412,-1.8050637923761883,2.3555675762134456,3.698139741446994,2.3555675762134456,-1.8050637923761883,-7.609006215996203,-7.609006215978525,0.6911095462491151,0.7059793814172441,0.7096134708129523,0.7059793814172441,0.6911095462491151,0.00931473503272371,0.0,0.0,0.0,0.00931473503272371
31.699999999998735,0.5,15.024999999999409,-1.7859463469517323,2.378588248603478,3.7227487210133177,2.378588248603478,-1.7859463469517323,-7.593162526598292,-7.593162526580613,0.6912910477952665,0.706177411413537,0.7098156305968565,0.706177411413537,0.6912910477952665,0.009336680562331199,0.0,0.0,0.0,0.009336680562331199
31.79999999999873,0.5,15.074999999999406,-1.766847162308352,2.4015600146606744,3.7472962491722797,2.4015600146606744,-1.766847162308352,-7.577311340798872,-7.577311340781307,0.6914714350069747,0.706374145748471,0.7100164612957593,0.706374145748471,0.6914714350069747,0.009358312376841404,0.0,0.0,0.0,0.009358312376841404
31.899999999998723,0.5,15.124999999999403,-1.7477661204058563,2.424483236042022,3.7717827893013123,2.424483236042022,-1.7477661204058563,-7.561452730979056,-7.561452730961321,0.6916507197442059,0.706569597032932,0.7102159757907249,0.706569597032932,0.6916507197442059,0.009379630720918575,0.0,0.0,0.0,0.009379630720918575
31.999999999998717,0.5,15.1749999999994,-1.728703104072963,2.4473582713745827,3.796208800845875,2.4473582713745827,-1.728703104072963,-7.545586768982616,-7.545586768964711,0.6918289136890701,0.70676377772617,0.7104141868087933,0.70676377772617,0.6918289136890701,0.00940063592249435,0.0,0.0,0.0,0.00940063592249435
32.09999999999874,0.5,15.224999999999397,-1.7096579970157677,2.4701854762848825,3.820574739370045,2.4701854762848825,-1.7096579970157677,-7.529713526121043,-7.529713526102967,0.6920060283490191,0.7069567001380881,0.7106111069253203,0.7069567001380881,0.6920060283490191,0.009421328390037766,0.0,0.0,0.0,0.009421328390037766
32.19999999999876,0.5,15.274999999999395,-1.6906306837996112,2.4929652034300602,3.8448810565806752,2.4929652034300602,-1.6906306837996112,-7.513833073176272,-7.513833073158139,0.6921820750600309,0.7071483764314863,0.7108067485662057,0.7071483764314863,0.6921820750600309,0.009441708609955612,0.0,0.0,0.0,0.009441708609955612
32.29999999999878,0.5,15.324999999999392,-1.6716210498391888,2.515697802516968,3.8691282003782703,2.515697802516968,-1.6716210498391888,-7.497945480406031,-7.497945480387784,0.69235706498968,0.7073388186242376,0.7110011240101544,0.7073388186242376,0.69235706498968,0.00946177714411583,0.0,0.0,0.0,0.00946177714411583
32.399999999998805,0.5,15.374999999999389,-1.6526289814033248,2.538383620344348,3.8933166148841565,2.538383620344348,-1.6526289814033248,-7.482050817546224,-7.48205081752792,0.6925310091400909,0.7075280385914864,0.7111942453908349,0.7075280385914864,0.6925310091400909,0.009481534627488455,0.0,0.0,0.0,0.009481534627488455
32.49999999999883,0.5,15.424999999999386,-1.6336543655941114,2.5610230008229564,3.9174467404791358,2.5610230008229564,-1.6336543655941114,-7.466149153816161,-7.466149153797744,0.6927039183508757,0.7077160480677475,0.7113861246990266,0.7077160480677475,0.6927039183508757,0.009500981765898182,0.0,0.0,0.0,0.009500981765898182
32.59999999999885,0.5,15.474999999999383,-1.614697090349182,2.583616285008816,3.9415190138370804,2.583616285008816,-1.614697090349182,-7.450240557921234,-7.450240557902816,0.6928758033019377,0.7079028586490059,0.7115767737847207,0.7079028586490059,0.6928758033019377,0.009520119333882493,0.0,0.0,0.0,0.009520119333882493
32.69999999999887,0.5,15.52499999999938,-1.5957570444330713,2.6061638111291927,3.9655338679662577,2.6061638111291927,-1.5957570444330713,-7.434325098057627,-7.43432509803921,0.6930466745162234,0.7080884817947564,0.7117662043592012,0.7080884817947564,0.6930466745162234,0.009538948172650951,0.0,0.0,0.0,0.009538948172650951
32.799999999998896,0.5,15.574999999999378,-1.5768341174257898,2.6286659146063585,3.9894917322387187,2.6286659146063585,-1.5768341174257898,-7.418402841915338,-7.418402841896921,0.6932165423624204,0.7082729288300024,0.711954427997059,0.7082729288300024,0.6932165423624204,0.009557469188139454,0.0,0.0,0.0,0.009557469188139454
32.89999999999892,0.5,15.624999999999375,-1.5579281997165708,2.651122928092718,4.013393032424744,2.651122928092718,-1.5579281997165708,-7.402473856682491,-7.4024738566640735,0.6933854170575616,0.70845621094725,0.7121414561381862,0.70845621094725,0.6933854170575616,0.009575683349156034,0.0,0.0,0.0,0.009575683349156034
32.99999999999894,0.5,15.674999999999372,-1.5390391824979588,2.6735351814876367,4.03723819073565,2.6735351814876367,-1.5390391824979588,-7.3865382090487515,-7.3865382090302205,0.6935533086695702,0.708638339208422,0.7123273000897546,0.708638339208422,0.6935533086695702,0.009593591685612194,0.0,0.0,0.0,0.009593591685612194
33.099999999998964,0.5,15.724999999999369,-1.5201669577588746,2.695903001974557,4.061027625843849,2.695903001974557,-1.5201669577588746,-7.370595965208906,-7.370595965190205,0.6937202271197377,0.7088193245467864,0.7125119710281023,0.7088193245467864,0.6937202271197377,0.009611195286836995,0.0,0.0,0.0,0.009611195286836995
33.19999999999899,0.5,15.774999999999366,-1.5013114182801814,2.7182267140394742,4.084761752928955,2.7182267140394742,-1.5013114182801814,-7.354647190866672,-7.354647190847913,0.6938861821851376,0.7089991777688062,0.7126954800006551,0.7089991777688062,0.6938861821851376,0.009628495299968716,0.0,0.0,0.0,0.009628495299968716
33.29999999999901,0.5,15.824999999999363,-1.482472457623885,2.740506639501234,4.108440983701371,2.740506639501234,-1.482472457623885,-7.338691951238161,-7.338691951219403,0.6940511835009923,0.7091779095559846,0.7128778379277588,0.7091779095559846,0.6940511835009923,0.009645492928420896,0.0,0.0,0.0,0.009645492928420896
33.39999999999903,0.5,15.87499999999936,-1.4636499701345542,2.7627430975322227,4.132065726443329,2.7627430975322227,-1.4636499701345542,-7.322730311055807,-7.322730311036935,0.694215240562952,0.7093555304666597,0.7130590556045202,0.7093555304666597,0.694215240562952,0.00966218943041847,0.0,0.0,0.0,0.00966218943041847
33.499999999999055,0.5,15.924999999999358,-1.4448438509131165,2.7849364046877554,4.155636386038395,2.7849364046877554,-1.4448438509131165,-7.306762334571488,-7.306762334552673,0.6943783627293938,0.7095320509377829,0.7132391437025929,0.7095320509377829,0.6943783627293938,0.009678586117600887,0.0,0.0,0.0,0.009678586117600887
33.59999999999908,0.5,15.974999999999355,-1.4260539958382878,2.8070868749325655,4.179153363999774,2.8070868749325655,-1.4260539958382878,-7.29078808556028,-7.290788085541408,0.6945405592235329,0.7097074812866673,0.7134181127719256,0.7097074812866673,0.6945405592235329,0.00969468435368885,0.0,0.0,0.0,0.00969468435368885
33.6999999999991,0.5,16.02499999999936,-1.4072803015354225,2.8291948196575163,4.202617058504472,2.8291948196575163,-1.4072803015354225,-7.274807627324037,-7.274807627305108,0.6947018391356274,0.7098818317126708,0.7135959732424952,0.7098818317126708,0.6947018391356274,0.00971048555321184,0.0,0.0,0.0,0.00971048555321184
33.79999999999912,0.5,16.07499999999937,-1.3885226653806058,2.8512605477121724,4.2260278644316145,2.8512605477121724,-1.3885226653806058,-7.2588210226944625,-7.258821022675363,0.6948622114250383,0.7100551122989034,0.713772735426028,0.7100551122989034,0.6948622114250383,0.00972599118029235,0.0,0.0,0.0,0.00972599118029235
33.899999999999146,0.5,16.124999999999382,-1.369780985496618,2.873284365425775,4.249386173376308,2.873284365425775,-1.369780985496618,-7.242828334036915,-7.242828334017759,0.6950216849222602,0.7102273330138665,0.7139484095176196,0.7102273330138665,0.6950216849222602,0.009741202747485455,0.0,0.0,0.0,0.009741202747485455
33.99999999999917,0.5,16.174999999999393,-1.3510551607388948,2.895266576632821,4.272692373703762,2.895266576632821,-1.3510551607388948,-7.22682962325365,-7.226829623234551,0.6951802683309327,0.7103985037130804,0.7141230055974382,0.7103985037130804,0.6951802683309327,0.00975612181466993,0.0,0.0,0.0,0.00975612181466993
34.09999999999919,0.5,16.224999999999405,-1.3323450907003576,2.9172074826905146,4.295946850558778,2.9172074826905146,-1.3323450907003576,-7.210824951787515,-7.210824951768245,0.6953379702297567,0.710568634140662,0.7142965336322827,0.710568634140662,0.6953379702297567,0.009770749987988865,0.0,0.0,0.0,0.009770749987988865
34.199999999999214,0.5,16.274999999999416,-1.3136506756918607,2.9391073825063927,4.319149985905256,2.9391073825063927,-1.3136506756918607,-7.194814380624678,-7.194814380605408,0.6954947990744297,0.7107377339309011,0.7144690034771899,0.7107377339309011,0.6954947990744297,0.009785088918837248,0.0,0.0,0.0,0.009785088918837248
34.29999999999924,0.5,16.324999999999427,-1.2949718167496371,2.9609665725665195,4.342302158561836,2.9609665725665195,-1.2949718167496371,-7.178797970298717,-7.178797970279277,0.695650763199466,0.7109058126098169,0.7146404248770093,0.7109058126098169,0.695650763199466,0.00979914030289397,0.0,0.0,0.0,0.00979914030289397
34.39999999999926,0.5,16.37499999999944,-1.2763084156139826,2.982785346950493,4.365403744215143,2.982785346950493,-1.2763084156139826,-7.162775780893071,-7.162775780873801,0.6958058708200567,0.711072879596649,0.714810807467891,0.711072879596649,0.6958058708200567,0.0098129058791966,0.0,0.0,0.0,0.0098129058791966
34.49999999999928,0.5,16.42499999999945,-1.2576603747371564,3.0045639973495213,4.38845511546225,3.0045639973495213,-1.2576603747371564,-7.146747872045353,-7.146747872025969,0.695960130033804,0.71123894420533,0.7149801607788226,0.71123894420533,0.695960130033804,0.009826387429256034,0.0,0.0,0.0,0.009826387429256034
34.599999999999305,0.5,16.47499999999946,-1.2390275972718996,3.026302813104735,4.411456641835798,3.026302813104735,-1.2390275972718996,-7.1307143029495705,-7.130714302930073,0.6961135488224781,0.7114040156459948,0.7151484942331052,0.7114040156459948,0.6961135488224781,0.009839586776210135,0.0,0.0,0.0,0.009839586776210135
34.69999999999933,0.5,16.524999999999473,-1.2204099870660912,3.048002081215486,4.434408689837085,3.048002081215486,-1.2204099870660912,-7.114675132360048,-7.114675132340551,0.6962661350537074,0.7115681030263785,0.7153158171498131,0.7115681030263785,0.6962661350537074,0.00985250578401334,0.0,0.0,0.0,0.00985250578401334
34.79999999999935,0.5,16.574999999999484,-1.2018074486515502,3.069662086363394,4.457311622953455,3.069662086363394,-1.2018074486515502,-7.098630418594269,-7.098630418574771,0.6964178964826614,0.7117312153532347,0.7154821387451997,0.7117312153532347,0.6964178964826614,0.00986514635666138,0.0,0.0,0.0,0.00986514635666138
34.89999999999937,0.5,16.624999999999496,-1.1832198872442632,3.091283110937752,4.48016580169508,3.091283110937752,-1.1832198872442632,-7.082580219536112,-7.082580219516558,0.6965688407536585,0.7118933615337372,0.7156474681341239,0.7118933615337372,0.6965688407536585,0.00987751043744849,0.0,0.0,0.0,0.00987751043744849
34.999999999999396,0.5,16.674999999999507,-1.1646472087377902,3.112865435056449,4.502971583617864,3.112865435056449,-1.1646472087377902,-7.066524592639269,-7.066524592619601,0.6967189754017592,0.7120545503768428,0.7158118143314217,0.7120545503768428,0.6967189754017592,0.009889600008256802,0.0,0.0,0.0,0.009889600008256802
35.09999999999942,0.5,16.72499999999952,-1.146089319698092,3.1344093365776757,4.525729323352493,3.1344093365776757,-1.146089319698092,-7.050463594930022,-7.050463594910241,0.6968683078543254,0.7122147905946092,0.715975186253269,0.7122147905946092,0.6968683078543254,0.009901417088875018,0.0,0.0,0.0,0.009901417088875018
35.19999999999944,0.5,16.77499999999953,-1.127546127354151,3.155915091136194,4.548439372636096,3.155915091136194,-1.127546127354151,-7.034397283010264,-7.034397282990483,0.6970168454325537,0.7123740908035557,0.7161375927185325,0.7123740908035557,0.6970168454325537,0.009912963736345924,0.0,0.0,0.0,0.009912963736345924
35.299999999999464,0.5,16.82499999999954,-1.1090175395967776,3.1773829721509514,4.571102080330036,3.1773829721509514,-1.1090175395967776,-7.018325713061131,-7.018325713041236,0.6971645953529613,0.7125324595259298,0.716299042450057,0.7125324595259298,0.6971645953529613,0.009924242044340639,0.0,0.0,0.0,0.009924242044340639
35.39999999999949,0.5,16.874999999999552,-1.0905034649756544,3.1988132508520835,4.593717792451855,3.1988132508520835,-1.0905034649756544,-7.002248940845334,-7.002248940825382,0.6973115647288388,0.7126899051909981,0.7164595440759766,0.7126899051909981,0.6973115647288388,0.009935254142559049,0.0,0.0,0.0,0.009935254142559049
35.49999999999951,0.5,16.924999999999564,-1.0720038126765417,3.220206196296374,4.6162868522046665,3.220206196296374,-1.0720038126765417,-6.986167021710742,-6.98616702169079,0.697457760571735,0.7128464361362915,0.716619106130993,0.7128464361362915,0.697457760571735,0.009946002196154378,0.0,0.0,0.0,0.009946002196154378
35.59999999999953,0.5,16.974999999999575,-1.0535184925462318,3.2415620753877192,4.63880959998977,3.2415620753877192,-1.0535184925462318,-6.970080010593222,-6.970080010573099,0.6976031897927765,0.7130020606088391,0.7167777370575894,0.7130020606088391,0.6976031897927765,0.009956488405181277,0.0,0.0,0.0,0.009956488405181277
35.699999999999555,0.5,17.024999999999586,-1.0350474150516789,3.2628811529039012,4.661286373452413,3.2628811529039012,-1.0350474150516789,-6.953987962019539,-6.953987961999303,0.6977478592041413,0.7131567867664043,0.7169354452073167,0.7131567867664043,0.6977478592041413,0.009966715004066365,0.0,0.0,0.0,0.009966715004066365
35.79999999999958,0.5,17.074999999999598,-1.016590491306772,3.2841636915081835,4.683717507486165,3.2841636915081835,-1.016590491306772,-6.937890930110143,-6.937890930089964,0.697891775520324,0.7133106226786576,0.7170922388419463,0.7133106226786576,0.697891775520324,0.009976684261099359,0.0,0.0,0.0,0.009976684261099359
35.8999999999996,0.5,17.12499999999961,-0.9981476330190162,3.3054099517696613,4.70610333427976,3.3054099517696613,-0.9981476330190162,-6.921788968582575,-6.921788968562339,0.6980349452570946,0.7134635763283533,0.7172481261347193,0.7134635763283533,0.6980349452570946,0.009986398242526078,0.0,0.0,0.0,0.009986398242526078
35.99999999999962,0.5,17.17499999999962,-0.9797187525528557,3.3266201921821335,4.72844418331988,3.3266201921821335,-0.9797187525528557,-6.905682130753803,-6.90568213073351,0.6981773749782362,0.7136156556124841,0.7174031151714567,0.7136156556124841,0.6981773749782362,0.009995856465674347,0.0,0.0,0.0,0.009995856465674347
36.099999999999646,0.5,17.224999999999632,-0.9613037630243184,3.3477946691890565,4.750740381423384,3.3477946691890565,-0.9613037630243184,-6.889570469543628,-6.889570469523335,0.698319071309399,0.7137668683434369,0.7175572139517344,0.7137668683434369,0.698319071309399,0.010005059146486915,0.0,0.0,0.0,0.010005059146486915
36.19999999999967,0.5,17.274999999999643,-0.9429025781926157,3.3689336371915033,4.772992252777385,3.3689336371915033,-0.9429025781926157,-6.87345403747787,-6.873454037457634,0.6984600407014215,0.7139172222500819,0.7177104303900581,0.7139172222500819,0.6984600407014215,0.010014008268018142,0.0,0.0,0.0,0.010014008268018142
36.29999999999969,0.5,17.324999999999655,-0.9245151123980122,3.390037348563453,4.795200118941125,3.390037348563453,-0.9245151123980122,-6.857332886691097,-6.857332886670861,0.6986002894983909,0.7140667249788623,0.7178627723169189,0.7140667249788623,0.6986002894983909,0.010022706120880395,0.0,0.0,0.0,0.010022706120880395
36.399999999999714,0.5,17.374999999999666,-0.9061412805820055,3.4111060536865807,4.817364298880477,3.4111060536865807,-0.9061412805820055,-6.841207068929464,-6.841207068909057,0.6987398239438618,0.7142153840949255,0.7180142474799193,0.7142153840949255,0.6987398239438618,0.010031155082721543,0.0,0.0,0.0,0.010031155082721543
36.49999999999974,0.5,17.424999999999677,-0.8877809982668055,3.4321400009568492,4.8394851089906865,3.4321400009568492,-0.8877809982668055,-6.825076635553216,-6.825076635532696,0.6988786501830171,0.7143632070831534,0.7181648635448514,0.7143632070831534,0.6988786501830171,0.010039357593524381,0.0,0.0,0.0,0.010039357593524381
36.59999999999976,0.5,17.47499999999969,-0.8694341815667599,3.4531394367992903,4.861562863116262,3.4531394367992903,-0.8694341815667599,-6.80894163753959,-6.808941637519126,0.6990167742642489,0.7145102013492061,0.7183146280967501,0.7145102013492061,0.6990167742642489,0.010047316151592885,0.0,0.0,0.0,0.010047316151592885
36.69999999999978,0.5,17.5249999999997,-0.851100747146404,3.474104605693128,4.883597872577752,3.474104605693128,-0.851100747146404,-6.7928021254859345,-6.792802125465414,0.699154202140815,0.71465637422057,0.7184635486409495,0.71465637422057,0.699154202140815,0.01005503331176992,0.0,0.0,0.0,0.01005503331176992
36.799999999999805,0.5,17.57499999999971,-0.8327806122655375,3.495035750189686,4.9055904461941395,3.495035750189686,-0.8327806122655375,-6.776658149611592,-6.776658149591071,0.699290939672188,0.7148017329475789,0.7186116326041089,0.7148017329475789,0.699290939672188,0.010062511683949562,0.0,0.0,0.0,0.010062511683949562
36.89999999999983,0.5,17.624999999999723,-0.8144736947389788,3.5159331109242657,4.9275408903032485,3.5159331109242657,-0.8144736947389788,-6.760509759761362,-6.760509759740728,0.6994269926256212,0.7149462847043913,0.7187588873352232,0.7149462847043913,0.6994269926256212,0.010069753931677836,0.0,0.0,0.0,0.010069753931677836
36.99999999999985,0.5,17.674999999999734,-0.7961799129450924,3.536796926632462,4.949449508785051,3.536796926632462,-0.7961799129450924,-6.744357005407267,-6.744357005386746,0.6995623666775274,0.7150900365899786,0.7189053201066207,0.7150900365899786,0.6995623666775274,0.010076762770817307,0.0,0.0,0.0,0.010076762770817307
37.09999999999987,0.5,17.724999999999746,-0.7778991858227187,3.5576274341796648,4.971316603084347,3.5576274341796648,-0.7778991858227187,-6.728199935652526,-6.728199935632006,0.6996970674148656,0.7152329956291235,0.7190509381149445,0.7152329956291235,0.6996970674148656,0.010083540968270879,0.0,0.0,0.0,0.010083540968270879
37.199999999999896,0.5,17.774999999999757,-0.7596314328606582,3.5784248685625357,4.993142472232535,3.5784248685625357,-0.7596314328606582,-6.712038599232983,-6.712038599212235,0.6998311003365084,0.7153751687733302,0.7191957484821209,0.7153751687733302,0.6998311003365084,0.010090091340761522,0.0,0.0,0.0,0.010090091340761522
37.29999999999992,0.5,17.82499999999977,-0.7413765740623148,3.5991894629338503,5.014927412870691,3.5991894629338503,-0.7413765740623148,-6.695873044519601,-6.695873044498967,0.6999644707122217,0.7155165629017863,0.7193397582563137,0.7155165629017863,0.6999644707122217,0.01009641659857009,0.0,0.0,0.0,0.01009641659857009
37.39999999999994,0.5,17.87499999999978,-0.7231345298160363,3.6199214486194933,5.036671719266849,3.6199214486194933,-0.7231345298160363,-6.679703319521934,-6.679703319501357,0.7000971835852906,0.7156571848222864,0.7194829744128474,0.7156571848222864,0.7000971835852906,0.010102517121034634,0.0,0.0,0.0,0.010102517121034634
37.499999999999964,0.5,17.92499999999979,-0.7049052210871878,3.640621055136421,5.05837568333817,3.640621055136421,-0.7049052210871878,-6.663529471889319,-6.663529471868912,0.7002292442324882,0.7157970412721443,0.7196254038551322,0.7157970412721443,0.7002292442324882,0.010108394102930357,0.0,0.0,0.0,0.010108394102930357
37.59999999999999,0.5,17.974999999999802,-0.6866885694225289,3.6612885102066457,5.080039594680272,3.6612885102066457,-0.6866885694225289,-6.647351548914287,-6.64735154889388,0.7003606577650858,0.7159361389190835,0.7197670534155948,0.7159361389190835,0.7003606577650858,0.010114050727742777,0.0,0.0,0.0,0.010114050727742777
37.70000000000001,0.5,18.024999999999814,-0.6684844969102528,3.6819240397698536,5.101663740574452,3.6819240397698536,-0.6684844969102528,-6.631169597534722,-6.6311695975142015,0.7004914292134005,0.7160744843621082,0.7199079298565355,0.7160744843621082,0.7004914292134005,0.010119490429020994,0.0,0.0,0.0,0.010119490429020994
37.80000000000003,0.5,18.074999999999825,-0.6502929261814074,3.7025278680043243,5.123248406023265,3.7025278680043243,-0.6502929261814074,-6.614983664336364,-6.614983664315901,0.7006215635343072,0.7162120841323835,0.7200480398710444,0.7162120841323835,0.7006215635343072,0.010124716680410496,0.0,0.0,0.0,0.010124716680410496
37.900000000000055,0.5,18.124999999999837,-0.6321137803942634,3.723100217340118,5.144793873755418,3.723100217340118,-0.6321137803942634,-6.598793795555821,-6.5987937955353,0.7007510656125738,0.7163489446940831,0.7201873900838324,0.7163489446940831,0.7007510656125738,0.010129732980106632,0.0,0.0,0.0,0.010129732980106632
38.00000000000008,0.5,18.174999999999848,-0.6139469832323812,3.7436413084749347,5.166300424255667,3.7436413084749347,-0.6139469832323812,-6.5826000370825,-6.5826000370619795,0.7008799402616729,0.7164850724452313,0.7203259870521038,0.7164850724452313,0.7008799402616729,0.010134542849794363,0.0,0.0,0.0,0.010134542849794363
38.1000000000001,0.5,18.22499999999986,-0.5957924589028494,3.7641513603853696,5.187768335784824,3.7641513603853696,-0.5957924589028494,-6.566402434461452,-6.566402434440931,0.7010081922245475,0.7166204737185174,0.7204638372664016,0.7166204737185174,0.7010081922245475,0.01013914983465281,0.0,0.0,0.0,0.01013914983465281
38.200000000000124,0.5,18.27499999999987,-0.5776501321466299,3.7846305903505595,5.20919788439636,3.7846305903505595,-0.5776501321466299,-6.5502010328954725,-6.550201032875009,0.7011358261743329,0.7167551547821387,0.7206009471514223,0.7167551547821387,0.7011358261743329,0.010143557503429195,0.0,0.0,0.0,0.010143557503429195
38.300000000000146,0.5,18.324999999999882,-0.559519928195698,3.8050792139575833,5.230589343957149,3.8050792139575833,-0.559519928195698,-6.533995877248117,-6.533995877227426,0.7012628467152163,0.716889121840571,0.7207373230668365,0.716889121840571,0.7012628467152163,0.01014776944850856,0.0,0.0,0.0,0.01014776944850856
38.40000000000017,0.5,18.374999999999893,-0.5414017728065801,3.825497445122153,5.251942986167421,3.825497445122153,-0.5414017728065801,-6.517787012045176,-6.517787012024371,0.7013892583482506,0.7170223810353799,0.7208729713080914,0.7170223810353799,0.7013892583482506,0.010151789275318929,0.0,0.0,0.0,0.010151789275318929
38.50000000000019,0.5,18.424999999999905,-0.5232955921228495,3.845885496098674,5.273259080576963,3.845885496098674,-0.5232955921228495,-6.501574481477803,-6.501574481456942,0.701515065186526,0.7171549384459829,0.721007898107193,0.7171549384459829,0.701515065186526,0.010155619130899317,0.0,0.0,0.0,0.010155619130899317
38.600000000000215,0.5,18.474999999999916,-0.5052013127529449,3.866243577506964,5.294537894612063,3.866243577506964,-0.5052013127529449,-6.485358329404221,-6.485358329383246,0.7016402716833519,0.7172868000904536,0.7211421096335077,0.7172868000904536,0.7016402716833519,0.010159260385411841,0.0,0.0,0.0,0.010159260385411841
38.70000000000024,0.5,18.524999999999928,-0.4871188618664064,3.8865718983329884,5.315779693583977,3.8865718983329884,-0.4871188618664064,-6.469138599352277,-6.469138599331302,0.7017648821487914,0.7174179719262346,0.7212756119944987,0.7174179719262346,0.7017648821487914,0.010162716822506267,0.0,0.0,0.0,0.010162716822506267
38.80000000000026,0.5,18.57499999999994,-0.4690481671349289,3.9068706659514874,5.336984740711102,3.9068706659514874,-0.4690481671349289,-6.452915334521663,-6.452915334500631,0.7018889008189656,0.717548459850908,0.721408411236493,0.717548459850908,0.7018889008189656,0.010165992586787891,0.0,0.0,0.0,0.010165992586787891
38.90000000000028,0.5,18.62499999999995,-0.4509891567408886,3.9271400861296115,5.358153297145918,3.9271400861296115,-0.4509891567408886,-6.436688577786583,-6.436688577765494,0.7020123318730835,0.7176782697028987,0.7215405133454478,0.7176782697028987,0.7020123318730835,0.010169091837967673,0.0,0.0,0.0,0.010169091837967673
39.000000000000306,0.5,18.67499999999996,-0.4329417593581866,3.9473803630539237,5.379285621980557,3.9473803630539237,-0.4329417593581866,-6.420458371697805,-6.420458371676659,0.7021351794345448,0.7178074072622305,0.7216719242476479,0.7178074072622305,0.7021351794345448,0.010172018735235086,0.0,0.0,0.0,0.010172018735235086
39.10000000000033,0.5,18.724999999999973,-0.4149059041544092,3.967591699336367,5.400381972273408,3.967591699336367,-0.4149059041544092,-6.404224758485043,-6.404224758464011,0.7022574475712087,0.7179358782512159,0.7218026498104545,0.7179358782512159,0.7022574475712087,0.010174777437884568,0.0,0.0,0.0,0.010174777437884568
39.20000000000035,0.5,18.774999999999984,-0.39688152078980465,3.987774296027169,5.421442603057926,3.987774296027169,-0.39688152078980465,-6.387987780059518,-6.387987780038543,0.7023791402956534,0.7180636883351572,0.7219326958429887,0.7180636883351572,0.7023791402956534,0.010177372106645835,0.0,0.0,0.0,0.010177372106645835
39.300000000000374,0.5,18.824999999999996,-0.3788685393992637,4.0079283526310405,5.442467767379412,4.0079283526310405,-0.3788685393992637,-6.371747478015948,-6.371747477994859,0.7025002615654956,0.7181908431230399,0.722062068096886,0.7181908431230399,0.7025002615654956,0.01017980690496922,0.0,0.0,0.0,0.01017980690496922
39.4000000000004,0.5,18.875000000000007,-0.3608668905785066,4.028054067114397,5.463457716285234,4.028054067114397,-0.3608668905785066,-6.355503893634705,-6.355503893613388,0.7026208150782102,0.7183173481681994,0.7221907722669122,0.7183173481681994,0.7026208150782102,0.010182085638669423,0.0,0.0,0.0,0.010182085638669423
39.50000000000042,0.5,18.92500000000002,-0.342876505286938,4.048151635933095,5.484412698862627,4.048151635933095,-0.342876505286938,-6.339257067884091,-6.339257067862775,0.7027408045353967,0.718443208969027,0.7223188139917007,0.718443208969027,0.7027408045353967,0.010184210235778318,0.0,0.0,0.0,0.010184210235778318
39.60000000000044,0.5,18.97500000000003,-0.32489731501436836,4.068221254028117,5.505332962249213,4.068221254028117,-0.32489731501436836,-6.323007041422443,-6.323007041401013,0.7028602337903747,0.7185684309695844,0.7224461988544034,0.7185684309695844,0.7028602337903747,0.010186184485489285,0.0,0.0,0.0,0.010186184485489285
39.700000000000465,0.5,19.02500000000004,-0.3069292517295139,4.088263114851998,5.526218751657041,4.088263114851998,-0.3069292517295139,-6.306753854600174,-6.306753854578744,0.7029791065649579,0.7186930195602906,0.7225729323833732,0.7186930195602906,0.7029791065649579,0.010188013032293422,0.0,0.0,0.0,0.010188013032293422
39.80000000000049,0.5,19.075000000000053,-0.28897224789506026,4.108277410374569,5.547070310373954,4.108277410374569,-0.28897224789506026,-6.2904975474625076,-6.290497547440964,0.7030974265345141,0.7188169800785436,0.7226990200527708,0.7188169800785436,0.7030974265345141,0.010189700528298618,0.0,0.0,0.0,0.010189700528298618
39.90000000000051,0.5,19.125000000000064,-0.2710262364309983,4.128264331092851,5.567887879795137,4.128264331092851,-0.2710262364309983,-6.274238159751235,-6.274238159729521,0.7032151973301581,0.7189403178093426,0.7228244672832491,0.7189403178093426,0.7032151973301581,0.010191251603941602,0.0,0.0,0.0,0.010191251603941602
40.00000000000053,0.5,19.175000000000075,-0.2530911507358269,4.148224066055036,5.5886716994270955,4.148224066055036,-0.2530911507358269,-6.257975730907106,-6.257975730885448,0.7033324225385613,0.7190630379859428,0.72294927944255,0.7190630379859428,0.7033324225385613,0.010192670869949174,0.0,0.0,0.0,0.010192670869949174
40.100000000000556,0.5,19.225000000000087,-0.23516692466586164,4.168156802856288,5.609422006921136,4.168156802856288,-0.23516692466586164,-6.241710300072043,-6.241710300050329,0.7034491057018532,0.7191851457904244,0.7230734618461756,0.7191851457904244,0.7034491057018532,0.010193962920005607,0.0,0.0,0.0,0.010193962920005607
40.20000000000058,0.5,19.275000000000098,-0.2172534925212517,4.188062727661929,5.630139038069331,4.188062727661929,-0.2172534925212517,-6.225441906091078,-6.2254419060693635,0.7035652501329442,0.7193066463543232,0.7231970197579485,0.7193066463543232,0.7035652501329442,0.010195132060697908,0.0,0.0,0.0,0.010195132060697908
40.3000000000006,0.5,19.32500000000011,-0.19935078898311076,4.207942025221371,5.650823026832313,4.207942025221371,-0.19935078898311076,-6.2091705875145635,-6.2091705874927925,0.7036808591463641,0.7194275447592344,0.7233199583906478,0.7194275447592344,0.7036808591463641,0.010196181247212872,0.0,0.0,0.0,0.010196181247212872
40.400000000000624,0.5,19.37500000000012,-0.18145874921845007,4.227794878871578,5.671474205359516,4.227794878871578,-0.18145874921845007,-6.192896382599997,-6.192896382578226,0.7037959362283418,0.7195478460373748,0.7234422829066196,0.7195478460373748,0.7037959362283418,0.010197114978612459,0.0,0.0,0.0,0.010197114978612459
40.50000000000065,0.5,19.425000000000132,-0.16357730886915078,4.247621470557249,5.6920928039908745,4.247621470557249,-0.16357730886915078,-6.176619329314519,-6.176619329292635,0.7039104847419029,0.7196675551721847,0.7235639984183279,0.7196675551721847,0.7039104847419029,0.010197938299438814,0.0,0.0,0.0,0.010197938299438814
40.60000000000067,0.5,19.475000000000144,-0.14570640403292145,4.267421980833944,5.712679051285249,4.267421980833944,-0.14570640403292145,-6.160339465336733,-6.160339465314735,0.7040245080135581,0.7197866770988738,0.7236851099889672,0.7197866770988738,0.7040245080135581,0.010198656220161141,0.0,0.0,0.0,0.010198656220161141
40.70000000000069,0.5,19.525000000000155,-0.12784597125573782,4.287196588881841,5.73323317402793,4.287196588881841,-0.12784597125573782,-6.144056828058865,-6.144056828036753,0.7041380093341332,0.719905216704989,0.7238056226330164,0.719905216704989,0.7041380093341332,0.010199273709935893,0.0,0.0,0.0,0.010199273709935893
40.800000000000715,0.5,19.575000000000166,-0.10999594753747033,4.306945472527161,5.75375539724763,4.306945472527161,-0.10999594753747033,-6.127771454589208,-6.127771454567096,0.7042509919581995,0.7200231788309968,0.7239255413168068,0.7200231788309968,0.7042509919581995,0.010199795700891693,0.0,0.0,0.0,0.010199795700891693
40.90000000000074,0.5,19.625000000000178,-0.09215627029641382,4.326668808239788,5.774245944235304,4.326668808239788,-0.09215627029641382,-6.111483381753601,-6.1114833817316025,0.704363458857648,0.7201405682707916,0.7240448709590858,0.7201405682707916,0.704363458857648,0.010200226788535084,0.0,0.0,0.0,0.010200226788535084
41.00000000000076,0.5,19.67500000000019,-0.07432687736366006,4.346366771150542,5.794705036550852,4.346366771150542,-0.07432687736366006,-6.095192646097871,-6.095192646075873,0.7044754131956197,0.7202573897722496,0.7241636164315457,0.7202573897722496,0.7044754131956197,0.010200571149799543,0.0,0.0,0.0,0.010200571149799543
41.10000000000078,0.5,19.7250000000002,-0.056507707043465416,4.366039535060679,5.815132894050635,4.366039535060679,-0.056507707043465416,-6.078899283889655,-6.078899283867656,0.7045868581793977,0.7203736480377567,0.7242817825593968,0.7203736480377567,0.7045868581793977,0.010200834030476457,0.0,0.0,0.0,0.010200834030476457
41.200000000000806,0.5,19.77500000000021,-0.03869869807624582,4.385687272454618,5.835529734886393,4.385687272454618,-0.03869869807624582,-6.062603331120272,-6.062603331098273,0.7046977969372963,0.7204893477247353,0.7243993741218596,0.7204893477247353,0.7046977969372963,0.010201020750059062,0.0,0.0,0.0,0.010201020750059062
41.30000000000083,0.5,19.825000000000223,-0.020899789654663437,4.4053101545137565,5.8558957755327015,4.4053101545137565,-0.020899789654663437,-6.046304823507228,-6.046304823485286,0.7048082325688241,0.7206044934461694,0.7245163958527238,0.7206044934461694,0.7048082325688241,0.010201136563284075,0.0,0.0,0.0,0.010201136563284075
41.40000000000085,0.5,19.875000000000234,-0.00311092140287883,4.424908351116358,5.876231230792484,4.424908351116358,-0.00311092140287883,-6.030003796495976,-6.0300037964738635,0.7049181681315423,0.7207190897710813,0.7246328524408417,0.7207190897710813,0.7049181681315423,0.010201186665852673,0.0,0.0,0.0,0.010201186665852673
41.42500000000086,0.5,19.887500000000237,0.001334733917246922,4.429804062948847,5.881310340655489,4.429804062948847,0.001334733917246922,-6.025928150215179,-6.025928150193067,0.7049455741925,0.7207476535403904,0.724661878829557,0.7207476535403904,0.7049455741925,0.01020118952678452,0.0,0.0,0.0,0.01020118952678452
