time_s,current_density_Acm2,charge_Ccm2,T_cell_1_C,T_cell_2_C,T_cell_3_C,T_cell_4_C,T_cell_5_C,T_endplate_left_C,T_endplate_right_C,V_cell_1_V,V_cell_2_V,V_cell_3_V,V_cell_4_V,V_cell_5_V,ice_cell_1_max_fraction,ice_cell_2_max_fraction,ice_cell_3_max_fraction,ice_cell_4_max_fraction,ice_cell_5_max_fraction
0.0,0.17,0.0,-11.20000000000016,-11.20000000000016,-11.200000000000102,-11.20000000000016,-11.20000000000016,-11.199999999999989,-11.199999999999989,0.368938357463873,0.369241683224627,0.369241683224627,0.369241683224627,0.368938357463873,0.0,0.0,0.0,0.0,0.0
0.09999999999999999,0.1766,0.017330000000000005,-11.168786143047896,-11.168484013498585,-11.168482264114289,-11.168484013498585,-11.168786143047896,-11.199951226294502,-11.199951226294331,0.36119343658096825,0.3615095223251397,0.3615095273452261,0.3615095223251397,0.36119343658096825,0.0,0.0,0.0,0.0,0.0
0.20000000000000004,0.1832,0.03532000000000001,-11.13671433607567,-11.13555934001846,-11.135547381364177,-11.13555934001846,-11.13671433607567,-11.199814225962598,-11.19981422596237,0.3539926850809968,0.3543231332804843,0.35432316773211164,0.3543231332804843,0.3539926850809968,0.0,0.0,0.0,0.0,0.0
0.3000000000000001,0.18980000000000002,0.05397000000000001,-11.103789757598804,-11.101232919075699,-11.101195004732233,-11.101232919075699,-11.103789757598804,-11.199586869154075,-11.199586869153734,0.3473236574917117,0.347670083223906,0.3476701928642746,0.347670083223906,0.3473236574917117,0.0,0.0,0.0,0.0,0.0
0.4000000000000002,0.19640000000000002,0.07328000000000003,-11.070019724946746,-11.065513840460085,-11.065427266551524,-11.065513840460085,-11.070019724946746,-11.199267050653134,-11.199267050652622,0.3411731636768687,0.3415371933007097,0.34153744456481805,0.3415371933007097,0.3411731636768687,0.0,0.0,0.0,0.0,0.0
0.5000000000000002,0.203,0.09325000000000003,-11.035412734613487,-11.028412412730177,-11.028247833753198,-11.028412412730177,-11.035412734613487,-11.198852693623735,-11.198852693623053,0.33552733240173305,0.33591060208126394,0.33591108140681575,0.33591060208126394,0.33552733240173305,0.0,0.0,0.0,0.0,0.0
0.5999999999999999,0.2096,0.11388000000000002,-10.999978308734967,-10.989940031628407,-10.989661763901609,-10.989940031628407,-10.999978308734967,-11.198341752553517,-11.198341752552778,0.33037168013393947,0.33077583427560253,0.33077664742038043,0.33077583427560253,0.33037168013393947,0.0,0.0,0.0,0.0,0.0
0.6999999999999995,0.21619999999999998,0.13517,-10.963726884174946,-10.950109088027261,-10.949675401545903,-10.950109088027261,-10.963726884174946,-11.197732215845747,-11.19773221584478,0.32569118547287745,0.32611787510869295,0.3261191464606978,0.32611787510869295,0.32569118547287745,0.0,0.0,0.0,0.0,0.0
0.7999999999999992,0.22279999999999994,0.15711999999999998,-10.926669711500267,-10.90893288320109,-10.908296282638332,-10.90893288320109,-10.926669711500267,-11.197022108110787,-11.197022108109707,0.321470367188659,0.3219212483278039,0.3219231202088759,0.3219212483278039,0.321470367188659,0.0,0.0,0.0,0.0,0.0
0.8999999999999988,0.22939999999999994,0.17973,-10.888818759159733,-10.86642554690252,-10.865533042405161,-10.86642554690252,-10.888818759159733,-11.19620949217898,-11.19620949217773,0.3176933639325248,0.3181700959003471,0.3181727278644608,0.3181700959003471,0.3176933639325248,0.0,0.0,0.0,0.0,0.0
0.9999999999999984,0.2359999999999999,0.20299999999999996,-10.85018662174815,-10.822601957301174,-10.821395325653782,-10.822601957301174,-10.85018662174815,-11.19529247084671,-11.195292470845516,0.31434401399413464,0.3148482577750994,0.31485182590283867,0.3148482577750994,0.31434401399413464,0.0,0.0,0.0,0.0,0.0
1.099999999999998,0.24259999999999987,0.22692999999999997,-10.81078643212112,-10.77747766268925,-10.775893699435755,-10.77747766268925,-10.81078643212112,-11.194269188368366,-11.194269188367059,0.31140593377889697,0.3119393503778341,0.31194404656853003,0.3119393503778341,0.31140593377889697,0.0,0.0,0.0,0.0,0.0
1.1999999999999977,0.24919999999999987,0.2515199999999999,-10.770631777355618,-10.731068805098232,-10.72903956806556,-10.731068805098232,-10.770631777355618,-11.19313783170361,-11.193137831702188,0.30886259393679544,0.3094268427708305,0.3094328740342505,0.3094268427708305,0.30886259393679544,0.0,0.0,0.0,0.0,0.0
1.2999999999999974,0.2557999999999998,0.2767699999999999,-10.729736618629033,-10.683392046012727,-10.680845090721675,-10.683392046012727,-10.729736618629033,-11.19189663153412,-11.191896631532586,0.30669739229658416,0.30729412962838804,0.3073017173776566,0.30729412962838804,0.30669739229658416,0.0,0.0,0.0,0.0,0.0
1.399999999999997,0.2623999999999998,0.3026799999999998,-10.68811521516318,-10.634464494489919,-10.631323101823739,-10.634464494489919,-10.68811521516318,-11.190543863059986,-11.190543863058224,0.3048937229508284,0.30552460037208934,0.30553397971974755,0.30552460037208934,0.3048937229508284,0.0,0.0,0.0,0.0,0.0
1.4999999999999967,0.2689999999999998,0.32924999999999977,-10.645782052323113,-10.584303637873973,-10.580487034400676,-10.584303637873973,-10.645782052323113,-11.189077846588248,-11.189077846586542,0.30343504100311364,0.3041017039757008,0.30411312303458893,0.3041017039757008,0.30343504100311364,0.0,0.0,0.0,0.0,0.0
1.5999999999999963,0.27559999999999973,0.35647999999999985,-10.60275177399501,-10.53292727537962,-10.528350846628314,-10.53292727537962,-10.60275177399501,-11.187496947926036,-11.18749694792433,0.3023049226314034,0.3030090090922443,0.3030227282830112,0.3030090090922443,0.3023049226314034,0.0,0.0,0.0,0.0,0.0
1.699999999999996,0.28219999999999973,0.3843699999999998,-10.559039119286638,-10.480353454698104,-10.474928951697962,-10.480353454698104,-10.559039119286638,-11.185799578590547,-11.185799578588899,0.30148712024448976,0.30223025927896535,0.3022465506458056,0.30223025927896535,0.30148712024448976,0.0,0.0,0.0,0.0,0.0
1.7999999999999956,0.2887999999999997,0.4129199999999997,-10.514658863574596,-10.426600411789991,-10.420236151136294,-10.426600411789991,-10.514658863574596,-11.183984195849177,-11.183984195847472,0.30096561261328464,0.3017494232007523,0.3017685697369115,0.3017494232007523,0.30096561261328464,0.0,0.0,0.0,0.0,0.0
1.8999999999999952,0.29539999999999966,0.4421299999999997,-10.46962576391661,-10.371686513958593,-10.364287571666125,-10.371686513958593,-10.46962576391661,-11.18204930260174,-11.182049302599921,0.3007246499474946,0.3015507397816564,0.3015730347660588,0.3015507397816564,0.3007246499474946,0.0,0.0,0.0,0.0,0.0
1.999999999999995,0.30199999999999966,0.47199999999999975,-10.423954508773193,-10.315630206312392,-10.307098605630642,-10.315630206312392,-10.423954508773193,-11.17999344711734,-11.179993447115578,0.30074879396282383,0.30161875834856877,0.30164450469499615,0.30161875834856877,0.30074879396282383,0.0,0.0,0.0,0.0,0.0
2.099999999999996,0.30859999999999976,0.5025299999999997,-10.377659671962817,-10.258449961626582,-10.248684855058116,-10.258449961626582,-10.377659671962817,-11.177815222639822,-11.177815222638003,0.3010229530453986,0.30193837387302097,0.3019678834928692,0.30193837387302097,0.3010229530453986,0.0,0.0,0.0,0.0,0.0
2.1999999999999975,0.3151999999999998,0.5337199999999998,-10.330755670782935,-10.200164233624207,-10.18906207928751,-10.200164233624207,-10.330755670782935,-11.175513266870666,-11.17551326686879,0.3015324126700469,0.3024948574670705,0.302528450646817,0.3024948574670705,0.3015324126700469,0.0,0.0,0.0,0.0,0.0
2.299999999999999,0.3217999999999999,0.5655699999999997,-10.283256728164531,-10.140791413660054,-10.128246146188019,-10.140791413660054,-10.283256728164531,-11.173086261344395,-11.173086261342291,0.30226286126895674,0.3032738823290891,0.3033118871232949,0.3032738823290891,0.30226286126895674,0.0,0.0,0.0,0.0,0.0
2.4000000000000004,0.3284,0.5980799999999996,-10.23517683871819,-10.08034979076291,-10.066252986852305,-10.08034979076291,-10.23517683871819,-11.170532930705406,-11.170532930703075,0.30320041177782603,0.30426154536604455,0.30430429700674755,0.30426154536604455,0.30320041177782603,0.0,0.0,0.0,0.0,0.0
2.5000000000000018,0.3350000000000001,0.6312499999999998,-10.186529738534205,-10.018857514956665,-10.003098553730752,-10.018857514956665,-10.186529738534205,-11.167852041899323,-11.167852041896879,0.30433161910917506,0.3054443847415446,0.3054922250646135,0.3054443847415446,0.30433161910917506,0.0,0.0,0.0,0.0,0.0
2.600000000000003,0.34160000000000024,0.6650799999999998,-10.137328878559856,-9.956332563810008,-9.93879878207997,-9.956332563810008,-10.137328878559856,-11.165042403287146,-11.16504240328453,0.30564349381816586,0.3068093936144677,0.3068626705035536,0.3068093936144677,0.30564349381816586,0.0,0.0,0.0,0.0,0.0
2.7000000000000046,0.3482000000000003,0.6995699999999997,-10.087587401380063,-9.892792712071525,-9.87336955465247,-9.892792712071525,-10.087587401380063,-11.16210286369352,-11.162102863690848,0.3071235122357603,0.30834403034280866,0.30840309719118797,0.30834403034280866,0.3071235122357603,0.0,0.0,0.0,0.0,0.0
2.800000000000006,0.35480000000000034,0.7347199999999997,-10.037318121235614,-9.828255504305446,-9.806826669465806,-9.828255504305446,-10.037318121235614,-11.159032311397993,-11.159032311395265,0.30875962334831447,0.31003622543156384,0.3101014406222586,0.31003622543156384,0.30875962334831447,0.0,0.0,0.0,0.0,0.0
2.9000000000000075,0.3614000000000005,0.7705299999999998,-9.986533507058539,-9.762738230416517,-9.73918581054869,-9.762738230416517,-9.986533507058539,-11.155829673078586,-11.15582967307597,0.3105402527028242,0.31187438550348784,0.3119461119079111,0.31187438550348784,0.3105402527028242,0.0,0.0,0.0,0.0,0.0
3.000000000000009,0.36800000000000055,0.8069999999999998,-9.935245668360835,-9.69625790388443,-9.670462521509023,-9.69625790388443,-9.935245668360835,-11.152493912715329,-11.152493912712657,0.31245430361308457,0.3138473945680698,0.3139259990632578,0.3138473945680698,0.31245430361308457,0.0,0.0,0.0,0.0,0.0
3.1000000000000103,0.3746000000000007,0.8441299999999998,-9.883466343803036,-9.628831242627655,-9.600672181815241,-9.628831242627655,-9.883466343803036,-11.149024030461817,-11.149024030459032,0.3144911559353277,0.3159446128570494,0.3160304658615293,0.3159446128570494,0.3144911559353277,0.0,0.0,0.0,0.0,0.0
3.2000000000000117,0.38120000000000076,0.88192,-9.831206892190778,-9.560474652322569,-9.529829985606284,-9.560474652322569,-9.831206892190778,-11.145419061492078,-11.145419061489292,0.3166406626729715,0.3181558734859325,0.31824934851421954,0.3181558734859325,0.3166406626729715,0.0,0.0,0.0,0.0,0.0
3.300000000000013,0.3878000000000008,0.9203700000000001,-9.778478285786775,-9.49120421204941,-9.457950922903763,-9.49120421204941,-9.778478285786775,-11.141678074829883,-11.141678074826928,0.3188931446586595,0.3204714771898217,0.3205729504254609,0.3204714771898217,0.3188931446586595,0.0,0.0,0.0,0.0,0.0
3.4000000000000146,0.39440000000000097,0.9594800000000001,-9.725291105720203,-9.421035662111706,-9.385049763101165,-9.421035662111706,-9.725291105720203,-11.13780017216493,-11.137800172161803,0.3212393835496276,0.3228821853694989,0.3229920352564066,0.3228821853694989,0.3212393835496276,0.0,0.0,0.0,0.0,0.0
3.500000000000016,0.401000000000001,0.9992500000000002,-9.671655539298172,-9.349984393900854,-9.311141040537791,-9.349984393900854,-9.671655539298172,-11.133784486664126,-11.133784486660716,0.3236706133588862,0.3253792116701652,0.3254978185221596,0.3253792116701652,0.3236706133588862,0.0,0.0,0.0,0.0,0.0
3.6000000000000174,0.4076000000000012,1.0396800000000004,-9.617581379096293,-9.278065441646902,-9.23623904207335,-9.278065441646902,-9.617581379096293,-11.1296301817801,-11.129630181776633,0.3261785107303616,0.32795421230121846,0.32808195792935213,0.32795421230121846,0.3261785107303616,0.0,0.0,0.0,0.0,0.0
3.700000000000019,0.41420000000000123,1.0807700000000005,-9.563078023631647,-9.205293475955841,-9.160357796485016,-9.205293475955841,-9.563078023631647,-11.125336450064765,-11.125336450061297,0.3287551841518813,0.3305992752907683,0.3307365426482751,0.3305992752907683,0.3287551841518813,0.0,0.0,0.0,0.0,0.0
3.8000000000000203,0.4208000000000013,1.1225200000000004,-9.508154479468146,-9.131682798937732,-9.083511065550681,-9.131682798937732,-9.508154479468146,-11.120902511989414,-11.120902511985719,0.3313931622851221,0.3333069088543109,0.33345408169874946,0.3333069088543109,0.3313931622851221,0.0,0.0,0.0,0.0,0.0
3.9000000000000217,0.42740000000000145,1.1649300000000007,-9.452819364607308,-9.05724734086266,-9.00571233673071,-9.05724734086266,-9.452819364607308,-11.116327614775855,-11.116327614772104,0.33408538157716927,0.3360700290420708,0.33622749161430016,0.3360700290420708,0.33408538157716927,0.0,0.0,0.0,0.0,0.0
4.000000000000023,0.4340000000000015,1.2080000000000009,-9.397080913015088,-8.982000658174172,-8.926974817271628,-8.982000658174172,-9.397080913015088,-11.111611031243342,-11.111611031239477,0.33682517330411804,0.3388819468156567,0.3390500835352683,0.3388819468156567,0.33682517330411804,0.0,0.0,0.0,0.0,0.0
4.1000000000000245,0.44060000000000166,1.251730000000001,-9.340946980186857,-8.905955932765892,-8.847311429656145,-8.905955932765892,-9.340946980186857,-11.106752058672328,-11.106752058668462,0.339606250183184,0.34173635469061736,0.3419155498673785,0.34173635469061736,0.339606250183184,0.0,0.0,0.0,0.0,0.0
4.200000000000026,0.4472000000000017,1.2961200000000013,-9.28442504956405,-8.82912597238311,-8.76673480824752,-8.82912597238311,-9.28442504956405,-11.101750017688289,-11.101750017684424,0.3424226926768225,0.3446273130683988,0.3448179506292761,0.3446273130683988,0.3424226926768225,0.0,0.0,0.0,0.0,0.0
4.300000000000027,0.45380000000000176,1.3411700000000015,-9.227522239749646,-8.75152321207446,-8.685257297057433,-8.75152321207446,-9.227522239749646,-11.096604251168515,-11.09660425116465,0.3452689350992737,0.3475492363683097,0.34775169959962315,0.3475492363683097,0.3452689350992737,0.0,0.0,0.0,0.0,0.0
4.400000000000029,0.4604000000000019,1.3868800000000017,-9.170245312373595,-8.673159716559667,-8.602890948514698,-8.673159716559667,-9.170245312373595,-11.091314123172594,-11.091314123168729,0.34813975162426997,0.3504968790583126,0.35071155036253804,0.3504968790583126,0.34813975162426997,0.0,0.0,0.0,0.0,0.0
4.50000000000003,0.46700000000000197,1.4332500000000017,-9.112600680520472,-8.594047183428586,-8.519647523127276,-8.594047183428586,-9.112600680520472,-11.085879017899401,-11.08587901789548,0.3510302422811619,0.3534653216720378,0.35369258233882184,0.3534653216720378,0.3510302422811619,0.0,0.0,0.0,0.0,0.0
4.600000000000032,0.47360000000000213,1.480280000000002,-9.054594417628152,-8.514196947094092,-8.435538489984765,-8.514196947094092,-9.054594417628152,-11.080298338670957,-11.080298338666921,0.35393581901622706,0.3564499568888322,0.3566901868797183,0.3564499568888322,0.35393581901622706,0.0,0.0,0.0,0.0,0.0
4.700000000000033,0.4802000000000022,1.5279700000000023,-8.996232266770505,-8.433619983394976,-8.350575027969626,-8.433619983394976,-8.996232266770505,-11.074571506944665,-11.074571506940458,0.35685219188606765,0.3594464757439379,0.35970005349038636,0.3594464757439379,0.35685219188606765,0.0,0.0,0.0,0.0,0.0
4.8000000000000345,0.48680000000000223,1.5763200000000024,-8.93751965024262,-8.352326914764603,-8.264768027651371,-8.352326914764603,-8.93751965024262,-11.068697961354758,-11.068697961350608,0.3597753554409665,0.36245085402677707,0.362718156240883,0.36245085402677707,0.3597753554409665,0.0,0.0,0.0,0.0,0.0
4.900000000000036,0.4934000000000024,1.6253300000000026,-8.878461679383179,-8.270328015923553,-8.178128093740554,-8.270328015923553,-8.878461679383179,-11.062677156784389,-11.062677156780182,0.36270157534765707,0.3654593389168398,0.36574074041440735,0.3654593389168398,0.36270157534765707,0.0,0.0,0.0,0.0,0.0
5.000000000000037,0.5,1.675000000000003,-8.819063164565193,-8.187633219985287,-8.090665548062475,-8.187633219985287,-8.819063164565193,-11.05650856346665,-11.056508563462387,0.3656273752933924,0.3684684358992747,0.36876430943469457,0.3684684358992747,0.3656273752933924,0.0,0.0,0.0,0.0,0.0
5.100000000000039,0.5,1.7250000000000036,-8.760112884212106,-8.105039703963655,-8.00317783022166,-8.105039703963655,-8.760112884212106,-11.050192540031958,-11.050192540027695,0.37319395816163353,0.37610144214794605,0.3764113059546734,0.37610144214794605,0.37319395816163353,0.0,0.0,0.0,0.0,0.0
5.20000000000004,0.5,1.7750000000000044,-8.702361898147046,-8.02332475183016,-7.9164427085145235,-8.02332475183016,-8.702361898147046,-11.04373230955622,-11.043732309551899,0.380482192292955,0.38345688215383594,0.3837810650516732,0.38345688215383594,0.380482192292955,0.0,0.0,0.0,0.0,0.0
5.300000000000042,0.5,1.825000000000005,-8.645760180348248,-7.942468886971142,-7.830441769402057,-7.942468886971142,-8.645760180348248,-11.037131553077472,-11.037131553073095,0.387506636470787,0.39054922618349364,0.3908880536980158,0.39054922618349364,0.387506636470787,0.0,0.0,0.0,0.0,0.0
5.400000000000043,0.5,1.8750000000000058,-8.590260228251509,-7.862453386727225,-7.745157719203689,-7.862453386727225,-8.590260228251509,-11.030393805534345,-11.030393805529854,0.3942808811698248,0.3973919822839757,0.3977457756023269,0.3973919822839757,0.3942808811698248,0.0,0.0,0.0,0.0,0.0
5.500000000000044,0.5,1.9250000000000065,-8.535816901479166,-7.7832602215569295,-7.660574284147174,-7.7832602215569295,-8.535816901479166,-11.023522462960045,-11.02352246295527,0.400817625976528,0.4039977732568799,0.4043668483100642,0.4039977732568799,0.400817625976528,0.0,0.0,0.0,0.0,0.0
5.600000000000046,0.5,1.9750000000000072,-8.48238728317284,-7.704872010710858,-7.576676129892462,-7.704872010710858,-8.48238728317284,-11.01652078924866,-11.016520789243827,0.4071287497598523,0.41037840642302426,0.41076307308303356,0.41037840642302426,0.4071287497598523,0.0,0.0,0.0,0.0,0.0
5.700000000000047,0.5,2.025000000000008,-8.429930552141286,-7.627271983082608,-7.4934487890269,-7.627271983082608,-8.429930552141286,-11.009391922532984,-11.009391922528039,0.4132253744214726,0.4165449370005409,0.4169454983816123,0.4165449370005409,0.4132253744214726,0.0,0.0,0.0,0.0,0.0
5.800000000000049,0.5,2.0750000000000086,-8.378407864018186,-7.5504439418376705,-7.4108785949186995,-7.5504439418376705,-8.378407864018186,-11.002138881202256,-11.002138881197254,0.4191179228981258,0.4225077257652598,0.42292447761962754,0.4225077257652598,0.4191179228981258,0.0,0.0,0.0,0.0,0.0
5.90000000000005,0.5,2.1250000000000093,-8.327782240472857,-7.474372232180826,-7.328952621134988,-7.474372232180826,-8.327782240472857,-10.994764569583424,-10.994764569578308,0.42481617200362076,0.42827649157812464,0.42870972177741984,0.42827649157812464,0.42481617200362076,0.0,0.0,0.0,0.0,0.0
6.0000000000000515,0.5,2.17500000000001,-8.278018465768014,-7.3990417118831715,-7.247658625851159,-7.3990417118831715,-8.278018465768014,-10.987271783309211,-10.987271783303981,0.4303293006306017,0.4338603592971605,0.4343103473915262,0.4338603592971605,0.4303293006306017,0.0,0.0,0.0,0.0,0.0
6.100000000000053,0.5,2.2250000000000107,-8.229082990033703,-7.324437724232723,-7.166985000764441,-7.324437724232723,-8.229082990033703,-10.979663214392644,-10.979663214387358,0.4356659337740065,0.43926790353364764,0.4397349203813155,0.43926790353364764,0.4356659337740065,0.0,0.0,0.0,0.0,0.0
6.200000000000054,0.5,2.2750000000000115,-8.180943838728922,-7.250546073118983,-7.086920724118727,-7.250546073118983,-8.180943838728922,-10.971941456027935,-10.971941456022535,0.4408341827869575,0.44450718866132977,0.44499149612193695,0.44450718866132977,0.4408341827869575,0.0,0.0,0.0,0.0,0.0
6.300000000000056,0.5,2.325000000000012,-8.133570527814697,-7.177353000072685,-7.007455317449683,-7.177353000072685,-8.133570527814697,-10.96410900713255,-10.964109007126979,0.44584168223494147,0.4495858054425229,0.45008765612825885,0.4495858054425229,0.44584168223494147,0.0,0.0,0.0,0.0,0.0
6.400000000000057,0.5,2.375000000000013,-8.086933984211157,-7.104845163031939,-6.92857880575832,-7.104845163031939,-8.086933984211157,-10.956168276649521,-10.95616827664395,0.45069562367454247,0.4545109045958585,0.4550305416748804,0.4545109045958585,0.45069562367454247,0.0,0.0,0.0,0.0,0.0
6.500000000000059,0.5,2.4250000000000136,-8.041006471143305,-7.033009616650361,-6.85028168080612,-7.033009616650361,-8.041006471143305,-10.948121587622893,-10.948121587617152,0.4554027866481358,0.45928922759562996,0.45982688464266097,0.45928922759562996,0.4554027866481358,0.0,0.0,0.0,0.0,0.0
6.60000000000006,0.5,2.4750000000000143,-7.9957615180367725,-6.961833794054996,-6.772554867276085,-6.961833794054996,-7.9957615180367725,-10.939971181060002,-10.939971181054261,0.45996956715510984,0.46392713496183263,0.4644830358514699,0.46392713496183263,0.45996956715510984,0.0,0.0,0.0,0.0,0.0
6.7000000000000615,0.5,2.525000000000015,-7.951173854640558,-6.891305489856279,-6.695389691563776,-6.891305489856279,-7.951173854640558,-10.931719219594697,-10.931719219588786,0.46440200383301367,0.4684306322733019,0.46900499111174554,0.4684306322733019,0.46440200383301367,0.0,0.0,0.0,0.0,0.0
6.800000000000063,0.5,2.5750000000000157,-7.907219349047807,-6.821412844326858,-6.61877785298941,-6.821412844326858,-7.907219349047807,-10.923367790961379,-10.923367790955467,0.46870580205801227,0.4728053941120352,0.4733984152034201,0.4728053941120352,0.46870580205801227,0.0,0.0,0.0,0.0,0.0
6.900000000000064,0.5,2.6250000000000164,-7.863874949396745,-6.752144328643169,-6.542711397220273,-6.752144328643169,-7.863874949396745,-10.914918911293512,-10.914918911287486,0.472886356152459,0.4770567861256981,0.4776686639695566,0.4770567861256981,0.472886356152459,0.0,0.0,0.0,0.0,0.0
7.000000000000066,0.5,2.675000000000017,-7.821118628966133,-6.683488731084651,-6.467182691739879,-6.683488731084651,-7.821118628966133,-10.906374528254048,-10.906374528247966,0.4769487698686658,0.4811898853764295,0.4818208046930645,0.4811898853764295,0.4769487698686658,0.0,0.0,0.0,0.0,0.0
7.100000000000067,0.5,2.725000000000018,-7.778929334450709,-6.615435144111075,-6.3921844031974615,-6.615435144111075,-7.778929334450709,-10.897736524009474,-10.897736524003335,0.4808978753009883,0.48520949912728467,0.4858596349081028,0.48520949912728467,0.4808978753009883,0.0,0.0,0.0,0.0,0.0
7.200000000000069,0.5,2.7750000000000186,-7.737286937194256,-6.547972952227894,-6.3177094764930075,-6.547972952227894,-7.737286937194256,-10.889006718055782,-10.889006718049814,0.4847382503633801,0.48912018220275116,0.4897896997828345,0.48912018220275116,0.4847382503633801,0.0,0.0,0.0,0.0,0.0
7.30000000000007,0.5,2.8250000000000193,-7.696172187201228,-6.48109182060972,-6.243751115444866,-6.48109182060972,-7.696172187201228,-10.880186869904662,-10.88018686989858,0.4884742349561581,0.4929262530463564,0.49361530819690985,0.4929262530463564,0.4884742349561581,0.0,0.0,0.0,0.0,0.0
7.400000000000071,0.5,2.87500000000002,-7.655566666976881,-6.414781684360946,-6.170302764944097,-6.414781684360946,-7.655566666976881,-10.871278681635431,-10.871278681629178,0.4921099434767059,0.49663180858675454,0.4973405476250395,0.49663180858675454,0.4921099434767059,7.359150686366567e-08,0.0,0.0,0.0,7.359150686366567e-08
7.500000000000073,0.5,2.9250000000000207,-7.615452736320265,-6.349032738266715,-6.0973580944367995,-6.349032738266715,-7.615452736320265,-10.86228380029388,-10.862283800287514,0.49564926933324976,0.5002407380131942,0.5009692979276007,0.5002407380131942,0.49564926933324976,5.969309090327017e-07,0.0,0.0,0.0,5.969309090327017e-07
7.600000000000074,0.5,2.9750000000000214,-7.575813505817905,-6.2838354270812715,-6.024910982678421,-6.2838354270812715,-7.575813505817905,-10.853203820170904,-10.853203820164481,0.49909590815225524,0.5037567355511967,0.504505244139433,0.5037567355511967,0.49909590815225524,1.7095271000431283e-06,0.0,0.0,0.0,1.7095271000431283e-06
7.700000000000076,0.5,3.025000000000022,-7.536632806609475,-6.219180436543411,-5.952955503613964,-6.219180436543411,-7.536632806609475,-10.84404028500444,-10.844040284997902,0.5024533725507472,0.507183312320391,0.5079518883397479,0.507183312320391,0.5024533725507472,3.4539126564855115e-06,0.0,0.0,0.0,3.4539126564855115e-06
7.800000000000077,0.5,3.075000000000023,-7.497895155574497,-6.155058684847518,-5.881485913351298,-6.155058684847518,-7.497895155574497,-10.834794690078866,-10.834794690072272,0.5057250031326429,0.5105238073501643,0.5113125606781226,0.5105238073501643,0.5057250031326429,5.915950452970341e-06,0.0,0.0,0.0,5.915950452970341e-06
7.9000000000000785,0.5,3.1250000000000235,-7.459585721801659,-6.091461314597041,-5.810496638092275,-6.091461314597041,-7.459585721801659,-10.825468484224132,-10.825468484217538,0.5089139780718782,0.5137813978210702,0.5145904296250046,0.5137813978210702,0.5089139780718782,9.085884847852469e-06,0.0,0.0,0.0,9.085884847852469e-06
8.00000000000008,0.5,3.1750000000000242,-7.42169029643145,-6.028379685128243,-5.739982262988121,-6.028379685128243,-7.42169029643145,-10.816063071719839,-10.816063071713245,0.5120233234188816,0.5169591085941893,0.5177885115086922,0.5169591085941893,0.5120233234188816,1.3038469595213302e-05,0.0,0.0,0.0,1.3038469595213302e-05
8.100000000000074,0.5,3.225000000000025,-7.38419526212607,-5.9658053652325975,-5.669937521835834,-5.9658053652325975,-7.38419526212607,-10.806579814110876,-10.806579814104282,0.5150559210046876,0.5200598210846991,0.5209096793953707,0.5200598210846991,0.5150559210046876,1.774287847316498e-05,0.0,0.0,0.0,1.774287847316498e-05
8.200000000000069,0.5,3.2750000000000257,-7.347087566235189,-5.903730126230016,-5.600357287531608,-5.903730126230016,-7.347087566235189,-10.79702003193654,-10.79702003192989,0.5180145176504862,0.5230862815311207,0.5239566713637878,0.5230862815311207,0.5180145176504862,2.326030787528598e-05,0.0,0.0,0.0,2.326030787528598e-05
8.300000000000063,0.5,3.3250000000000264,-7.310354693985175,-5.842145935356143,-5.531236563274717,-5.842145935356143,-7.310354693985175,-10.787385006381896,-10.787385006375189,0.5209017322317535,0.526041108707191,0.5269320982214182,0.526041108707191,0.5209017322317535,2.9583192904456217e-05,0.0,0.0,0.0,2.9583192904456217e-05
8.400000000000057,0.5,3.375000000000027,-7.2739846429917066,-5.7810449494666045,-5.462570474400081,-5.7810449494666045,-7.2739846429917066,-10.777675980849551,-10.777675980842844,0.5237200629387361,0.5289268011191164,0.5298384507052363,0.5289268011191164,0.5237200629387361,3.670752189699524e-05,0.0,0.0,0.0,3.670752189699524e-05
8.500000000000052,0.5,3.425000000000028,-7.237965900945824,-5.720419509019223,-5.394354260835257,-5.720419509019223,-7.237965900945824,-10.767894162463108,-10.7678941624564,0.5264718947277488,0.5317457437274105,0.5326781062061998,0.5317457437274105,0.5264718947277488,4.468439625613606e-05,0.0,0.0,0.0,4.468439625613606e-05
8.600000000000046,0.5,3.4750000000000285,-7.202287421671997,-5.660262132327091,-5.326583270141839,-5.660262132327091,-7.202287421671997,-10.75804072350013,-10.758040723493252,0.529159504488043,0.5345002142290916,0.5354533350533102,0.5345002142290916,0.529159504488043,5.348452160426733e-05,0.0,0.0,0.0,5.348452160426733e-05
8.70000000000004,0.5,3.525000000000029,-7.166938604236464,-5.600565510046806,-5.259252951053611,-5.600565510046806,-7.166938604236464,-10.748116802758602,-10.74811680275161,0.5317850676135983,0.5371923889330983,0.5381663063902521,0.5371923889330983,0.5317850676135983,6.310676292848153e-05,0.0,0.0,0.0,6.310676292848153e-05
8.800000000000034,0.5,3.57500000000003,-7.131909273684471,-5.541322499909597,-5.192358847515209,-5.541322499909597,-7.131909273684471,-10.738123506865179,-10.738123506858074,0.5343506639162844,0.5398243482588996,0.5408190936745972,0.5398243482588996,0.5343506639162844,7.358962533262024e-05,0.0,0.0,0.0,7.358962533262024e-05
8.900000000000029,0.5,3.6250000000000306,-7.0971896606937435,-5.482526121678347,-5.125896593170182,-5.482526121678347,-7.0971896606937435,-10.728061911523753,-10.728061911516647,0.5368582818489888,0.5423980818858761,0.5434136798272509,0.5423980818858761,0.5368582818489888,8.4924592643283e-05,0.0,0.0,0.0,8.4924592643283e-05
9.000000000000023,0.5,3.6750000000000314,-7.062770382977078,-5.424169552279068,-5.059861906248386,-5.424169552279068,-7.062770382977078,-10.717933062705697,-10.717933062698535,0.5393098235882453,0.5449154935789021,0.5459519620575469,0.5449154935789021,0.5393098235882453,9.707994914386654e-05,0.0,0.0,0.0,9.707994914386654e-05
9.100000000000017,0.5,3.725000000000032,-7.028642429367665,-5.366246121162305,-4.994250584873498,-5.366246121162305,-7.028642429367665,-10.707737977789577,-10.707737977782358,0.5417071102655047,0.5473784057131699,0.5484357563871461,0.5473784057131699,0.5417071102655047,0.00011008124397325267,0.0,0.0,0.0,0.00011008124397325267
9.200000000000012,0.5,3.7750000000000328,-6.99479714303078,-5.308749305820925,-4.92905850267249,-5.308749305820925,-6.99479714303078,-10.697477646652374,-10.697477646645211,0.5440518859651654,0.5497885635198339,0.5508668018944252,0.5497885635198339,0.5440518859651654,0.00012395142675848502,0.0,0.0,0.0,0.00012395142675848502
9.300000000000006,0.5,3.8250000000000335,-6.961226204318962,-5.251672727498487,-4.864281604758617,-5.251672727498487,-6.961226204318962,-10.68715303271,-10.687153032702554,0.5463458206908337,0.552147639072018,0.5532467646987963,0.552147639072018,0.5463458206908337,0.00013865767599182302,0.0,0.0,0.0,0.00013865767599182302
9.4,0.5,3.875000000000034,-6.927921616900676,-5.195010147022572,-4.799915903998624,-5.195010147022572,-6.927921616900676,-10.676765073910246,-10.6767650739028,0.5485905152210411,0.5544572350294759,0.5555772417033036,0.5544572350294759,0.5485905152210411,0.00015418420747831396,0.0,0.0,0.0,0.00015418420747831396
9.499999999999995,0.5,3.925000000000035,-6.894875694176449,-5.138755460849268,-4.735957477562067,-5.138755460849268,-6.894875694176449,-10.666314683687972,-10.666314683680469,0.5507875047044591,0.5567188881583306,0.557859764112184,0.5567188881583306,0.5507875047044591,0.00017054901255800329,0.0,0.0,0.0,0.00017054901255800329
9.599999999999989,0.5,3.9750000000000356,-6.862081045558284,-5.082902697192878,-4.67240246373683,-5.082902697192878,-6.862081045558284,-10.65580275187665,-10.655802751869146,0.5529382618632125,0.5589340726416544,0.5600958007388154,0.5589340726416544,0.5529382618632125,0.0001877684815036158,0.0,0.0,0.0,0.0001877684815036158
9.699999999999983,0.5,4.025000000000034,-6.829530562397906,-5.027446012350538,-4.609247058979747,-5.027446012350538,-6.829530562397906,-10.645230145580967,-10.645230145573407,0.5550441991205393,0.5611042031947684,0.5622867611183459,0.5611042031947684,0.5550441991205393,0.00020582342932094668,0.0,0.0,0.0,0.00020582342932094668
9.799999999999978,0.5,4.075000000000031,-6.797217406173331,-4.972379687105217,-4.5464875151922115,-4.972379687105217,-6.797217406173331,-10.634597710007824,-10.634597710000207,0.5571066724024594,0.5632306379987125,0.5644339984381473,0.5632306379987125,0.5571066724024594,0.00022468162230454742,0.0,0.0,0.0,0.00022468162230454742
9.899999999999972,0.5,4.125000000000028,-6.765134997918551,-4.917698123276807,-4.48412013720008,-4.917698123276807,-6.765134997918551,-10.623906269267422,-10.623906269259805,0.5591269841987463,0.5653146814638381,0.5665388122982791,0.5653146814638381,0.5591269841987463,0.0002443517676871282,0.0,0.0,0.0,0.0002443517676871282
9.999999999999966,0.5,4.175000000000026,-6.733277006772255,-4.863395840411499,-4.4221412804221245,-4.863395840411499,-6.733277006772255,-10.61315662713946,-10.613156627131787,0.5611063860180582,0.5673575868347475,0.5686024513132278,0.5673575868347475,0.5611063860180582,0.0002648447074468672,0.0,0.0,0.0,0.0002648447074468672
10.09999999999996,0.5,4.225000000000023,-6.701637339249601,-4.809467472557344,-4.360547348721013,-4.809467472557344,-6.701637339249601,-10.602349567806243,-10.60234956779857,0.5630460806750084,0.5693605586471336,0.5706261155653216,0.5693605586471336,0.5630460806750084,0.00028616790568618126,0.0,0.0,0.0,0.00028616790568618126
10.199999999999955,0.5,4.27500000000002,-6.67021012777883,-4.755907765156792,-4.299334792416175,-4.755907765156792,-6.67021012777883,-10.591485856553959,-10.591485856546228,0.5649472236702634,0.5713247550460534,0.5726109589194976,0.5713247550460534,0.5649472236702634,0.0003082912405182542,0.0,0.0,0.0,0.0003082912405182542
10.29999999999995,0.5,4.325000000000017,-6.638989722427425,-4.70271157202302,-4.238500106430138,-4.70271157202302,-6.638989722427425,-10.580566240442465,-10.580566240434564,0.5668109267290842,0.5732512899746454,0.5745580912084305,0.5732512899746454,0.5668109267290842,0.00033119103761035325,0.0,0.0,0.0,0.00033119103761035325
10.399999999999944,0.5,4.375000000000014,-6.607970682111954,-4.649873852452174,-4.17803982860454,-4.649873852452174,-6.607970682111954,-10.569591448951655,-10.569591448943754,0.5686382596918492,0.5751412352414225,0.5764685802961733,0.5751412352414225,0.5686382596918492,0.00035487165630650197,0.0,0.0,0.0,0.00035487165630650197
10.499999999999938,0.5,4.425000000000011,-6.577147765587824,-4.5973896684006945,-4.117950538111927,-4.5973896684006945,-6.577147765587824,-10.558562194600825,-10.558562194592866,0.5704302523946863,0.5769956224740236,0.5783434540282217,0.5769956224740236,0.5704302523946863,0.00037933856065050243,0.0,0.0,0.0,0.00037933856065050243
10.599999999999932,0.5,4.4750000000000085,-6.546515923075617,-4.545254181781445,-4.058228854011077,-4.545254181781445,-6.546515923075617,-10.54747917354041,-10.547479173532508,0.5721878965081658,0.578815444966405,0.5801837020749742,0.578815444966405,0.5721878965081658,0.000404595967515177,0.0,0.0,0.0,0.000404595967515177
10.699999999999926,0.5,4.525000000000006,-6.516070287457069,-4.493462651817765,-3.9988714338982163,-4.493462651817765,-6.516070287457069,-10.536343066120537,-10.536343066112636,0.5739121464506074,0.5806016594262702,0.5819902776753716,0.5806016594262702,0.5739121464506074,0.00043063419398018846,0.0,0.0,0.0,0.00043063419398018846
10.79999999999992,0.5,4.575000000000003,-6.4858061664676825,-4.442010432476138,-3.9398749726616416,-4.442010432476138,-6.4858061664676825,-10.525154537432456,-10.525154537424157,0.5756039215707269,0.5823551876288541,0.5837640992868443,0.5823551876288541,0.5756039215707269,0.00045741590286840474,0.0,0.0,0.0,0.00045741590286840474
10.899999999999915,0.5,4.625,-6.455719036952189,-4.390892970003506,-3.8812362013312622,-4.390892970003506,-6.455719036952189,-10.51391423783059,-10.51391423782212,0.5772641083226057,0.5840769179827188,0.585506052147332,0.5840769179827188,0.5772641083226057,0.0004849335841786543,0.0,0.0,0.0,0.0004849335841786543
10.99999999999991,0.5,4.674999999999997,-6.425804537508327,-4.340105800532228,-3.822951886017222,-4.340105800532228,-6.425804537508327,-10.502622803436509,-10.50262280342804,0.5788935614436487,0.5857677070130075,0.5872169897547315,0.5857677070130075,0.5788935614436487,0.0005131885016149248,0.0,0.0,0.0,0.0005131885016149248
11.099999999999904,0.5,4.724999999999994,-6.396058461772839,-4.289644547762862,-3.765018826912467,-4.289644547762862,-6.396058461772839,-10.491280856619483,-10.491280856611013,0.5804931053569438,0.5874283807671129,0.588897735268819,0.5874283807671129,0.5804931053569438,0.0005421816208734713,0.0,0.0,0.0,0.0005421816208734713
11.199999999999898,0.5,4.7749999999999915,-6.366476752097753,-4.239504920721117,-3.7074338573955288,-4.239504920721117,-6.366476752097753,-10.47988900645845,-10.47988900644981,0.5820635354956347,0.5890597361473946,0.5905490828401777,0.5890597361473946,0.5820635354956347,0.0005719129807553732,0.0,0.0,0.0,0.0005719129807553732
11.299999999999892,0.5,4.824999999999989,-6.337055493066771,-4.189682711566093,-3.650193843170257,-4.189682711566093,-6.337055493066771,-10.468447849185168,-10.468447849176528,0.5836056190724744,0.5906625421753573,0.5921717988706395,0.5906625421753573,0.5836056190724744,0.000602377472759107,0.0,0.0,0.0,0.000602377472759107
11.399999999999887,0.5,4.874999999999986,-6.3077909048176934,-4.140173793461372,-3.5932956814856993,-4.140173793461372,-6.3077909048176934,-10.4569579686069,-10.45695796859826,0.5851200960455145,0.5922375411912719,0.5937666232091532,0.5922375411912719,0.5851200960455145,0.0006335421065603712,0.0,0.0,0.0,0.0006335421065603712
11.499999999999881,0.5,4.924999999999983,-6.278679339316852,-4.090974118534064,-3.536736300415555,-4.090974118534064,-6.278679339316852,-10.445419936514497,-10.4454199365058,0.5866076814708686,0.5937854499929553,0.5953342702868972,0.5937854499929553,0.5866076814708686,0.0006653892537289023,0.0,0.0,0.0,0.0006653892537289023
11.599999999999875,0.5,4.97499999999998,-6.249717274762588,-4.042079715869136,-3.48051265817719,-4.042079715869136,-6.249717274762588,-10.433834313075579,-10.433834313066711,0.5880690661001851,0.5953069609173745,0.5968754301952308,0.5953069609173745,0.5880690661001851,0.0006979157962419409,0.0,0.0,0.0,0.0006979157962419409
11.69999999999987,0.5,5.024999999999977,-6.220901310389365,-3.9934866895970345,-3.4246217425002214,-3.9934866895970345,-6.220901310389365,-10.422201647212091,-10.422201647203224,0.5895049174051336,0.5968027428682013,0.5983907697097305,0.5968027428682013,0.5895049174051336,0.0007311196931794421,0.0,0.0,0.0,0.0007311196931794421
11.799999999999864,0.5,5.074999999999974,-6.192228161624598,-3.945191217011711,-3.3690605700589913,-3.945191217011711,-6.192228161624598,-10.410522476962853,-10.410522476953815,0.5909158805459389,0.5982734422925791,0.5998809332633517,0.5982734422925791,0.5909158805459389,0.0007649983633406637,0.0,0.0,0.0,0.0007649983633406637
11.899999999999858,0.5,5.124999999999972,-6.1636946554663155,-3.8971895467479385,-3.313826185912774,-3.8971895467479385,-6.1636946554663155,-10.398797329830984,-10.398797329821889,0.592302579292921,0.5997196841098901,0.601346543871764,0.5997196841098901,0.592302579292921,0.0007995485628830559,0.0,0.0,0.0,0.0007995485628830559
11.999999999999853,0.5,5.174999999999969,-6.1352977258734995,-3.8494779970252466,-3.258915663010498,-3.8494779970252466,-6.1352977258734995,-10.387026723118652,-10.387026723109443,0.5936656166544073,0.6011420725952167,0.6027882040133805,0.6011420725952167,0.5936656166544073,0.0008347654282083288,0.0,0.0,0.0,0.0008347654282083288
12.099999999999847,0.5,5.224999999999966,-6.107034408418315,-3.8020529539139716,-3.2043261017241207,-3.8020529539139716,-6.107034408418315,-10.375211164246139,-10.375211164236873,0.5950055750527022,0.6025411922201269,0.6042064964667142,0.6025411922201269,0.5950055750527022,0.0008706245861329396,0.0,0.0,0.0,0.0008706245861329396
12.199999999999841,0.5,5.274999999999963,-6.0789018377456046,-3.754910869661387,-3.1500546294006995,-3.754910869661387,-6.0789018377456046,-10.363351151059476,-10.363351151050153,0.5963230185220554,0.6039176084530679,0.6056019851074614,0.6039176084530679,0.5963230185220554,0.0009071012419734907,0.0,0.0,0.0,0.0009071012419734907
12.299999999999836,0.5,5.32499999999996,-6.050897243785869,-3.708048261085139,-3.0960983999586347,-3.708048261085139,-6.050897243785869,-10.35144717212836,-10.35144717211898,0.597618493049351,0.6052718685215397,0.6069752156674451,0.6052718685215397,0.597618493049351,0.0009441876875062543,0.0,0.0,0.0,0.0009441876875062543
12.39999999999983,0.5,5.374999999999957,-6.0230179477821935,-3.661461708001582,-3.0424545934990874,-3.661461708001582,-6.0230179477821935,-10.339499707032473,-10.339499707022924,0.5988925272469489,0.6066045021382459,0.6083267164575902,0.6066045021382459,0.5988925272469489,0.000981879240408299,0.0,0.0,0.0,0.000981879240408299
12.499999999999824,0.5,5.4249999999999545,-5.995261358724065,-3.615147851696406,-2.98912041594798,-3.615147851696406,-5.995261358724065,-10.327509226636494,-10.32750922662683,0.6001456330348127,0.6079160221931438,0.6096569990568417,0.6079160221931438,0.6001456330348127,0.001020171174886498,0.0,0.0,0.0,0.001020171174886498
12.599999999999818,0.5,5.474999999999952,-5.967624969926533,-3.5691033934526786,-2.9360930987091933,-3.5691033934526786,-5.967624969926533,-10.315476193354073,-10.315476193344352,0.6013783062935741,0.609206925413179,0.6109665589689021,0.609206925413179,0.6013783062935741,0.001059058341656914,0.0,0.0,0.0,0.001059058341656914
12.699999999999813,0.5,5.524999999999949,-5.940106355779619,-3.523325093102528,-2.8833698983654585,-3.523325093102528,-5.940106355779619,-10.303401061402894,-10.303401061393117,0.6025910274876326,0.6104776929915369,0.6122558762484198,0.6104776929915369,0.6025910274876326,0.0010985351436397243,0.0,0.0,0.0,0.0010985351436397243
12.799999999999807,0.5,5.574999999999946,-5.912703168615053,-3.4778097676295374,-2.830948096353893,-3.4778097676295374,-5.912703168615053,-10.291284277048646,-10.29128427703887,0.6037842622584807,0.6117287911879395,0.6135254160984468,0.6117287911879395,0.6037842622584807,0.0011385955565471444,0.0,0.0,0.0,0.0011385955565471444
12.899999999999801,0.5,5.624999999999943,-5.88541313553776,-3.432554289810014,-2.778824998701907,-3.432554289810014,-5.88541313553776,-10.279126278841034,-10.2791262788312,0.6049584616939818,0.6129606719015542,0.6147756294404401,0.6129606719015542,0.6049584616939818,0.0011792282041192478,0.0,0.0,0.0,0.0011792282041192478
12.999999999999796,0.5,5.67499999999994,-5.858234056458571,-3.3875555868823994,-2.726997935744066,-3.3875555868823994,-5.858234056458571,-10.266927497840527,-10.26692749783058,0.6061140640451965,0.61417377321797,0.6160069534584788,0.61417377321797,0.6061140640451965,0.0012204037985455844,0.0,0.0,0.0,0.0012204037985455844
13.09999999999979,0.5,5.7249999999999375,-5.8311638013902325,-3.3428106392963173,-2.6754642618804496,-3.3428106392963173,-5.8311638013902325,-10.254688357839427,-10.254688357829423,0.6072514947087004,0.6153685199314408,0.6172198121188476,0.6153685199314408,0.6072514947087004,0.0012621031261376336,0.0,0.0,0.0,0.0012621031261376336
13.199999999999784,0.5,5.774999999999935,-5.804200307100814,-3.298316479445816,-2.6242213553235274,-3.298316479445816,-5.804200307100814,-10.242409275573152,-10.242409275563034,0.6083711663411828,0.6165453240439455,0.6184146166664305,0.6165453240439455,0.6083711663411828,0.0013043149330454534,0.0,0.0,0.0,0.0013043149330454534
13.299999999999779,0.5,5.824999999999932,-5.777341574504533,-3.25407019046537,-2.5732666178753334,-3.25407019046537,-5.777341574504533,-10.23009066092203,-10.23009066091197,0.6094734793191824,0.6177045852420187,0.6195917660989663,0.6177045852420187,0.6094734793191824,0.0013470292941624449,0.0,0.0,0.0,0.0013470292941624449
13.399999999999773,0.5,5.874999999999929,-5.75058566620703,-3.210068905045489,-2.5225974746958286,-3.210068905045489,-5.75058566620703,-10.217732917106673,-10.217732917096498,0.610558822189359,0.6188466913526182,0.6207516476204206,0.6188466913526182,0.610558822189359,0.0013902364012143272,0.0,0.0,0.0,0.0013902364012143272
13.499999999999767,0.5,5.924999999999926,-5.723930704205941,-3.166309804285902,-2.4722113741052,-3.166309804285902,-5.723930704205941,-10.205336440874817,-10.205336440864642,0.6116275721015976,0.6199720187790204,0.6218946370744014,0.6199720187790204,0.6116275721015976,0.0014339263752315885,0.0,0.0,0.0,0.0014339263752315885
13.599999999999762,0.5,5.974999999999923,-5.6973748676412015,-3.1227901165672165,-2.4221057873685936,-3.1227901165672165,-5.6973748676412015,-10.192901622682712,-10.192901622672537,0.61268009522386,0.6210809329178167,0.623021099358767,0.6210809329178167,0.61268009522386,0.001478089246170589,0.0,0.0,0.0,0.001478089246170589
13.699999999999756,0.5,6.02499999999992,-5.670916390677007,-3.0795071164840806,-2.3722782085087033,-3.0795071164840806,-5.670916390677007,-10.18042884686895,-10.180428846858774,0.6137167471390746,0.6221737885578189,0.6241313888222444,0.6221737885578189,0.6137167471390746,0.0015227149592867144,0.0,0.0,0.0,0.0015227149592867144
13.79999999999975,0.5,6.074999999999918,-5.644553560442546,-3.036458123762543,-2.322726154102668,-3.036458123762543,-5.644553560442546,-10.167918491822434,-10.167918491812145,0.614737873225111,0.6232509302619808,0.6252258496440648,0.6232509302619808,0.614737873225111,0.0015677933853731447,0.0,0.0,0.0,0.0015677933853731447
13.899999999999745,0.5,6.124999999999915,-5.618284715077721,-2.993640502252674,-2.273447163116373,-2.993640502252674,-5.618284715077721,-10.155370930143874,-10.155370930133643,0.615743809018497,0.6243126927329374,0.6263048161973123,0.6243126927329374,0.615743809018497,0.0016133143311562205,0.0,0.0,0.0,0.0016133143311562205
13.999999999999739,0.5,6.174999999999912,-5.592108241843675,-2.9510516589170948,-2.224438796711354,-2.9510516589170948,-5.592108241843675,-10.142786528802162,-10.142786528791873,0.6167348805627967,0.6253594011631569,0.6273686133969575,0.6253594011631569,0.6167348805627967,0.001659267549265533,0.0,0.0,0.0,0.001659267549265533
14.099999999999733,0.5,6.224999999999909,-5.566022575304089,-2.908689042861056,-2.175698638080064,-2.908689042861056,-5.566022575304089,-10.130165649284379,-10.130165649273977,0.6177114047423614,0.6263913715703402,0.6284175570331713,0.6263913715703402,0.6177114047423614,0.0017056427477049334,0.0,0.0,0.0,0.0017056427477049334
14.199999999999728,0.5,6.274999999999906,-5.5400261956103805,-2.8665501443842913,-2.127224292265339,-2.8665501443842913,-5.5400261956103805,-10.117508647740863,-10.117508647730403,0.6186736896020562,0.6274089111188274,0.6294519540907516,0.6274089111188274,0.6186736896020562,0.0017524295988334425,0.0,0.0,0.0,0.0017524295988334425
14.299999999999722,0.5,6.324999999999903,-5.5141176268174945,-2.824632494064815,-2.079013386011411,-2.824632494064815,-5.5141176268174945,-10.104815875125155,-10.104815875114582,0.6196220346538398,0.6284123184276568,0.6304721030551981,0.6284123184276568,0.6196220346538398,0.0017996177478754158,0.0,0.0,0.0,0.0017996177478754158
14.399999999999716,0.5,6.3749999999999005,-5.488295435289558,-2.782933661856248,-2.0310635675870117,-2.782933661856248,-5.488295435289558,-10.09208767732872,-10.092087677318261,0.6205567311706451,0.6294018838659587,0.6314782942062372,0.6294018838659587,0.6205567311706451,0.0018471968209822817,0.0,0.0,0.0,0.0018471968209822817
14.49999999999971,0.5,6.424999999999898,-5.4625582281720995,-2.7414512562200457,-1.9833725066222314,-2.7414512562200457,-5.4625582281720995,-10.07932439531163,-10.079324395301171,0.6214780624682202,0.6303778898362199,0.6324708098992772,0.6303778898362199,0.6214780624682202,0.0018951564328666055,0.0,0.0,0.0,0.0018951564328666055
14.599999999999705,0.5,6.474999999999895,-5.436904651897123,-2.7001829232746104,-1.9359378939714134,-2.7001829232746104,-5.436904651897123,-10.066526365227276,-10.06652636521676,0.6223863041755938,0.6313406110460497,0.6334499248353329,0.6313406110460497,0.6223863041755938,0.0019434861940283775,0.0,0.0,0.0,0.0019434861940283775
14.699999999999699,0.5,6.524999999999892,-5.41133339079704,-2.659126345965717,-1.8887574415365407,-2.659126345965717,-5.41133339079704,-10.053693918544468,-10.053693918533838,0.6232817244944582,0.632290314768954,0.6344159063201312,0.632290314768954,0.6232817244944582,0.0019921757175924383,0.0,0.0,0.0,0.0019921757175924383
14.799999999999693,0.5,6.574999999999889,-5.385843165714846,-2.6182792432741167,-1.8418288821190458,-2.6182792432741167,-5.385843165714846,-10.040827382163627,-10.040827382152884,0.62416458444832,0.6332272610946018,0.6353690145127282,0.6332272610946018,0.62416458444832,0.002041214625775642,0.0,0.0,0.0,0.002041214625775642
14.899999999999688,0.5,6.624999999999886,-5.360432732715083,-2.577639369421661,-1.7951499692823063,-2.577639369421661,-5.360432732715083,-10.02792707853041,-10.027927078519667,0.6250351381215689,0.6341517031691598,0.6363095026641542,0.6341517031691598,0.6250351381215689,0.0020905925560002992,0.0,0.0,0.0,0.0020905925560002992
14.999999999999682,0.5,6.6749999999998835,-5.3351008818303285,-2.5372045131153413,-1.7487184771771354,-2.5372045131153413,-5.3351008818303285,-10.014993325744626,-10.01499332573377,0.6258936328891164,0.6350638874260465,0.6372376173466946,0.6350638874260465,0.6258936328891164,0.002140299166671122,0.0,0.0,0.0,0.002140299166671122
15.099999999999676,0.5,6.724999999999881,-5.309846435848215,-2.4969724968023,-1.7025322004176928,-2.4969724968023,-5.309846435848215,-10.002026437665393,-10.002026437654479,0.6267403096370173,0.6359640538076177,0.6381535986739812,0.6359640538076177,0.6267403096370173,0.0021903241426314136,0.0,0.0,0.0,0.0021903241426314136
15.19999999999967,0.5,6.774999999999878,-5.284668249155402,-2.456941175948657,-1.6565889539164687,-2.456941175948657,-5.284668249155402,-9.989026724012831,-9.989026724001803,0.6275754029744228,0.6368524359781583,0.6390576805125685,0.6368524359781583,0.6275754029744228,0.002240657200312447,0.0,0.0,0.0,0.002240657200312447
15.299999999999665,0.5,6.824999999999875,-5.259565206622824,-2.4171084383414154,-1.610886572745244,-2.4171084383414154,-5.259565206622824,-9.975994490466633,-9.975994490455548,0.6283991414373019,0.6377292615285612,0.639950090685195,0.6377292615285612,0.6283991414373019,0.002291288092591362,0.0,0.0,0.0,0.002291288092591362
15.39999999999966,0.5,6.874999999999872,-5.234536222540214,-2.377472203398895,-1.565422911977521,-2.377472203398895,-5.234536222540214,-9.962930038760987,-9.96293003874979,0.6292117476842692,0.6385947521731259,0.6408310511662215,0.6385947521731259,0.6292117476842692,0.0023422066133712005,0.0,0.0,0.0,0.0023422066133712005
15.499999999999654,0.5,6.924999999999869,-5.209580239588604,-2.3380304215003775,-1.5201958465554526,-2.3380304215003775,-5.209580239588604,-9.949833666776101,-9.949833666764903,0.6300134386849006,0.6394491239387748,0.6417007782694863,0.6394491239387748,0.6300134386849006,0.0023934026018954512,0.0,0.0,0.0,0.0023934026018954512
15.599999999999648,0.5,6.974999999999866,-5.184696227847212,-2.2987810733527567,-1.4752032711413676,-2.2987810733527567,-5.184696227847212,-9.936705668627212,-9.936705668616014,0.6308044259008716,0.640292587346986,0.6425594828290115,0.640292587346986,0.6308044259008716,0.0024448659468099218,0.0,0.0,0.0,0.0024448659468099218
15.699999999999642,0.5,7.024999999999864,-5.159883183849843,-2.259722169337749,-1.4304430999637248,-2.259722169337749,-5.159883183849843,-9.92354633475054,-9.923546334739115,0.6315849154601874,0.6411253475889169,0.6434073703728549,0.6411253475889169,0.6315849154601874,0.002496586589983983,0.0,0.0,0.0,0.002496586589983983
15.799999999999637,0.5,7.074999999999861,-5.135140129664364,-2.22085174890708,-1.3859132666827918,-2.22085174890708,-5.135140129664364,-9.910355951985366,-9.910355951973827,0.6323551083248837,0.6419476046938204,0.6442446412903424,0.6419476046938204,0.6323551083248837,0.0025485545301017,0.0,0.0,0.0,0.0025485545301017
15.89999999999963,0.5,7.124999999999858,-5.110466112018514,-2.1821678799869915,-1.3416117242428527,-2.1821678799869915,-5.110466112018514,-9.897134803655376,-9.897134803643667,0.6331152004524012,0.6427595536911612,0.6450714909930495,0.6427595536911612,0.6331152004524012,0.0026007598260346237,0.0,0.0,0.0,0.0026007598260346237
15.999999999999625,0.5,7.174999999999855,-5.085860201458786,-2.143668658382353,-1.297536444720265,-2.143668658382353,-5.085860201458786,-9.88388316964506,-9.883883169633464,0.6338653829509551,0.6435613847667239,0.6458881100697913,0.6435613847667239,0.6338653829509551,0.0026531926000056684,0.0,0.0,0.0,0.0026531926000056684
16.09999999999962,0.5,7.224999999999852,-5.061321491530464,-2.1053522072184023,-1.2536854191894236,-2.1053522072184023,-5.061321491530464,-9.870601326476105,-9.870601326464453,0.6346058422291712,0.6443532834128671,0.6466946844358042,0.6443532834128671,0.6346058422291712,0.002705843040554456,0.0,0.0,0.0,0.002705843040554456
16.199999999999616,0.5,7.274999999999849,-5.03684909796857,-2.067216676375324,-1.2100566575747393,-2.067216676375324,-5.03684909796857,-9.857289547378798,-9.857289547366975,0.6353367609580612,0.6451354305732965,0.6474913954764668,0.6451354305732965,0.6353367609580612,0.0027587013741056233,0.0,0.0,0.0,0.0027587013741056233
16.29999999999961,0.5,7.3249999999998465,-5.012442157800876,-2.0292602419590366,-1.1666481885032454,-2.0292602419590366,-5.012442157800876,-9.843948102362049,-9.843948102350225,0.6360583341384691,0.6459080027824645,0.6482784201857451,0.6459080027824645,0.6360583341384691,0.0028117484485459397,0.0,0.0,0.0,0.0028117484485459397
16.399999999999604,0.5,7.374999999999844,-4.9880998322717005,-1.9914811057828956,-1.1234580591669214,-1.9914811057828956,-4.9880998322717005,-9.830577258286496,-9.830577258274445,0.6367707501227652,0.6466711722999077,0.6490559312995671,0.6466711722999077,0.6367707501227652,0.0028649347935180546,0.0,0.0,0.0,0.0028649347935180546
16.4999999999996,0.5,7.424999999999841,-4.963821305764213,-1.9538774949120352,-1.0804843351681939,-1.9538774949120352,-4.963821305764213,-9.817177278940335,-9.81717727892817,0.6374741836392133,0.6474251072395615,0.6498240974244048,0.6474251072395615,0.6374741836392133,0.00291821816534874,0.0,0.0,0.0,0.00291821816534874
16.599999999999593,0.5,7.474999999999838,-4.93960578281019,-1.9164476611905457,-1.0377251003903325,-1.9164476611905457,-4.93960578281019,-9.803748425107813,-9.803748425095648,0.6381688025862692,0.6481699716945081,0.6505830831611602,0.6481699716945081,0.6381688025862692,0.0029715727186487677,0.0,0.0,0.0,0.0029715727186487677
16.699999999999587,0.5,7.524999999999835,-4.915452486591391,-1.8791898807467646,-0.9951784568476683,-1.8791898807467646,-4.915452486591391,-9.790290954631928,-9.790290954619763,0.6388547697104989,0.6489059258573343,0.6513330492246617,0.6489059258573343,0.6388547697104989,0.003024980709956441,0.0,0.0,0.0,0.003024980709956441
16.79999999999958,0.5,7.574999999999832,-4.891360658028532,-1.8421024535135189,-0.9528425245497374,-1.8421024535135189,-4.891360658028532,-9.776805122472922,-9.7768051224607,0.6395322433367058,0.6496331261362068,0.6520741525588714,0.6496331261362068,0.6395322433367058,0.0030784281538904566,0.0,0.0,0.0,0.0030784281538904566
16.899999999999576,0.5,7.6249999999998295,-4.8673295550750595,-1.8051837027588817,-0.9107154413503622,-1.8051837027588817,-4.8673295550750595,-9.76329118076518,-9.763291180752901,0.6402013777416343,0.6503517252668295,0.6528065464480514,0.6503517252668295,0.6402013777416343,0.003131902970340914,0.0,0.0,0.0,0.003131902970340914
16.99999999999957,0.5,7.674999999999827,-4.843358452111886,-1.7684319746201709,-0.8687953628108289,-1.7684319746201709,-4.843358452111886,-9.749749378871797,-9.749749378859462,0.6408623233789643,0.6510618724204866,0.653530380623978,0.6510618724204866,0.6408623233789643,0.0031853941934465954,0.0,0.0,0.0,0.0031853941934465954
17.099999999999564,0.5,7.724999999999824,-4.819446639419141,-1.7318456376555105,-0.8270804620586318,-1.7318456376555105,-4.819446639419141,-9.73617996343728,-9.736179963425059,0.6415152270400817,0.6517637133082829,0.6542458013694109,0.6517637133082829,0.6415152270400817,0.0032388916217496477,0.0,0.0,0.0,0.0032388916217496477
17.19999999999956,0.5,7.774999999999821,-4.795593422662023,-1.6954230824116507,-0.7855689296404194,-1.6954230824116507,-4.795593422662023,-9.72258317843972,-9.722583178427385,0.6421602319857211,0.6524573902817399,0.6549529516179847,0.6524573902817399,0.6421602319857211,0.0032923856522022016,0.0,0.0,0.0,0.0032923856522022016
17.299999999999553,0.5,7.824999999999818,-4.771798122411326,-1.6591627209869557,-0.7442589733776686,-1.6591627209869557,-4.771798122411326,-9.70895926523957,-9.708959265227293,0.642797478062948,0.6531430424299508,0.6556519710506256,0.6531430424299508,0.642797478062948,0.003345867191690657,0.0,0.0,0.0,0.003345867191690657
17.399999999999547,0.5,7.874999999999815,-4.748060073680733,-1.623062986627474,-0.7031488182302041,-1.623062986627474,-4.748060073680733,-9.695308462629157,-9.695308462616708,0.6434271018136462,0.6538208056733266,0.6563429961886349,0.6538208056733266,0.6434271018136462,0.0033993276020876356,0.0,0.0,0.0,0.0033993276020876356
17.49999999999954,0.5,7.924999999999812,-4.724378625476277,-1.5871223333127773,-0.6622367061416412,-1.5871223333127773,-4.724378625476277,-9.68163100687849,-9.681631006866041,0.6440492365771657,0.6544908128541861,0.6570261604836339,0.6544908128541861,0.6440492365771657,0.0034527586605701006,0.0,0.0,0.0,0.0034527586605701006
17.599999999999536,0.5,7.97499999999981,-4.7007531403677945,-1.5513392353637414,-0.6215208959011989,-1.5513392353637414,-4.7007531403677945,-9.667927131781937,-9.667927131769375,0.6446640125883049,0.6551531938242271,0.6577015944044033,0.6551531938242271,0.6446640125883049,0.003506152527561177,0.0,0.0,0.0,0.003506152527561177
17.69999999999953,0.5,8.024999999999807,-4.677182994073803,-1.5157121870549304,-0.5809996630027854,-1.5157121870549304,-4.677182994073803,-9.65419706870182,-9.654197068689086,0.6452715570712476,0.6558080755290511,0.6583694255207906,0.6558080755290511,0.6452715570712476,0.0035595017190406014,0.0,0.0,0.0,0.0035595017190406014
17.799999999999525,0.5,8.074999999999804,-4.653667575057227,-1.4802397022494347,-0.5406712994961254,-1.4802397022494347,-4.653667575057227,-9.640441046611727,-9.640441046598994,0.6458719943298096,0.6564555820897945,0.6590297785848157,0.6564555820897945,0.6458719943298096,0.0036127990817853605,0.0,0.0,0.0,0.0036127990817853605
17.89999999999952,0.5,8.124999999999801,-4.630206284141877,-1.444920314026092,-0.5005341138430595,-1.444920314026092,-4.630206284141877,-9.626659292138356,-9.626659292125623,0.6464654458342065,0.6570958348820806,0.6596827756090489,0.6570958348820806,0.6464654458342065,0.0036660377708574924,0.0,0.0,0.0,0.0036660377708574924
17.999999999999513,0.5,8.174999999999798,-4.606798534135407,-1.4097525743232495,-0.46058643077913075,-1.4097525743232495,-4.606798534135407,-9.612852029602038,-9.612852029589362,0.6470520303045708,0.6577289526123097,0.6603285359423609,0.6577289526123097,0.6470520303045708,0.0037192112289763427,0.0,0.0,0.0,0.0037192112289763427
18.099999999999508,0.5,8.224999999999795,-4.583443749466085,-1.3747350535865621,-0.42082659116664445,-1.3747350535865621,-4.583443749466085,-9.599019481056587,-9.599019481043797,0.6476318637913484,0.6583550513914336,0.660967176343198,0.6583550513914336,0.6476318637913484,0.003772313167548412,0.0,0.0,0.0,0.003772313167548412
18.199999999999502,0.5,8.274999999999793,-4.56014136584497,-1.339866340443848,-0.3812529518490919,-1.339866340443848,-4.56014136584497,-9.585161866327212,-9.585161866314536,0.6482050597527058,0.6589742448062513,0.6615988110504302,0.6589742448062513,0.6482050597527058,0.003825337549192694,0.0,0.0,0.0,0.003825337549192694
18.299999999999496,0.5,8.32499999999979,-4.536890829914569,-1.3051450413598786,-0.34186388551120217,-1.3051450413598786,-4.536890829914569,-9.571279403048152,-9.571279403035419,0.6487717291291708,0.6595866439884325,0.6622235518518713,0.6595866439884325,0.6487717291291708,0.003878278571629368,0.0,0.0,0.0,0.003878278571629368
18.39999999999949,0.5,8.374999999999787,-4.51369159893477,-1.2705697803187377,-0.3026577805308648,-1.2705697803187377,-4.51369159893477,-9.557372306698994,-9.557372306686204,0.6493319804155098,0.6601923576812402,0.6628415081505887,0.6601923576812402,0.6493319804155098,0.003931130652818395,0.0,0.0,0.0,0.003931130652818395
18.499999999999485,0.5,8.424999999999784,-4.4905431404600336,-1.2361391985132286,-0.26363304084725314,-1.2361391985132286,-4.4905431404600336,-9.543440790639806,-9.54344079062696,0.649885919730078,0.6607914923040918,0.6634527870290188,0.6607914923040918,0.649885919730078,0.003983888417246584,0.0,0.0,0.0,0.003983888417246584
18.59999999999948,0.5,8.474999999999781,-4.467444932052672,-1.2018519540326338,-0.22478808580962095,-1.2018519540326338,-4.467444932052672,-9.52948506614564,-9.529485066132679,0.6504336508816382,0.661384152015053,0.6640574933110704,0.661384152015053,0.6504336508816382,0.004036546683271444,0.0,0.0,0.0,0.004036546683271444
18.699999999999473,0.5,8.524999999999778,-4.4443964609739055,-1.1677067215665602,-0.1861213500391159,-1.1677067215665602,-4.4443964609739055,-9.515505342440008,-9.515505342427105,0.6509752754339069,0.6619704387713011,0.6646557296222071,0.6619704387713011,0.6509752754339069,0.004089100451437488,0.0,0.0,0.0,0.004089100451437488
18.799999999999468,0.5,8.574999999999775,-4.421397223903853,-1.1337021921090127,-0.14763128328331732,-1.1337021921090127,-4.421397223903853,-9.501501826727406,-9.501501826714389,0.6515108927678012,0.6625504523876804,0.6652475964476254,0.6625504523876804,0.6515108927678012,0.004141544893687185,0.0,0.0,0.0,0.004141544893687185
18.899999999999462,0.5,8.624999999999773,-4.3984467266810725,-1.09983707267304,-0.1093163502808352,-1.09983707267304,-4.3984467266810725,-9.48747472422474,-9.487474724211836,0.6520406001414918,0.663124290593375,0.6658331921885708,0.663124290593375,0.6520406001414918,0.004193875343396169,0.0,0.0,0.0,0.004193875343396169
18.999999999999456,0.5,8.67499999999977,-4.375544484027387,-1.0661100860131114,-0.07117503061630259,-1.0661100860131114,-4.375544484027387,-9.47342423819265,-9.47342423817986,0.6525644927484662,0.6636920490867948,0.6664126132168973,0.6636920490867948,0.6525644927484662,0.004246087286167542,0.0,0.0,0.0,0.004246087286167542
19.09999999999945,0.5,8.724999999999767,-4.35269001929629,-1.0325199703585213,-0.03320581858980631,-1.0325199703585213,-4.35269001929629,-9.459350569965125,-9.459350569952164,0.6530826637735638,0.6642538215887172,0.666985953927879,0.6642538215887172,0.6530826637735638,0.004298176351324377,0.0,0.0,0.0,0.004298176351324377
19.199999999999445,0.5,8.774999999999764,-4.329882864234548,-0.9990654791288307,0.004592776937954568,-0.9990654791288307,-4.329882864234548,-9.445253918978608,-9.445253918965705,0.653595204447107,0.6648096998938309,0.6675533067914388,0.6648096998938309,0.653595204447107,0.0043501383040454545,0.0,0.0,0.0,0.0043501383040454545
19.29999999999944,0.5,8.824999999999761,-4.307122558733113,-0.9657453806990475,0.042222232676408566,-0.9657453806990475,-4.307122558733113,-9.431134482801326,-9.431134482788309,0.6541022040972659,0.6653597739205558,0.668114762401722,0.6653597739205558,0.6541022040972659,0.004401969038093833,0.0,0.0,0.0,0.004401969038093833
19.399999999999434,0.5,8.874999999999758,-4.284408650611454,-0.9325584581249018,0.07968401103664746,-0.9325584581249018,-4.284408650611454,-9.416992457160006,-9.41699245714699,0.6546037502006138,0.6659041317594429,0.6686704095251413,0.6659041317594429,0.6546037502006138,0.004453664569090172,0.0,0.0,0.0,0.004453664569090172
19.499999999999428,0.5,8.924999999999756,-4.26174069538331,-0.8995035089119483,0.1169795602777981,-0.8995035089119483,-4.26174069538331,-9.40282803596756,-9.402828035954599,0.655099928431074,0.666442859719977,0.6692203351469861,0.666442859719977,0.655099928431074,0.004505221028289083,0.0,0.0,0.0,0.004505221028289083
19.599999999999422,0.5,8.974999999999753,-4.239118256055633,-0.8665793447573265,0.15411031464185498,-0.8665793447573265,-4.239118256055633,-9.38864141134951,-9.388641411336437,0.6555908227072031,0.6669760423760357,0.6697646245165741,0.6669760423760357,0.6555908227072031,0.00455663465681744,0.0,0.0,0.0,0.00455663465681744
19.699999999999417,0.5,9.02499999999975,-4.216540902908548,-0.8337847913256837,0.19107769448709178,-0.8337847913256837,-4.216540902908548,-9.374432773669184,-9.374432773655997,0.6560765152379995,0.6675037626098769,0.6703033611910304,0.6675037626098769,0.6560765152379995,0.004607901800339168,0.0,0.0,0.0,0.004607901800339168
19.79999999999941,0.5,9.074999999999747,-4.194008213312031,-0.8011186880129912,0.22788310643198884,-0.8011186880129912,-4.194008213312031,-9.360202311553223,-9.360202311539808,0.6565570865671496,0.6680261016548413,0.6708366270777666,0.6680261016548413,0.6565570865671496,0.0046590189041122755,0.0,0.0,0.0,0.0046590189041122755
19.899999999999405,0.5,9.124999999999744,-4.171519771528381,-0.7685798877183743,0.2645279434726149,-0.7685798877183743,-4.171519771528381,-9.345950211915863,-9.345950211902334,0.6570326156159161,0.6685431391367563,0.6713645024756143,0.6685431391367563,0.6570326156159161,0.004709982508407645,0.0,0.0,0.0,0.004709982508407645
19.9999999999994,0.5,9.174999999999741,-4.14907516850684,-0.736167256626743,0.30101358513604737,-0.736167256626743,-4.14907516850684,-9.331676659982918,-9.331676659969446,0.6575031797246973,0.669054953114074,0.6718870661148183,0.669054953114074,0.6575031797246973,0.004760789244260085,0.0,0.0,0.0,0.004760789244260085
20.099999999999394,0.5,9.224999999999739,-4.1266740017423444,-0.7038796739881263,0.3373413975970152,-0.7038796739881263,-4.1266740017423444,-9.317381839315203,-9.317381839301675,0.657968854693112,0.6695616201168348,0.6724043951957465,0.6695616201168348,0.657968854693112,0.004811435829526486,0.0,0.0,0.0,0.004811435829526486
20.199999999999388,0.5,9.274999999999736,-4.104315875063094,-0.6717160319151958,0.3735127338234747,-0.6717160319151958,-4.104315875063094,-9.303065931830702,-9.303065931817116,0.6584297148190421,0.6700632151844296,0.6729165654265256,0.6700632151844296,0.6584297148190421,0.004861919065226866,0.0,0.0,0.0,0.004861919065226866
20.299999999999383,0.5,9.324999999999733,-4.082000398485889,-0.6396752351690225,0.4095289337045074,-0.6396752351690225,-4.082000398485889,-9.288729117827359,-9.288729117813602,0.6588858329362816,0.6705598119022913,0.6734236510595205,0.6705598119022913,0.6588858329362816,0.00491223583214482,0.0,0.0,0.0,0.00491223583214482
20.399999999999377,0.5,9.37499999999973,-4.0597271880520225,-0.6077562009523376,0.4453913241652572,-0.6077562009523376,-4.0597271880520225,-9.274371576004341,-9.274371575990529,0.659337280451095,0.6710514824374901,0.6739257249267089,0.6710514824374901,0.659337280451095,0.004962383087668983,0.0,0.0,0.0,0.004962383087668983
20.49999999999937,0.5,9.424999999999727,-4.037495865654819,-0.5759578587305896,0.481101219326888,-0.5759578587305896,-4.037495865654819,-9.259993483483356,-9.259993483469486,0.6597841273776814,0.6715382975732234,0.6744228584741465,0.6715382975732234,0.6597841273776814,0.005012357862854272,0.0,0.0,0.0,0.005012357862854272
20.599999999999365,0.5,9.474999999999724,-4.015306058909005,-0.5442791500166209,0.5166599206090154,-0.5442791500166209,-4.015306058909005,-9.245595015829451,-9.245595015815297,0.6602264423724618,0.6720203267424092,0.6749151217952724,0.6720203267424092,0.6602264423724618,0.005062157259687869,0.0,0.0,0.0,0.005062157259687869
20.69999999999936,0.5,9.524999999999721,-3.99315740099064,-0.5127190281926914,0.5520687168673248,-0.5127190281926914,-3.99315740099064,-9.231176347070686,-9.231176347056532,0.6606642927674131,0.6724976380602097,0.6754025836633469,0.6724976380602097,0.6606642927674131,0.005111778448542533,0.0,0.0,0.0,0.005111778448542533
20.799999999999354,0.5,9.574999999999719,-3.971049530500011,-0.48127645833051247,0.5873288845241404,-0.48127645833051247,-3.971049530500011,-9.216737649718652,-9.216737649704498,0.6610977446023552,0.6729702983556294,0.6758853115629448,0.6729702983556294,0.6610977446023552,0.005161218665802636,0.0,0.0,0.0,0.005161218665802636
20.89999999999935,0.5,9.624999999999716,-3.948982091324922,-0.4499504169995703,0.622441687686603,-0.4499504169995703,-3.948982091324922,-9.202279094787059,-9.202279094772905,0.6615268626562716,0.6734383732022491,0.6763633717205026,0.6734383732022491,0.6615268626562716,0.0052104752116503535,0.0,0.0,0.0,0.0052104752116503535
20.999999999999343,0.5,9.674999999999713,-3.926954732510353,-0.4187398920919918,0.6574083782795697,-0.4187398920919918,-3.926954732510353,-9.187800851811005,-9.187800851796965,0.6619517104777024,0.6739019269480406,0.6768368291340436,0.6739019269480406,0.6619517104777024,0.005259545447998619,0.0,0.0,0.0,0.005259545447998619
21.099999999999337,0.5,9.72499999999971,-3.9049671081243105,-0.38764388265821026,0.6922301961640756,-0.38764388265821026,-3.9049671081243105,-9.173303088865339,-9.173303088851071,0.662372350414254,0.6743610227443135,0.6773057476020203,0.6743610227443135,0.662372350414254,0.005308426796559854,0.0,0.0,0.0,0.005308426796559854
21.19999999999933,0.5,9.774999999999707,-3.883018877141751,-0.35666139872006397,0.7269083692667664,-0.35666139872006397,-3.883018877141751,-9.15878597258245,-9.158785972568126,0.6627888436412052,0.6748157225739102,0.6777701897513715,0.6748157225739102,0.6627888436412052,0.005357116737039513,0.0,0.0,0.0,0.005357116737039513
21.299999999999326,0.5,9.824999999999704,-3.861109703316572,-0.32579146112504986,0.7614441136909704,-0.32579146112504986,-3.861109703316572,-9.144249668170232,-9.144249668155794,0.6632012501893213,0.6752660872785,0.6782302170647428,0.6752660872785,0.6632012501893213,0.005405612805445235,0.0,0.0,0.0,0.005405612805445235
21.39999999999932,0.5,9.874999999999702,-3.8392392550700833,-0.2950331013652203,0.7958386338520995,-0.2950331013652203,-3.8392392550700833,-9.129694339429193,-9.129694339414755,0.6636096289718237,0.6757121765852131,0.6786858899070157,0.6757121765852131,0.6636096289718237,0.005453912592502531,0.0,0.0,0.0,0.005453912592502531
21.499999999999314,0.5,9.924999999999699,-3.8174072053841996,-0.26438536143274405,0.83009312258514,-0.26438536143274405,-3.8174072053841996,-9.115120148769392,-9.115120148754897,0.6640140378105787,0.6761540491324389,0.6791372675510187,0.6761540491324389,0.6640140378105787,0.005502013742168548,0.0,0.0,0.0,0.005502013742168548
21.59999999999931,0.5,9.974999999999696,-3.7956132316842286,-0.23384729364937584,0.8642087612775526,-0.23384729364937584,-3.7956132316842286,-9.100527257227043,-9.100527257212548,0.6644145334615739,0.6765917624949809,0.6795844082026009,0.6765917624949809,0.6644145334615739,0.0055499139502367305,0.0,0.0,0.0,0.0055499139502367305
21.699999999999303,0.5,10.024999999999693,-3.7738570157326876,-0.2034179605222448,0.8981867199716476,-0.2034179605222448,-3.7738570157326876,-9.08591582448065,-9.085915824465985,0.6648111716396465,0.677025373208453,0.6800273690249317,0.677025373208453,0.6648111716396465,0.00559761096302483,0.0,0.0,0.0,0.00559761096302483
21.799999999999297,0.5,10.07499999999969,-3.7521382435414807,-0.17309643459850577,0.9320281575011222,-0.17309643459850577,-3.7521382435414807,-9.07128600886665,-9.071286008852098,0.6652040070424674,0.6774549367930147,0.6804662061622248,0.6774549367930147,0.6652040070424674,0.005645102576140294,0.0,0.0,0.0,0.005645102576140294
21.89999999999929,0.5,10.124999999999687,-3.7304566052586097,-0.14288179830316494,0.9657342215847393,-0.14288179830316494,-3.7304566052586097,-9.056637967395659,-9.056637967380993,0.6655930933739284,0.6778805077765049,0.6809009747627038,0.6778805077765049,0.6655930933739284,0.0056923866333175735,0.0,0.0,0.0,0.0056923866333175735
21.999999999999286,0.5,10.174999999999685,-3.7088117950785886,-0.1127731438177193,0.9993060489613299,-0.1127731438177193,-3.7088117950785886,-9.041971855766803,-9.041971855752024,0.6659784833668152,0.67830213971684,0.6813317290010532,0.67830213971684,0.6659784833668152,0.0057394610253205325,0.0,0.0,0.0,0.0057394610253205325
22.09999999999928,0.5,10.224999999999682,-3.687203511152177,-0.08276957291383269,1.032744765494158,-0.08276957291383269,-3.687203511152177,-9.027287828383123,-9.027287828368287,0.6663602288048633,0.6787198852239349,0.6817585221001806,0.6787198852239349,0.6663602288048633,0.005786323688906335,0.0,0.0,0.0,0.005786323688906335
22.199999999999275,0.5,10.274999999999679,-3.6656314554986125,-0.05287019683123617,1.0660514862821628,-0.05287019683123617,-3.6656314554986125,-9.012586038366464,-9.012586038351515,0.6667383805441931,0.6791337959809116,0.6821814063524175,0.6791337959809116,0.6667383805441931,0.005832972605845731,0.0,0.0,0.0,0.005832972605845731
22.29999999999927,0.5,10.324999999999676,-3.6440953339144926,-0.023074136145908142,1.0992273157834234,-0.023074136145908142,-3.6440953339144926,-8.997866637571235,-8.997866637556058,0.6671129885341804,0.6795439227647744,0.6826004331401748,0.6795439227647744,0.6671129885341804,0.0058794058019951455,0.0,0.0,0.0,0.0058794058019951455
22.399999999999263,0.5,10.374999999999673,-3.622594855888792,0.006619479378571214,1.132273347913781,0.006619479378571214,-3.622594855888792,-8.983129776598616,-8.983129776583326,0.6674841018377394,0.679950315466575,0.6830156529559975,0.679950315466575,0.6674841018377394,0.005925621346417004,0.0,0.0,0.0,0.005925621346417004
22.499999999999257,0.5,10.42499999999967,-3.601129734532435,0.03621151090828789,1.1651906661714975,0.03621151090828789,-3.601129734532435,-8.96837560481083,-8.968375604795312,0.6678517686510189,0.6803530231109703,0.6834271154221436,0.6803530231109703,0.6678517686510189,0.005971617350544952,0.0,0.0,0.0,0.005971617350544952
22.599999999999252,0.5,10.474999999999667,-3.5796996864863786,0.06570281066990447,1.1979803437226337,0.06570281066990447,-3.5796996864863786,-8.953604270344044,-8.953604270328299,0.6682160363226322,0.6807520938752898,0.6838348693095476,0.6807520938752898,0.6682160363226322,0.006017391967390023,0.0,0.0,0.0,0.006017391967390023
22.699999999999246,0.5,10.524999999999665,-3.5583044318473185,0.09509422207861462,1.230643443534916,0.09509422207861462,-3.5583044318473185,-8.938815920122124,-8.938815920106322,0.6685769513723255,0.6811475751081091,0.6842389625564168,0.6811475751081091,0.6685769513723255,0.006062943390784959,0.0,0.0,0.0,0.006062943390784959
22.79999999999924,0.5,10.574999999999662,-3.5369436941139725,0.12438657985416057,1.2631810184717551,0.12438657985416057,-3.5369436941139725,-8.924010699869314,-8.924010699853397,0.668934559509091,0.6815395133472975,0.6846394422862343,0.6815395133472975,0.668934559509091,0.00610826985466454,0.0,0.0,0.0,0.00610826985466454
22.899999999999235,0.5,10.624999999999659,-3.5156172000899346,0.15358071014782126,1.2955941114036023,0.15358071014782126,-3.5156172000899346,-8.909188754123363,-8.909188754107447,0.6692889056489241,0.6819279543376301,0.6850363548253366,0.6819279543376301,0.6692889056489241,0.006153369632378421,0.0,0.0,0.0,0.006153369632378421
22.99999999999923,0.5,10.674999999999656,-3.4943246798205223,0.1826774306613288,1.3278837553015705,0.1826774306613288,-3.4943246798205223,-8.89435022624798,-8.894350226231893,0.6696400339320242,0.6823129430479276,0.685429745719995,0.6823129430479276,0.6696400339320242,0.006198241036034155,0.0,0.0,0.0,0.006198241036034155
23.099999999999223,0.5,10.724999999999653,-3.4730658665411056,0.21167755075288142,1.3600509733512354,0.21167755075288142,-3.4730658665411056,-8.879495258444763,-8.879495258428562,0.6699879877395061,0.6826945236877109,0.6858196597531037,0.6826945236877109,0.6699879877395061,0.006242882415868848,0.0,0.0,0.0,0.006242882415868848
23.199999999999218,0.5,10.77499999999965,-3.451840496589284,0.24058187156254007,1.3920967790647865,0.24058187156254007,-3.451840496589284,-8.864623991765995,-8.864623991749681,0.6703328097097841,0.6830727397234914,0.6862061409604431,0.6830727397234914,0.6703328097097841,0.006287292159647085,0.0,0.0,0.0,0.006287292159647085
23.299999999999212,0.5,10.824999999999648,-3.430648309362823,0.2693911861115339,1.4240221763603813,0.2693911861115339,-3.430648309362823,-8.849736566125955,-8.849736566109755,0.6706745417544032,0.6834476338945699,0.686589232646433,0.6834476338945699,0.6706745417544032,0.006331468692083011,0.0,0.0,0.0,0.006331468692083011
23.399999999999206,0.5,10.874999999999645,-3.409489047245529,0.2981062794215745,1.455828159682767,0.2981062794215745,-3.409489047245529,-8.834833120313078,-8.834833120296821,0.6710132250735498,0.6838192482284916,0.686968977399599,0.6838192482284916,0.6710132250735498,0.006375410474285588,0.0,0.0,0.0,0.006375410474285588
23.4999999999992,0.5,10.924999999999642,-3.3883624555505776,0.3267279286196185,1.4875157140887154,0.3267279286196185,-3.3883624555505776,-8.819913792001273,-8.819913791985073,0.6713489001711203,0.6841876240560696,0.6873454171075554,0.6841876240560696,0.6713489001711203,0.006419116003224339,0.0,0.0,0.0,0.006419116003224339
23.599999999999195,0.5,10.974999999999639,-3.3672682824636126,0.35525690303927604,1.5190858153594036,0.35525690303927604,-3.3672682824636126,-8.804978717761117,-8.804978717744689,0.6716816068694039,0.684552802026022,0.6877185929716774,0.684552802026022,0.6716816068694039,0.0064625838112150925,0.0,0.0,0.0,0.0064625838112150925
23.69999999999919,0.5,11.024999999999636,-3.3462062789869833,0.3836939643304049,1.5505394300855642,0.3836939643304049,-3.3462062789869833,-8.790028033070712,-8.790028033054341,0.6720113843233889,0.684914822119265,0.6880885455213387,0.684914822119265,0.6720113843233889,0.0065058124654239135,0.0,0.0,0.0,0.0065058124654239135
23.799999999999184,0.5,11.074999999999633,-3.3251761988903468,0.41203986655403924,1.5818775157752611,0.41203986655403924,-3.3251761988903468,-8.775061872327456,-8.775061872311028,0.672338271034692,0.6852737236628101,0.6884553146278474,0.6852737236628101,0.672338271034692,0.006548800567388476,0.0,0.0,0.0,0.006548800567388476
23.899999999999178,0.5,11.12499999999963,-3.304177798643366,0.440295356288118,1.6131010209433043,0.440295356288118,-3.304177798643366,-8.760080368857984,-8.760080368841557,0.6726623048651876,0.6856295453433455,0.688818939517995,0.6856295453433455,0.6726623048651876,0.006591546752555002,0.0,0.0,0.0,0.006591546752555002
23.999999999999172,0.5,11.174999999999628,-3.2832108373857523,0.4684611727176957,1.6442108852043589,0.4684611727176957,-3.2832108373857523,-8.745083654929033,-8.745083654912548,0.6729835230501899,0.6859823252204386,0.6891794587872708,0.6859823252204386,0.6729835230501899,0.006634049689829953,0.0,0.0,0.0,0.006634049689829953
24.099999999999167,0.5,11.224999999999625,-3.262275076860476,0.4965380477406711,1.6752080393775373,0.4965380477406711,-3.262275076860476,-8.73007186175795,-8.73007186174135,0.6733019622114106,0.6863321007394575,0.6895369104127876,0.6863321007394575,0.6733019622114106,0.00667630808114636,0.0,0.0,0.0,0.00667630808114636
24.19999999999916,0.5,11.274999999999622,-3.241370281370564,0.5245267060508922,1.706093405562683,0.5245267060508922,-3.241370281370564,-8.715045119522529,-8.715045119505987,0.6736176583695307,0.686678908744112,0.6898913317658141,0.686678908744112,0.6736176583695307,0.006718320661042478,0.0,0.0,0.0,0.006718320661042478
24.299999999999155,0.5,11.32499999999962,-3.220496217737548,0.5524278652424641,1.7368678972509315,0.5524278652424641,-3.220496217737548,-8.700003557371645,-8.700003557355046,0.6739306469564564,0.6870227854887518,0.6902427596240892,0.6870227854887518,0.6739306469564564,0.006760086196252862,0.0,0.0,0.0,0.006760086196252862
24.39999999999915,0.5,11.374999999999616,-3.199652655247405,0.5802422358942749,1.7675324194023574,0.5802422358942749,-3.199652655247405,-8.684947303434683,-8.684947303418085,0.6742409628273078,0.687363766650304,0.6905912301837561,0.687363766650304,0.6742409628273078,0.006801603485311346,0.0,0.0,0.0,0.006801603485311346
24.499999999999144,0.5,11.424999999999613,-3.178839365616568,0.607970521655318,1.798087868541927,0.607970521655318,-3.178839365616568,-8.66987648483149,-8.669876484814779,0.6745486402720603,0.6877018873399302,0.6909367790710471,0.6877018873399302,0.6745486402720603,0.0068428713581639745,0.0,0.0,0.0,0.0068428713581639745
24.599999999999138,0.5,11.47499999999961,-3.1580561229345108,0.6356134193450771,1.828535132843001,0.6356134193450771,-3.1580561229345108,-8.654791227681983,-8.654791227665214,0.6748537130269682,0.6880371821144421,0.6912794413536615,0.6880371821144421,0.6748537130269682,0.006883888675792859,0.0,0.0,0.0,0.006883888675792859
24.699999999999132,0.5,11.524999999999608,-3.137302703643286,0.6631716190252064,1.8588750922185682,0.6631716190252064,-3.137302703643286,-8.639691657115748,-8.639691657098808,0.6751562142856076,0.6883696849873653,0.6916192515518882,0.6883696849873653,0.6751562142856076,0.006924654329849019,0.0,0.0,0.0,0.006924654329849019
24.799999999999127,0.5,11.574999999999605,-3.1165788864722686,0.6906458040971302,1.889108618410262,0.6906458040971302,-3.1165788864722686,-8.624577897280915,-8.624577897263862,0.6754561767097735,0.6886994294398072,0.691956243649456,0.6886994294398072,0.6754561767097735,0.006965167242294549,0.0,0.0,0.0,0.006965167242294549
24.89999999999912,0.5,11.624999999999602,-3.095884452421558,0.7180366513744048,1.9192365750791396,0.7180366513744048,-3.095884452421558,-8.60945007135382,-8.609450071336653,0.6757536324399906,0.689026448431003,0.6922904511041316,0.689026448431003,0.6757536324399906,0.007005426365052944,0.0,0.0,0.0,0.007005426365052944
24.999999999999115,0.5,11.6749999999996,-3.0752191847037693,0.7453448311734974,1.9492598178741218,0.7453448311734974,-3.0752191847037693,-8.594308301547812,-8.594308301530646,0.6760486131058755,0.6893507744086541,0.6926219068580084,0.6893507744086541,0.6760486131058755,0.007045430679667707,0.0,0.0,0.0,0.007045430679667707
25.09999999999911,0.5,11.724999999999596,-3.0545828687219228,0.7725710073906384,1.9791791945330033,0.7725710073906384,-3.0545828687219228,-8.579152709122354,-8.579152709105074,0.6763411498361614,0.689672439318995,0.692950643347634,0.689672439318995,0.6763411498361614,0.007085179196968196,0.0,0.0,0.0,0.007085179196968196
25.199999999999104,0.5,11.774999999999594,-3.0339752920244223,0.7997158375761728,2.0089955449595323,0.7997158375761728,-3.0339752920244223,-8.5639834143916,-8.563983414374206,0.6766312732685431,0.6899914746166057,0.6932766925138456,0.6899914746166057,0.6766312732685431,0.0071246709567430845,0.0,0.0,0.0,0.0071246709567430845
25.2999999999991,0.5,11.82499999999959,-3.0133962442744746,0.8267799730223828,2.038709701303901,0.8267799730223828,-3.0133962442744746,-8.548800536732983,-8.54880053671559,0.6769190135592523,0.6903079112740426,0.6936000858113752,0.6903079112740426,0.6769190135592523,0.00716390502742019,0.0,0.0,0.0,0.00716390502742019
25.399999999999093,0.5,11.874999999999588,-2.992845517209048,0.853764058834372,2.0683224880481816,0.853764058834372,-2.992845517209048,-8.533604194596364,-8.533604194578857,0.677204400392436,0.6906217797911882,0.6939208542182499,0.6906217797911882,0.677204400392436,0.007202880505753131,0.0,0.0,0.0,0.007202880505753131
25.499999999999087,0.5,11.924999999999585,-2.972322904623695,0.8806687339984478,2.0978347220825526,0.8806687339984478,-2.972322904623695,-8.518394505511651,-8.5183945054942,0.677487462989243,0.6909331102043846,0.6942390282449485,0.6909331102043846,0.677487462989243,0.007241596516513767,0.0,0.0,0.0,0.007241596516513767
25.59999999999908,0.5,11.974999999999582,-2.9518282023133793,0.9074946314740373,2.1272472127926676,0.9074946314740373,-2.9518282023133793,-8.503171586097551,-8.503171586080043,0.6777682301168195,0.6912419320954188,0.6945546379433758,0.6912419320954188,0.6777682301168195,0.007280052212191082,0.0,0.0,0.0,0.007280052212191082
25.699999999999076,0.5,12.02499999999958,-2.9313612080617872,0.9342423782512128,2.156560762127242,0.9342423782512128,-2.9313612080617872,-8.487935552069814,-8.487935552052193,0.6780467300969669,0.6915482746002048,0.6948677129155778,0.6915482746002048,0.6780467300969669,0.007318246772694682,0.0,0.0,0.0,0.007318246772694682
25.79999999999907,0.5,12.074999999999577,-2.910921721594434,0.9609125954214619,2.18577616468383,0.9609125954214619,-2.910921721594434,-8.47268651824902,-8.472686518231285,0.6783229908146916,0.6918521664173057,0.6951782823223088,0.6918521664173057,0.6783229908146916,0.0073561794050646815,0.0,0.0,0.0,0.0073561794050646815
25.899999999999064,0.5,12.124999999999574,-2.890509544566328,0.9875058982578366,2.214894207789655,0.9875058982578366,-2.890509544566328,-8.457424598568764,-8.457424598551029,0.678597039726467,0.6921536358162846,0.6954863748913861,0.6921536358162846,0.678597039726467,0.00739384934318573,0.0,0.0,0.0,0.00739384934318573
25.99999999999906,0.5,12.17499999999957,-2.8701244805137094,1.014022896281574,2.243915671565105,1.014022896281574,-2.8701244805137094,-8.442149906083444,-8.442149906065765,0.6788689038684064,0.692452710645831,0.6957920189258112,0.692452710645831,0.6788689038684064,0.00743125584750673,0.0,0.0,0.0,0.00743125584750673
26.099999999999053,0.5,12.224999999999568,-2.8497663348454694,1.0404641933284893,2.272841329010646,1.0404641933284893,-2.8497663348454694,-8.426862552976218,-8.426862552958596,0.6791386098641375,0.6927494183417032,0.6960952423117694,0.6927494183417032,0.6791386098641375,0.007468398204764502,0.0,0.0,0.0,0.007468398204764502
26.199999999999047,0.5,12.274999999999565,-2.829434914795115,1.0668303876092864,2.3016719460736113,1.0668303876092864,-2.829434914795115,-8.41156265056668,-8.411562650548774,0.6794061839326047,0.6930437859344708,0.6963960725263965,0.6930437859344708,0.6794061839326047,0.007505275727712995,0.0,0.0,0.0,0.007505275727712995
26.29999999999904,0.5,12.324999999999562,-2.8091300294119605,1.0931220717890255,2.330408281728978,1.0931220717890255,-2.8091300294119605,-8.396250309317509,-8.396250309299603,0.6796716518955911,0.6933358400571402,0.696694536645408,0.6933358400571402,0.6796716518955911,0.007541887754855329,0.0,0.0,0.0,0.007541887754855329
26.399999999999036,0.5,12.37499999999956,-2.7888514895181515,1.1193398330429432,2.3590510880499096,1.1193398330429432,-2.7888514895181515,-8.380925638843223,-8.380925638825431,0.6799350391851614,0.6936256069525434,0.69699066135053,0.6936256069525434,0.6799350391851614,0.007578233650181399,0.0,0.0,0.0,0.007578233650181399
26.49999999999903,0.5,12.424999999999557,-2.7685991076982646,1.1454842531211398,2.387601110270907,1.1454842531211398,-2.7685991076982646,-8.3655887479174,-8.365588747899608,0.6801963708508495,0.6939131124805858,0.6972844729367467,0.6939131124805858,0.6801963708508495,0.007614312802908747,0.0,0.0,0.0,0.007614312802908747
26.599999999999024,0.5,12.474999999999554,-2.7483726982599705,1.171555908413609,2.4160590868689837,1.171555908413609,-2.7483726982599705,-8.350239744478927,-8.350239744461135,0.6804556715667649,0.6941983821253354,0.6975759973194361,0.6941983821253354,0.6804556715667649,0.0076501246272274726,0.0,0.0,0.0,0.0076501246272274726
26.69999999999902,0.5,12.524999999999551,-2.728172077220222,1.197555370009809,2.444425749636139,1.197555370009809,-2.728172077220222,-8.334878735640132,-8.334878735622283,0.6807129656384673,0.6944814410019398,0.6978652600413224,0.6944814410019398,0.6807129656384673,0.007685668562048696,0.0,0.0,0.0,0.007685668562048696
26.799999999999013,0.5,12.574999999999548,-2.707997062274785,1.223483203764033,2.472701823740408,1.223483203764033,-2.707997062274785,-8.319505827693604,-8.319505827675812,0.6809682770097379,0.6947623138634064,0.6981522862792492,0.6947623138634064,0.6809682770097379,0.007720944070757106,0.0,0.0,0.0,0.007720944070757106
26.899999999999007,0.5,12.624999999999545,-2.687847472778685,1.2493399703534465,2.5008880278004426,1.2493399703534465,-2.687847472778685,-8.304121126119242,-8.30412112610145,0.6812216292691738,0.6950410251072155,0.6984371008508359,0.6950410251072155,0.6812216292691738,0.00775595064096659,0.0,0.0,0.0,0.00775595064096659
26.999999999999,0.5,12.674999999999542,-2.6677231297164212,1.2751262253336222,2.528985073949798,1.2751262253336222,-2.6677231297164212,-8.288724735591018,-8.288724735573169,0.6814730456566552,0.6953175987817811,0.6987197282209682,0.6953175987817811,0.6814730456566552,0.00779068778427935,0.0,0.0,0.0,0.00779068778427935
27.099999999998996,0.5,12.72499999999954,-2.6476238556972476,1.3008425191972037,2.556993667905033,1.3008425191972037,-2.6476238556972476,-8.27331675998414,-8.273316759966121,0.6817225490696096,0.6955920585927784,0.6990001925081512,0.6955920585927784,0.6817225490696096,0.007825155036048592,0.0,0.0,0.0,0.007825155036048592
27.19999999999899,0.5,12.774999999999537,-2.6275494749111203,1.3264893974369443,2.5849145090340357,1.3264893974369443,-2.6275494749111203,-8.25789730238148,-8.257897302363574,0.6819701620692484,0.6958644279093494,0.6992785174907311,0.6958644279093494,0.6819701620692484,0.007859351955144228,0.0,0.0,0.0,0.007859351955144228
27.299999999998985,0.5,12.824999999999534,-2.6074998131188067,1.3520674005940805,2.6127482904213366,1.3520674005940805,-2.6074998131188067,-8.242466465080781,-8.242466465062762,0.6822159068865665,0.6961347297701328,0.6995547266129726,0.6961347297701328,0.6822159068865665,0.007893278123721566,0.0,0.0,0.0,0.007893278123721566
27.39999999999898,0.5,12.874999999999531,-2.5874746976372194,1.3775770643218834,2.6404956989289303,1.3775770643218834,-2.5874746976372194,-8.227024349600413,-8.227024349582393,0.682459805428232,0.6964029868892035,0.6998288429909932,0.6964029868892035,0.682459805428232,0.00792693314699322,0.0,0.0,0.0,0.00792693314699322
27.499999999998973,0.5,12.924999999999528,-2.5674739572991143,1.4030189194356808,2.668157415266137,1.4030189194356808,-2.5674739572991143,-8.21157105668675,-8.211571056668731,0.6827018792824141,0.6966692216618544,0.7001008894186,0.6966692216618544,0.6827018792824141,0.007960316653004052,0.0,0.0,0.0,0.007960316653004052
27.599999999998968,0.5,12.974999999999525,-2.5474974224566154,1.4283934919679382,2.695734114052243,1.4283934919679382,-2.5474974224566154,-8.196106686320434,-8.1961066863023,0.6829421497243693,0.6969334561702614,0.700370888372977,0.6969334561702614,0.6829421497243693,0.007993428292408736,0.0,0.0,0.0,0.007993428292408736
27.699999999998962,0.5,13.024999999999523,-2.5275449249422763,1.4537013032189634,2.7232264638726065,1.4537013032189634,-2.5275449249422763,-8.180631337722161,-8.180631337704085,0.6831806377220206,0.6971957121890207,0.7006388620202367,0.6971957121890207,0.6831806377220206,0.00802626773825243,0.0,0.0,0.0,0.00802626773825243
27.799999999998956,0.5,13.07499999999952,-2.5076162980641925,1.4789428698147162,2.7506351273493124,1.4789428698147162,-2.5076162980641925,-8.165145109359969,-8.165145109341893,0.6834173639413257,0.6974560111905868,0.7009048322208974,0.6974560111905868,0.6834173639413257,0.008058834685754091,0.0,0.0,0.0,0.008058834685754091
27.89999999999895,0.5,13.124999999999517,-2.487711376579796,1.5041187037523969,2.777960761198244,1.5041187037523969,-2.487711376579796,-8.149648098954685,-8.149648098936552,0.6836523487515906,0.697714374350563,0.7011688205352044,0.697714374350563,0.6836523487515906,0.008091128852092499,0.0,0.0,0.0,0.008091128852092499
27.999999999998945,0.5,13.174999999999514,-2.467829996681928,1.529229312456323,2.8052040162880303,1.529229312456323,-2.467829996681928,-8.134140403486583,-8.134140403468393,0.6838856122306338,0.6979708225529084,0.7014308482283449,0.6979708225529084,0.6838856122306338,0.008123149976195013,0.0,0.0,0.0,0.008123149976195013
28.09999999999894,0.5,13.224999999999511,-2.4479719959774116,1.5542751988211876,2.8323655377006958,1.5542751988211876,-2.4479719959774116,-8.118622119201063,-8.11862211918293,0.6841171741698666,0.6982253763950029,0.701690936275564,0.6982253763950029,0.6841171741698666,0.008154897818528788,0.0,0.0,0.0,0.008154897818528788
28.199999999998933,0.5,13.274999999999508,-2.4281372134647086,1.579256861271233,2.8594459647985104,1.579256861271233,-2.4281372134647086,-8.103093341615022,-8.103093341596946,0.684347054079264,0.6984780561926484,0.7019491053671851,0.6984780561926484,0.684347054079264,0.008186372160894488,0.0,0.0,0.0,0.008186372160894488
28.299999999998928,0.5,13.324999999999505,-2.408325489535116,1.6041747937966306,2.8864459312706003,1.6041747937966306,-2.408325489535116,-8.087554165522988,-8.087554165504969,0.6845752711921693,0.6987288819849038,0.7022053759134775,0.6987288819849038,0.6845752711921693,0.008217572806222656,0.0,0.0,0.0,0.008217572806222656
28.399999999998922,0.5,13.374999999999503,-2.388536665932918,1.6290294860118024,2.913366065194225,1.6290294860118024,-2.388536665932918,-8.072004685002469,-8.072004684984392,0.6848018444701118,0.698977873538881,0.7024597680494578,0.698977873538881,0.6848018444701118,0.008248499578372695,0.0,0.0,0.0,0.008248499578372695
28.499999999998916,0.5,13.4249999999995,-2.3687705857581705,1.6538214232023734,2.9402069891008864,1.6538214232023734,-2.3687705857581705,-8.0564449934202,-8.05644499340201,0.6850267926074053,0.6992250503544145,0.7027123016396108,0.6992250503544145,0.6850267926074053,0.0082791523219336,0.0,0.0,0.0,0.0082791523219336
28.59999999999891,0.5,13.474999999999497,-2.349027093437769,1.6785510863596187,2.966969320014755,1.6785510863596187,-2.349027093437769,-8.040875183437777,-8.0408751834197,0.6852501340357391,0.6994704316685924,0.7029629962824386,0.6994704316685924,0.6852501340357391,0.008309530902027814,0.0,0.0,0.0,0.008309530902027814
28.699999999998905,0.5,13.524999999999494,-2.3293060347148185,1.7032189522423096,2.9936536695303175,1.7032189522423096,-2.3293060347148185,-8.025295347017732,-8.025295346999542,0.6854718869286259,0.6997140364602773,0.7032118713150182,0.6997140364602773,0.6854718869286259,0.008339635204116878,0.0,0.0,0.0,0.008339635204116878
28.7999999999989,0.5,13.574999999999491,-2.309607256634763,1.7278254934095685,3.020260643848985,1.7278254934095685,-2.309607256634763,-8.009705575428427,-8.009705575410237,0.6856920692057609,0.6999558834544534,0.7034589458173641,0.6999558834544534,0.6856920692057609,0.008369465133809524,0.0,0.0,0.0,0.008369465133809524
28.899999999998894,0.5,13.624999999999488,-2.2899306075272534,1.7523711782729947,3.0467908438469635,1.7523711782729947,-2.2899306075272534,-7.994105959250646,-7.9941059592323995,0.6859106985373119,0.700195991126536,0.7037042386167796,0.700195991126536,0.6859106985373119,0.008399020616672128,0.0,0.0,0.0,0.008399020616672128
28.999999999998888,0.5,13.674999999999486,-2.2702759369929595,1.7768564711429917,3.0732448651176583,1.7768564711429917,-2.2702759369929595,-7.97849658838237,-7.97849658836418,0.6861277923481021,0.700434377706585,0.703947768292057,0.700434377706585,0.6861277923481021,0.008428301598041293,0.0,0.0,0.0,0.008428301598041293
29.099999999998882,0.5,13.724999999999483,-2.2506430958909505,1.801281832254233,3.099623298034203,1.801281832254233,-2.2506430958909505,-7.962877552044517,-7.962877552026384,0.6863433678217069,0.7006710611833643,0.7041895531776458,0.7006710611833643,0.6863433678217069,0.008457308042838502,0.0,0.0,0.0,0.008457308042838502
29.199999999998877,0.5,13.77499999999948,-2.231031936319198,1.8256477178327373,3.1259267277949903,1.8256477178327373,-2.231031936319198,-7.947248938786686,-7.947248938768553,0.6865574419044885,0.7009060593084474,0.7044296113676918,0.7009060593084474,0.6865574419044885,0.008486039935386961,0.0,0.0,0.0,0.008486039935386961
29.29999999999887,0.5,13.824999999999477,-2.211442311602866,1.8499545801254271,3.152155734484552,1.8499545801254271,-2.211442311602866,-7.931610836491984,-7.931610836473681,0.6867700313095267,0.7011393896001276,0.7046679607200395,0.7011393896001276,0.6867700313095267,0.008514497279230602,0.0,0.0,0.0,0.008514497279230602
29.399999999998865,0.5,13.874999999999474,-2.1918740762249627,1.874202867434576,3.178310893115622,1.874202867434576,-2.1918740762249627,-7.915963332382489,-7.915963332364129,0.6869811551476106,0.7013710693472706,0.7049046188601006,0.7013710693472706,0.6869811551476106,0.008542679831740093,0.0,0.0,0.0,0.008542679831740093
29.49999999999886,0.5,13.924999999999471,-2.1723270862704,1.898393024181246,3.2043927736867204,1.898393024181246,-2.1723270862704,-7.900306513025043,-7.90030651300674,0.6871908373747279,0.701601115613166,0.7051396031846933,0.701601115613166,0.6871908373747279,0.008570578863597156,0.0,0.0,0.0,0.008570578863597156
29.599999999998854,0.5,13.974999999999469,-2.1528012004194466,1.9225254909018759,3.230401941226205,1.9225254909018759,-2.1528012004194466,-7.8846404643391566,-7.884640464320853,0.6873990945155818,0.7018295452391209,0.7053729308657644,0.7018295452391209,0.6873990945155818,0.008598181784573042,0.0,0.0,0.0,0.008598181784573042
29.699999999998848,0.5,14.024999999999466,-2.1332962787237193,1.9466007042977367,3.2563389558469567,1.9466007042977367,-2.1332962787237193,-7.868965271604566,-7.868965271586262,0.6876059431203173,0.7020563748481289,0.7056046188540717,0.7020563748481289,0.6876059431203173,0.0086254842921118,0.0,0.0,0.0,0.0086254842921118
29.799999999998843,0.5,14.074999999999463,-2.1138121823387337,1.9706190972691502,3.2822043727915116,1.9706190972691502,-2.1138121823387337,-7.853281019466351,-7.853281019448048,0.6878113994635164,0.7022816208484208,0.7058346838827654,0.7022816208484208,0.6878113994635164,0.00865248431233164,0.0,0.0,0.0,0.00865248431233164
29.899999999998837,0.5,14.12499999999946,-2.094348773515776,1.994581098956587,3.307998742482198,1.994581098956587,-2.094348773515776,-7.837587791939541,-7.837587791921067,0.6880154795574767,0.702505299436968,0.7060631424709156,0.702505299436968,0.6880154795574767,0.008679180222286968,0.0,0.0,0.0,0.008679180222286968
29.99999999999883,0.5,14.174999999999457,-2.074905915552222,2.0184871347767057,3.3337226105645072,2.0184871347767057,-2.074905915552222,-7.821885672414055,-7.821885672395581,0.6882181991589058,0.7027274266029011,0.7062900109269525,0.7027274266029011,0.6882181991589058,0.008705570586590137,0.0,0.0,0.0,0.008705570586590137
30.099999999998825,0.5,14.224999999999454,-2.0554834728106925,2.0423376264703847,3.359376517960527,2.0423376264703847,-2.0554834728106925,-7.806174743659483,-7.806174743640895,0.6884195737743629,0.7029480181308992,0.7065153053520683,0.7029480181308992,0.6884195737743629,0.008731654114954218,0.0,0.0,0.0,0.008731654114954218
30.19999999999882,0.5,14.274999999999451,-2.036081310699842,2.066132992128985,3.384961000906685,2.066132992128985,-2.036081310699842,-7.790455087829741,-7.790455087811097,0.6886196186655082,0.7031670896044485,0.7067390416435089,0.7031670896044485,0.6886196186655082,0.008757429651580774,0.0,0.0,0.0,0.008757429651580774
30.299999999998814,0.5,14.324999999999449,-2.01669929566026,2.0898736462455076,3.4104765910087167,2.0898736462455076,-2.01669929566026,-7.774726786467852,-7.774726786449207,0.6888183488541577,0.7033846564091107,0.7069612354978534,0.7033846564091107,0.6888183488541577,0.00878289616932049,0.0,0.0,0.0,0.00878289616932049
30.39999999999881,0.5,14.374999999999446,-1.9973372951560577,2.113559999746201,3.4359238152825924,2.113559999746201,-1.9973372951560577,-7.758989920510658,-7.758989920492127,0.6890157791271712,0.7036007337356757,0.7071819024141875,0.7036007337356757,0.6890157791271712,0.008808052764724501,0.0,0.0,0.0,0.008808052764724501
30.499999999998803,0.5,14.424999999999443,-1.9779951776687312,2.137192460022618,3.461303196195047,2.137192460022618,-1.9779951776687312,-7.7432445702930295,-7.743244570274612,0.689211924041183,0.7038153365832512,0.7074010576972221,0.7038153365832512,0.689211924041183,0.008832898653422811,0.0,0.0,0.0,0.008832898653422811
30.599999999998797,0.5,14.47499999999944,-1.958672812681641,2.1607714309836297,3.4866152517186606,2.1607714309836297,-1.958672812681641,-7.727490815552812,-7.727490815534395,0.6894067979272176,0.7040284797623508,0.7076187164603855,0.7040284797623508,0.6894067979272176,0.00885743316573794,0.0,0.0,0.0,0.00885743316573794
30.69999999999879,0.5,14.524999999999437,-1.939370070673931,2.184297313077309,3.5118604953710246,2.184297313077309,-1.939370070673931,-7.711728735435258,-7.711728735416727,0.6896004148951458,0.704240177897842,0.7078348936288222,0.704240177897842,0.6896004148951458,0.008881655742512116,0.0,0.0,0.0,0.008881655742512116
30.799999999998786,0.5,14.574999999999434,-1.9200868231118307,2.2077705033265715,3.537039436246914,2.2077705033265715,-1.9200868231118307,-7.69595840849712,-7.695958408478589,0.6897927888380149,0.7044504454318754,0.7080496039423072,0.7044504454318754,0.6897927888380149,0.008905565931135642,0.0,0.0,0.0,0.008905565931135642
30.89999999999878,0.5,14.624999999999432,-1.9008229424454726,2.231191395375504,3.5621525790840565,2.231191395375504,-1.9008229424454726,-7.680179912711594,-7.680179912693063,0.6899839334362391,0.7046592966267837,0.7082628619582052,0.7046592966267837,0.6899839334362391,0.008929163381766301,0.0,0.0,0.0,0.008929163381766301
30.999999999998774,0.5,14.674999999999429,-1.881578302084165,2.25456037951335,3.5872004242871185,2.25456037951335,-1.881578302084165,-7.664393325472702,-7.664393325454057,0.6901738621617279,0.7048667455678751,0.7084746820542549,0.7048667455678751,0.6901738621617279,0.00895244784373009,0.0,0.0,0.0,0.00895244784373009
31.09999999999877,0.5,14.724999999999426,-1.8623527763995185,2.2778778427195334,3.612183467977218,2.2778778427195334,-1.8623527763995185,-7.648598723599491,-7.648598723580619,0.6903625882818222,0.7050728061662209,0.7086850784313757,0.7050728061662209,0.6903625882818222,0.008975419162093875,0.0,0.0,0.0,0.008975419162093875
31.199999999998763,0.5,14.774999999999423,-1.843146240715157,2.3011441686803096,3.637102202033816,2.3011441686803096,-1.843146240715157,-7.632796183339735,-7.63279618332092,0.6905501248631521,0.7052774921613212,0.7088940651164006,0.7052774921613212,0.6905501248631521,0.00899807727440247,0.0,0.0,0.0,0.00899807727440247
31.299999999998757,0.5,14.82499999999942,-1.8239585712922803,2.3243597378402114,3.6619571141371807,2.3243597378402114,-1.8239585712922803,-7.616985780375387,-7.616985780356686,0.6907364847754037,0.7054808171238129,0.7091016559647573,0.7054808171238129,0.6907364847754037,0.009020422207570775,0.0,0.0,0.0,0.009020422207570775
31.39999999999875,0.5,14.874999999999417,-1.8047896453287535,2.3475249274252405,3.686748687802549,2.3475249274252405,-1.8047896453287535,-7.601167589826105,-7.60116758980746,0.6909216806949379,0.7056827944580512,0.7093078646630807,0.7056827944580512,0.6909216806949379,0.009042454074923942,0.0,0.0,0.0,0.009042454074923942
31.499999999998746,0.5,14.924999999999415,-1.7856393409471139,2.3706401114761775,3.711477402424748,2.3706401114761775,-1.7856393409471139,-7.585341686253571,-7.585341686234926,0.6911057251083472,0.705883437404673,0.7095127047318068,0.705883437404673,0.6911057251083472,0.009064173073378104,0.0,0.0,0.0,0.009064173073378104
31.59999999999874,0.5,14.974999999999412,-1.7665075371803027,2.393705660884109,3.736143733324127,2.393705660884109,-1.7665075371803027,-7.569508143665814,-7.56950814364717,0.691288630315916,0.7060827590431128,0.7097161895277173,0.7060827590431128,0.691288630315916,0.009085579480754188,0.0,0.0,0.0,0.009085579480754188
31.699999999998735,0.5,15.024999999999409,-1.7473941139747353,2.416721943416121,3.760748151775374,2.416721943416121,-1.7473941139747353,-7.553667035521187,-7.5536670355024285,0.691470408434944,0.7062807722940572,0.7099183322464002,0.7062807722940572,0.691470408434944,0.009106673653218959,0.0,0.0,0.0,0.009106673653218959
31.79999999999873,0.5,15.074999999999406,-1.7282989521723948,2.439689323752816,3.7852911250510033,2.439689323752816,-1.7282989521723948,-7.537818434732401,-7.537818434713756,0.6916510714030346,0.7064774899218734,0.7101191459246988,0.7064774899218734,0.6916510714030346,0.009127456022846328,0.0,0.0,0.0,0.009127456022846328
31.899999999998723,0.5,15.124999999999403,-1.7092219335130494,2.462608163516393,3.809773116463873,2.462608163516393,-1.7092219335130494,-7.521962413671076,-7.521962413652432,0.6918306309812456,0.7066729245369792,0.7103186434431146,0.7066729245369792,0.6918306309812456,0.009147927095293308,0.0,0.0,0.0,0.009147927095293308
31.999999999998717,0.5,15.1749999999994,-1.690162940607479,2.485478821293782,3.834194585400269,2.485478821293782,-1.690162940607479,-7.506099044171037,-7.506099044152336,0.692009098757233,0.7068670885981484,0.7105168375281464,0.7068670885981484,0.692009098757233,0.009168087447584575,0.0,0.0,0.0,0.009168087447584575
32.09999999999874,0.5,15.224999999999397,-1.6711218569561765,2.5083016526817232,3.8585559873619673,2.5083016526817232,-1.6711218569561765,-7.490228397532974,-7.490228397514102,0.6921864861481917,0.7070599944148422,0.7107137407546046,0.7070599944148422,0.6921864861481917,0.009187937726000586,0.0,0.0,0.0,0.009187937726000586
32.19999999999876,0.5,15.274999999999395,-1.6520985669160382,2.531077010300578,3.8828577739981824,2.531077010300578,-1.6520985669160382,-7.474350544527908,-7.4743505445089795,0.6923628044038606,0.7072516541494049,0.7109093655478647,0.7072516541494049,0.6923628044038606,0.009207478644064005,0.0,0.0,0.0,0.009207478644064005
32.29999999999878,0.5,15.324999999999392,-1.6330929557085483,2.5538052438399177,3.9071003931466635,2.5538052438399177,-1.6330929557085483,-7.458465555401517,-7.458465555382588,0.6925380646093371,0.7074420798193125,0.7111037241860988,0.7074420798193125,0.6925380646093371,0.009226710980619333,0.0,0.0,0.0,0.009226710980619333
32.399999999998805,0.5,15.374999999999389,-1.614104909406592,2.576486700066255,3.931284288869108,2.576486700066255,-1.614104909406592,-7.442573499877767,-7.442573499858838,0.692712277687882,0.7076312832992782,0.7112968288024551,0.7076312832992782,0.692712277687882,0.0092456355780015,0.0,0.0,0.0,0.0092456355780015
32.49999999999883,0.5,15.424999999999386,-1.5951343149238824,2.599121722869711,3.955409901492942,2.599121722869711,-1.5951343149238824,-7.42667444716335,-7.426674447144194,0.6928854544036448,0.7078192763234226,0.7114886913872187,0.7078192763234226,0.6928854544036448,0.00926425334028863,0.0,0.0,0.0,0.00926425334028863
32.59999999999885,0.5,15.474999999999383,-1.5761810600184276,2.621710653294258,3.9794776676363313,2.621710653294258,-1.5761810600184276,-7.410768465950298,-7.4107684659311985,0.6930576053642854,0.7080060704873645,0.7116793237898833,0.7080060704873645,0.6930576053642854,0.009282565231635103,0.0,0.0,0.0,0.009282565231635103
32.69999999999887,0.5,15.52499999999938,-1.5572450332685435,2.6442538295438567,4.00348802025087,2.6442538295438567,-1.5572450332685435,-7.394855624421098,-7.394855624402169,0.6932287410235995,0.7081916772502065,0.711868737721238,0.7081916772502065,0.6932287410235995,0.009300572274680705,0.0,0.0,0.0,0.009300572274680705
32.799999999998896,0.5,15.574999999999378,-1.5383261240822321,2.6667515870298644,4.027441388652278,2.6667515870298644,-1.5383261240822321,-7.378935990252046,-7.37893599023306,0.6933988716840009,0.7083761079366001,0.7120569447553886,0.7083761079366001,0.6933988716840009,0.00931827554903233,0.0,0.0,0.0,0.00931827554903233
32.89999999999892,0.5,15.624999999999375,-1.5194242226798451,2.6892042583912144,4.051338198561496,2.6892042583912144,-1.5194242226798451,-7.363009630616546,-7.363009630597446,0.6935680074990058,0.7085593737386985,0.7122439563317617,0.7085593737386985,0.6935680074990058,0.009335676189814452,0.0,0.0,0.0,0.009335676189814452
32.99999999999894,0.5,15.674999999999372,-1.5005392200824303,2.7116121735152205,4.075178872133051,2.7116121735152205,-1.5005392200824303,-7.347076612189198,-7.347076612169985,0.6937361584756486,0.7087414857180779,0.7124297837570515,0.7087414857180779,0.6937361584756486,0.009352775386285038,0.0,0.0,0.0,0.009352775386285038
33.099999999998964,0.5,15.724999999999369,-1.4816710081258861,2.733975659579471,4.098963827994453,2.733975659579471,-1.4816710081258861,-7.3311370011493295,-7.33113700113006,0.6939033344767679,0.7089224548076832,0.7126144382071568,0.7089224548076832,0.6939033344767679,0.009369574380513746,0.0,0.0,0.0,0.009369574380513746
33.19999999999899,0.5,15.774999999999366,-1.4628194794273668,2.7562950410587064,4.122693481272847,2.7562950410587064,-1.4628194794273668,-7.315190863185023,-7.31519086316581,0.6940695452233692,0.7091022918136439,0.7127979307290468,0.7091022918136439,0.6940695452233692,0.009386074466119426,0.0,0.0,0.0,0.009386074466119426
33.29999999999901,0.5,15.824999999999363,-1.4439845273914216,2.7785706397693275,4.146368243632651,2.7785706397693275,-1.4439845273914216,-7.299238263496591,-7.299238263477264,0.6942348002968245,0.7092810074171593,0.7129802722426333,0.7092810074171593,0.6942348002968245,0.00940227698706338,0.0,0.0,0.0,0.00940227698706338
33.39999999999903,0.5,15.87499999999936,-1.4251660462119276,2.8008027748801396,4.169988523307893,2.8008027748801396,-1.4251660462119276,-7.283279266799241,-7.283279266779971,0.6943991091410342,0.7094586121762645,0.7131614735425892,0.7094586121762645,0.6943991091410342,0.009418183336496543,0.0,0.0,0.0,0.009418183336496543
33.499999999999055,0.5,15.924999999999358,-1.4063639308444635,2.8229917629477086,4.193554725139904,2.8229917629477086,-1.4063639308444635,-7.267313937328538,-7.267313937309098,0.6945624810646165,0.7096351165276258,0.7133415453001538,0.7096351165276258,0.6945624810646165,0.009433794955657665,0.0,0.0,0.0,0.009433794955657665
33.59999999999908,0.5,15.974999999999355,-1.387578077018759,2.8451379179293212,4.217067250591583,2.8451379179293212,-1.387578077018759,-7.25134233884188,-7.25134233882244,0.694724925242944,0.7098105307882511,0.713520498064845,0.7098105307882511,0.694724925242944,0.00944911333281922,0.0,0.0,0.0,0.00944911333281922
33.6999999999991,0.5,16.02499999999936,-1.3688083812176615,2.8672415512233442,4.2405264978028185,2.8672415512233442,-1.3688083812176615,-7.235364534623443,-7.2353645346040025,0.6948864507202185,0.7099848651572399,0.7136983422662506,0.7099848651572399,0.6948864507202185,0.009464140002279969,0.0,0.0,0.0,0.009464140002279969
33.79999999999912,0.5,16.07499999999937,-1.3500547406836745,2.889302971679058,4.26393286160544,2.889302971679058,-1.3500547406836745,-7.219380587487251,-7.219380587467697,0.6950470664114311,0.710158129717426,0.7138750882156824,0.710158129717426,0.6950470664114311,0.009478876543400733,0.0,0.0,0.0,0.009478876543400733
33.899999999999146,0.5,16.124999999999382,-1.331317053398891,2.9113224856303077,4.2872867335605065,2.9113224856303077,-1.331317053398891,-7.203390559780246,-7.203390559760635,0.6952067811043479,0.7103303344370523,0.7140507461078629,0.7103303344370523,0.6952067811043479,0.009493324579682336,0.0,0.0,0.0,0.009493324579682336
33.99999999999917,0.5,16.174999999999393,-1.312595218091701,2.933300396913296,4.310588501992129,2.933300396913296,-1.312595218091701,-7.187394513386096,-7.187394513366542,0.6953656034613799,0.7105014891713768,0.7142253260225737,0.7105014891713768,0.6953656034613799,0.009507485777882551,0.0,0.0,0.0,0.009507485777882551
34.09999999999919,0.5,16.224999999999405,-1.293889134222809,2.9552370068955156,4.33383855200384,2.9552370068955156,-1.293889134222809,-7.171392509728605,-7.171392509709051,0.6955235420214709,0.7106716036642824,0.7143988379262283,0.7106716036642824,0.6955235420214709,0.009521361847171249,0.0,0.0,0.0,0.009521361847171249
34.199999999999214,0.5,16.274999999999416,-1.2751987019694866,2.977132614493371,4.357037265530153,2.977132614493371,-1.2751987019694866,-7.155384609774899,-7.155384609755345,0.695680605201946,0.7108406875498244,0.7145712916735176,0.7108406875498244,0.695680605201946,0.00953495453832085,0.0,0.0,0.0,0.00953495453832085
34.29999999999924,0.5,16.324999999999427,-1.2565238222399557,2.9989875161994632,4.380185021346676,2.9989875161994632,-1.2565238222399557,-7.139370874038832,-7.139370874019221,0.6958368013002422,0.711008750353785,0.7147426970089105,0.711008750353785,0.6958368013002422,0.009548265642931117,0.0,0.0,0.0,0.009548265642931117
34.39999999999926,0.5,16.37499999999944,-1.237864396659461,3.0208020060985064,4.403282195111274,3.0208020060985064,-1.237864396659461,-7.123351362584458,-7.12335136256462,0.6959921384956784,0.7111758014951662,0.7149130635682185,0.7111758014951662,0.6959921384956784,0.009561296992686713,0.0,0.0,0.0,0.009561296992686713
34.49999999999928,0.5,16.42499999999945,-1.2192203275537281,3.042576375899216,4.426329159385887,3.042576375899216,-1.2192203275537281,-7.1073261350287,-7.107326135008748,0.6961466248511935,0.7113418502877022,0.7150824008800812,0.7113418502877022,0.6961466248511935,0.009574050458645135,0.0,0.0,0.0,0.009574050458645135
34.599999999999305,0.5,16.47499999999946,-1.200591517956127,3.064310914949317,4.449326283678431,3.064310914949317,-1.200591517956127,-7.091295250545329,-7.091295250525661,0.6963002683149851,0.7115069059413041,0.7152507183674792,0.7115069059413041,0.6963002683149851,0.009586527950554306,0.0,0.0,0.0,0.009586527950554306
34.69999999999933,0.5,16.524999999999473,-1.181977871599429,3.08600591025845,4.472273934451096,3.08600591025845,-1.181977871599429,-7.075258767868263,-7.075258767848538,0.6964530767221603,0.7116709775634932,0.7154180253491342,0.7116709775634932,0.6964530767221603,0.009598731416197999,0.0,0.0,0.0,0.009598731416197999
34.79999999999935,0.5,16.574999999999484,-1.1633792929023343,3.107661646528868,4.495172475164054,3.107661646528868,-1.1633792929023343,-7.0592167452937815,-7.059216745274057,0.6966050577963596,0.7118340741608462,0.7155843310409812,0.7118340741608462,0.6966050577963596,0.009610662840768199,0.0,0.0,0.0,0.009610662840768199
34.89999999999937,0.5,16.624999999999496,-1.1447956869676545,3.12927840616004,4.518022266301273,3.12927840616004,-1.1447956869676545,-7.04316924068479,-7.0431692406650654,0.6967562191513209,0.7119962046403316,0.7157496445575692,0.7119962046403316,0.6967562191513209,0.009622324246262406,0.0,0.0,0.0,0.009622324246262406
34.999999999999396,0.5,16.674999999999507,-1.1262269595746943,3.1508564692821324,4.540823665393646,3.1508564692821324,-1.1262269595746943,-7.027116311473549,-7.027116311453767,0.6969065682924293,0.7121573778107108,0.7159139749134302,0.7121573778107108,0.6969065682924293,0.009633717690905125,0.0,0.0,0.0,0.009633717690905125
35.09999999999942,0.5,16.72499999999952,-1.1076730171824352,3.1723961137743686,4.56357702705003,3.1723961137743686,-1.1076730171824352,-7.0110580146644566,-7.011058014644675,0.6970561126182012,0.712317602383874,0.716077331024448,0.712317602383874,0.6970561126182012,0.009644845268592838,0.0,0.0,0.0,0.009644845268592838
35.19999999999944,0.5,16.77499999999953,-1.0891337669128802,3.193897615284584,4.586282702972142,3.193897615284584,-1.0891337669128802,-6.994994406837748,-6.994994406817966,0.6972048594217964,0.7124768869761552,0.7162397217091636,0.7124768869761552,0.6972048594217964,0.009655709108360574,0.0,0.0,0.0,0.009655709108360574
35.299999999999464,0.5,16.82499999999954,-1.0706091165477005,3.215361247249575,4.608941042006961,3.215361247249575,-1.0706091165477005,-6.9789255441522755,-6.978925544132437,0.6973528158924664,0.7126352401096314,0.7164011556901589,0.7126352401096314,0.6973528158924664,0.009666311373869082,0.0,0.0,0.0,0.009666311373869082
35.39999999999949,0.5,16.874999999999552,-1.0520989745310771,3.2367872809140295,4.6315523901462825,3.2367872809140295,-1.0520989745310771,-6.962851482348526,-6.962851482328688,0.6974999891169518,0.7127926702133941,0.7165616415952755,0.7127926702133941,0.6974999891169518,0.009676654262912449,0.0,0.0,0.0,0.009676654262912449
35.49999999999951,0.5,16.924999999999564,-1.0336032499519092,3.2581759853551944,4.654117090574346,3.2581759853551944,-1.0336032499519092,-6.9467722767516875,-6.946772276731792,0.69764638607378,0.7129491856248179,0.7167211879589442,0.7129491856248179,0.69764638607378,0.009686740006026203,0.0,0.0,0.0,0.009686740006026203
35.59999999999953,0.5,16.974999999999575,-1.015121852512209,3.2795276275008973,4.676635483674943,3.2795276275008973,-1.015121852512209,-6.930687982274719,-6.93068798225471,0.6977920134943106,0.7131047945907906,0.7168798032233866,0.7131047945907906,0.6977920134943106,0.009696569850837767,0.0,0.0,0.0,0.009696569850837767
35.699999999999555,0.5,17.024999999999586,-0.9966546926481215,3.3008424721433016,4.699107907072232,3.3008424721433016,-0.9966546926481215,-6.914598653421365,-6.914598653401185,0.6979368783728055,0.7132595052689079,0.7170374957398848,0.7132595052689079,0.6979368783728055,0.009706142768108338,0.0,0.0,0.0,0.009706142768108338
35.79999999999958,0.5,17.074999999999598,-0.9782016815457268,3.32212078196892,4.721534695644721,3.32212078196892,-0.9782016815457268,-6.898504344288995,-6.898504344268929,0.698080987539639,0.7134133257287008,0.7171942737699595,0.7134133257287008,0.698080987539639,0.009715459916585095,0.0,0.0,0.0,0.009715459916585095
35.8999999999996,0.5,17.12499999999961,-0.9597627310042753,3.343362817559239,4.7439161815590865,3.343362817559239,-0.9597627310042753,-6.882405108572584,-6.882405108552689,0.6982243476972254,0.713566263952759,0.7173501454865865,0.713566263952759,0.6982243476972254,0.00972452340948507,0.0,0.0,0.0,0.00972452340948507
35.99999999999962,0.5,17.17499999999962,-0.941337753436585,3.3645688374245992,4.766252694291097,3.3645688374245992,-0.941337753436585,-6.866300999566988,-6.86630099954715,0.698366965441297,0.7137183278379243,0.717505118975355,0.7137183278379243,0.698366965441297,0.009733335521836518,0.0,0.0,0.0,0.009733335521836518
36.099999999999646,0.5,17.224999999999632,-0.9229266618657448,3.385739098024146,4.788544560647779,3.385739098024146,-0.9229266618657448,-6.850192070169612,-6.850192070149831,0.6985088472644349,0.7138695251964339,0.7176592022356143,0.7138695251964339,0.6985088472644349,0.009741898599812757,0.0,0.0,0.0,0.009741898599812757
36.19999999999967,0.5,17.274999999999643,-0.9045293699128933,3.406873853770321,4.810792104797372,3.406873853770321,-0.9045293699128933,-6.834078372883766,-6.834078372863985,0.6986499995579422,0.7140198637569966,0.7178124031816238,0.7140198637569966,0.6986499995579422,0.009750215049761575,0.0,0.0,0.0,0.009750215049761575
36.29999999999969,0.5,17.324999999999655,-0.8861457917977305,3.4279733570606368,4.832995648283884,3.4279733570606368,-0.8861457917977305,-6.817959959820826,-6.817959959801044,0.698790428613462,0.7141693511659338,0.7179647296436374,0.7141693511659338,0.698790428613462,0.009758287335675155,0.0,0.0,0.0,0.009758287335675155
36.399999999999714,0.5,17.374999999999666,-0.8677758423343107,3.4490378582927974,4.8551555100671635,3.4490378582927974,-0.8677758423343107,-6.801836882703867,-6.801836882684029,0.698930140624543,0.7143179949882519,0.7181161893690533,0.7143179949882519,0.698930140624543,0.009766117977606781,0.0,0.0,0.0,0.009766117977606781
36.49999999999974,0.5,17.424999999999677,-0.8494194369216075,3.4700676058797058,4.877272006524606,3.4700676058797058,-0.8494194369216075,-6.785709192869717,-6.785709192849708,0.6990691416881887,0.7144658027086968,0.7182667900234256,0.7144658027086968,0.6990691416881887,0.009773709550244584,0.0,0.0,0.0,0.009773709550244584
36.59999999999976,0.5,17.47499999999969,-0.8310764915400455,3.491062846271177,4.89934545149265,3.491062846271177,-0.8310764915400455,-6.769576941271737,-6.769576941251842,0.6992074378063403,0.7146127817328167,0.7184165391915834,0.7146127817328167,0.6992074378063403,0.009781064681557183,0.0,0.0,0.0,0.009781064681557183
36.69999999999978,0.5,17.5249999999997,-0.8127469227500228,3.5120238239657624,4.921376156287067,3.5120238239657624,-0.8127469227500228,-6.753440178483288,-6.753440178463279,0.6993450348873217,0.7147589393879747,0.7185654443786652,0.7147589393879747,0.6993450348873217,0.009788186051499401,0.0,0.0,0.0,0.009788186051499401
36.799999999999805,0.5,17.57499999999971,-0.7944306476779275,3.532950781535021,4.94336442971445,3.532950781535021,-0.7944306476779275,-6.737298954699327,-6.737298954679375,0.6994819387472901,0.7149042829243837,0.7187135130111175,0.7149042829243837,0.6994819387472901,0.009795076390774631,0.0,0.0,0.0,0.009795076390774631
36.89999999999983,0.5,17.624999999999723,-0.776127584029382,3.553843959638982,4.965310578105289,3.553843959638982,-0.776127584029382,-6.721153319740097,-6.721153319720145,0.6996181551115621,0.7150488195161007,0.7188607524377391,0.7150488195161007,0.6996181551115621,0.009801738479651212,0.0,0.0,0.0,0.009801738479651212
36.99999999999985,0.5,17.674999999999734,-0.7578376499968158,3.5747035970396155,4.987214905333474,3.5747035970396155,-0.7578376499968158,-6.705003323053006,-6.705003323033111,0.6997536893644047,0.7151925562619985,0.7190071699306666,0.7151925562619985,0.6997536893644047,0.00980817465047368,0.0,0.0,0.0,0.00980817465047368
37.09999999999987,0.5,17.724999999999746,-0.7395607641855122,3.595529930628743,5.009077712840167,3.595529930628743,-0.7395607641855122,-6.688849013715469,-6.688849013695574,0.6998885468923096,0.7153355001867661,0.7191527726863626,0.7153355001867661,0.6998885468923096,0.009814384743588074,0.0,0.0,0.0,0.009814384743588074
37.199999999999896,0.5,17.774999999999757,-0.7212968458436535,3.6163231954332673,5.030899299647899,3.6163231954332673,-0.7212968458436535,-6.672690440436838,-6.672690440417,0.7000227331639005,0.7154776582418254,0.7192975678265598,0.7154776582418254,0.7000227331639005,0.009820370655616886,0.0,0.0,0.0,0.009820370655616886
37.29999999999992,0.5,17.82499999999977,-0.703045814783934,3.637083624639729,5.052679962397349,3.637083624639729,-0.703045814783934,-6.656527651561703,-6.656527651541808,0.7001562535031234,0.7156190373062942,0.7194415623992548,0.7156190373062942,0.7001562535031234,0.00982613564456334,0.0,0.0,0.0,0.00982613564456334
37.39999999999994,0.5,17.87499999999978,-0.6848075913831053,3.657811449609028,5.074419995353026,3.657811449609028,-0.6848075913831053,-6.640360695072275,-6.640360695052266,0.7002891131538423,0.7157596441879026,0.7195847633795982,0.7157596441879026,0.7002891131538423,0.009831683110781869,0.0,0.0,0.0,0.009831683110781869
37.499999999999964,0.5,17.92499999999979,-0.6665820965644116,3.678506899889669,5.096119690433397,3.678506899889669,-0.6665820965644116,-6.624189618590947,-6.624189618570881,0.700421317284149,0.715899485623895,0.7197271776708418,0.715899485623895,0.700421317284149,0.009837016486927077,0.0,0.0,0.0,0.009837016486927077
37.59999999999999,0.5,17.974999999999802,-0.6483692518008866,3.6991702032333365,5.117779337230218,3.6991702032333365,-0.6483692518008866,-6.608014469383079,-6.6080144693628995,0.7005528709874295,0.7160385682819199,0.7198688121052446,0.7160385682819199,0.7005528709874295,0.009842139229868156,0.0,0.0,0.0,0.009842139229868156
37.70000000000001,0.5,18.024999999999814,-0.6301689791044396,3.719801585611094,5.1393992230256345,3.719801585611094,-0.6301689791044396,-6.591835294359328,-6.591835294339205,0.7006837792832189,0.7161768987609134,0.7200096734449487,0.7161768987609134,0.7006837792832189,0.009847054820186612,0.0,0.0,0.0,0.009847054820186612
37.80000000000003,0.5,18.074999999999825,-0.6119812010334726,3.7404012712351005,5.160979632822659,3.7404012712351005,-0.6119812010334726,-6.575652140078205,-6.575652140058082,0.7008140471179772,0.7163144835919846,0.7201497683828944,0.7163144835919846,0.7008140471179772,0.009851766762226797,0.0,0.0,0.0,0.009851766762226797
37.900000000000055,0.5,18.124999999999837,-0.5938058406687787,3.76096948257333,5.1825208493525,3.76096948257333,-0.5938058406687787,-6.559465052748806,-6.559465052728683,0.700943679365942,0.7164513292392609,0.7202891035436448,0.7164513292392609,0.700943679365942,0.00985627858417734,0.0,0.0,0.0,0.00985627858417734
38.00000000000008,0.5,18.174999999999848,-0.5756428216222389,3.781506440352757,5.2040231531021846,3.781506440352757,-0.5756428216222389,-6.543274078233026,-6.543274078212846,0.7010726808298793,0.7165874421007009,0.7204276854842617,0.7165874421007009,0.7010726808298793,0.009860593838145252,0.0,0.0,0.0,0.009860593838145252
38.1000000000001,0.5,18.22499999999986,-0.5574920680232367,3.802012363586755,5.22548682233753,3.802012363586755,-0.5574920680232367,-6.527079262047948,-6.527079262027826,0.7012010561652783,0.7167228285089512,0.7205655206951521,0.7167228285089512,0.7012010561652783,0.009864716051100187,0.0,0.0,0.0,0.009864716051100187
38.200000000000124,0.5,18.27499999999987,-0.5393535043798465,3.822487469584189,5.246912133119338,3.822487469584189,-0.5393535043798465,-6.51088064936846,-6.510880649348451,0.701328809708551,0.7168574947321457,0.7207026156008888,0.7168574947321457,0.701328809708551,0.009868646824752626,0.0,0.0,0.0,0.009868646824752626
38.300000000000146,0.5,18.324999999999882,-0.5212270557178726,3.842931973972725,5.268299359318235,3.842931973972725,-0.5212270557178726,-6.494678285029465,-6.494678285009343,0.7014559461135342,0.7169914469747333,0.7208389765610065,0.7169914469747333,0.7014559461135342,0.009872387852989856,0.0,0.0,0.0,0.009872387852989856
38.40000000000017,0.5,18.374999999999893,-0.5031126476288819,3.863346090702578,5.289648772639339,3.863346090702578,-0.5031126476288819,-6.478472213527709,-6.47847221350753,0.7015824698717104,0.7171246913782352,0.7209746098708256,0.7171246913782352,0.7015824698717104,0.009875943014520258,0.0,0.0,0.0,0.009875943014520258
38.50000000000019,0.5,18.424999999999905,-0.4850102062209771,3.883730032075732,5.310960642644886,3.883730032075732,-0.4850102062209771,-6.462262479025128,-6.462262479004778,0.7017083854051845,0.7172572340220623,0.7211095217622465,0.7172572340220623,0.7017083854051845,0.00987931641997581,0.0,0.0,0.0,0.00987931641997581
38.600000000000215,0.5,18.474999999999916,-0.46691965811987757,3.9040840087407673,5.332235236761562,3.9040840087407673,-0.46691965811987757,-6.446049125350498,-6.446049125330205,0.7018336970771801,0.7173890809242319,0.7212437184044981,0.7173890809242319,0.7018336970771801,0.009882512189139459,0.0,0.0,0.0,0.009882512189139459
38.70000000000024,0.5,18.524999999999928,-0.44884093045709506,3.9244082297251452,5.353472820311538,3.9244082297251452,-0.44884093045709506,-6.429832196002849,-6.429832195982442,0.7019584091928409,0.7175202380421692,0.7213772059049381,0.7175202380421692,0.7019584091928409,0.009885534441498471,0.0,0.0,0.0,0.009885534441498471
38.80000000000026,0.5,18.57499999999994,-0.4307739508745385,3.9447029024348694,5.374673656531741,3.9447029024348694,-0.4307739508745385,-6.413611734152596,-6.413611734132189,0.7020825259995189,0.7176507112734101,0.7215099903098102,0.7176507112734101,0.7020825259995189,0.009888387297154312,0.0,0.0,0.0,0.009888387297154312
38.90000000000028,0.5,18.62499999999995,-0.4127186475094504,3.964968232683077,5.3958380065759,3.964968232683077,-0.4127186475094504,-6.397387782644728,-6.397387782624264,0.7022060516871018,0.7177805064563769,0.7216420776049433,0.7177805064563769,0.7022060516871018,0.009891074878152559,0.0,0.0,0.0,0.009891074878152559
39.000000000000306,0.5,18.67499999999996,-0.3946749489993522,3.9852044246862874,5.416966129548939,3.9852044246862874,-0.3946749489993522,-6.381160384000907,-6.38116038398033,0.7023289903883068,0.7179096293710482,0.7217734737165278,0.7179096293710482,0.7023289903883068,0.009893601309754814,0.0,0.0,0.0,0.009893601309754814
39.10000000000033,0.5,18.724999999999973,-0.3766427844299187,4.005411681094074,5.438058282523627,4.005411681094074,-0.3766427844299187,-6.3649295804217445,-6.36492958040111,0.7024513459394053,0.718038085739716,0.7219041845118354,0.718038085739716,0.7024513459394053,0.009895970220369978,0.0,0.0,0.0,0.009895970220369978
39.20000000000035,0.5,18.774999999999984,-0.35862208328308043,4.025590202992646,5.459114720548769,4.025590202992646,-0.35862208328308043,-6.348695413788619,-6.348695413767871,0.7025731222561032,0.7181658812276562,0.7220342157999022,0.7181658812276562,0.7025731222561032,0.009898183393777094,0.0,0.0,0.0,0.009898183393777094
39.300000000000374,0.5,18.824999999999996,-0.3406127755675925,4.045740189926448,5.480135696675916,4.045740189926448,-0.3406127755675925,-6.332457925666347,-6.332457925645713,0.7026943233448553,0.7182930214438419,0.7221635733322567,0.7182930214438419,0.7026943233448553,0.00990024472673271,0.0,0.0,0.0,0.00990024472673271
39.4000000000004,0.5,18.875000000000007,-0.3226147918093716,4.0658618399018565,5.501121461971479,4.0658618399018565,-0.3226147918093716,-6.316217157305459,-6.3162171572847114,0.7028149530920758,0.7184195119415977,0.7222922628035945,0.7184195119415977,0.7028149530920758,0.009902158836478924,0.0,0.0,0.0,0.009902158836478924
39.50000000000042,0.5,18.92500000000002,-0.30462806301477485,4.085955349410597,5.522072265539521,4.085955349410597,-0.30462806301477485,-6.299973149644018,-6.29997314962327,0.7029350153363978,0.7185453582192942,0.722420289852473,0.7185453582192942,0.7029350153363978,0.009903930340893138,0.0,0.0,0.0,0.009903930340893138
39.60000000000044,0.5,18.97500000000003,-0.28665252066622315,4.106020913430314,5.542988354532838,4.106020913430314,-0.28665252066622315,-6.283725943310515,-6.28372594328971,0.7030545138702093,0.7186705657209781,0.722547660061967,0.7186705657209781,0.7030545138702093,0.009905563836497704,0.0,0.0,0.0,0.009905563836497704
39.700000000000465,0.5,19.02500000000004,-0.2686880967359002,4.126058725451799,5.563869974178317,4.126058725451799,-0.2686880967359002,-6.267475578625806,-6.267475578604888,0.7031734524394931,0.718795139837058,0.7226743789603525,0.718795139837058,0.7031734524394931,0.009907063900603289,0.0,0.0,0.0,0.009907063900603289
39.80000000000049,0.5,19.075000000000053,-0.2507347236687565,4.146068977480013,5.584717367777955,4.146068977480013,-0.2507347236687565,-6.251222095605101,-6.251222095584183,0.7032918347437579,0.7189190859049135,0.7228004520217113,0.7189190859049135,0.7032918347437579,0.009908435093960907,0.0,0.0,0.0,0.009908435093960907
39.90000000000051,0.5,19.125000000000064,-0.2327923343619318,4.166051860045513,5.6055307767445015,4.166051860045513,-0.2327923343619318,-6.234965533960633,-6.234965533939658,0.7034096642422594,0.7190424092095251,0.7229258846666307,0.7190424092095251,0.7034096642422594,0.009909681645152576,0.0,0.0,0.0,0.009909681645152576
40.00000000000053,0.5,19.175000000000075,-0.21486086210092026,4.18600756223384,5.626310440607483,4.18600756223384,-0.21486086210092026,-6.218705933103479,-6.218705933082333,0.7035269444133813,0.7191651149841409,0.7230506822628024,0.7191651149841409,0.7035269444133813,0.009910806365350001,0.0,0.0,0.0,0.009910806365350001
40.100000000000556,0.5,19.225000000000087,-0.1969402406675158,4.205936271675455,5.647056597030883,4.205936271675455,-0.1969402406675158,-6.202443332145322,-6.202443332124119,0.7036436788882776,0.7192872084108266,0.7231748501256531,0.7192872084108266,0.7036436788882776,0.009911813731790337,0.0,0.0,0.0,0.009911813731790337
40.20000000000058,0.5,19.275000000000098,-0.17903040432844364,4.225838174571834,5.667769481825474,4.225838174571834,-0.17903040432844364,-6.186177769901178,-6.186177769880032,0.703759871177434,0.7194086946211117,0.7232983935189456,0.7194086946211117,0.703759871177434,0.009912708763693191,0.0,0.0,0.0,0.009912708763693191
40.3000000000006,0.5,19.32500000000011,-0.1611312878184208,4.245713455704674,5.688449328976276,4.245713455704674,-0.1611312878184208,-6.169909284891617,-6.169909284870414,0.7038755247532307,0.7195295786965742,0.7234213176554177,0.7195295786965742,0.7038755247532307,0.009913496446095973,0.0,0.0,0.0,0.009913496446095973
40.400000000000624,0.5,19.37500000000012,-0.14324282633759822,4.265562298446525,5.709096370646705,4.265562298446525,-0.14324282633759822,-6.153637915344348,-6.153637915323088,0.703990643050646,0.7196498656694231,0.7235436276973471,0.7196498656694231,0.703990643050646,0.009914181722977021,0.0,0.0,0.0,0.009914181722977021
40.50000000000065,0.5,19.425000000000132,-0.12536495553985105,4.285384884774317,5.729710837200287,4.285384884774317,-0.12536495553985105,-6.1373636991968965,-6.137363699175637,0.7041052294667579,0.7197695605230849,0.7236653287571567,0.7197695605230849,0.7041052294667579,0.009914769501529848,0.0,0.0,0.0,0.009914769501529848
40.60000000000067,0.5,19.475000000000144,-0.10749761151868142,4.305181395274758,5.750292957215947,4.305181395274758,-0.10749761151868142,-6.121086674098478,-6.121086674077162,0.7042192871226067,0.7198886681927538,0.723786425897993,0.7198886681927538,0.7042192871226067,0.009915264327783432,0.0,0.0,0.0,0.009915264327783432
40.70000000000069,0.5,19.525000000000155,-0.08964073077976309,4.324952009165997,5.770842957500463,4.324952009165997,-0.08964073077976309,-6.104806877412102,-6.104806877390558,0.7043328193050052,0.7200071935659798,0.7239069241342915,0.7200071935659798,0.7043328193050052,0.009915670205963322,0.0,0.0,0.0,0.009915670205963322
40.800000000000715,0.5,19.575000000000166,-0.07179425030113862,4.344696904299553,5.791361063102329,4.344696904299553,-0.07179425030113862,-6.088524346216332,-6.088524346194674,0.7044458293588924,0.720125141483202,0.724026828432335,0.720125141483202,0.7044458293588924,0.009915992334510133,0.0,0.0,0.0,0.009915992334510133
40.90000000000074,0.5,19.625000000000178,-0.053958107532650956,4.364416257175492,5.811847497333588,4.364416257175492,-0.053958107532650956,-6.072239117307845,-6.072239117286131,0.7045583205454076,0.7202425167382978,0.72414614371083,0.7202425167382978,0.7045583205454076,0.009916236019012042,0.0,0.0,0.0,0.009916236019012042
41.00000000000076,0.5,19.67500000000019,-0.03613224036524798,4.384110242958116,5.832302481776537,4.384110242958116,-0.03613224036524798,-6.0559512272030815,-6.055951227181367,0.704670296095485,0.7203593240791414,0.7242648748414319,0.7203593240791414,0.704670296095485,0.009916406500276297,0.0,0.0,0.0,0.009916406500276297
41.10000000000078,0.5,19.7250000000002,-0.018316587144568075,4.403779035474031,5.852726236307888,4.403779035474031,-0.018316587144568075,-6.039660712140801,-6.03966071211903,0.7047817592054224,0.7204755682080932,0.7243830266493105,0.7204755682080932,0.7047817592054224,0.009916508959799727,0.0,0.0,0.0,0.009916508959799727
41.200000000000806,0.5,19.77500000000021,-0.0005110866484869803,4.423422807239149,5.873118979099672,4.423422807239149,-0.0005110866484869803,-6.023367608083788,-6.023367608061903,0.7048927127438149,0.7205912537825682,0.7245006039136447,0.7205912537825682,0.7048927127438149,0.009916548471134101,0.0,0.0,0.0,0.009916548471134101
41.21250000000081,0.5,19.781250000000213,0.0017138900836357607,4.42587652797971,5.8756659022365625,4.42587652797971,0.0017138900836357607,-6.021330789818421,-6.0213307897965365,0.7049065462687064,0.7206056754362457,0.7245152609103482,0.7206056754362457,0.7049065462687064,0.009916549244789817,0.0,0.0,0.0,0.009916549244789817
