time_s,current_density_Acm2,charge_Ccm2,T_cell_1_C,T_cell_2_C,T_cell_3_C,T_cell_4_C,T_cell_5_C,T_endplate_left_C,T_endplate_right_C,V_cell_1_V,V_cell_2_V,V_cell_3_V,V_cell_4_V,V_cell_5_V,ice_cell_1_max_fraction,ice_cell_2_max_fraction,ice_cell_3_max_fraction,ice_cell_4_max_fraction,ice_cell_5_max_fraction
0.0,0.17,0.0,-11.259999999999991,-11.259999999999991,-11.260000000000048,-11.259999999999991,-11.259999999999991,-11.259999999999991,-11.259999999999991,0.36876686543136883,0.3690701742792544,0.3690701742792544,0.3690701742792544,0.36876686543136883,0.0,0.0,0.0,0.0,0.0
0.09999999999999999,0.1766,0.017330000000000005,-11.228781331338894,-11.228479153389287,-11.228477403723787,-11.228479153389287,-11.228781331338894,-11.259951218772528,-11.259951218772528,0.3610212609284336,0.36133732954878944,0.3613373345713679,0.36133732954878944,0.3610212609284336,0.0,0.0,0.0,0.0,0.0
0.20000000000000004,0.1832,0.03532000000000001,-11.196704594234177,-11.195549416542576,-11.195537455998704,-11.195549416542576,-11.196704594234177,-11.259814197340404,-11.25981419734029,0.35381984690351514,0.3541502785727109,0.3541503130415845,0.3541502785727109,0.35381984690351514,0.0,0.0,0.0,0.0,0.0
0.3000000000000001,0.18980000000000002,0.05397000000000001,-11.163774966922176,-11.161217729218379,-11.16117980892409,-11.161217729218379,-11.163774966922176,-11.259586805561582,-11.259586805561412,0.3471501787587178,0.3474965893940949,0.34749669908993913,0.3474965893940949,0.3471501787587178,0.0,0.0,0.0,0.0,0.0
0.4000000000000002,0.19640000000000002,0.07328000000000003,-11.129999766703008,-11.125493181664865,-11.125406594237006,-11.125493181664865,-11.129999766703008,-11.259266937929453,-11.25926693792917,0.3409990670333334,0.3413630838656026,0.34136333525817464,0.3413630838656026,0.3409990670333334,0.0,0.0,0.0,0.0,0.0
0.5000000000000002,0.203,0.09325000000000003,-11.095387490140922,-11.088386082989587,-11.088221478398054,-11.088386082989587,-11.095387490140922,-11.258852517317905,-11.258852517317564,0.33535264099186074,0.3357359010849773,0.3357363806580902,0.3357359010849773,0.33535264099186074,0.0,0.0,0.0,0.0,0.0
0.5999999999999999,0.2096,0.11388000000000002,-11.059947659540512,-11.049907829560027,-11.049629518626716,-11.049907829560027,-11.059947659540512,-11.258341497925983,-11.258341497925642,0.3301964174437825,0.3306005661286772,0.330601379697515,0.3306005661286772,0.3301964174437825,0.0,0.0,0.0,0.0,0.0
0.6999999999999995,0.21619999999999998,0.13517,-11.023690712008886,-11.01007081293335,-11.009637059252782,-11.01007081293335,-11.023690712008886,-11.25773186786921,-11.25773186786887,0.3255153751900099,0.32594206444427976,0.3259433364653379,0.32594206444427976,0.3255153751900099,0.0,0.0,0.0,0.0,0.0
0.7999999999999992,0.22279999999999994,0.15711999999999998,-10.986627898442293,-10.96888833514953,-10.968251636117088,-10.96888833514953,-10.986627898442293,-11.257021651472485,-11.257021651472087,0.32129403307720766,0.3217449198732901,0.3217467927478421,0.3217449198732901,0.32129403307720766,0.0,0.0,0.0,0.0,0.0
0.8999999999999988,0.22939999999999994,0.17973,-10.948771187686305,-10.926374526784116,-10.925481884430496,-10.926374526784116,-10.948771187686305,-11.256208911282044,-11.256208911281647,0.31751652972227024,0.31799327436319297,0.31799590773532715,0.31799327436319297,0.31751652972227024,0.0,0.0,0.0,0.0,0.0
0.9999999999999984,0.2359999999999999,0.20299999999999996,-10.910133174800649,-10.88254426688934,-10.881337449104365,-10.88254426688934,-10.910133174800649,-11.255291749812727,-11.25529174981233,0.31416670328240476,0.3146709677416027,0.31467453779231724,0.3146709677416027,0.31416670328240476,0.0,0.0,0.0,0.0,0.0
1.099999999999998,0.24259999999999987,0.22692999999999997,-10.870726993167182,-10.837413104693383,-10.835828897375336,-10.837413104693383,-10.870726993167182,-11.2542683110388,-11.254268311038288,0.31122816994418384,0.3117616162237635,0.3117663149627649,0.3117616162237635,0.31122816994418384,0.0,0.0,0.0,0.0,0.0
1.1999999999999977,0.24919999999999987,0.2515199999999999,-10.830566230446891,-10.79099718322783,-10.788967633843129,-10.79099718322783,-10.830566230446891,-11.253136781642866,-11.253136781642297,0.30868440006310893,0.30924868858290255,0.30925472313989194,0.30924868858290255,0.30868440006310893,0.0,0.0,0.0,0.0,0.0
1.2999999999999974,0.2557999999999998,0.2767699999999999,-10.789664848449092,-10.743313165013376,-10.740765818050477,-10.743313165013376,-10.789664848449092,-11.251895392031884,-11.251895392031088,0.3065187911076482,0.3071155791358078,0.30712317105293097,0.3071155791358078,0.3065187911076482,0.0,0.0,0.0,0.0,0.0
1.399999999999997,0.2623999999999998,0.3026799999999998,-10.748037107078403,-10.694378160193537,-10.691236284865852,-10.694378160193537,-10.748037107078403,-11.250542417133602,-11.250542417132863,0.3047147367532666,0.3053456768872047,0.305355061414644,0.3053456768872047,0.3047147367532666,0.0,0.0,0.0,0.0,0.0
1.4999999999999967,0.2689999999999998,0.32924999999999977,-10.705697492420768,-10.644209657244119,-10.640392467839376,-10.644209657244119,-10.705697492420768,-11.24907617698608,-11.249076176985113,0.30325569163789845,0.3039224303430612,0.30393385573944354,0.3039224303430612,0.30325569163789845,0.0,0.0,0.0,0.0,0.0
1.5999999999999963,0.27559999999999973,0.35647999999999985,-10.66266064912503,-10.592825456549804,-10.588248325737027,-10.592825456549804,-10.66266064912503,-11.24749503712951,-11.24749503712843,0.3021252314328109,0.3028294076453686,0.3028431344847694,0.3028294076453686,0.3021252314328109,0.0,0.0,0.0,0.0,0.0
1.699999999999996,0.28219999999999973,0.3843699999999998,-10.618941317087263,-10.540243607001628,-10.534818272407108,-10.540243607001628,-10.618941317087263,-11.24579740881751,-11.24579740881643,0.3013071080059561,0.3020503518041492,0.3020666522912901,0.3020503518041492,0.3013071080059561,0.0,0.0,0.0,0.0,0.0
1.7999999999999956,0.2887999999999997,0.4129199999999997,-10.574554272509374,-10.486482345792524,-10.480117110100366,-10.486482345792524,-10.574554272509374,-11.243981749056843,-11.24398174905582,0.3007852995594643,0.30156923090726995,0.3015883882024838,0.30156923090726995,0.3007852995594643,0.0,0.0,0.0,0.0,0.0
1.8999999999999952,0.29539999999999966,0.4421299999999997,-10.529514273296002,-10.43156004149074,-10.424159966308423,-10.43156004149074,-10.529514273296002,-11.242046560489939,-11.242046560488632,0.30054405571202913,0.3013702832777797,0.3013925908331609,0.3013702832777797,0.30054405571202913,0.0,0.0,0.0,0.0,0.0
1.999999999999995,0.30199999999999966,0.47199999999999975,-10.483836008768492,-10.375495140491012,-10.366962234205403,-10.375495140491012,-10.483836008768492,-11.239990391131528,-11.239990391130277,0.3005679375712441,0.3014380576229008,0.30146381853091514,0.3014380576229008,0.3005679375712441,0.0,0.0,0.0,0.0,0.0
2.099999999999996,0.30859999999999976,0.5025299999999997,-10.437534053630088,-10.318306116881502,-10.308539516689109,-10.318306116881502,-10.437534053630088,-11.237811833974206,-11.237811833972899,0.30084185290262194,0.3017574482805815,0.3017869746363425,0.3017574482805815,0.30084185290262194,0.0,0.0,0.0,0.0,0.0
2.1999999999999975,0.3151999999999998,0.5337199999999998,-10.390622826079095,-10.260011425712264,-10.248907574023065,-10.260011425712264,-10.390622826079095,-11.235509526471503,-11.235509526470082,0.3013510865520435,0.3023137257197088,0.3023473379978895,0.3023137257197088,0.3013510865520435,0.0,0.0,0.0,0.0,0.0
2.299999999999999,0.3217999999999999,0.5655699999999997,-10.343116549953606,-10.200629459679874,-10.18808227502933,-10.200629459679874,-10.343116549953606,-11.233082149912889,-11.233082149911468,0.30208132631815454,0.303092562489757,0.30313058893711675,0.303092562489757,0.30208132631815454,0.0,0.0,0.0,0.0,0.0
2.4000000000000004,0.3284,0.5980799999999996,-10.295029220784443,-10.140178509170141,-10.126079551797488,-10.140178509170141,-10.295029220784443,-11.230528428701803,-11.230528428700268,0.303018684501803,0.3040800548465052,0.30412283089077713,0.3040800548465052,0.303018684501803,0.0,0.0,0.0,0.0,0.0
2.5000000000000018,0.3350000000000001,0.6312499999999998,-10.246374575588902,-10.078676725582852,-10.06291535780474,-10.078676725582852,-10.246374575588902,-11.227847129545466,-11.227847129543647,0.30414971538230084,0.3052627403031274,0.30531060797893056,0.3052627403031274,0.30414971538230084,0.0,0.0,0.0,0.0,0.0
2.600000000000003,0.34160000000000024,0.6650799999999998,-10.19716606623092,-10.016142087857247,-9.998605629367091,-10.016142087857247,-10.19716606623092,-11.225037060569775,-11.2250370605679,0.30546142888587746,0.30662761137160177,0.3066809187638836,0.30662761137160177,0.30546142888587746,0.0,0.0,0.0,0.0,0.0
2.7000000000000046,0.3482000000000003,0.6995699999999997,-10.147416836229127,-9.95259237212423,-9.9331662503173,-9.95259237212423,-10.147416836229127,-11.222097070367795,-11.222097070365805,0.3069413007210117,0.3081621257688867,0.30822122647435674,0.3081621257688867,0.3069413007210117,0.0,0.0,0.0,0.0,0.0
2.800000000000006,0.35480000000000034,0.7347199999999997,-10.097139700745174,-9.888045124340977,-9.866613019782676,-9.888045124340977,-10.097139700745174,-11.21902604699062,-11.219026046988631,0.3085772792600905,0.3098542133668758,0.30991946597370523,0.3098542133668758,0.3085772792600905,0.0,0.0,0.0,0.0,0.0
2.9000000000000075,0.3614000000000005,0.7705299999999998,-10.046347129631442,-9.822517635798022,-9.798961622914192,-9.822517635798022,-10.046347129631442,-11.215822916891284,-11.21582291688918,0.3103577894463057,0.3116922801650112,0.31176404775107264,0.3116922801650112,0.3103577894463057,0.0,0.0,0.0,0.0,0.0
3.000000000000009,0.36800000000000055,0.8069999999999998,-9.99505123332301,-9.75602692136232,-9.730227604469007,-9.75602692136232,-9.99505123332301,-11.212486643827447,-11.212486643825287,0.3122717340012572,0.31366520956077715,0.3137438592104667,0.31366520956077715,0.3122717340012572,0.0,0.0,0.0,0.0,0.0
3.1000000000000103,0.3746000000000007,0.8441299999999998,-9.943263751381721,-9.688589700337786,-9.660426345077042,-9.688589700337786,-9.943263751381721,-11.209016227733912,-11.209016227731695,0.3143084922018826,0.315762361186533,0.3158482635262833,0.315762361186533,0.3143084922018826,0.0,0.0,0.0,0.0,0.0
3.2000000000000117,0.38120000000000076,0.88192,-9.890996043518669,-9.620222379783797,-9.589573040050027,-9.620222379783797,-9.890996043518669,-11.205410703569328,-11.205410703567054,0.3164579164861442,0.31797356757213097,0.31806709632457125,0.31797356757213097,0.3164579164861442,0.0,0.0,0.0,0.0,0.0
3.300000000000013,0.3878000000000008,0.9203700000000001,-9.838259082888726,-9.550941040160012,-9.517682680596067,-9.550941040160012,-9.838259082888726,-11.201669140144588,-11.201669140142258,0.3187103271359585,0.3202891288816526,0.3203906604383264,0.3202891288816526,0.3187103271359585,0.0,0.0,0.0,0.0,0.0
3.4000000000000146,0.39440000000000097,0.9594800000000001,-9.785063451499354,-9.480761423141018,-9.444770037303329,-9.480761423141018,-9.785063451499354,-11.197790638940091,-11.19779063893776,0.3210565052732167,0.32269980596024267,0.32280971897263383,0.32269980596024267,0.3210565052732167,0.0,0.0,0.0,0.0,0.0
3.500000000000016,0.401000000000001,0.9992500000000002,-9.731419337529417,-9.409698921479844,-9.370849645713804,-9.409698921479844,-9.731419337529417,-11.19377433291612,-11.193774332913733,0.3234876843914673,0.3251968119134223,0.32531548690219747,0.3251968119134223,0.3234876843914673,0.0,0.0,0.0,0.0,0.0
3.6000000000000174,0.4076000000000012,1.0396800000000004,-9.677336534415076,-9.337768570768333,-9.295935793897002,-9.337768570768333,-9.677336534415076,-11.18961938532243,-11.189619385319872,0.3259955406314402,0.3277718024272719,0.3278996214093679,0.3277718024272719,0.3259955406314402,0.0,0.0,0.0,0.0,0.0
3.700000000000019,0.41420000000000123,1.0807700000000005,-9.62282444151333,-9.264985042950855,-9.220042511833583,-9.264985042950855,-9.62282444151333,-11.185324988510274,-11.185324988507602,0.32857218199432053,0.33041686502332596,0.33055421115663847,0.33041686502332596,0.32857218199432053,0.0,0.0,0.0,0.0,0.0
3.8000000000000203,0.4208000000000013,1.1225200000000004,-9.567892066218178,-9.191362641481248,-9.14318356252079,-9.191362641481248,-9.567892066218178,-11.180890362753132,-11.180890362750347,0.33121013667180765,0.33312450742735067,0.3332717646726594,0.33312450742735067,0.33121013667180765,0.0,0.0,0.0,0.0,0.0
3.9000000000000217,0.42740000000000145,1.1649300000000007,-9.51254802734303,-9.116915297947628,-9.065372434634241,-9.116915297947628,-9.51254802734303,-11.176314755078408,-11.176314755075566,0.3339023406577611,0.3358876452168813,0.33604519801658655,0.3358876452168813,0.3339023406577611,0.0,0.0,0.0,0.0,0.0
4.000000000000023,0.4340000000000015,1.2080000000000009,-9.456800559659428,-9.041656570107762,-8.986622336635207,-9.041656570107762,-9.456800559659428,-11.171597438113338,-11.171597438110439,0.33664212479172484,0.3386995888978103,0.3388678218711999,0.3386995888978103,0.33664212479172484,0.0,0.0,0.0,0.0,0.0
4.1000000000000245,0.44060000000000166,1.251730000000001,-9.40065751944411,-8.965599641150106,-8.906946192216537,-8.965599641150106,-9.40065751944411,-11.166737708949313,-11.166737708946414,0.3394232013709979,0.3415540305469267,0.3417333282014329,0.3415540305469267,0.3394232013709979,0.0,0.0,0.0,0.0,0.0
4.200000000000026,0.4472000000000017,1.2961200000000013,-9.344126390910162,-8.888757320109278,-8.82635663695595,-8.888757320109278,-9.344126390910162,-11.161734888025478,-11.161734888022579,0.342239650454539,0.3444450301436844,0.34463577660175293,0.3444450301436844,0.342239650454539,0.0,0.0,0.0,0.0,0.0
4.300000000000027,0.45380000000000176,1.3411700000000015,-9.28721429341681,-8.811142043300151,-8.744866016077765,-8.811142043300151,-9.28721429341681,-11.156588318035233,-11.15658831803222,0.3450859059693105,0.3473670017020306,0.3475695804430968,0.3473670017020306,0.3450859059693105,0.0,0.0,0.0,0.0,0.0
4.400000000000029,0.4604000000000019,1.3868800000000017,-9.229927989330463,-8.732765876700626,-8.66248638321207,-8.732765876700626,-9.229927989330463,-11.151297362857235,-11.151297362854109,0.3479567417177249,0.35031469930090087,0.35052949291810576,0.35031469930090087,0.3479567417177249,0.0,0.0,0.0,0.0,0.0
4.50000000000003,0.46700000000000197,1.4332500000000017,-9.17227389245619,-8.653640519144005,-8.57922950006008,-8.653640519144005,-9.17227389245619,-11.145861406511756,-11.145861406508516,0.35084725737346323,0.3532832031009629,0.3535105930720625,0.3532832031009629,0.35084725737346323,0.0,0.0,0.0,0.0,0.0
4.600000000000032,0.47360000000000213,1.480280000000002,-9.114258076934107,-8.57377730627519,-8.495106836911134,-8.57377730627519,-9.114258076934107,-11.140279852144545,-11.140279852141134,0.3537528645424374,0.35626790542432907,0.3565082718962892,0.35626790542432907,0.3537528645424374,0.0,0.0,0.0,0.0,0.0
4.700000000000033,0.4802000000000022,1.5279700000000023,-9.055886286532484,-8.493187215132536,-8.410129573833672,-8.493187215132536,-9.055886286532484,-11.134552121039405,-11.134552121035938,0.3566692729557993,0.3592644969644434,0.3595182185513451,0.3592644969644434,0.3566692729557993,0.0,0.0,0.0,0.0,0.0
4.8000000000000345,0.48680000000000223,1.5763200000000024,-8.997163944218357,-8.411880869353695,-8.324308602578753,-8.411880869353695,-8.997163944218357,-11.128677651659757,-11.128677651656119,0.35959247685294315,0.362268953183871,0.3625364067776021,0.362268953183871,0.35959247685294315,0.0,0.0,0.0,0.0,0.0
4.900000000000036,0.4934000000000024,1.6253300000000026,-8.93809616199161,-8.329868544836813,-8.237654529028191,-8.329868544836813,-8.93809616199161,-11.122655898719358,-11.122655898715664,0.3625187416038412,0.36527752094988175,0.36555908154312367,0.36527752094988175,0.3625187416038412,0.0,0.0,0.0,0.0,0.0
5.000000000000037,0.5,1.675000000000003,-8.878687750865424,-8.247160175865986,-8.15017767617337,-8.247160175865986,-8.878687750865424,-11.116486332285035,-11.11648633228117,0.36544459061271695,0.3682867054495628,0.36858274597062707,0.3682867054495628,0.36544459061271695,0.0,0.0,0.0,0.0,0.0
5.100000000000039,0.5,1.7250000000000036,-8.81972760842126,-8.164553058959882,-8.062675602972377,-8.164553058959882,-8.81972760842126,-11.11016931095486,-11.110169310950937,0.3730117367368433,0.37592030280459726,0.3762303398808946,0.37592030280459726,0.3730117367368433,0.0,0.0,0.0,0.0,0.0
5.20000000000004,0.5,1.7750000000000044,-8.761966909376952,-8.082824596014177,-7.975926195510169,-8.082824596014177,-8.761966909376952,-11.103708058207246,-11.103708058203267,0.38030051265811593,0.3832763125202881,0.38360067505491685,0.3832763125202881,0.38030051265811593,0.0,0.0,0.0,0.0,0.0
5.300000000000042,0.5,1.825000000000005,-8.705355622136892,-8.0019553092352,-7.889911039135654,-8.0019553092352,-8.705355622136892,-11.097106255557435,-11.097106255553513,0.38732547828020036,0.3903692059400209,0.3907082195394725,0.3903692059400209,0.38732547828020036,0.0,0.0,0.0,0.0,0.0
5.400000000000043,0.5,1.8750000000000058,-8.649846238825887,-7.921926474799989,-7.804612839139736,-7.921926474799989,-8.649846238825887,-11.09036743840511,-11.090367438401131,0.3941002251244746,0.3972124921188559,0.39756647804831924,0.3972124921188559,0.3941002251244746,0.0,0.0,0.0,0.0,0.0
5.500000000000044,0.5,1.9250000000000065,-8.59539361399311,-7.842720062034914,-7.720015320790878,-7.842720062034914,-8.59539361399311,-11.083495003228677,-11.083495003224527,0.4006374537563994,0.4038187948028745,0.4041880690682016,0.4038187948028745,0.4006374537563994,0.0,0.0,0.0,0.0,0.0
5.600000000000046,0.5,1.9750000000000072,-8.54195482593633,-7.764318689076958,-7.636103148871484,-7.764318689076958,-8.54195482593633,-11.076492214351788,-11.076492214347638,0.40694904396151266,0.41019992219875373,0.41058479474323645,0.41019992219875373,0.40694904396151266,0.0,0.0,0.0,0.0,0.0
5.700000000000047,0.5,2.025000000000008,-8.489489048833093,-7.686705583737421,-7.552861855142737,-7.686705583737421,-8.489489048833093,-11.069362210323277,-11.069362210318957,0.41304611850046213,0.41636693035623945,0.41676770436169863,0.41636693035623945,0.41304611850046213,0.0,0.0,0.0,0.0,0.0
5.800000000000049,0.5,2.0750000000000086,-8.4379574338991,-7.6098645481046105,-7.470277772208306,-7.6098645481046105,-8.4379574338991,-11.062108009933866,-11.062108009929545,0.41893910111567345,0.42233018083263446,0.4227471521149312,0.42233018083263446,0.41893910111567345,0.0,0.0,0.0,0.0,0.0
5.90000000000005,0.5,2.1250000000000093,-8.387322998575598,-7.533779926340628,-7.388337972926081,-7.533779926340628,-8.387322998575598,-11.054732517899254,-11.054732517894763,0.42463776937737696,0.4280993932237949,0.4285328497141422,0.4280993932237949,0.42463776937737696,0.0,0.0,0.0,0.0,0.0
6.0000000000000515,0.5,2.17500000000001,-8.337550523081347,-7.458436575187534,-7.30703021480258,-7.458436575187534,-8.337550523081347,-11.047238530228242,-11.047238530223751,0.4301513028889955,0.4336836930795263,0.4341339143835185,0.4336836930795263,0.4301513028889955,0.0,0.0,0.0,0.0,0.0
6.100000000000053,0.5,2.2250000000000107,-8.288606453677062,-7.3838198369217025,-7.226342888916577,-7.3838198369217025,-8.288606453677062,-11.039628739297825,-11.03962873929322,0.4354883273139125,0.43909165566281483,0.439558912689929,0.43909165566281483,0.4354883273139125,0.0,0.0,0.0,0.0,0.0
6.200000000000054,0.5,2.2750000000000115,-8.240458812128054,-7.309915514443048,-7.146264972922495,-7.309915514443048,-8.240458812128054,-11.031905738654302,-11.031905738649641,0.4406569546343743,0.4443313459618374,0.444815900618774,0.4443313459618374,0.4406569546343743,0.0,0.0,0.0,0.0,0.0
6.300000000000056,0.5,2.325000000000012,-8.193077110844456,-7.236709848303747,-7.066785987815138,-7.236709848303747,-8.193077110844456,-11.024072027556599,-11.024072027551824,0.4456648200085294,0.44941035531868545,0.4499124602604668,0.44941035531868545,0.4456648200085294,0.0,0.0,0.0,0.0,0.0
6.400000000000057,0.5,2.375000000000013,-8.146432273356822,-7.164189495483413,-6.987895958082049,-7.164189495483413,-8.146432273356822,-11.01613001527852,-11.016130015273575,0.4505191155516272,0.454335834999457,0.4548557334328949,0.454335834999457,0.4505191155516272,0.0,0.0,0.0,0.0,0.0
6.500000000000059,0.5,2.4250000000000136,-8.100496559646956,-7.0923415096941085,-6.909585375004156,-7.0923415096941085,-8.100496559646956,-11.008082025184535,-11.008082025179249,0.4552266213330816,0.4591145269957904,0.4596524525301234,0.4591145269957904,0.4552266213330816,0.0,0.0,0.0,0.0,0.0
6.60000000000006,0.5,2.4750000000000143,-8.055243496024843,-7.021153323135536,-6.831845162809543,-7.021153323135536,-8.055243496024843,-10.999930298592574,-10.999930298587117,0.45979373384988664,0.4637527923169233,0.46430896885718964,0.4637527923169233,0.45979373384988664,0.0,0.0,0.0,0.0,0.0
6.7000000000000615,0.5,2.525000000000015,-8.010647809255829,-6.950612729506531,-6.754666647466138,-6.950612729506531,-8.010647809255829,-10.991676998437697,-10.99167699843224,0.46422649220970735,0.468256637004672,0.46883127868350766,0.468256637004672,0.46422649220970735,0.0,0.0,0.0,0.0,0.0
6.800000000000063,0.5,2.5750000000000157,-7.966685364574801,-6.880707868181958,-6.678041527879827,-6.880707868181958,-7.966685364574801,-10.983324212746993,-10.98332421274148,0.4685306022331677,0.47263173607947373,0.47322504722355513,0.47263173607947373,0.4685306022331677,0.0,0.0,0.0,0.0,0.0
6.900000000000064,0.5,2.6250000000000164,-7.923333107377857,-6.811427209459566,-6.601961849331644,-6.811427209459566,-7.923333107377857,-10.974873957937405,-10.974873957931777,0.4727114586631167,0.47688345560444856,0.4774956307320414,0.47688345560444856,0.4727114586631167,0.0,0.0,0.0,0.0,0.0
7.000000000000066,0.5,2.675000000000017,-7.880569008314524,-6.74275954075074,-6.526419978936815,-6.74275954075074,-7.880569008314524,-10.966328181947347,-10.966328181941662,0.4767741656499504,0.481016873035691,0.4816480968821137,0.481016873035691,0.4767741656499504,0.0,0.0,0.0,0.0,0.0
7.100000000000067,0.5,2.725000000000018,-7.838372011559841,-6.674693953655776,-6.45140858299186,-6.674693953655776,-7.838372011559841,-10.957688767210811,-10.95768876720507,0.48072355566512365,0.485036796010062,0.4856872435781218,0.485036796010062,0.48072355566512365,0.0,0.0,0.0,0.0,0.0
7.200000000000069,0.5,2.7750000000000186,-7.796721986002524,-6.607219831847203,-6.376920606059343,-6.607219831847203,-7.796721986002524,-10.948957533483735,-10.948957533477767,0.4845642069379416,0.4889477797069088,0.4896176163396187,0.4889477797069088,0.4845642069379416,9.148153112078337e-10,0.0,0.0,0.0,9.148153112078337e-10
7.30000000000007,0.5,2.8250000000000193,-7.755599671104505,-6.540326839622708,-6.302949251637472,-6.540326839622708,-7.755599671104505,-10.940136240521554,-10.940136240515528,0.48830045295957003,0.4927541429070299,0.49344352437999756,0.4927541429070299,0.48830045295957003,2.1621772010336655e-07,0.0,0.0,0.0,2.1621772010336655e-07
7.400000000000071,0.5,2.87500000000002,-7.714986625452241,-6.474004910990573,-6.229487964295117,-6.474004910990573,-7.714986625452241,-10.931226590591109,-10.93122659058497,0.49193639428490776,0.49645998286034887,0.49716905549119744,0.49645998286034887,0.49193639428490776,9.519161544062734e-07,0.0,0.0,0.0,9.519161544062734e-07
7.500000000000073,0.5,2.9250000000000207,-7.674865201995033,-6.408244239463045,-6.1565304131636935,-6.408244239463045,-7.674865201995033,-10.922230230882178,-10.922230230876039,0.4954759233937219,0.5000691890622508,0.5007980898352734,0.5000691890622508,0.4954759233937219,2.3240871864738864e-06,0.0,0.0,0.0,2.3240871864738864e-06
7.600000000000074,0.5,2.9750000000000214,-7.635218510528432,-6.343035268558822,-6.084070476676402,-6.343035268558822,-7.635218510528432,-10.913148755823954,-10.913148755817758,0.4989227375142852,0.5035854560295632,0.5043343127341662,0.5035854560295632,0.4989227375142852,4.377085157115137e-06,0.0,0.0,0.0,4.377085157115137e-06
7.700000000000076,0.5,3.025000000000022,-7.596030381292621,-6.278368682814573,-6.012102228459128,-6.278368682814573,-7.596030381292621,-10.903983709289491,-10.903983709283239,0.5022803506679226,0.5070122951592724,0.5077812265404392,0.5070122951592724,0.5022803506679226,7.150671338286506e-06,0.0,0.0,0.0,7.150671338286506e-06
7.800000000000077,0.5,3.075000000000023,-7.557285329571528,-6.214235399260701,-5.940619924293969,-6.214235399260701,-7.557285329571528,-10.894736586694478,-10.894736586688168,0.505552104317138,0.5103530457449592,0.5111421616641028,0.5103530457449592,0.505552104317138,1.068637337656027e-05,0.0,0.0,0.0,1.068637337656027e-05
7.9000000000000785,0.5,3.1250000000000235,-7.518968523603974,-6.1506265593640705,-5.869617990051324,-6.1506265593640705,-7.518968523603974,-10.885408836996362,-10.885408836989996,0.5087411778769264,0.5136108852189916,0.5144202868238609,0.5136108852189916,0.5087411778769264,1.5007208187698003e-05,0.0,0.0,0.0,1.5007208187698003e-05
8.00000000000008,0.5,3.1750000000000242,-7.481065752525637,-6.087533521350963,-5.7990910105565945,-6.087533521350963,-7.481065752525637,-10.876001864597924,-10.876001864591558,0.5118505977960255,0.5167888386825871,0.517618618584756,0.5167888386825871,0.5118505977960255,2.011657642245261e-05,0.0,0.0,0.0,2.011657642245261e-05
8.100000000000074,0.5,3.225000000000025,-7.443563398365654,-6.0249478529340195,-5.72903371927049,-6.0249478529340195,-7.443563398365654,-10.866517031162857,-10.866517031156548,0.5148832472307259,0.5198897877800196,0.520740030238899,0.5198897877800196,0.5148832472307259,2.607091077570269e-05,0.0,0.0,0.0,2.607091077570269e-05
8.200000000000069,0.5,3.2750000000000257,-7.406448406589675,-5.962861324376263,-5.6594409887569554,-5.962861324376263,-7.406448406589675,-10.856955657346191,-10.856955657339938,0.5178418731887693,0.5229164789685049,0.5237872600807097,0.5229164789685049,0.5178418731887693,3.283052932106773e-05,0.0,0.0,0.0,3.283052932106773e-05
8.300000000000063,0.5,3.3250000000000264,-7.369708261030496,-5.901265901878901,-5.590307821870681,-5.901265901878901,-7.369708261030496,-10.847319024442868,-10.847319024436388,0.520729095360971,0.5258715312306405,0.5267629191236931,0.5258715312306405,0.520729095360971,4.04382285555392e-05,0.0,0.0,0.0,4.04382285555392e-05
8.400000000000057,0.5,3.375000000000027,-7.333330958820795,-5.840153741290635,-5.521629343605412,-5.840153741290635,-7.333330958820795,-10.83760837596327,-10.837608375956677,0.523547412948037,0.5287574432721757,0.5296694983016962,0.5287574432721757,0.523547412948037,4.891542281585074e-05,0.0,0.0,0.0,4.891542281585074e-05
8.500000000000052,0.5,3.425000000000028,-7.2973049853568455,-5.779517182076859,-5.453400793546734,-5.779517182076859,-7.2973049853568455,-10.827824919134002,-10.827824919127409,0.5262992107309038,0.5315766002443884,0.5325093751938995,0.5315766002443884,0.5262992107309038,5.8221760272741386e-05,0.0,0.0,0.0,5.8221760272741386e-05
8.600000000000046,0.5,3.4750000000000285,-7.261619293532817,-5.719348741575516,-5.3856175189037,-5.719348741575516,-7.261619293532817,-10.817969826330739,-10.817969826324145,0.5289867665490472,0.5343312800267424,0.5352848203093685,0.5343312800267424,0.5289867665490472,6.839229764404371e-05,0.0,0.0,0.0,6.839229764404371e-05
8.70000000000004,0.5,3.525000000000029,-7.226263282108562,-5.65964110949443,-5.318274968060791,-5.65964110949443,-7.226263282108562,-10.808044236448495,-10.808044236441788,0.5316122567501813,0.5370236591027094,0.5379980029640853,0.5370236591027094,0.5316122567501813,7.945209756261799e-05,0.0,0.0,0.0,7.945209756261799e-05
8.800000000000034,0.5,3.57500000000003,-7.1912267739453455,-5.6003871426453316,-5.251368684606632,-5.6003871426453316,-7.1912267739453455,-10.798049256206696,-10.798049256199931,0.534177760812151,0.5396558180587882,0.5406509967805925,0.5396558180587882,0.534177760812151,9.135608227545134e-05,0.0,0.0,0.0,9.135608227545134e-05
8.900000000000029,0.5,3.6250000000000306,-7.156499998403774,-5.541579859866658,-5.184894301830468,-5.541579859866658,-7.156499998403774,-10.787985961396203,-10.787985961389381,0.5366852677746216,0.5422297467343662,0.5432457848377933,0.5422297467343662,0.5366852677746216,0.00010411653112721715,0.0,0.0,0.0,0.00010411653112721715
9.000000000000023,0.5,3.6750000000000314,-7.122073573220121,-5.48321243719505,-5.118847537604495,-5.48321243719505,-7.122073573220121,-10.777855398074166,-10.77785539806706,0.5391366809545612,0.5447473490475494,0.5457842644964243,0.5447473490475494,0.5391366809545612,0.00011776159513356381,0.0,0.0,0.0,0.00011776159513356381
9.100000000000017,0.5,3.725000000000032,-7.087938486159203,-5.425278203209928,-5.053224189684613,-5.425278203209928,-7.087938486159203,-10.767658583703337,-10.767658583696175,0.54153382162046,0.5472104475203747,0.5482682519233026,0.5472104475203747,0.54153382162046,0.0001322852070960262,0.0,0.0,0.0,0.0001322852070960262
9.200000000000012,0.5,3.7750000000000328,-7.0540860780959065,-5.3677706345421825,-4.988020131334963,-5.3677706345421825,-7.0540860780959065,-10.757396508239424,-10.757396508232091,0.5438784335017214,0.549620787524802,0.5506994863359969,0.549620787524802,0.5438784335017214,0.0001476488698920889,0.0,0.0,0.0,0.0001476488698920889
9.300000000000006,0.5,3.8250000000000335,-7.020508028920403,-5.310683351579485,-4.923231307302331,-5.310683351579485,-7.020508028920403,-10.74707013517235,-10.747070135164961,0.5461721875330798,0.551980041269029,0.5530796339874623,0.551980041269029,0.5461721875330798,0.00016386810178131822,0.0,0.0,0.0,0.00016386810178131822
9.4,0.5,3.875000000000034,-6.9871963423103125,-5.254010114327059,-4.858853730079545,-5.254010114327059,-6.9871963423103125,-10.736680402524598,-10.736680402517209,0.5484166854029215,0.5542898115423556,0.5554102919089317,0.5542898115423556,0.5484166854029215,0.00018096162249252497,0.0,0.0,0.0,0.00018096162249252497
9.499999999999995,0.5,3.925000000000035,-6.954143330802253,-5.197744818433591,-4.794883476463099,-5.197744818433591,-6.954143330802253,-10.726228223803787,-10.726228223796397,0.550613462398834,0.556551635235248,0.5576929914277158,0.556551635235248,0.550613462398834,0.00019892802498088356,0.0,0.0,0.0,0.00019892802498088356
9.599999999999989,0.5,3.9750000000000356,-6.921341601541144,-5.141881491324398,-4.731316684364515,-5.141881491324398,-6.921341601541144,-10.71571448891143,-10.715714488904155,0.5527639906735756,0.558766986650157,0.559929201475411,0.558766986650157,0.5527639906735756,0.00021772461620176136,0.0,0.0,0.0,0.00021772461620176136
9.699999999999983,0.5,4.025000000000034,-6.8887840452294995,-5.086414288496542,-4.668149549865859,-5.086414288496542,-6.8887840452294995,-10.705140065015257,-10.705140065008038,0.5548696833961652,0.5609372806171363,0.56212033170075,0.5609372806171363,0.5548696833961652,0.0002373549253603307,0.0,0.0,0.0,0.0002373549253603307
9.799999999999978,0.5,4.075000000000031,-6.856463823515298,-5.031337489965097,-4.605378324486651,-5.031337489965097,-6.856463823515298,-10.694505797385602,-10.69450579737844,0.5569318973553461,0.5630638754274202,0.5642677354003013,0.5630638754274202,0.5569318973553461,0.0002578311215460075,0.0,0.0,0.0,0.0002578311215460075
9.899999999999972,0.5,4.125000000000028,-6.824374357249042,-4.976645496807009,-4.542999312667291,-4.976645496807009,-6.824374357249042,-10.683812510195594,-10.683812510188261,0.5589519356705286,0.5651480755972408,0.5663727122791303,0.5651480755972408,0.5589519356705286,0.0002791633724484038,0.0,0.0,0.0,0.0002791633724484038
9.999999999999966,0.5,4.175000000000026,-6.7925093140897275,-4.9223328278380905,-4.481008869447635,-4.9223328278380905,-6.7925093140897275,-10.673061007285185,-10.673061007277795,0.5609310493766765,0.567191134473007,0.5684365110527084,0.567191134473007,0.5609310493766765,0.00030133093195933,0.0,0.0,0.0,0.00030133093195933
10.09999999999996,0.5,4.225000000000023,-6.760862598644621,-4.868394116373565,-4.419403398304269,-4.868394116373565,-6.760862598644621,-10.662252072891874,-10.662252072884371,0.5628704409819135,0.5691942566883739,0.570460331900552,0.5691942566883739,0.5628704409819135,0.00032430162228050814,0.0,0.0,0.0,0.00032430162228050814
10.199999999999955,0.5,4.27500000000002,-6.729428343315476,-4.814824107128061,-4.358179349166846,-4.814824107128061,-6.729428343315476,-10.651386472353806,-10.65138647234619,0.5647712669211865,0.5711586004826713,0.5724453287811568,0.5711586004826713,0.5647712669211865,0.0003480787011056364,0.0,0.0,0.0,0.0003480787011056364
10.29999999999995,0.5,4.325000000000017,-6.698200898312962,-4.761617653216376,-4.297333216568688,-4.761617653216376,-6.698200898312962,-10.64046495278376,-10.640464952775972,0.5666346395925586,0.5730852798897246,0.5743926116172774,0.5730852798897246,0.5666346395925586,0.0003726685811934171,0.0,0.0,0.0,0.0003726685811934171
10.399999999999944,0.5,4.375000000000014,-6.6671748224440535,-4.708769713253105,-4.236861537958987,-4.708769713253105,-6.6671748224440535,-10.629488243714206,-10.629488243706362,0.5684616294177441,0.5749753668053392,0.576303248359742,0.5749753668053392,0.5684616294177441,0.00039807644846208656,0.0,0.0,0.0,0.00039807644846208656
10.499999999999938,0.5,4.425000000000011,-6.636344873626172,-4.656275348536155,-4.176760892126254,-4.656275348536155,-6.636344873626172,-10.61845705771566,-10.618457057707701,0.5702532660570169,0.5768298929411884,0.5781782669376256,0.5768298929411884,0.5702532660570169,0.0004242955083904978,0.0,0.0,0.0,0.0004242955083904978
10.599999999999932,0.5,4.4750000000000085,-6.605706000060081,-4.604129720307526,-4.117027897727894,-4.604129720307526,-6.605706000060081,-10.607372090985109,-10.607372090976924,0.5720105404970461,0.578649851672245,0.5800186571019327,0.578649851672245,0.5720105404970461,0.00045128756150722947,0.0,0.0,0.0,0.00045128756150722947
10.699999999999926,0.5,4.525000000000006,-6.5752533339675665,-4.552328087124181,-4.057659211968883,-4.552328087124181,-6.5752533339675665,-10.596234023915144,-10.596234023906902,0.5737344076787805,0.580436199784303,0.5818253721692846,0.580436199784303,0.5737344076787805,0.0004790435317677793,0.0,0.0,0.0,0.0004790435317677793
10.79999999999992,0.5,4.575000000000003,-6.5449821835461535,-4.500865802309477,-3.998651529345409,-4.500865802309477,-6.5449821835461535,-10.58504352163942,-10.585043521631064,0.5754257877651845,0.5821898591278334,0.5835993306720295,0.5821898591278334,0.5754257877651845,0.0005075652004050751,0.0,0.0,0.0,0.0005075652004050751
10.899999999999915,0.5,4.625,-6.514888025631137,-4.449738311481667,-3.94000158049181,-4.449738311481667,-6.514888025631137,-10.573801234556129,-10.573801234547602,0.5770855677096324,0.5839117181839284,0.5853414179203884,0.5839117181839284,0.5770855677096324,0.0005368541833961458,0.0,0.0,0.0,0.0005368541833961458
10.99999999999991,0.5,4.674999999999997,-6.484966498743461,-4.398941150167957,-3.881706131114413,-4.398941150167957,-6.484966498743461,-10.562507798829415,-10.562507798820945,0.5787146027312418,0.5856026335476461,0.5870524874820305,0.5856026335476461,0.5787146027312418,0.000566911126858988,0.0,0.0,0.0,0.000566911126858988
11.099999999999904,0.5,4.724999999999994,-6.45521339589817,-4.348469941477902,-3.8237619810143997,-4.348469941477902,-6.45521339589817,-10.551163836870728,-10.551163836862315,0.5803137171071353,0.587263431333815,0.5887333625840468,0.587263431333815,0.5803137171071353,0.000597729796334194,0.0,0.0,0.0,0.000597729796334194
11.199999999999898,0.5,4.7749999999999915,-6.425624657574417,-4.298320393836434,-3.7661659631743305,-4.298320393836434,-6.425624657574417,-10.539769957796864,-10.539769957788337,0.5818837055127342,0.5888949085099227,0.5903848374420256,0.5888949085099227,0.5818837055127342,0.0006292757146225962,0.0,0.0,0.0,0.0006292757146225962
11.299999999999892,0.5,4.824999999999989,-6.396196367448113,-4.248488298797554,-3.708914942897593,-4.248488298797554,-6.396196367448113,-10.528326757873174,-10.528326757864647,0.5834253353554897,0.5904978341603773,0.5920076785205945,0.5904978341603773,0.5834253353554897,0.0006615333156911564,0.0,0.0,0.0,0.0006615333156911564
11.399999999999887,0.5,4.874999999999986,-6.366924746234474,-4.198969528944758,-3.65200581703931,-4.198969528944758,-6.366924746234474,-10.516834820940915,-10.516834820932274,0.5849393475122493,0.5920729506861394,0.5936026257293473,0.5920729506861394,0.5849393475122493,0.0006945001724420423,0.0,0.0,0.0,0.0006945001724420423
11.499999999999881,0.5,4.924999999999983,-6.337806146022331,-4.149760035831662,-3.595435513269706,-4.149760035831662,-6.337806146022331,-10.505294718825326,-10.505294718816572,0.5864264574673088,0.5936209749436477,0.5951703935580945,0.5936209749436477,0.5864264574673088,0.0007281746682459803,0.0,0.0,0.0,0.0007281746682459803
11.599999999999875,0.5,4.97499999999998,-6.308837045000075,-4.10085584800396,-3.5392009894070497,-4.10085584800396,-6.308837045000075,-10.493707011728645,-10.493707011719835,0.5878873563859496,0.5951425993264231,0.5967116721548563,0.5951425993264231,0.5878873563859496,0.0007625545838298183,0.0,0.0,0.0,0.0007625545838298183
11.69999999999987,0.5,5.024999999999977,-6.280014042373864,-4.052253069049186,-3.4832992327912393,-4.052253069049186,-6.280014042373864,-10.482072248607551,-10.482072248598683,0.5893227121351775,0.5966384927928194,0.5982271283499643,0.5966384927928194,0.5893227121351775,0.0007976369963628394,0.0,0.0,0.0,0.0007976369963628394
11.799999999999864,0.5,5.074999999999974,-6.251333853087374,-4.003947875737936,-3.4277272596939383,-4.003947875737936,-6.251333853087374,-10.470390967534343,-10.470390967525361,0.5907331697048485,0.598109301842795,0.5997174066293665,0.598109301842795,0.5907331697048485,0.0008334146320506111,0.0,0.0,0.0,0.0008334146320506111
11.899999999999858,0.5,5.124999999999972,-6.222793302427078,-3.9559365161785536,-3.372482114777995,-3.9559365161785536,-6.222793302427078,-10.458663696042436,-10.458663696033511,0.5921193520896455,0.5995556514468218,0.601183130059975,0.5995556514468218,0.5921193520896455,0.0008698571483025662,0.0,0.0,0.0,0.0008698571483025662
11.999999999999853,0.5,5.174999999999969,-6.194389323370046,-3.9082153080520357,-3.3175608706004027,-3.9082153080520357,-6.194389323370046,-10.446890951460375,-10.44689095145145,0.5934818622687494,0.6009781459294391,0.6026249011697745,0.6009781459294391,0.5934818622687494,0.0009069456601794652,0.0,0.0,0.0,0.0009069456601794652
12.099999999999847,0.5,5.224999999999966,-6.166118951976557,-3.8607806369067816,-3.262960627132486,-3.8607806369067816,-6.166118951976557,-10.435073241234193,-10.435073241225268,0.5948212835622447,0.6023773698100267,0.6040433027852792,0.6023773698100267,0.5948212835622447,0.0009446743004062238,0.0,0.0,0.0,0.0009446743004062238
12.199999999999841,0.5,5.274999999999963,-6.137979323220918,-3.8136289544854662,-3.2086785113311294,-3.8136289544854662,-6.137979323220918,-10.423211063237034,-10.423211063227825,0.5961381804246589,0.6037538886032573,0.6054388988286248,0.6037538886032573,0.5961381804246589,0.0009830387855566233,0.0,0.0,0.0,0.0009830387855566233
12.299999999999836,0.5,5.32499999999996,-6.1099676670738745,-3.766756777118701,-3.154711676715408,-3.766756777118701,-6.1099676670738745,-10.411304906065823,-10.411304906056557,0.5974330991986098,0.6051082495813344,0.6068122350766274,0.6051082495813344,0.5974330991986098,0.0010220345728816965,0.0,0.0,0.0,0.0010220345728816965
12.39999999999983,0.5,5.374999999999957,-6.082081304808867,-3.7201606841399553,-3.101057302992217,-3.7201606841399553,-6.082081304808867,-10.399355249327584,-10.399355249318262,0.5987065688344572,0.6064409825002379,0.6081638398837776,0.6064409825002379,0.5987065688344572,0.0010616566445934672,0.0,0.0,0.0,0.0010616566445934672
12.499999999999824,0.5,5.4249999999999545,-6.054317645440506,-3.6738373163766482,-3.0477125956954865,-3.6738373163766482,-6.054317645440506,-10.387362563914564,-10.387362563905072,0.5999591015764191,0.6077526002917663,0.6094942248712178,0.6077526002917663,0.5999591015764191,0.0011018995060726442,0.0,0.0,0.0,0.0011018995060726442
12.599999999999818,0.5,5.474999999999952,-6.026674182231147,-3.627783374653802,-2.994674785844836,-3.627783374653802,-6.026674182231147,-10.375327312267814,-10.375327312258264,0.601191193468942,0.609043599723401,0.6108038855835182,0.609043599723401,0.601191193468942,0.001142756432237024,0.0,0.0,0.0,0.001142756432237024
12.699999999999813,0.5,5.524999999999949,-5.999148489614015,-3.5819956183557338,-2.9419411296233307,-3.5819956183557338,-5.999148489614015,-10.363249948631733,-10.363249948622183,0.602403325295222,0.6103144620275743,0.6120933021149804,0.6103144620275743,0.602403325295222,0.0011842045125464438,0.0,0.0,0.0,0.0011842045125464438
12.799999999999807,0.5,5.574999999999946,-5.971738221116993,-3.5364708640423714,-2.889508908087862,-3.5364708640423714,-5.971738221116993,-10.351130919301227,-10.35113091929162,0.6035959639266998,0.6115656535019762,0.613362939707043,0.6115656535019762,0.6035959639266998,0.0012262167468660838,0.0,0.0,0.0,0.0012262167468660838
12.899999999999801,0.5,5.624999999999943,-5.9444411054880675,-3.4912059840901293,-2.837375426878566,-3.4912059840901293,-5.9444411054880675,-10.338970662858685,-10.338970662848965,0.6047695619717272,0.6127976260825115,0.6146132493184056,0.6127976260825115,0.6047695619717272,0.0012687795405963436,0.0,0.0,0.0,0.0012687795405963436
12.999999999999796,0.5,5.67499999999994,-5.917254943546311,-3.4461979053794494,-2.7855380159505216,-3.4461979053794494,-5.917254943546311,-10.3267696104013,-10.32676961039158,0.6059245582675495,0.6140108178902687,0.6158446681692434,0.6140108178902687,0.6059245582675495,0.0013118826439092038,0.0,0.0,0.0,0.0013118826439092038
13.09999999999979,0.5,5.7249999999999375,-5.890177605405995,-3.401443607997237,-2.7339940293204563,-3.401443607997237,-5.890177605405995,-10.314528185759002,-10.314528185749282,0.6070613783919941,0.6152056537539375,0.6170576202608707,0.6152056537539375,0.6070613783919941,0.001355516237208276,0.0,0.0,0.0,0.001355516237208276
13.199999999999784,0.5,5.774999999999935,-5.863207027820579,-3.3569401239928425,-2.6827408448328356,-3.3569401239928425,-5.863207027820579,-10.302246805704556,-10.302246805694836,0.6081804351589291,0.6163825457088413,0.6182525168721135,0.6163825457088413,0.6081804351589291,0.0013996704583080866,0.0,0.0,0.0,0.0013996704583080866
13.299999999999779,0.5,5.824999999999932,-5.836341211671311,-3.3126845361585424,-2.6317758639125373,-3.3126845361585424,-5.836341211671311,-10.289925880155693,-10.289925880145972,0.6092821290927456,0.6175418934738536,0.6194297570336781,0.6175418934738536,0.6092821290927456,0.001444335336377456,0.0,0.0,0.0,0.001444335336377456
13.399999999999773,0.5,5.874999999999929,-5.809578219537968,-3.268673976854984,-2.5810965113557245,-3.268673976854984,-5.809578219537968,-10.277565812370028,-10.277565812360365,0.6103668488821856,0.6186840849072716,0.6205897279814928,0.6186840849072716,0.6103668488821856,0.0014895007919713814,0.0,0.0,0.0,0.0014895007919713814
13.499999999999767,0.5,5.924999999999926,-5.782916173386582,-3.2249056268495906,-2.5307002351143524,-3.2249056268495906,-5.782916173386582,-10.265166999132475,-10.265166999122698,0.6114349718142701,0.6198094964427916,0.6217328055902083,0.6198094964427916,0.6114349718142701,0.0015351566473332673,0.0,0.0,0.0,0.0015351566473332673
13.599999999999762,0.5,5.974999999999923,-5.756353252337419,-3.181376714207431,-2.480584506095852,-3.181376714207431,-5.756353252337419,-10.252729830935777,-10.252729830926,0.6124868641894213,0.6209184935064809,0.6228593547877993,0.6209184935064809,0.6124868641894213,0.001581292637854083,0.0,0.0,0.0,0.001581292637854083
13.699999999999756,0.5,6.02499999999992,-5.729887690528358,-3.1380845131992032,-2.4307468179626426,-3.1380845131992032,-5.729887690528358,-10.240254692155247,-10.240254692145527,0.613522881718636,0.6220114309157888,0.6239697299522486,0.6220114309157888,0.613522881718636,0.0016278984232220997,0.0,0.0,0.0,0.0016278984232220997
13.79999999999975,0.5,6.074999999999918,-5.703517775068519,-3.0950263432485485,-2.3811846869433566,-3.0950263432485485,-5.703517775068519,-10.227741961216225,-10.227741961206277,0.6145433699036285,0.6230886532614165,0.6250642752911757,0.6230886532614165,0.6145433699036285,0.0016749635980468974,0.0,0.0,0.0,0.0016749635980468974
13.899999999999745,0.5,6.124999999999915,-5.677241844071773,-3.052199567896537,-2.3318956516536673,-3.052199567896537,-5.677241844071773,-10.215192010755572,-10.215192010745568,0.6155486644007814,0.6241504952729615,0.6261433252052502,0.6241504952729615,0.6155486644007814,0.0017224777019444627,0.0,0.0,0.0,0.0017224777019444627
13.999999999999739,0.5,6.174999999999912,-5.651058284778685,-3.00960159380935,-2.2828772729082516,-3.00960159380935,-5.651058284778685,-10.202605207778163,-10.202605207768215,0.616539091369672,0.6251972821690449,0.6272072046362419,0.6251972821690449,0.616539091369672,0.0017704302291028143,0.0,0.0,0.0,0.0017704302291028143
14.099999999999733,0.5,6.224999999999909,-5.624965531751627,-2.9672298697993256,-2.234127133553727,-2.9672298697993256,-5.624965531751627,-10.189981913807344,-10.189981913797283,0.6175149678069637,0.6262293299927656,0.6282562294003665,0.6262293299927656,0.6175149678069637,0.0018188106373511481,0.0,0.0,0.0,0.0018188106373511481
14.199999999999728,0.5,6.274999999999906,-5.5989620651106975,-2.9250818858809,-2.185642838295621,-2.9250818858809,-5.5989620651106975,-10.177322485028924,-10.17732248501892,0.618476601866436,0.6272469459331201,0.6292907065077175,0.6272469459331201,0.618476601866436,0.0018676083567552351,0.0,0.0,0.0,0.0018676083567552351
14.299999999999722,0.5,6.324999999999903,-5.573046408905782,-2.8831551723417306,-2.1374220135408564,-2.8831551723417306,-5.573046408905782,-10.164627272432199,-10.164627272422138,0.6194242931655668,0.6282504286331213,0.630310934468389,0.6282504286331213,0.6194242931655668,0.0019168127977611273,0.0,0.0,0.0,0.0019168127977611273
14.399999999999716,0.5,6.3749999999999005,-5.5472171294874215,-2.841447298864864,-2.0894623072275067,-2.841447298864864,-5.5472171294874215,-10.151896621944218,-10.151896621934156,0.6203583330796576,0.6292400684851474,0.6313172035860071,0.6292400684851474,0.6203583330796576,0.0019664133589090806,0.0,0.0,0.0,0.0019664133589090806
14.49999999999971,0.5,6.424999999999898,-5.52147283398574,-2.799955873638055,-2.0417613886570507,-2.799955873638055,-5.52147283398574,-10.139130874560237,-10.13913087455012,0.6212790050238067,0.6302161479142941,0.6323097962392219,0.6302161479142941,0.6212790050238067,0.002016399434136284,0.0,0.0,0.0,0.002016399434136284
14.599999999999705,0.5,6.474999999999895,-5.4958121688326855,-2.7586785425059475,-1.9943169483548218,-2.7586785425059475,-5.4958121688326855,-10.126330366469062,-10.12633036645883,0.6221865847234527,0.6311789416501529,0.6332889871516576,0.6311789416501529,0.6221865847234527,0.002066760419688946,0.0,0.0,0.0,0.002066760419688946
14.699999999999699,0.5,6.524999999999892,-5.470233818345548,-2.7176129881584643,-1.9471266979065263,-2.7176129881584643,-5.470233818345548,-10.113495429174407,-10.113495429164175,0.6230813404739844,0.6321287169875581,0.6342550436510062,0.6321287169875581,0.6230813404739844,0.0021174857206607924,0.0,0.0,0.0,0.0021174857206607924
14.799999999999693,0.5,6.574999999999889,-5.444736503367039,-2.6767569293116935,-1.900188369796524,-2.6767569293116935,-5.444736503367039,-10.100626389611875,-10.100626389601473,0.6239635333899218,0.633065734036947,0.6352082259176988,0.633065734036947,0.6239635333899218,0.002168564757175957,0.0,0.0,0.0,0.002168564757175957
14.899999999999688,0.5,6.624999999999886,-5.419318979956017,-2.6361081199360683,-1.8534997172657768,-2.6361081199360683,-5.419318979956017,-10.087723570261915,-10.087723570251455,0.6248334176441634,0.6339902459646509,0.6361487872235866,0.6339902459646509,0.6248334176441634,0.0022199869702325013,0.0,0.0,0.0,0.0022199869702325013
14.999999999999682,0.5,6.6749999999998835,-5.393980038140114,-2.595664348482785,-1.8070585141637707,-2.595664348482785,-5.393980038140114,-10.074787289259064,-10.074787289248547,0.6256912406977206,0.6349024992237216,0.6370769741611658,0.6349024992237216,0.6256912406977206,0.0022717418272226357,0.0,0.0,0.0,0.0022717418272226357
15.099999999999676,0.5,6.724999999999881,-5.368718500704006,-2.5554234371572306,-1.760862554787252,-2.5554234371572306,-5.368718500704006,-10.061817860497229,-10.061817860486599,0.6265372435204418,0.6358027337755808,0.6379930268637893,0.6358027337755808,0.6265372435204418,0.0023238188271444476,0.0,0.0,0.0,0.0023238188271444476
15.19999999999967,0.5,6.774999999999878,-5.3435332220311125,-2.5153832411835424,-1.714909653749487,-2.5153832411835424,-5.3435332220311125,-10.048815593730978,-10.048815593720292,0.6273716608030698,0.636691183303067,0.6388971792171647,0.636691183303067,0.6273716608030698,0.0023762075055194674,0.0,0.0,0.0,0.0023762075055194674
15.299999999999665,0.5,6.824999999999875,-5.318423087001634,-2.4755416481096972,-1.669197645814279,-2.4755416481096972,-5.318423087001634,-10.035780794674565,-10.035780794663822,0.6281947211610285,0.6375680754151288,0.6397896590627097,0.6375680754151288,0.6281947211610285,0.0024288974390300547,0.0,0.0,0.0,0.0024288974390300547
15.39999999999966,0.5,6.874999999999872,-5.293387009903313,-2.4358965771168073,-1.6237243857603971,-2.4358965771168073,-5.293387009903313,-10.022713765096455,-10.022713765085598,0.6290066473304086,0.6384336318436342,0.6406706883929442,0.6384336318436342,0.6290066473304086,0.0024818782498891552,0.0,0.0,0.0,0.0024818782498891552
15.499999999999654,0.5,6.924999999999869,-5.2684239334166705,-2.3964459783589405,-1.5784877482381034,-2.3964459783589405,-5.2684239334166705,-10.009614802911187,-10.009614802900273,0.6298076563563317,0.639288068632582,0.6415404835393876,0.639288068632582,0.6298076563563317,0.0025351396099553797,0.0,0.0,0.0,0.0025351396099553797
15.599999999999648,0.5,6.974999999999866,-5.24353282763019,-2.3571878323088526,-1.5334856276151072,-2.3571878323088526,-5.24353282763019,-9.996484202268277,-9.996484202257307,0.6305979597741521,0.6401315963201032,0.6423992553532987,0.6401315963201032,0.6305979597741521,0.002588671244605062,0.0,0.0,0.0,0.002588671244605062
15.699999999999642,0.5,7.024999999999864,-5.218712689073811,-2.3181201491296406,-1.4887159378315573,-2.3181201491296406,-5.218712689073811,-9.98332225363771,-9.983322253626852,0.6313777637838317,0.6409644201135315,0.6432472093795154,0.6409644201135315,0.6313777637838317,0.002642462936372859,0.0,0.0,0.0,0.002642462936372859
15.799999999999637,0.5,7.074999999999861,-5.193962539610368,-2.2792409680549213,-1.444176612263277,-2.2792409680549213,-5.193962539610368,-9.97012924389287,-9.97012924388207,0.6321472755339855,0.6417867400578761,0.644084546023708,0.6417867400578761,0.6321472755339855,0.002696503338609979,0.0,0.0,0.0,0.002696503338609979
15.89999999999963,0.5,7.124999999999858,-5.169281426798705,-2.2405483567896454,-1.3998656035714703,-2.2405483567896454,-5.169281426798705,-9.956905456390984,-9.95690545638007,0.6329067149798535,0.6425987511979611,0.6449114607133823,0.6425987511979611,0.6329067149798535,0.002750756538573245,0.0,0.0,0.0,0.002750756538573245
15.999999999999625,0.5,7.174999999999855,-5.144668426752446,-2.202040410977588,-1.3557808835562923,-2.202040410977588,-5.144668426752446,-9.943651171060253,-9.94365117104934,0.6336562840445458,0.6434006437343709,0.6457281440528627,0.6434006437343709,0.6336562840445458,0.0028051660779254764,0.0,0.0,0.0,0.0028051660779254764
16.09999999999962,0.5,7.224999999999852,-5.120122640651971,-2.1637152536761164,-1.31192044302162,-2.1637152536761164,-5.120122640651971,-9.93036666448478,-9.930366664473809,0.6343961740086043,0.6441926031736284,0.6465347819724941,0.6441926031736284,0.6343961740086043,0.0028596942749091712,0.0,0.0,0.0,0.0028596942749091712
16.199999999999616,0.5,7.274999999999849,-5.095643192267232,-2.125571034817142,-1.2682822916250416,-2.125571034817142,-5.095643192267232,-9.917052209979545,-9.91705220996846,0.6351265694256095,0.6449748104729031,0.6473315558723794,0.6449748104729031,0.6351265694256095,0.002914317406459663,0.0,0.0,0.0,0.002914317406459663
16.29999999999961,0.5,7.3249999999998465,-5.071229226571063,-2.0876059306543198,-1.2248644577423988,-2.0876059306543198,-5.071229226571063,-9.903708077660383,-9.903708077649128,0.6358476494101017,0.6457474421794945,0.6481186427608024,0.6457474421794945,0.6358476494101017,0.002969018215038819,0.0,0.0,0.0,0.002969018215038819
16.399999999999604,0.5,7.374999999999844,-5.0468799087890375,-2.0498181432367346,-1.1816649883218702,-2.0498181432367346,-5.0468799087890375,-9.890334534511169,-9.890334534500084,0.636559588246403,0.6465106705651942,0.6488962153876359,0.6465106705651942,0.636559588246403,0.003023782525663032,0.0,0.0,0.0,0.003023782525663032
16.4999999999996,0.5,7.424999999999841,-5.022594423653288,-2.0122058998793477,-1.1386819487528328,-2.0122058998793477,-5.022594423653288,-9.87693184444828,-9.876931844437081,0.6372625557240958,0.6472646637558225,0.6496644423728715,0.6472646637558225,0.6372625557240958,0.003078597809408672,0.0,0.0,0.0,0.003078597809408672
16.599999999999593,0.5,7.474999999999838,-4.998371974712541,-1.9747674526555556,-1.0959134227033474,-1.9747674526555556,-4.998371974712541,-9.86350026838204,-9.863500268370672,0.637956717357598,0.6480095858560755,0.650423488330605,0.6480095858560755,0.637956717357598,0.0031334525626315075,0.0,0.0,0.0,0.0031334525626315075
16.699999999999587,0.5,7.524999999999835,-4.97421178371269,-1.9375010778978208,-1.053357511988736,-1.9375010778978208,-4.97421178371269,-9.850040064277323,-9.850040064265784,0.6386422345544599,0.6487455970699116,0.6511735139884943,0.6487455970699116,0.6386422345544599,0.003188336025686551,0.0,0.0,0.0,0.003188336025686551
16.79999999999958,0.5,7.574999999999832,-4.950113090017226,-1.900405075719675,-1.0110123364397055,-1.900405075719675,-4.950113090017226,-9.836551487211977,-9.83655148720021,0.6393192647593625,0.6494728538166276,0.6519146763029638,0.6494728538166276,0.6393192647593625,0.0032432380438625823,0.0,0.0,0.0,0.0032432380438625823
16.899999999999576,0.5,7.6249999999998295,-4.92607515003175,-1.8634777695315279,-0.9688760337318172,-1.8634777695315279,-4.92607515003175,-9.823034789432995,-9.823034789421172,0.6399879615851584,0.6501915088428653,0.6526471285704326,0.6501915088428653,0.6399879615851584,0.003298148988851578,0.0,0.0,0.0,0.003298148988851578
16.99999999999957,0.5,7.674999999999827,-4.902097236668851,-1.8267175055922849,-0.9269467592658884,-1.8267175055922849,-4.902097236668851,-9.80949022041176,-9.809490220399823,0.6406484749356441,0.6509017113306184,0.6533710205344935,0.6509017113306184,0.6406484749356441,0.0033530597068696915,0.0,0.0,0.0,0.0033530597068696915
17.099999999999564,0.5,7.724999999999824,-4.878178638819065,-1.7901226525594893,-0.8852226860104793,-1.7901226525594893,-4.878178638819065,-9.795918026896913,-9.79591802688492,0.6413009511222836,0.6516036070014828,0.6540864984894345,0.6516036070014828,0.6413009511222836,0.0034079614793068947,0.0,0.0,0.0,0.0034079614793068947
17.19999999999956,0.5,7.774999999999821,-4.854318660850197,-1.75369160104799,-0.8437020043637631,-1.75369160104799,-4.854318660850197,-9.782318452966251,-9.7823184529542,0.6419455329758116,0.6522973382172872,0.6547937053801112,0.6522973382172872,0.6419455329758116,0.0034628459899519073,0.0,0.0,0.0,0.0034628459899519073
17.299999999999553,0.5,7.824999999999818,-4.830516622125117,-1.717422763215552,-0.8023829220073821,-1.717422763215552,-4.830516622125117,-9.76869174007686,-9.76869174006464,0.6425823599532934,0.6529830440771919,0.6554927808983814,0.6529830440771919,0.6425823599532934,0.003517705296224765,0.0,0.0,0.0,0.003517705296224765
17.399999999999547,0.5,7.874999999999815,-4.806771856525643,-1.681314572337783,-0.7612636637646233,-1.681314572337783,-4.806771856525643,-9.755038127113153,-9.755038127100931,0.6432115682409867,0.6536608605115037,0.6561838615762078,0.6536608605115037,0.6432115682409867,0.0035725318032534146,0.0,0.0,0.0,0.0035725318032534146
17.49999999999954,0.5,7.924999999999812,-4.783083712002735,-1.6453654824109094,-0.7203424714478501,-1.6453654824109094,-4.783083712002735,-9.741357850434952,-9.741357850422617,0.6438332908532289,0.6543309203722246,0.656867080875605,0.6543309203722246,0.6438332908532289,0.003627318240220115,0.0,0.0,0.0,0.003627318240220115
17.599999999999536,0.5,7.97499999999981,-4.759451550147617,-1.6095739677575125,-0.6796176037252053,-1.6095739677575125,-4.759451550147617,-9.727651143922799,-9.727651143910464,0.6444476577275383,0.6549933535205376,0.6575425692754746,0.6549933535205376,0.6444476577275383,0.00368205763865415,0.0,0.0,0.0,0.00368205763865415
17.69999999999953,0.5,8.024999999999807,-4.735874745759531,-1.573938522643516,-0.6390873359665079,-1.573938522643516,-4.735874745759531,-9.713918239022348,-9.7139182390099,0.6450547958161962,0.655648286911321,0.6582104543555543,0.655648286911321,0.6450547958161962,0.0037367433124562074,0.0,0.0,0.0,0.0037367433124562074
17.799999999999525,0.5,8.074999999999804,-4.712352686443637,-1.5384576609031342,-0.5987499601022819,-1.5384576609031342,-4.712352686443637,-9.700159364787908,-9.700159364775516,0.6456548291743783,0.6562958446748215,0.6588708608775092,0.6562958446748215,0.6456548291743783,0.003791368839492824,0.0,0.0,0.0,0.003791368839492824
17.89999999999952,0.5,8.124999999999801,-4.688884772226061,-1.5031299155778015,-0.5586037844834664,-1.5031299155778015,-4.688884772226061,-9.686374747924447,-9.686374747912168,0.646247879045018,0.6569361481955728,0.6595239108633054,0.6569361481955728,0.646247879045018,0.0038459280446260713,0.0,0.0,0.0,0.0038459280446260713
17.999999999999513,0.5,8.174999999999798,-4.665470415164691,-1.467953838551125,-0.5186471337340208,-1.467953838551125,-4.665470415164691,-9.67256461282824,-9.672564612815904,0.6468340639406293,0.6575693161887206,0.6601697236709965,0.6575693161887206,0.6468340639406293,0.003900414984060175,0.0,0.0,0.0,0.003900414984060175
18.099999999999508,0.5,8.224999999999795,-4.642109038993738,-1.432928000217089,-0.47887834859943723,-1.432928000217089,-4.642109038993738,-9.658729181626484,-9.658729181614035,0.6474134997220846,0.658195464773746,0.6608084160680093,0.658195464773746,0.6474134997220846,0.003954823930899105,0.0,0.0,0.0,0.003954823930899105
18.199999999999502,0.5,8.274999999999793,-4.618800078763286,-1.3980509891371184,-0.43929578582145723,-1.3980509891371184,-4.618800078763286,-9.6448686742159,-9.64486867420328,0.6479862996746274,0.6588147075458141,0.6614401023019473,0.6588147075458141,0.6479862996746274,0.00400914936181753,0.0,0.0,0.0,0.00400914936181753
18.299999999999496,0.5,8.32499999999979,-4.595542980505286,-1.3633214116987347,-0.39989781797538626,-1.3633214116987347,-4.595542980505286,-9.63098330830013,-9.630983308287455,0.6485525745811239,0.6594271556447957,0.6620648941691795,0.6594271556447957,0.6485525745811239,0.004063385944757599,0.0,0.0,0.0,0.004063385944757599
18.39999999999949,0.5,8.374999999999787,-4.572337200907441,-1.3287378918054742,-0.3606828333387284,-1.3287378918054742,-4.572337200907441,-9.617073299426579,-9.61707329941379,0.6491124327927338,0.6600329178219745,0.6626829010811065,0.6600329178219745,0.6491124327927338,0.00411752852756907,0.0,0.0,0.0,0.00411752852756907
18.499999999999485,0.5,8.424999999999784,-4.549182206988348,-1.2942990705637953,-0.32164923574873683,-1.2942990705637953,-4.549182206988348,-9.603138861020966,-9.603138861008176,0.6496659802971323,0.660632100504617,0.6632942301283118,0.660632100504617,0.6496659802971323,0.004171572127518182,0.0,0.0,0.0,0.004171572127518182
18.59999999999948,0.5,8.474999999999781,-4.526077475807142,-1.2600036059704394,-0.28279544444944804,-1.2600036059704394,-4.526077475807142,-9.589180204422973,-9.589180204410184,0.6502133207842862,0.6612248078584735,0.6638989861426785,0.6612248078584735,0.6502133207842862,0.004225511921596733,0.0,0.0,0.0,0.004225511921596733
18.699999999999473,0.5,8.524999999999778,-4.50302249414392,-1.2258501726129225,-0.24411989396099898,-1.2258501726129225,-4.50302249414392,-9.575197538918758,-9.575197538905968,0.6507545557100747,0.6618111418482607,0.6644972717574494,0.6618111418482607,0.6507545557100747,0.004279343237567084,0.0,0.0,0.0,0.004279343237567084
18.799999999999468,0.5,8.574999999999775,-4.480016758248894,-1.1918374613836136,-0.20562103392825293,-1.1918374613836136,-4.480016758248894,-9.56119107177409,-9.561191071761243,0.6512897843575609,0.6623912022961871,0.6650891874654348,0.6623912022961871,0.6512897843575609,0.004333061545685486,0.0,0.0,0.0,0.004333061545685486
18.899999999999462,0.5,8.624999999999773,-4.457059773535946,-1.1579641791888662,-0.16729732899239025,-1.1579641791888662,-4.457059773535946,-9.547161008266073,-9.54716100825317,0.6518191038963627,0.6629650869386509,0.6656748316753033,0.6629650869386509,0.6518191038963627,0.004386662451049909,0.0,0.0,0.0,0.004386662451049909
18.999999999999456,0.5,8.67499999999977,-4.434151054334052,-1.1242290486753745,-0.12914725863993226,-1.1242290486753745,-4.434151054334052,-9.533107551713726,-9.53310755170071,0.6523426094398845,0.6635328914811173,0.6662543007661736,0.6635328914811173,0.6523426094398845,0.004440141686522231,0.0,0.0,0.0,0.004440141686522231
19.09999999999945,0.5,8.724999999999767,-4.41129012363109,-1.0906308079512996,-0.09116931706631703,-1.0906308079512996,-4.41129012363109,-9.519030903508394,-9.519030903495263,0.6528603941006775,0.6640947096512979,0.6668276891404381,0.6640947096512979,0.6528603941006775,0.0044934951061802045,0.0,0.0,0.0,0.0044934951061802045
19.199999999999445,0.5,8.774999999999764,-4.3884765128250365,-1.0571682103323496,-0.05336201303441612,-1.0571682103323496,-4.3884765128250365,-9.504931263143078,-9.50493126312989,0.6533725490439636,0.6646506332506166,0.6673950892749648,0.6646506332506166,0.6533725490439636,0.004546718679256932,0.0,0.0,0.0,0.004546718679256932
19.29999999999944,0.5,8.824999999999761,-4.365709761482435,-1.0238400240668284,-0.01572386973373341,-1.0238400240668284,-4.365709761482435,-9.490808828240915,-9.4908088282275,0.6538791635393929,0.6652007522041424,0.6679565917706995,0.6652007522041424,0.6538791635393929,0.004599808484529173,0.0,0.0,0.0,0.004599808484529173
19.399999999999434,0.5,8.874999999999758,-4.342989417112847,-0.9906450320933686,0.02174657534015978,-0.9906450320933686,-4.342989417112847,-9.476663794582748,-9.476663794569276,0.6543803250110857,0.6657451546089042,0.6685122854006845,0.6657451546089042,0.6543803250110857,0.004652760705118718,0.0,0.0,0.0,0.004652760705118718
19.499999999999428,0.5,8.924999999999756,-4.320315034940165,-0.9575820317930948,0.05905077055018637,-0.9575820317930948,-4.320315034940165,-9.46249635613475,-9.462496356121164,0.6548761190860719,0.666283926780745,0.6690622571567253,0.666283926780745,0.6548761190860719,0.004705571623675172,0.0,0.0,0.0,0.004705571623675172
19.599999999999422,0.5,8.974999999999753,-4.297686177694175,-0.9246498347427519,0.0961901502399769,-0.9246498347427519,-4.297686177694175,-9.448306705074458,-9.448306705060816,0.6553666296411362,0.66681715329975,0.6696065922945064,0.66681715329975,0.6553666296411362,0.00475823761790901,0.0,0.0,0.0,0.00475823761790901
19.699999999999417,0.5,9.02499999999975,-4.275102415409208,-0.8918472664805677,0.13316613486597362,-0.8918472664805677,-4.275102415409208,-9.434095031816526,-9.43409503180294,0.6558519388481521,0.6673449170542716,0.6701453743773755,0.6673449170542716,0.6558519388481521,0.00481075515644797,0.0,0.0,0.0,0.00481075515644797
19.79999999999941,0.5,9.074999999999747,-4.252563325200811,-0.8591731662771167,0.1699801311415854,-0.8591731662771167,-4.252563325200811,-9.419861525038243,-9.419861525024544,0.6563321272180584,0.6678672992836098,0.6706786853188225,0.6678672992836098,0.6563321272180584,0.0048631207949911305,0.0,0.0,0.0,0.0048631207949911305
19.899999999999405,0.5,9.124999999999744,-4.230068491098052,-0.8266263869048771,0.20663353216951919,-0.8266263869048771,-4.230068491098052,-9.405606371703414,-9.405606371689657,0.6568072736433039,0.6683843796194282,0.6712066054236594,0.6683843796194282,0.6568072736433039,0.004915331172736376,0.0,0.0,0.0,0.004915331172736376
19.9999999999994,0.5,9.174999999999741,-4.20761750384014,-0.794205794423192,0.24312771757399787,-0.794205794423192,-4.20761750384014,-9.391329757086794,-9.391329757072981,0.6572774554390762,0.6688962361258909,0.6717292134279608,0.6688962361258909,0.6572774554390762,0.004967383009061737,0.0,0.0,0.0,0.004967383009061737
20.099999999999394,0.5,9.224999999999739,-4.185209960706743,-0.7619102679558409,0.2794640536350812,-0.7619102679558409,-4.185209960706743,-9.377031864797175,-9.377031864783305,0.657742748383166,0.6694029453386309,0.6722465865378209,0.6694029453386309,0.657742748383166,0.005019273100438216,0.0,0.0,0.0,0.005019273100438216
20.199999999999388,0.5,9.274999999999736,-4.162845465332339,-0.7297386994893031,0.3156438934190646,-0.7297386994893031,-4.162845465332339,-9.362712876800117,-9.362712876786304,0.6582032267546543,0.6699045823025147,0.6727588004669545,0.6699045823025147,0.6582032267546543,0.005070998317558076,0.0,0.0,0.0,0.005070998317558076
20.299999999999383,0.5,9.324999999999733,-4.140523627551829,-0.6976899936479981,0.35166857691382347,-0.6976899936479981,-4.140523627551829,-9.348372973440291,-9.348372973426365,0.6586589633713367,0.6704012206083665,0.6732659294731977,0.6704012206083665,0.6586589633713367,0.005122555602660047,0.0,0.0,0.0,0.005122555602660047
20.399999999999377,0.5,9.37499999999973,-4.118244063223187,-0.6657630675205723,0.38753943115369793,-0.6657630675205723,-4.118244063223187,-9.334012333463136,-9.334012333449152,0.6591100296260818,0.6708929324284744,0.6737680463939157,0.6708929324284744,0.6591100296260818,0.005173941967037337,0.0,0.0,0.0,0.005173941967037337
20.49999999999937,0.5,9.424999999999727,-4.096006394081485,-0.6339568504344015,0.4232577703550078,-0.6339568504344015,-4.096006394081485,-9.319631134035887,-9.319631134021677,0.6595564955220089,0.6713797885512122,0.6742652226804001,0.6713797885512122,0.6595564955220089,0.005225154488712944,0.0,0.0,0.0,0.005225154488712944
20.599999999999365,0.5,9.474999999999724,-4.073810247574045,-0.6022702837821612,0.45882489604224475,-0.6022702837821612,-4.073810247574045,-9.305229550768274,-9.305229550754063,0.6599984297066679,0.6718618584145195,0.6747575284312434,0.6718618584145195,0.6599984297066679,0.005276190310270248,0.0,0.0,0.0,0.005276190310270248
20.69999999999936,0.5,9.524999999999721,-4.051655256738513,-0.5707023208198052,0.4942420971742649,-0.5707023208198052,-4.051655256738513,-9.290807757732978,-9.290807757718824,0.6604358995050911,0.6723392101384938,0.6752450324247529,0.6723392101384938,0.6604358995050911,0.005327046636826081,0.0,0.0,0.0,0.005327046636826081
20.799999999999354,0.5,9.574999999999719,-4.029541060029146,-0.539251926489726,0.5295106502748581,-0.539251926489726,-4.029541060029146,-9.276365927485585,-9.276365927471318,0.6608689709520044,0.6728119105569851,0.6757278021504368,0.6728119105569851,0.6608689709520044,0.005377720734135887,0.0,0.0,0.0,0.005377720734135887
20.89999999999935,0.5,9.624999999999716,-4.007467301197323,-0.507918077235729,0.5646318195537674,-0.507918077235729,-4.007467301197323,-9.261904231083065,-9.261904231068684,0.6612977088229557,0.6732800252483102,0.6762059038395708,0.6732800252483102,0.6612977088229557,0.005428209926819522,0.0,0.0,0.0,0.005428209926819522
20.999999999999343,0.5,9.674999999999713,-3.9854336291575123,-0.4766997608279553,0.5996068570437387,-0.4766997608279553,-3.9854336291575123,-9.247422838103375,-9.247422838088994,0.6617221766645687,0.6737436185650737,0.6766794024949356,0.6737436185650737,0.6617221766645687,0.005478511596699607,0.0,0.0,0.0,0.005478511596699607
21.099999999999337,0.5,9.72499999999971,-3.9634396978534596,-0.44559597618820135,0.634437002704999,-0.44559597618820135,-3.9634396978534596,-9.232921916663656,-9.232921916649275,0.6621424368239259,0.6742027536631413,0.677148361919618,0.6742027536631413,0.6621424368239259,0.005528623181242881,0.0,0.0,0.0,0.005528623181242881
21.19999999999933,0.5,9.774999999999707,-3.9414851661452985,-0.4146057332178543,0.6691234845669101,-0.4146057332178543,-3.9414851661452985,-9.218401633438248,-9.218401633423923,0.662558550477042,0.6746574925298007,0.677612844745109,0.6746574925298007,0.662558550477042,0.005578542172097513,0.0,0.0,0.0,0.005578542172097513
21.299999999999326,0.5,9.824999999999704,-3.9195696976734666,-0.38372805264174303,0.7036675188386425,-0.38372805264174303,-3.9195696976734666,-9.203862153676653,-9.203862153662328,0.6629705776565908,0.6751078960110836,0.6780729124585249,0.6751078960110836,0.6629705776565908,0.005628266113717824,0.0,0.0,0.0,0.005628266113717824
21.39999999999932,0.5,9.874999999999702,-3.8976929607574675,-0.3529619658295928,0.738070310039177,-0.3529619658295928,-3.8976929607574675,-9.18930364122042,-9.189303641206095,0.6633785772787465,0.6755540238383975,0.6785286254291224,0.6755540238383975,0.6633785772787465,0.00567779260207031,0.0,0.0,0.0,0.00567779260207031
21.499999999999314,0.5,9.924999999999699,-3.8758546282733164,-0.3223065146489148,0.7723330511105928,-0.3223065146489148,-3.8758546282733164,-9.174726258520252,-9.17472625850587,0.6637826071693214,0.6759959346543291,0.6789800429340274,0.6759959346543291,0.6637826071693214,0.005727119283415253,0.0,0.0,0.0,0.005727119283415253
21.59999999999931,0.5,9.974999999999696,-3.8540543775532683,-0.291760751308459,0.8064569235396561,-0.291760751308459,-3.8540543775532683,-9.16013016665255,-9.160130166638226,0.6641827240891088,0.676433686037767,0.6794272231832819,0.676433686037767,0.6641827240891088,0.005776243853156855,0.0,0.0,0.0,0.005776243853156855
21.699999999999303,0.5,10.024999999999693,-3.832291890266447,-0.2613237381910949,0.8404430974792945,-0.2613237381910949,-3.832291890266447,-9.145515525335725,-9.145515525321343,0.66457898375857,0.6768673345283622,0.6798702233441953,0.6768673345283622,0.66457898375857,0.005825164054758116,0.0,0.0,0.0,0.005825164054758116
21.799999999999297,0.5,10.07499999999969,-3.810566852337786,-0.2309945477266524,0.8742927318614875,-0.2309945477266524,-3.810566852337786,-9.130882492946114,-9.130882492931676,0.6649714408817265,0.6772969356502129,0.6803090995650093,0.6772969356502129,0.6649714408817265,0.0058738776787144184,0.0,0.0,0.0,0.0058738776787144184
21.89999999999929,0.5,10.124999999999687,-3.7888789538289984,-0.20077226222440459,0.9080069745137394,-0.20077226222440459,-3.7888789538289984,-9.116231226533046,-9.116231226518494,0.6653601491694958,0.6777225439350173,0.6807439069979239,0.6777225439350173,0.6653601491694958,0.0059223825615822515,0.0,0.0,0.0,0.0059223825615822515
21.999999999999286,0.5,10.174999999999685,-3.7672278888577466,-0.17065597374545405,0.9415869622745845,-0.17065597374545405,-3.7672278888577466,-9.101561881834584,-9.101561881819975,0.6657451613622813,0.6781442129444908,0.6811746998214984,0.6781442129444908,0.6657451613622813,0.00597067658505811,0.0,0.0,0.0,0.00597067658505811
22.09999999999928,0.5,10.224999999999682,-3.7456133554979374,-0.14064478394845992,0.9750338211147778,-0.14064478394845992,-3.7456133554979374,-9.08687461329248,-9.086874613277814,0.6661265292519934,0.6785619952922523,0.6816015312624645,0.6785619952922523,0.6661265292519934,0.006018757675104778,0.0,0.0,0.0,0.006018757675104778
22.199999999999275,0.5,10.274999999999679,-3.7240350556934345,-0.11073780395986432,1.0083486662396126,-0.11073780395986432,-3.7240350556934345,-9.072169574066493,-9.072169574051713,0.6665043037034343,0.6789759426650608,0.6820244536168971,0.6789759426650608,0.6665043037034343,0.006066623801120348,0.0,0.0,0.0,0.006066623801120348
22.29999999999927,0.5,10.324999999999676,-3.7024926951727366,-0.0809341542361608,1.0415326022118165,-0.0809341542361608,-3.7024926951727366,-9.057446916048946,-9.057446916034166,0.6668785346751003,0.6793861058435042,0.6824435182708807,0.6793861058435042,0.6668785346751003,0.006114272975147901,0.0,0.0,0.0,0.006114272975147901
22.399999999999263,0.5,10.374999999999673,-3.6809859833566065,-0.051232964435996564,1.074586723051425,-0.051232964435996564,-3.6809859833566065,-9.042706789878764,-9.042706789863928,0.6672492712394433,0.6797925347221118,0.6828587757205565,0.6797925347221118,0.6672492712394433,0.0061617032511221085,0.0,0.0,0.0,0.0061617032511221085
22.499999999999257,0.5,10.42499999999967,-3.6595146332909394,-0.021633373282327284,1.107512112353163,-0.021633373282327284,-3.6595146332909394,-9.027949344955402,-9.027949344940566,0.6676165616025198,0.6801952783289664,0.6832702755916945,0.6801952783289664,0.6676165616025198,0.0062089127241502645,0.0,0.0,0.0,0.0062089127241502645
22.599999999999252,0.5,10.474999999999667,-3.638078361560133,0.007865471565651205,1.1403098433980858,0.007865471565651205,-3.638078361560133,-9.013174729452032,-9.01317472943714,0.6679804531231647,0.6805943848447733,0.6836780666587234,0.6805943848447733,0.6679804531231647,0.006255899529825605,0.0,0.0,0.0,0.006255899529825605
22.699999999999246,0.5,10.524999999999665,-3.6166768882035285,0.03726441362977084,1.1729809792549304,0.03726441362977084,-3.6166768882035285,-8.998383090329241,-8.998383090314462,0.6683409923316549,0.6809899016213959,0.6840821968632428,0.6809899016213959,0.6683409923316549,0.006302661843569904,0.0,0.0,0.0,0.006302661843569904
22.79999999999924,0.5,10.574999999999662,-3.5953099366632273,0.06656428774221013,1.2055265728930067,0.06656428774221013,-3.5953099366632273,-8.983574573347994,-8.983574573333101,0.6686982249477871,0.6813818751999481,0.684482713332077,0.6813818751999481,0.6686982249477871,0.0063491978800038025,0.0,0.0,0.0,0.0063491978800038025
22.899999999999235,0.5,10.624999999999659,-3.573977233685582,0.09576592016031782,1.2379476672790588,0.09576592016031782,-3.573977233685582,-8.968749323081909,-8.968749323066959,0.66905219589861,0.681770351328374,0.6848796623948166,0.681770351328374,0.66905219589861,0.006395505892342669,0.0,0.0,0.0,0.006395505892342669
22.99999999999923,0.5,10.674999999999656,-3.5526785092695263,0.1248701286884284,1.2702452954924297,0.1248701286884284,-3.5526785092695263,-8.953907482930731,-8.953907482915668,0.6694029493355633,0.6821553749785916,0.6852730896009577,0.6821553749785916,0.6694029493355633,0.006441584171816274,0.0,0.0,0.0,0.006441584171816274
23.099999999999223,0.5,10.724999999999653,-3.5314134965968265,0.15387772279166256,1.3024204808273794,0.15387772279166256,-3.5314134965968265,-8.939049195131872,-8.939049195116752,0.6697505286512224,0.6825369903631786,0.6856630397365648,0.6825369903631786,0.6697505286512224,0.006487431047110367,0.0,0.0,0.0,0.006487431047110367
23.199999999999218,0.5,10.77499999999965,-3.5101819319676224,0.18278950370836355,1.3344742368914808,0.18278950370836355,-3.5101819319676224,-8.924174600772915,-8.924174600757738,0.6700949764955894,0.6829152409516206,0.6860495568404917,0.6829152409516206,0.6700949764955894,0.006533044883829398,0.0,0.0,0.0,0.006533044883829398
23.299999999999212,0.5,10.824999999999648,-3.488983554724655,0.21160626456963882,1.3664075677097003,0.21160626456963882,-3.488983554724655,-8.90928383980372,-8.90928383978843,0.6704363347920004,0.6832901694861723,0.6864326842202071,0.6832901694861723,0.6704363347920004,0.006578424083977824,0.0,0.0,0.0,0.006578424083977824
23.399999999999206,0.5,10.874999999999645,-3.4678181072150664,0.24032879049781286,1.3982214678269997,0.24032879049781286,-3.4678181072150664,-8.89437705104757,-8.894377051032222,0.6707746447525177,0.683661817997254,0.6868124644672144,0.683661817997254,0.6707746447525177,0.006623567085459417,0.0,0.0,0.0,0.006623567085459417
23.4999999999992,0.5,10.924999999999642,-3.446685334706899,0.2689578587188066,1.4299169224069601,0.2689578587188066,-3.446685334706899,-8.879454372213104,-8.879454372197756,0.6711099468930568,0.684030227818496,0.687188939472067,0.684030227818496,0.6711099468930568,0.006668472361593762,0.0,0.0,0.0,0.006668472361593762
23.599999999999195,0.5,10.974999999999639,-3.4255849853510654,0.29749423866627467,1.4614949073255161,0.29749423866627467,-3.4255849853510654,-8.86451593990563,-8.864515939890168,0.6714422810479981,0.6843954396013883,0.6875621504389958,0.6843954396013883,0.6714422810479981,0.006713138420647638,0.0,0.0,0.0,0.006713138420647638
23.69999999999919,0.5,11.024999999999636,-3.4045168101139893,0.3259386920892098,1.4929563892841315,0.3259386920892098,-3.4045168101139893,-8.849561889637698,-8.849561889622237,0.6717716863845142,0.6847574933295663,0.6879321379002223,0.6847574933295663,0.6717716863845142,0.006757563805381543,0.0,0.0,0.0,0.006757563805381543
23.799999999999184,0.5,11.074999999999633,-3.383480562722468,0.35429197314556404,1.5243023258844914,0.35429197314556404,-3.383480562722468,-8.834592355840755,-8.834592355825464,0.6720982014165027,0.6851164283327051,0.6882989417298052,0.6851164283327051,0.6720982014165027,0.00680174709260946,0.0,0.0,0.0,0.00680174709260946
23.899999999999178,0.5,11.12499999999963,-3.3624759996223474,0.3825548285079208,1.5555336657486123,0.3825548285079208,-3.3624759996223474,-8.8196074718756,-8.819607471860195,0.6724218640181276,0.6854722833001043,0.6886626011572745,0.6854722833001043,0.6724218640181276,0.006845686892771638,0.0,0.0,0.0,0.006845686892771638
23.999999999999172,0.5,11.174999999999628,-3.341502879914117,0.4107279974596736,1.5866513485901805,0.4107279974596736,-3.341502879914117,-8.804607370042675,-8.804607370027384,0.67274271143709,0.6858250962939062,0.6890231547807875,0.6858250962939062,0.67274271143709,0.006889381849519257,0.0,0.0,0.0,0.006889381849519257
24.099999999999167,0.5,11.224999999999625,-3.3205609653112447,0.4388122119928539,1.6176563053260793,0.4388122119928539,-3.3205609653112447,-8.78959218159298,-8.789592181577632,0.6730607803075043,0.6861749047619978,0.6893806405800764,0.6861749047619978,0.6730607803075043,0.006932830639310429,0.0,0.0,0.0,0.006932830639310429
24.19999999999916,0.5,11.274999999999622,-3.299650020087597,0.4668081968912361,1.648549458164041,0.4668081968912361,-3.299650020087597,-8.774562036737848,-8.774562036722557,0.6733761066624867,0.6865217455505509,0.689735095929008,0.6865217455505509,0.6733761066624867,0.006976031971016602,0.0,0.0,0.0,0.006976031971016602
24.299999999999155,0.5,11.32499999999962,-3.2787698110386145,0.4947166698453884,1.679331720687287,0.4947166698453884,-3.2787698110386145,-8.759517064659349,-8.759517064644058,0.6736887259463951,0.6868656549163538,0.6900865576078349,0.6868656549163538,0.6736887259463951,0.0070189845855390355,0.0,0.0,0.0,0.0070189845855390355
24.39999999999915,0.5,11.374999999999616,-3.2579201074224784,0.5225383415220222,1.7100039979579265,0.5225383415220222,-3.2579201074224784,-8.744457393520065,-8.744457393504717,0.6739986730268256,0.6872066685387037,0.6904350618151939,0.6872066685387037,0.6739986730268256,0.007061687255434668,0.0,0.0,0.0,0.007061687255434668
24.499999999999144,0.5,11.424999999999613,-3.2371006809230494,0.5502739156659118,1.740567186592898,0.5502739156659118,-3.2371006809230494,-8.7293831504727,-8.729383150457295,0.6743059822062522,0.687544821531117,0.6907806441797435,0.687544821531117,0.6743059822062522,0.007104138784550785,0.0,0.0,0.0,0.007104138784550785
24.599999999999138,0.5,11.47499999999961,-3.216311305619172,0.5779240891823179,1.7710221748689037,0.5779240891823179,-3.216311305619172,-8.714294461670022,-8.714294461654504,0.6746106872333729,0.6878801484526887,0.6911233397715971,0.6878801484526887,0.6746106872333729,0.00714633800766794,0.0,0.0,0.0,0.00714633800766794
24.699999999999132,0.5,11.524999999999608,-3.1955517579195316,0.605489552218728,1.801369842802103,0.605489552218728,-3.1955517579195316,-8.699191452273965,-8.699191452258333,0.674912821314268,0.6882126833191887,0.6914631831134158,0.6882126833191887,0.674912821314268,0.007188283790151135,0.0,0.0,0.0,0.007188283790151135
24.799999999999127,0.5,11.574999999999605,-3.1748218165316757,0.6329709882703014,1.8316110622284327,0.6329709882703014,-3.1748218165316757,-8.684074246465286,-8.684074246449597,0.6752124171232009,0.6885424596139549,0.6918002081912377,0.6885424596139549,0.6752124171232009,0.007229975027607816,0.0,0.0,0.0,0.007229975027607816
24.89999999999912,0.5,11.624999999999602,-3.1541212624349555,0.6603690742310846,1.8617466969007523,0.6603690742310846,-3.1541212624349555,-8.668942967452551,-8.66894296743692,0.6755095068131466,0.6888695102983751,0.6921344484650912,0.6888695102983751,0.6755095068131466,0.007271410645553569,0.0,0.0,0.0,0.007271410645553569
24.999999999999115,0.5,11.6749999999996,-3.133449878828287,0.6876844805050837,1.8917776025667195,0.6876844805050837,-3.133449878828287,-8.653797737481568,-8.653797737465766,0.6758041220261414,0.6891938678222899,0.6924659368793126,0.6891938678222899,0.6758041220261414,0.007312589599084479,0.0,0.0,0.0,0.007312589599084479
25.09999999999911,0.5,11.724999999999596,-3.112807451092692,0.7149178710707815,1.9217046270600235,0.7149178710707815,-3.112807451092692,-8.63863867784346,-8.638638677827771,0.6760962939033377,0.6895155641340177,0.6927947058726476,0.6895155641340177,0.6760962939033377,0.007353510872555599,0.0,0.0,0.0,0.007353510872555599
25.199999999999104,0.5,11.774999999999594,-3.0921937667588395,0.7420699035657776,1.9515286103807057,0.7420699035657776,-3.0921937667588395,-8.623465908884327,-8.623465908868582,0.6763860530948174,0.6898346306902056,0.6931207873880949,0.6898346306902056,0.6763860530948174,0.007394173479265435,0.0,0.0,0.0,0.007394173479265435
25.2999999999991,0.5,11.82499999999959,-3.0716086154723143,0.7691412293637541,1.9812503847740004,0.7691412293637541,-3.0716086154723143,-8.608279550013549,-8.608279549997746,0.6766734297691721,0.6901510984654217,0.6934442128825105,0.6901510984654217,0.6766734297691721,0.007434576461146752,0.0,0.0,0.0,0.007434576461146752
25.399999999999093,0.5,11.874999999999588,-3.05105178895775,0.7961324936485994,2.0108707748149186,0.7961324936485994,-3.05105178895775,-8.593079719712307,-8.593079719696334,0.6769584536228644,0.6904649979615229,0.693765013336002,0.6904649979615229,0.6769584536228644,0.007474718888462458,0.0,0.0,0.0,0.007474718888462458
25.499999999999087,0.5,11.924999999999585,-3.030523080991827,0.8230443354925114,2.0403905974914096,0.8230443354925114,-3.030523080991827,-8.577866535542,-8.57786653552597,0.6772411538893447,0.6907763592168126,0.6940832192611099,0.6907763592168126,0.6772411538893447,0.007514599859507178,0.0,0.0,0.0,0.007514599859507178
25.59999999999908,0.5,11.974999999999582,-3.0100222873568327,0.8498773879339296,2.069810662278144,0.8498773879339296,-3.0100222873568327,-8.56264011415277,-8.562640114136741,0.6775215593480112,0.6910852118149835,0.6943988607117412,0.6910852118149835,0.6775215593480112,0.007554218500313686,0.0,0.0,0.0,0.007554218500313686
25.699999999999076,0.5,12.02499999999958,-2.989549205822243,0.8766322780373912,2.099131771221039,0.8766322780373912,-2.989549205822243,-8.547400571291348,-8.547400571275261,0.6777996983328827,0.6913915848938161,0.694711967291935,0.6913915848938161,0.6777996983328827,0.007593573964363957,0.0,0.0,0.0,0.007593573964363957
25.79999999999907,0.5,12.074999999999577,-2.969103636103057,0.9033096269778298,2.128354719006893,0.9033096269778298,-2.969103636103057,-8.532148021809405,-8.532148021793319,0.6780755987411357,0.69169550715373,0.6950225681643838,0.69169550715373,0.6780755987411357,0.007632665432305444,0.0,0.0,0.0,0.007632665432305444
25.899999999999064,0.5,12.124999999999574,-2.9486853798404695,0.9299100501044677,2.1574802930535384,0.9299100501044677,-2.9486853798404695,-8.51688257967163,-8.516882579655487,0.678349288041384,0.6919970068660967,0.6953306920588154,0.6919970068660967,0.678349288041384,0.007671492111671449,0.0,0.0,0.0,0.007671492111671449
25.99999999999906,0.5,12.17499999999957,-2.9282942405592394,0.9564341570136321,2.186509273573847,0.9564341570136321,-2.9282942405592394,-8.501604357963174,-8.501604357947144,0.6786207932818322,0.6922961118813818,0.695636367280117,0.6922961118813818,0.6786207932818322,0.007710053236605875,0.0,0.0,0.0,0.007710053236605875
26.099999999999053,0.5,12.224999999999568,-2.907930023663539,0.9828825516148072,2.2154424336570173,0.9828825516148072,-2.907930023663539,-8.48631346889806,-8.486313468881917,0.6788901410981363,0.692592849637084,0.6959396217163174,0.692592849637084,0.6788901410981363,0.007748348067592397,0.0,0.0,0.0,0.007748348067592397
26.199999999999047,0.5,12.274999999999565,-2.8875925363764168,1.0092558321966862,2.2442805393424123,1.0092558321966862,-2.8875925363764168,-8.471010023825897,-8.47101002380964,0.6791573577212414,0.6928872471654988,0.6962404828463777,0.6928872471654988,0.6791573577212414,0.00778637589118769,0.0,0.0,0.0,0.00778637589118769
26.29999999999904,0.5,12.324999999999562,-2.867281587736784,1.0355545914957816,2.273024349696584,1.0355545914957816,-2.867281587736784,-8.45569413324057,-8.455694133224256,0.6794224689848887,0.6931793311013129,0.6965389777478053,0.6931793311013129,0.6794224689848887,0.007824136019757821,0.0,0.0,0.0,0.007824136019757821
26.399999999999036,0.5,12.37499999999956,-2.8469969885599085,1.0617794167623629,2.301674616872617,1.0617794167623629,-2.8469969885599085,-8.440365906786838,-8.44036590677041,0.6796855003330421,0.6934691276890209,0.6968351331040611,0.6934691276890209,0.6796855003330421,0.007861627791219234,0.0,0.0,0.0,0.007861627791219234
26.49999999999903,0.5,12.424999999999557,-2.8267385514174066,1.087930889817244,2.3302320861989756,1.087930889817244,-2.8267385514174066,-8.425025453268063,-8.425025453251578,0.6799464768271053,0.6937566627901515,0.6971289752118722,0.6937566627901515,0.6799464768271053,0.007898850568783084,0.0,0.0,0.0,0.007898850568783084
26.599999999999024,0.5,12.474999999999554,-2.806506090617802,1.1140095871211315,2.3586974962417457,1.1140095871211315,-2.806506090617802,-8.409672880653602,-8.40967288063706,0.6802054231529701,0.6940419618903699,0.6974205299883207,0.6940419618903699,0.6802054231529701,0.007935803740703112,0.0,0.0,0.0,0.007935803740703112
26.69999999999902,0.5,12.524999999999551,-2.78629942217259,1.1400160798366983,2.3870715788785333,1.1400160798366983,-2.78629942217259,-8.394308296085796,-8.394308296069369,0.6804623636279513,0.6943250501064044,0.6977098229777983,0.6943250501064044,0.6804623636279513,0.007972486720026935,0.0,0.0,0.0,0.007972486720026935
26.799999999999013,0.5,12.574999999999548,-2.766118363770886,1.1659509338853695,2.415355059363094,1.1659509338853695,-2.766118363770886,-8.378931805887248,-8.378931805870707,0.6807173222075372,0.694605952192798,0.6979968793587887,0.694605952192798,0.6807173222075372,0.008008898944350867,0.0,0.0,0.0,0.008008898944350867
26.899999999999007,0.5,12.624999999999545,-2.745962734760724,1.191814710015933,2.443548656400367,1.191814710015933,-2.745962734760724,-8.363543515567528,-8.363543515550987,0.6809703224919827,0.6948846925485566,0.6982817239505305,0.6948846925485566,0.6809703224919827,0.008045039875577545,0.0,0.0,0.0,0.008045039875577545
26.999999999999,0.5,12.674999999999542,-2.725832356127853,1.2176079638445003,2.4716530822088316,1.2176079638445003,-2.725832356127853,-8.348143529830509,-8.348143529813967,0.681221387732755,0.6951612952235644,0.6985643812194976,0.6951612952235644,0.681221387732755,0.008080908999677103,0.0,0.0,0.0,0.008080908999677103
27.099999999998996,0.5,12.72499999999954,-2.7057270504708413,1.243331245935508,2.4996690425899715,1.243331245935508,-2.7057270504708413,-8.332731952581014,-8.332731952564473,0.6814705408388522,0.6954357839249743,0.6988448752857581,0.6954357839249743,0.6814705408388522,0.008116505826451436,0.0,0.0,0.0,0.008116505826451436
27.19999999999899,0.5,12.774999999999537,-2.6856466419826006,1.2689851018504896,2.5275972369908573,1.2689851018504896,-2.6856466419826006,-8.317308886931528,-8.317308886914873,0.6817178043829658,0.695708182023376,0.6991232299291844,0.695708182023376,0.6817178043829658,0.008151829889301403,0.0,0.0,0.0,0.008151829889301403
27.299999999998985,0.5,12.824999999999534,-2.6655909564224203,1.29457007219645,2.555438358582933,1.29457007219645,-2.6655909564224203,-8.301874435209072,-8.301874435192303,0.6819632006075341,0.6959785125588223,0.6993994685955618,0.6959785125588223,0.6819632006075341,0.008186880744996794,0.0,0.0,0.0,0.008186880744996794
27.39999999999898,0.5,12.874999999999531,-2.6455598210982885,1.3200866926881645,2.58319309431306,1.3200866926881645,-2.6455598210982885,-8.286428698961629,-8.286428698944803,0.6822067514306401,0.6962467982467717,0.6996736144025031,0.6962467982467717,0.6822067514306401,0.00822165797344944,0.0,0.0,0.0,0.00822165797344944
27.499999999998973,0.5,12.924999999999528,-2.625553064848418,1.3455354942083773,2.610862124970879,1.3455354942083773,-2.625553064848418,-8.270971778964793,-8.270971778947853,0.682448478451774,0.6965130614838929,0.6999456901452721,0.6965130614838929,0.682448478451774,0.008256161177488956,0.0,0.0,0.0,0.008256161177488956
27.599999999998968,0.5,12.974999999999525,-2.6055705180198743,1.370917002849751,2.638446125254177,1.370917002849751,-2.6055705180198743,-8.255503775228249,-8.255503775211196,0.6826884029574961,0.6967773243536962,0.7002157183024845,0.6967773243536962,0.6826884029574961,0.008290389982641352,0.0,0.0,0.0,0.008290389982641352
27.699999999998962,0.5,13.024999999999523,-2.585612012450156,1.3962317399792141,2.6659457638344293,1.3962317399792141,-2.585612012450156,-8.240024787002028,-8.240024786984918,0.6829265459269492,0.6970396086321112,0.7004837210416835,0.6970396086321112,0.6829265459269492,0.008324344036910273,0.0,0.0,0.0,0.008324344036910273
27.799999999998956,0.5,13.07499999999952,-2.5656773814469602,1.4214802222819003,2.6933617034113126,1.4214802222819003,-2.5656773814469602,-8.224534912783042,-8.224534912765876,0.68316292803728,0.6972999357928825,0.7007497202247743,0.6972999357928825,0.68316292803728,0.008358023010561008,0.0,0.0,0.0,0.008358023010561008
27.89999999999895,0.5,13.124999999999517,-2.5457664597626035,1.446662961815207,2.7206946007769375,1.446662961815207,-2.5457664597626035,-8.209034250321054,-8.209034250304,0.6833975696689439,0.6975583270128879,0.7010137374133613,0.6975583270128879,0.6833975696689439,0.008391426595906646,0.0,0.0,0.0,0.008391426595906646
27.999999999998945,0.5,13.174999999999514,-2.5258790835957825,1.4717804660656384,2.747945106881673,1.4717804660656384,-2.5258790835957825,-8.193522896625325,-8.193522896608215,0.6836304909108285,0.6978148031773479,0.7012757938739898,0.6978148031773479,0.6836304909108285,0.008424554507097464,0.0,0.0,0.0,0.008424554507097464
28.09999999999894,0.5,13.224999999999511,-2.506015090552637,1.4968332379892786,2.7751138668872386,1.4968332379892786,-2.506015090552637,-8.178000947969963,-8.178000947952796,0.6838617115653806,0.6980693848848797,0.701535910583234,0.6980693848848797,0.6838617115653806,0.008457406479912478,0.0,0.0,0.0,0.008457406479912478
28.199999999998933,0.5,13.274999999999508,-2.4861743196370867,1.521821776065849,2.802201520229687,1.521821776065849,-2.4861743196370867,-8.16246849990074,-8.162468499883573,0.6840912511535447,0.6983220924524886,0.7017941082327126,0.6983220924524886,0.6840912511535447,0.008489982271553193,0.0,0.0,0.0,0.008489982271553193
28.299999999998928,0.5,13.324999999999505,-2.46635661124094,1.5467465743479352,2.829208700674826,1.5467465743479352,-2.46635661124094,-8.146925647240494,-8.14692564722344,0.6843191289195968,0.6985729459204384,0.7020504072339774,0.6985729459204384,0.6843191289195968,0.008522281660440237,0.0,0.0,0.0,0.008522281660440237
28.399999999998922,0.5,13.374999999999503,-2.44656180711587,1.5716081225038465,2.856136036382111,1.5716081225038465,-2.44656180711587,-8.131372484095607,-8.13137248407844,0.6845453638359305,0.6988219650570043,0.7023048277233257,0.6988219650570043,0.6845453638359305,0.00855430444601213,0.0,0.0,0.0,0.00855430444601213
28.499999999998916,0.5,13.4249999999995,-2.4267897503610243,1.5964069058761083,2.882984149954609,1.5964069058761083,-2.4267897503610243,-8.115809103861068,-8.115809103843787,0.6847699746076964,0.6990691693631732,0.7025573895664746,0.6990691693631732,0.6847699746076964,0.008586050448526353,0.0,0.0,0.0,0.008586050448526353
28.59999999999891,0.5,13.474999999999497,-2.4070402854081863,1.6211434055168752,2.9097536584922636,1.6211434055168752,-2.4070402854081863,-8.100235599227005,-8.100235599209782,0.6849929796773556,0.69931457807718,0.7028081123631502,0.69931457807718,0.6849929796773556,0.008617519508862758,0.0,0.0,0.0,0.008617519508862758
28.699999999998905,0.5,13.524999999999494,-2.3873132580074525,1.645818098235111,2.9364451736614114,1.645818098235111,-2.3873132580074525,-8.084652062184261,-8.084652062166981,0.6852143972291367,0.6995582101789881,0.7030570154516278,0.6995582101789881,0.6852143972291367,0.008648711488329216,0.0,0.0,0.0,0.008648711488329216
28.7999999999989,0.5,13.574999999999491,-2.367608515206541,1.6704314566486005,2.9630593017412252,1.6704314566486005,-2.367608515206541,-8.069058584029563,-8.069058584012225,0.6854342451934166,0.6998000843946879,0.7033041179131171,0.6998000843946879,0.6854342451934166,0.008679626268469761,0.0,0.0,0.0,0.008679626268469761
28.899999999998894,0.5,13.624999999999488,-2.347925905338741,1.6949839492271508,2.9895966436794765,1.6949839492271508,-2.347925905338741,-8.053455255371887,-8.053455255354379,0.6856525412509914,0.7000402192007869,0.7035494385760833,0.7000402192007869,0.6856525412509914,0.008710263750874254,0.0,0.0,0.0,0.008710263750874254
28.999999999998888,0.5,13.674999999999486,-2.328265278011145,1.7194760403232863,3.016057795138863,1.7194760403232863,-2.328265278011145,-8.037842166137182,-8.037842166119674,0.6858693028372552,0.7002786328283697,0.7037929960204576,0.7002786328283697,0.6858693028372552,0.008740623856991233,0.0,0.0,0.0,0.008740623856991233
29.099999999998882,0.5,13.724999999999483,-2.3086264840870285,1.7439081902330713,3.0424433465710763,1.7439081902330713,-2.3086264840870285,-8.022219405574617,-8.02221940555711,0.6860845471463146,0.7005153432672702,0.7040348085818375,0.7005153432672702,0.6860845471463146,0.008770706527941922,0.0,0.0,0.0,0.008770706527941922
29.199999999998877,0.5,13.77499999999948,-2.2890093756716396,1.7682808552327174,3.068753883240504,1.7682808552327174,-2.2890093756716396,-8.006587062261588,-8.006587062244137,0.686298291135005,0.7007503682700804,0.7042748943554656,0.7007503682700804,0.686298291135005,0.008800511724337,0.0,0.0,0.0,0.008800511724337
29.29999999999887,0.5,13.824999999999477,-2.269413806097134,1.792594487616384,3.0949899853057445,1.792594487616384,-2.269413806097134,-7.990945224109396,-7.990945224091888,0.6865105515268324,0.7009837253560918,0.7045132712002906,0.7009837253560918,0.6865105515268324,0.008830039426095155,0.0,0.0,0.0,0.008830039426095155
29.399999999998865,0.5,13.874999999999474,-2.2498396299099,1.8168495357448933,3.12115222784945,1.8168495357448933,-2.2498396299099,-7.975293978367972,-7.9752939783504075,0.6867213448158284,0.7012154318151821,0.7047499567428015,0.7012154318151821,0.6867213448158284,0.008859289632263623,0.0,0.0,0.0,0.008859289632263623
29.49999999999886,0.5,13.924999999999471,-2.230286702860326,1.8410464440850092,3.147241180931985,1.8410464440850092,-2.230286702860326,-7.9596334116318985,-7.959633411614163,0.6869306872703193,0.7014455047116045,0.7049849683808543,0.7014455047116045,0.6869306872703193,0.008888262360840912,0.0,0.0,0.0,0.008888262360840912
29.599999999998854,0.5,13.974999999999469,-2.2107548818856912,1.8651856532413262,3.1732574096600956,1.8651856532413262,-2.2107548818856912,-7.943963609844957,-7.943963609827335,0.6871385949366404,0.7016739608876779,0.7052183232874681,0.7016739608876779,0.6871385949366404,0.008916957648601662,0.0,0.0,0.0,0.008916957648601662
29.699999999998848,0.5,14.024999999999466,-2.1912440250943632,1.889267600009589,3.199201474210952,1.889267600009589,-2.1912440250943632,-7.928284658306097,-7.928284658288476,0.6873450836427722,0.7019008169674612,0.705450038414416,0.7019008169674612,0.6873450836427722,0.00894537555092309,0.0,0.0,0.0,0.00894537555092309
29.799999999998843,0.5,14.074999999999463,-2.17175399175909,1.913292717407046,3.2250739298984286,1.913292717407046,-2.17175399175909,-7.912596641673815,-7.912596641656194,0.687550169001881,0.7021260893603011,0.7056801304958699,0.7021260893603011,0.687550169001881,0.008973516141613501,0.0,0.0,0.0,0.008973516141613501
29.899999999998837,0.5,14.12499999999946,-2.1522846423033,1.9372614347141166,3.250875327216818,1.9372614347141166,-2.1522846423033,-7.896899643971551,-7.896899643953873,0.687753866415805,0.7023497942643319,0.7059086160519099,0.7023497942643319,0.687753866415805,0.009001379512743017,0.0,0.0,0.0,0.009001379512743017
29.99999999999883,0.5,14.174999999999457,-2.13283583828769,1.9611741775136124,3.2766062118861896,1.9611741775136124,-2.13283583828769,-7.881193748592693,-7.881193748575015,0.6879561910784744,0.7025719476699056,0.7061355113919687,0.7025719476699056,0.6879561910784744,0.009028965774475923,0.0,0.0,0.0,0.009028965774475923
30.099999999998825,0.5,14.224999999999454,-2.1134074423214315,1.9850313677216604,3.302267124903267,1.9850313677216604,-2.1134074423214315,-7.865479038305409,-7.865479038287731,0.688157162212168,0.7027925653629338,0.7063608326182272,0.7027925653629338,0.688157162212168,0.009056274332381976,0.0,0.0,0.0,0.009056274332381976
30.19999999999882,0.5,14.274999999999451,-2.093999318811143,2.008833423638521,3.327858602585593,2.008833423638521,-2.093999318811143,-7.849755595258046,-7.849755595240254,0.6883568013306026,0.7030116629282156,0.7065845956289257,0.7030116629282156,0.6883568013306026,0.009083294128384453,0.0,0.0,0.0,0.009083294128384453
30.299999999998814,0.5,14.324999999999449,-2.0746113345529125,2.032580759954783,3.3533811766218946,2.032580759954783,-2.0746113345529125,-7.834023500987655,-7.834023500969977,0.6885551232918181,0.7032292557525809,0.7068068161216275,0.7032292557525809,0.6885551232918181,0.009110013888701978,0.0,0.0,0.0,0.009110013888701978
30.39999999999881,0.5,14.374999999999446,-2.0552433575256828,2.056273787780242,3.3788353741151695,2.056273787780242,-2.0552433575256828,-7.81828283642642,-7.818282836408741,0.6887521432133479,0.703445359028036,0.7070275095964027,0.703445359028036,0.6887521432133479,0.0091364300455021,0.0,0.0,0.0,0.0091364300455021
30.499999999998803,0.5,14.424999999999443,-2.035895256727599,2.079912914683746,3.404221717619862,2.079912914683746,-2.035895256727599,-7.802533681906425,-7.802533681888633,0.6889478759599893,0.7036599877548776,0.7072466913589349,0.7036599877548776,0.6889478759599893,0.009162540738479335,0.0,0.0,0.0,0.009162540738479335
30.599999999998797,0.5,14.47499999999944,-2.0165669021474173,2.1034985447330428,3.429540725202685,2.1034985447330428,-2.0165669021474173,-7.786776117163527,-7.786776117145848,0.6891423361551068,0.7038731567447462,0.7074643765236319,0.7038731567447462,0.6891423361551068,0.009188344483822644,0.0,0.0,0.0,0.009188344483822644
30.69999999999879,0.5,14.524999999999437,-1.99725816475717,2.1270310785328093,3.454792910466324,2.1270310785328093,-1.99725816475717,-7.771010221342749,-7.771010221325071,0.689335538186685,0.7040848806236184,0.707680580016577,0.7040848806236184,0.689335538186685,0.009213839977687271,0.0,0.0,0.0,0.009213839977687271
30.799999999998786,0.5,14.574999999999434,-1.9779689164920455,2.1505109132518783,3.4799787826068496,2.1505109132518783,-1.9779689164920455,-7.755236073002038,-7.75523607298436,0.6895274962125375,0.7042951738347132,0.7078953165785206,0.7042951738347132,0.6895274962125375,0.009239026063138195,0.0,0.0,0.0,0.009239026063138195
30.89999999999878,0.5,14.624999999999432,-1.9586990302618688,2.1739384426667243,3.5050988464554393,2.1739384426667243,-1.9586990302618688,-7.739453750117093,-7.739453750099244,0.6897182241651599,0.7045040506413855,0.7081086007677666,0.7045040506413855,0.6897182241651599,0.009263901720654595,0.0,0.0,0.0,0.009263901720654595
30.999999999998774,0.5,14.674999999999429,-1.9394483799190425,2.1973140571962517,3.5301536025139626,2.1973140571962517,-1.9394483799190425,-7.723663330085287,-7.723663330067438,0.6899077357565316,0.7047115251299438,0.7083204469629938,0.7047115251299438,0.6899077357565316,0.009288466062226438,0.0,0.0,0.0,0.009288466062226438
31.09999999999877,0.5,14.724999999999426,-1.9202168402729853,2.2206381439330585,3.55514354700108,2.2206381439330585,-1.9202168402729853,-7.707864889730274,-7.707864889712312,0.690096044482642,0.7049176112124073,0.7085308693660517,0.7049176112124073,0.690096044482642,0.009312718326184473,0.0,0.0,0.0,0.009312718326184473
31.199999999998763,0.5,14.774999999999423,-1.9010042870672237,2.243911086675496,3.5800691718918074,2.243911086675496,-1.9010042870672237,-7.692058505306306,-7.69205850528823,0.690283163627972,0.7051223226292088,0.7087398820046836,0.7051223226292088,0.690283163627972,0.009336657872346905,0.0,0.0,0.0,0.009336657872346905
31.299999999998757,0.5,14.82499999999942,-1.8818105969735939,2.267133265967516,3.6049309649635575,2.267133265967516,-1.8818105969735939,-7.676244252502215,-7.676244252484082,0.6904691062697891,0.7053256729518744,0.7089474987352242,0.7053256729518744,0.6904691062697891,0.009360284177411093,0.0,0.0,0.0,0.009360284177411093
31.39999999999875,0.5,14.874999999999417,-1.862635647582465,2.2903050591347096,3.629729409828542,2.2903050591347096,-1.862635647582465,-7.660422206446071,-7.660422206427768,0.6906538852823301,0.7055276755856382,0.7091537332452033,0.7055276755856382,0.6906538852823301,0.009383596830571342,0.0,0.0,0.0,0.009383596830571342
31.499999999998746,0.5,14.924999999999415,-1.8434793173963158,2.3134268403036913,3.654464985982486,2.3134268403036913,-1.8434793173963158,-7.64459244170871,-7.6445924416903495,0.690837513340835,0.7057283437719672,0.7093585990559519,0.7057283437719672,0.690837513340835,0.009406595529349998,0.0,0.0,0.0,0.009406595529349998
31.59999999999874,0.5,14.974999999999412,-1.8243414858325764,2.336498980442286,3.6791381688393017,2.336498980442286,-1.8243414858325764,-7.628755032308447,-7.62875503229003,0.6910200029254444,0.7059276905910952,0.7095621095251179,0.7059276905910952,0.6910200029254444,0.00942928007563133,0.0,0.0,0.0,0.00942928007563133
31.699999999998735,0.5,15.024999999999409,-1.8052220331902618,2.3595218473985256,3.703749429767072,2.3595218473985256,-1.8052220331902618,-7.612910051714891,-7.612910051696474,0.6912013663250717,0.7061257289645055,0.7097642778491428,0.7061257289645055,0.6912013663250717,0.009451650371887414,0.0,0.0,0.0,0.009451650371887414
31.79999999999873,0.5,15.074999999999406,-1.7861208406670244,2.382495805922531,3.7282992361381275,2.382495805922531,-1.7861208406670244,-7.597057572853259,-7.597057572834842,0.6913816156410284,0.7063224716573251,0.7099651170657325,0.7063224716573251,0.6913816156410284,0.009473706417586677,0.0,0.0,0.0,0.009473706417586677
31.899999999998723,0.5,15.124999999999403,-1.7670377903459666,2.405421217694311,3.7527880513566174,2.405421217694311,-1.7670377903459666,-7.581197668108075,-7.581197668089601,0.691560762790622,0.7065179312806883,0.7101646400562173,0.7065179312806883,0.691560762790622,0.009495448305776569,0.0,0.0,0.0,0.009495448305776569
31.999999999998717,0.5,15.1749999999994,-1.7479727651730173,2.428298441366337,3.7772163349019365,2.428298441366337,-1.7479727651730173,-7.565330409327544,-7.565330409309013,0.6917388195106762,0.7067121202940997,0.710362859547921,0.7067121202940997,0.6917388195106762,0.009516876219830701,0.0,0.0,0.0,0.009516876219830701
32.09999999999874,0.5,15.224999999999397,-1.7289256489681861,2.4511278325840635,3.801584542373746,2.4511278325840635,-1.7289256489681861,-7.5494558678271915,-7.5494558678086605,0.6919157973608591,0.7069050510076927,0.7105597881164839,0.7069050510076927,0.6919157973608591,0.009537990430352292,0.0,0.0,0.0,0.009537990430352292
32.19999999999876,0.5,15.274999999999395,-1.7098963264062945,2.4739097440208297,3.825893125509083,2.4739097440208297,-1.7098963264062945,-7.5335741143939,-7.533574114375369,0.6920917077269957,0.70709673558449,0.7107554381880714,0.70709673558449,0.6920917077269957,0.009558791292227068,0.0,0.0,0.0,0.009558791292227068
32.29999999999878,0.5,15.324999999999392,-1.690884683012655,2.496644525407703,3.85014253223477,2.496644525407703,-1.690884683012655,-7.517685219290058,-7.517685219271414,0.6922665618242524,0.7072871860426065,0.7109498220416433,0.7072871860426065,0.6922665618242524,0.00957927924181708,0.0,0.0,0.0,0.00957927924181708
32.399999999998805,0.5,15.374999999999389,-1.67189060516381,2.5193325235548514,3.874333206701749,2.5193325235548514,-1.67189060516381,-7.50178925225714,-7.501789252238439,0.6924403707002111,0.7074764142573895,0.7111429518111254,0.7074764142573895,0.6924403707002111,0.00959945479428902,0.0,0.0,0.0,0.00959945479428902
32.49999999999883,0.5,15.424999999999386,-1.6529139800614985,2.5419740823880943,3.898465589323905,2.5419740823880943,-1.6529139800614985,-7.485886282519743,-7.485886282501042,0.6926131452379386,0.7076644319635641,0.7113348394875643,0.7076644319635641,0.6926131452379386,0.009619318541069856,0.0,0.0,0.0,0.009619318541069856
32.59999999999885,0.5,15.474999999999383,-1.633954695743455,2.564569542979882,3.922540116799894,2.564569542979882,-1.633954695743455,-7.469976378789227,-7.469976378770582,0.6927848961588656,0.7078512507573279,0.7115254969211909,0.7078512507573279,0.6927848961588656,0.009638871147423709,0.0,0.0,0.0,0.009638871147423709
32.69999999999887,0.5,15.52499999999938,-1.615012641071587,2.5871192435635066,3.9465572221704974,2.5871192435635066,-1.615012641071587,-7.454059609267745,-7.4540596092491,0.6929556340256515,0.7080368820983537,0.7117149358235475,0.7080368820983537,0.6929556340256515,0.00965811335014395,0.0,0.0,0.0,0.00965811335014395
32.799999999998896,0.5,15.574999999999378,-1.5960877057198672,2.6096235195778377,3.970517334835165,2.6096235195778377,-1.5960877057198672,-7.438136041651546,-7.4381360416329585,0.6931253692449767,0.708221337311854,0.711903167769468,0.708221337311854,0.6931253692449767,0.00967704595535467,0.0,0.0,0.0,0.00967704595535467
32.89999999999892,0.5,15.624999999999375,-1.5771797801730827,2.632082703679089,3.9944208805940207,2.632082703679089,-1.5771797801730827,-7.4222057431353505,-7.422205743116933,0.6932941120702222,0.7084046275905037,0.7120902041990899,0.7084046275905037,0.6932941120702222,0.009695669836415866,0.0,0.0,0.0,0.009695669836415866
32.99999999999894,0.5,15.674999999999372,-1.558288755713761,2.6544971257783914,4.018268281679752,2.6544971257783914,-1.558288755713761,-7.406268780415644,-7.406268780397227,0.693461872604121,0.7085867639964143,0.7122760564198047,0.7085867639964143,0.693461872604121,0.009713985931927445,0.0,0.0,0.0,0.009713985931927445
33.099999999998964,0.5,15.724999999999369,-1.5394145244181914,2.6768671130649864,4.042059956794276,2.6768671130649864,-1.5394145244181914,-7.390325219694148,-7.390325219675674,0.6936286608013073,0.7087677574630232,0.7124607356081907,0.7087677574630232,0.6936286608013073,0.009731995243826836,0.0,0.0,0.0,0.009731995243826836
33.19999999999899,0.5,15.774999999999366,-1.520556979153696,2.69919299003152,4.065796321144035,2.69919299003152,-1.520556979153696,-7.374375126681912,-7.374375126663381,0.6937944864708013,0.7089476187969624,0.7126442528119039,0.7089476187969624,0.6937944864708013,0.00974969883557606,0.0,0.0,0.0,0.00974969883557606
33.29999999999901,0.5,15.824999999999363,-1.5017160135665222,2.721475078498486,4.089477786461259,2.721475078498486,-1.5017160135665222,-7.358418566602495,-7.358418566584021,0.6939593592784566,0.7091263586798898,0.7128266189515033,0.7091263586798898,0.6939593592784566,0.009767097830433091,0.0,0.0,0.0,0.009767097830433091
33.39999999999903,0.5,15.87499999999936,-1.482891522079285,2.7437136976465695,4.113104761057741,2.7437136976465695,-1.482891522079285,-7.342455604195834,-7.342455604177303,0.6941232887493125,0.7093039876703127,0.713007844822329,0.7093039876703127,0.6941232887493125,0.009784193409803965,0.0,0.0,0.0,0.009784193409803965
33.499999999999055,0.5,15.924999999999358,-1.464083399879712,2.7659091640324505,4.1366776498372815,2.7659091640324505,-1.464083399879712,-7.326486303721822,-7.326486303703405,0.6942862842699211,0.709480516205331,0.7131879410962386,0.709480516205331,0.6942862842699211,0.009800986811670983,0.0,0.0,0.0,0.009800986811670983
33.59999999999908,0.5,15.974999999999355,-1.44529154291871,2.7880617916197252,4.160196854336732,2.7880617916197252,-1.44529154291871,-7.310510728963607,-7.310510728945076,0.6944483550905841,0.7096559546023959,0.7133669183233924,0.7096559546023959,0.6944483550905841,0.0098174793290939,0.0,0.0,0.0,0.0098174793290939
33.6999999999991,0.5,16.02499999999936,-1.4265158478945068,2.810171891802156,4.18366277275851,2.810171891802156,-1.4265158478945068,-7.294528943230944,-7.294528943212526,0.6946095103275743,0.7098303130610139,0.7135447869339823,0.7098303130610139,0.6946095103275743,0.00983367230877972,0.0,0.0,0.0,0.00983367230877972
33.79999999999912,0.5,16.07499999999937,-1.407756212263621,2.832239773432775,4.2070757999997,2.832239773432775,-1.407756212263621,-7.278541009364346,-7.278541009345815,0.6947697589652326,0.7100036016644427,0.7137215572399247,0.7100036016644427,0.6947697589652326,0.009849567149718469,0.0,0.0,0.0,0.009849567149718469
33.899999999999146,0.5,16.124999999999382,-1.3890125342203419,2.8542657428364464,4.230436327681389,2.8542657428364464,-1.3890125342203419,-7.2625469897377,-7.262546989718999,0.6949291098580953,0.7101758303813072,0.7138972394365266,0.7101758303813072,0.6949291098580953,0.009865165301881168,0.0,0.0,0.0,0.009865165301881168
33.99999999999917,0.5,16.174999999999393,-1.3702847126969004,2.8762501038497135,4.253744744182313,2.8762501038497135,-1.3702847126969004,-7.246546946261958,-7.246546946243313,0.6950875717329189,0.7103470090672669,0.7140718436041317,0.7103470090672669,0.6950875717329189,0.009880468264977096,0.0,0.0,0.0,0.009880468264977096
34.09999999999919,0.5,16.224999999999405,-1.3515726473477798,2.8981931578279614,4.277001434671433,2.8981931578279614,-1.3515726473477798,-7.230540940388892,-7.230540940370361,0.6952451531906972,0.7105171474665648,0.7142453797097399,0.7105171474665648,0.6952451531906972,0.009895477587266941,0.0,0.0,0.0,0.009895477587266941
34.199999999999214,0.5,16.274999999999416,-1.3328762385584696,2.9200952036748618,4.300206781136183,2.9200952036748618,-1.3328762385584696,-7.21452903311399,-7.2145290330954595,0.6954018627085674,0.7106862552136108,0.7144178576085873,0.7106862552136108,0.6954018627085674,0.009910194864430141,0.0,0.0,0.0,0.009910194864430141
34.29999999999924,0.5,16.324999999999427,-1.3141953874275032,2.9419565378740913,4.323361162410038,2.9419565378740913,-1.3141953874275032,-7.198511284979986,-7.198511284961398,0.6955577086417406,0.7108543418345447,0.7145892870456948,0.7108543418345447,0.6955577086417406,0.009924621738482636,0.0,0.0,0.0,0.009924621738482636
34.39999999999926,0.5,16.37499999999944,-1.2955299957712327,2.963777454500132,4.34646495420094,2.963777454500132,-1.2955299957712327,-7.182487756079979,-7.182487756061221,0.695712699225331,0.7110214167487162,0.7147596776573991,0.7110214167487162,0.695712699225331,0.00993875989674315,0.0,0.0,0.0,0.00993875989674315
34.49999999999928,0.5,16.42499999999945,-1.2768799661008643,2.9855582452462954,4.369518529122331,2.9855582452462954,-1.2768799661008643,-7.166458506060906,-7.1664585060420904,0.695866842576214,0.7111874892701892,0.7149290389728629,0.7111874892701892,0.695866842576214,0.009952611070845505,0.0,0.0,0.0,0.009952611070845505
34.599999999999305,0.5,16.47499999999946,-1.258245201627176,3.0072991994419453,4.3925222567257265,3.0072991994419453,-1.258245201627176,-7.150423594126607,-7.150423594107792,0.6960201466947736,0.7113525686091869,0.7150973804155615,0.7113525686091869,0.6960201466947736,0.009966177035794156,0.0,0.0,0.0,0.009966177035794156
34.69999999999933,0.5,16.524999999999473,-1.239625606263985,3.0290006040834783,4.415476503524928,3.0290006040834783,-1.239625606263985,-7.134383079041413,-7.134383079022427,0.6961726194666049,0.7115166638735572,0.7152647113047289,0.7115166638735572,0.6961726194666049,0.009979459609062028,0.0,0.0,0.0,0.009979459609062028
34.79999999999935,0.5,16.574999999999484,-1.221021084597794,3.0506627438489886,4.438381633025358,3.0506627438489886,-1.221021084597794,-7.118337019132696,-7.118337019113596,0.6963242686642818,0.7116797840701619,0.7154310408567885,0.7116797840701619,0.6963242686642818,0.009992460649727473,0.0,0.0,0.0,0.009992460649727473
34.89999999999937,0.5,16.624999999999496,-1.2024315419135405,3.0722859011187325,4.461238005751113,3.0722859011187325,-1.2024315419135405,-7.102285472294682,-7.1022854722755255,0.6964751019489237,0.7118419381062664,0.7155963781867576,0.7118419381062664,0.6964751019489237,0.010005182057648727,0.0,0.0,0.0,0.010005182057648727
34.999999999999396,0.5,16.674999999999507,-1.1838568841636743,3.0938703560034924,4.4840459792719685,3.0938703560034924,-1.1838568841636743,-7.086228495991293,-7.086228495972023,0.6966251268718875,0.7120031347909217,0.7157607323096284,0.7120031347909217,0.6966251268718875,0.010017625772674508,0.0,0.0,0.0,0.010017625772674508
35.09999999999942,0.5,16.72499999999952,-1.1652970179663384,3.115416386358447,4.506805908236004,3.115416386358447,-1.1652970179663384,-7.070166147259158,-7.0701661472397745,0.6967743508763453,0.7121633828362908,0.7159241121417399,0.7121633828362908,0.6967743508763453,0.0100297937738881,0.0,0.0,0.0,0.0100297937738881
35.19999999999944,0.5,16.77499999999953,-1.1467518506115653,3.1369242678044316,4.529518144393364,3.1369242678044316,-1.1467518506115653,-7.05409848271097,-7.054098482691643,0.6969227812987994,0.7123226908589663,0.7160865265021091,0.7123226908589663,0.6969227812987994,0.01004168807888391,0.0,0.0,0.0,0.01004168807888391
35.299999999999464,0.5,16.82499999999954,-1.1282212900439959,3.1583942737588018,4.552183036613258,3.1583942737588018,-1.1282212900439959,-7.038025558538436,-7.038025558518882,0.6970704253706412,0.7124810673813,0.7162479841137156,0.7124810673813,0.6970704253706412,0.010053310743075115,0.0,0.0,0.0,0.010053310743075115
35.39999999999949,0.5,16.874999999999552,-1.1097052448648128,3.1798266754391875,4.5748009309276085,3.1798266754391875,-1.1097052448648128,-7.021947430515013,-7.021947430495629,0.6972172902196099,0.7126385208326326,0.7164084936048433,0.7126385208326326,0.6972172902196099,0.01006466385903029,0.0,0.0,0.0,0.01006466385903029
35.49999999999951,0.5,16.924999999999564,-1.0912036243231569,3.2012217418948126,4.597372170550045,3.2012217418948126,-1.0912036243231569,-7.00586415399988,-7.00586415398044,0.6973633828712644,0.7127950595505796,0.7165680635103306,0.7127950595505796,0.6973633828712644,0.010075749555837862,0.0,0.0,0.0,0.010075749555837862
35.59999999999953,0.5,16.974999999999575,-1.0727163383103289,3.2225797400251963,4.619897095896249,3.2225797400251963,-1.0727163383103289,-6.9897757839394785,-6.989775783920152,0.6975087102504061,0.7129506917822641,0.7167267022728092,0.7129506917822641,0.6975087102504061,0.010086569998497157,0.0,0.0,0.0,0.010086569998497157
35.699999999999555,0.5,17.024999999999586,-1.0542432973547875,3.2439009345924887,4.64237604462096,3.2439009345924887,-1.0542432973547875,-6.9736823748719985,-6.973682374852729,0.6976532791824777,0.7131054256855086,0.716884418243962,0.7131054256855086,0.6976532791824777,0.010097127387334608,0.0,0.0,0.0,0.010097127387334608
35.79999999999958,0.5,17.074999999999598,-1.0357844126093596,3.2651855882515974,4.664809351627525,3.2651855882515974,-1.0357844126093596,-6.957583980929428,-6.957583980910044,0.6977970963949507,0.7132592693300623,0.7170412196856909,0.7132592693300623,0.6977970963949507,0.01010742395744391,0.0,0.0,0.0,0.01010742395744391
35.8999999999996,0.5,17.12499999999961,-1.0173395958667584,3.28643396156275,4.687197349107123,3.28643396156275,-1.0173395958667584,-6.941480655840337,-6.94148065582084,0.6979401685186113,0.713412230698755,0.717197114771346,0.713412230698755,0.6979401685186113,0.010117461978149132,0.0,0.0,0.0,0.010117461978149132
35.99999999999962,0.5,17.17499999999962,-0.9989087595315027,3.30764631301156,4.70954036656326,3.30764631301156,-0.9989087595315027,-6.925372452933459,-6.925372452913905,0.6980825020889337,0.713564317688656,0.717352111586897,0.713564317688656,0.6980825020889337,0.010127243752489573,0.0,0.0,0.0,0.010127243752489573
36.099999999999646,0.5,17.224999999999632,-0.9804918165921208,3.3288228990269317,4.73183873082354,3.3288228990269317,-0.9804918165921208,-6.9092594251400214,-6.909259425120524,0.6982241033866866,0.7137155381122092,0.7175062181320478,0.7137155381122092,0.6982241033866866,0.010136770854466551,0.0,0.0,0.0,0.010136770854466551
36.19999999999967,0.5,17.274999999999643,-0.9620886807385318,3.3499639740022644,4.754092766077463,3.3499639740022644,-0.9620886807385318,-6.8931416249970425,-6.893141624977375,0.6983649789452165,0.7138658996983587,0.7176594423214093,0.7138658996983587,0.6983649789452165,0.010146042381629583,0.0,0.0,0.0,0.010146042381629583
36.29999999999969,0.5,17.324999999999655,-0.9436992663700039,3.3710697903115943,4.7763027938908635,3.3710697903115943,-0.9436992663700039,-6.877019104650003,-6.877019104630222,0.6985051351696685,0.7140154100936427,0.717811791985587,0.7140154100936427,0.6985051351696685,0.010155059395969817,0.0,0.0,0.0,0.010155059395969817
36.399999999999714,0.5,17.374999999999666,-0.9253234884920971,3.39214059832193,4.798469133238598,3.39214059832193,-0.9253234884920971,-6.86089191585603,-6.860891915836305,0.6986445783338123,0.7141640768632596,0.7179632748723038,0.7141640768632596,0.6986445783338123,0.010163824067584447,0.0,0.0,0.0,0.010163824067584447
36.49999999999974,0.5,17.424999999999677,-0.906961262693244,3.41317664641781,4.820592100518979,3.41317664641781,-0.906961262693244,-6.844760109987135,-6.844760109967183,0.6987833146095086,0.7143119074921529,0.7181138986474535,0.7143119074921529,0.6987833146095086,0.010172338749034861,0.0,0.0,0.0,0.010172338749034861
36.59999999999976,0.5,17.47499999999969,-0.8886125051433851,3.4341781810222756,4.842672009583396,3.4341781810222756,-0.8886125051433851,-6.828623738031752,-6.828623738012084,0.6989213500706298,0.7144589093860659,0.7182636708961834,0.7144589093860659,0.6989213500706298,0.010180605866209225,0.0,0.0,0.0,0.010180605866209225
36.69999999999978,0.5,17.5249999999997,-0.870277132584306,3.4551454466022165,4.8647091717634225,3.4551454466022165,-0.870277132584306,-6.812482850598997,-6.812482850579499,0.699058690694907,0.7146050898725406,0.7184125991239474,0.7146050898725406,0.699058690694907,0.010188627905394845,0.0,0.0,0.0,0.010188627905394845
36.799999999999805,0.5,17.57499999999971,-0.8519550623273631,3.4760786856991217,4.886703895876224,3.4760786856991217,-0.8519550623273631,-6.796337497920035,-6.796337497900538,0.6991953423654886,0.7147504562019704,0.7185606907574911,0.7147504562019704,0.6991953423654886,0.010196407410510372,0.0,0.0,0.0,0.010196407410510372
36.89999999999983,0.5,17.624999999999723,-0.8336462122484818,3.4969781389343098,4.908656488269173,3.4969781389343098,-0.8336462122484818,-6.780187729851491,-6.780187729831937,0.6993313108724509,0.714895015548563,0.7187079531459236,0.714895015548563,0.6993313108724509,0.010203946981464733,0.0,0.0,0.0,0.010203946981464733
36.99999999999985,0.5,17.674999999999734,-0.8153505007890658,3.5178440450357016,4.9305672528206514,3.5178440450357016,-0.8153505007890658,-6.764033595877777,-6.764033595858052,0.6994666019142393,0.7150387750113527,0.7188543935616538,0.7150387750113527,0.6994666019142393,0.01021124927269432,0.0,0.0,0.0,0.01021124927269432
37.09999999999987,0.5,17.724999999999746,-0.7970678469521317,3.5386766408561243,4.9524364909847804,3.5386766408561243,-0.7970678469521317,-6.7478751451138805,-6.747875145093985,0.6996012210990943,0.7151817416151706,0.7190000192014391,0.7151817416151706,0.6996012210990943,0.010218316991775849,0.0,0.0,0.0,0.010218316991775849
37.199999999999896,0.5,17.774999999999757,-0.7787981702823572,3.5594761613776313,4.97426450179529,3.5594761613776313,-0.7787981702823572,-6.731712426308093,-6.731712426288027,0.6997351739464831,0.7153239223115645,0.7191448371872959,0.7153239223115645,0.6997351739464831,0.010225152898101966,0.0,0.0,0.0,0.010225152898101966
37.29999999999992,0.5,17.82499999999977,-0.7605413908722198,3.5802428397447557,4.996051581892971,3.5802428397447557,-0.7605413908722198,-6.7155454878441105,-6.715545487824045,0.6998684658884222,0.7154653239797799,0.7192888545674698,0.7154653239797799,0.6998684658884222,0.010231759801614993,0.0,0.0,0.0,0.010231759801614993
37.39999999999994,0.5,17.87499999999978,-0.7422974293565971,3.600976907267409,5.017798025549098,3.600976907267409,-0.7422974293565971,-6.699374377744107,-6.699374377723984,0.7000011022707993,0.7156059534276471,0.7194320783173761,0.7156059534276471,0.7000011022707993,0.010238140561596866,0.0,0.0,0.0,0.010238140561596866
37.499999999999964,0.5,17.92499999999979,-0.7240662068330721,3.6216785934422546,5.039504124686232,3.6216785934422546,-0.7240662068330721,-6.683199143671061,-6.683199143651052,0.7001330880374135,0.7157458173925041,0.7195745153405222,0.7157458173925041,0.7001330880374135,0.01024429734391899,0.0,0.0,0.0,0.01024429734391899
37.59999999999999,0.5,17.974999999999802,-0.7058476448023612,3.6423481259750474,5.061170168899707,3.6423481259750474,-0.7058476448023612,-6.667019832930862,-6.66701983291091,0.7002644282863669,0.7158849225421081,0.7197161724694129,0.7158849225421081,0.7002644282863669,0.010250230098239489,0.0,0.0,0.0,0.010250230098239489
37.70000000000001,0.5,18.024999999999814,-0.6876416653810224,3.662985730790126,5.082796445469967,3.662985730790126,-0.6876416653810224,-6.650836492474809,-6.650836492454857,0.7003951281024796,0.7160232754754972,0.7198570564664234,0.7160232754754972,0.7003951281024796,0.01025594116045893,0.0,0.0,0.0,0.01025594116045893
37.80000000000003,0.5,18.074999999999825,-0.6694481912314814,3.683591632046671,5.104383239399908,3.683591632046671,-0.6694481912314814,-6.634649168902115,-6.6346491688823335,0.7005251924505921,0.7161608827238598,0.7199971740247257,0.7161608827238598,0.7005251924505921,0.010261433901613501,0.0,0.0,0.0,0.010261433901613501
37.900000000000055,0.5,18.124999999999837,-0.6512671455523673,3.7041660521603035,5.125930833416021,3.7041660521603035,-0.6512671455523673,-6.618457908463029,-6.618457908443247,0.7006546262208215,0.7162977507514048,0.7201365317690973,0.7162977507514048,0.7006546262208215,0.010266711798809761,0.0,0.0,0.0,0.010266711798809761
38.00000000000008,0.5,18.174999999999848,-0.6330984520678271,3.724709211811387,5.147439508006471,3.724709211811387,-0.6330984520678271,-6.602262757060657,-6.602262757040933,0.7007834342318712,0.7164338859561813,0.7202751362568289,0.7164338859561813,0.7007834342318712,0.010271778358438696,0.0,0.0,0.0,0.010271778358438696
38.1000000000001,0.5,18.22499999999986,-0.6149420350282071,3.745221329961282,5.168909541430878,3.745221329961282,-0.6149420350282071,-6.586063760253694,-6.586063760233799,0.7009116212319755,0.7165692946709116,0.7204129939785339,0.7165692946709116,0.7009116212319755,0.010276637110571163,0.0,0.0,0.0,0.010276637110571163
38.200000000000124,0.5,18.27499999999987,-0.5967978191985708,3.7657026238704816,5.1903412097389605,3.7657026238704816,-0.5967978191985708,-6.569860963258748,-6.569860963238625,0.7010391918996882,0.7167039831638103,0.7205501113589724,0.7167039831638103,0.7010391918996882,0.010281291608628357,0.0,0.0,0.0,0.010281291608628357
38.300000000000146,0.5,18.324999999999882,-0.5786657298640989,3.7861533091106594,5.211734786794409,3.7861533091106594,-0.5786657298640989,-6.553654410952788,-6.553654410932552,0.7011661508446121,0.7168379576393836,0.7206864947578768,0.7168379576393836,0.7011661508446121,0.010285745429433042,0.0,0.0,0.0,0.010285745429433042
38.40000000000017,0.5,18.374999999999893,-0.5605456928127523,3.8065735995785417,5.233090544298136,3.8065735995785417,-0.5605456928127523,-6.5374441478757035,-6.537444147855638,0.7012925026081681,0.7169712242392131,0.7208221504707681,0.7169712242392131,0.7012925026081681,0.010290002173280103,0.0,0.0,0.0,0.010290002173280103
38.50000000000019,0.5,18.424999999999905,-0.5424376343447648,3.8269637075151763,5.2544087517949265,3.8269637075151763,-0.5424376343447648,-6.521230218233029,-6.5212302182129065,0.7014182516642934,0.7171037890427492,0.7209570847297092,0.7171037890427492,0.7014182516642934,0.010294065463999634,0.0,0.0,0.0,0.010294065463999634
38.600000000000215,0.5,18.474999999999916,-0.5243414812287597,3.8473238435151984,5.275689676707941,3.8473238435151984,-0.5243414812287597,-6.505012665897368,-6.505012665877075,0.7015434022446931,0.717235658068062,0.7210913037041251,0.717235658068062,0.7015434022446931,0.010297938699208146,0.0,0.0,0.0,0.010297938699208146
38.70000000000024,0.5,18.524999999999928,-0.5062571605927246,3.867654216547237,5.29693358434514,3.867654216547237,-0.5062571605927246,-6.488791534411064,-6.488791534390714,0.7016679584699784,0.717366837272615,0.7212248135015399,0.717366837272615,0.7016679584699784,0.010301623007066277,0.0,0.0,0.0,0.010301623007066277
38.80000000000026,0.5,18.57499999999994,-0.4881846001138115,3.8879550339649995,5.318140737924068,3.8879550339649995,-0.4881846001138115,-6.472566866988359,-6.472566866968009,0.7017919246699025,0.7174973325539975,0.7213576201683437,0.7174973325539975,0.7017919246699025,0.010305121049504542,0.0,0.0,0.0,0.010305121049504542
38.90000000000028,0.5,18.62499999999995,-0.470123727987243,3.9082265015180155,5.339311398586631,3.9082265015180155,-0.470123727987243,-6.456338706518181,-6.456338706497718,0.7019153050215833,0.7176271497506499,0.7214897296905318,0.7176271497506499,0.7019153050215833,0.01030843690943842,0.0,0.0,0.0,0.01030843690943842
39.000000000000306,0.5,18.67499999999996,-0.4520744729057924,3.9284688233755105,5.360445825423653,3.9284688233755105,-0.4520744729057924,-6.440107095565509,-6.440107095545159,0.7020381036424416,0.7177562946426128,0.721621147994451,0.7177562946426128,0.7020381036424416,0.010311574763322607,0.0,0.0,0.0,0.010311574763322607
39.10000000000033,0.5,18.724999999999973,-0.43403676405603164,3.948682202130385,5.381544275485737,3.948682202130385,-0.43403676405603164,-6.4238720763748915,-6.4238720763545984,0.7021603245948657,0.7178847729522102,0.7217518809475044,0.7178847729522102,0.7021603245948657,0.010314538789932114,0.0,0.0,0.0,0.010314538789932114
39.20000000000035,0.5,18.774999999999984,-0.41601053111850206,3.968866838812289,5.402607003805144,3.968866838812289,-0.41601053111850206,-6.407633690872046,-6.407633690851753,0.7022819718866444,0.7180125903447484,0.7218819343588734,0.7180125903447484,0.7022819718866444,0.010317333167372687,0.0,0.0,0.0,0.010317333167372687
39.300000000000374,0.5,18.824999999999996,-0.39799570425503816,3.9890229329084264,5.4236342634128505,3.9890229329084264,-0.39799570425503816,-6.391391980666185,-6.391391980645778,0.7024030494712434,0.718139752429227,0.7220113139802167,0.718139752429227,0.7024030494712434,0.01031996207428383,0.0,0.0,0.0,0.01031996207428383
39.4000000000004,0.5,18.875000000000007,-0.3799922141030265,4.009150682368897,5.444626305355882,4.009150682368897,-0.3799922141030265,-6.375146987052403,-6.375146987031883,0.7025235612480648,0.7182662647589956,0.7221400255063607,0.7182662647589956,0.7025235612480648,0.010322429691162666,0.0,0.0,0.0,0.010322429691162666
39.50000000000042,0.5,18.92500000000002,-0.36199999178012376,4.029250283627846,5.465583378713177,4.029250283627846,-0.36199999178012376,-6.358898751013726,-6.358898750993319,0.702643511031977,0.7183921328324464,0.7222680745759766,0.7183921328324464,0.702643511031977,0.010324740192128616,0.0,0.0,0.0,0.010324740192128616
39.60000000000044,0.5,18.97500000000003,-0.34401896878961225,4.049321931609313,5.486505730620081,4.049321931609313,-0.34401896878961225,-6.3426473132235515,-6.3426473132032015,0.7027629022758686,0.7185173620936524,0.722395466772271,0.7185173620936524,0.7027629022758686,0.010326896465014657,0.0,0.0,0.0,0.010326896465014657
39.700000000000465,0.5,19.02500000000004,-0.32604907707127495,4.069365819744576,5.507393606271876,4.069365819744576,-0.32604907707127495,-6.326392714047415,-6.326392714027065,0.7028817387980493,0.7186419579330331,0.722522207623609,0.7186419579330331,0.7028817387980493,0.010328901000616314,0.0,0.0,0.0,0.010328901000616314
39.80000000000049,0.5,19.075000000000053,-0.3080902490820563,4.089382139982774,5.528247248954017,4.089382139982774,-0.3080902490820563,-6.310134993545375,-6.310134993524969,0.7030000242752815,0.7187659256879854,0.7226483026042032,0.7187659256879854,0.7030000242752815,0.01033075828845431,0.0,0.0,0.0,0.01033075828845431
39.90000000000051,0.5,19.125000000000064,-0.2901424177475178,4.1093710828063195,5.549066900049809,4.1093710828063195,-0.2901424177475178,-6.293874191474231,-6.29387419145371,0.703117762325592,0.718889270643526,0.7227737571347305,0.718889270643526,0.703117762325592,0.010332473004206866,0.0,0.0,0.0,0.010332473004206866
40.00000000000053,0.5,19.175000000000075,-0.27220551647042157,4.129332837241236,5.56985279906479,4.129332837241236,-0.27220551647042157,-6.2776103472893965,-6.277610347268762,0.7032349565233708,0.719011998032903,0.7228985765829872,0.719011998032903,0.7032349565233708,0.010334049805324286,0.0,0.0,0.0,0.010334049805324286
40.100000000000556,0.5,19.225000000000087,-0.25427947911651927,4.149267590867225,5.590605183634693,4.149267590867225,-0.25427947911651927,-6.261343500147632,-6.261343500126884,0.703351610399623,0.7191341130382091,0.7230227662644896,0.7191341130382091,0.703351610399623,0.010335493328057449,0.0,0.0,0.0,0.010335493328057449
40.20000000000058,0.5,19.275000000000098,-0.2363642400062531,4.169175529833808,5.61132428954312,4.169175529833808,-0.2363642400062531,-6.24507368890869,-6.245073688887885,0.70346772744181,0.7192556207909914,0.7231463314430902,0.7192556207909914,0.70346772744181,0.010336808190082494,0.0,0.0,0.0,0.010336808190082494
40.3000000000006,0.5,19.32500000000011,-0.21845973392152018,4.189056838867998,5.632010350744906,4.189056838867998,-0.21845973392152018,-6.228800952137817,-6.2288009521170125,0.7035833110653601,0.7193765263728367,0.7232692773316083,0.7193765263728367,0.7035833110653601,0.010337998984833698,0.0,0.0,0.0,0.010337998984833698
40.400000000000624,0.5,19.37500000000012,-0.2005658960320602,4.208911701292436,5.652663599375046,4.208911701292436,-0.2005658960320602,-6.212525328107802,-6.212525328087054,0.7036983643496527,0.7194968348159736,0.7233916090924029,0.7194968348159736,0.7036983643496527,0.010339069290752172,0.0,0.0,0.0,0.010339069290752172
40.50000000000065,0.5,19.425000000000132,-0.18268266194286298,4.228740299028743,5.673284265768075,4.228740299028743,-0.18268266194286298,-6.196246854800677,-6.1962468547797585,0.7038128907508651,0.7196165511038314,0.7235133318379756,0.7196165511038314,0.7038128907508651,0.010340022659877587,0.0,0.0,0.0,0.010340022659877587
40.60000000000067,0.5,19.475000000000144,-0.16480996773907464,4.24854281261986,5.693872578473872,4.24854281261986,-0.16480996773907464,-6.179965569909712,-6.179965569888793,0.7039268935882563,0.7197356801716365,0.7236344506315501,0.7197356801716365,0.7039268935882563,0.010340864084420451,0.0,0.0,0.0,0.010340864084420451
40.70000000000069,0.5,19.525000000000155,-0.14694774995757598,4.268319421233343,5.714428764261584,4.268319421233343,-0.14694774995757598,-6.163681510841968,-6.16368151082105,0.7040403761348447,0.7198542269069503,0.7237549704876113,0.7198542269069503,0.7040403761348447,0.01034159860789806,0.0,0.0,0.0,0.01034159860789806
40.800000000000715,0.5,19.575000000000166,-0.129095945590052,4.288070302673191,5.734953048153386,4.288070302673191,-0.129095945590052,-6.147394714720349,-6.1473947146994306,0.7041533416289019,0.7199721961502288,0.7238748963725223,0.7199721961502288,0.7041533416289019,0.010342231231329645,0.0,0.0,0.0,0.010342231231329645
40.90000000000074,0.5,19.625000000000178,-0.11125449207099791,4.307795633393653,5.755445653429547,4.307795633393653,-0.11125449207099791,-6.131105218385642,-6.131105218364496,0.7042657932735465,0.7200895926953715,0.7239942332050521,0.7200895926953715,0.7042657932735465,0.010342766916460612,0.0,0.0,0.0,0.010342766916460612
41.00000000000076,0.5,19.67500000000019,-0.0934233272776055,4.3274955885086115,5.775906801641781,4.3274955885086115,-0.0934233272776055,-6.114813058397999,-6.114813058376853,0.7043777341581231,0.7202064212902562,0.72411298585692,0.7202064212902562,0.7043777341581231,0.010343210553906277,0.0,0.0,0.0,0.010343210553906277
41.10000000000078,0.5,19.7250000000002,-0.07560238947615971,4.34717034180818,5.796336712627692,4.34717034180818,-0.07560238947615971,-6.0985182710397225,-6.0985182710186905,0.7044891671650523,0.7203226866372862,0.7242311591533332,0.7203226866372862,0.7044891671650523,0.010343566344582866,0.0,0.0,0.0,0.010343566344582866
41.200000000000806,0.5,19.77500000000021,-0.05779161738109906,4.366820065760578,5.816735604535495,4.366820065760578,-0.05779161738109906,-6.082220892316968,-6.082220892295993,0.7046000955091316,0.7204383933938857,0.7243487578735506,0.7204383933938857,0.7046000955091316,0.0103438391377454,0.0,0.0,0.0,0.0103438391377454
41.30000000000083,0.5,19.825000000000223,-0.039990950160472494,4.38644493152708,5.837103693828169,4.38644493152708,-0.039990950160472494,-6.065920957961566,-6.065920957940591,0.7047105222704476,0.720553546173029,0.7244657867513769,0.720553546173029,0.7047105222704476,0.010344034284377957,0.0,0.0,0.0,0.010344034284377957
41.40000000000085,0.5,19.875000000000234,-0.0222003274214444,4.406045108974752,5.857441195296076,4.406045108974752,-0.0222003274214444,-6.049618503433123,-6.049618503412205,0.7048204504987614,0.7206681495437556,0.7245822504756776,0.7206681495437556,0.7048204504987614,0.01034415707698494,0.0,0.0,0.0,0.01034415707698494
41.500000000000874,0.5,19.925000000000246,-0.004419689203700727,4.425620766686961,5.877748322084813,4.425620766686961,-0.004419689203700727,-6.03331356392124,-6.033313563900208,0.7049298832154614,0.7207822080316674,0.7246981536909277,0.7207822080316674,0.7049298832154614,0.010344212746146214,0.0,0.0,0.0,0.010344212746146214
41.52500000000088,0.5,19.93750000000025,2.3917253429317498e-05,4.43051086953966,5.882820382558293,4.43051086953966,2.3917253429317498e-05,-6.0292369448628165,-6.029236944841784,0.704957164322232,0.7208106380419517,0.7247270424552826,0.7208106380419517,0.704957164322232,0.010344216782992284,0.0,0.0,0.0,0.010344216782992284
