time_s,current_density_Acm2,charge_Ccm2,T_cell_1_C,T_cell_2_C,T_cell_3_C,T_cell_4_C,T_cell_5_C,T_endplate_left_C,T_endplate_right_C,V_cell_1_V,V_cell_2_V,V_cell_3_V,V_cell_4_V,V_cell_5_V,ice_cell_1_max_fraction,ice_cell_2_max_fraction,ice_cell_3_max_fraction,ice_cell_4_max_fraction,ice_cell_5_max_fraction
0.0,0.17,0.0,-11.270000000000039,-11.270000000000039,-11.270000000000095,-11.270000000000039,-11.270000000000039,-11.269999999999982,-11.269999999999982,0.36873827794661745,0.36904158397541437,0.36904158397541437,0.36904158397541437,0.36873827794661745,0.0,0.0,0.0,0.0,0.0
0.09999999999999999,0.1766,0.017330000000000005,-11.238780529233168,-11.238478343213387,-11.238476593499797,-11.238478343213387,-11.238780529233168,-11.269951217518837,-11.26995121751861,0.36099255936511393,0.36130862513128653,0.361308630154285,0.36130862513128653,0.36099255936511393,0.0,0.0,0.0,0.0,0.0
0.20000000000000004,0.1832,0.03532000000000001,-11.206702970278002,-11.20554776230631,-11.205535801446615,-11.20554776230631,-11.206702970278002,-11.2698141925693,-11.269814192569072,0.35379103478358326,0.35412146369770675,0.35412149816946,0.35412146369770675,0.35379103478358326,0.0,0.0,0.0,0.0,0.0
0.3000000000000001,0.18980000000000002,0.05397000000000001,-11.173772501324777,-11.171215197073934,-11.171177275786874,-11.171215197073934,-11.173772501324777,-11.269586794961072,-11.269586794960674,0.3471212597498042,0.3474676678693563,0.3474677775744577,0.3474676678693563,0.3471212597498042,0.0,0.0,0.0,0.0,0.0
0.4000000000000002,0.19640000000000002,0.07328000000000003,-11.139996439668494,-11.135489737842136,-11.13540314815998,-11.135489737842136,-11.139996439668494,-11.269266919138829,-11.269266919138431,0.34097004491559557,0.3413340596167291,0.34133431103073436,0.3413340596167291,0.34097004491559557,0.0,0.0,0.0,0.0,0.0
0.5000000000000002,0.203,0.09325000000000003,-11.105383281883121,-11.098381693812541,-11.098217084947294,-11.098381693812541,-11.105383281883121,-11.268852487928143,-11.268852487927688,0.33532351962859114,0.3357067781253856,0.33570725773981097,0.3357067781253856,0.33532351962859114,0.0,0.0,0.0,0.0,0.0
0.5999999999999999,0.2096,0.11388000000000002,-11.069942550305768,-11.059902461452566,-11.059624143312703,-11.059902461452566,-11.069942550305768,-11.26834145547997,-11.268341455479458,0.33016720075514583,0.3305713485327842,0.3305721621723811,0.3305713485327842,0.33016720075514583,0.0,0.0,0.0,0.0,0.0
0.6999999999999995,0.21619999999999998,0.13517,-11.033684682080946,-11.0200644324363,-11.01963066754547,-11.0200644324363,-11.033684682080946,-11.267731809862084,-11.26773180986146,0.32548606712966716,0.3259127563235005,0.325914028456202,0.3259127563235005,0.32548606712966716,0.0,0.0,0.0,0.0,0.0
0.7999999999999992,0.22279999999999994,0.15711999999999998,-10.996620928160894,-10.978880908933377,-10.978244193474382,-10.978880908933377,-10.996620928160894,-11.267021575351293,-11.267021575350668,0.3212646376114679,0.32171552535463366,0.32171739839496444,0.32171552535463366,0.3212646376114679,0.0,0.0,0.0,0.0,0.0
0.8999999999999988,0.22939999999999994,0.17973,-10.958763257454905,-10.936366021654806,-10.935473356307284,-10.936366021654806,-10.958763257454905,-11.26620881444694,-11.266208814446259,0.3174870508116066,0.317963797570237,0.31796643117731554,0.317963797570237,0.3174870508116066,0.0,0.0,0.0,0.0,0.0
0.9999999999999984,0.2359999999999999,0.20299999999999996,-10.92012426510189,-10.892534649795039,-10.891327800968725,-10.892534649795039,-10.92012426510189,-11.265291629616684,-11.265291629615774,0.314137144865084,0.3146414127776255,0.3146449831491918,0.3146414127776255,0.314137144865084,0.0,0.0,0.0,0.0,0.0
1.099999999999998,0.24259999999999987,0.22692999999999997,-10.880717084572098,-10.847402342746761,-10.845818094732635,-10.847402342746761,-10.880717084572098,-11.26426816478812,-11.264268164786984,0.3111985359218683,0.31173198715679673,0.3117366863209725,0.31173198715679673,0.3111985359218683,0.0,0.0,0.0,0.0,0.0
1.1999999999999977,0.24919999999999987,0.2515199999999999,-10.84055530362474,-10.800985243698221,-10.798955642237047,-10.800985243698221,-10.84055530362474,-11.26313660659764,-11.26313660659639,0.30865469428823844,0.30921898943269827,0.30922502453918693,0.30921898943269827,0.30865469428823844,0.0,0.0,0.0,0.0,0.0
1.2999999999999974,0.2557999999999998,0.2767699999999999,-10.799652884176282,-10.753300015352579,-10.750752603089381,-10.753300015352579,-10.799652884176282,-11.261895185406388,-11.261895185404967,0.30648901737246936,0.3070858138623611,0.30709340647484934,0.3070858138623611,0.30648901737246936,0.0,0.0,0.0,0.0,0.0
1.399999999999997,0.2623999999999998,0.3026799999999998,-10.758024086237242,-10.7043637680286,-10.701221812233484,-10.7043637680286,-10.758024086237242,-11.260542176096749,-11.260542176095328,0.30468489878038785,0.3053158493809066,0.30532523477253465,0.3053158493809066,0.30468489878038785,0.0,0.0,0.0,0.0,0.0
1.4999999999999967,0.2689999999999998,0.32924999999999977,-10.715683396022257,-10.654193990392741,-10.650376703303152,-10.654193990392741,-10.715683396022257,-11.259075898661706,-11.259075898660114,0.30322579307214537,0.3038925444161842,0.30390397086990945,0.3038925444161842,0.30322579307214537,0.0,0.0,0.0,0.0,0.0
1.5999999999999963,0.27559999999999973,0.35647999999999985,-10.672645458303748,-10.602808483022443,-10.598231235168782,-10.602808483022443,-10.672645458303748,-11.257494718597172,-11.25749471859558,0.3020952758344215,0.30279946702486693,0.30281319514034605,0.30279946702486693,0.3020952758344215,0.0,0.0,0.0,0.0,0.0
1.699999999999996,0.28219999999999973,0.3843699999999998,-10.62892501311245,-10.550225295015537,-10.544799821787478,-10.550225295015537,-10.62892501311245,-11.255797047112992,-11.2557970471114,0.3012770988448647,0.3020203601255995,0.3020366621343447,0.3020203601255995,0.3012770988448647,0.0,0.0,0.0,0.0,0.0
1.7999999999999956,0.2887999999999997,0.4129199999999997,-10.584536836782831,-10.496462663764362,-10.490097265526174,-10.496462663764362,-10.584536836782831,-11.253981341172391,-11.253981341170515,0.30075524021067396,0.3015391917099444,0.3015583508001668,0.3015391917099444,0.30075524021067396,0.0,0.0,0.0,0.0,0.0
1.8999999999999952,0.29539999999999966,0.4421299999999997,-10.539495687363512,-10.44153895804817,-10.434138694005469,-10.44153895804817,-10.539495687363512,-11.252046103374596,-11.252046103372663,0.3005139494518786,0.3013402000006292,0.30136250965331435,0.3013402000006292,0.3005139494518786,0.0,0.0,0.0,0.0,0.0
1.999999999999995,0.30199999999999966,0.47199999999999975,-10.49381625431812,-10.385472624479405,-10.376939500541482,-10.385472624479405,-10.49381625431812,-11.249989881692159,-11.249989881690283,0.3005377875745734,0.30140793360143303,0.3014336969388569,0.30140793360143303,0.3005377875745734,0.0,0.0,0.0,0.0,0.0
2.099999999999996,0.30859999999999976,0.5025299999999997,-10.447513112503657,-10.328282137360418,-10.31851528817441,-10.328282137360418,-10.447513112503657,-11.247811269075726,-11.247811269073793,0.30081166224066663,0.30172728674456817,0.3017568158924897,0.30172728674456817,0.30081166224066663,0.0,0.0,0.0,0.0,0.0
2.1999999999999975,0.3151999999999998,0.5337199999999998,-10.400600680260368,-10.269985951965964,-10.258881817322106,-10.269985951965964,-10.400600680260368,-11.245508902937502,-11.245508902935512,0.3013208581910892,0.3022835297915634,0.302317145256057,0.3022835297915634,0.3013208581910892,0.0,0.0,0.0,0.0,0.0
2.299999999999999,0.3217999999999999,0.5655699999999997,-10.353093181585507,-10.210602461219196,-10.198054956971134,-10.210602461219196,-10.353093181585507,-11.243081464526256,-11.243081464524153,0.3020510631187265,0.3030623351835874,0.3031003652434713,0.3030623351835874,0.3020510631187265,0.0,0.0,0.0,0.0,0.0
2.4000000000000004,0.3284,0.5980799999999996,-10.305004612158143,-10.150149955727898,-10.13605063937166,-10.150149955727898,-10.305004612158143,-11.240527678204899,-11.240527678202739,0.30298838921848903,0.3040497990677487,0.3040925791834044,0.3040497990677487,0.30298838921848903,0.0,0.0,0.0,0.0,0.0
2.5000000000000018,0.3350000000000001,0.6312499999999998,-10.256348709146323,-10.088646587122014,-10.0728848181692,-10.088646587122014,-10.256348709146323,-11.237846310641032,-11.237846310638758,0.3041193906640224,0.3052324588486689,0.3052803310878847,0.3052324588486689,0.3041193906640224,0.0,0.0,0.0,0.0,0.0
2.600000000000003,0.34160000000000024,0.6650799999999998,-10.207138924574508,-10.026110334571001,-10.00857342985961,-10.026110334571001,-10.207138924574508,-11.2350361699215,-11.235036169919226,0.305431077276572,0.3065973069303618,0.30665061941167343,0.3065973069303618,0.305431077276572,0.0,0.0,0.0,0.0,0.0
2.7000000000000046,0.3482000000000003,0.6995699999999997,-10.157388402114975,-9.962558974437343,-9.94313235845965,-9.962558974437343,-10.157388402114975,-11.232096104600714,-11.23209610459844,0.30691092466073805,0.30813180092280124,0.3081909072768556,0.30813180092280124,0.30691092466073805,0.0,0.0,0.0,0.0,0.0
2.800000000000006,0.35480000000000034,0.7347199999999997,-10.107109957079558,-9.898010052908432,-9.876577403278247,-9.898010052908432,-10.107109957079558,-11.229025002691856,-11.229025002689525,0.30854688108645734,0.3098238705922339,0.3098891294414291,0.3098238705922339,0.30854688108645734,0.0,0.0,0.0,0.0,0.0
2.9000000000000075,0.3614000000000005,0.7705299999999998,-10.056316059477297,-9.832480861503996,-9.808924249654467,-9.832480861503996,-10.056316059477297,-11.225821790609984,-11.225821790607597,0.31032737139614947,0.3116619218340879,0.3117336962907328,0.3116619218340879,0.31032737139614947,0.0,0.0,0.0,0.0,0.0
3.000000000000009,0.36800000000000055,0.8069999999999998,-10.00501881989419,-9.765988415322624,-9.740188442538852,-9.765988415322624,-10.00501881989419,-11.222485432076155,-11.222485432073654,0.31224129821259533,0.31363483794371533,0.3137134951267885,0.31363483794371533,0.31224129821259533,0.0,0.0,0.0,0.0,0.0
3.1000000000000103,0.3746000000000007,0.8441299999999998,-9.953229978048228,-9.698549433903509,-9.670385362752597,-9.698549433903509,-9.953229978048228,-11.219014926988507,-11.219014926986063,0.31427804071604365,0.3157319784534392,0.3158178890240662,0.3157319784534392,0.31427804071604365,0.0,0.0,0.0,0.0,0.0
3.2000000000000117,0.38120000000000076,0.88192,-9.90096089379773,-9.630180324537093,-9.599530205802068,-9.630180324537093,-9.90096089379773,-11.215409310269706,-11.215409310267205,0.3164274512501082,0.31794317579537645,0.31803671351092216,0.31794317579537645,0.3164274512501082,0.0,0.0,0.0,0.0,0.0
3.300000000000013,0.3878000000000008,0.9203700000000001,-9.848222540449001,-9.560897167906887,-9.527637963095344,-9.560897167906887,-9.848222540449001,-11.211667650695233,-11.211667650692505,0.3186798500047918,0.32025873003834054,0.32036027132503436,0.32025873003834054,0.3186798500047918,0.0,0.0,0.0,0.0,0.0
3.4000000000000146,0.39440000000000097,0.9594800000000001,-9.795025500151496,-9.490715705919115,-9.454723405416928,-9.490715705919115,-9.795025500151496,-11.207789049710755,-11.207789049707856,0.32102601801266706,0.32266940193474347,0.3227793254787049,0.32266940193474347,0.32102601801266706,0.0,0.0,0.0,0.0,0.0
3.500000000000016,0.401000000000001,0.9992500000000002,-9.741379961235907,-9.419651331556452,-9.380801068513506,-9.419651331556452,-9.741379961235907,-11.203772640241937,-11.20377264023898,0.3234571886805756,0.32516640450004064,0.3252850908564438,0.32516640450004064,0.3234571886805756,0.0,0.0,0.0,0.0,0.0
3.6000000000000174,0.4076000000000012,1.0396800000000004,-9.687295717272718,-9.347719080635727,-9.305885240651435,-9.347719080635727,-9.687295717272718,-11.199617585504427,-11.199617585501471,0.32596503806530647,0.3277413933329914,0.32786922455313006,0.3277413933329914,0.32596503806530647,0.0,0.0,0.0,0.0,0.0
3.700000000000019,0.41420000000000123,1.0807700000000005,-9.632782167766493,-9.27493362532482,-9.229989952018286,-9.27493362532482,-9.632782167766493,-11.195323077816397,-11.19532307781327,0.3285416740868139,0.33038645587059495,0.3305238151465003,0.33038645587059495,0.3285416740868139,0.0,0.0,0.0,0.0,0.0
3.8000000000000203,0.4208000000000013,1.1225200000000004,-9.577848320247938,-9.201309269298804,-9.153128965811504,-9.201309269298804,-9.577848320247938,-11.1908883374183,-11.190888337415174,0.3311796248583788,0.3330940997569065,0.3332413710832516,0.3330940997569065,0.3311796248583788,0.0,0.0,0.0,0.0,0.0
3.9000000000000217,0.42740000000000145,1.1649300000000007,-9.522502793667115,-9.12685994437146,-9.075315770909867,-9.12685994437146,-9.522502793667115,-11.186312611305084,-11.1863126113019,0.3338718262982245,0.33585724049056376,0.3360148083433795,0.33585724049056376,0.3338718262982245,0.0,0.0,0.0,0.0,0.0
4.000000000000023,0.4340000000000015,1.2080000000000009,-9.466753822928467,-9.051599208515313,-8.996563575977007,-9.051599208515313,-9.466753822928467,-11.18159517207198,-11.181595172068796,0.33661160917305316,0.3386691885014258,0.3388374375333114,0.3386691885014258,0.33661160917305316,0.0,0.0,0.0,0.0,0.0
4.1000000000000245,0.44060000000000166,1.251730000000001,-9.410609264437937,-8.975540245137495,-8.916885304910124,-8.975540245137495,-9.410609264437937,-11.176735316778945,-11.176735316775705,0.33939268571009523,0.3415236357930581,0.34170295054441774,0.3415236357930581,0.33939268571009523,0.0,0.0,0.0,0.0,0.0
4.200000000000026,0.4472000000000017,1.2961200000000013,-9.354076602539692,-8.898695863482772,-8.83629359348322,-8.898695863482772,-9.354076602539692,-11.171732365833918,-11.171732365830621,0.3422091359009718,0.3444146422745134,0.3446054069004021,0.3444146422745134,0.3422091359009718,0.0,0.0,0.0,0.0,0.0
4.300000000000027,0.45380000000000176,1.3411700000000015,-9.297162956719148,-8.821078500083331,-8.754800787128374,-8.821078500083331,-9.297162956719148,-11.16658566189983,-11.166585661896477,0.34505539360801796,0.3473366218920758,0.347539219904149,0.3473366218920758,0.34505539360801796,0.0,0.0,0.0,0.0,0.0
4.400000000000029,0.4604000000000019,1.3868800000000017,-9.239875089460497,-8.742700221123812,-8.672418939671388,-8.742700221123812,-9.239875089460497,-11.161294568825099,-11.161294568821688,0.34792623257170313,0.35028432865977466,0.3504991426829871,0.35028432865977466,0.34792623257170313,0.0,0.0,0.0,0.0,0.0
4.50000000000003,0.46700000000000197,1.4332500000000017,-9.182219414694146,-8.663572725646077,-8.589159813021126,-8.663572725646077,-9.182219414694146,-11.15585847059998,-11.15585847059657,0.35081675240633886,0.35325284267603785,0.35348025421950907,0.35325284267603785,0.35081675240633886,0.0,0.0,0.0,0.0,0.0
4.600000000000032,0.47360000000000213,1.480280000000002,-9.124202006681571,-8.583707349493011,-8.505034877655874,-8.583707349493011,-9.124202006681571,-11.150276770341407,-11.150276770337712,0.3537223646610309,0.3562375562033903,0.35647794544501404,0.3562375562033903,0.3537223646610309,0.0,0.0,0.0,0.0,0.0
4.700000000000033,0.4802000000000022,1.5279700000000023,-9.065828609296432,-8.503115069919716,-8.420055313848934,-8.503115069919716,-9.065828609296432,-11.144548889303792,-11.144548889299926,0.356638779012654,0.3592341598781881,0.3594879054625353,0.3592341598781881,0.356638779012654,0.0,0.0,0.0,0.0,0.0
4.8000000000000345,0.48680000000000223,1.5763200000000024,-9.007104645624054,-8.421806510751992,-8.334232013545375,-8.421806510751992,-9.007104645624054,-11.13867426592202,-11.138674265918041,0.35956198964870745,0.36223862910849386,0.3625061079574407,0.36223862910849386,0.35956198964870745,0.0,0.0,0.0,0.0,0.0
4.900000000000036,0.4934000000000024,1.6253300000000026,-8.948035227769253,-8.339791948087793,-8.247575582824823,-8.339791948087793,-8.948035227769253,-11.132652354881998,-11.132652354877791,0.3624882618896586,0.3652472107094673,0.3655287978451979,0.3652472107094673,0.3624882618896586,0.0,0.0,0.0,0.0,0.0
5.000000000000037,0.5,1.675000000000003,-8.888625166856798,-8.25708131640414,-8.16009634487233,-8.25708131640414,-8.888625166856798,-11.126482626222469,-11.126482626218205,0.36541411909248844,0.36825640981846697,0.36855247819829856,0.36825640981846697,0.36541411909248844,0.0,0.0,0.0,0.0,0.0
5.100000000000039,0.5,1.7250000000000036,-8.82966338033657,-8.1744719321444,-8.072591878544188,-8.1744719321444,-8.82966338033657,-11.120165438536276,-11.120165438532013,0.3729813592059425,0.37589010580864346,0.37620017179197784,0.37589010580864346,0.3729813592059425,0.0,0.0,0.0,0.0,0.0
5.20000000000004,0.5,1.7750000000000044,-8.771901062080985,-8.092741216872412,-7.985840089569365,-8.092741216872412,-8.771901062080985,-11.113704015368967,-11.11370401536459,0.38027022553499407,0.3832462105894629,0.3835706030932913,0.3832462105894629,0.38027022553499407,0.0,0.0,0.0,0.0,0.0
5.300000000000042,0.5,1.825000000000005,-8.715288179564254,-8.011869692591404,-7.899822563104976,-8.011869692591404,-8.715288179564254,-11.107102038315531,-11.10710203831104,0.38729527817021125,0.3903391956839895,0.39067824032829845,0.3903391956839895,0.38729527817021125,0.0,0.0,0.0,0.0,0.0
5.400000000000043,0.5,1.8750000000000058,-8.65977722402846,-7.93183863528526,-7.814522004272817,-7.93183863528526,-8.65977722402846,-11.100363042852337,-11.100363042847732,0.39407010880759097,0.39718257031545545,0.3975365883784464,0.39718257031545545,0.39407010880759097,0.0,0.0,0.0,0.0,0.0
5.500000000000044,0.5,1.9250000000000065,-8.605323049171147,-7.85263001409146,-7.729922138185259,-7.85263001409146,-8.605323049171147,-11.093490425531684,-11.09349042552708,0.4006074181759492,0.40378895838752143,0.404158265887513,0.40378895838752143,0.4006074181759492,0.0,0.0,0.0,0.0,0.0
5.600000000000046,0.5,1.9750000000000072,-8.551882732487968,-7.77422644696361,-7.646007629471399,-7.77422644696361,-8.551882732487968,-11.086487450749473,-11.086487450744926,0.4069190862137298,0.4101701682546546,0.41055507514684025,0.4101701682546546,0.4069190862137298,0.0,0.0,0.0,0.0,0.0
5.700000000000047,0.5,2.025000000000008,-8.499415447386014,-7.696611161526334,-7.562764009759235,-7.696611161526334,-8.499415447386014,-11.079357257123547,-11.07935725711883,0.4130162358248856,0.4163372561053661,0.4167380655828181,0.4163372561053661,0.4130162358248856,0.0,0.0,0.0,0.0,0.0
5.800000000000049,0.5,2.0750000000000086,-8.447882344335255,-7.619767959699288,-7.480177611523061,-7.619767959699288,-8.447882344335255,-11.072102863511702,-11.072102863506814,0.4189092908862915,0.42230058362730627,0.42271759151651506,0.42230058362730627,0.4189092908862915,0.0,0.0,0.0,0.0,0.0
5.90000000000005,0.5,2.1250000000000093,-8.39724644008055,-7.543681185460912,-7.39823550750134,-7.543681185460912,-8.39724644008055,-11.064727174694326,-11.06472717468938,0.4246080290943559,0.4280698705389787,0.4285033647810836,0.4280698705389787,0.4246080290943559,0.0,0.0,0.0,0.0,0.0
6.0000000000000515,0.5,2.17500000000001,-8.34747251416087,-7.468335695385747,-7.316925455086846,-7.468335695385747,-8.34747251416087,-11.057232986742974,-11.057232986737972,0.4301216301711038,0.43365424250559187,0.4341045027154453,0.43365424250559187,0.4301216301711038,0.0,0.0,0.0,0.0,0.0
6.100000000000053,0.5,2.2250000000000107,-8.298527012197155,-7.393716831576512,-7.236235845258989,-7.393716831576512,-8.298527012197155,-11.049622992095465,-11.049622992090349,0.4354587198914262,0.43906227489887917,0.4395295719944884,0.43906227489887917,0.4354587198914262,0.0,0.0,0.0,0.0,0.0
6.200000000000054,0.5,2.2750000000000115,-8.250377955328418,-7.319810396772198,-7.156155655575162,-7.319810396772198,-8.250377955328418,-11.041899784356701,-11.041899784351585,0.4406274103425672,0.4443020328095187,0.4447866287054241,0.4443020328095187,0.4406274103425672,0.0,0.0,0.0,0.0,0.0
6.300000000000056,0.5,2.325000000000012,-8.202994855382599,-7.246602631363146,-7.076674406938878,-7.246602631363146,-8.202994855382599,-11.03406586284268,-11.034065862837508,0.4456353367815237,0.44938110767633055,0.4498832550346964,0.44938110767633055,0.4456353367815237,0.0,0.0,0.0,0.0,0.0
6.400000000000057,0.5,2.375000000000013,-8.156348635321024,-7.174080192163785,-6.997782123748209,-7.174080192163785,-8.156348635321024,-11.026123636882119,-11.026123636876775,0.45048969141676765,0.45430665085676786,0.454826592890846,0.45430665085676786,0.45048969141676765,0.0,0.0,0.0,0.0,0.0
6.500000000000059,0.5,2.4250000000000136,-8.11041155458463,-7.102230132734746,-6.919469297205467,-7.102230132734746,-8.11041155458463,-11.018075429892917,-11.018075429887404,0.4551972544056453,0.4590854044287684,0.45962337475356035,0.4590854044287684,0.4551972544056453,0.0,0.0,0.0,0.0,0.0
6.60000000000006,0.5,2.4750000000000143,-8.065157138964253,-7.0310398851160585,-6.841726851465012,-7.0310398851160585,-8.065157138964253,-11.009923483244904,-11.009923483239334,0.4597644223281709,0.4637237294832122,0.46427995200881594,0.4637237294832122,0.4597644223281709,0.0,0.0,0.0,0.0,0.0
6.7000000000000615,0.5,2.525000000000015,-8.0205601147278,-6.9604972428576275,-6.764546112418373,-6.9604972428576275,-8.0205601147278,-11.001669959923504,-11.00166995991782,0.464197234370445,0.4682276321391524,0.46880232100262154,0.4682276321391524,0.464197234370445,0.0,0.0,0.0,0.0,0.0
6.800000000000063,0.5,2.5750000000000157,-7.976596346631652,-6.890590345180897,-6.687918778906067,-6.890590345180897,-7.976596346631652,-10.993316948004463,-10.993316947998721,0.4685013964272536,0.4726027874901884,0.47319614702194285,0.4726027874901884,0.4685013964272536,0.0,0.0,0.0,0.0,0.0
6.900000000000064,0.5,2.6250000000000164,-7.933242779617956,-6.821307662241281,-6.61183689614478,-6.821307662241281,-7.933242779617956,-10.984866463951903,-10.984866463946275,0.47268230331159095,0.4768545616687433,0.47746678639017126,0.4768545616687433,0.47268230331159095,0.0,0.0,0.0,0.0,0.0
7.000000000000066,0.5,2.675000000000017,-7.890477383897007,-6.752637981303678,-6.536292831187097,-6.752637981303678,-7.890477383897007,-10.976320455750226,-10.976320455744656,0.47674505924027366,0.48098803219664743,0.48161930684556775,0.48098803219664743,0.47674505924027366,0.0,0.0,0.0,0.0,0.0
7.100000000000067,0.5,2.725000000000018,-7.848279103221444,-6.684570393824686,-6.461279250270593,-6.684570393824686,-7.848279103221444,-10.96768080587816,-10.96768080587242,0.4806944967476804,0.4850080067731291,0.4856585063542451,0.4850080067731291,0.4806944967476804,0.0,0.0,0.0,0.0,0.0
7.200000000000069,0.5,2.7750000000000186,-7.8066278057360705,-6.6170942833358595,-6.386789097903886,-6.6170942833358595,-7.8066278057360705,-10.958949334134616,-10.958949334128704,0.4845351937685808,0.4889190406367483,0.4895889304943783,0.4889190406367483,0.4845351937685808,1.0159181331340502e-08,0.0,0.0,0.0,1.0159181331340502e-08
7.30000000000007,0.5,2.8250000000000193,-7.7655042260167875,-6.550199313964697,-6.312815577528852,-6.550199313964697,-7.7655042260167875,-10.950127800309815,-10.950127800303846,0.48827148068644405,0.4927254526246471,0.49341488853505394,0.4927254526246471,0.48827148068644405,3.340359138850326e-07,0.0,0.0,0.0,3.340359138850326e-07
7.400000000000071,0.5,2.87500000000002,-7.724889921245392,-6.483875419498702,-6.239352133658713,-6.483875419498702,-7.724889921245392,-10.941217906695385,-10.941217906689417,0.4919074578663191,0.4964313400404614,0.49714046832114345,0.4964313400404614,0.4919074578663191,1.2128343239807286e-06,0.0,0.0,0.0,1.2128343239807286e-06
7.500000000000073,0.5,2.9250000000000207,-7.684767244265174,-6.418112793242017,-6.166392435372643,-6.418112793242017,-7.684767244265174,-10.932221300505148,-10.932221300499009,0.49544701804870417,0.5000405924306395,0.5007695500650367,0.5000405924306395,0.49544701804870417,2.731017840310211e-06,0.0,0.0,0.0,2.731017840310211e-06
7.600000000000074,0.5,2.9750000000000214,-7.645119304752825,-6.352901878506884,-6.0939303610481375,-6.352901878506884,-7.645119304752825,-10.923139576191488,-10.923139576185406,0.49889385877047004,0.5035569043606141,0.5043058191365805,0.5035569043606141,0.49889385877047004,4.959392367066223e-06,0.0,0.0,0.0,4.959392367066223e-06
7.700000000000076,0.5,3.025000000000022,-7.605929932574895,-6.288233359631363,-6.021959984255886,-6.288233359631363,-7.605929932574895,-10.913974277650368,-10.913974277644172,0.5022514941076709,0.506983787273642,0.5077527779339528,0.506983787273642,0.5022514941076709,7.904750884501035e-06,0.0,0.0,0.0,7.904750884501035e-06
7.800000000000077,0.5,3.075000000000023,-7.567183642994053,-6.224098153461114,-5.950475560719667,-6.224098153461114,-7.567183642994053,-10.904726900319645,-10.904726900313278,0.5055232658378602,0.5103245805073556,0.5111137569106282,0.5103245805073556,0.5055232658378602,1.163693018822843e-05,0.0,0.0,0.0,1.163693018822843e-05
7.9000000000000785,0.5,3.1250000000000235,-7.528865603783572,-6.160487401269734,-5.879471516260992,-6.160487401269734,-7.528865603783572,-10.895398893178083,-10.895398893171489,0.5087123533483929,0.5135824615361484,0.514391924826713,0.5135824615361484,0.5087123533483929,1.6144232309830752e-05,0.0,0.0,0.0,1.6144232309830752e-05
8.00000000000008,0.5,3.1750000000000242,-7.4909616040237665,-6.097392461102629,-5.808942435641029,-6.097392461102629,-7.4909616040237665,-10.885991660648926,-10.885991660642219,0.5118217833779134,0.5167604555012917,0.5175902982867787,0.5167604555012917,0.5118217833779134,2.146232819965772e-05,0.0,0.0,0.0,2.146232819965772e-05
8.100000000000074,0.5,3.225000000000025,-7.453458025446821,-6.0348049004954305,-5.738883052264384,-6.0348049004954305,-7.453458025446821,-10.876506564416161,-10.876506564409397,0.5148544391014102,0.5198614440852752,0.5207117506206325,0.5198614440852752,0.5148544391014102,2.7622457563783924e-05,0.0,0.0,0.0,2.7622457563783924e-05
8.200000000000069,0.5,3.2750000000000257,-7.416341813188183,-5.972716489531706,-5.669288238642423,-5.972716489531706,-7.416341813188183,-10.866944925153462,-10.866944925146697,0.517813067632881,0.5228881737818124,0.523759020158669,0.5228881737818124,0.517813067632881,3.4593708996220246e-05,0.0,0.0,0.0,3.4593708996220246e-05
8.300000000000063,0.5,3.3250000000000264,-7.379600451109297,-5.911119194238552,-5.600152997569978,-5.911119194238552,-7.379600451109297,-10.857308024174586,-10.857308024167764,0.5207002889240159,0.5258432636083515,0.5267347179487768,0.5258432636083515,0.5207002889240159,4.242991404245912e-05,0.0,0.0,0.0,4.242991404245912e-05
8.400000000000057,0.5,3.375000000000027,-7.3432219358467705,-5.8500051703027225,-5.531472453981223,-5.8500051703027225,-7.3432219358467705,-10.847597105008106,-10.84759710500117,0.5235186020257954,0.5287292123039217,0.5296413349576592,0.5287292123039217,0.5235186020257954,5.1125523793847044e-05,0.0,0.0,0.0,5.1125523793847044e-05
8.500000000000052,0.5,3.425000000000028,-7.307194752655505,-5.789366757022663,-5.463241847409051,-5.789366757022663,-7.307194752655505,-10.83781337489728,-10.837813374890402,0.5262703919451234,0.5315484050516307,0.5324812487958882,0.5315484050516307,0.5262703919451234,6.065861749452196e-05,0.0,0.0,0.0,6.065861749452196e-05
8.600000000000046,0.5,3.4750000000000285,-7.271507854424556,-5.729196471579144,-5.395456524995723,-5.729196471579144,-7.271507854424556,-10.827958006234496,-10.827958006227732,0.5289579367201844,0.5343031197613674,0.535256730002596,0.5343031197613674,0.5289579367201844,7.106957052630047e-05,0.0,0.0,0.0,7.106957052630047e-05
8.70000000000004,0.5,3.525000000000029,-7.236150639508821,-5.669487003524068,-5.328111935071888,-5.669487003524068,-7.236150639508821,-10.81803213793114,-10.818032137924263,0.5315834125743025,0.5369955329457196,0.5379699479225007,0.5369955329457196,0.5315834125743025,8.23657934376214e-05,0.0,0.0,0.0,8.23657934376214e-05
8.800000000000034,0.5,3.57500000000003,-7.201112930503314,-5.610231209510118,-5.261203621166885,-5.610231209510118,-7.201112930503314,-10.808036876721417,-10.808036876714482,0.5341488991085128,0.5396277252190694,0.54062297620567,0.5396277252190694,0.5341488991085128,9.450590009123973e-05,0.0,0.0,0.0,9.450590009123973e-05
8.900000000000029,0.5,3.6250000000000306,-7.166384956792172,-5.551422108222312,-5.194727216501917,-5.551422108222312,-7.166384956792172,-10.79797329841125,-10.797973298404202,0.5366563855534622,0.542201686447501,0.5432177979573957,0.542201686447501,0.5366563855534622,0.00010751377682433031,0.0,0.0,0.0,0.00010751377682433031
9.000000000000023,0.5,3.6750000000000314,-7.131957336027881,-5.493052875553701,-5.128678438898476,-5.493052875553701,-7.131957336027881,-10.78784244907223,-10.787842449065067,0.5391077753210373,0.5447193205746721,0.5457563105636474,0.5447193205746721,0.5391077753210373,0.00012141584262673368,0.0,0.0,0.0,0.00012141584262673368
9.100000000000017,0.5,3.725000000000032,-7.097821055385225,-5.435116839933869,-5.063053086046011,-5.435116839933869,-7.097821055385225,-10.777645346180805,-10.777645346173529,0.5415048894877657,0.5471824501471346,0.5482403302154801,0.5471824501471346,0.5415048894877657,0.0001361852653012486,0.0,0.0,0.0,0.0001361852653012486
9.200000000000012,0.5,3.7750000000000328,-7.063967455777686,-5.377607477849608,-4.997847031144431,-5.377607477849608,-7.063967455777686,-10.76738297970536,-10.76738297969797,0.543849472022642,0.5495928205603434,0.5506715961536957,0.5495928205603434,0.543849472022642,0.0001518004633506851,0.0,0.0,0.0,0.0001518004633506851
9.300000000000006,0.5,3.8250000000000335,-7.030388217075881,-5.320518409550914,-4.933056218879926,-5.320518409550914,-7.030388217075881,-10.757056313148894,-10.757056313141447,0.5461431939988876,0.5519521040450172,0.55305177465353,0.5519521040450172,0.5461431939988876,0.00016828051146596822,0.0,0.0,0.0,0.00016828051146596822
9.4,0.5,3.875000000000034,-6.997075342893993,-5.263843394912158,-4.868676661686607,-5.263843394912158,-6.997075342893993,-10.746666284546393,-10.746666284539003,0.5483876572039678,0.554261903412054,0.5553824627675938,0.554261903412054,0.5483876572039678,0.00018564336858330565,0.0,0.0,0.0,0.00018564336858330565
9.499999999999995,0.5,3.925000000000035,-6.964021145171159,-5.207576329440258,-4.80470443629855,-5.207576329440258,-6.964021145171159,-10.7362138074173,-10.736213807409854,0.5505843966480064,0.556523755572689,0.5576651918437345,0.556523755572689,0.5505843966480064,0.00020387030311379292,0.0,0.0,0.0,0.00020387030311379292
9.599999999999989,0.5,3.9750000000000356,-6.931218231092885,-5.151711240426948,-4.741135680561683,-5.151711240426948,-6.931218231092885,-10.72569977167393,-10.725699771666427,0.5527348847578463,0.5587391348492943,0.5599014308332814,0.5587391348492943,0.5527348847578463,0.00022292888957365178,0.0,0.0,0.0,0.00022292888957365178
9.699999999999983,0.5,4.025000000000034,-6.898659491355886,-5.096242283241111,-4.677966590497022,-5.096242283241111,-6.898659491355886,-10.715125044494982,-10.715125044487422,0.5548405348105829,0.5609094560910535,0.5620925894039148,0.5609094560910535,0.5548405348105829,0.00024282890019654168,0.0,0.0,0.0,0.00024282890019654168
9.799999999999978,0.5,4.075000000000031,-6.866338087583813,-5.0411637377718534,-4.615193417557691,-5.0411637377718534,-6.866338087583813,-10.704490471161705,-10.704490471153917,0.5569027037121326,0.5630360776075817,0.5642400208704306,0.5630360776075817,0.5569027037121326,0.0002635823050580696,0.0,0.0,0.0,0.0002635823050580696
9.899999999999972,0.5,4.125000000000028,-6.834247440417926,-4.986470004974308,-4.552812466121168,-4.986470004974308,-6.834247440417926,-10.693796875857572,-10.693796875849841,0.5589226945047627,0.5651203039327715,0.5663450249554124,0.5651203039327715,0.5589226945047627,0.00028519610406231403,0.0,0.0,0.0,0.00028519610406231403
9.999999999999966,0.5,4.175000000000026,-6.802381217022173,-4.932155603537069,-4.490820091161368,-4.932155603537069,-6.802381217022173,-10.68304506243203,-10.683045062424185,0.5609017581167551,0.5671633884300337,0.5684088503911878,0.5671633884300337,0.5609017581167551,0.0003076354797244542,0.0,0.0,0.0,0.0003076354797244542
10.09999999999996,0.5,4.225000000000023,-6.770733322152296,-4.878215166647635,-4.429212696089849,-4.878215166647635,-6.770733322152296,-10.672235815131387,-10.672235815123543,0.5628410972716669,0.5691665357493848,0.5704326973734921,0.5691665357493848,0.5628410972716669,0.0003308818223700021,0.0,0.0,0.0,0.0003308818223700021
10.199999999999955,0.5,4.27500000000002,-6.739297888192766,-4.824643438909561,-4.36798673077169,-4.824643438909561,-6.739297888192766,-10.661369899303168,-10.661369899295266,0.5647418685060591,0.5711309041458559,0.57241771987643,0.5711309041458559,0.5647418685060591,0.00035494099667028015,0.0,0.0,0.0,0.00035494099667028015
10.29999999999995,0.5,4.325000000000017,-6.708069265330835,-4.771435273321231,-4.307138689679448,-4.771435273321231,-6.708069265330835,-10.650448062069245,-10.65044806206123,0.5666051843161624,0.5730576076684027,0.5743650278377753,0.5730576076684027,0.5666051843161624,0.00037981924433480753,0.0,0.0,0.0,0.00037981924433480753
10.399999999999944,0.5,4.375000000000014,-6.677042012314189,-4.7185856283824705,-4.246665110193874,-4.7185856283824705,-6.677042012314189,-10.639471032971016,-10.639471032962831,0.5684321151512223,0.5749477182273993,0.5762756892228436,0.5749477182273993,0.5684321151512223,0.00040552122521119924,0.0,0.0,0.0,0.00040552122521119924
10.499999999999938,0.5,4.425000000000011,-6.646210886451513,-4.666089565280345,-4.186562571031175,-4.666089565280345,-6.646210886451513,-10.628439524586724,-10.628439524578482,0.5702236903572946,0.5768022675485437,0.5781507319746789,0.5768022675485437,0.5702236903572946,0.00043202750326832445,0.0,0.0,0.0,0.00043202750326832445
10.599999999999932,0.5,4.4750000000000085,-6.615570836061636,-4.613942245142937,-4.126827690794357,-4.613942245142937,-6.615570836061636,-10.617354233120693,-10.61735423311245,0.5719809012126049,0.5786222490203339,0.5799911458576997,0.5786222490203339,0.5719809012126049,0.0004593051448821477,0.0,0.0,0.0,0.0004593051448821477
10.699999999999926,0.5,4.525000000000006,-6.585116993400561,-4.562138926417731,-4.067457126617171,-4.562138926417731,-6.585116993400561,-10.606215838972844,-10.606215838964545,0.5737047027365271,0.5804086194415863,0.5817978842015065,0.5804086194415863,0.5737047027365271,0.0004873517541935139,0.0,0.0,0.0,0.0004873517541935139
10.79999999999992,0.5,4.575000000000003,-6.554844666656777,-4.5106749623250835,-4.008447572926684,-4.5106749623250835,-6.554844666656777,-10.595025007284448,-10.595025007276092,0.5753960151768874,0.5821623006753156,0.5835718655509581,0.5821623006753156,0.5753960151768874,0.0005161694324341058,0.0,0.0,0.0,0.0005161694324341058
10.899999999999915,0.5,4.625,-6.524749332649549,-4.459545798378883,-3.949795760290897,-4.459545798378883,-6.524749332649549,-10.583782388461032,-10.583782388452732,0.5770557255680631,0.5838841812147149,0.585313975228337,0.5838841812147149,0.5770557255680631,0.0005457595994947842,0.0,0.0,0.0,0.0005457595994947842
10.99999999999991,0.5,4.674999999999997,-6.49482662986162,-4.408746970007428,-3.8914984543559967,-4.408746970007428,-6.49482662986162,-10.5724886186743,-10.572488618665943,0.5786846891617037,0.5855751176665029,0.5870250668129353,0.5855751176665029,0.5786846891617037,0.0005761225964744058,0.0,0.0,0.0,0.0005761225964744058
11.099999999999904,0.5,4.724999999999994,-6.465072350704588,-4.35827410021534,-3.8335524548569992,-4.35827410021534,-6.465072350704588,-10.561144320341782,-10.561144320333426,0.5802837298573846,0.5872359361567763,0.5887059635430764,0.5872359361567763,0.5802837298573846,0.0006072425120418496,0.0,0.0,0.0,0.0006072425120418496
11.199999999999898,0.5,4.7749999999999915,-6.435482435760946,-4.308122897322733,-3.7759545947029096,-4.308122897322733,-6.435482435760946,-10.549750102585847,-10.549750102577434,0.58185364264644,0.5888674336639055,0.5903574596452187,0.5888674336639055,0.58185364264644,0.0006390858714081636,0.0,0.0,0.0,0.0006390858714081636
11.299999999999892,0.5,4.824999999999989,-6.406052968786298,-4.258289152786972,-3.7187017391374866,-4.258289152786972,-6.406052968786298,-10.538306561677985,-10.538306561669572,0.5833951950034498,0.5904703792827809,0.5919803215944461,0.5904703792827809,0.5833951950034498,0.0006716446296692677,0.0,0.0,0.0,0.0006716446296692677
11.399999999999887,0.5,4.874999999999986,-6.376780170488132,-4.20876873909782,-3.6617907849426388,-4.20876873909782,-6.376780170488132,-10.52681428146525,-10.52681428145678,0.5849091278780977,0.5920455154244815,0.5935752893104941,0.5920455154244815,0.5849091278780977,0.0007049171345501393,0.0,0.0,0.0,0.0007049171345501393
11.499999999999881,0.5,4.924999999999983,-6.347660392953458,-4.159557607719364,-3.605218659728166,-4.159557607719364,-6.347660392953458,-10.51527383377902,-10.51527383377038,0.5863961568239269,0.5935935589552097,0.5951430772929367,0.5935935589552097,0.5863961568239269,0.0007389016773257738,0.0,0.0,0.0,0.0007389016773257738
11.599999999999875,0.5,4.97499999999998,-6.318690114359185,-4.110651787096629,-3.5489823212461147,-4.110651787096629,-6.318690114359185,-10.503685778827446,-10.503685778818863,0.5878569730725143,0.595115202277956,0.5966843756992471,0.595115202277956,0.5878569730725143,0.0007735958674314384,0.0,0.0,0.0,0.0007735958674314384
11.69999999999987,0.5,5.024999999999977,-6.289865933894077,-4.062047380739841,-3.4930787567674315,-4.062047380739841,-6.289865933894077,-10.49205066557289,-10.492050665564193,0.5892922445098889,0.596611114360159,0.5981998513689057,0.596611114360159,0.5892922445098889,0.0008089965601926275,0.0,0.0,0.0,0.0008089965601926275
11.799999999999864,0.5,5.074999999999974,-6.261184565883752,-4.013740565324383,-3.4375049824939765,-4.013740565324383,-6.261184565883752,-10.48036903209288,-10.480369032084184,0.5907026157153403,0.598081941710613,0.5996901487967092,0.598081941710613,0.5907026157153403,0.0008450887803253953,0.0,0.0,0.0,0.0008450887803253953
11.899999999999858,0.5,5.124999999999972,-6.232642835749118,-3.9657275888640697,-3.3822580430276616,-3.9657275888640697,-6.232642835749118,-10.468641405924927,-10.46864140591606,0.5920887100138682,0.5995283093083333,0.6011558910581069,0.5995283093083333,0.5920887100138682,0.0008818411112292253,0.0,0.0,0.0,0.0008818411112292253
11.999999999999853,0.5,5.174999999999969,-6.204237676557057,-3.9180047689590083,-3.3273350108569844,-3.9180047689590083,-6.204237676557057,-10.456868304402235,-10.45686830439331,0.5934511304447438,0.6009508214860865,0.6025976806893625,0.6009508214860865,0.5934511304447438,0.0009192419562678674,0.0,0.0,0.0,0.0009192419562678674
12.099999999999847,0.5,5.224999999999966,-6.175966124380466,-3.8705684910664786,-3.272732985887558,-3.8705684910664786,-6.175966124380466,-10.44505023497544,-10.445050234966516,0.5947904603907589,0.602350062771242,0.6040161005249981,0.602350062771242,0.5947904603907589,0.0009572865961489134,0.0,0.0,0.0,0.0009572865961489134
12.199999999999841,0.5,5.274999999999963,-6.1478253141903565,-3.8234152068500293,-3.218449095011124,-3.8234152068500293,-6.1478253141903565,-10.433187695522236,-10.433187695513311,0.5961072643653931,0.6037265986861732,0.6054117144948973,0.6037265986861732,0.5961072643653931,0.000995970768425532,0.0,0.0,0.0,0.000995970768425532
12.299999999999836,0.5,5.32499999999996,-6.119812475971514,-3.7765414325551774,-3.1644804916794556,-3.7765414325551774,-6.119812475971514,-10.421281174644719,-10.421281174635624,0.5974020887676661,0.6050809765105524,0.6067850683833871,0.6050809765105524,0.5974020887676661,0.0010352898074661545,0.0,0.0,0.0,0.0010352898074661545
12.39999999999983,0.5,5.374999999999957,-6.091924930992093,-3.729943747441098,-3.1108243555338504,-3.729943747441098,-6.091924930992093,-10.409331151954518,-10.409331151945423,0.5986754626021604,0.606413726007563,0.6081366905522266,0.606413726007563,0.5986754626021604,0.001075238558661688,0.0,0.0,0.0,0.001075238558661688
12.499999999999824,0.5,5.4249999999999545,-6.064160088274434,-3.6836187922551744,-3.05747789204554,-3.6836187922551744,-6.064160088274434,-10.397338098348428,-10.397338098339333,0.5999278981651661,0.6077253601159968,0.6094670926295916,0.6077253601159968,0.5999278981651661,0.0011158113935054227,0.0,0.0,0.0,0.0011158113935054227
12.599999999999818,0.5,5.474999999999952,-6.036515440970163,-3.6375632677475664,-3.0044383321618966,-3.6375632677475664,-6.036515440970163,-10.385302476272102,-10.385302476262893,0.6011598913987038,0.609016375610094,0.6107767701668952,0.609016375610094,0.6011598913987038,0.0011569976720227685,0.0,0.0,0.0,0.0011569976720227685
12.699999999999813,0.5,5.524999999999949,-6.008988564018466,-3.591773933236027,-2.951702932008459,-3.591773933236027,-6.008988564018466,-10.373224739975058,-10.373224739965735,0.6023719236585785,0.6102872537288125,0.6120662032650307,0.6102872537288125,0.6023719236585785,0.0011987675363394144,0.0,0.0,0.0,0.0011987675363394144
12.799999999999807,0.5,5.574999999999946,-5.981577111155502,-3.5462476052101692,-2.8992689725761807,-3.5462476052101692,-5.981577111155502,-10.361105335758168,-10.361105335748846,0.6035644618943898,0.611538460776179,0.6133358571718482,0.611538460776179,0.6035644618943898,0.0012411005700456816,0.0,0.0,0.0,0.0012411005700456816
12.899999999999801,0.5,5.624999999999943,-5.954278811152619,-3.500981155990303,-2.8471337594385204,-3.500981155990303,-5.954278811152619,-10.348944702210474,-10.348944702201095,0.6047379587484779,0.6127704486941976,0.6145861828522676,0.6127704486941976,0.6047379587484779,0.001283985299446652,0.0,0.0,0.0,0.001283985299446652
12.999999999999796,0.5,5.67499999999994,-5.92709146482548,-3.455971512392182,-2.7952946224860966,-3.455971512392182,-5.92709146482548,-10.33674327043542,-10.336743270425984,0.6058928530859663,0.6139836556098952,0.6158176175324916,0.6139836556098952,0.6058928530859663,0.0013274117789252094,0.0,0.0,0.0,0.0013274117789252094
13.09999999999979,0.5,5.7249999999999375,-5.900012942277556,-3.411215654444277,-2.7437489156829997,-3.411215654444277,-5.900012942277556,-10.324501464269417,-10.32450146425981,0.6070295705107437,0.6151785063577017,0.6170305852196469,0.6151785063577017,0.6070295705107437,0.0013713701907774665,0.0,0.0,0.0,0.0013713701907774665
13.199999999999784,0.5,5.774999999999935,-5.873041180257417,-3.366710614138185,-2.6924940167999694,-3.366710614138185,-5.873041180257417,-10.312219700491369,-10.312219700481705,0.6081485238616615,0.6163554129785056,0.6182254971982593,0.6163554129785056,0.6081485238616615,0.0014158506269041338,0.0,0.0,0.0,0.0014158506269041338
13.299999999999779,0.5,5.824999999999932,-5.846174179643413,-3.322453474215422,-2.6415273272070863,-3.322453474215422,-5.846174179643413,-10.299898389025486,-10.299898389015766,0.6092501136872026,0.6175147751965588,0.6194027525045127,0.6175147751965588,0.6092501136872026,0.001460843064371944,0.0,0.0,0.0,0.001460843064371944
13.399999999999773,0.5,5.874999999999929,-5.819410003013786,-3.2784413669729133,-2.5908462716359395,-3.2784413669729133,-5.819410003013786,-10.287537933135525,-10.287537933125634,0.6103347286993605,0.6186569808754134,0.6205627383796803,0.6186569808754134,0.6103347286993605,0.0015063373721779624,0.0,0.0,0.0,0.0015063373721779624
13.499999999999767,0.5,5.924999999999926,-5.792746772320868,-3.2346714731260704,-2.5404482979820386,-3.2346714731260704,-5.792746772320868,-10.275138729612365,-10.275138729602418,0.6114027462076552,0.6197824064538308,0.6217058307035789,0.6197824064538308,0.6114027462076552,0.0015523233225783388,0.0,0.0,0.0,0.0015523233225783388
13.599999999999762,0.5,5.974999999999923,-5.766182666679242,-3.191141020691475,-2.4903308770914805,-3.191141020691475,-5.766182666679242,-10.262701168955289,-10.262701168945341,0.6124545325342314,0.6208914173627875,0.6228323944092136,0.6208914173627875,0.6124545325342314,0.00159879060264472,0.0,0.0,0.0,0.00159879060264472
13.699999999999756,0.5,6.02499999999992,-5.73971592022275,-3.1478472838801963,-2.4404915025668856,-3.1478472838801963,-5.73971592022275,-10.250225635545462,-10.250225635535514,0.6134904434110883,0.6219843684245256,0.6239427838794479,0.6219843684245256,0.6134904434110883,0.0016457288253635353,0.0,0.0,0.0,0.0016457288253635353
13.79999999999975,0.5,6.074999999999918,-5.7133448200603425,-3.10478758207023,-2.3909276905794172,-3.10478758207023,-5.7133448200603425,-10.237712507814422,-10.237712507804474,0.6145108243602474,0.6230616042343641,0.6250373433266367,0.6230616042343641,0.6145108243602474,0.0016931275401881603,0.0,0.0,0.0,0.0016931275401881603
13.899999999999745,0.5,6.124999999999915,-5.687067704302194,-3.0619592787460306,-2.3416369796827894,-3.0619592787460306,-5.687067704302194,-10.225162158405283,-10.225162158395221,0.6155160110577554,0.6241234595264135,0.6261164071560636,0.6241234595264135,0.6155160110577554,0.0017409762430522621,0.0,0.0,0.0,0.0017409762430522621
13.999999999999739,0.5,6.174999999999912,-5.660882960182562,-3.0193597805265426,-2.292616930635802,-3.0193597805265426,-5.660882960182562,-10.212574954328943,-10.212574954318882,0.6165063296822414,0.6251702595236537,0.6271803003139642,0.6251702595236537,0.6165063296822414,0.0017892643858662186,0.0,0.0,0.0,0.0017892643858662186
14.099999999999733,0.5,6.224999999999909,-5.634789022252107,-2.9769865361751044,-2.2438651262313556,-2.9769865361751044,-5.634789022252107,-10.199951257114378,-10.199951257104374,0.6174820972488397,0.6262023202734212,0.6282293386208894,0.6262023202734212,0.6174820972488397,0.0018379813855207824,0.0,0.0,0.0,0.0018379813855207824
14.199999999999728,0.5,6.274999999999906,-5.608784370645026,-2.934837035658745,-2.195379171120294,-2.934837035658745,-5.608784370645026,-10.187291422953933,-10.187291422943815,0.6184436219291622,0.6272199489688274,0.6292638290911489,0.6272199489688274,0.6184436219291622,0.0018871166324200333,0.0,0.0,0.0,0.0018871166324200333
14.299999999999722,0.5,6.324999999999903,-5.582867529396367,-2.8929088092210122,-2.1471566916469556,-2.8929088092210122,-5.582867529396367,-10.174595802842589,-10.174595802832414,0.6193912033580599,0.6282234442568734,0.6302840702389604,0.6282234442568734,0.6193912033580599,0.001936659498566335,0.0,0.0,0.0,0.001936659498566335
14.399999999999716,0.5,6.3749999999999005,-5.557037064854455,-2.8511994264939062,-2.0991953356987665,-2.8511994264939062,-5.557037064854455,-10.16186474271342,-10.161864742703244,0.6203251329276565,0.6292130965338336,0.6312903523719232,0.6292130965338336,0.6203251329276565,0.001986599345217236,0.0,0.0,0.0,0.001986599345217236
14.49999999999971,0.5,6.424999999999898,-5.531291584149756,-2.809706495620219,-2.051492772522522,-2.809706495620219,-5.531291584149756,-10.14909858356748,-10.14909858355719,0.6212456940693704,0.6301891882285751,0.6322829578725674,0.6301891882285751,0.6212456940693704,0.002036925530135269,0.0,0.0,0.0,0.002036925530135269
14.599999999999705,0.5,6.474999999999895,-5.505629733709952,-2.7684276624024733,-2.0040466925909186,-2.7684276624024733,-5.505629733709952,-10.136297661599656,-10.13629766158931,0.6221531625245034,0.6311519940743473,0.6332621614682828,0.6311519940743473,0.6221531625245034,0.0020876274144489607,0.0,0.0,0.0,0.0020876274144489607
14.699999999999699,0.5,6.524999999999892,-5.480050197857281,-2.7273606094792626,-1.9568548074308865,-2.7273606094792626,-5.480050197857281,-10.123462308319404,-10.123462308309058,0.6230478066038326,0.6321017813695685,0.6342282304904445,0.6321017813695685,0.6230478066038326,0.0021386943691432698,0.0,0.0,0.0,0.0021386943691432698
14.799999999999693,0.5,6.574999999999889,-5.454551697423312,-2.686503055532171,-1.9099148494752853,-2.686503055532171,-5.454551697423312,-10.11059285066824,-10.110592850657895,0.623929887436881,0.6330388102281138,0.6351814251230461,0.6330388102281138,0.623929887436881,0.0021901157811961675,0.0,0.0,0.0,0.0021901157811961675
14.899999999999688,0.5,6.624999999999886,-5.42913298847219,-2.6458527544866115,-1.8632245719186358,-2.6458527544866115,-5.42913298847219,-10.09768961113258,-10.097689611122007,0.624799659211094,0.6339633338196892,0.6361219986413943,0.6339633338196892,0.624799659211094,0.0022418810593786776,0.0,0.0,0.0,0.0022418810593786776
14.999999999999682,0.5,6.6749999999998835,-5.40379286102808,-2.6054074947517734,-1.8167817485553996,-2.6054074947517734,-5.40379286102808,-10.08475290785259,-10.084752907842017,0.6256573694016633,0.6348755986006203,0.6370501976413693,0.6348755986006203,0.6256573694016633,0.0022939796397337176,0.0,0.0,0.0,0.0022939796397337176
15.099999999999676,0.5,6.724999999999881,-5.378530137877078,-2.5651650984912635,-1.7705841736313914,-2.5651650984912635,-5.378530137877078,-10.071783054727916,-10.071783054717457,0.6265032589922248,0.6357758445355147,0.63796626225961,0.6357758445355147,0.6265032589922248,0.002346400990748232,0.0,0.0,0.0,0.002346400990748232
15.19999999999967,0.5,6.774999999999878,-5.353343673404993,-2.5251234208884057,-1.7246296617067856,-2.5251234208884057,-5.353343673404993,-10.058780361519098,-10.058780361508695,0.6273375626869528,0.636664305310309,0.6388704263850301,0.636664305310309,0.6273375626869528,0.002399134618233318,0.0,0.0,0.0,0.002399134618233318
15.299999999999665,0.5,6.824999999999875,-5.328232352477926,-2.4852803494502496,-1.6789160474995697,-2.4852803494502496,-5.328232352477926,-10.045745133946241,-10.045745133935668,0.6281605091144031,0.6375412085369674,0.6397629178621477,0.6375412085369674,0.6281605091144031,0.0024521700699256395,0.0,0.0,0.0,0.0024521700699256395
15.39999999999966,0.5,6.874999999999872,-5.303195089395501,-2.4456338033248244,-1.6334411857379791,-2.4456338033248244,-5.303195089395501,-10.032677673783212,-10.032677673772639,0.6289723210233982,0.6384067759502722,0.640643958686517,0.6384067759502722,0.6289723210233982,0.0025054969398235795,0.0,0.0,0.0,0.0025054969398235795
15.499999999999654,0.5,6.924999999999869,-5.278230826835966,-2.4061817326222013,-1.5882029510220832,-2.4061817326222013,-5.278230826835966,-10.019578278950462,-10.019578278939832,0.6297732154715179,0.6392612235970884,0.6415137651926137,0.6392612235970884,0.6297732154715179,0.0025591048722700903,0.0,0.0,0.0,0.0025591048722700903
15.599999999999648,0.5,6.974999999999866,-5.253338534884449,-2.366922117778927,-1.5431992376679204,-2.366922117778927,-5.253338534884449,-10.006447243603134,-10.006447243592447,0.6305634040062778,0.6401047620183201,0.6423725482345783,0.6401047620183201,0.6305634040062778,0.0026129835657937527,0.0,0.0,0.0,0.0026129835657937527
15.699999999999642,0.5,7.024999999999864,-5.228517209999268,-2.327852968920922,-1.4984279595753378,-2.327852968920922,-5.228517209999268,-9.993284858216896,-9.993284858206323,0.6313430947616154,0.6409375964240015,0.6432205133600291,0.6409375964240015,0.6313430947616154,0.0026671226391539573,0.0,0.0,0.0,0.0026671226391539573
15.799999999999637,0.5,7.074999999999861,-5.203765874202077,-2.2889723252425824,-1.4538870500665553,-2.2889723252425824,-5.203765874202077,-9.980091409670422,-9.980091409659906,0.6321125107998579,0.6417599268617786,0.64405786097738,0.6417599268617786,0.6321125107998579,0.00272149719113404,0.0,0.0,0.0,0.00272149719113404
15.89999999999963,0.5,7.124999999999858,-5.1790835785647005,-2.25027825443982,-1.4095744617580408,-2.25027825443982,-5.1790835785647005,-9.966867181332134,-9.96686718132139,0.6328718634306542,0.6425719483789631,0.6448847865167876,0.6425719483789631,0.6328718634306542,0.002776050050701888,0.0,0.0,0.0,0.002776050050701888
15.999999999999625,0.5,7.174999999999855,-5.154469401046299,-2.2117688521868786,-1.3654881664067489,-2.2117688521868786,-5.154469401046299,-9.953612453149105,-9.953612453138192,0.6336213498642119,0.6433738511784513,0.6457014805851584,0.6433738511784513,0.6336213498642119,0.00283073665308144,0.0,0.0,0.0,0.00283073665308144
16.09999999999962,0.5,7.224999999999852,-5.129922443320822,-2.173442241591033,-1.321626154772673,-2.173442241591033,-5.129922443320822,-9.94032750172704,-9.940327501716183,0.63436115976712,0.6441658207689599,0.6465081291153538,0.6441658207689599,0.63436115976712,0.0028855297298582346,0.0,0.0,0.0,0.0028855297298582346
16.199999999999616,0.5,7.274999999999849,-5.105441829141569,-2.135296572620234,-1.2779864364742934,-2.135296572620234,-5.105441829141569,-9.927012600403202,-9.927012600392231,0.6350914769640265,0.6449480381098318,0.6473049135099203,0.6449480381098318,0.6350914769640265,0.0029404103185829695,0.0,0.0,0.0,0.0029404103185829695
16.29999999999961,0.5,7.3249999999998465,-5.081026703283328,-2.097330021573441,-1.2345670398507878,-2.097330021573441,-5.081026703283328,-9.913668019315026,-9.913668019304168,0.6358124802014281,0.6457206797504534,0.6480920107795161,0.6457206797504534,0.6358124802014281,0.002995363331947776,0.0,0.0,0.0,0.002995363331947776
16.399999999999604,0.5,7.374999999999844,-5.056676230720427,-2.0595407905321963,-1.1913660118165694,-2.0595407905321963,-5.056676230720427,-9.900294025467758,-9.90029402545673,0.6365243435497704,0.646483917964681,0.648869593676322,0.646483917964681,0.6365243435497704,0.0030503756706326897,0.0,0.0,0.0,0.0030503756706326897
16.4999999999996,0.5,7.424999999999841,-5.032389595901066,-2.0219271068464764,-1.1483814177283307,-2.0219271068464764,-5.032389595901066,-9.886890882797331,-9.886890882786247,0.6372272366535584,0.6472379208803368,0.6496378308225788,0.6472379208803368,0.6372272366535584,0.003105435414451379,0.0,0.0,0.0,0.003105435414451379
16.599999999999593,0.5,7.474999999999838,-5.0081660021039625,-1.9844872226126427,-1.1056113412205377,-1.9844872226126427,-5.0081660021039625,-9.873458852233568,-9.873458852222313,0.6379213249151701,0.6479828526040973,0.6503968868345782,0.6479828526040973,0.6379213249151701,0.0031605314622938723,0.0,0.0,0.0,0.0031605314622938723
16.699999999999587,0.5,7.524999999999835,-4.984004670827517,-1.947219414188396,-1.06305388408623,-1.947219414188396,-4.984004670827517,-9.859998191759871,-9.859998191748446,0.6386067696480521,0.6487188733418444,0.6511469224420873,0.6487188733418444,0.6386067696480521,0.0032156533595954022,0.0,0.0,0.0,0.0032156533595954022
16.79999999999958,0.5,7.574999999999832,-4.9599048411911895,-1.910121981698012,-1.0207071661197347,-1.910121981698012,-4.9599048411911895,-9.846509156471711,-9.846509156460229,0.6392837282141985,0.6494461395147842,0.6518880946036297,0.6494461395147842,0.6392837282141985,0.003270791205151347,0.0,0.0,0.0,0.003270791205151347
16.899999999999576,0.5,7.6249999999998295,-4.935865769379518,-1.873193248568441,-0.978569324977741,-1.873193248568441,-4.935865769379518,-9.832991998633304,-9.832991998621935,0.6399523541521012,0.6501648038714052,0.6526205566176242,0.6501648038714052,0.6399523541521012,0.003325935592427988,0.0,0.0,0.0,0.003325935592427988
16.99999999999957,0.5,7.674999999999827,-4.911886728091247,-1.8364315610668882,-0.9366385160347477,-1.8364315610668882,-4.911886728091247,-9.819446967732574,-9.819446967721035,0.6406127972980313,0.6508750155955211,0.6533444582296329,0.6508750155955211,0.6406127972980313,0.0033810775667033528,0.0,0.0,0.0,0.0033810775667033528
17.099999999999564,0.5,7.724999999999824,-4.887967006023473,-1.7998352878610149,-0.8949129122321438,-1.7998352878610149,-4.887967006023473,-9.80587431053408,-9.80587431052237,0.6412652039018126,0.6515769204104963,0.6540599457358706,0.6515769204104963,0.6412652039018126,0.0034362085902036373,0.0,0.0,0.0,0.0034362085902036373
17.19999999999956,0.5,7.774999999999821,-4.86410590735926,-1.7634028195632254,-0.8533907039485484,-1.7634028195632254,-4.86410590735926,-9.79227427113068,-9.7922742711188,0.6419097167378378,0.6522706606799183,0.6547671620830522,0.6522706606799183,0.6419097167378378,0.0034913205118849424,0.0,0.0,0.0,0.0034913205118849424
17.299999999999553,0.5,7.824999999999818,-4.840302751293052,-1.7271325683343548,-0.8120700988460499,-1.7271325683343548,-4.840302751293052,-9.778647090994184,-9.77864709098219,0.6425464752116155,0.6529563755046472,0.6554662469648478,0.6529563755046472,0.6425464752116155,0.0035464055403689756,0.0,0.0,0.0,0.0035464055403689756
17.399999999999547,0.5,7.874999999999815,-4.816556871547846,-1.6910229674512038,-0.7709493217193994,-1.6910229674512038,-4.816556871547846,-9.764993009023328,-9.764993009011278,0.6431756154622452,0.65363420081665,0.6561573369150162,0.65363420081665,0.6431756154622452,0.003601456219319954,0.0,0.0,0.0,0.003601456219319954
17.49999999999954,0.5,7.924999999999812,-4.792867615931073,-1.6550724709017572,-0.730026614364192,-1.6550724709017572,-4.792867615931073,-9.751312261591579,-9.751312261579415,0.6437972704609204,0.6543042694695765,0.6568405653972929,0.6543042694695765,0.6437972704609204,0.003656465404877785,0.0,0.0,0.0,0.003656465404877785
17.599999999999536,0.5,7.97499999999981,-4.76923434588889,-1.619279552999501,-0.6893002354273676,-1.619279552999501,-4.76923434588889,-9.73760508259278,-9.737605082580615,0.6444115701057518,0.6549667113262172,0.6575160628922708,0.6549667113262172,0.6444115701057518,0.003711426244905033,0.0,0.0,0.0,0.003711426244905033
17.69999999999953,0.5,8.024999999999807,-4.745656436090371,-1.583642708009279,-0.6487684602582817,-1.583642708009279,-4.745656436090371,-9.7238717034856,-9.723871703473321,0.6450186413129998,0.6556216533429993,0.6581839569813378,0.6556216533429993,0.6450186413129998,0.003766332159871474,0.0,0.0,0.0,0.003766332159871474
17.799999999999525,0.5,8.074999999999804,-4.7221332740236335,-1.5481604497520038,-0.6084295807705757,-1.5481604497520038,-4.7221332740236335,-9.710112353337024,-9.710112353324575,0.6456186081049358,0.6562692196517125,0.6588443724277603,0.6562692196517125,0.6456186081049358,0.0038211768252325224,0.0,0.0,0.0,0.0038211768252325224
17.89999999999952,0.5,8.124999999999801,-4.698664259599127,-1.5128313112542742,-0.5682819052942705,-1.5128313112542742,-4.698664259599127,-9.696327258863903,-9.696327258851454,0.6462115916944883,0.6569095316384007,0.6594974312550801,0.6569095316384007,0.6462115916944883,0.003875954155177348,0.0,0.0,0.0,0.003875954155177348
17.999999999999513,0.5,8.174999999999798,-4.675248804772082,-1.4776538443940694,-0.528323758433487,-1.4776538443940694,-4.675248804772082,-9.68251664447439,-9.682516644461941,0.6467977105667941,0.6575427080196604,0.6601432528228857,0.6575427080196604,0.6467977105667941,0.0039306582876359195,0.0,0.0,0.0,0.0039306582876359195
18.099999999999508,0.5,8.224999999999795,-4.651886333174218,-1.4426266195495714,-0.4885534809253613,-1.4426266195495714,-4.651886333174218,-9.668680732307166,-9.668680732294717,0.6473770805578082,0.658168864916416,0.660781953900073,0.658168864916416,0.6473770805578082,0.003985283570442989,0.0,0.0,0.0,0.003985283570442989
18.199999999999502,0.5,8.274999999999793,-4.628576279764673,-1.407748225262992,-0.4489694294807123,-1.407748225262992,-4.628576279764673,-9.65481974227015,-9.654819742257814,0.6479498149300768,0.6587881159252514,0.6614136487357409,0.6587881159252514,0.6479498149300768,0.004039824548568308,0.0,0.0,0.0,0.004039824548568308
18.299999999999496,0.5,8.32499999999979,-4.605318090488254,-1.3730172679072439,-0.4095699766639882,-1.3730172679072439,-4.605318090488254,-9.640933892078237,-9.640933892065846,0.6485160244458341,0.6594005721874101,0.6620384491276662,0.6594005721874101,0.6485160244458341,0.004094275952327009,0.0,0.0,0.0,0.004094275952327009
18.39999999999949,0.5,8.374999999999787,-4.582111221949333,-1.3384323713725053,-0.3703535107360949,-1.3384323713725053,-4.582111221949333,-9.627023397289008,-9.627023397276503,0.6490758174375078,0.6600063424555143,0.6626564644886394,0.6600063424555143,0.6490758174375078,0.004148632686493243,0.0,0.0,0.0,0.004148632686493243
18.499999999999485,0.5,8.424999999999784,-4.558955141096419,-1.303992176746533,-0.3313184355112071,-1.303992176746533,-4.558955141096419,-9.61308847133904,-9.613088471326535,0.6496292998757573,0.6606055331581521,0.6632678019106217,0.6606055331581521,0.6496292998757573,0.004202889820244651,0.0,0.0,0.0,0.004202889820244651
18.59999999999948,0.5,8.474999999999781,-4.53584932490719,-1.2696953420027626,-0.2924631702185252,-1.2696953420027626,-4.53584932490719,-9.599129325578076,-9.599129325565457,0.6501765754351808,0.6611982484623793,0.663872566226819,0.6611982484623793,0.6501765754351808,0.004257042577872092,0.0,0.0,0.0,0.004257042577872092
18.699999999999473,0.5,8.524999999999778,-4.512793260099329,-1.235540541716773,-0.25378614936067834,-1.235540541716773,-4.512793260099329,-9.58514616930205,-9.58514616928943,0.6507177455577178,0.6617845903341569,0.6644708600717749,0.6617845903341569,0.6507177455577178,0.004311086330193764,0.0,0.0,0.0,0.004311086330193764
18.799999999999468,0.5,8.574999999999775,-4.489786442854609,-1.2015264667572296,-0.21528582256826212,-1.2015264667572296,-4.489786442854609,-9.571139209786452,-9.571139209773946,0.6512529095138723,0.662364658596939,0.6650627839395596,0.662364658596939,0.6512529095138723,0.004365016586618528,0.0,0.0,0.0,0.004365016586618528
18.899999999999462,0.5,8.624999999999773,-4.466828378529385,-1.1676518240152518,-0.1769606544599469,-1.1676518240152518,-4.466828378529385,-9.557108652317936,-9.55710865230543,0.6517821644619257,0.6629385509883218,0.6656484362401021,0.6629385509883218,0.6517821644619257,0.004418828987806197,0.0,0.0,0.0,0.004418828987806197
18.999999999999456,0.5,8.67499999999977,-4.443918581399998,-1.1339153361103058,-0.1388091245103169,-1.1339153361103058,-4.443918581399998,-9.543054700225014,-9.543054700212338,0.6523056055050835,0.6635063632149738,0.6662279133537187,0.6635063632149738,0.6523056055050835,0.0044725192988777866,0.0,0.0,0.0,0.0044725192988777866
19.09999999999945,0.5,8.724999999999767,-4.421056574397028,-1.1003157411350912,-0.10082972689031067,-1.1003157411350912,-4.421056574397028,-9.528977554908181,-9.528977554895278,0.6528233257467718,0.6640681890057509,0.6668013096840111,0.6640681890057509,0.6528233257467718,0.004526083403132383,0.0,0.0,0.0,0.004526083403132383
19.199999999999445,0.5,8.774999999999764,-4.398241888867176,-1.066851792380362,-0.06302097035131737,-1.066851792380362,-4.398241888867176,-9.514877415869307,-9.514877415856347,0.6533354163440426,0.6646241201632217,0.6673687177089914,0.6646241201632217,0.6533354163440426,0.004579517296230167,0.0,0.0,0.0,0.004579517296230167
19.29999999999944,0.5,8.824999999999761,-4.375474064332366,-1.0335222580760046,-0.025381378067152127,-1.0335222580760046,-4.375474064332366,-9.50075448074034,-9.50075448072738,0.6538419665592486,0.6651742466135581,0.6679302280307376,0.6651742466135581,0.6538419665592486,0.0046328170808054734,0.0,0.0,0.0,0.0046328170808054734
19.399999999999434,0.5,8.874999999999758,-4.352752648253045,-1.0003259211396198,0.012090512492818561,-1.0003259211396198,-4.352752648253045,-9.486608945311048,-9.486608945298087,0.6543430638100471,0.6657186564548726,0.6684859294234293,0.6657186564548726,0.6543430638100471,0.004685978961474937,0.0,0.0,0.0,0.004685978961474937
19.499999999999428,0.5,8.924999999999756,-4.330077195820536,-0.9672615789286851,0.049396149701181,-0.9672615789286851,-4.330077195820536,-9.472441003556014,-9.47244100354294,0.654838793717715,0.6662574360040793,0.6690359088799361,0.6662574360040793,0.654838793717715,0.00473899924021028,0.0,0.0,0.0,0.00473899924021028
19.599999999999422,0.5,8.974999999999753,-4.307447269720569,-0.9343280429993115,0.08653696791952825,-0.9343280429993115,-4.307447269720569,-9.45825084766119,-9.458250847648003,0.6553292401540038,0.6667906698423006,0.6695802516570105,0.6667906698423006,0.6553292401540038,0.00479187431204661,0.0,0.0,0.0,0.00479187431204661
19.699999999999417,0.5,9.02499999999975,-4.284862439941378,-0.9015241388705704,0.12351438762198086,-0.9015241388705704,-4.284862439941378,-9.444038668049473,-9.444038668036171,0.6558144852863993,0.6673184408588988,0.6701190413190395,0.6673184408588988,0.6558144852863993,0.004844600661099808,0.0,0.0,0.0,0.004844600661099808
19.79999999999941,0.5,9.074999999999747,-4.262322283570768,-0.8688487057866041,0.16032981554496928,-0.8688487057866041,-4.262322283570768,-9.429804653406165,-9.429804653392921,0.6562946096219808,0.667840830294186,0.6706523597805495,0.667840830294186,0.6562946096219808,0.004897174856868317,0.0,0.0,0.0,0.004897174856868317
19.899999999999405,0.5,9.124999999999744,-4.23982638460086,-0.8363005965034631,0.19698464480381972,-0.8363005965034631,-4.23982638460086,-9.415548990703428,-9.415548990690127,0.656769692049902,0.6683579177807865,0.6711802873473366,0.6683579177807865,0.656769692049902,0.0049495935507985495,0.0,0.0,0.0,0.0049495935507985495
19.9999999999994,0.5,9.174999999999741,-4.217374333741702,-0.803878677056673,0.23348025503935332,-0.803878677056673,-4.217374333741702,-9.401271865223691,-9.401271865210276,0.6572398098825227,0.668869781383824,0.6717029027564475,0.668869781383824,0.6572398098825227,0.005001853473090466,0.0,0.0,0.0,0.005001853473090466
20.099999999999394,0.5,9.224999999999739,-4.1949657282425505,-0.7715818265464804,0.26981801255192295,-0.7715818265464804,-4.1949657282425505,-9.386973460583533,-9.386973460570118,0.6577050388952587,0.6693764976398735,0.6722202832149413,0.6693764976398735,0.6577050388952587,0.005053951429727019,0.0,0.0,0.0,0.005053951429727019
20.199999999999388,0.5,9.274999999999736,-4.172600171705881,-0.739408936933728,0.3059992704248202,-0.739408936933728,-4.172600171705881,-9.372653958756246,-9.372653958742887,0.658165453365236,0.6698781415947281,0.6727325044374665,0.6698781415947281,0.658165453365236,0.005105884299708262,0.0,0.0,0.0,0.005105884299708262
20.299999999999383,0.5,9.324999999999733,-4.150277273941015,-0.7073589128319782,0.34202536866069977,-0.7073589128319782,-4.150277273941015,-9.358313540094173,-9.358313540080701,0.6586211261086548,0.6703747868400782,0.6732396406827684,0.6703747868400782,0.6586211261086548,0.0051576490324748165,0.0,0.0,0.0,0.0051576490324748165
20.399999999999377,0.5,9.37499999999973,-4.12799665078029,-0.675430671297022,0.3778976343185718,-0.675430671297022,-4.12799665078029,-9.343952383349972,-9.343952383336443,0.6590721285171355,0.6708665055491202,0.6737417647891286,0.6708665055491202,0.6590721285171355,0.005209242645505921,0.0,0.0,0.0,0.005209242645505921
20.49999999999937,0.5,9.424999999999727,-4.1057579239363236,-0.6436231416384999,0.41361738162601114,-0.6436231416384999,-4.1057579239363236,-9.32957066569844,-9.329570665684912,0.6595185305928587,0.6713533685110787,0.6742389482086997,0.6713533685110787,0.6595185305928587,0.005260662222077968,0.0,0.0,0.0,0.005260662222077968
20.599999999999365,0.5,9.474999999999724,-4.083560720831372,-0.6119352652288512,0.4491859121256425,-0.6119352652288512,-4.083560720831372,-9.315168562756924,-9.315168562743281,0.6599604009827345,0.6718354451647311,0.674731261040936,0.6718354451647311,0.6599604009827345,0.005311904909171048,0.0,0.0,0.0,0.005311904909171048
20.69999999999936,0.5,9.524999999999721,-4.061404674474431,-0.5803659953013494,0.4846045147991731,-0.5803659953013494,-4.061404674474431,-9.300746248605094,-9.300746248591395,0.6603978070114294,0.6723128036310041,0.6752187720650028,0.6723128036310041,0.6603978070114294,0.005362967915512563,0.0,0.0,0.0,0.005362967915512563
20.799999999999354,0.5,9.574999999999719,-4.039289423301,-0.548914296776843,0.5198744661840919,-0.548914296776843,-4.039289423301,-9.286303895805474,-9.286303895791832,0.6608308147135222,0.6727855107445538,0.6757015487712236,0.6727855107445538,0.6608308147135222,0.005413848509746979,0.0,0.0,0.0,0.005413848509746979
20.89999999999935,0.5,9.624999999999716,-4.0172146110451195,-0.5175791460780488,0.5549970305112311,-0.5175791460780488,-4.0172146110451195,-9.271841675422365,-9.271841675408552,0.661259488864633,0.6732536320844912,0.676179657391693,0.6732536320844912,0.661259488864633,0.005464544018721131,0.0,0.0,0.0,0.005464544018721131
20.999999999999343,0.5,9.674999999999713,-3.9951798866027843,-0.48635953095549667,0.5899734598257851,-0.48635953095549667,-3.9951798866027843,-9.257359757040717,-9.257359757026563,0.6616838930116632,0.6737172320041893,0.6766531629299688,0.6737172320041893,0.6616838930116632,0.0055150518258776345,0.0,0.0,0.0,0.0055150518258776345
21.099999999999337,0.5,9.72499999999971,-3.9731849039004032,-0.4552544503094964,0.6248049941099794,-0.4552544503094964,-3.9731849039004032,-9.24285830878432,-9.242858308770167,0.6621040895021573,0.6741763736602757,0.6771221291899272,0.6741763736602757,0.6621040895021573,0.00556536936974653,0.0,0.0,0.0,0.00556536936974653
21.19999999999933,0.5,9.774999999999707,-3.951229321777646,-0.42426291402040306,0.6594928614087507,-0.42426291402040306,-3.951229321777646,-9.228337497334735,-9.228337497320524,0.6625201395127699,0.6746311190407823,0.6775866188038153,0.6746311190407823,0.6625201395127699,0.0056154941425287245,0.0,0.0,0.0,0.0056154941425287245
21.299999999999326,0.5,9.824999999999704,-3.9293128038613645,-0.39338394279053546,0.6940382779518472,-0.39338394279053546,-3.9293128038613645,-9.213797487948057,-9.213797487933618,0.6629321030769527,0.6750815289924752,0.6780466932595032,0.6750815289924752,0.6629321030769527,0.005665423688763484,0.0,0.0,0.0,0.005665423688763484
21.39999999999932,0.5,9.874999999999702,-3.907435018452759,-0.362616567971088,0.7284424482773488,-0.362616567971088,-3.907435018452759,-9.199238444472542,-9.19923844445799,0.6633400391118105,0.6755276632474696,0.6785024129269819,0.6755276632474696,0.6633400391118105,0.0057151556040739415,0.0,0.0,0.0,0.0057151556040739415
21.499999999999314,0.5,9.924999999999699,-3.8855956384118144,-0.3319598314099039,0.7627065653419436,-0.3319598314099039,-3.8855956384118144,-9.18466052936543,-9.18466052935105,0.6637440054442092,0.6759695804490509,0.678953837084087,0.6759695804490509,0.6637440054442092,0.005764687533984519,0.0,0.0,0.0,0.005764687533984519
21.59999999999931,0.5,9.974999999999696,-3.8637943410543585,-0.3014127852907791,0.7968318106521224,-0.3014127852907791,-3.8637943410543585,-9.170063903710115,-9.170063903695677,0.6641440588361154,0.6764073381768061,0.6794010239415685,0.6764073381768061,0.6641440588361154,0.005814017172804606,0.0,0.0,0.0,0.005814017172804606
21.699999999999303,0.5,10.024999999999693,-3.8420308080375776,-0.2709744919847594,0.8308193543761035,-0.2709744919847594,-3.8420308080375776,-9.155448727231317,-9.155448727216822,0.664540255009257,0.6768409929710335,0.6798440306674189,0.6768409929710335,0.664540255009257,0.005863142262573859,0.0,0.0,0.0,0.005863142262573859
21.799999999999297,0.5,10.07499999999969,-3.8203047252725923,-0.24064402389444695,0.8646703554649662,-0.24064402389444695,-3.8203047252725923,-9.140815158311796,-9.140815158297073,0.6649326486690246,0.6772706003565129,0.6802829134105584,0.6772706003565129,0.6649326486690246,0.005912060592064022,0.0,0.0,0.0,0.005912060592064022
21.89999999999929,0.5,10.124999999999687,-3.7986157828108844,-0.2104204633139375,0.8983859617668486,-0.2104204633139375,-3.7986157828108844,-9.126163354007303,-9.126163353992467,0.6653212935277828,0.6776962148655724,0.6807177273238574,0.6776962148655724,0.6653212935277828,0.005960769995833569,0.0,0.0,0.0,0.005960769995833569
21.999999999999286,0.5,10.174999999999685,-3.7769636747578943,-0.18030290228176682,0.9319673101368835,-0.18030290228176682,-3.7769636747578943,-9.111493470062271,-9.111493470047378,0.665706242327468,0.6781178900605702,0.6811485265865241,0.6781178900605702,0.665706242327468,0.00600926835333038,0.0,0.0,0.0,0.00600926835333038
22.09999999999928,0.5,10.224999999999682,-3.7553480991761035,-0.15029044243658518,0.9654155265647546,-0.15029044243658518,-3.7553480991761035,-9.096805660924929,-9.096805660909865,0.6660875468615933,0.6785356785557473,0.6815753644259288,0.6785356785557473,0.6660875468615933,0.006057553588039873,0.0,0.0,0.0,0.006057553588039873
22.199999999999275,0.5,10.274999999999679,-3.7337687579963017,-0.12038219488789537,0.9987317262756505,-0.12038219488789537,-3.7337687579963017,-9.082100079761176,-9.082100079745999,0.6664652579966333,0.6789496320384628,0.6819982931387785,0.6789496320384628,0.6664652579966333,0.006105623666674194,0.0,0.0,0.0,0.006105623666674194
22.29999999999927,0.5,10.324999999999676,-3.7122253569365284,-0.09057728007815058,1.0319170138432696,-0.09057728007815058,-3.7122253569365284,-9.067376878469531,-9.067376878454297,0.6668394256928085,0.6793598012898857,0.6824173641117522,0.6793598012898857,0.6668394256928085,0.0061534765984004305,0.0,0.0,0.0,0.0061534765984004305
22.399999999999263,0.5,10.374999999999673,-3.6907176054074284,-0.06087482764064589,1.0649724833118057,-0.06087482764064589,-3.6907176054074284,-9.052636207695286,-9.052636207679882,0.6672100990243478,0.6797662362051496,0.6828326278416111,0.6797662362051496,0.6672100990243478,0.006201110434104414,0.0,0.0,0.0,0.006201110434104414
22.499999999999257,0.5,10.42499999999967,-3.669245216449326,-0.031273976276338544,1.0978992182925822,-0.031273976276338544,-3.669245216449326,-9.037878216843808,-9.037878216828346,0.6675773261991184,0.6801689858129182,0.6832441339547114,0.6801689858129182,0.6675773261991184,0.006248523265687167,0.0,0.0,0.0,0.006248523265687167
22.599999999999252,0.5,10.474999999999667,-3.6478079066316127,-0.001773873633283074,1.1306982920851283,-0.001773873633283074,-3.6478079066316127,-9.023103054094463,-9.023103054079002,0.6679411545778359,0.6805680982944372,0.6836519312260644,0.6805680982944372,0.6679411545778359,0.006295713225392879,0.0,0.0,0.0,0.006295713225392879
22.699999999999246,0.5,10.524999999999665,-3.626405395987831,0.027626323831725585,1.163370767772392,0.027626323831725585,-3.626405395987831,-9.008310866413808,-9.00831086639829,0.6683016306926707,0.6809636210021303,0.6840560675978276,0.6809636210021303,0.6683016306926707,0.00634267848516455,0.0,0.0,0.0,0.00634267848516455
22.79999999999924,0.5,10.574999999999662,-3.6050374079485437,0.05692745096791896,1.1959176983407929,0.05692745096791896,-3.6050374079485437,-8.993501799568776,-8.99350179955303,0.6686588002653626,0.6813556004776478,0.6844565901973816,0.6813556004776478,0.6686588002653626,0.006389417256026618,0.0,0.0,0.0,0.006389417256026618
22.899999999999235,0.5,10.624999999999659,-3.583703669255101,0.08613033405038095,1.2283401267790168,0.08613033405038095,-3.583703669255101,-8.978675998139124,-8.978675998123265,0.6690127082249137,0.6817440824694615,0.6848535453548773,0.6817440824694615,0.6690127082249137,0.006435927787492076,0.0,0.0,0.0,0.006435927787492076
22.99999999999923,0.5,10.674999999999656,-3.5624039098947264,0.11523579089788427,1.2606390861848809,0.11523579089788427,-3.5624039098947264,-8.96383360553034,-8.963833605514424,0.6693633987247672,0.6821291119500014,0.6852469786203507,0.6821291119500014,0.6693633987247672,0.006482208366992307,0.0,0.0,0.0,0.006482208366992307
23.099999999999223,0.5,10.724999999999653,-3.5411378630474246,0.1442446310016976,1.2928155998688453,0.1442446310016976,-3.5411378630474246,-8.948974763985916,-8.948974763969886,0.6697109151594933,0.6825107331323764,0.6856369347803879,0.6825107331323764,0.6697109151594933,0.006528257319328257,0.0,0.0,0.0,0.006528257319328257
23.199999999999218,0.5,10.77499999999965,-3.519905264998954,0.17315765561386343,1.3248706814553088,0.17315765561386343,-3.519905264998954,-8.934099614599177,-8.934099614583147,0.670055300181146,0.6828889894865622,0.6860234578743594,0.6828889894865622,0.670055300181146,0.006574073006141692,0.0,0.0,0.0,0.006574073006141692
23.299999999999212,0.5,10.824999999999648,-3.49870585509251,0.20197565787782423,1.3568053349889624,0.20197565787782423,-3.49870585509251,-8.919208297325667,-8.919208297309751,0.6703965957150909,0.68326392375529,0.6864065912102485,0.68326392375529,0.6703965957150909,0.0066196538254046965,0.0,0.0,0.0,0.0066196538254046965
23.399999999999206,0.5,10.874999999999645,-3.4775393756638664,0.23069942293676604,1.388620555028183,0.23069942293676604,-3.4775393756638664,-8.904300950994696,-8.904300950978666,0.6707348429754679,0.6836355779694707,0.686786377380046,0.6836355779694707,0.6707348429754679,0.006664998210926389,0.0,0.0,0.0,0.006664998210926389
23.4999999999992,0.5,10.924999999999642,-3.456405571982714,0.25932972803235543,1.420317326756674,0.25932972803235543,-3.456405571982714,-8.889377713320584,-8.889377713304441,0.6710700824802459,0.6840039934632033,0.6871628582748024,0.6840039934632033,0.6710700824802459,0.00671010463187581,0.0,0.0,0.0,0.00671010463187581
23.599999999999195,0.5,10.974999999999639,-3.4353041921858107,0.28786734261473157,1.4518966260702086,0.28786734261473157,-3.4353041921858107,-8.874438720914156,-8.874438720898013,0.6714023540659145,0.6843692108884397,0.6875360750992368,0.6843692108884397,0.6714023540659145,0.006754971592319836,0.0,0.0,0.0,0.006754971592319836
23.69999999999919,0.5,11.024999999999636,-3.4142349872371938,0.31631302845227083,1.4833594196830404,0.31631302845227083,-3.4142349872371938,-8.859484109293874,-8.85948410927756,0.6717316969017327,0.6847312702292765,0.6879060683860294,0.6847312702292765,0.6717316969017327,0.006799597630775037,0.0,0.0,0.0,0.006799597630775037
23.799999999999184,0.5,11.074999999999633,-3.393197710856896,0.3446675397167951,1.5147066652183412,0.3446675397167951,-3.393197710856896,-8.84451401289681,-8.844514012880325,0.6720581495037039,0.6850902108158283,0.6882728780097158,0.6850902108158283,0.6720581495037039,0.006843981319773025,0.0,0.0,0.0,0.006843981319773025
23.899999999999178,0.5,11.12499999999963,-3.3721921194851916,0.3729316230952122,1.5459393113093256,0.3729316230952122,-3.3721921194851916,-8.82952856508922,-8.829528565072565,0.6723817497480995,0.6854460713378258,0.6886365432002621,0.6854460713378258,0.6723817497480995,0.00688812126543783,0.0,0.0,0.0,0.00688812126543783
23.999999999999172,0.5,11.174999999999628,-3.3512179722164888,0.4011060178900152,1.5770582976913374,0.4011060178900152,-3.3512179722164888,-8.814527898177289,-8.814527898160577,0.6727025348847351,0.6857988898578483,0.688997102556288,0.6857988898578483,0.6727025348847351,0.006932016107074984,0.0,0.0,0.0,0.006932016107074984
24.099999999999167,0.5,11.224999999999625,-3.3302750307627207,0.4291914561060821,1.6080645552987676,0.4291914561060821,-3.3302750307627207,-8.799512143417473,-8.799512143400648,0.673020541549829,0.6861487038241961,0.6893545940579642,0.6861487038241961,0.673020541549829,0.006975664516771637,0.0,0.0,0.0,0.006975664516771637
24.19999999999916,0.5,11.274999999999622,-3.309363059390023,0.4571886625464572,1.6389590063527635,0.4571886625464572,-3.309363059390023,-8.784481431026734,-8.784481431009624,0.6733358057786214,0.6864955500834637,0.6897090550795795,0.6864955500834637,0.6733358057786214,0.007019065199006512,0.0,0.0,0.0,0.007019065199006512
24.299999999999155,0.5,11.32499999999962,-3.2884818248884926,0.48509835491472586,1.669742564457465,0.48509835491472586,-3.2884818248884926,-8.769435890192483,-8.769435890175316,0.6736483630175897,0.6868394648928371,0.6900605224018216,0.6868394648928371,0.6736483630175897,0.007062216890269903,0.0,0.0,0.0,0.007062216890269903
24.39999999999915,0.5,11.374999999999616,-3.267631096516311,0.5129212438960735,1.7004161346893625,0.5129212438960735,-3.267631096516311,-8.75437564908276,-8.754375649065366,0.6739582481364308,0.6871804839320214,0.6904090322237362,0.6871804839320214,0.6739582481364308,0.007105118358692775,0.0,0.0,0.0,0.007105118358692775
24.499999999999144,0.5,11.424999999999613,-3.246810645958135,0.5406580332412432,1.730980613683471,0.5406580332412432,-3.246810645958135,-8.739300834855612,-8.739300834838275,0.6742654954397204,0.6875186423148966,0.6907546201743935,0.6875186423148966,0.6742654954397204,0.0071477684036841595,0.0,0.0,0.0,0.0071477684036841595
24.599999999999138,0.5,11.47499999999961,-3.22602024727928,0.5683094198787444,1.7614368897308168,0.5683094198787444,-3.22602024727928,-8.724211573669379,-8.724211573651985,0.6745701386782932,0.6878539746009631,0.6910973213243022,0.6878539746009631,0.6745701386782932,0.007190165855576547,0.0,0.0,0.0,0.007190165855576547
24.699999999999132,0.5,11.524999999999608,-3.205259676889739,0.5958760939687409,1.7917858428667728,0.5958760939687409,-3.205259676889739,-8.70910799069145,-8.709107990673942,0.6748722110603245,0.6881865148063645,0.6914371701965257,0.6881865148063645,0.6748722110603245,0.007232309575279443,0.0,0.0,0.0,0.007232309575279443
24.799999999999127,0.5,11.574999999999605,-3.1845287134979685,0.6233587390181583,1.8220283449402928,0.6233587390181583,-3.1845287134979685,-8.693990210107927,-8.69399021009042,0.6751717452621677,0.6885162964147968,0.6917742007774788,0.6885162964147968,0.6751717452621677,0.00727419845393993,0.0,0.0,0.0,0.00727419845393993
24.89999999999912,0.5,11.624999999999602,-3.163827138072236,0.6507580319397448,1.8521652597244724,0.6507580319397448,-3.163827138072236,-8.678858355132832,-8.67885835511521,0.6754687734389211,0.6888433523880231,0.6921084465275822,0.6888433523880231,0.6754687734389211,0.007315831412609934,0.0,0.0,0.0,0.007315831412609934
24.999999999999115,0.5,11.6749999999996,-3.1431547338076484,0.6780746431497278,1.882197442984591,0.6780746431497278,-3.1431547338076484,-8.663712548016917,-8.66371254799924,0.6757633272347154,0.6891677151762334,0.6924399403915485,0.6891677151762334,0.6757633272347154,0.007357207401920412,0.0,0.0,0.0,0.007357207401920412
25.09999999999911,0.5,11.724999999999596,-3.122511286084773,0.7053092366408578,1.912125742568037,0.7053092366408578,-3.122511286084773,-8.648552910056821,-8.6485529100392,0.676055437792788,0.689489416728098,0.692768714808486,0.689489416728098,0.676055437792788,0.0073983254017618415,0.0,0.0,0.0,0.0073983254017618415
25.199999999999104,0.5,11.774999999999594,-3.101896582434563,0.732462470065002,1.9419509984896308,0.732462470065002,-3.101896582434563,-8.633379561604045,-8.633379561586366,0.676345135765293,0.6898084885006053,0.6930948017217494,0.6898084885006053,0.676345135765293,0.007439184420970055,0.0,0.0,0.0,0.007439184420970055
25.2999999999991,0.5,11.82499999999959,-3.0813104124977144,0.7595349948085186,1.971674043012797,0.7595349948085186,-3.0813104124977144,-8.618192622072911,-8.618192622055346,0.676632451322907,0.6901249614686592,0.693418232588554,0.6901249614686592,0.676632451322907,0.0074797834970184145,0.0,0.0,0.0,0.0074797834970184145
25.399999999999093,0.5,11.874999999999588,-3.0607525680031245,0.7865274560703597,2.00129570072653,0.7865274560703597,-3.0607525680031245,-8.602992209950173,-8.602992209932495,0.6769174141641428,0.6904388661344506,0.6937390383893537,0.6904388661344506,0.6769174141641428,0.007520121695715129,0.0,0.0,0.0,0.007520121695715129
25.499999999999087,0.5,11.924999999999585,-3.0402228427166733,0.8134404929366497,2.0308167886356046,0.8134404929366497,-3.0402228427166733,-8.587778442802176,-8.58777844278444,0.6772000535245394,0.6907502325366075,0.6940572496370329,0.6907502325366075,0.6772000535245394,0.007560198110905791,0.0,0.0,0.0,0.007560198110905791
25.59999999999908,0.5,11.974999999999582,-3.019721032419284,0.840274738454184,2.0602381162288452,0.840274738454184,-3.019721032419284,-8.572551437284176,-8.572551437266384,0.6774803981855481,0.6910590902591305,0.6943728963858307,0.6910590902591305,0.6774803981855481,0.0076000118641805425,0.0,0.0,0.0,0.0076000118641805425
25.699999999999076,0.5,12.02499999999958,-2.9992469348754867,0.8670308197055192,2.089560485568825,0.8670308197055192,-2.9992469348754867,-8.55731130914836,-8.557311309130569,0.6777584764832452,0.6913654684401245,0.694686008240121,0.6913654684401245,0.6777584764832452,0.007639562104586652,0.0,0.0,0.0,0.007639562104586652
25.79999999999907,0.5,12.074999999999577,-2.978800349806818,0.8937093578762187,2.1187846913596786,0.8937093578762187,-2.978800349806818,-8.542058173251462,-8.54205817323367,0.6780343163168241,0.691669395780312,0.694996614362926,0.691669395780312,0.6780343163168241,0.007678848008345386,0.0,0.0,0.0,0.007678848008345386
25.899999999999064,0.5,12.124999999999574,-2.9583810788505502,0.9203109683312505,2.1479115210324267,0.9203109683312505,-2.9583810788505502,-8.526792143563227,-8.526792143545435,0.6783079451569373,0.691970900551374,0.6953047434842877,0.691970900551374,0.6783079451569373,0.007717868778573431,0.0,0.0,0.0,0.007717868778573431
25.99999999999906,0.5,12.17499999999957,-2.937988925532011,0.9468362606784808,2.176941754816255,0.9468362606784808,-2.937988925532011,-8.511513333173923,-8.511513333156074,0.6785793900538081,0.6922700106040688,0.6956104239094097,0.6922700106040688,0.6785793900538081,0.007756623645008178,0.0,0.0,0.0,0.007756623645008178
26.099999999999053,0.5,12.224999999999568,-2.917623695245254,0.9732858388405248,2.2058761658167327,0.9732858388405248,-2.917623695245254,-8.496221854302291,-8.496221854284556,0.6788486776451336,0.6925667533761898,0.695913683526634,0.6925667533761898,0.6788486776451336,0.007795111863737182,0.0,0.0,0.0,0.007795111863737182
26.199999999999047,0.5,12.274999999999565,-2.897285195218558,0.9996603011148295,2.2347155200872066,0.9996603011148295,-2.897285195218558,-8.48091781830368,-8.480917818285945,0.6791158341638509,0.692861155900308,0.696214549815221,0.692861155900308,0.6791158341638509,0.007833332716932474,0.0,0.0,0.0,0.007833332716932474
26.29999999999904,0.5,12.324999999999562,-2.876973234481227,1.0259602402538235,2.263460576707871,1.0259602402538235,-2.876973234481227,-8.465601335676524,-8.465601335658846,0.6793808854457211,0.6931532448114011,0.6965130498529745,0.6931532448114011,0.6793808854457211,0.007871285512587022,0.0,0.0,0.0,0.007871285512587022
26.399999999999036,0.5,12.37499999999956,-2.856687623859159,1.0521862435160756,2.292112087849432,1.0521862435160756,-2.856687623859159,-8.450272516070925,-8.450272516053246,0.6796438569366675,0.6934430463542299,0.6968092103236547,0.6934430463542299,0.6796438569366675,0.00790896958425677,0.0,0.0,0.0,0.00790896958425677
26.49999999999903,0.5,12.424999999999557,-2.83642817591749,1.078338892737861,2.3206707988541666,1.078338892737861,-2.83642817591749,-8.434931468295076,-8.434931468277455,0.6799047737000923,0.6937305863906047,0.6971030575242773,0.6937305863906047,0.6799047737000923,0.00794638429080509,0.0,0.0,0.0,0.00794638429080509
26.599999999999024,0.5,12.474999999999554,-2.816194704963209,1.1044187643943246,2.34913744830601,1.1044187643943246,-2.816194704963209,-8.41957830032328,-8.419578300305659,0.6801636604238626,0.6940158904064655,0.6973946173722154,0.6940158904064655,0.6801636604238626,0.00798352901615078,0.0,0.0,0.0,0.00798352901615078
26.69999999999902,0.5,12.524999999999551,-2.795987027009005,1.1304264296562678,2.3775127680924015,1.1304264296562678,-2.795987027009005,-8.404213119303108,-8.404213119285487,0.680420541427252,0.6942989835187908,0.6976839154121258,0.6942989835187908,0.680420541427252,0.00802040316902016,0.0,0.0,0.0,0.00802040316902016
26.799999999999013,0.5,12.574999999999548,-2.775804959735126,1.1563624544568825,2.4057974834844345,1.1563624544568825,-2.775804959735126,-8.388836031561823,-8.388836031544031,0.6806754406677281,0.6945798904823836,0.6979709768227764,0.6945798904823836,0.6806754406677281,0.008057006182701634,0.0,0.0,0.0,0.008057006182701634
26.899999999999007,0.5,12.624999999999545,-2.75564832250069,1.1822273995522892,2.4339923132001786,1.1822273995522892,-2.75564832250069,-8.373447142614054,-8.373447142596206,0.6809283817474603,0.6948586356964906,0.6982558264236718,0.6948586356964906,0.6809283817474603,0.00809333751480411,0.0,0.0,0.0,0.00809333751480411
26.999999999999,0.5,12.674999999999542,-2.735516936286217,1.208021820578324,2.4620979694698235,1.208021820578324,-2.735516936286217,-8.35804655716862,-8.358046557150658,0.6811793879198673,0.6951352432112684,0.698538488681544,0.6951352432112684,0.6811793879198673,0.008129396647018358,0.0,0.0,0.0,0.008129396647018358
27.099999999998996,0.5,12.72499999999954,-2.7154106236906728,1.2337462681067564,2.490115158109802,1.2337462681067564,-2.7154106236906728,-8.342634379135234,-8.3426343791171,0.6814284820958745,0.6954097367341051,0.6988189877167258,0.6954097367341051,0.6814284820958745,0.008165183084880947,0.0,0.0,0.0,0.008165183084880947
27.19999999999899,0.5,12.774999999999537,-2.6953292089060596,1.2594012877057708,2.518044578591116,1.2594012877057708,-2.6953292089060596,-8.32721071163138,-8.327210711613134,0.681675686850095,0.6956821396358164,0.6990973473093716,0.6956821396358164,0.681675686850095,0.00820069635754215,0.0,0.0,0.0,0.00820069635754215
27.299999999998985,0.5,12.824999999999534,-2.675272517689791,1.2849874199986857,2.545886924087597,1.2849874199986857,-2.675272517689791,-8.3117756569888,-8.311775656970497,0.6819210244268847,0.6959524749567078,0.6993735909054885,0.6959524749567078,0.6819210244268847,0.008235936017535878,0.0,0.0,0.0,0.008235936017535878
27.39999999999898,0.5,12.874999999999531,-2.655240377350424,1.310505200711816,2.573642881564467,1.310505200711816,-2.655240377350424,-8.296329316760364,-8.29632931674206,0.6821645167462262,0.696220765412471,0.6996477416229498,0.696220765412471,0.6821645167462262,0.008270901640552903,0.0,0.0,0.0,0.008270901640552903
27.499999999998973,0.5,12.924999999999528,-2.635232616728331,1.3359551607373987,2.6013131318239857,1.3359551607373987,-2.635232616728331,-8.280871791726497,-8.28087179170825,0.6824061854094978,0.6964870333999996,0.699919822257261,0.6964870333999996,0.6824061854094978,0.008305592825216694,0.0,0.0,0.0,0.008305592825216694
27.599999999998968,0.5,12.974999999999525,-2.615249066171316,1.3613378261790672,2.628898349578378,1.3613378261790672,-2.615249066171316,-8.265403181901831,-8.265403181883585,0.6826460517051408,0.6967513010030312,0.70018985528728,0.6967513010030312,0.6826460517051408,0.008340009192862199,0.0,0.0,0.0,0.008340009192862199
27.699999999998962,0.5,13.024999999999523,-2.5952895575109665,1.386653718410514,2.656399203510489,1.386653718410514,-2.5952895575109665,-8.249923586541286,-8.249923586522925,0.6828841366141941,0.6970135899977034,0.7004578628807817,0.6970135899977034,0.6828841366141941,0.00837415038731703,0.0,0.0,0.0,0.00837415038731703
27.799999999998956,0.5,13.07499999999952,-2.5753539240544114,1.4119033541303452,2.683816356334205,1.4119033541303452,-2.5753539240544114,-8.234433104146547,-8.234433104128186,0.6831204608156715,0.6972739218579879,0.7007238668999044,0.6972739218579879,0.6831204608156715,0.00840801607468543,0.0,0.0,0.0,0.00840801607468543
27.89999999999895,0.5,13.124999999999517,-2.5554420005667,1.4370872454094865,2.7111504648596565,1.4370872454094865,-2.5554420005667,-8.218931832472038,-8.21893183245362,0.6833550446918524,0.6975323177609849,0.7009878889064957,0.6975323177609849,0.6833550446918524,0.008441605943134842,0.0,0.0,0.0,0.008441605943134842
27.999999999998945,0.5,13.174999999999514,-2.5355536232366944,1.4622058997355225,2.7384021800477285,1.4622058997355225,-2.5355536232366944,-8.203419868531853,-8.203419868513379,0.6835879083335017,0.6977887985920985,0.7012499501673185,0.6977887985920985,0.6835879083335017,0.00847491970268525,0.0,0.0,0.0,0.00847491970268525
28.09999999999894,0.5,13.224999999999511,-2.5156886296712173,1.487259820083068,2.7655721470707135,1.487259820083068,-2.5156886296712173,-8.187897308604931,-8.1878973085864,0.6838190715449082,0.6980433849501766,0.7015100716591613,0.6980433849501766,0.6838190715449082,0.008507957085000213,0.0,0.0,0.0,0.008507957085000213
28.199999999998933,0.5,13.274999999999508,-2.495846858877883,1.512249504938893,2.792661005377795,1.512249504938893,-2.495846858877883,-8.17236424824165,-8.172364248223175,0.6840485538488371,0.698296097152419,0.7017682740738608,0.698296097152419,0.6840485538488371,0.008540717843181162,0.0,0.0,0.0,0.008540717843181162
28.299999999998928,0.5,13.324999999999505,-2.476028151249295,1.537175448360074,2.8196693887508673,1.537175448360074,-2.476028151249295,-8.156820782269847,-8.156820782251259,0.6842763744913893,0.6985469552392738,0.7020245778231937,0.6985469552392738,0.6842763744913893,0.008573201751563897,0.0,0.0,0.0,0.008573201751563897
28.399999999998922,0.5,13.374999999999503,-2.45623234853241,1.5620381400329961,2.8465979253576847,1.5620381400329961,-2.45623234853241,-8.141267004800397,-8.141267004781753,0.6845025524467873,0.6987959789792366,0.7022790030436545,0.6987959789792366,0.6845025524467873,0.008605408605517192,0.0,0.0,0.0,0.008605408605517192
28.499999999998916,0.5,13.4249999999995,-2.4364592938298983,1.5868380653053578,2.8734472378163787,1.5868380653053578,-2.4364592938298983,-8.125703009233064,-8.125703009214476,0.6847271064219799,0.6990431878734731,0.7025315696011746,0.6990431878734731,0.6847271064219799,0.00863733822124391,0.0,0.0,0.0,0.00863733822124391
28.59999999999891,0.5,13.474999999999497,-2.4167088315730894,1.611575705235225,2.900217943244286,1.611575705235225,-2.4167088315730894,-8.110128888262864,-8.110128888244276,0.6849500548612304,0.6992886011603996,0.702782297095699,0.6992886011603996,0.6849500548612304,0.00866899043558437,0.0,0.0,0.0,0.00866899043558437
28.699999999998905,0.5,13.524999999999494,-2.3969808075135575,1.6362515366454886,2.92691065331519,1.6362515366454886,-2.3969808075135575,-8.09454473388513,-8.094544733866428,0.6851714159505539,0.6995322378201775,0.7030312048656893,0.6995322378201775,0.6851714159505539,0.008700365105822103,0.0,0.0,0.0,0.008700365105822103
28.7999999999989,0.5,13.574999999999491,-2.3772750686990207,1.6608660321638808,2.953525974321906,1.6608660321638808,-2.3772750686990207,-8.07895063740142,-8.078950637382718,0.6853912076221111,0.6997741165790843,0.7032783119925569,0.6997741165790843,0.6853912076221111,0.008731462109491698,0.0,0.0,0.0,0.008731462109491698
28.899999999998894,0.5,13.624999999999488,-2.357591463472829,1.6854196602638467,2.9800645072215843,1.6854196602638467,-2.357591463472829,-8.063346689425316,-8.063346689406501,0.6856094475584446,0.70001425591379,0.7035236373049543,0.70001425591379,0.6856094475584446,0.008762281344188853,0.0,0.0,0.0,0.008762281344188853
28.999999999998888,0.5,13.674999999999486,-2.337929841432299,1.7099128853125194,3.0065268476965343,1.7099128853125194,-2.337929841432299,-8.047732979887485,-8.047732979868556,0.6858261531967447,0.7002526740555746,0.7037671993830245,0.7002526740555746,0.6858261531967447,0.00879282272738256,0.0,0.0,0.0,0.00879282272738256
29.099999999998882,0.5,13.724999999999483,-2.3182900534457076,1.7343461676155698,3.0329135862015733,1.7343461676155698,-2.3182900534457076,-8.032109598041586,-8.032109598022714,0.6860413417328614,0.7004893889944462,0.7040090165625296,0.7004893889944462,0.6860413417328614,0.008823086196229398,0.0,0.0,0.0,0.008823086196229398
29.199999999998877,0.5,13.77499999999948,-2.2986719516177914,1.7587199634552348,3.059225308020757,1.7587199634552348,-2.2986719516177914,-8.01647663246996,-8.016476632450974,0.6862550301253822,0.7007244184831618,0.7042491069389188,0.7007244184831618,0.6862550301253822,0.008853071707390164,0.0,0.0,0.0,0.008853071707390164
29.29999999999887,0.5,13.824999999999477,-2.2790753892846283,1.7830347251334047,3.0854625933201874,1.7830347251334047,-2.2790753892846283,-8.000834171088286,-8.000834171069243,0.6864672350995465,0.7009577800411778,0.7044874883713123,0.7009577800411778,0.6864672350995465,0.008882779236848297,0.0,0.0,0.0,0.008882779236848297
29.399999999998865,0.5,13.874999999999474,-2.259500220992436,1.8072909010247713,3.1116260171920658,1.8072909010247713,-2.259500220992436,-7.985182301151099,-7.985182301131999,0.6866779731511207,0.701189490958554,0.7047241784863723,0.701189490958554,0.6866779731511207,0.008912208779730512,0.0,0.0,0.0,0.008912208779730512
29.49999999999886,0.5,13.924999999999471,-2.239946302489898,1.8314889355966102,3.137716149713583,1.8314889355966102,-2.239946302489898,-7.969521109257698,-7.969521109238656,0.6868872605501627,0.7014195682996839,0.704959194682147,0.7014195682996839,0.6868872605501627,0.008941360350129247,0.0,0.0,0.0,0.008941360350129247
29.599999999998854,0.5,13.974999999999469,-2.220413490719409,1.8556292694681247,3.163733555997112,1.8556292694681247,-2.220413490719409,-7.953850681356698,-7.953850681337599,0.6870951133447134,0.7016480289070637,0.7051925541318129,0.7016480289070637,0.6870951133447134,0.0089702339809275,0.0,0.0,0.0,0.0089702339809275
29.699999999998848,0.5,14.024999999999466,-2.200901643789564,1.879712339438754,3.1896787962335225,1.879712339438754,-2.200901643789564,-7.938171102751312,-7.938171102732213,0.6873015473644647,0.7018748894048983,0.7054242737873215,0.7018748894048983,0.6873015473644647,0.008998829723625208,0.0,0.0,0.0,0.008998829723625208
29.799999999998843,0.5,14.074999999999463,-2.1814106209753277,1.9037385785350693,3.21555242575198,1.9037385785350693,-2.1814106209753277,-7.92248245810481,-7.922482458085597,0.6875065782242796,0.7021001662026928,0.7056543703830257,0.7021001662026928,0.6875065782242796,0.009027147648167816,0.0,0.0,0.0,0.009027147648167816
29.899999999998837,0.5,14.12499999999946,-2.1619402826997884,1.927708416046471,3.24135499505212,1.927708416046471,-2.1619402826997884,-7.906784831445066,-7.906784831425739,0.6877102213276934,0.7023238754987368,0.7058828604391538,0.7023238754987368,0.6877102213276934,0.009055187842776513,0.0,0.0,0.0,0.009055187842776513
29.99999999999883,0.5,14.174999999999457,-2.142490490525063,1.9516222775619667,3.267087049869076,1.9516222775619667,-2.142490490525063,-7.891078306170016,-7.891078306150632,0.6879124918703219,0.7025460332835283,0.7061097602653144,0.7025460332835283,0.6879124918703219,0.009082950413780929,0.0,0.0,0.0,0.009082950413780929
30.099999999998825,0.5,14.224999999999454,-2.123061107141268,1.9754805850085404,3.2927491312084953,1.9754805850085404,-2.123061107141268,-7.875362965052432,-7.875362965033048,0.6881134048432052,0.7027666553431346,0.7063350859638438,0.7027666553431346,0.6881134048432052,0.009110435485453048,0.0,0.0,0.0,0.009110435485453048
30.19999999999882,0.5,14.274999999999451,-2.103651996280803,1.9992837566960588,3.318341775403951,1.9992837566960588,-2.103651996280803,-7.85963889024498,-7.85963889022571,0.6883129783282247,0.7029857572625039,0.7065588534331547,0.7029857572625039,0.6883129783282247,0.00913764278655971,0.0,0.0,0.0,0.00913764278655971
30.299999999998814,0.5,14.324999999999449,-2.084263023299286,2.0230322073375078,3.343865514151048,2.0230322073375078,-2.084263023299286,-7.843906163285055,-7.843906163265672,0.6885112344696387,0.7032033544286509,0.7067810783709565,0.7032033544286509,0.6885112344696387,0.009164562596344829,0.0,0.0,0.0,0.009164562596344829
30.39999999999881,0.5,14.374999999999446,-2.0648940560292317,2.04672634808486,3.369320874561595,2.04672634808486,-2.0648940560292317,-7.828164865103361,-7.82816486508392,0.6887081880071371,0.7034194620338157,0.7070017762774679,0.7034194620338157,0.6887081880071371,0.00919118262784339,0.0,0.0,0.0,0.00919118262784339
30.499999999998803,0.5,14.424999999999443,-2.045544963538134,2.0703665865430594,3.3947083792082253,2.0703665865430594,-2.045544963538134,-7.812415076030277,-7.812415076010723,0.6889038538758705,0.703634095078512,0.7072209624585444,0.703634095078512,0.6889038538758705,0.009217498898540726,0.0,0.0,0.0,0.009217498898540726
30.599999999998797,0.5,14.47499999999944,-2.0262156159085976,2.0939533268141304,3.4200285461660087,2.0939533268141304,-2.0262156159085976,-7.79665687580075,-7.796656875781025,0.689098246758856,0.7038472683745892,0.7074386520287371,0.7038472683745892,0.689098246758856,0.009243509487120735,0.0,0.0,0.0,0.009243509487120735
30.69999999999879,0.5,14.524999999999437,-2.0069058841984315,2.1174869695282723,3.4452818890544563,2.1174869695282723,-2.0069058841984315,-7.780890343558724,-7.780890343538829,0.6892913810998259,0.7040589965482072,0.7076548599142944,0.7040589965482072,0.6892913810998259,0.009269212901666714,0.0,0.0,0.0,0.009269212901666714
30.799999999998786,0.5,14.574999999999434,-1.9876156404421863,2.1409679118933127,3.470468917084588,2.1409679118933127,-1.9876156404421863,-7.7651155578614635,-7.765115557841455,0.6894832711094377,0.7042692940428031,0.7078696008561228,0.7042692940428031,0.6894832711094377,0.009294607838891546,0.0,0.0,0.0,0.009294607838891546
30.89999999999878,0.5,14.624999999999432,-1.9683447576280173,2.1643965477113056,3.4955901351004286,2.1643965477113056,-1.9683447576280173,-7.749332596684269,-7.749332596664146,0.6896739307704961,0.7044781751219117,0.7080828894126772,0.7044781751219117,0.6896739307704961,0.009319693144713578,0.0,0.0,0.0,0.009319693144713578
30.999999999998774,0.5,14.674999999999429,-1.9490931096956388,2.187773267425314,3.5206460436144766,2.187773267425314,-1.9490931096956388,-7.7335415374241165,-7.733541537403994,0.6898633738428216,0.7046856538720162,0.7082947399627771,0.7046856538720162,0.6898633738428216,0.009344467803788545,0.0,0.0,0.0,0.009344467803788545
31.09999999999877,0.5,14.724999999999426,-1.9298605715327994,2.2110984581540833,3.5456371388658,2.2110984581540833,-1.9298605715327994,-7.717742456905057,-7.717742456884707,0.6900516138679571,0.7048917442053131,0.7085051667084374,0.7048917442053131,0.6900516138679571,0.00936893093340416,0.0,0.0,0.0,0.00936893093340416
31.199999999998763,0.5,14.774999999999423,-1.9106470189668698,2.2343725037176796,3.5705639128436815,2.2343725037176796,-1.9106470189668698,-7.70193543138123,-7.701935431360766,0.6902386641737227,0.7050964598623994,0.7087141836775519,0.7050964598623994,0.6902386641737227,0.00939308177822196,0.0,0.0,0.0,0.00939308177822196
31.299999999998757,0.5,14.82499999999942,-1.8914523287375573,2.257595784684895,3.5954268533408253,2.257595784684895,-1.8914523287375573,-7.686120536542035,-7.686120536521628,0.6904245378786901,0.705299814414972,0.7089218047266015,0.705299814414972,0.6904245378786901,0.009416919705353792,0.0,0.0,0.0,0.009416919705353792
31.39999999999875,0.5,14.874999999999417,-1.8722763785133338,2.280768678398431,3.62022644398661,2.280768678398431,-1.8722763785133338,-7.670297847516224,-7.6702978474957035,0.690609247896393,0.7055018212684132,0.7091280435432703,0.7055018212684132,0.690609247896393,0.009440444199690168,0.0,0.0,0.0,0.009440444199690168
31.499999999998746,0.5,14.924999999999415,-1.8531190468699492,2.3038915590011584,3.644963164288697,2.3038915590011584,-1.8531190468699492,-7.654467438875656,-7.654467438854965,0.6907928069395096,0.7057024936643345,0.709332913649024,0.7057024936643345,0.6907928069395096,0.009463654859458465,0.0,0.0,0.0,0.009463654859458465
31.59999999999874,0.5,14.974999999999412,-1.8339802132858267,2.3269647974871646,3.669637489677939,2.3269647974871646,-1.8339802132858267,-7.638629384639444,-7.638629384618696,0.6909752275238739,0.7059018446831379,0.7095364284016582,0.7059018446831379,0.6909752275238739,0.009486551391997226,0.0,0.0,0.0,0.009486551391997226
31.699999999998735,0.5,15.024999999999409,-1.814859758138823,2.3499887617128365,3.6942498915425404,2.3499887617128365,-1.814859758138823,-7.622783758278786,-7.622783758257924,0.6911565219723573,0.7060998872464274,0.7097386009977714,0.7060998872464274,0.6911565219723573,0.009509133609736785,0.0,0.0,0.0,0.009509133609736785
31.79999999999873,0.5,15.074999999999406,-1.7957575626923585,2.3729638164400626,3.7188008372656327,2.3729638164400626,-1.7957575626923585,-7.606930632719866,-7.6069306326990045,0.6913367024186666,0.7062966341194566,0.7099394444751951,0.7062966341194566,0.6913367024186666,0.009531401426374672,0.0,0.0,0.0,0.009531401426374672
31.899999999998723,0.5,15.124999999999403,-1.7766735090814905,2.3958903233702813,3.7432907902692136,2.3958903233702813,-1.7766735090814905,-7.591070080349141,-7.591070080328336,0.6915157808110265,0.7064920979135118,0.7101389717154077,0.7064920979135118,0.6915157808110265,0.009553354853236547,0.0,0.0,0.0,0.009553354853236547
31.999999999998717,0.5,15.1749999999994,-1.7576074803225765,2.4187686411666505,3.767720210052971,2.4187686411666505,-1.7576074803225765,-7.575202173016464,-7.57520217299566,0.6916937689156881,0.7066862910882177,0.7103371954458823,0.7066862910882177,0.6916937689156881,0.009574993995813406,0.0,0.0,0.0,0.009574993995813406
32.09999999999874,0.5,15.224999999999397,-1.7385593602919016,2.441599125487471,3.792089552222137,2.441599125487471,-1.7385593602919016,-7.5593269820394084,-7.55932698201849,0.6918706783204214,0.7068792259538351,0.7105341282423673,0.7068792259538351,0.6918706783204214,0.009596319050466297,0.0,0.0,0.0,0.009596319050466297
32.19999999999876,0.5,15.274999999999395,-1.719529033725621,2.464382129014382,3.8163992685331323,2.464382129014382,-1.719529033725621,-7.543444578207016,-7.54344457818587,0.6920465204378466,0.7070709146734968,0.7107297825311752,0.7070709146734968,0.6920465204378466,0.009617330301290156,0.0,0.0,0.0,0.009617330301290156
32.29999999999878,0.5,15.324999999999392,-1.700516386205038,2.4871180014898755,3.840649806931822,2.4871180014898755,-1.700516386205038,-7.527555031783663,-7.527555031762574,0.692221306508713,0.707261369265437,0.710924170591407,0.707261369265437,0.692221306508713,0.009638028117128217,0.0,0.0,0.0,0.009638028117128217
32.399999999998805,0.5,15.374999999999389,-1.6815213041564903,2.509807089730657,3.8648416115811415,2.509807089730657,-1.6815213041564903,-7.511658412513384,-7.511658412492352,0.6923950476050394,0.7074506016051066,0.7111173045571118,0.7074506016051066,0.6923950476050394,0.009658412948730231,0.0,0.0,0.0,0.009658412948730231
32.49999999999883,0.5,15.424999999999386,-1.662543674843505,2.532449737677041,3.8889751229076523,2.532449737677041,-1.662543674843505,-7.4957547896233905,-7.495754789602245,0.6925677546331914,0.7076386234273555,0.7113091964194578,0.7076386234273555,0.6925677546331914,0.009678485326046928,0.0,0.0,0.0,0.009678485326046928
32.59999999999885,0.5,15.474999999999383,-1.6435833863569655,2.5550462864015344,3.9130507776342256,2.5550462864015344,-1.6435833863569655,-7.479844231827599,-7.479844231806396,0.6927394383368795,0.7078254463284649,0.711499858028828,0.7078254463284649,0.6927394383368795,0.009698245855653894,0.0,0.0,0.0,0.009698245855653894
32.69999999999887,0.5,15.52499999999938,-1.6246403276029469,2.577597074152152,3.9370690088080096,2.577597074152152,-1.6246403276029469,-7.463926807331063,-7.463926807309747,0.6929101093000731,0.7080110817682302,0.7116893010968688,0.7080110817682302,0.6929101093000731,0.009717695218298369,0.0,0.0,0.0,0.009717695218298369
32.799999999998896,0.5,15.574999999999378,-1.6057143883112417,2.6001024363667966,3.9610302458390834,2.6001024363667966,-1.6057143883112417,-7.448002583833102,-7.448002583811785,0.6930797779497913,0.7081955410719402,0.711877537198525,0.7081955410719402,0.6930797779497913,0.009736834166563051,0.0,0.0,0.0,0.009736834166563051
32.89999999999892,0.5,15.624999999999375,-1.5868054590072802,2.62256270571055,3.984934914547466,2.62256270571055,-1.5868054590072802,-7.432071628531332,-7.43207162851013,0.6932484545589039,0.7083788354323759,0.7120645777740713,0.7083788354323759,0.6932484545589039,0.009755663522640609,0.0,0.0,0.0,0.009755663522640609
32.99999999999894,0.5,15.674999999999372,-1.5679134310202016,2.644978212102558,4.008783437178067,2.644978212102558,-1.5679134310202016,-7.416134008125482,-7.416134008104166,0.6934161492487702,0.7085609759117467,0.7122504341310135,0.7085609759117467,0.6934161492487702,0.009774184176213825,0.0,0.0,0.0,0.009774184176213825
33.099999999998964,0.5,15.724999999999369,-1.549038196480069,2.6673492827305267,4.032576232447241,2.6673492827305267,-1.549038196480069,-7.400189788820512,-7.400189788799139,0.6935828719918302,0.7087419734435647,0.7124351174460491,0.7087419734435647,0.6935828719918302,0.009792397082435884,0.0,0.0,0.0,0.009792397082435884
33.19999999999899,0.5,15.774999999999366,-1.5301796482922327,2.689676242092901,4.056313715575413,2.689676242092901,-1.5301796482922327,-7.384239036330882,-7.384239036309566,0.6937486326141925,0.7089218388345524,0.7126186387669512,0.7089218388345524,0.6937486326141925,0.00981030326000595,0.0,0.0,0.0,0.00981030326000595
33.29999999999901,0.5,15.824999999999363,-1.511337680154611,2.7119594120110264,4.0799962983055025,2.7119594120110264,-1.511337680154611,-7.368281815883961,-7.368281815862588,0.6939134407980393,0.7091005827664458,0.7128010090143844,0.7091005827664458,0.6939134407980393,0.009827903789334732,0.0,0.0,0.0,0.009827903789334732
33.39999999999903,0.5,15.87499999999936,-1.4925121865246638,2.734199111668431,4.103624388964931,2.734199111668431,-1.4925121865246638,-7.352318192223038,-7.352318192201835,0.6940773060841059,0.7092782157978323,0.712982238983808,0.7092782157978323,0.6940773060841059,0.009845199810796462,0.0,0.0,0.0,0.009845199810796462
33.499999999999055,0.5,15.924999999999358,-1.4737030626355931,2.756395657624239,4.127198392464493,2.756395657624239,-1.4737030626355931,-7.336348229612099,-7.336348229590783,0.6942402378739605,0.7094547483658913,0.7131623393471725,0.7094547483658913,0.6942402378739605,0.009862192523061914,0.0,0.0,0.0,0.009862192523061914
33.59999999999908,0.5,15.974999999999355,-1.4549102044722986,2.7785493638466505,4.150718710359683,2.7785493638466505,-1.4549102044722986,-7.320371991837874,-7.3203719918165575,0.694402245432339,0.7096301907881575,0.7133413206547636,0.7096301907881575,0.694402245432339,0.00987888318150944,0.0,0.0,0.0,0.00987888318150944
33.6999999999991,0.5,16.02499999999936,-1.4361335087812677,2.800660541731247,4.1741857408581495,2.800660541731247,-1.4361335087812677,-7.304389542214494,-7.304389542193121,0.694563337889327,0.7098045532642134,0.7135191933368596,0.7098045532642134,0.694563337889327,0.009895273096709359,0.0,0.0,0.0,0.009895273096709359
33.79999999999912,0.5,16.07499999999937,-1.4173728730574453,2.8227295001296966,4.19759987887312,2.8227295001296966,-1.4173728730574453,-7.288400943586112,-7.288400943564795,0.6947235242425546,0.7099778458773809,0.7136959677054927,0.7099778458773809,0.6947235242425546,0.009911363632978856,0.0,0.0,0.0,0.009911363632978856
33.899999999999146,0.5,16.124999999999382,-1.3986281955291702,2.8447565453648167,4.220961516035288,2.8447565453648167,-1.3986281955291702,-7.272406258330989,-7.272406258309502,0.6948828133593351,0.710150078596347,0.713871653956066,0.710150078596347,0.6948828133593351,0.009927156207002758,0.0,0.0,0.0,0.009927156207002758
33.99999999999917,0.5,16.174999999999393,-1.3798993751637454,2.866741981276391,4.244271040733452,2.866741981276391,-1.3798993751637454,-7.256405548364398,-7.256405548343025,0.6950412139787037,0.7103212612768478,0.7140462621690189,0.7103212612768478,0.6950412139787037,0.00994265228651782,0.0,0.0,0.0,0.00994265228651782
34.09999999999919,0.5,16.224999999999405,-1.3611863116565814,2.8886861092166214,4.267528838151179,2.8886861092166214,-1.3611863116565814,-7.240398875142432,-7.2403988751208885,0.6951987347134484,0.710491403663183,0.7142198023114606,0.710491403663183,0.6951987347134484,0.009957853389057088,0.0,0.0,0.0,0.009957853389057088
34.199999999999214,0.5,16.274999999999416,-1.3424889054235223,2.9105892280902026,4.2907352902794855,2.9105892280902026,-1.3424889054235223,-7.224386299664786,-7.2243862996432995,0.6953553840520815,0.7106605153898297,0.7143922842387023,0.7106605153898297,0.6953553840520815,0.009972761080751534,0.0,0.0,0.0,0.009972761080751534
34.29999999999924,0.5,16.324999999999427,-1.3238070575999927,2.9324516343801292,4.313890775964069,2.9324516343801292,-1.3238070575999927,-7.208367882478967,-7.208367882457367,0.6955111703607518,0.7108286059829905,0.7145637176958654,0.7108286059829905,0.6955111703607518,0.009987376975185569,0.0,0.0,0.0,0.009987376975185569
34.39999999999926,0.5,16.37499999999944,-1.3051406700345751,2.9542736221587234,4.336995670921624,2.9542736221587234,-1.3051406700345751,-7.192343683682452,-7.1923436836609085,0.6956661018851221,0.7109956848620717,0.714734112319375,0.7109956848620717,0.6956661018851221,0.01000170273230463,0.0,0.0,0.0,0.01000170273230463
34.49999999999928,0.5,16.42499999999945,-1.2864896452778112,2.9760554831180457,4.360050347778838,2.9760554831180457,-1.2864896452778112,-7.176313762927009,-7.176313762905295,0.6958201867522177,0.7111617613411958,0.7149034776384937,0.7111617613411958,0.6958201867522177,0.010015740057371434,0.0,0.0,0.0,0.010015740057371434
34.599999999999305,0.5,16.47499999999946,-1.2678538865675364,2.9977975065862665,4.383055176091432,2.9977975065862665,-1.2678538865675364,-7.160278179421368,-7.160278179399597,0.6959734329722473,0.7113268446306434,0.7150718230767712,0.7113268446306434,0.6959734329722473,0.010029490699968766,0.0,0.0,0.0,0.010029490699968766
34.69999999999933,0.5,16.524999999999473,-1.2492332978465583,3.019499979552336,4.406010522383383,3.019499979552336,-1.2492332978465583,-7.144236991934349,-7.144236991912521,0.6961258484402862,0.7114909438383017,0.7152391579535311,0.7114909438383017,0.6961258484402862,0.010042956453046632,0.0,0.0,0.0,0.010042956453046632
34.79999999999935,0.5,16.574999999999484,-1.2306277837467974,3.041163186694746,4.428916750167957,3.041163186694746,-1.2306277837467974,-7.128190258798554,-7.1281902587766695,0.6962774409380169,0.7116540679710933,0.7154054914852792,0.7116540679710933,0.6962774409380169,0.010056139152012216,0.0,0.0,0.0,0.010056139152012216
34.89999999999937,0.5,16.624999999999496,-1.2120372495746778,3.062787410393298,4.451774219979313,3.062787410393298,-1.2120372495746778,-7.112138037913041,-7.112138037891157,0.6964282181354307,0.71181622593634,0.7155708327871203,0.71181622593634,0.6964282181354307,0.0100690406738589,0.0,0.0,0.0,0.0100690406738589
34.999999999999396,0.5,16.674999999999507,-1.1934616013113555,3.0843729307539434,4.474583289390864,3.0843729307539434,-1.1934616013113555,-7.096080386746792,-7.096080386724907,0.6965781875924452,0.7119774265431377,0.7157351908741152,0.7119774265431377,0.6965781875924452,0.010081662936333842,0.0,0.0,0.0,0.010081662936333842
35.09999999999942,0.5,16.72499999999952,-1.1749007456055551,3.1059200256288477,4.497344313058591,3.1059200256288477,-1.1749007456055551,-7.080017362341607,-7.080017362319779,0.696727356760513,0.7121376785036968,0.7158985746626837,0.7121376785036968,0.696727356760513,0.010094007897141703,0.0,0.0,0.0,0.010094007897141703
35.19999999999944,0.5,16.77499999999953,-1.1563545897798804,3.1274289706394143,4.520057642739459,3.1274289706394143,-1.1563545897798804,-7.063949021315352,-7.063949021293524,0.6968757329841523,0.7122969904346677,0.7160609929719177,0.7122969904346677,0.6968757329841523,0.010106077553182982,0.0,0.0,0.0,0.010106077553182982
35.299999999999464,0.5,16.82499999999954,-1.1378230418064845,3.1489000391906643,4.542723627313592,3.1489000391906643,-1.1378230418064845,-7.047875419864965,-7.047875419843024,0.6970233235025356,0.7124553708584224,0.7162224545248833,0.7124553708584224,0.6970233235025356,0.010117873939824861,0.0,0.0,0.0,0.010117873939824861
35.39999999999949,0.5,16.874999999999552,-1.1193060103177572,3.170333502498977,4.565342612819052,3.170333502498977,-1.1193060103177572,-7.0317966137694725,-7.031796613747417,0.6971701354509423,0.7126128282043527,0.7163829679499363,0.7126128282043527,0.6971701354509423,0.010129399130203512,0.0,0.0,0.0,0.010129399130203512
35.49999999999951,0.5,16.924999999999564,-1.1008034045818818,3.191729629612837,4.587914942472139,3.191729629612837,-1.1008034045818818,-7.015712658392999,-7.015712658370887,0.6973161758622801,0.7127693708101247,0.716542541781979,0.7127693708101247,0.6973161758622801,0.010140655234555485,0.0,0.0,0.0,0.010140655234555485
35.59999999999953,0.5,16.974999999999575,-1.0823151345241513,3.2130886874246016,4.61044095669854,3.2130886874246016,-1.0823151345241513,-6.999623608687955,-6.999623608665786,0.6974614516684514,0.7129250069228945,0.7167011844637224,0.7129250069228945,0.6974614516684514,0.010151644399577987,0.0,0.0,0.0,0.010151644399577987
35.699999999999555,0.5,17.024999999999586,-1.0638411106914987,3.2344109406947723,4.632920993153107,3.2344109406947723,-1.0638411106914987,-6.983529519197646,-6.98352951917542,0.6976059697018417,0.7130797447005327,0.7168589043469025,0.7130797447005327,0.6976059697018417,0.010162368807815507,0.0,0.0,0.0,0.010162368807815507
35.79999999999958,0.5,17.074999999999598,-1.0453812442782464,3.2556966520731407,4.655355386747146,3.2556966520731407,-1.0453812442782464,-6.967430444059573,-6.967430444037234,0.6977497366966147,0.7132335922128232,0.7170157096934955,0.7132335922128232,0.6977497366966147,0.010172830677072319,0.0,0.0,0.0,0.010172830677072319
35.8999999999996,0.5,17.12499999999961,-1.026935447091546,3.2769460821122607,4.677744469679169,3.2769460821122607,-1.026935447091546,-6.951326437008163,-6.951326436985767,0.6978927592901443,0.7133865574426266,0.7171716086769246,0.7133865574426266,0.6978927592901443,0.010183032259848927,0.0,0.0,0.0,0.010183032259848927
35.99999999999962,0.5,17.17499999999962,-1.0085036315681464,3.298159489291322,4.700088571453534,3.298159489291322,-1.0085036315681464,-6.935217551377718,-6.935217551355379,0.6980350440242743,0.7135386482870424,0.7173266093832105,0.7135386482870424,0.6980350440242743,0.01019297584280187,0.0,0.0,0.0,0.01019297584280187
36.099999999999646,0.5,17.224999999999632,-0.990085710751714,3.319337130038093,4.7223880189004035,3.319337130038093,-0.990085710751714,-6.919103840105379,-6.919103840082926,0.6981765973320521,0.7136898725585608,0.7174807198121151,0.7136898725585608,0.6981765973320521,0.010202663743750236,0.0,0.0,0.0,0.010202663743750236
36.19999999999967,0.5,17.274999999999643,-0.9716815982673666,3.3404792587379006,4.744643136215359,3.3404792587379006,-0.9716815982673666,-6.902985355733733,-6.9029853557111664,0.6983174254226296,0.7138402379861511,0.717633947878314,0.7138402379861511,0.6983174254226296,0.010212097132910016,0.0,0.0,0.0,0.010212097132910016
36.29999999999969,0.5,17.324999999999655,-0.9532912084608824,3.361586127762621,4.766854244968101,3.361586127762621,-0.9532912084608824,-6.886862150413833,-6.8868621503912095,0.6984575347766664,0.7139897522163934,0.7177863014124733,0.7139897522163934,0.6984575347766664,0.010221275165133482,0.0,0.0,0.0,0.010221275165133482
36.399999999999714,0.5,17.374999999999666,-0.9349144563606728,3.382657987476364,4.789021664137465,3.382657987476364,-0.9349144563606728,-6.8707342759084895,-6.870734275885809,0.6985969316994076,0.7141384228145246,0.7179377881623736,0.7141384228145246,0.6985969316994076,0.010230199251291002,0.0,0.0,0.0,0.010230199251291002
36.49999999999974,0.5,17.424999999999677,-0.9165512575871162,3.403695086260086,4.811145710128642,3.403695086260086,-0.9165512575871162,-6.854601783595058,-6.854601783572264,0.6987356223782448,0.7142862572655229,0.7180884157939751,0.7142862572655229,0.6987356223782448,0.010238871626633055,0.0,0.0,0.0,0.010238871626633055
36.59999999999976,0.5,17.47499999999969,-0.8982015283459646,3.4246976705285874,4.833226696794895,3.4246976705285874,-0.8982015283459646,-6.838464724467826,-6.838464724444975,0.6988736129005355,0.7144332629751545,0.7182381918924752,0.7144332629751545,0.6988736129005355,0.010247294671623533,0.0,0.0,0.0,0.010247294671623533
36.69999999999978,0.5,17.5249999999997,-0.879865185407084,3.4456659847475066,4.855264935463822,3.4456659847475066,-0.879865185407084,-6.822323149141539,-6.822323149118631,0.6990109092568647,0.7145794472710031,0.7183871239633632,0.7145794472710031,0.6990109092568647,0.010255470835879065,0.0,0.0,0.0,0.010255470835879065
36.799999999999805,0.5,17.57499999999971,-0.8615421461182109,3.466600271449181,4.877260734960032,3.466600271449181,-0.8615421461182109,-6.806177107853273,-6.806177107830138,0.699147517342734,0.7147248174034793,0.7185352194334504,0.7147248174034793,0.699147517342734,0.010263402628723713,0.0,0.0,0.0,0.010263402628723713
36.89999999999983,0.5,17.624999999999723,-0.8432323283894902,3.48750077125419,4.89921440163414,3.48750077125419,-0.8432323283894902,-6.790026650465165,-6.790026650442144,0.6992834429601325,0.7148693805468327,0.7186824856518985,0.7148693805468327,0.6992834429601325,0.010271092616791851,0.0,0.0,0.0,0.010271092616791851
36.99999999999985,0.5,17.674999999999734,-0.8249356506909749,3.50836772288568,4.921126239370949,3.50836772288568,-0.8249356506909749,-6.773871826467996,-6.773871826444747,0.6994186918190199,0.7150131438001271,0.7188289298911786,0.7150131438001271,0.6994186918190199,0.010278543422431582,0.0,0.0,0.0,0.010278543422431582
37.09999999999987,0.5,17.724999999999746,-0.8066520320521136,3.5292013631847112,4.942996549621341,3.5292013631847112,-0.8066520320521136,-6.75771268498255,-6.757712684959301,0.6995532695387566,0.7151561141882029,0.7189745593480812,0.7151561141882029,0.6995532695387566,0.010285757722251848,0.0,0.0,0.0,0.010285757722251848
37.199999999999896,0.5,17.774999999999757,-0.7883813920453804,3.55000192713635,4.964825631418876,3.55000192713635,-0.7883813920453804,-6.741549274763145,-6.741549274739725,0.6996871816495487,0.7152982986626573,0.7191193811446638,0.7152982986626573,0.6996871816495487,0.01029273824574135,0.0,0.0,0.0,0.01029273824574135
37.29999999999992,0.5,17.82499999999977,-0.7701236507979843,3.5707696478719413,4.986613781411563,3.5707696478719413,-0.7701236507979843,-6.725381644199672,-6.725381644176309,0.6998204335937712,0.7154397041027402,0.7192634023292352,0.7154397041027402,0.6998204335937712,0.010299487773949838,0.0,0.0,0.0,0.010299487773949838
37.39999999999994,0.5,17.87499999999978,-0.7518787289808415,3.59150475669594,5.008361293869598,3.59150475669594,-0.7518787289808415,-6.709209841320671,-6.709209841297195,0.6999530307273252,0.7155803373163072,0.7194066298772479,0.7155803373163072,0.6999530307273252,0.010306009138227839,0.0,0.0,0.0,0.010306009138227839
37.499999999999964,0.5,17.92499999999979,-0.7336465477943648,3.6122074830972224,5.030068460715768,3.6122074830972224,-0.7336465477943648,-6.693033913795375,-6.693033913771899,0.7000849783023881,0.7157202050407152,0.71954907069225,0.7157202050407152,0.7000849783023881,0.01031230521678893,0.0,0.0,0.0,0.01031230521678893
37.59999999999999,0.5,17.974999999999802,-0.7154270288474436,3.6328780547747215,5.051735571546374,3.6328780547747215,-0.7154270288474436,-6.676853908936323,-6.6768539089129035,0.7002162811350374,0.7158593139437399,0.7196907316067901,0.7158593139437399,0.7002162811350374,0.010318377689767462,0.0,0.0,0.0,0.010318377689767462
37.70000000000001,0.5,18.024999999999814,-0.6972200942202562,3.653516697644534,5.073362913642313,3.653516697644534,-0.6972200942202562,-6.660669873701636,-6.6606698736781595,0.7003469443374768,0.7159976706244363,0.7198316193832838,0.7159976706244363,0.7003469443374768,0.010324226699777806,0.0,0.0,0.0,0.010324226699777806
37.80000000000003,0.5,18.074999999999825,-0.6790256665927359,3.674123635861406,5.09495077200819,3.674123635861406,-0.6790256665927359,-6.6444818546973465,-6.64448185467387,0.700476972898275,0.7161352816140192,0.7199717407149444,0.7161352816140192,0.700476972898275,0.0103298550054067,0.0,0.0,0.0,0.0103298550054067
37.900000000000055,0.5,18.124999999999837,-0.6608436691775523,3.6946990918264078,5.116499429371061,3.6946990918264078,-0.6608436691775523,-6.628289898180299,-6.6282898981567655,0.7006063717116415,0.716272153376693,0.720111102226592,0.716272153376693,0.7006063717116415,0.010335266030110622,0.0,0.0,0.0,0.010335266030110622
38.00000000000008,0.5,18.174999999999848,-0.6426740257207371,3.7152432862109777,5.138009166218467,3.7152432862109777,-0.6426740257207371,-6.61209405006025,-6.61209405003666,0.7007351455989693,0.7164082923105208,0.720249710475552,0.7164082923105208,0.7007351455989693,0.010340463269529554,0.0,0.0,0.0,0.010340463269529554
38.1000000000001,0.5,18.22499999999986,-0.6245166604924179,3.7357564379744304,5.159480260807129,3.7357564379744304,-0.6245166604924179,-6.595894355902601,-6.595894355879125,0.7008632993111201,0.7165437047482545,0.7203875719524663,0.7165437047482545,0.7008632993111201,0.010345450246039502,0.0,0.0,0.0,0.010345450246039502
38.200000000000124,0.5,18.27499999999987,-0.606371498275621,3.75623876436282,5.180912989186254,3.75623876436282,-0.606371498275621,-6.579690860930953,-6.579690860907476,0.7009908375293148,0.7166783969581055,0.7205246930821305,0.7166783969581055,0.7009908375293148,0.01035023050547365,0.0,0.0,0.0,0.01035023050547365
38.300000000000146,0.5,18.324999999999882,-0.5882384643656451,3.776690480942932,5.202307625224648,3.776690480942932,-0.5882384643656451,-6.563483610029323,-6.563483610005733,0.7011177648658788,0.7168123751446009,0.7206610802243283,0.7168123751446009,0.7011177648658788,0.010354807616961129,0.0,0.0,0.0,0.010354807616961129
38.40000000000017,0.5,18.374999999999893,-0.5701174845815444,3.7971118015996126,5.223664440614698,3.7971118015996126,-0.5701174845815444,-6.547272647744535,-6.547272647720888,0.7012440858649368,0.7169456454493254,0.7207967396745918,0.7169456454493254,0.7012440858649368,0.010359185172987624,0.0,0.0,0.0,0.010359185172987624
38.50000000000019,0.5,18.424999999999905,-0.5520084852371383,3.817502938568566,5.244983704907668,3.817502938568566,-0.5520084852371383,-6.531058018288718,-6.531058018265014,0.7013698050032126,0.717078213951748,0.7209316776650361,0.717078213951748,0.7013698050032126,0.010363366789463077,0.0,0.0,0.0,0.010363366789463077
38.600000000000215,0.5,18.474999999999916,-0.5339113931525503,3.8378641024369813,5.266265685521603,3.8378641024369813,-0.5339113931525503,-6.514839765541467,-6.514839765517706,0.7014949266907038,0.717210086669953,0.7210659003651082,0.717210086669953,0.7014949266907038,0.010367356105781529,0.0,0.0,0.0,0.010367356105781529
38.70000000000024,0.5,18.524999999999928,-0.5158261355841773,3.8581955021595036,5.28751064775804,3.8581955021595036,-0.5158261355841773,-6.498617933052458,-6.498617933028697,0.7016194549982617,0.7173412695613984,0.7211994138823475,0.7173412695613984,0.7016194549982617,0.010371156195741846,0.0,0.0,0.0,0.010371156195741846
38.80000000000026,0.5,18.57499999999994,-0.4977526401671071,3.8784973450785287,5.308718854836684,3.8784973450785287,-0.4977526401671071,-6.482392564043437,-6.482392564019676,0.7017433941070492,0.7174717685236757,0.7213322242631841,0.7174717685236757,0.7017433941070492,0.010374768059381602,0.0,0.0,0.0,0.010374768059381602
38.90000000000028,0.5,18.62499999999995,-0.47969083510315613,3.898769836938243,5.329890567901543,3.898769836938243,-0.47969083510315613,-6.4661637014103235,-6.466163701386449,0.7018667482539572,0.7176015893952427,0.7214643374936517,0.7176015893952427,0.7018667482539572,0.01037819493777568,0.0,0.0,0.0,0.01037819493777568
39.000000000000306,0.5,18.67499999999996,-0.4616406490918621,3.9190131818963323,5.35102604603486,3.9190131818963323,-0.4616406490918621,-6.449931387725769,-6.449931387701781,0.7019895215552304,0.7177307379561396,0.7215957595001061,0.7177307379561396,0.7019895215552304,0.01038144097170081,0.0,0.0,0.0,0.01038144097170081
39.10000000000033,0.5,18.724999999999973,-0.443602011335372,3.939227582534329,5.372125546286782,3.939227582534329,-0.443602011335372,-6.433695665241089,-6.433695665217158,0.7021117180702099,0.7178592199286914,0.7217264961499821,0.7178592199286914,0.7021117180702099,0.010384510348809396,0.0,0.0,0.0,0.010384510348809396
39.20000000000035,0.5,18.774999999999984,-0.42557485150990715,3.9594132398758575,5.393189323687068,3.9594132398758575,-0.42557485150990715,-6.417456575889503,-6.417456575865458,0.7022333418039534,0.7179870409782192,0.7218565532524858,0.7179870409782192,0.7022333418039534,0.01038740725706243,0.0,0.0,0.0,0.01038740725706243
39.300000000000374,0.5,18.824999999999996,-0.4075590997948666,3.9795703533981737,5.41421763126408,3.9795703533981737,-0.4075590997948666,-6.401214161287271,-6.401214161263283,0.7023543967074808,0.7181142067137251,0.7219859365592987,0.7181142067137251,0.7023543967074808,0.010390135883889814,0.0,0.0,0.0,0.010390135883889814
39.4000000000004,0.5,18.875000000000007,-0.38955468683695926,3.9996991210422834,5.435210720061264,3.9996991210422834,-0.38955468683695926,-6.384968462736936,-6.384968462712948,0.7024748866780993,0.7182407226885643,0.7221146517652702,0.7182407226885643,0.7024748866780993,0.01039270041747941,0.0,0.0,0.0,0.01039270041747941
39.50000000000042,0.5,18.92500000000002,-0.3715615437681663,4.019799739229427,5.45616883915568,4.019799739229427,-0.3715615437681663,-6.368719521228854,-6.3687195212048096,0.7025948155595984,0.7183665944011227,0.7222427045090951,0.7183665944011227,0.7025948155595984,0.010395105048088125,0.0,0.0,0.0,0.010395105048088125
39.60000000000044,0.5,18.97500000000003,-0.3535796021781721,4.039872402876483,5.477092235674661,4.039872402876483,-0.3535796021781721,-6.3524673774438725,-6.352467377419828,0.7027141870462372,0.7184918272954846,0.7223701003739887,0.7184918272954846,0.7027141870462372,0.010397353889687239,0.0,0.0,0.0,0.010397353889687239
39.700000000000465,0.5,19.02500000000004,-0.3356087940242105,4.059917305408362,5.497981154815591,4.059917305408362,-0.3356087940242105,-6.336212071755085,-6.33621207173104,0.702833004596078,0.7186164267620787,0.7224968448883509,0.7186164267620787,0.702833004596078,0.010399449318738116,0.0,0.0,0.0,0.010399449318738116
39.80000000000049,0.5,19.075000000000053,-0.31764905173656643,4.079934638762381,5.518835839856422,4.079934638762381,-0.31764905173656643,-6.319953644229827,-6.319953644205782,0.7029512719833346,0.7187403981382999,0.7226229435264032,0.7187403981382999,0.7029512719833346,0.010401394456425326,0.0,0.0,0.0,0.010401394456425326
39.90000000000051,0.5,19.125000000000064,-0.2997003082444962,4.099924593411231,5.539656532176423,4.099924593411231,-0.2997003082444962,-6.303692134632286,-6.303692134608298,0.7030689928250342,0.7188637467091643,0.7227484017088405,0.7188637467091643,0.7030689928250342,0.010403193918744695,0.0,0.0,0.0,0.010403193918744695
40.00000000000053,0.5,19.175000000000075,-0.2817624969553094,4.119887358369908,5.560443471278859,4.119887358369908,-0.2817624969553094,-6.287427582425664,-6.287427582401563,0.7031861706889183,0.7189864777079198,0.7228732248034807,0.7189864777079198,0.7031861706889183,0.010404852386613308,0.0,0.0,0.0,0.010404852386613308
40.100000000000556,0.5,19.225000000000087,-0.26383555172998285,4.139823121210156,5.581196894790878,4.139823121210156,-0.26383555172998285,-6.2711600267738845,-6.271160026749726,0.7033028090998161,0.7191085963166627,0.722997418125845,0.7191085963166627,0.7033028090998161,0.010406374519848745,0.0,0.0,0.0,0.010406374519848745
40.20000000000058,0.5,19.275000000000098,-0.24591940689509784,4.159732068071378,5.601917038498527,4.159732068071378,-0.24591940689509784,-6.254889506544146,-6.2548895065198735,0.7034189115395765,0.7192301076669408,0.7231209869398201,0.7192301076669408,0.7034189115395765,0.010407764957584439,0.0,0.0,0.0,0.010407764957584439
40.3000000000006,0.5,19.32500000000011,-0.2280139972368147,4.179614383675755,5.622604136350901,4.179614383675755,-0.2280139972368147,-6.238616060309198,-6.238616060284812,0.7035344814468976,0.719351016840352,0.7232439364582355,0.719351016840352,0.7035344814468976,0.010409028320949372,0.0,0.0,0.0,0.010409028320949372
40.400000000000624,0.5,19.37500000000012,-0.21011925798268294,4.199470251331945,5.64325842047549,4.199470251331945,-0.21011925798268294,-6.222339726348821,-6.222339726324549,0.7036495221213268,0.719471328869115,0.7233662718434584,0.719471328869115,0.7036495221213268,0.010410169140538168,0.0,0.0,0.0,0.010410169140538168
40.50000000000065,0.5,19.425000000000132,-0.1922351247401366,4.219299852955999,5.663880121203533,4.219299852955999,-0.1922351247401366,-6.206060542652949,-6.206060542628677,0.7037640366633747,0.7195910487366689,0.7234879982080061,0.7195910487366689,0.7037640366633747,0.010411190639425128,0.0,0.0,0.0,0.010411190639425128
40.60000000000067,0.5,19.475000000000144,-0.17436153357590456,4.239103369080794,5.684469467074962,4.239103369080794,-0.17436153357590456,-6.189778546922241,-6.189778546897969,0.7038780284874696,0.719710181378237,0.7236091206151016,0.719710181378237,0.7038780284874696,0.010412096908879788,0.0,0.0,0.0,0.010412096908879788
40.70000000000069,0.5,19.525000000000155,-0.15649842102152434,4.258880978860702,5.705026684863981,4.258880978860702,-0.15649842102152434,-6.173493776571377,-6.173493776546934,0.7039915008608524,0.7198287316813715,0.7237296440792698,0.7198287316813715,0.7039915008608524,0.010412893001015774,0.0,0.0,0.0,0.010412893001015774
40.800000000000715,0.5,19.575000000000166,-0.13864572406424713,4.2786328600956836,5.72555199958191,4.2786328600956836,-0.13864572406424713,-6.157206268730192,-6.157206268705977,0.704104457012803,0.7199467044865402,0.7238495735668691,0.7199467044865402,0.704104457012803,0.010413583954523907,0.0,0.0,0.0,0.010413583954523907
40.90000000000074,0.5,19.625000000000178,-0.12080338013618075,4.298359189234077,5.746045634501286,4.298359189234077,-0.12080338013618075,-6.1409160602470365,-6.140916060222821,0.704216900138231,0.7200641045876517,0.7239689139966722,0.7200641045876517,0.704216900138231,0.010414174765817415,0.0,0.0,0.0,0.010414174765817415
41.00000000000076,0.5,19.67500000000019,-0.10297132711059476,4.318060141379476,5.766507811171664,4.318060141379476,-0.10297132711059476,-6.124623187689565,-6.124623187665236,0.7043288333971391,0.7201809367325798,0.7240876702404172,0.7201809367325798,0.7043288333971391,0.01041467039310048,0.0,0.0,0.0,0.01041467039310048
41.10000000000078,0.5,19.7250000000002,-0.08514950328259374,4.337735890312899,5.786938749427293,4.337735890312899,-0.08514950328259374,-6.108327687347298,-6.108327687322912,0.704440259752402,0.7202972056237266,0.7242058471233268,0.7202972056237266,0.704440259752402,0.010415075629201517,0.0,0.0,0.0,0.010415075629201517
41.200000000000806,0.5,19.77500000000021,-0.06733784735405379,4.357386608494892,5.807338667407805,4.357386608494892,-0.06733784735405379,-6.092029595233441,-6.092029595209169,0.7045511821550897,0.7204129159185179,0.7243234494246593,0.7204129159185179,0.7045511821550897,0.010415394664739936,0.0,0.0,0.0,0.010415394664739936
41.30000000000083,0.5,19.825000000000223,-0.04953629847722141,4.3770124670796235,5.827707781570268,4.3770124670796235,-0.04953629847722141,-6.075728947087214,-6.0757289470629985,0.7046616037579299,0.720528072229932,0.7244404818782275,0.720528072229932,0.7046616037579299,0.010415632629799502,0.0,0.0,0.0,0.010415632629799502
41.40000000000085,0.5,19.875000000000234,-0.031744796243287965,4.396613635930635,5.84804630670169,4.396613635930635,-0.031744796243287965,-6.059425778375555,-6.05942577835151,0.7047715276001895,0.7206426791270215,0.724556949172912,0.7206426791270215,0.7047715276001895,0.010415794868087835,0.0,0.0,0.0,0.010415794868087835
41.500000000000874,0.5,19.925000000000246,-0.013963280686482449,4.4161902836168565,5.868354455938686,4.4161902836168565,-0.013963280686482449,-6.043120124295399,-6.0431201242712405,0.7048809566930795,0.7207567411353709,0.7246728559531841,0.7207567411353709,0.7048809566930795,0.010415886658730257,0.0,0.0,0.0,0.010415886658730257
41.587500000000894,0.5,19.968750000000256,0.0015874000395115218,4.433299866879224,5.886099335099232,4.433299866879224,0.0015874000395115218,-6.028850665661196,-6.0288506656369805,0.7049763036459825,0.7208561019386539,0.7247738182066641,0.7208561019386539,0.7049763036459825,0.010415913290614814,0.0,0.0,0.0,0.010415913290614814
