time_s,current_density_Acm2,charge_Ccm2,T_cell_1_C,T_cell_2_C,T_cell_3_C,T_cell_4_C,T_cell_5_C,T_endplate_left_C,T_endplate_right_C,V_cell_1_V,V_cell_2_V,V_cell_3_V,V_cell_4_V,V_cell_5_V,ice_cell_1_max_fraction,ice_cell_2_max_fraction,ice_cell_3_max_fraction,ice_cell_4_max_fraction,ice_cell_5_max_fraction
0.0,0.17,0.0,-11.280000000000143,-11.280000000000143,-11.279999999999973,-11.280000000000143,-11.280000000000143,-11.279999999999973,-11.279999999999973,0.36870968889497774,0.36901299210460675,0.36901299210460675,0.36901299210460675,0.36870968889497774,0.0,0.0,0.0,0.0,0.0
0.09999999999999999,0.1766,0.017330000000000005,-11.248779727081057,-11.248477532993888,-11.248475783233573,-11.248477532993888,-11.248779727081057,-11.279951216264806,-11.279951216264863,0.3609638561943365,0.3612799191062549,0.3612799241296692,0.3612799191062549,0.3609638561943365,0.0,0.0,0.0,0.0,0.0
0.20000000000000004,0.1832,0.03532000000000001,-11.216701346229968,-11.215546107975456,-11.215534146802213,-11.215546107975456,-11.216701346229968,-11.27981418779774,-11.27981418779774,0.3537622210173615,0.35409264717640815,0.3540926816510349,0.35409264717640815,0.3537622210173615,0.0,0.0,0.0,0.0,0.0
0.3000000000000001,0.18980000000000002,0.05397000000000001,-11.183770035586292,-11.181212664785278,-11.181174742509484,-11.181212664785278,-11.183770035586292,-11.279586784359708,-11.279586784359594,0.34709233905750647,0.3474387446613174,0.34743885437566707,0.3474387446613174,0.34709233905750647,0.0,0.0,0.0,0.0,0.0
0.4000000000000002,0.19640000000000002,0.07328000000000003,-11.14999311244162,-11.145486293823865,-11.145399701890199,-11.145486293823865,-11.14999311244162,-11.27926690034684,-11.279266900346613,0.34094102107909424,0.3413050336493029,0.34130528508473923,0.3413050336493029,0.34094102107909424,0.0,0.0,0.0,0.0,0.0
0.5000000000000002,0.203,0.09325000000000003,-11.115379073384759,-11.108377304383168,-11.108212691249435,-11.108377304383168,-11.115379073384759,-11.278852458536505,-11.278852458536278,0.3352943965128554,0.3356776534137323,0.335678133069465,0.3356776534137323,0.3352943965128554,0.0,0.0,0.0,0.0,0.0
0.5999999999999999,0.2096,0.11388000000000002,-11.07993744077146,-11.06989709303474,-11.069618767697136,-11.06989709303474,-11.07993744077146,-11.278341413031399,-11.278341413031058,0.3301379822820329,0.33054212915302744,0.3305429428633753,0.33054212915302744,0.3301379822820329,0.0,0.0,0.0,0.0,0.0
0.6999999999999995,0.21619999999999998,0.13517,-11.043678651794153,-11.030058051570393,-11.029624275481126,-11.030058051570393,-11.043678651794153,-11.27773175185132,-11.277731751850865,0.3254567572544733,0.3258834463887323,0.32588471863307206,0.3258834463887323,0.3254567572544733,0.0,0.0,0.0,0.0,0.0
0.7999999999999992,0.22279999999999994,0.15711999999999998,-11.006613957456636,-10.988873482282486,-10.988236750407566,-10.988873482282486,-11.006613957456636,-11.277021499225498,-11.277021499225043,0.32123524030211653,0.32168612899353155,0.32168800219965465,0.32168612899353155,0.32123524030211653,0.0,0.0,0.0,0.0,0.0
0.8999999999999988,0.22939999999999994,0.17973,-10.968755326740563,-10.946357516017372,-10.945464827692774,-10.946357516017372,-10.968755326740563,-11.276208717605812,-11.276208717605186,0.31745757003012604,0.317934318908016,0.3179369527500503,0.317934318908016,0.31745757003012604,0.0,0.0,0.0,0.0,0.0
0.9999999999999984,0.2359999999999999,0.20299999999999996,-10.93011535486113,-10.902525032123663,-10.901318152271358,-10.902525032123663,-10.93011535486113,-11.275291509413023,-11.275291509412284,0.314107584551271,0.31461185591912505,0.3146154266115845,0.31461185591912505,0.314107584551271,0.0,0.0,0.0,0.0,0.0
1.099999999999998,0.24259999999999987,0.22692999999999997,-10.890707175373734,-10.857391580147805,-10.855807291446922,-10.857391580147805,-10.890707175373734,-11.274268018528232,-11.274268018527323,0.3111688999788845,0.31170235617161024,0.3117070557610472,0.31170235617161024,0.3111688999788845,0.0,0.0,0.0,0.0,0.0
1.1999999999999977,0.24919999999999987,0.2515199999999999,-10.850544376132348,-10.810973303441301,-10.808943649912294,-10.810973303441301,-10.850544376132348,-11.273136431541332,-11.273136431540252,0.30862498656999743,0.30918928834207793,0.3091953239981907,0.30918928834207793,0.30862498656999743,0.0,0.0,0.0,0.0,0.0
1.2999999999999974,0.2557999999999998,0.2767699999999999,-10.809640919160131,-10.76328686488165,-10.760739387330602,-10.76328686488165,-10.809640919160131,-11.271894978767818,-11.271894978766454,0.30645924167265015,0.30705604662778774,0.30706363993579366,0.30705604662778774,0.30645924167265015,0.0,0.0,0.0,0.0,0.0
1.399999999999997,0.2623999999999998,0.3026799999999998,-10.768011064588961,-10.714349374972187,-10.711207338720328,-10.714349374972187,-10.768011064588961,-11.270541935044605,-11.27054193504324,0.30465505882294436,0.30528601989418847,0.305295406150207,0.30528601989418847,0.30465505882294436,0.0,0.0,0.0,0.0,0.0
1.4999999999999967,0.2689999999999998,0.32924999999999977,-10.725669298745913,-10.664178322564226,-10.660360937803205,-10.664178322564226,-10.725669298745913,-11.269075620319825,-11.269075620318347,0.303195892503254,0.3038626564909813,0.30387408400229704,0.3038626564909813,0.303195892503254,0.0,0.0,0.0,0.0,0.0
1.5999999999999963,0.27559999999999973,0.35647999999999985,-10.68263026653284,-10.61279150843103,-10.60821414354757,-10.61279150843103,-10.68263026653284,-11.267494400044939,-11.267494400043347,0.3020653182156096,0.30276952438947236,0.30278325378134524,0.30276952438947236,0.3020653182156096,0.0,0.0,0.0,0.0,0.0
1.699999999999996,0.28219999999999973,0.3843699999999998,-10.63890870810792,-10.560206981869953,-10.554781370020123,-10.560206981869953,-10.63890870810792,-11.26579668538568,-11.265796685384032,0.3012470876473385,0.3019903664169082,0.30200666994763703,0.3019903664169082,0.3012470876473385,0.0,0.0,0.0,0.0,0.0
1.7999999999999956,0.2887999999999997,0.4129199999999997,-10.594519399948751,-10.506442980481268,-10.50007741970984,-10.506442980481268,-10.594519399948751,-11.263980933261848,-11.263980933260143,0.30072517881063027,0.3015091504684743,0.3015283113541563,0.3015091504684743,0.30072517881063027,0.0,0.0,0.0,0.0,0.0
1.8999999999999952,0.29539999999999966,0.4421299999999997,-10.54947710024129,-10.451517873257274,-10.444117420364762,-10.451517873257274,-10.54947710024129,-11.262045646229865,-11.262045646228273,0.3004838411268265,0.3013101146665275,0.3013324264170567,0.3013101146665275,0.3004838411268265,0.0,0.0,0.0,0.0,0.0
1.999999999999995,0.30199999999999966,0.47199999999999975,-10.503796498598547,-10.395450107021702,-10.386916765434933,-10.395450107021702,-10.503796498598547,-11.259989372220105,-11.259989372218229,0.3005076355004597,0.30137780751137905,0.3014035732788666,0.30137780751137905,0.3005076355004597,0.0,0.0,0.0,0.0,0.0
2.099999999999996,0.30859999999999976,0.5025299999999997,-10.457492170022078,-10.33825815629666,-10.32849105811556,-10.33825815629666,-10.457492170022078,-11.257810704141036,-11.257810704139047,0.30078146948981654,0.30169712312944397,0.3017266550702956,0.30169712312944397,0.30078146948981654,0.0,0.0,0.0,0.0,0.0
2.1999999999999975,0.3151999999999998,0.5337199999999998,-10.410578533005264,-10.279960476574558,-10.268856058974848,-10.279960476574558,-10.410578533005264,-11.255508279363426,-11.25550827936138,0.30129062773080395,0.30225333177487496,0.30228695042655646,0.30225333177487496,0.30129062773080395,0.0,0.0,0.0,0.0,0.0
2.299999999999999,0.3217999999999999,0.5655699999999997,-10.363069811691332,-10.220575461007854,-10.208027637152895,-10.220575461007854,-10.363069811691332,-11.253080779095455,-11.253080779093239,0.3020207978105431,0.3030321057804769,0.3030701394539032,0.3030321057804769,0.3020207978105431,0.0,0.0,0.0,0.0,0.0
2.4000000000000004,0.3284,0.5980799999999996,-10.31498000191624,-10.160121400431933,-10.146021725070966,-10.160121400431933,-10.31498000191624,-11.250526927659564,-11.25052692765729,0.30295809181793926,0.3040195411846332,0.3040623253728542,0.3040195411846332,0.30295809181793926,0.0,0.0,0.0,0.0,0.0
2.5000000000000018,0.3350000000000001,0.6312499999999998,-10.266322840997589,-10.098616446699111,-10.08285427654738,-10.098616446699111,-10.266322840997589,-11.247845491683847,-11.24784549168146,0.3040890638209369,0.3052021752833953,0.30525005208734823,0.3052021752833953,0.3040890638209369,0.0,0.0,0.0,0.0,0.0
2.600000000000003,0.34160000000000024,0.6650799999999998,-10.217111781119286,-10.036078579210766,-10.01854122825165,-10.036078579210766,-10.217111781119286,-11.24503527921587,-11.245035279213369,0.30540072353575826,0.30656700037276385,0.3066203179445815,0.30656700037276385,0.30540072353575826,0.0,0.0,0.0,0.0,0.0
2.7000000000000046,0.3482000000000003,0.6995699999999997,-10.167359966106517,-9.972525574562553,-9.953098464384027,-9.972525574562553,-10.167359966106517,-11.242095138771333,-11.242095138768775,0.30688054646309126,0.3081014739556851,0.30816058595996315,0.3081014739556851,0.30688054646309126,0.0,0.0,0.0,0.0,0.0
2.800000000000006,0.35480000000000034,0.7347199999999997,-10.117080211426185,-9.907974979172025,-9.886541784435394,-9.907974979172025,-10.117080211426185,-11.239023958325333,-11.239023958322775,0.3085164807703667,0.309793525692719,0.30985879078609524,0.309793525692719,0.3085164807703667,0.0,0.0,0.0,0.0,0.0
2.9000000000000075,0.3614000000000005,0.7705299999999998,-10.06628498723984,-9.842444084784688,-9.818886873936492,-9.842444084784688,-10.06628498723984,-11.235820664255414,-11.235820664252913,0.3102969511992068,0.31163156137525166,0.3117033427044627,0.31163156137525166,0.3102969511992068,0.0,0.0,0.0,0.0,0.0
3.000000000000009,0.36800000000000055,0.8069999999999998,-10.014986404289175,-9.775949906740266,-9.750149278024196,-9.775949906740266,-10.014986404289175,-11.23248422024568,-11.232484220243123,0.31221086027352646,0.3136044641964381,0.3136831289150853,0.3136044641964381,0.31221086027352646,0.0,0.0,0.0,0.0,0.0
3.1000000000000103,0.3746000000000007,0.8441299999999998,-9.963196202439747,-9.70850916480083,-9.680344377712913,-9.70850916480083,-9.963196202439747,-11.229013626157837,-11.229013626155222,0.3142475870768746,0.31570159358856453,0.3157875123924664,0.31570159358856453,0.3142475870768746,0.0,0.0,0.0,0.0,0.0
3.2000000000000117,0.38120000000000076,0.88192,-9.910925741705228,-9.640138266490965,-9.609487368708642,-9.640138266490965,-9.910925741705228,-11.22540791687834,-11.225407916875724,0.31639698385845727,0.3179127818859719,0.31800632856721617,0.3179127818859719,0.31639698385845727,0.0,0.0,0.0,0.0,0.0
3.300000000000013,0.3878000000000008,0.9203700000000001,-9.858185995539372,-9.570853292728543,-9.5375932426154,-9.570853292728543,-9.858185995539372,-11.221666161147596,-11.221666161144924,0.31864937071634475,0.32022832906213455,0.3203298800816749,0.32022832906213455,0.31864937071634475,0.0,0.0,0.0,0.0,0.0
3.4000000000000146,0.39440000000000097,0.9594800000000001,-9.804987546237385,-9.500669985642503,-9.464676770416872,-9.500669985642503,-9.804987546237385,-11.21778746037603,-11.217787460373358,0.320995528593745,0.3226389957767291,0.322748929855319,0.3226389957767291,0.320995528593745,0.0,0.0,0.0,0.0,0.0
3.500000000000016,0.401000000000001,0.9992500000000002,-9.751340582272405,-9.429603738447668,-9.390752488060798,-9.429603738447668,-9.751340582272405,-11.213770947455203,-11.213770947452417,0.3234266908107934,0.32513599495510603,0.3252546926824469,0.32513599495510603,0.3234266908107934,0.0,0.0,0.0,0.0,0.0
3.6000000000000174,0.4076000000000012,1.0396800000000004,-9.697254897362654,-9.35766958718375,-9.315834684015272,-9.35766958718375,-9.697254897362654,-11.209615785566712,-11.20961578556387,0.3259345333402668,0.3277109821086767,0.3278388255704165,0.3277109821086767,0.3259345333402668,0.0,0.0,0.0,0.0,0.0
3.700000000000019,0.41420000000000123,1.0807700000000005,-9.642739891151052,-9.284882204247197,-9.239937388670455,-9.284882204247197,-9.642739891151052,-11.205321166995247,-11.205321166992292,0.328511164020889,0.33035604458986334,0.3304934170121925,0.33035604458986334,0.328511164020889,0.0,0.0,0.0,0.0,0.0
3.8000000000000203,0.4208000000000013,1.1225200000000004,-9.587804571301774,-9.211255893526129,-9.1630743654286,-9.211255893526129,-9.587804571301774,-11.200886311948409,-11.20088631194534,0.3311491108875022,0.33306368996100233,0.33321097537247574,0.33306368996100233,0.3311491108875022,0.0,0.0,0.0,0.0,0.0
3.9000000000000217,0.42740000000000145,1.1649300000000007,-9.532457556907161,-9.136804587061874,-9.085259103365502,-9.136804587061874,-9.532457556907161,-11.196310467388628,-11.196310467385445,0.3338413097826524,0.33582683364180343,0.3359844165520935,0.33582683364180343,0.3338413097826524,0.0,0.0,0.0,0.0,0.0
4.000000000000023,0.4340000000000015,1.2080000000000009,-9.476707083004612,-9.061541843046655,-9.006504811351874,-9.061541843046655,-9.476707083004612,-11.19159290587919,-11.191592905876064,0.33658109140017334,0.3386387859860518,0.33880705108107806,0.3386387859860518,0.33658109140017334,0.0,0.0,0.0,0.0,0.0
4.1000000000000245,0.44060000000000166,1.251730000000001,-9.4205610061328,-8.985480845104803,-8.926824413482564,-8.985480845104803,-9.4205610061328,-11.186732924448677,-11.18673292444538,0.3393621678971913,0.3414932389240665,0.34167257077723323,0.3414932389240665,0.3393621678971913,0.0,0.0,0.0,0.0,0.0
4.200000000000026,0.4472000000000017,1.2961200000000013,-9.364026810761345,-8.908634402695327,-8.846230545742117,-8.908634402695327,-9.364026810761345,-11.181729843473704,-11.18172984347035,0.3421786191979838,0.3443842522944623,0.3445750350934304,0.3443842522944623,0.3421786191979838,0.0,0.0,0.0,0.0,0.0
4.300000000000027,0.45380000000000176,1.3411700000000015,-9.307111616497536,-8.831014952559087,-8.764735553757703,-8.831014952559087,-9.307111616497536,-11.176583005586565,-11.176583005583154,0.3450248791002521,0.34730623997586363,0.3475088572645157,0.34730623997586363,0.3450248791002521,0.0,0.0,0.0,0.0,0.0
4.400000000000029,0.4604000000000019,1.3868800000000017,-9.249822185958806,-8.752634561091327,-8.682351491556744,-8.752634561091327,-9.249822185958806,-11.171291774605493,-11.171291774601968,0.3478957212824495,0.3502539559173592,0.3504687903524651,0.3502539559173592,0.3478957212824495,0.0,0.0,0.0,0.0,0.0
4.50000000000003,0.46700000000000197,1.4332500000000017,-9.192164933187598,-8.673504927542126,-8.599090121248082,-8.673504927542126,-9.192164933187598,-11.16585553449113,-11.165855534487605,0.3507862452995425,0.35322248015511687,0.35344991327718506,0.35322248015511687,0.3507862452995425,0.0,0.0,0.0,0.0,0.0
4.600000000000032,0.47360000000000213,1.480280000000002,-9.134145932565787,-8.593637387961678,-8.514962913508555,-8.593637387961678,-9.134145932565787,-11.16027368833079,-11.160273688327152,0.3536918626438118,0.35620720489202445,0.3564476169098992,0.35620720489202445,0.3536918626438118,0.0,0.0,0.0,0.0,0.0
4.700000000000033,0.4802000000000022,1.5279700000000023,-9.075770928085376,-8.513042919796987,-8.429981048809736,-8.513042919796987,-9.075770928085376,-11.154545657350297,-11.154545657346603,0.35660828293779673,0.3592038207074081,0.3594575902961157,0.3592038207074081,0.35660828293779673,0.0,0.0,0.0,0.0,0.0
4.8000000000000345,0.48680000000000223,1.5763200000000024,-9.017045342940548,-8.431732147086791,-8.344155419299739,-8.431732147086791,-9.017045342940548,-11.148670879955887,-11.148670879952078,0.3595315003171114,0.3622083029547319,0.3624758070661512,0.3622083029547319,0.3595315003171114,0.0,0.0,0.0,0.0,0.0
4.900000000000036,0.4934000000000024,1.6253300000000026,-8.957974289348044,-8.349715346119012,-8.257496631246227,-8.349715346119012,-8.957974289348044,-11.142648810805213,-11.14264881080129,0.3624577800526829,0.36521689839705856,0.3654985120828922,0.36521689839705856,0.3624577800526829,0.0,0.0,0.0,0.0,0.0
5.000000000000037,0.5,1.675000000000003,-8.898562578536826,-8.267002451567294,-8.170015008032976,-8.267002451567294,-8.898562578536826,-11.136478919909337,-11.136478919905244,0.36538364545425395,0.3682261121219875,0.3685222083685695,0.3682261121219875,0.36538364545425395,0.0,0.0,0.0,0.0,0.0
5.100000000000039,0.5,1.7250000000000036,-8.839599147824117,-8.184390799802657,-8.082508148422846,-8.184390799802657,-8.839599147824117,-11.130161565855758,-11.130161565851552,0.37295097958946055,0.3758599067808742,0.376170001679486,0.3758599067808742,0.37295097958946055,0.0,0.0,0.0,0.0,0.0
5.20000000000004,0.5,1.7750000000000044,-8.781835210245788,-8.102657832052046,-7.995753977774598,-8.102657832052046,-8.781835210245788,-11.12369997225693,-11.12369997225261,0.3802399363575986,0.3832161066592854,0.383540529140828,0.3832161066592854,0.3802399363575986,0.0,0.0,0.0,0.0,0.0
5.300000000000042,0.5,1.825000000000005,-8.725220732352568,-8.021784070117576,-7.909734081066404,-8.021784070117576,-8.725220732352568,-11.117097820787592,-11.117097820783215,0.38726507603617294,0.390309183460012,0.39064825915795115,0.390309183460012,0.38726507603617294,0.0,0.0,0.0,0.0,0.0
5.400000000000043,0.5,1.8750000000000058,-8.669708204490291,-7.941750789796004,-7.824431163244469,-7.941750789796004,-8.669708204490291,-11.110358647001078,-11.110358646996474,0.39403999049589394,0.39715264657448957,0.39750669678005995,0.39715264657448957,0.39403999049589394,0.0,0.0,0.0,0.0,0.0
5.500000000000044,0.5,1.9250000000000065,-8.615252479515561,-7.862539960033473,-7.739828949265245,-7.862539960033473,-8.615252479515561,-11.103485847523928,-11.10348584751921,0.40057738062894666,0.40375912006401193,0.40412846080801146,0.40375912006401193,0.40057738062894666,0.0,0.0,0.0,0.0,0.0
5.600000000000046,0.5,1.9750000000000072,-8.561810634110259,-7.784134198594302,-7.6559121036085,-7.784134198594302,-8.561810634110259,-11.096482686823606,-11.096482686818831,0.40688912652676157,0.41014041243089816,0.4105253536804062,0.41014041243089816,0.40688912652676157,0.0,0.0,0.0,0.0,0.0
5.700000000000047,0.5,2.025000000000008,-8.509341840913407,-7.7065167329260476,-7.572666157764729,-7.7065167329260476,-8.509341840913407,-11.089352303587134,-11.089352303582302,0.4129863512366332,0.41630758000243784,0.41670842496180044,0.41630758000243784,0.4129863512366332,0.0,0.0,0.0,0.0,0.0
5.800000000000049,0.5,2.0750000000000086,-8.457807249659254,-7.629671364764363,-7.49007744408442,-7.629671364764363,-8.457807249659254,-11.08209771673961,-11.08209771673478,0.4188794787698953,0.4222709845967154,0.4226880291030149,0.4222709845967154,0.4188794787698953,0.0,0.0,0.0,0.0,0.0
5.90000000000005,0.5,2.1250000000000093,-8.407169876381715,-7.553582437918919,-7.4081330351786505,-7.553582437918919,-8.407169876381715,-11.074721831126226,-11.074721831121337,0.42457828694921335,0.4280403460548702,0.42847387805920323,0.4280403460548702,0.42457828694921335,0.0,0.0,0.0,0.0,0.0
6.0000000000000515,0.5,2.17500000000001,-8.357394499949919,-7.478234808790319,-7.326820688337818,-7.478234808790319,-8.357394499949919,-11.067227442881062,-11.067227442876003,0.43009195561522134,0.4336247901575697,0.43407508928402205,0.4336247901575697,0.43009195561522134,0.0,0.0,0.0,0.0,0.0
6.100000000000053,0.5,2.2250000000000107,-8.308447565343045,-7.403613819315979,-7.246128794429183,-7.403613819315979,-8.308447565343045,-11.05961724450259,-11.059617244497474,0.4354291106543579,0.4390328923853017,0.4395002295604504,0.4390328923853017,0.4354291106543579,0.0,0.0,0.0,0.0,0.0
6.200000000000054,0.5,2.2750000000000115,-8.260297093076133,-7.329705272062483,-7.166046330920096,-7.329705272062483,-8.260297093076133,-11.05189382965466,-11.051893829649373,0.4405978642588863,0.4442727179313112,0.4447573550775218,0.4442727179313112,0.4405978642588863,0.0,0.0,0.0,0.0,0.0
6.300000000000056,0.5,2.325000000000012,-8.212912594390957,-7.256495407262207,-7.086562818620166,-7.256495407262207,-8.212912594390957,-11.044059697709997,-11.044059697704654,0.4456058517846964,0.449351858331163,0.4498540481177443,0.449351858331163,0.4456058517846964,0.0,0.0,0.0,0.0,0.0
6.400000000000057,0.5,2.375000000000013,-8.166264991680634,-7.183970881565415,-7.007668281846122,-7.183970881565415,-8.166264991680634,-11.03611725805257,-11.036117258047057,0.4504602655335052,0.4542774650336928,0.45479745068031774,0.4542774650336928,0.4504602655335052,0.0,0.0,0.0,0.0,0.0
6.500000000000059,0.5,2.4250000000000136,-8.120326543843873,-7.1121187483774975,-6.929353211712339,-7.1121187483774975,-8.120326543843873,-11.028068834153771,-11.028068834148144,0.455167885750623,0.45905628020317285,0.45959429533060436,0.45905628020317285,0.455167885750623,0.0,0.0,0.0,0.0,0.0
6.60000000000006,0.5,2.4750000000000143,-8.075070776155314,-7.040926439588304,-6.851608532299167,-7.040926439588304,-8.075070776155314,-11.019916667435268,-11.01991666742964,0.4597351090990999,0.46369466501212275,0.46425093353554703,0.46369466501212275,0.4597351090990999,0.0,0.0,0.0,0.0,0.0
6.7000000000000615,0.5,2.525000000000015,-8.030472414383837,-6.970381748584828,-6.7744255694278195,-6.970381748584828,-8.030472414383837,-11.011662920932451,-11.01166292092688,0.46416797484350064,0.4681986256568964,0.4687733617177513,0.4681986256568964,0.46416797484350064,0.0,0.0,0.0,0.0,0.0
6.800000000000063,0.5,2.5750000000000157,-7.986507322807881,-6.900472814452712,-6.697796021872989,-6.900472814452712,-7.986507322807881,-11.003309682770123,-11.003309682764495,0.46847218895279097,0.4725738373042255,0.4731672452366964,0.4725738373042255,0.46847218895279097,0.0,0.0,0.0,0.0,0.0
6.900000000000064,0.5,2.6250000000000164,-7.943152445912915,-6.831188107189462,-6.621711934779853,-6.831188107189462,-7.943152445912915,-10.994858969459642,-10.994858969453787,0.47265314631014377,0.4768256661559059,0.47743794048449817,0.4768256661559059,0.47265314631014377,0.0,0.0,0.0,0.0,0.0
7.000000000000066,0.5,2.675000000000017,-7.900385753472278,-6.762516413920025,-6.546165675143698,-6.762516413920025,-7.900385753472278,-10.98631272903134,-10.986312729025371,0.47671595119880766,0.48095918979950003,0.48159051526453334,0.48095918979950003,0.47671595119880766,0.0,0.0,0.0,0.0,0.0
7.100000000000067,0.5,2.725000000000018,-7.858186188815125,-6.694446825956788,-6.471149909146732,-6.694446825956788,-7.858186188815125,-10.977672844008339,-10.97767284400237,0.48066543621610774,0.48497921599662913,0.4856297676046889,0.48497921599662913,0.48066543621610774,0.0,0.0,0.0,0.0,0.0
7.200000000000069,0.5,2.7750000000000186,-7.816533618709514,-6.626968726686869,-6.396657581232716,-6.626968726686869,-7.816533618709514,-10.968941134232466,-10.968941134226498,0.48450617847357647,0.4888903000450916,0.4895602431418109,0.4888903000450916,0.48450617847357647,3.6380784102963926e-08,0.0,0.0,0.0,3.6380784102963926e-08
7.30000000000007,0.5,2.8250000000000193,-7.775408772764479,-6.560071780048418,-6.322681894792993,-6.560071780048418,-7.775408772764479,-10.960119359525777,-10.960119359519638,0.48824250543630876,0.49269676083844577,0.49338625120067753,0.49269676083844577,0.48824250543630876,4.7742130669624e-07,0.0,0.0,0.0,4.7742130669624e-07
7.400000000000071,0.5,2.87500000000002,-7.734793207558823,-6.4937459196123655,-6.249216294286498,-6.4937459196123655,-7.734793207558823,-10.95120922220434,-10.951209222197974,0.49187851768801033,0.4964026957340431,0.497111879679107,0.4964026957340431,0.49187851768801033,1.5045571225822708e-06,0.0,0.0,0.0,1.5045571225822708e-06
7.500000000000073,0.5,2.9250000000000207,-7.694669275718525,-6.42798133847424,-6.176254448735733,-6.42798133847424,-7.694669275718525,-10.94221236950591,-10.94221236949943,0.4954181081746027,0.5000119943294139,0.500741008839851,0.5000119943294139,0.4954181081746027,3.1750939149841456e-06,0.0,0.0,0.0,3.1750939149841456e-06
7.600000000000074,0.5,2.9750000000000214,-7.655020086871389,-6.362768479746478,-6.103790236465329,-6.362768479746478,-7.655020086871389,-10.93313039590663,-10.93313039589998,0.49886497475647007,0.5035283512385907,0.5042773241006704,0.5035283512385907,0.49886497475647007,5.576505479366848e-06,0.0,0.0,0.0,5.576505479366848e-06
7.700000000000076,0.5,3.025000000000022,-7.615829470480037,-6.298098027565061,-6.031817730988848,-6.298098027565061,-7.615829470480037,-10.923964845325258,-10.923964845318494,0.502222631573061,0.5069552779511239,0.507724327905377,0.5069552779511239,0.502222631573061,8.700799403595653e-06,0.0,0.0,0.0,8.700799403595653e-06
7.800000000000077,0.5,3.075000000000023,-7.577081941769848,-6.233960898586133,-5.960331187973225,-6.233960898586133,-7.577081941769848,-10.914717213221536,-10.914717213214715,0.5054944206813063,0.5102961138487269,0.5110853507509178,0.5102961138487269,0.5054944206813063,1.2626523459145103e-05,0.0,0.0,0.0,1.2626523459145103e-05
7.9000000000000785,0.5,3.1250000000000235,-7.538762668042239,-6.170348233895368,-5.889325033180683,-6.170348233895368,-7.538762668042239,-10.905388948595714,-10.90538894858878,0.5086835214644112,0.5135540364478147,0.5143635614388457,0.5135540364478147,0.5086835214644112,1.73253781410649e-05,0.0,0.0,0.0,1.73253781410649e-05
8.00000000000008,0.5,3.1750000000000242,-7.500857438391051,-6.107251391355533,-5.818793851322766,-6.107251391355533,-7.500857438391051,-10.895981455891615,-10.895981455884794,0.5117929609742805,0.516732070929729,0.5175619766132306,0.516732070929729,0.5117929609742805,2.285677003166615e-05,0.0,0.0,0.0,2.285677003166615e-05
8.100000000000074,0.5,3.225000000000025,-7.4633526340792855,-6.04466193832485,-5.748732375744851,-6.04466193832485,-7.4633526340792855,-10.88649609681346,-10.886496096806525,0.5148256222935972,0.5198330990151893,0.520683469641595,0.5198330990151893,0.5148256222935972,2.9219036052375284e-05,0.0,0.0,0.0,2.9219036052375284e-05
8.200000000000069,0.5,3.2750000000000257,-7.426235200103861,-5.982571644713005,-5.679135478898218,-5.982571644713005,-7.426235200103861,-10.876934192053966,-10.87693419204686,0.5177842527756512,0.5228598672344005,0.5237307788903446,0.5228598672344005,0.5177842527756512,3.640619029764282e-05,0.0,0.0,0.0,3.640619029764282e-05
8.300000000000063,0.5,3.3250000000000264,-7.389492620264605,-5.920972476379461,-5.609998163518696,-5.920972476379461,-7.389492620264605,-10.867297022945365,-10.86729702293826,0.5206714725411731,0.5258149946396573,0.526706515441758,0.5258149946396573,0.5206714725411731,4.447152903472034e-05,0.0,0.0,0.0,4.447152903472034e-05
8.400000000000057,0.5,3.375000000000027,-7.3531128906521985,-5.859856588834816,-5.541315554487539,-5.859856588834816,-7.3531128906521985,-10.857585833034307,-10.857585833027144,0.5234897805296824,0.5287009800033144,0.529613170295385,0.5287009800033144,0.5234897805296824,5.3384514956333315e-05,0.0,0.0,0.0,5.3384514956333315e-05
8.500000000000052,0.5,3.425000000000028,-7.3170844964963635,-5.799216321218182,-5.473082891271588,-5.799216321218182,-7.3170844964963635,-10.847801829581101,-10.847801829573655,0.5262415619905679,0.5315202085403019,0.5324531210932393,0.5315202085403019,0.5262415619905679,6.314785877485827e-05,0.0,0.0,0.0,6.314785877485827e-05
8.600000000000046,0.5,3.4750000000000285,-7.28139639064932,-5.739044190548043,-5.405295520962966,-5.739044190548043,-7.28139639064932,-10.837946184994792,-10.837946184987231,0.5289290951420184,0.5342749581909562,0.5352286384044808,0.5342749581909562,0.5289290951420184,7.380213887015748e-05,0.0,0.0,0.0,7.380213887015748e-05
8.70000000000004,0.5,3.525000000000029,-7.246037970896964,-5.679332886221005,-5.337948891823544,-5.679332886221005,-7.246037970896964,-10.828020038202737,-10.82802003819512,0.5315545560029367,0.536967405496988,0.537941891602615,0.536967405496988,0.5315545560029367,8.533082025110374e-05,0.0,0.0,0.0,8.533082025110374e-05
8.800000000000034,0.5,3.57500000000003,-7.2109990597869,-5.62007526473252,-5.271038547327464,-5.62007526473252,-7.2109990597869,-10.818024495954205,-10.818024495946531,0.534120024425242,0.5395996311006672,0.540594954365231,0.5395996311006672,0.534120024425242,9.770996121984184e-05,0.0,0.0,0.0,9.770996121984184e-05
8.900000000000029,0.5,3.6250000000000306,-7.1762698866753,-5.561264344619474,-5.204560120638519,-5.561264344619474,-7.1762698866753,-10.807960634070014,-10.807960634062283,0.5366274897998056,0.5421736248947672,0.5431898098239868,0.5421736248947672,0.5366274897998056,0.00011096811615837804,0.0,0.0,0.0,0.00011096811615837804
9.000000000000023,0.5,3.6750000000000314,-7.141841069011036,-5.502893301626614,-5.138509329507997,-5.502893301626614,-7.141841069011036,-10.797829498636418,-10.797829498628687,0.539078855527433,0.5446912908485193,0.5457283553901527,0.5446912908485193,0.539078855527433,0.0001251254424596846,0.0,0.0,0.0,0.0001251254424596846
9.100000000000017,0.5,3.725000000000032,-7.10770359347697,-5.4449554640377755,-5.072881971570553,-5.4449554640377755,-7.10770359347697,-10.787632107143338,-10.787632107135607,0.541475942612583,0.5471544515329859,0.5482124072789907,0.5471544515329859,0.541475942612583,0.00014014049412356208,0.0,0.0,0.0,0.00014014049412356208
9.200000000000012,0.5,3.7750000000000328,-7.073848801056499,-5.387444308197132,-5.007673919967488,-5.387444308197132,-7.073848801056499,-10.777369449572063,-10.777369449564333,0.5438204952411261,0.5495648523671184,0.55064370475453,0.5495648523671184,0.5438204952411261,0.0001560097492391725,0.0,0.0,0.0,0.0001560097492391725
9.300000000000006,0.5,3.8250000000000335,-7.040268371582613,-5.3303534542132525,-4.942881119316439,-5.3303534542132525,-7.040268371582613,-10.767042489438495,-10.767042489430708,0.5461141846283526,0.551924165604178,0.5530239141143163,0.551924165604178,0.5461141846283526,0.00017275305895453878,0.0,0.0,0.0,0.00017275305895453878
9.4,0.5,3.875000000000034,-7.00695430849953,-5.273676661824084,-4.878499581991093,-5.273676661824084,-7.00695430849953,-10.756652164790466,-10.756652164782679,0.5483586125475852,0.5542339940766825,0.5553546324323511,0.5542339940766825,0.5483586125475852,0.00019038505259951692,0.0,0.0,0.0,0.00019038505259951692
9.499999999999995,0.5,3.925000000000035,-6.973898923214676,-5.217407826403587,-4.814525384662659,-5.217407826403587,-6.973898923214676,-10.746199389158619,-10.746199389150831,0.5505553138799575,0.5564958747166141,0.5576373910770243,0.5564958747166141,0.5505553138799575,0.00020887069753744848,0.0,0.0,0.0,0.00020887069753744848
9.599999999999989,0.5,3.9750000000000356,-6.941094823017181,-5.16154097510514,-4.750954665117206,-5.16154097510514,-6.941094823017181,-10.735685052466295,-10.73568505245845,0.5527057612756797,0.5587112818662905,0.5598736590193888,0.5587112818662905,0.5527057612756797,0.0002281934043618134,0.0,0.0,0.0,0.0002281934043618134
9.699999999999983,0.5,4.025000000000034,-6.9085348985816495,-5.106070263172512,-4.6877836193056055,-5.106070263172512,-6.9085348985816495,-10.725110021903163,-10.725110021895318,0.5548113681316356,0.5608816303940216,0.5620648459461055,0.5608816303940216,0.5548113681316356,0.00024836528256720017,0.0,0.0,0.0,0.00024836528256720017
9.799999999999978,0.5,4.075000000000031,-6.876212311493077,-5.0509899703643555,-4.625008498622549,-5.0509899703643555,-6.876212311493077,-10.714475142761614,-10.7144751427536,0.5568734914697169,0.5630082786278202,0.5642123051901801,0.5630082786278202,0.5568734914697169,0.00026939797997760855,0.0,0.0,0.0,0.00026939797997760855
9.899999999999972,0.5,4.125000000000028,-6.84412048200511,-4.9962944975164305,-4.562625607379118,-4.9962944975164305,-6.84412048200511,-10.703781239235354,-10.703781239227396,0.5588934341056759,0.5650925311192377,0.5663173364917287,0.5650925311192377,0.5588934341056759,0.0002912904873852361,0.0,0.0,0.0,0.0002912904873852361
9.999999999999966,0.5,4.175000000000026,-6.812253077015782,-4.941978363189435,-4.500631300485281,-4.941978363189435,-6.812253077015782,-10.693029115183151,-10.693029115175136,0.5608724470697655,0.5671356412486964,0.5683811885999368,0.5671356412486964,0.5608724470697655,0.0003140018121153289,0.0,0.0,0.0,0.0003140018121153289
10.09999999999996,0.5,4.225000000000023,-6.780604001388781,-4.888036200450131,-4.439021981286089,-4.888036200450131,-6.780604001388781,-10.682219554860637,-10.682219554852452,0.5628117332396022,0.5691388136825581,0.5704050617267667,0.5691388136825581,0.5628117332396022,0.00033752571255254456,0.0,0.0,0.0,0.00033752571255254456
10.199999999999955,0.5,4.27500000000002,-6.749167387494083,-4.834462753782134,-4.37779409958307,-4.834462753782134,-6.749167387494083,-10.67135332362409,-10.671353323615904,0.5647124492533482,0.5711032066915853,0.5723901098619351,0.5711032066915853,0.5647124492533482,0.0003618689050070736,0.0,0.0,0.0,0.0003618689050070736
10.29999999999995,0.5,4.325000000000017,-6.7179375854908585,-4.781252876072585,-4.316944149784376,-4.781252876072585,-6.7179375854908585,-10.660431168604703,-10.660431168596517,0.5665757077043699,0.5730299343398545,0.5743374429582496,0.5730299343398545,0.5665757077043699,0.00038703738022399347,0.0,0.0,0.0,0.00038703738022399347
10.399999999999944,0.5,4.375000000000014,-6.686909153903969,-4.728401525709899,-4.256468669202377,-4.728401525709899,-6.686909153903969,-10.64945381935297,-10.649453819344615,0.5684025789221726,0.5749200685523048,0.5762481289955168,0.5749200685523048,0.5684025789221726,0.000413033220790434,0.0,0.0,0.0,0.000413033220790434
10.499999999999938,0.5,4.425000000000011,-6.656076849568649,-4.675903763761539,-4.1963642364900124,-4.675903763761539,-6.656076849568649,-10.638421988454354,-10.638421988445828,0.5701940921530274,0.5767746410686871,0.5781231959307316,0.5767746410686871,0.5701940921530274,0.00043982432569617826,0.0,0.0,0.0,0.00043982432569617826
10.599999999999932,0.5,4.4750000000000085,-6.62543562098233,-4.623754751245997,-4.136627470184806,-4.623754751245997,-6.62543562098233,-10.627336372120737,-10.627336372112154,0.5719512388892081,0.5785946452910147,0.579963633541759,0.5785946452910147,0.5719512388892081,0.00046738900787501956,0.0,0.0,0.0,0.00046738900787501956
10.699999999999926,0.5,4.525000000000006,-6.5949806004057905,-4.571949746500081,-4.07725502735434,-4.571949746500081,-6.5949806004057905,-10.61619765075966,-10.616197650751019,0.5736749742376961,0.580381038031139,0.5817703951711692,0.580381038031139,0.5736749742376961,0.0004957279970258449,0.0,0.0,0.0,0.0004957279970258449
10.79999999999992,0.5,4.575000000000003,-6.564707096005634,-4.520484102639102,-4.018243602359064,-4.520484102639102,-6.564707096005634,-10.605006489519837,-10.605006489511254,0.5753662185303119,0.5821347411646247,0.5835443993763303,0.5821347411646247,0.5753662185303119,0.0005248433956738722,0.0,0.0,0.0,0.0005248433956738722
10.899999999999915,0.5,4.625,-6.534610584587028,-4.469353265075256,-3.9595899256996745,-4.469353265075256,-6.534610584587028,-10.593763538814414,-10.59376353880566,0.5770258588815698,0.5838566431967618,0.5852865314915922,0.5838566431967618,0.5770258588815698,0.0005547364077847879,0.0,0.0,0.0,0.0005547364077847879
10.99999999999991,0.5,4.674999999999997,-6.504686704451501,-4.418552769136909,-3.901290762955796,-4.418552769136909,-6.504686704451501,-10.582469434822144,-10.58246943481322,0.5786547504171267,0.5855476007459363,0.5869976451078907,0.5855476007459363,0.5786547504171267,0.0005854058414573488,0.0,0.0,0.0,0.0005854058414573488
11.099999999999904,0.5,4.724999999999994,-6.474931247496443,-4.368078237725058,-3.843342913795084,-4.368078237725058,-6.474931247496443,-10.571124799966412,-10.571124799957431,0.5802537168952929,0.5872084399495163,0.5886785634747908,0.5872084399495163,0.5802537168952929,0.0006168240427760731,0.0,0.0,0.0,0.0006168240427760731
11.199999999999898,0.5,4.7749999999999915,-6.445340154524388,-4.317925379059147,-3.7857432110624814,-4.317925379059147,-6.445340154524388,-10.559730243375611,-10.559730243366573,0.5818235535363474,0.5888399577967421,0.5903300808295955,0.5888399577967421,0.5818235535363474,0.0006489658634281277,0.0,0.0,0.0,0.0006489658634281277
11.299999999999892,0.5,4.824999999999989,-6.41590950930555,-4.268089984500193,-3.7284885199304654,-4.268089984500193,-6.41590950930555,-10.54828636132737,-10.548286361318105,0.5833650278911062,0.5904429233929922,0.5919529636578829,0.5904429233929922,0.5833650278911062,0.0006818273346732957,0.0,0.0,0.0,0.0006818273346732957
11.399999999999887,0.5,4.874999999999986,-6.38663553254122,-4.218567926436322,-3.6715757371246127,-4.218567926436322,-6.38663553254122,-10.5367937376746,-10.53679373766522,0.5848788809810395,0.5920180791594899,0.5935479518894847,0.5920180791594899,0.5848788809810395,0.0007154070574403441,0.0,0.0,0.0,0.0007154070574403441
11.499999999999881,0.5,4.924999999999983,-6.357514576313804,-4.169355156247036,-3.6150017901809974,-4.169355156247036,-6.357514576313804,-10.52525294425459,-10.525252944245267,0.5863658284281971,0.5935661419721902,0.5951157600337798,0.5935661419721902,0.5863658284281971,0.00074970318082666,0.0,0.0,0.0,0.00074970318082666
11.599999999999875,0.5,4.97499999999998,-6.328543118794528,-4.120447702282604,-3.5587636367837376,-4.120447702282604,-6.328543118794528,-10.513664541281685,-10.513664541272306,0.5878265615297465,0.5950878042435368,0.5966570782577028,0.5950878042435368,0.5878265615297465,0.0007847131399071462,0.0,0.0,0.0,0.0007847131399071462
11.69999999999987,0.5,5.024999999999977,-6.299717758978204,-4.0718416679618485,-3.5028582641391495,-4.0718416679618485,-6.299717758978204,-10.502029077724103,-10.50202907771461,0.5892617480078938,0.5965837349500989,0.5981725734098722,0.5965837349500989,0.5892617480078938,0.0008204325427450445,0.0,0.0,0.0,0.0008204325427450445
11.799999999999864,0.5,5.074999999999974,-6.271035210698926,-4.023533229870623,-3.4472826883838934,-4.023533229870623,-6.271035210698926,-10.490347091663637,-10.4903470916542,0.5906720323091882,0.5980545806094922,0.5996628899939254,0.5980545806094922,0.5906720323091882,0.0008568361848139538,0.0,0.0,0.0,0.0008568361848139538
11.899999999999858,0.5,5.124999999999972,-6.242492299612991,-3.975518635932133,-3.3920339540533178,-3.975518635932133,-6.242492299612991,-10.478619110642285,-10.478619110632678,0.5920580379880699,0.5995009662092682,0.6011286510938658,0.5995009662092682,0.5920580379880699,0.0008938989606255343,0.0,0.0,0.0,0.0008938989606255343
11.999999999999853,0.5,5.174999999999969,-6.214085958831902,-3.9277942036572995,-3.337109133569527,-3.9277942036572995,-6.214085958831902,-10.466845651997858,-10.466845651988251,0.5934203681510266,0.6009234960904466,0.602570459254234,0.6009234960904466,0.5934203681510266,0.0009316135220142523,0.0,0.0,0.0,0.0009316135220142523
12.099999999999847,0.5,5.224999999999966,-6.185813224431968,-3.8803563184217182,-3.2825053267711155,-3.8803563184217182,-6.185813224431968,-10.455027223185937,-10.455027223176216,0.5947596062421255,0.6023227547883625,0.6039888973175651,0.6023227547883625,0.5947596062421255,0.000969975613244388,0.0,0.0,0.0,0.000969975613244388
12.199999999999841,0.5,5.274999999999963,-6.1576712313841995,-3.8332014318058896,-3.2282196604788282,-3.8332014318058896,-6.1576712313841995,-10.44316432208899,-10.44316432207927,0.5960763168330694,0.6036993078331018,0.6053845292215121,0.6036993078331018,0.5960763168330694,0.0010089809036692423,0.0,0.0,0.0,0.0010089809036692423
12.299999999999836,0.5,5.32499999999996,-6.129657209673269,-3.7863260599761475,-3.174249288089129,-3.7863260599761475,-6.129657209673269,-10.431257437313718,-10.431257437303884,0.597371046378724,0.6050537025117927,0.6067579007578793,0.6050537025117927,0.597371046378724,0.0010486245944949185,0.0,0.0,0.0,0.0010486245944949185
12.39999999999983,0.5,5.374999999999957,-6.101768480573696,-3.7397267821117453,-3.120591389171352,-3.7397267821117453,-6.101768480573696,-10.419307048476753,-10.419307048466806,0.5986443239373029,0.606386468594842,0.6081095402957151,0.606386468594842,0.5986443239373029,0.0010889013943255778,0.0,0.0,0.0,0.0010889013943255778
12.499999999999824,0.5,5.4249999999999545,-6.074002453059279,-3.693400238882191,-3.0672431691316433,-3.693400238882191,-6.074002453059279,-10.407313626479436,-10.407313626469374,0.5998966617689928,0.6076981190280293,0.609439959470239,0.6076981190280293,0.5998966617689928,0.00112980532247255,0.0,0.0,0.0,0.00112980532247255
12.599999999999818,0.5,5.474999999999952,-6.046356620361109,-3.6473431309598254,-3.014201858854392,-3.6473431309598254,-6.046356620361109,-10.395277633772025,-10.395277633761907,0.6011285560166182,0.6089891505923647,0.6107496538396817,0.6089891505923647,0.6011285560166182,0.0011713174282982472,0.0,0.0,0.0,0.0011713174282982472
12.699999999999813,0.5,5.524999999999949,-6.018828557932181,-3.6015522175986234,-2.9614647144000514,-3.6015522175986234,-6.018828557932181,-10.383199524609665,-10.383199524599547,0.6023404884295314,0.6102600445333266,0.6120391035115521,0.6102600445333266,0.6023404884295314,0.0012134081884697205,0.0,0.0,0.0,0.0012134081884697205
12.799999999999807,0.5,5.574999999999946,-5.991415919587439,-3.5560243152264093,-2.909029016692614,-3.5560243152264093,-5.991415919587439,-10.37107974529971,-10.371079745289592,0.6035329259947897,0.611511267161254,0.613308773740117,0.611511267161254,0.6035329259947897,0.0012560624810165411,0.0,0.0,0.0,0.0012560624810165411
12.899999999999801,0.5,5.624999999999943,-5.964116434095217,-3.5107562960989185,-2.8568920712427825,-3.5107562960989185,-5.964116434095217,-10.358918734437566,-10.358918734427391,0.6047063213854881,0.6127432704242806,0.6145591154965083,0.6127432704242806,0.6047063213854881,0.001299269827282146,0.0,0.0,0.0,0.001299269827282146
12.999999999999796,0.5,5.67499999999994,-5.936927902271975,-3.4657450869732997,-2.805051207883537,-3.4657450869732997,-5.936927902271975,-10.346716923133158,-10.346716923122926,0.6058611134939251,0.6139564924553533,0.6157905660129378,0.6139564924553533,0.6058611134939251,0.0013430203959050053,0.0,0.0,0.0,0.0013430203959050053
13.09999999999979,0.5,5.7249999999999375,-5.909848194211804,-3.420987667817087,-2.753503780506776,-3.420987667817087,-5.909848194211804,-10.33447473522915,-10.334474735218805,0.606997727949818,0.615151358094652,0.6170035493024035,0.615151358094652,0.606997727949818,0.0013873043402686709,0.0,0.0,0.0,0.0013873043402686709
13.199999999999784,0.5,5.774999999999935,-5.88287524666265,-3.3764810705676496,-2.7022471668272487,-3.3764810705676496,-5.88287524666265,-10.32219258751087,-10.32219258750041,0.6081165776168515,0.6163282793886223,0.6181984766550804,0.6163282793886223,0.6081165776168515,0.0014321117016100728,0.0,0.0,0.0,0.0014321117016100728
13.299999999999779,0.5,5.824999999999932,-5.856007060486377,-3.33222237790568,-2.651278768149666,-3.33222237790568,-5.856007060486377,-10.30987088990878,-10.30987088989815,0.609218063067509,0.6174876560669258,0.6193757471126639,0.6174876560669258,0.609218063067509,0.0014774324043915765,0.0,0.0,0.0,0.0014774324043915765
13.399999999999773,0.5,5.874999999999929,-5.829241698259807,-3.288208722073307,-2.600596009151957,-3.288208722073307,-5.829241698259807,-10.297510045692718,-10.297510045682088,0.6103025730369205,0.6186298759983437,0.6205357479217423,0.6186298759983437,0.6103025730369205,0.0015232562662304573,0.0,0.0,0.0,0.0015232562662304573
13.499999999999767,0.5,5.924999999999926,-5.802577281930269,-3.2444372837352944,-2.5501963376627828,-3.2444372837352944,-5.802577281930269,-10.285110451660046,-10.28511045164936,0.6113704848569704,0.6197553156267035,0.6216788549673293,0.6197553156267035,0.6113704848569704,0.0015695730096722494,0.0,0.0,0.0,0.0015695730096722494
13.599999999999762,0.5,5.974999999999923,-5.776011990609163,-3.2009052908470608,-2.500077224470033,-3.2009052908470608,-5.776011990609163,-10.272672498316126,-10.27267249830544,0.6124221648714125,0.6208643403879253,0.6228054331874526,0.6208643403879253,0.6124221648714125,0.001616372273750247,0.0,0.0,0.0,0.001616372273750247
13.699999999999756,0.5,6.02499999999992,-5.749544058421577,-3.1576100175775537,-2.4502361631186886,-3.1576100175775537,-5.749544058421577,-10.260196570048436,-10.260196570037749,0.6134579688331633,0.6219573051089984,0.6239158369698546,0.6219573051089984,0.6134579688331633,0.0016636436250188078,0.0,0.0,0.0,0.0016636436250188078
13.79999999999975,0.5,6.074999999999918,-5.723171772469755,-3.114548783241787,-2.4006706697213076,-3.114548783241787,-5.723171772469755,-10.247683045294366,-10.247683045283623,0.6144782422844746,0.623034554389909,0.6250104105316289,0.623034554389909,0.6144782422844746,0.0017113765680320863,0.0,0.0,0.0,0.0017113765680320863
13.899999999999745,0.5,6.124999999999915,-5.696893470862676,-3.0717189512833443,-2.3513782827715204,-3.0717189512833443,-5.696893470862676,-10.235132296703284,-10.23513229669237,0.6154833209209599,0.6240964229692384,0.6260894882826685,0.6240964229692384,0.6154833209209599,0.0017595605552859,0.0,0.0,0.0,0.0017595605552859
13.999999999999739,0.5,6.174999999999912,-5.6707075408310175,-3.029117928266089,-2.302356562973671,-3.029117928266089,-5.6707075408310175,-10.222544691292057,-10.2225446912812,0.6164735309402066,0.6251432360743484,0.6271533951736731,0.6251432360743484,0.6164735309402066,0.0018081849966457863,0.0,0.0,0.0,0.0018081849966457863
14.099999999999733,0.5,6.224999999999909,-5.644612416922769,-2.9867431629085672,-2.2536030930619972,-2.9867431629085672,-5.644612416922769,-10.209920590595857,-10.209920590585,0.6174491893757125,0.6261753097568037,0.628202447029544,0.6261753097568037,0.6174491893757125,0.0018572392682853895,0.0,0.0,0.0,0.0018572392682853895
14.199999999999728,0.5,6.274999999999906,-5.618606579261893,-2.944592145125057,-2.205115477632148,-2.944592145125057,-5.618606579261893,-10.197260350812826,-10.197260350801969,0.6184106044169138,0.6271929512138459,0.6292369508688112,0.6271929512138459,0.6184106044169138,0.001906712721157927,0.0,0.0,0.0,0.001906712721157927
14.299999999999722,0.5,6.324999999999903,-5.5926885518831,-2.902662405113631,-2.1568913429744043,-2.902662405113631,-5.5926885518831,-10.184564322944027,-10.184564322933113,0.6193580757159189,0.6281964590964705,0.6302572052097907,0.6281964590964705,0.6193580757159189,0.001956594689022031,0.0,0.0,0.0,0.001956594689022031
14.399999999999716,0.5,6.3749999999999005,-5.5668569011396585,-2.860951512460872,-2.1089283369148575,-2.860951512460872,-5.5668569011396585,-10.171832852928503,-10.17183285291759,0.6202918946815833,0.6291861238048334,0.6312635003640915,0.6291861238048334,0.6202918946815833,0.0020068744960436507,0.0,0.0,0.0,0.0020068744960436507
14.49999999999971,0.5,6.424999999999898,-5.541110234156065,-2.8194570752621075,-2.061224128654999,-2.8194570752621075,-5.541110234156065,-10.159066281773221,-10.159066281762364,0.6212123447615969,0.6301622277715809,0.6322561187180928,0.6301622277715809,0.6212123447615969,0.002057541463992293,0.0,0.0,0.0,0.002057541463992293
14.599999999999705,0.5,6.474999999999895,-5.515447197357048,-2.778176739276091,-2.01377640860926,-2.778176739276091,-5.515447197357048,-10.146264945679036,-10.146264945668122,0.6221197017130584,0.6311250457336265,0.6332353350029715,0.6311250457336265,0.6221197017130584,0.002108584919051642,0.0,0.0,0.0,0.002108584919051642
14.699999999999699,0.5,6.524999999999892,-5.489866475054953,-2.737108187102251,-1.9665828882501728,-2.737108187102251,-5.489866475054953,-10.133429176161144,-10.13342917615023,0.6230142338621136,0.6320748449929391,0.6342014165537719,0.6320748449929391,0.6230142338621136,0.002159994198262087,0.0,0.0,0.0,0.002159994198262087
14.799999999999693,0.5,6.574999999999889,-5.464366788090047,-2.696249137372149,-1.919641299961711,-2.696249137372149,-5.464366788090047,-10.120559300167145,-10.120559300156174,0.6238962023531753,0.6330118856668779,0.6351546235580463,0.6330118856668779,0.6238962023531753,0.0022117586556120628,0.0,0.0,0.0,0.0022117586556120628
14.899999999999688,0.5,6.624999999999886,-5.438946892516583,-2.6555973439701575,-1.8729493968803013,-2.6555973439701575,-5.438946892516583,-10.107655640189193,-10.107655640178052,0.6247658613882247,0.6339364209285124,0.6360952092945884,0.6339364209285124,0.6247658613882247,0.0022638676677947532,0.0,0.0,0.0,0.0022638676677947532
14.999999999999682,0.5,6.6749999999998835,-5.413605578368902,-2.615150595264595,-1.8265049527503265,-2.615150595264595,-5.413605578368902,-10.094718514373255,-10.094718514362114,0.6256234584565399,0.6348486972374411,0.6370234203626516,0.6348486972374411,0.6256234584565399,0.002316310639645753,0.0,0.0,0.0,0.002316310639645753
15.099999999999676,0.5,6.724999999999881,-5.38834166842139,-2.574906713378823,-1.7803057617711602,-2.574906713378823,-5.38834166842139,-10.081748236624833,-10.081748236613635,0.6264692345555366,0.6357489545614536,0.6379394969021492,0.6357489545614536,0.6264692345555366,0.002369077009276155,0.0,0.0,0.0,0.002369077009276155
15.19999999999967,0.5,6.774999999999878,-5.3631540170576955,-2.5348635534549544,-1.7343496384500554,-2.5348635534549544,-5.3631540170576955,-10.068745116710147,-10.068745116699006,0.6273034244027832,0.6366374265895862,0.6388436728052008,0.6366374265895862,0.6273034244027832,0.002422156252915188,0.0,0.0,0.0,0.002422156252915188
15.299999999999665,0.5,6.824999999999875,-5.338041509155005,-2.4950190029608734,-1.6886344174540682,-2.4950190029608734,-5.338041509155005,-10.05570946035499,-10.055709460343735,0.6281262566398528,0.637514340936815,0.6397361759194413,0.637514340936815,0.6281262566398528,0.0024755378894767326,0.0,0.0,0.0,0.0024755378894767326
15.39999999999966,0.5,6.874999999999872,-5.313003059002085,-2.455370981000044,-1.643157953461639,-2.455370981000044,-5.313003059002085,-10.042641569339196,-10.042641569327884,0.6289379540283194,0.6383799193408705,0.6406172282434585,0.6383799193408705,0.6289379540283194,0.002529211484861662,0.0,0.0,0.0,0.002529211484861662
15.499999999999654,0.5,6.924999999999869,-5.288037609282924,-2.415917437653036,-1.5979181210244064,-2.415917437653036,-5.288037609282924,-10.029541741589014,-10.029541741577646,0.6297387336381597,0.6392343778514452,0.6414870461146776,0.6392343778514452,0.6297387336381597,0.002583166656008498,0.0,0.0,0.0,0.002583166656008498
15.599999999999648,0.5,6.974999999999866,-5.26314413007691,-2.37665635331507,-1.552912814412366,-2.37665635331507,-5.26314413007691,-10.016410271265045,-10.01641027125362,0.6305288071792419,0.6400779270122291,0.6423458403901106,0.6400779270122291,0.6305288071792419,0.0026373930721556907,0.0,0.0,0.0,0.0026373930721556907
15.699999999999642,0.5,7.024999999999864,-5.238321617565589,-2.337585738072619,-1.508139947473353,-2.337585738072619,-5.238321617565589,-10.003247448848242,-10.003247448836703,0.6313083967008432,0.6409107720359652,0.6431938166201858,0.6409107720359652,0.6313083967008432,0.0026918741665099464,0.0,0.0,0.0,0.0026918741665099464
15.799999999999637,0.5,7.074999999999861,-5.213569096557308,-2.298703631093531,-1.4635974534857041,-2.298703631093531,-5.213569096557308,-9.99005356122558,-9.99005356121404,0.6320777240431105,0.6417331129729041,0.6440311752160365,0.6417331129729041,0.6320777240431105,0.00274655853530662,0.0,0.0,0.0,0.00274655853530662
15.89999999999963,0.5,7.124999999999858,-5.188885620738176,-2.2600081000981618,-1.41928328502064,-2.2600081000981618,-5.188885620738176,-9.976828891782816,-9.976828891771333,0.6328369930112849,0.6425451448727513,0.6448581116104736,0.6425451448727513,0.6328369930112849,0.0028013940413710342,0.0,0.0,0.0,0.0028013940413710342
15.999999999999625,0.5,7.174999999999855,-5.1642702688230315,-2.2214972408075937,-1.3751954137879352,-2.2214972408075937,-5.1642702688230315,-9.963573720488569,-9.963573720476973,0.6335863987065173,0.6433470579406724,0.6456748164129946,0.6433470579406724,0.6335863987065173,0.002856348723027091,0.0,0.0,0.0,0.002856348723027091
16.09999999999962,0.5,7.224999999999852,-5.139722142573078,-2.183169176363549,-1.3313318305090434,-2.183169176363549,-5.139722142573078,-9.95028832397054,-9.950288323959057,0.6343261298784056,0.6441390376876213,0.6464814755589671,0.6441390376876213,0.6343261298784056,0.002911401392644946,0.0,0.0,0.0,0.002911401392644946
16.199999999999616,0.5,7.274999999999849,-5.115240365584043,-2.1450220567836595,-1.2876905447664058,-2.1450220567836595,-5.115240365584043,-9.936972975587821,-9.936972975576339,0.6350563699046435,0.6449212650750772,0.6472782704533706,0.6449212650750772,0.6350563699046435,0.0029665358245969655,0.0,0.0,0.0,0.0029665358245969655
16.29999999999961,0.5,7.3249999999998465,-5.090824082388906,-2.107054058399342,-1.244269584863389,-2.107054058399342,-5.090824082388906,-9.923627945499334,-9.923627945487738,0.6357772972835811,0.6456939166545503,0.6480653781092375,0.6456939166545503,0.6357772972835811,0.0030217382469694266,0.0,0.0,0.0,0.0030217382469694266
16.399999999999604,0.5,7.374999999999844,-5.066472457679367,-2.069263383327211,-1.2010669976816075,-2.069263383327211,-5.066472457679367,-9.910253500730505,-9.910253500718625,0.6364890859248743,0.6464571647019541,0.6488429712810557,0.6464571647019541,0.6364890859248743,0.0030769962727941118,0.0,0.0,0.0,0.0030769962727941118
16.4999999999996,0.5,7.424999999999841,-5.0421846756362925,-2.0316482589427665,-1.158080848539214,-2.0316482589427665,-5.0421846756362925,-9.89684990523699,-9.896849905225054,0.6371919053530601,0.6472111773471404,0.6496112185933313,0.6472111773471404,0.6371919053530601,0.0031322984313714975,0.0,0.0,0.0,0.0031322984313714975
16.599999999999593,0.5,7.474999999999838,-5.017959939279365,-1.994206937366414,-1.1153092210469708,-1.994206937366414,-5.017959939279365,-9.883417419967316,-9.883417419955379,0.6378859208718562,0.6479561186987658,0.6503702846645246,0.6479561186987658,0.6378859208718562,0.0031876339498701713,0.0,0.0,0.0,0.0031876339498701713
16.699999999999587,0.5,7.524999999999835,-4.993797469861249,-1.9569376949750676,-1.0727502169704621,-1.9569376949750676,-4.993797469861249,-9.869956302923015,-9.869956302910964,0.6385712937089195,0.6486921489646488,0.6511203302265292,0.6486921489646488,0.6385712937089195,0.0032429926403096943,0.0,0.0,0.0,0.0032429926403096943
16.79999999999958,0.5,7.574999999999832,-4.969696506270452,-1.91983883190494,-1.0304019560747406,-1.91983883190494,-4.969696506270452,-9.85646680921684,-9.856466809204733,0.6392481811495196,0.6494194245679058,0.6518615122399471,0.6494194245679058,0.6392481811495196,0.0032983648318769122,0.0,0.0,0.0,0.0032983648318769122
16.899999999999576,0.5,7.6249999999998295,-4.945656304474596,-1.8829086715951462,-0.9882625759918824,-1.8829086715951462,-4.945656304474596,-9.842949191129833,-9.842949191117725,0.6399167366626197,0.6501380982588847,0.652593984005214,0.6501380982588847,0.6399167366626197,0.003353741323617269,0.0,0.0,0.0,0.003353741323617269
16.99999999999957,0.5,7.674999999999827,-4.921676136972678,-1.8461455603207355,-0.9463302320701814,-1.8461455603207355,-4.921676136972678,-9.829403698165777,-9.829403698153556,0.6405771100210962,0.6508483192232194,0.6533178952698626,0.6508483192232194,0.6405771100210962,0.003409113347059357,0.0,0.0,0.0,0.003409113347059357
17.099999999999564,0.5,7.724999999999824,-4.897755292274553,-1.8095478667453904,-0.9046030972347694,-1.8095478667453904,-4.897755292274553,-9.815830577104691,-9.81583057709247,0.6412294474168414,0.6515502331860846,0.6540333923320044,0.6515502331860846,0.6412294474168414,0.0034644725343376355,0.0,0.0,0.0,0.0034644725343376355
17.19999999999956,0.5,7.774999999999821,-4.873893074395994,-1.7731139814919743,-0.863079361835787,-1.7731139814919743,-4.873893074395994,-9.802230072054442,-9.802230072042164,0.641873891571237,0.6522439825127897,0.6547406181402372,0.6522439825127897,0.641873891571237,0.0035198108898723936,0.0,0.0,0.0,0.0035198108898723936
17.299999999999553,0.5,7.824999999999818,-4.8500888023578455,-1.7368423167166043,-0.8217572335118462,-1.7368423167166043,-4.8500888023578455,-9.788602424501107,-9.788602424488772,0.6425105818413438,0.6529297063059158,0.655439712390058,0.6529297063059158,0.6425105818413438,0.00357512076470238,0.0,0.0,0.0,0.00357512076470238
17.399999999999547,0.5,7.874999999999815,-4.826341809737698,-1.7007313056872704,-0.7806349370376324,-1.7007313056872704,-4.826341809737698,-9.774947873357576,-9.774947873345013,0.6431396543219063,0.6536075404991222,0.6561308116169977,0.6536075404991222,0.6431396543219063,0.0036303948330023714,0.0,0.0,0.0,0.0036303948330023714
17.49999999999954,0.5,7.924999999999812,-4.80265144420315,-1.664779402389911,-0.7397107141929382,-1.664779402389911,-4.80265144420315,-9.761266655010616,-9.761266654998224,0.6437612419435741,0.6542776179476869,0.6568140492865102,0.6542776179476869,0.6437612419435741,0.0036856260705072728,0.0,0.0,0.0,0.0036856260705072728
17.599999999999536,0.5,7.97499999999981,-4.7790170670647285,-1.6289850811317024,-0.6989828235970776,-1.6289850811317024,-4.7790170670647285,-9.747559003367314,-9.747559003354922,0.6443754745674256,0.6549400685160026,0.657489555880899,0.6549400685160026,0.6443754745674256,0.0037408077346463187,0.0,0.0,0.0,0.0037408077346463187
17.69999999999953,0.5,8.024999999999807,-4.755438052873842,-1.5933468361657788,-0.6584495405868438,-1.5933468361657788,-4.755438052873842,-9.733825149898962,-9.733825149886513,0.6449824790758748,0.6555950191620732,0.6581574589831801,0.6555950191620732,0.6449824790758748,0.0037959333462341646,0.0,0.0,0.0,0.0037959333462341646
17.799999999999525,0.5,8.074999999999804,-4.731913788997531,-1.557863181303901,-0.618109157053027,-1.557863181303901,-4.731913788997531,-9.720065323684537,-9.720065323672145,0.6455823794603358,0.6562425940192218,0.6588178833582395,0.6562425940192218,0.6455823794603358,0.003850996672587858,0.0,0.0,0.0,0.003850996672587858
17.89999999999952,0.5,8.124999999999801,-4.708443675243245,-1.5225326495601053,-0.5779599813112668,-1.5225326495601053,-4.708443675243245,-9.706279751453337,-9.706279751440945,0.64617529690557,0.6568829144749988,0.6594709510311757,0.6568829144749988,0.64617529690557,0.0039059917119527157,0.0,0.0,0.0,0.0039059917119527157
17.999999999999513,0.5,8.174999999999798,-4.6850271234541765,-1.487353792794579,-0.5380003379404457,-1.487353792794579,-4.6850271234541765,-9.69246865762483,-9.692468657612437,0.6467613498710892,0.6575160992474824,0.6601167813631299,0.6575160992474824,0.6467613498710892,0.003960912679132523,0.0,0.0,0.0,0.003960912679132523
18.099999999999508,0.5,8.224999999999795,-4.66166355717445,-1.4523251813737943,-0.4982285676613287,-1.4523251813737943,-4.66166355717445,-9.678632264349119,-9.67863226433667,0.647340654169473,0.6581422644590308,0.6607554911244863,0.6581422644590308,0.647340654169473,0.004015753992227665,0.0,0.0,0.0,0.004015753992227665
18.199999999999502,0.5,8.274999999999793,-4.638352411272308,-1.4174454038239332,-0.458643027167966,-1.4174454038239332,-4.638352411272308,-9.664770791545209,-9.664770791532703,0.6479133230420323,0.6587615237076376,0.6613871945658044,0.6587615237076376,0.6479133230420323,0.004070510260392734,0.0,0.0,0.0,0.004070510260392734
18.299999999999496,0.5,8.32499999999979,-4.615093131612298,-1.3827130665015943,-0.4192420890074118,-1.3827130665015943,-4.615093131612298,-9.650884456938513,-9.65088445692595,0.6484794672316968,0.6593739881359262,0.6620120034862853,0.6593739881359262,0.6484794672316968,0.0041251762725330885,0.0,0.0,0.0,0.0041251762725330885
18.39999999999949,0.5,8.374999999999787,-4.591885174717959,-1.3481267932809828,-0.38002414142215457,-1.3481267932809828,-4.591885174717959,-9.636973476097353,-9.636973476084847,0.6490391950533922,0.6599797664978639,0.6626300273001161,0.6599797664978639,0.6490391950533922,0.0041797469868653766,0.0,0.0,0.0,0.0041797469868653766
18.499999999999485,0.5,8.424999999999784,-4.568728007460493,-1.3136852252248445,-0.34098758820823605,-1.3136852252248445,-4.568728007460493,-9.623038062468652,-9.62303806245609,0.6495926124619219,0.6605789652233789,0.6632413731006217,0.6605789652233789,0.6495926124619219,0.004234217521273623,0.0,0.0,0.0,0.004234217521273623
18.59999999999948,0.5,8.474999999999781,-4.545621106751639,-1.2793870202947346,-0.30213084857842887,-1.2793870202947346,-4.545621106751639,-9.609078427411816,-9.609078427399083,0.6501398231175214,0.6611716884808001,0.6638461457223356,0.6611716884808001,0.6501398231175214,0.004288583144398068,0.0,0.0,0.0,0.004288583144398068
18.699999999999473,0.5,8.524999999999778,-4.52256395924536,-1.2452308530435516,-0.26345235701580805,-1.2452308530435516,-4.52256395924536,-9.595094780233012,-9.595094780220222,0.6506809284491598,0.6617580382373622,0.6644444478011078,0.6617580382373622,0.6506809284491598,0.0043428392673980154,0.0,0.0,0.0,0.0043428392673980154
18.799999999999468,0.5,8.574999999999775,-4.499556061058115,-1.2112154143200655,-0.22495056313329087,-1.2112154143200655,-4.499556061058115,-9.581087328217052,-9.581087328204376,0.6512160277156613,0.6623381143177581,0.665036379832282,0.6623381143177581,0.6512160277156613,0.00439698143633627,0.0,0.0,0.0,0.00439698143633627
18.899999999999462,0.5,8.624999999999773,-4.476596917492714,-1.1773394109945343,-0.1866239315344842,-1.1773394109945343,-4.476596917492714,-9.567056276660196,-9.567056276647463,0.6517452180647791,0.6629120144607964,0.6656220402270226,0.6629120144607964,0.6517452180647791,0.004451005325134603,0.0,0.0,0.0,0.004451005325134603
18.999999999999456,0.5,8.67499999999977,-4.453686042765753,-1.1436015656688596,-0.1484709416697001,-1.1436015656688596,-4.453686042765753,-9.553001828899994,-9.553001828887318,0.6522685945902943,0.6634798343743225,0.6662015253668815,0.6634798343743225,0.6522685945902943,0.004504906729056494,0.0,0.0,0.0,0.004504906729056494
19.09999999999945,0.5,8.724999999999767,-4.430822959763816,-1.1100006164138563,-0.11049008770419277,-1.1100006164138563,-4.430822959763816,-9.538924186346321,-9.538924186333588,0.6527862503871624,0.6640416677883543,0.6667749296566154,0.6640416677883543,0.6527862503871624,0.004558681558674057,0.0,0.0,0.0,0.004558681558674057
19.199999999999445,0.5,8.774999999999764,-4.408007199780684,-1.0765353164970293,-0.07267987836343082,-1.0765353164970293,-4.408007199780684,-9.524823548509744,-9.524823548497011,0.6532982766049062,0.6645976065066016,0.6673423455754233,0.6645976065066016,0.6532982766049062,0.0046123258342817795,0.0,0.0,0.0,0.0046123258342817795
19.29999999999944,0.5,8.824999999999761,-4.38523830229434,-1.0432044341255278,-0.03503883680502895,-1.0432044341255278,-4.38523830229434,-9.510700113031078,-9.510700113018231,0.6538047624991706,0.6651477404563501,0.6679038637265169,0.6651477404563501,0.6538047624991706,0.00466583568072156,0.0,0.0,0.0,0.00466583568072156
19.399999999999434,0.5,8.874999999999758,-4.362515814722599,-1.0100067521995584,0.0024344995176761586,-1.0100067521995584,-4.362515814722599,-9.496554075708445,-9.496554075695599,0.6543057954816717,0.6656921577367897,0.6684595728851833,0.6656921577367897,0.6543057954816717,0.004719207322586179,0.0,0.0,0.0,0.004719207322586179
19.499999999999428,0.5,8.924999999999756,-4.339839292208637,-0.9769410680525539,0.03974157899750708,-0.9769410680525539,-4.339839292208637,-9.48238563052513,-9.48238563051217,0.6548014611684724,0.666230944665903,0.669009560045389,0.666230944665903,0.6548014611684724,0.004772437079771698,0.0,0.0,0.0,0.004772437079771698
19.599999999999422,0.5,8.974999999999753,-4.317208297405102,-0.9440061932197636,0.07688383601100668,-0.9440061932197636,-4.317208297405102,-9.46819496967521,-9.468194969662306,0.6552918434267224,0.6667641858258523,0.6695539104649432,0.6667641858258523,0.6552918434267224,0.004825521363351305,0.0,0.0,0.0,0.004825521363351305
19.699999999999417,0.5,9.02499999999975,-4.294622400268963,-0.9112009531957597,0.11386269105292968,-0.9112009531957597,-4.294622400268963,-9.45398228359005,-9.45398228357709,0.6557770244198963,0.6672919641070267,0.6700927077092848,0.6672919641070267,0.6557770244198963,0.004878456671745031,0.0,0.0,0.0,0.004878456671745031
19.79999999999941,0.5,9.074999999999747,-4.272081177849486,-0.8785241872042207,0.15067955087101836,-0.8785241872042207,-4.272081177849486,-9.439747760963087,-9.439747760949956,0.656257084651635,0.6678143607507319,0.6706260336939414,0.6678143607507319,0.656257084651635,0.004931239587162059,0.0,0.0,0.0,0.004931239587162059
19.899999999999405,0.5,9.124999999999744,-4.24958421410696,-0.8459747479780049,0.1873358086060648,-0.8459747479780049,-4.24958421410696,-9.42549158877398,-9.425491588760678,0.6567321030081386,0.6683314553905724,0.6711539687257293,0.6683314553905724,0.6567321030081386,0.0049838667722942286,0.0,0.0,0.0,0.0049838667722942286
19.9999999999994,0.5,9.174999999999741,-4.2271310997167575,-0.8135515015296733,0.22383284391122515,-0.8135515015296733,-4.2271310997167575,-9.41121395231329,-9.411213952299875,0.6572021567992826,0.668843326092631,0.6716765915426584,0.668843326092631,0.6572021567992826,0.005036334967241076,0.0,0.0,0.0,0.005036334967241076
20.099999999999394,0.5,9.224999999999739,-4.204721431899145,-0.7812533269417372,0.26017202310998755,-0.7812533269417372,-4.204721431899145,-9.396915035205382,-9.396915035191853,0.657667321798411,0.6693500493944072,0.6721939793527588,0.6693500493944072,0.657667321798411,0.0050886409866481574,0.0,0.0,0.0,0.0050886409866481574
20.199999999999388,0.5,9.274999999999736,-4.1823548142322124,-0.7490791161490051,0.29635469929826286,-0.7490791161490051,-4.1823548142322124,-9.38259501943105,-9.382595019417465,0.6581276722809477,0.6698517003426226,0.6727062078716016,0.6698517003426226,0.6581276722809477,0.005140781717042051,0.0,0.0,0.0,0.005140781717042051
20.299999999999383,0.5,9.324999999999733,-4.160030856493904,-0.7170277737454285,0.33238221250155675,-0.7170277737454285,-4.160030856493904,-9.368254085350031,-9.368254085336503,0.6585832810617731,0.6703483525298585,0.6732133513588635,0.6703483525298585,0.6585832810617731,0.005192754114346234,0.0,0.0,0.0,0.005192754114346234
20.399999999999377,0.5,9.37499999999973,-4.1377491744997315,-0.6850982167662778,0.3682558897896797,-0.6850982167662778,-4.1377491744997315,-9.353892411722825,-9.353892411709296,0.6590342195314695,0.670840078130187,0.6737154826537046,0.670840078130187,0.6590342195314695,0.005244555201564278,0.0,0.0,0.0,0.005244555201564278
20.49999999999937,0.5,9.424999999999727,-4.115509389926956,-0.6532893744973762,0.40397704541356916,-0.6532893744973762,-4.115509389926956,-9.339510175731505,-9.339510175717805,0.6594805576915317,0.671326947933699,0.6742126732091728,0.671326947933699,0.6594805576915317,0.005296182066617109,0.0,0.0,0.0,0.005296182066617109
20.599999999999365,0.5,9.474999999999724,-4.093311130184475,-0.6216001882896194,0.43954698093597244,-0.6216001882896194,-4.093311130184475,-9.325107553000294,-9.325107552986594,0.6599223641883976,0.6718090313800142,0.6747049931255914,0.6718090313800142,0.6599223641883976,0.005347631860321287,0.0,0.0,0.0,0.005347631860321287
20.69999999999936,0.5,9.524999999999721,-4.071154028256274,-0.5900296113524632,0.47496698535019277,-0.5900296113524632,-4.071154028256274,-9.310684717616425,-9.310684717602783,0.6603597063465425,0.6722863965908905,0.6751925111829501,0.6722863965908905,0.6603597063465425,0.0053989017944994335,0.0,0.0,0.0,0.0053989017944994335
20.799999999999354,0.5,9.574999999999719,-4.049037722557955,-0.558576608589533,0.5102383352144102,-0.558576608589533,-4.049037722557955,-9.29624184214947,-9.296241842135828,0.6607926502005717,0.6727591104017833,0.675675294872409,0.6727591104017833,0.6607926502005717,0.005449989140210608,0.0,0.0,0.0,0.005449989140210608
20.89999999999935,0.5,9.624999999999716,-4.026961856804689,-0.5272401564009215,0.5453622947770214,-0.5272401564009215,-4.026961856804689,-9.281779097670608,-9.281779097656909,0.6612212605263356,0.673227238392596,0.6761534104268707,0.673227238392596,0.6612212605263356,0.005500891226092523,0.0,0.0,0.0,0.005500891226092523
20.999999999999343,0.5,9.674999999999713,-4.004926079867971,-0.4960192425139667,0.5803401161036845,-0.4960192425139667,-4.004926079867971,-9.267296653771837,-9.267296653758137,0.6616456008711752,0.6736908449174852,0.6766269228506948,0.6736908449174852,0.6616456008711752,0.005551605436806003,0.0,0.0,0.0,0.005551605436806003
21.099999999999337,0.5,9.72499999999971,-3.9829300456626697,-0.4649128658083441,0.6151730391918591,-0.4649128658083441,-3.9829300456626697,-9.252794678583939,-9.25279467857024,0.6620657335832123,0.6741499931338363,0.6770958959485277,0.6741499931338363,0.6620657335832123,0.005602129211574761,0.0,0.0,0.0,0.005602129211574761
21.19999999999933,0.5,9.774999999999707,-3.9609734130086167,-0.43392003614604846,0.6498622921077413,-0.43392003614604846,-3.9609734130086167,-9.238273338795125,-9.238273338781312,0.6624817198398626,0.674604745030418,0.6775603923533875,0.674604745030418,0.6624817198398626,0.0056524600428125155,0.0,0.0,0.0,0.0056524600428125155
21.299999999999326,0.5,9.824999999999704,-3.939055845517032,-0.40303977420626325,0.6844090910984733,-0.40303977420626325,-3.939055845517032,-9.223732799668369,-9.223732799654499,0.6628936196754708,0.6750551614547333,0.6780204735538902,0.6750551614547333,0.6628936196754708,0.0057025954748308166,0.0,0.0,0.0,0.0057025954748308166
21.39999999999932,0.5,9.874999999999702,-3.9171770114718356,-0.37227111132250457,0.7188146407165732,-0.37227111132250457,-3.9171770114718356,-9.209173225058635,-9.209173225044651,0.6633014920081751,0.675501302139603,0.6784761999207506,0.675501302139603,0.6633014920081751,0.005752533102621644,0.0,0.0,0.0,0.005752533102621644
21.499999999999314,0.5,9.924999999999699,-3.895336583720791,-0.34161308931652457,0.7530801339404434,-0.34161308931652457,-3.895336583720791,-9.194594777429757,-9.194594777415716,0.6637053946659786,0.6759432257290285,0.6789276307325312,0.6759432257290285,0.6637053946659786,0.005802270570708906,0.0,0.0,0.0,0.005802270570708906
21.59999999999931,0.5,9.974999999999696,-3.8735342395629004,-0.3110647603552934,0.7872067522978341,-0.3110647603552934,-3.8735342395629004,-9.17999761787155,-9.179997617857452,0.6641053844121091,0.676380989803273,0.6793748242006954,0.676380989803273,0.6641053844121091,0.005851805572063755,0.0,0.0,0.0,0.005851805572063755
21.699999999999303,0.5,10.024999999999693,-3.851769660644038,-0.28062518678984816,0.8211956659724251,-0.28062518678984816,-3.851769660644038,-9.165381906115385,-9.165381906101175,0.6645015169696399,0.676814650903308,0.6798178374939184,0.676814650903308,0.6645015169696399,0.0059011358470785,0.0,0.0,0.0,0.0059011358470785
21.799999999999297,0.5,10.07499999999969,-3.8300425328667984,-0.25029344100096296,0.8550480339303022,-0.25029344100096296,-3.8300425328667984,-9.150747800550278,-9.150747800535896,0.6648938470453899,0.6772442645545752,0.6802567267617898,0.6772442645545752,0.6648938470453899,0.005950259182595387,0.0,0.0,0.0,0.005950259182595387
21.89999999999929,0.5,10.124999999999687,-3.8083525462660077,-0.2200686052665901,0.888765004040863,-0.2200686052665901,-3.8083525462660077,-9.136095458238628,-9.136095458224247,0.6652824283532573,0.6776698852900416,0.6806915471578527,0.6776698852900416,0.6652824283532573,0.005999173410985436,0.0,0.0,0.0,0.005999173410985436
21.999999999999286,0.5,10.174999999999685,-3.7866993949319294,-0.1899497716035512,0.9223477131777713,-0.1899497716035512,-3.7866993949319294,-9.121425034931235,-9.12142503491674,0.6656673136367821,0.6780915666727,0.6811223528619667,0.6780915666727,0.6656673136367821,0.006047876409273578,0.0,0.0,0.0,0.006047876409273578
22.09999999999928,0.5,10.224999999999682,-3.765082776917154,-0.15993604163401187,0.9557972873462859,-0.15993604163401187,-3.765082776917154,-9.10673668508224,-9.106736685067915,0.6660485546911334,0.678509361317407,0.6815491971021349,0.678509361317407,0.6660485546911334,0.006096366098307309,0.0,0.0,0.0,0.006096366098307309
22.199999999999275,0.5,10.274999999999679,-3.743502394142581,-0.13002652645008084,0.9891148417917179,-0.13002652645008084,-3.743502394142581,-9.092030561864192,-9.092030561849924,0.6664262023845028,0.6789233209121229,0.6819721321756962,0.6789233209121229,0.6664262023845028,0.00614464044196548,0.0,0.0,0.0,0.00614464044196548
22.29999999999927,0.5,10.324999999999676,-3.721957952318917,-0.10022034646704014,1.0223014811073199,-0.10022034646704014,-3.721957952318917,-9.077306817181693,-9.077306817167482,0.6668003066788748,0.6793334962386365,0.6823912094699468,0.6793334962386365,0.6668003066788748,0.006192697446403747,0.0,0.0,0.0,0.006192697446403747
22.399999999999263,0.5,10.374999999999673,-3.700449160848109,-0.07051663130124552,1.0553582993507575,-0.07051663130124552,-3.700449160848109,-9.06256560168623,-9.062565601672077,0.6671709166502969,0.6797399371926591,0.6828064794822404,0.6797399371926591,0.6671709166502969,0.006240535159334339,0.0,0.0,0.0,0.006240535159334339
22.499999999999257,0.5,10.42499999999967,-3.678975732752633,-0.0409145196422287,1.0882863801517146,-0.0409145196422287,-3.678975732752633,-9.047807064789197,-9.047807064774986,0.6675380805085217,0.6801426928034077,0.6832179918395238,0.6801426928034077,0.6675380805085217,0.006288151669337535,0.0,0.0,0.0,0.006288151669337535
22.599999999999252,0.5,10.474999999999667,-3.6575373845936383,-0.011413159111839377,1.1210867968339358,-0.011413159111839377,-3.6575373845936383,-9.033031354676154,-9.033031354661887,0.6679018456161668,0.680541811252712,0.6836257953174075,0.680541811252712,0.6679018456161668,0.006335545105202776,0.0,0.0,0.0,0.006335545105202776
22.699999999999246,0.5,10.524999999999665,-3.6361338364034737,0.017988293849668935,1.15376061249259,0.017988293849668935,-3.6361338364034737,-9.018238618319629,-9.018238618305418,0.6682622585073162,0.68093733989354,0.6840299378586004,0.68093733989354,0.6682622585073162,0.006382713635297514,0.0,0.0,0.0,0.006382713635297514
22.79999999999924,0.5,10.574999999999662,-3.6147648116021287,0.04729067410727339,1.1863088801362096,0.04729067410727339,-3.6147648116021287,-9.003429001492407,-9.003429001478196,0.6686193649056827,0.681329325268076,0.6844304665910553,0.681329325268076,0.6686193649056827,0.006429655466961099,0.0,0.0,0.0,0.006429655466961099
22.899999999999235,0.5,10.624999999999659,-3.5934300369156063,0.07649480795288355,1.2187326427685434,0.07649480795288355,-3.5934300369156063,-8.98860264878033,-8.988602648766175,0.6689732097422836,0.6817178131253193,0.684827427845463,0.6817178131253193,0.6689732097422836,0.006476368845922168,0.0,0.0,0.0,0.006476368845922168
22.99999999999923,0.5,10.674999999999656,-3.572129242335791,0.10560151322965794,1.251032933505769,0.10560151322965794,-3.572129242335791,-8.973759703594851,-8.973759703580527,0.6693238371725424,0.6821028484382361,0.685220867172398,0.6821028484382361,0.6693238371725424,0.0065228520557383835,0.0,0.0,0.0,0.0065228520557383835
23.099999999999223,0.5,10.724999999999653,-3.5508621610264868,0.13461159943648227,1.283210775675002,0.13461159943648227,-3.5508621610264868,-8.95890030818515,-8.958900308170769,0.6696712905930927,0.6824844754204175,0.6856108293589732,0.6824844754204175,0.6696712905930927,0.0065691034172569,0.0,0.0,0.0,0.0065691034172569
23.199999999999218,0.5,10.77499999999965,-3.5296285292700986,0.1635258678488185,1.3152671829181486,0.1635258678488185,-3.5296285292700986,-8.944024603650462,-8.944024603636137,0.6700156126580338,0.6828627375423565,0.6859973584450765,0.6828627375423565,0.6700156126580338,0.006615121288093436,0.0,0.0,0.0,0.006615121288093436
23.299999999999212,0.5,10.824999999999648,-3.508428086403171,0.1923451116285264,1.3472031592985445,0.1923451116285264,-3.508428086403171,-8.929132729952244,-8.929132729937919,0.6703568452947991,0.6832376775472772,0.6863804977392017,0.6832376775472772,0.6703568452947991,0.006660904062129257,0.0,0.0,0.0,0.006660904062129257
23.399999999999206,0.5,10.874999999999645,-3.487260574753293,0.2210701159330597,1.3790196993953714,0.2210701159330597,-3.487260574753293,-8.914224825925373,-8.914224825910992,0.6706950297196189,0.6836093374665633,0.6867602898338486,0.6836093374665633,0.6706950297196189,0.006706450169025005,0.0,0.0,0.0,0.006706450169025005
23.4999999999992,0.5,10.924999999999642,-3.4661257395820826,0.2497016580200011,1.410717788407112,0.2497016580200011,-3.4661257395820826,-8.899301029289916,-8.899301029275534,0.6710302064525605,0.683977758634783,0.6871367766205501,0.683977758634783,0.6710302064525605,0.006751758073749967,0.0,0.0,0.0,0.006751758073749967
23.599999999999195,0.5,10.974999999999639,-3.4450233290224332,0.2782405073600671,1.4422984022464789,0.2782405073600671,-3.4450233290224332,-8.884361476662491,-8.884361476648053,0.6713624153322111,0.6843429817043619,0.6875099993045054,0.6843429817043619,0.6713624153322111,0.006796826276125749,0.0,0.0,0.0,0.006796826276125749
23.69999999999919,0.5,11.024999999999636,-3.4239530940336635,0.30668742573476493,1.4737625076450627,0.30668742573476493,-3.4239530940336635,-8.869406303567189,-8.869406303552694,0.6716916955299376,0.6847050466598414,0.6878799984188672,0.6847050466598414,0.6716916955299376,0.006841653310383588,0.0,0.0,0.0,0.006841653310383588
23.799999999999184,0.5,11.074999999999633,-3.4029147883322253,0.3350431673320031,1.5051110622473516,0.3350431673320031,-3.4029147883322253,-8.85443564444671,-8.854435644431987,0.6720180855638536,0.6850639928317799,0.6882468138386447,0.6850639928317799,0.6720180855638536,0.006886237744734565,0.0,0.0,0.0,0.006886237744734565
23.899999999999178,0.5,11.12499999999963,-3.38190816835197,0.3633084788587553,1.5363450146976447,0.3633084788587553,-3.38190816835197,-8.839449632672881,-8.839449632658045,0.6723416233123556,0.6854198589103568,0.6886104847942455,0.6854198589103568,0.6723416233123556,0.006930578180951602,0.0,0.0,0.0,0.006930578180951602
23.999999999999172,0.5,11.174999999999628,-3.360932993181791,0.39148409962598407,1.5674653047532274,0.39148409962598407,-3.360932993181791,-8.824448400557458,-8.824448400542451,0.6726623460273816,0.6857726829585596,0.6889710498847477,0.6857726829585596,0.6726623460273816,0.006974673253962531,0.0,0.0,0.0,0.006974673253962531
24.099999999999167,0.5,11.224999999999625,-3.339989024530041,0.4195707616595996,1.5984728633637815,0.4195707616595996,-3.339989024530041,-8.809432079362352,-8.809432079347403,0.6729802903472734,0.6861225024251231,0.6893285470907563,0.6861225024251231,0.6729802903472734,0.007018521631454057,0.0,0.0,0.0,0.007018521631454057
24.19999999999916,0.5,11.274999999999622,-3.3190760266615484,0.4475691897822003,1.6293686127652336,0.4475691897822003,-3.3190760266615484,-8.794400799309926,-8.79440079929509,0.6732954923093873,0.6864693541570659,0.6896830137869865,0.6864693541570659,0.6732954923093873,0.0070621220134853375,0.0,0.0,0.0,0.0070621220134853375
24.299999999999155,0.5,11.32499999999962,-3.29819376635578,0.4754801017049317,1.6601534665817326,0.4754801017049317,-3.29819376635578,-8.779354689593504,-8.77935468957861,0.6736079873623407,0.6868132744119579,0.6900344867545575,0.6868132744119579,0.6736079873623407,0.00710547313211111,0.0,0.0,0.0,0.00710547313211111
24.39999999999915,0.5,11.374999999999616,-3.2773420128694966,0.5033042081276449,1.6908283299040932,0.5033042081276449,-3.2773420128694966,-8.764293878386297,-8.764293878371348,0.6739178103779484,0.6871542988699001,0.6903830021929246,0.6871542988699001,0.6739178103779484,0.007148573751013438,0.0,0.0,0.0,0.007148573751013438
24.499999999999144,0.5,11.424999999999613,-3.2565205378804194,0.5310422128226833,1.7213940993915458,0.5310422128226833,-3.2565205378804194,-8.74921849285198,-8.74921849283703,0.6742249956629149,0.6874924626451805,0.6907285957315873,0.6874924626451805,0.6742249956629149,0.007191422665142058,0.0,0.0,0.0,0.007191422665142058
24.599999999999138,0.5,11.47499999999961,-3.235729115455058,0.5586948127280493,1.7518516633462582,0.5586948127280493,-3.235729115455058,-8.734128659154067,-8.734128659139117,0.67452957697018,0.68782780029767,0.6910713024414411,0.68782780029767,0.67452957697018,0.0072340187003624955,0.0,0.0,0.0,0.0072340187003624955
24.699999999999132,0.5,11.524999999999608,-3.2149675219955043,0.5862626980215282,1.782201901817075,0.5862626980215282,-3.2149675219955043,-8.719024502465572,-8.719024502450395,0.6748315875100426,0.6881603458438924,0.6914111568459346,0.6881603458438924,0.6748315875100426,0.007276360713111344,0.0,0.0,0.0,0.007276360713111344
24.799999999999127,0.5,11.574999999999605,-3.194235536204758,0.6137465522231764,1.812445686672504,0.6137465522231764,-3.194235536204758,-8.703906146977545,-8.703906146962368,0.6751310599609763,0.6884901327679119,0.6917481929318792,0.6884901327679119,0.6751310599609763,0.007318447590059062,0.0,0.0,0.0,0.007318447590059062
24.89999999999912,0.5,11.624999999999602,-3.1735329390559173,0.6411470522634772,1.8425838817018416,0.6411470522634772,-3.1735329390559173,-8.688773715909633,-8.688773715894513,0.6754280264801593,0.6888171940318626,0.6920824441600751,0.6888171940318626,0.6754280264801593,0.007360278247779488,0.0,0.0,0.0,0.007360278247779488
24.999999999999115,0.5,11.6749999999996,-3.1528595137395428,0.6684648685686057,1.872617342685487,0.6684648685686057,-3.1528595137395428,-8.673627331517991,-8.673627331502587,0.6757225187138274,0.6891415620862786,0.6924139434756067,0.6891415620862786,0.6757225187138274,0.007401851632425342,0.0,0.0,0.0,0.007401851632425342
25.09999999999911,0.5,11.724999999999596,-3.132215045632904,0.6957006651473421,1.902546917491236,0.6957006651473421,-3.132215045632904,-8.658467115104315,-8.65846711508891,0.676014567807312,0.6894632688801842,0.692742723317961,0.6894632688801842,0.676014567807312,0.007443166719410339,0.0,0.0,0.0,0.007443166719410339
25.199999999999104,0.5,11.774999999999594,-3.111599322262748,0.7228550996658782,1.9323734461498816,0.7228550996658782,-3.111599322262748,-8.643293187025279,-8.643293187009874,0.6763042044148606,0.689782345870913,0.6930688156308533,0.689782345870913,0.6763042044148606,0.007484222513096643,0.0,0.0,0.0,0.007484222513096643
25.2999999999991,0.5,11.82499999999959,-3.091012133270283,0.7499288235251811,1.9620977609386046,0.7499288235251811,-3.091012133270283,-8.62810566670072,-8.628105666685428,0.6765914587092214,0.6900988240337073,0.6933922518718493,0.6900988240337073,0.6765914587092214,0.007525018046488084,0.0,0.0,0.0,0.007525018046488084
25.399999999999093,0.5,11.874999999999588,-3.07045327037315,0.776922481933866,1.9917206864615196,0.776922481933866,-3.07045327037315,-8.612904672622278,-8.612904672606987,0.676876360391007,0.690412733871078,0.693713063021747,0.690412733871078,0.676876360391007,0.007565552380928677,0.0,0.0,0.0,0.007565552380928677
25.499999999999087,0.5,11.924999999999585,-3.0499225273432558,0.8038367139939169,2.0212430397407957,0.8038367139939169,-3.0499225273432558,-8.597690322361814,-8.59769032234641,0.6771589386977991,0.6907241054219864,0.694031279593778,0.6907241054219864,0.6771589386977991,0.0076058246058063285,0.0,0.0,0.0,0.0076058246058063285
25.59999999999908,0.5,11.974999999999582,-3.02941969995652,0.8306721527665673,2.050665630282083,0.8306721527665673,-3.02941969995652,-8.5824627325797,-8.582462732564295,0.6774392224131178,0.691032968270753,0.6943469316425239,0.691032968270753,0.6774392224131178,0.007645833838261222,0.0,0.0,0.0,0.007645833838261222
25.699999999999076,0.5,12.02499999999958,-3.0089445859825332,0.8574294253475045,2.0799892601594365,0.8574294253475045,-3.0089445859825332,-8.567222019033068,-8.567222019017606,0.6777172398750702,0.6913393515557968,0.6946600487726766,0.6913393515557968,0.6777172398750702,0.007685579222899094,0.0,0.0,0.0,0.007685579222899094
25.79999999999907,0.5,12.074999999999577,-2.9884969851352707,0.8841091529328082,2.1092147240955796,0.8841091529328082,-2.9884969851352707,-8.551968296583993,-8.551968296568475,0.67799301898491,0.6916432839781419,0.694970660147592,0.6916432839781419,0.67799301898491,0.007725059931508925,0.0,0.0,0.0,0.007725059931508925
25.899999999999064,0.5,12.124999999999574,-2.9680766990448433,0.9107119509010886,2.138342809540063,0.9107119509010886,-2.9680766990448433,-8.53670167920717,-8.536701679191538,0.6782665872153414,0.6919447938097726,0.6952787944976413,0.6919447938097726,0.6782665872153414,0.007764275162784874,0.0,0.0,0.0,0.007764275162784874
25.99999999999906,0.5,12.17499999999957,-2.94768353124374,0.9372384288743092,2.1673742967349767,0.9372384288743092,-2.94768353124374,-8.521422279998148,-8.52142227998246,0.6785379716185898,0.6922439089017494,0.6955844801283358,0.6922439089017494,0.6785379716185898,0.007803224142052342,0.0,0.0,0.0,0.007803224142052342
26.099999999999053,0.5,12.224999999999568,-2.9273172871180577,0.9636891907821905,2.1963099587981674,0.9636891907821905,-2.9273172871180577,-8.506130211180846,-8.50613021116493,0.6788071988343893,0.6925406566921404,0.6958877449283188,0.6925406566921404,0.6788071988343893,0.007841906120998374,0.0,0.0,0.0,0.007841906120998374
26.199999999999047,0.5,12.274999999999565,-2.9069777738973244,0.9900648349407675,2.225150561798614,0.9900648349407675,-2.9069777738973244,-8.490825584115214,-8.490825584099184,0.6790742950976801,0.6928350642138222,0.6961886163771548,0.6928350642138222,0.6790742950976801,0.007880320377405808,0.0,0.0,0.0,0.007880320377405808
26.29999999999904,0.5,12.324999999999562,-2.8866648006172113,1.0163659541166226,2.2538968648340187,1.0163659541166226,-2.8866648006172113,-8.475508509305087,-8.475508509289,0.6793392862462051,0.6931271581020592,0.6964871215529544,0.6931271581020592,0.6793392862462051,0.007918466214891423,0.0,0.0,0.0,0.007918466214891423
26.399999999999036,0.5,12.37499999999956,-2.866378178088212,1.042593135577249,2.282549620090151,1.042593135577249,-2.866378178088212,-8.460179096405227,-8.460179096389083,0.67960219772792,0.6934169646018784,0.6967832871397733,0.6934169646018784,0.67960219772792,0.007956342962647002,0.0,0.0,0.0,0.007956342962647002
26.49999999999903,0.5,12.424999999999557,-2.846117718889843,1.0687469611712572,2.311109572926682,1.0687469611712572,-2.846117718889843,-8.444837454229116,-8.444837454212916,0.6798630546081665,0.6937045095753644,0.6970771394349211,0.6937045095753644,0.6798630546081665,0.00799394997518502,0.0,0.0,0.0,0.00799394997518502
26.599999999999024,0.5,12.474999999999554,-2.8258832373163045,1.0948280073802152,2.33957746193812,1.0948280073802152,-2.8258832373163045,-8.429483690756058,-8.429483690739971,0.6801218815768224,0.693989818508707,0.6973687043560431,0.693989818508707,0.6801218815768224,0.008031286632086927,0.0,0.0,0.0,0.008031286632086927
26.69999999999902,0.5,12.524999999999551,-2.8056745493803987,1.1208368453953312,2.3679540190255466,1.1208368453953312,-2.8056745493803987,-8.414117913138512,-8.414117913122311,0.680378702955125,0.6942729165191732,0.6976580074480753,0.6942729165191732,0.680378702955125,0.008068352337755057,0.0,0.0,0.0,0.008068352337755057
26.799999999999013,0.5,12.574999999999548,-2.7854914727701043,1.1467740411549698,2.3962399694773353,1.1467740411549698,-2.7854914727701043,-8.398740227708743,-8.398740227692485,0.680633542702476,0.6945538283618052,0.697945073890067,0.6945538283618052,0.680633542702476,0.008105146521168085,0.0,0.0,0.0,0.008105146521168085
26.899999999999007,0.5,12.624999999999545,-2.7653338268314087,1.1726401554334984,2.424436032023607,1.1726401554334984,-2.7653338268314087,-8.383350739986327,-8.383350739969899,0.6808864244230277,0.6948325784361226,0.6982299285017854,0.6948325784361226,0.6808864244230277,0.008141668635639282,0.0,0.0,0.0,0.008141668635639282
26.999999999999,0.5,12.674999999999542,-2.7452014325543814,1.1984357438688562,2.452542918913366,1.1984357438688562,-2.7452014325543814,-8.367949554684913,-8.367949554668314,0.6811373713721112,0.6951091907925048,0.6985125957502413,0.6951091907925048,0.6811373713721112,0.008177918158578054,0.0,0.0,0.0,0.008177918158578054
27.099999999998996,0.5,12.72499999999954,-2.7250941125334407,1.224161357053731,2.4805613359754943,1.224161357053731,-2.7250941125334407,-8.352536775719102,-8.352536775702447,0.6813864064625936,0.6953836891386105,0.6987930997560242,0.6953836891386105,0.6813864064625936,0.008213894591254678,0.0,0.0,0.0,0.008213894591254678
27.19999999999899,0.5,12.774999999999537,-2.7050116909641133,1.2498175405646634,2.5084919826912255,1.2498175405646634,-2.7050116909641133,-8.337112506211383,-8.337112506194615,0.6816335522709995,0.6956560968454899,0.6990714642995345,0.6956560968454899,0.6816335522709995,0.00824959745856759,0.0,0.0,0.0,0.00824959745856759
27.299999999998985,0.5,12.824999999999534,-2.684953993601596,1.275404835031793,2.5363355522543998,1.275404835031793,-2.684953993601596,-8.32167684849827,-8.321676848481559,0.6818788310436026,0.6959264369536733,0.6993477128270494,0.6959264369536733,0.6818788310436026,0.008285026308813915,0.0,0.0,0.0,0.008285026308813915
27.39999999999898,0.5,12.874999999999531,-2.6649208477537627,1.300923776193713,2.5640927316390503,1.300923776193713,-2.6649208477537627,-8.306229904137695,-8.306229904120755,0.6821222647022896,0.6961947321790891,0.6996218684566763,0.6961947321790891,0.6821222647022896,0.008320180713462426,0.0,0.0,0.0,0.008320180713462426
27.499999999998973,0.5,12.924999999999528,-2.6449120822596797,1.326374894954256,2.5917642016631817,1.326374894954256,-2.6449120822596797,-8.290771773914685,-8.290771773897745,0.6823638748503396,0.6964610049188605,0.6998939539841718,0.6964610049188605,0.6823638748503396,0.008355060266929832,0.0,0.0,0.0,0.008355060266929832
27.599999999998968,0.5,12.974999999999525,-2.624927527463285,1.351758717424559,2.6193506370528894,1.351758717424559,-2.624927527463285,-8.275302557848704,-8.275302557831765,0.6826036827780886,0.6967252772569417,0.7001639918886332,0.6967252772569417,0.6826036827780886,0.008389664586359306,0.0,0.0,0.0,0.008389664586359306
27.699999999998962,0.5,13.024999999999523,-2.6049670152065687,1.3770757649949132,2.6468527065059675,1.3770757649949132,-2.6049670152065687,-8.259822355199674,-8.259822355182678,0.6828417094684237,0.6969875709697086,0.7004320043380774,0.6969875709697086,0.6828417094684237,0.008423993311402107,0.0,0.0,0.0,0.008423993311402107
27.799999999998956,0.5,13.07499999999952,-2.5850303787937605,1.402326554369722,2.6742710727484678,1.402326554369722,-2.5850303787937605,-8.244331264473828,-8.244331264456719,0.6830779756022362,0.6972479075313367,0.7006980131948711,0.6972479075313367,0.6830779756022362,0.00845804610400143,0.0,0.0,0.0,0.00845804610400143
27.89999999999895,0.5,13.124999999999517,-2.5651174529830882,1.4275115976295751,2.7016063926038214,1.4275115976295751,-2.5651174529830882,-8.22882938343065,-8.22882938341354,0.6833125015636841,0.697506308119138,0.7009620400210913,0.697506308119138,0.6833125015636841,0.00849182264817891,0.0,0.0,0.0,0.00849182264817891
27.999999999998945,0.5,13.174999999999514,-2.5452280739686444,1.4526314022796214,2.728859317043259,1.4526314022796214,-2.5452280739686444,-8.213316809088667,-8.213316809071728,0.6835453074453698,0.6977627936187475,0.7012241060837179,0.6977627936187475,0.6835453074453698,0.008525322649823685,0.0,0.0,0.0,0.008525322649823685
28.09999999999894,0.5,13.224999999999511,-2.5253620793581035,1.4776864712916336,2.7560304912575475,1.4776864712916336,-2.5253620793581035,-8.19779363773199,-8.197793637714938,0.6837764130534209,0.6980173846291832,0.701484232359777,0.6980173846291832,0.6837764130534209,0.008558545836484244,0.0,0.0,0.0,0.008558545836484244
28.199999999998933,0.5,13.274999999999508,-2.505519308163059,1.5026773031734706,2.7831205547097966,1.5026773031734706,-2.505519308163059,-8.182259964915659,-8.182259964898492,0.6840058379124275,0.6982701014678785,0.7017424395413256,0.6982701014678785,0.6840058379124275,0.008591491957162132,0.0,0.0,0.0,0.008591491957162132
28.299999999998928,0.5,13.324999999999505,-2.4856996007681005,1.527604391989371,2.810130141191223,1.527604391989371,-2.4856996007681005,-8.166715885472001,-8.166715885454835,0.6842336012703367,0.6985209641754746,0.7019987480403437,0.6985209641754746,0.6842336012703367,0.008624160782108486,0.0,0.0,0.0,0.008624160782108486
28.399999999998922,0.5,13.374999999999503,-2.465902798928937,1.552468227432371,2.837059878884247,1.552468227432371,-2.465902798928937,-8.151161493516668,-8.151161493499558,0.6844597221031657,0.6987699925206536,0.7022531779935436,0.6987699925206536,0.6844597221031657,0.008656552102622603,0.0,0.0,0.0,0.008656552102622603
28.499999999998916,0.5,13.4249999999995,-2.446128745742783,1.5772692948621625,2.8639103904188232,1.5772692948621625,-2.446128745742783,-8.135596882454422,-8.135596882437369,0.6846842191196866,0.6990172060047827,0.7025057492670624,0.6990172060047827,0.6846842191196866,0.008688665730853142,0.0,0.0,0.0,0.008688665730853142
28.59999999999891,0.5,13.474999999999497,-2.4263772856467085,1.6020080753479533,2.8906822929205305,1.6020080753479533,-2.4263772856467085,-8.120022144984716,-8.120022144967777,0.6849071107659468,0.6992626238664702,0.7027564814610364,0.6992626238664702,0.6849071107659468,0.00872050149960147,0.0,0.0,0.0,0.00872050149960147
28.699999999998905,0.5,13.524999999999494,-2.406648264387229,1.6266850457204782,2.9173761980820814,1.6266850457204782,-2.406648264387229,-8.104437373107771,-8.104437373090775,0.6851284152297681,0.6995062650860617,0.703005393914148,0.6995062650860617,0.6851284152297681,0.0087520592621272,0.0,0.0,0.0,0.0087520592621272
28.7999999999989,0.5,13.574999999999491,-2.386941529018486,1.6513006786138362,2.9439927122070344,1.6513006786138362,-2.386941529018486,-8.08884265812975,-8.08884265811264,0.6853481504450779,0.6997481483900084,0.7032525057080006,0.6997481483900084,0.6853481504450779,0.008783338891956007,0.0,0.0,0.0,0.008783338891956007
28.899999999998894,0.5,13.624999999999488,-2.3672569278754167,1.6758554425107945,2.970532436262374,1.6758554425107945,-2.3672569278754167,-8.07323809066878,-8.073238090651614,0.6855663340962177,0.6999882922551626,0.7034978356714354,0.6999882922551626,0.6855663340962177,0.008814340282689823,0.0,0.0,0.0,0.008814340282689823
28.999999999998888,0.5,13.674999999999486,-2.347594310571253,1.7003498017888319,2.9969959659460415,1.7003498017888319,-2.347594310571253,-8.05762376066042,-8.05762376064314,0.6857829836221007,0.7002267149129852,0.7037414023847973,0.7002267149129852,0.6857829836221007,0.008845063347818793,0.0,0.0,0.0,0.008845063347818793
29.099999999998882,0.5,13.724999999999483,-2.3279535279633023,1.7247842167586782,3.023383891719277,1.7247842167586782,-2.3279535279633023,-8.041999757362987,-8.041999757345593,0.6859981162203667,0.7004634343536474,0.7039832241840206,0.7004634343536474,0.6859981162203667,0.008875508020535591,0.0,0.0,0.0,0.008875508020535591
29.199999999998877,0.5,13.77499999999948,-2.3083344321613595,1.749159143715815,3.0496967988796655,1.749159143715815,-2.3083344321613595,-8.026366169363143,-8.026366169345579,0.6862117488513415,0.7006984683300912,0.7042233191647471,0.7006984683300912,0.6862117488513415,0.008905674253551708,0.0,0.0,0.0,0.008905674253551708
29.29999999999887,0.5,13.824999999999477,-2.288736876506107,1.7734750349710566,3.075935267606951,1.7734750349710566,-2.288736876506107,-8.01072308458123,-8.010723084563551,0.6864238982419948,0.7009318343619423,0.704461705186282,0.7009318343619423,0.6864238982419948,0.008935562018916309,0.0,0.0,0.0,0.008935562018916309
29.399999999998865,0.5,13.874999999999474,-2.269160715541261,1.7977323389023923,3.1020998730073757,1.7977323389023923,-2.269160715541261,-7.9950705902766686,-7.995070590259047,0.6866345808898356,0.7011635497394114,0.7046983998754754,0.7011635497394114,0.6866345808898356,0.008965171307836266,0.0,0.0,0.0,0.008965171307836266
29.49999999999886,0.5,13.924999999999471,-2.249605805020849,1.821931499990626,3.1281911851717155,1.821931499990626,-2.249605805020849,-7.979408773053365,-7.97940877303563,0.6868438130666348,0.7013936315270689,0.7049334206305592,0.7013936315270689,0.6868438130666348,0.00899450213049891,0.0,0.0,0.0,0.00899450213049891
29.599999999998854,0.5,13.974999999999469,-2.2300720018806146,1.8460729588645677,3.1542097692188236,1.8460729588645677,-2.2300720018806146,-7.963737718864195,-7.963737718846573,0.687051610822171,0.701622096567575,0.7051667846248688,0.701622096567575,0.687051610822171,0.009023554515896414,0.0,0.0,0.0,0.009023554515896414
29.699999999998848,0.5,14.024999999999466,-2.2105591642328477,1.8701571523251914,3.1801561853538374,1.8701571523251914,-2.2105591642328477,-7.948057513017318,-7.948057512999583,0.6872579899878386,0.7018489614852751,0.7053985088105353,0.7018489614852751,0.6872579899878386,0.009052328511652151,0.0,0.0,0.0,0.009052328511652151
29.799999999998843,0.5,14.074999999999463,-2.1910671513589364,1.894184513416974,3.2060309889100154,1.894184513416974,-2.1910671513589364,-7.932368240180324,-7.932368240162646,0.6874629661801863,0.7020742426898559,0.705628609922061,0.7020742426898559,0.6874629661801863,0.009080824183849525,0.0,0.0,0.0,0.009080824183849525
29.899999999998837,0.5,14.12499999999946,-2.1715958236812867,1.9181554714276103,3.2318347304074564,1.9181554714276103,-2.1715958236812867,-7.9166699843858055,-7.91666998436807,0.6876665548044487,0.7022979563797324,0.7058571044798673,0.7022979563797324,0.6876665548044487,0.009109041616862011,0.0,0.0,0.0,0.009109041616862011
29.99999999999883,0.5,14.174999999999457,-2.1521450427612763,1.9420704519582728,3.257567955589707,1.9420704519582728,-2.1521450427612763,-7.9009628290363025,-7.900962829018454,0.6878687710579323,0.7025201185455647,0.706084008793718,0.7025201185455647,0.6878687710579323,0.009136980913185395,0.0,0.0,0.0,0.009136980913185395
30.099999999998825,0.5,14.224999999999454,-2.1327146712926606,1.965929876944756,3.283231205472646,1.965929876944756,-2.1327146712926606,-7.885246856909134,-7.885246856891342,0.6880696299333481,0.7027407449735721,0.7063093389661086,0.7027407449735721,0.6880696299333481,0.009164642193271892,0.0,0.0,0.0,0.009164642193271892
30.19999999999882,0.5,14.274999999999451,-2.1133045730715594,1.989734164700394,3.3088250163993393,1.989734164700394,-2.1133045730715594,-7.869522150161458,-7.869522150143666,0.688269146222145,0.7029598512488354,0.7065331108956077,0.7029598512488354,0.688269146222145,0.009192025595366058,0.0,0.0,0.0,0.009192025595366058
30.299999999998814,0.5,14.324999999999449,-2.0939146129538813,2.013483729952384,3.3343499200784663,2.013483729952384,-2.0939146129538813,-7.8537887903349315,-7.853788790317196,0.688467337036691,0.7031774527585297,0.7067553402800862,0.7031774527585297,0.688467337036691,0.009219131052162703,0.0,0.0,0.0,0.009219131052162703
30.39999999999881,0.5,14.374999999999446,-2.0745446572507262,2.0371789838702057,3.3598064436293384,2.0371789838702057,-2.0745446572507262,-7.838046858361167,-7.838046858343375,0.6886642249147988,0.7033935646950644,0.7069760426199087,0.7033935646950644,0.6886642249147988,0.009245950142051748,0.0,0.0,0.0,0.009245950142051748
30.499999999998803,0.5,14.424999999999443,-2.0551945748139246,2.0608203341063245,3.3851951096391986,2.0608203341063245,-2.0551945748139246,-7.822296434569068,-7.822296434551106,0.6888598245574332,0.7036082020591993,0.7071952332210931,0.7036082020591993,0.6888598245574332,0.009272469755440924,0.0,0.0,0.0,0.009272469755440924
30.599999999998797,0.5,14.47499999999944,-2.0358642357935537,2.0844081847944835,3.410516436195735,2.0844081847944835,-2.0358642357935537,-7.806537598691875,-7.806537598674026,0.6890541507202453,0.7038213796629869,0.7074129271983456,0.7038213796629869,0.6890541507202453,0.009298685457550668,0.0,0.0,0.0,0.009298685457550668
30.69999999999879,0.5,14.524999999999437,-2.0165535113380884,2.1079429366027966,3.435770936934034,2.1079429366027966,-2.0165535113380884,-7.790770429872566,-7.790770429854547,0.6892472179070369,0.7040331121328042,0.7076291394780756,0.7040331121328042,0.6892472179070369,0.009324595260643097,0.0,0.0,0.0,0.009324595260643097
30.799999999998786,0.5,14.574999999999434,-1.9972622735689924,2.1314249867626245,3.4609591210693225,2.1314249867626245,-1.9972622735689924,-7.774995006667439,-7.774995006649419,0.6894390403843746,0.7042434139122639,0.7078438848013175,0.7042434139122639,0.6894390403843746,0.009350197664794103,0.0,0.0,0.0,0.009350197664794103
30.89999999999878,0.5,14.624999999999432,-1.9779903955651434,2.1548547291112072,3.4860814934662585,2.1548547291112072,-1.9779903955651434,-7.759211407050998,-7.759211407033035,0.6896296321880547,0.7044522992651078,0.7080571777266966,0.7044522992651078,0.6896296321880547,0.009375491368099296,0.0,0.0,0.0,0.009375491368099296
30.999999999998774,0.5,14.674999999999429,-1.9587377513536808,2.1782325541211094,3.5111385546542806,2.1782325541211094,-1.9587377513536808,-7.743419708419992,-7.74341970840203,0.6898190071282958,0.7046597822780074,0.7082690326331926,0.7046597822780074,0.6898190071282958,0.009400475220206513,0.0,0.0,0.0,0.009400475220206513
31.09999999999877,0.5,14.724999999999426,-1.9395042159083005,2.2015588489311426,3.5361308008813808,2.2015588489311426,-1.9395042159083005,-7.727619987597848,-7.727619987579942,0.6900071787945884,0.7048658768633203,0.7084794637229557,0.7048658768633203,0.6900071787945884,0.009425148210783047,0.0,0.0,0.0,0.009425148210783047
31.199999999998763,0.5,14.774999999999423,-1.9202896651299852,2.2248339973926363,3.5610587241558846,2.2248339973926363,-1.9202896651299852,-7.711812320839101,-7.711812320821139,0.690194160560416,0.7050705967618346,0.7086884850240381,0.7050705967618346,0.690194160560416,0.009449509463197744,0.0,0.0,0.0,0.009449509463197744
31.299999999998757,0.5,14.82499999999942,-1.901093975841036,2.248058380093539,3.585922812280785,2.248058380093539,-1.901093975841036,-7.695996783833436,-7.695996783815303,0.6903799655877866,0.7052739555454015,0.7088961103930592,0.7052739555454015,0.6903799655877866,0.0094735582291747,0.0,0.0,0.0,0.0094735582291747
31.39999999999875,0.5,14.874999999999417,-1.8819170257877431,2.271232374396959,3.610723548905071,2.271232374396959,-1.8819170257877431,-7.680173451709834,-7.68017345169153,0.6905646068315936,0.7054759666195606,0.7091023535178592,0.7054759666195606,0.6905646068315936,0.009497293883803246,0.0,0.0,0.0,0.009497293883803246
31.499999999998746,0.5,14.924999999999415,-1.8627586936163993,2.294356354469869,3.6354614135510133,2.294356354469869,-1.8627586936163993,-7.664342399040777,-7.664342399022416,0.6907480970439143,0.7056766432260891,0.7093072279200493,0.7056766432260891,0.6907480970439143,0.00952071592080531,0.0,0.0,0.0,0.00952071592080531
31.59999999999874,0.5,14.974999999999412,-1.8436188588824507,2.3174306913206237,3.660136881662652,2.3174306913206237,-1.8436188588824507,-7.648503699846344,-7.648503699827927,0.6909304487780843,0.7058759984455263,0.7095107469575622,0.7058759984455263,0.6909304487780843,0.009543823948035811,0.0,0.0,0.0,0.009543823948035811
31.699999999998735,0.5,15.024999999999409,-1.8244974020278164,2.340455752826017,3.6847504246485414,2.340455752826017,-1.8244974020278164,-7.6326574275986445,-7.632657427580114,0.6911116743927296,0.7060740451996281,0.709712923827152,0.7060740451996281,0.6911116743927296,0.00956661768320335,0.0,0.0,0.0,0.00956661768320335
31.79999999999873,0.5,15.074999999999406,-1.8053942043840152,2.3634319037669798,3.7093025099036367,2.3634319037669798,-1.8053942043840152,-7.616803655225397,-7.616803655206866,0.691291786055611,0.706270796253795,0.7099137715667816,0.706270796253795,0.691291786055611,0.009589096949798995,0.0,0.0,0.0,0.009589096949798995
31.899999999998723,0.5,15.124999999999403,-1.7863091481563629,2.386359505854216,3.7337936008696033,2.386359505854216,-1.7863091481563629,-7.600942455114193,-7.6009424550956055,0.691470795747395,0.7064662642194317,0.71011330305808,0.7064662642194317,0.691470795747395,0.009611261673223624,0.0,0.0,0.0,0.009611261673223624
31.999999999998717,0.5,15.1749999999994,-1.767242116422949,2.409238917768846,3.758224157052439,2.409238917768846,-1.767242116422949,-7.585073899116708,-7.585073899098006,0.6916487152652804,0.7066604615563047,0.7103115310286318,0.7066604615563047,0.6916487152652804,0.009633111877103227,0.0,0.0,0.0,0.009633111877103227
32.09999999999874,0.5,15.224999999999397,-1.7481929931175841,2.4320704951790617,3.7825946340848304,2.4320704951790617,-1.7481929931175841,-7.569198058551876,-7.569198058533232,0.6918255562265522,0.706853400574792,0.710508468054356,0.706853400574792,0.6918255562265522,0.009654647679782902,0.0,0.0,0.0,0.009654647679782902
32.19999999999876,0.5,15.274999999999395,-1.7291616630411681,2.4548545907787798,3.806905483731441,2.4548545907787798,-1.7291616630411681,-7.553315004211072,-7.5533150041923705,0.6920013300719586,0.7070450934381491,0.7107041265616784,0.7070450934381491,0.6920013300719586,0.009675869290990834,0.0,0.0,0.0,0.009675869290990834
32.29999999999878,0.5,15.324999999999392,-1.710148011835031,2.4775915543178826,3.831157153955587,2.4775915543178826,-1.710148011835031,-7.537424806360718,-7.537424806342074,0.6921760480690927,0.7072355521647161,0.7108985188298391,0.7072355521647161,0.6921760480690927,0.00969677700866364,0.0,0.0,0.0,0.00969677700866364
32.399999999998805,0.5,15.374999999999389,-1.6911519259829788,2.50028173263172,3.8553500889357792,2.50028173263172,-1.6911519259829788,-7.521527534747236,-7.521527534728534,0.6923497213155938,0.7074247886300834,0.7110916569930187,0.7074247886300834,0.6923497213155938,0.009717371215924522,0.0,0.0,0.0,0.009717371215924522
32.49999999999883,0.5,15.424999999999386,-1.6721732927989592,2.522925469663164,3.8794847291105157,2.522925469663164,-1.6721732927989592,-7.505623258599769,-7.5056232585811244,0.6925223607423028,0.7076128145691924,0.7112835530425061,0.7076128145691924,0.6925223607423028,0.009737652378207033,0.0,0.0,0.0,0.009737652378207033
32.59999999999885,0.5,15.474999999999383,-1.6532120004272883,2.545523106495409,3.903561511219209,2.545523106495409,-1.6532120004272883,-7.489712046635134,-7.489712046616546,0.6926939771162883,0.7077996415784349,0.7114742188288168,0.7077996415784349,0.6926939771162883,0.009757621040517441,0.0,0.0,0.0,0.009757621040517441
32.69999999999887,0.5,15.52499999999938,-1.6342679378302023,2.5680749813777197,3.9275808683253786,2.5680749813777197,-1.6342679378302023,-7.473793967060885,-7.473793967042241,0.6928645810438249,0.7079852811176938,0.711663666063725,0.7079852811176938,0.6928645810438249,0.009777277824828094,0.0,0.0,0.0,0.009777277824828094
32.799999999998896,0.5,15.574999999999378,-1.6153409947859814,2.59058142976545,3.9515432298545647,2.59058142976545,-1.6153409947859814,-7.457869087579297,-7.457869087560539,0.6930341829732604,0.7081697445123862,0.7118519063223028,0.7081697445123862,0.6930341829732604,0.009796623427595366,0.0,0.0,0.0,0.009796623427595366
32.89999999999892,0.5,15.624999999999375,-1.5964310618676905,2.61304278432209,3.9754490216400313,2.61304278432209,-1.5964310618676905,-7.441937475391001,-7.441937475372129,0.6932027931978554,0.7083530429553678,0.7120389510449429,0.7083530429553678,0.6932027931978554,0.00981565861739631,0.0,0.0,0.0,0.00981565861739631
32.99999999999894,0.5,15.674999999999372,-1.5775380304611986,2.6354593749701394,3.9992986659353846,2.6354593749701394,-1.5775380304611986,-7.4259991971984505,-7.425999197179522,0.6933704218584384,0.7085351875089354,0.7122248115392567,0.7085351875089354,0.6933704218584384,0.00983438423267787,0.0,0.0,0.0,0.00983438423267787
33.099999999998964,0.5,15.724999999999369,-1.5586617927315842,2.6578315289100374,4.023092581476419,2.6578315289100374,-1.5586617927315842,-7.410054319210246,-7.410054319191204,0.6935370789461337,0.7087161891067133,0.7124094989820732,0.7087161891067133,0.6935370789461337,0.009852801179612876,0.0,0.0,0.0,0.009852801179612876
33.19999999999899,0.5,15.774999999999366,-1.539802241644054,2.680159570638409,4.046831183492827,2.680159570638409,-1.539802241644054,-7.3941029071439175,-7.394102907124875,0.6937027743048603,0.7088960585554949,0.7125930244212703,0.7088960585554949,0.6937027743048603,0.009870910430057674,0.0,0.0,0.0,0.009870910430057674
33.29999999999901,0.5,15.824999999999363,-1.5209592709232993,2.702443821986151,4.0705148837469665,2.702443821986151,-1.5209592709232993,-7.378145026230243,-7.378145026211257,0.6938675176339415,0.7090748065371164,0.7127753987776424,0.7090748065371164,0.6938675176339415,0.009888713019606093,0.0,0.0,0.0,0.009888713019606093
33.39999999999903,0.5,15.87499999999936,-1.5021327750843056,2.7246846021322426,4.094144090569557,2.7246846021322426,-1.5021327750843056,-7.362180741216434,-7.362180741197392,0.6940313184904441,0.7092524436102268,0.7129566328467338,0.7092524436102268,0.6940313184904441,0.009906210045735303,0.0,0.0,0.0,0.009906210045735303
33.499999999999055,0.5,15.924999999999358,-1.4833226493960296,2.746882227644619,4.117719208892424,2.746882227644619,-1.4833226493960296,-7.346210116369548,-7.3462101163504485,0.6941941862916449,0.7094289802121005,0.7131367373006277,0.7094289802121005,0.6941941862916449,0.009923402666038717,0.0,0.0,0.0,0.009923402666038717
33.59999999999908,0.5,15.974999999999355,-1.4645287898921424,2.769037012487388,4.141240640276521,2.769037012487388,-1.4645287898921424,-7.330233215480405,-7.330233215461419,0.6943561303173041,0.7096044266603352,0.7133157226896977,0.7096044266603352,0.6943561303173041,0.009940292096541273,0.0,0.0,0.0,0.009940292096541273
33.6999999999991,0.5,16.02499999999936,-1.4457510933560798,2.791149268060451,4.164708782946775,2.791149268060451,-1.4457510933560798,-7.3142501018668895,-7.314250101847904,0.6945171597119476,0.7097787931545927,0.7134935994443419,0.7097787931545927,0.6945171597119476,0.0099568796100938,0.0,0.0,0.0,0.0099568796100938
33.79999999999912,0.5,16.07499999999937,-1.426989457317461,2.813219303215533,4.18812403182352,2.813219303215533,-1.426989457317461,-7.2982608383773595,-7.29826083835826,0.694677283487069,0.709952089778265,0.7136703778766836,0.709952089778265,0.694677283487069,0.009973166534841704,0.0,0.0,0.0,0.009973166534841704
33.899999999999146,0.5,16.124999999999382,-1.408243780051805,2.8352474242847734,4.211486778551887,2.8352474242847734,-1.408243780051805,-7.282265487393943,-7.2822654873747865,0.6948365105232568,0.7101243265001328,0.7138460681822348,0.7101243265001328,0.6948365105232568,0.009989154252764896,0.0,0.0,0.0,0.009989154252764896
33.99999999999917,0.5,16.174999999999393,-1.389513960560862,2.8572339350937455,4.234797411532668,2.8572339350937455,-1.389513960560862,-7.266264110836175,-7.266264110817019,0.6949948495723344,0.7102955131759595,0.7140206804415382,0.7102955131759595,0.6949948495723344,0.010004844198284934,0.0,0.0,0.0,0.010004844198284934
34.09999999999919,0.5,16.224999999999405,-1.3707998985757968,2.8791791370038027,4.258056315958072,2.8791791370038027,-1.3707998985757968,-7.250256770164185,-7.250256770145029,0.6951523092593752,0.7104656595501363,0.7141942246217929,0.7104656595501363,0.6951523092593752,0.01002023785693616,0.0,0.0,0.0,0.01002023785693616
34.199999999999214,0.5,16.274999999999416,-1.3521014945562229,2.9010833289220272,4.281263873830596,2.9010833289220272,-1.3521014945562229,-7.234243526382443,-7.234243526363173,0.6953088980846857,0.7106347752572119,0.7143667105784096,0.7106347752572119,0.6953088980846857,0.010035336764098133,0.0,0.0,0.0,0.010035336764098133
34.29999999999924,0.5,16.324999999999427,-1.3334186496679195,2.9229468073205567,4.30442046400168,2.9229468073205567,-1.3334186496679195,-7.218224440042434,-7.218224440023221,0.6954646244257985,0.710802869823422,0.7145381480565902,0.710802869823422,0.6954646244257985,0.010050142503785628,0.0,0.0,0.0,0.010050142503785628
34.39999999999926,0.5,16.37499999999944,-1.3147512657874358,2.944769866273816,4.327526462204389,2.944769866273816,-1.3147512657874358,-7.202199571246524,-7.202199571227254,0.6956194965393432,0.710969952668242,0.7147085466928702,0.710969952668242,0.6956194965393432,0.010064656707493215,0.0,0.0,0.0,0.010064656707493215
34.49999999999928,0.5,16.42499999999945,-1.2960992455021483,2.966552797476311,4.35058224106956,2.966552797476311,-1.2960992455021483,-7.186168979650802,-7.1861689796316455,0.6957735225628892,0.7111360331058636,0.7148779160165871,0.7111360331058636,0.6957735225628892,0.010078881053093009,0.0,0.0,0.0,0.010078881053093009
34.599999999999305,0.5,16.47499999999946,-1.2774624920893416,2.988295890248935,4.373588170164965,2.988295890248935,-1.2774624920893416,-7.170132724468829,-7.170132724449729,0.6959267105167989,0.7113011203466084,0.7150462654513867,0.7113011203466084,0.6959267105167989,0.010092817263781558,0.0,0.0,0.0,0.010092817263781558
34.69999999999933,0.5,16.524999999999473,-1.25884090952718,3.0099994315879144,4.396544616022027,3.0099994315879144,-1.25884090952718,-7.154090864474256,-7.1540908644551,0.6960790683059532,0.7114652234984422,0.7152136043166746,0.7114652234984422,0.6960790683059532,0.010106467107073885,0.0,0.0,0.0,0.010106467107073885
34.79999999999935,0.5,16.574999999999484,-1.2402344024706053,3.0316637061597476,4.419451942165381,3.0316637061597476,-1.2402344024706053,-7.138043458004404,-7.138043457985191,0.6962306037215341,0.7116283515683159,0.7153799418290486,0.7116283515683159,0.6962306037215341,0.010119832393842567,0.0,0.0,0.0,0.010119832393842567
34.89999999999937,0.5,16.624999999999496,-1.2216428762561122,3.053288996345998,4.442310509131573,3.053288996345998,-1.2216428762561122,-7.121990562963276,-7.121990562944006,0.6963813244426881,0.7117905134636127,0.7155452871036801,0.7117905134636127,0.6963813244426881,0.010132914977399448,0.0,0.0,0.0,0.010132914977399448
34.999999999999396,0.5,16.674999999999507,-1.2030662369024867,3.074875582250172,4.4651206745082845,3.074875582250172,-1.2030662369024867,-7.105932236824799,-7.105932236805529,0.6965312380381625,0.7119517179934798,0.7157096491557279,0.7119517179934798,0.6965312380381625,0.010145716752617835,0.0,0.0,0.0,0.010145716752617835
35.09999999999942,0.5,16.72499999999952,-1.1845043910880122,3.096423741717331,4.487882792956839,3.096423741717331,-1.1845043910880122,-7.089868536635947,-7.0898685366166205,0.6966803519679686,0.7121119738701646,0.7158730369016851,0.7121119738701646,0.6966803519679686,0.010158239655093666,0.0,0.0,0.0,0.010158239655093666
35.19999999999944,0.5,16.77499999999953,-1.1659572461646803,3.117933750366433,4.510597216238068,3.117933750366433,-1.1659572461646803,-7.073799519019531,-7.073799519000147,0.6968286735849111,0.7122712897103662,0.7160354591607104,0.7122712897103662,0.6968286735849111,0.010170485660342716,0.0,0.0,0.0,0.010170485660342716
35.299999999999464,0.5,16.82499999999954,-1.1474247101335209,3.1394058816050006,4.5332642932405065,3.1394058816050006,-1.1474247101335209,-7.057725240177831,-7.057725240158447,0.696976210136188,0.7124296740365198,0.7161969246559504,0.7124296740365198,0.696976210136188,0.01018245678303322,0.0,0.0,0.0,0.01018245678303322
35.39999999999949,0.5,16.874999999999552,-1.1289066916534125,3.160840406642251,4.555884370009721,3.160840406642251,-1.1289066916534125,-7.041645755894933,-7.041645755875493,0.6971229687648638,0.7125871352780486,0.7163574420158367,0.7125871352780486,0.6971229687648638,0.01019415507625128,0.0,0.0,0.0,0.01019415507625128
35.49999999999951,0.5,16.924999999999564,-1.1104031000245982,3.182237594520018,4.5784577897670715,3.182237594520018,-1.1104031000245982,-7.025561121540477,-7.02556112152115,0.6972689565113838,0.7127436817726559,0.7165170197753389,0.7127436817726559,0.6972689565113838,0.010205582630798142,0.0,0.0,0.0,0.010205582630798142
35.59999999999953,0.5,16.974999999999575,-1.09191384519454,3.2035977121264523,4.600984892943416,3.2035977121264523,-1.09191384519454,-7.009471392072101,-7.009471392052831,0.6974141803149909,0.7128993217675378,0.7166756663772373,0.7128993217675378,0.6974141803149909,0.010216741574517131,0.0,0.0,0.0,0.010216741574517131
35.699999999999555,0.5,17.024999999999586,-1.0734388377538266,3.2249210242196114,4.623466017201906,3.2249210242196114,-1.0734388377538266,-6.993376622038852,-6.993376622019468,0.6975586470151428,0.71305406342061,0.7168333901733442,0.71305406342061,0.6975586470151428,0.01022763407164965,0.0,0.0,0.0,0.01022763407164965
35.79999999999958,0.5,17.074999999999598,-1.054977988906785,3.2462077934424087,4.645901497460329,3.2462077934424087,-1.054977988906785,-6.9772768655834625,-6.977276865564079,0.6977023633529692,0.7132079148016889,0.7169901994257049,0.7132079148016889,0.6977023633529692,0.010238262322217733,0.0,0.0,0.0,0.010238262322217733
35.8999999999996,0.5,17.12499999999961,-1.0365312104924556,3.2674582803443855,4.668291665918048,3.2674582803443855,-1.0365312104924556,-6.961172176445984,-6.961172176426601,0.6978453359725598,0.7133608838936748,0.7171461023077964,0.7133608838936748,0.6978453359725598,0.010248628561432684,0.0,0.0,0.0,0.010248628561432684
35.99999999999962,0.5,17.17499999999962,-1.0180984149657206,3.2886727434025715,4.690636852085845,3.2886727434025715,-1.0180984149657206,-6.945062607966463,-6.945062607946909,0.6979875714223361,0.713512978593713,0.7173011069057076,0.713512978593713,0.6979875714223361,0.010258735059128367,0.0,0.0,0.0,0.010258735059128367
36.099999999999646,0.5,17.224999999999632,-0.9996795154120832,3.3098514390351284,4.712937382800703,3.3098514390351284,-0.9996795154120832,-6.928948213087551,-6.928948213068054,0.6981290761563027,0.7136642067143151,0.7174552212192692,0.7136642067143151,0.6981290761563027,0.010268584119217994,0.0,0.0,0.0,0.010268584119217994
36.19999999999967,0.5,17.274999999999643,-0.9812744255061716,3.330994621624029,4.735193582263889,3.330994621624029,-0.9812744255061716,-6.912829044357636,-6.912829044338196,0.698269856496552,0.7138145759844897,0.7176084531632224,0.7138145759844897,0.698269856496552,0.01027817805815177,0.0,0.0,0.0,0.01027817805815177
36.29999999999969,0.5,17.324999999999655,-0.9628830595046907,3.352102543532908,4.757405772044876,3.352102543532908,-0.9628830595046907,-6.896705153933738,-6.896705153914127,0.6984099186120029,0.7139640940508396,0.7177608105682787,0.7139640940508396,0.6984099186120029,0.010287517553727239,0.0,0.0,0.0,0.010287517553727239
36.399999999999714,0.5,17.374999999999666,-0.9445053324033097,3.373175455126386,4.779574271129206,3.373175455126386,-0.9445053324033097,-6.880576593583953,-6.880576593564342,0.6985492689038502,0.7141127684786507,0.7179123011822869,0.7141127684786507,0.6985492689038502,0.01029660201403535,0.0,0.0,0.0,0.01029660201403535
36.49999999999974,0.5,17.424999999999677,-0.9261411598545806,3.394213604779452,4.801699395921673,3.394213604779452,-0.9261411598545806,-6.864443414691266,-6.864443414671541,0.6986879135852703,0.7142606067529303,0.7180629326712534,0.7142606067529303,0.6986879135852703,0.01030543312296697,0.0,0.0,0.0,0.01030543312296697
36.59999999999976,0.5,17.47499999999969,-0.9077904580938139,3.415217238902983,4.823781460278269,3.415217238902983,-0.9077904580938139,-6.848305668255421,-6.848305668235696,0.69882585875856,0.71440761627948,0.7182127126204275,0.71440761627948,0.69882585875856,0.010314013167964846,0.0,0.0,0.0,0.010314013167964846
36.69999999999978,0.5,17.5249999999997,-0.8894531439248681,3.436186601958127,4.84582077553506,3.436186601958127,-0.8894531439248681,-6.832163404896846,-6.832163404877065,0.6989631104276525,0.714553804385914,0.7183616485353691,0.714553804385914,0.6989631104276525,0.010322344555984561,0.0,0.0,0.0,0.010322344555984561
36.799999999999805,0.5,17.57499999999971,-0.871129134727596,3.457121936472106,4.8678176505194415,3.457121936472106,-0.871129134727596,-6.816016674858247,-6.816016674838579,0.6990996745008055,0.7146991783226732,0.7185097478429406,0.7146991783226732,0.6990996745008055,0.010330429760173713,0.0,0.0,0.0,0.010330429760173713
36.89999999999983,0.5,17.624999999999723,-0.852818348440394,3.4780234830606105,4.889772391581005,3.4780234830606105,-0.852818348440394,-6.799865528007899,-6.799865527988345,0.6992355567923046,0.7148437452640373,0.718657017892346,0.7148437452640373,0.6992355567923046,0.010338271312819525,0.0,0.0,0.0,0.010338271312819525
36.99999999999985,0.5,17.674999999999734,-0.8345207035728208,3.4988914804422393,4.911685302605406,3.4988914804422393,-0.8345207035728208,-6.783710013842153,-6.783710013822713,0.6993707630239344,0.714987512309099,0.7188034659561023,0.714987512309099,0.6993707630239344,0.010345871803208334,0.0,0.0,0.0,0.010345871803208334
37.09999999999987,0.5,17.724999999999746,-0.8162361191761534,3.5197261654553245,4.933556685048302,3.5197261654553245,-0.8162361191761534,-6.767550181487877,-6.7675501814684935,0.6995052988265164,0.7151304864827341,0.7189490992310558,0.7151304864827341,0.6995052988265164,0.01035323387606148,0.0,0.0,0.0,0.01035323387606148
37.199999999999896,0.5,17.774999999999757,-0.7979645148587338,3.5405277730728812,4.955386837948822,3.5405277730728812,-0.7979645148587338,-6.751386079705412,-6.751386079686085,0.6996391697412815,0.7152726747365478,0.7190939248393226,0.7152726747365478,0.6996391697412815,0.010360360230091426,0.0,0.0,0.0,0.010360360230091426
37.29999999999992,0.5,17.82499999999977,-0.7797058107800012,3.561296536424436,4.977176057953329,3.561296536424436,-0.7797058107800012,-6.735217756890904,-6.735217756871407,0.6997723812212647,0.7154140839498254,0.7192379498292472,0.7154140839498254,0.6997723812212647,0.010367253616627372,0.0,0.0,0.0,0.010367253616627372
37.39999999999994,0.5,17.87499999999978,-0.761459927634462,3.5820326868071675,4.998924639330141,3.5820326868071675,-0.761459927634462,-6.719045261078691,-6.71904526105925,0.6999049386326966,0.715554720930443,0.7193811811763187,0.715554720930443,0.6999049386326966,0.01037391683830213,0.0,0.0,0.0,0.01037391683830213
37.499999999999964,0.5,17.92499999999979,-0.7432267866544748,3.6027364537055178,5.020632874008584,3.6027364537055178,-0.7432267866544748,-6.70286863994437,-6.702868639924873,0.7000368472563003,0.715694592415784,0.7195236257841439,0.715694592415784,0.7000368472563003,0.010380352747797424,0.0,0.0,0.0,0.010380352747797424
37.59999999999999,0.5,17.974999999999802,-0.7250063096061012,3.6234080648078475,5.042301051583081,3.6234080648078475,-0.7250063096061012,-6.686687940806962,-6.686687940787522,0.7001681122207096,0.715833705073635,0.719665290485306,0.715833705073635,0.7001681122207096,0.010386564213966823,0.0,0.0,0.0,0.010386564213966823
37.70000000000001,0.5,18.024999999999814,-0.7067984186160174,3.6440477460210445,5.063929459339533,3.6440477460210445,-0.7067984186160174,-6.670503210631523,-6.670503210611855,0.7002987382903411,0.7159720655030641,0.7198061820422731,0.7159720655030641,0.7002987382903411,0.0103925523309426,0.0,0.0,0.0,0.0103925523309426
37.80000000000003,0.5,18.074999999999825,-0.6886030363351665,3.664655721490192,5.085518382275666,3.664655721490192,-0.6886030363351665,-6.6543144960305085,-6.654314496010784,0.7004287305316387,0.7161096802352962,0.7199463071482797,0.7161096802352962,0.7004287305316387,0.010398317718044845,0.0,0.0,0.0,0.010398317718044845
37.900000000000055,0.5,18.124999999999837,-0.6704200860000924,3.6852322136113003,5.107068103122572,3.6852322136113003,-0.6704200860000924,-6.63812184326747,-6.638121843247802,0.7005580938538619,0.7162465557345609,0.7200856724281937,0.7162465557345609,0.7005580938538619,0.010403863417580043,0.0,0.0,0.0,0.010403863417580043
38.00000000000008,0.5,18.174999999999848,-0.6522494913671721,3.705777443049385,5.128578902368872,3.705777443049385,-0.6522494913671721,-6.6219252982589865,-6.621925298239432,0.7006868330819301,0.71638269839894,0.7202242844393824,0.71638269839894,0.7006868330819301,0.010409192889880438,0.0,0.0,0.0,0.010409192889880438
38.1000000000001,0.5,18.22499999999986,-0.6340911767270541,3.726291628748754,5.150051058271515,3.726291628748754,-0.6340911767270541,-6.605724906577336,-6.605724906557782,0.7008149529693724,0.7165181145611795,0.7203621496725251,0.7165181145611795,0.7008149529693724,0.010414309647869921,0.0,0.0,0.0,0.010414309647869921
38.200000000000124,0.5,18.27499999999987,-0.6159450668885142,3.7467749879544954,5.1714848468821515,3.7467749879544954,-0.6159450668885142,-6.589520713452771,-6.58952071343316,0.7009424582000385,0.7166528104895251,0.7204992745524601,0.7166528104895251,0.7009424582000385,0.01041921722972369,0.0,0.0,0.0,0.01041921722972369
38.300000000000146,0.5,18.324999999999882,-0.5978110871669742,3.767227736218217,5.192880542064245,3.767227736218217,-0.5978110871669742,-6.573312763776016,-6.573312763756462,0.7010693533889311,0.7167867923884969,0.7206356654389932,0.7167867923884969,0.7010693533889311,0.01042391919692999,0.0,0.0,0.0,0.01042391919692999
38.40000000000017,0.5,18.374999999999893,-0.579689163393823,3.787650087422719,5.21423841551109,3.787650087422719,-0.579689163393823,-6.5571011021007735,-6.557101102081219,0.7011956430829115,0.7169200663997085,0.7207713286276936,0.7169200663997085,0.7011956430829115,0.010428419134224471,0.0,0.0,0.0,0.010428419134224471
38.50000000000019,0.5,18.424999999999905,-0.5615792219032869,3.808042253790404,5.235558736769065,3.808042253790404,-0.5615792219032869,-6.540885772646277,-6.540885772626552,0.7013213317614512,0.7170526386026274,0.7209062703506992,0.7170526386026274,0.7013213317614512,0.010432720649654293,0.0,0.0,0.0,0.010432720649654293
38.600000000000215,0.5,18.474999999999916,-0.5434811895360667,3.828404445897604,5.256841773255701,3.828404445897604,-0.5434811895360667,-6.524666819299,-6.524666819279162,0.7014464238373305,0.7171845150153416,0.7210404967774894,0.7171845150153416,0.7014464238373305,0.01043682737464289,0.0,0.0,0.0,0.01043682737464289
38.70000000000024,0.5,18.524999999999928,-0.5253949936231948,3.848736872693223,5.278087790277766,3.848736872693223,-0.5253949936231948,-6.50844428561561,-6.508444285595658,0.70157092364769,0.7173157015953259,0.7211740140156522,0.7173157015953259,0.70157092364769,0.01044074296260498,0.0,0.0,0.0,0.01044074296260498
38.80000000000026,0.5,18.57499999999994,-0.5073205618978704,3.8690397415111306,5.29929705104837,3.8690397415111306,-0.5073205618978704,-6.492218214825186,-6.492218214805121,0.7016948351159983,0.7174462042401818,0.7213068281116329,0.7174462042401818,0.7016948351159983,0.010444469994126298,0.0,0.0,0.0,0.010444469994126298
38.90000000000028,0.5,18.62499999999995,-0.48925782251768624,3.8893132580845418,5.320469816708226,3.8893132580845418,-0.48925782251768624,-6.475988649830867,-6.475988649810688,0.7018181624872027,0.7175760287883695,0.7214389450514899,0.7175760287883695,0.7018181624872027,0.01044800968716268,0.0,0.0,0.0,0.01044800968716268
39.000000000000306,0.5,18.67499999999996,-0.471206704192241,3.909557626562787,5.341606346337869,3.909557626562787,-0.471206704192241,-6.459755633212467,-6.459755633192287,0.7019409098999804,0.7177051810199387,0.7215703707616067,0.7177051810199387,0.7019409098999804,0.010451365710029083,0.0,0.0,0.0,0.010451365710029083
39.10000000000033,0.5,18.724999999999973,-0.4531671361270355,3.9297730495150063,5.362706896985969,3.9297730495150063,-0.4531671361270355,-6.443519207228803,-6.443519207208681,0.70206308141148,0.7178336666572114,0.7217011111094458,0.7178336666572114,0.70206308141148,0.010454542237966458,0.0,0.0,0.0,0.010454542237966458
39.20000000000035,0.5,18.774999999999984,-0.4351390480171631,3.949959727955786,5.383771723681832,3.949959727955786,-0.4351390480171631,-6.427279413820145,-6.427279413799965,0.7021846810237498,0.717961491365514,0.721831171904244,0.717961491365514,0.7021846810237498,0.010457543468612395,0.0,0.0,0.0,0.010457543468612395
39.300000000000374,0.5,18.824999999999996,-0.4171223700445239,3.9701178613530033,5.40480107944785,3.9701178613530033,-0.4171223700445239,-6.411036294610199,-6.4110362945899055,0.7023057126851526,0.7180886607538551,0.7219605588976983,0.7180886607538551,0.7023057126851526,0.010460373598980896,0.0,0.0,0.0,0.010460373598980896
39.4000000000004,0.5,18.875000000000007,-0.39911703286963984,3.9902476476422635,5.42579521532349,3.9902476476422635,-0.39911703286963984,-6.394789890908498,-6.394789890888262,0.7024261802906522,0.7182151803756037,0.7220892777846769,0.7182151803756037,0.7024261802906522,0.010463036825744879,0.0,0.0,0.0,0.010463036825744879
39.50000000000042,0.5,18.92500000000002,-0.38112296763193854,4.010349283232813,5.446754380385016,4.010349283232813,-0.38112296763193854,-6.378540243712962,-6.378540243692612,0.7025460876820355,0.7183410557291441,0.7222173342039041,0.7183410557291441,0.7025460876820355,0.010465537346561558,0.0,0.0,0.0,0.010465537346561558
39.60000000000044,0.5,18.97500000000003,-0.363140105940829,4.030422963033004,5.467678821759023,4.030422963033004,-0.363140105940829,-6.362287393711426,-6.362287393691133,0.7026654386481725,0.7184662922585646,0.7223447337386218,0.7184662922585646,0.7026654386481725,0.010467879361368332,0.0,0.0,0.0,0.010467879361368332
39.700000000000465,0.5,19.02500000000004,-0.34516837985194115,4.050468880453195,5.4885687846342535,4.050468880453195,-0.34516837985194115,-6.346031381284661,-6.346031381264254,0.7027842367430039,0.7185908953542848,0.7224714819172366,0.7185908953542848,0.7027842367430039,0.010470066799096529,0.0,0.0,0.0,0.010470066799096529
39.80000000000049,0.5,19.075000000000053,-0.3272077217773699,4.070487227423939,5.509424512285648,4.070487227423939,-0.3272077217773699,-6.329772246507503,-6.329772246487096,0.7029024854749732,0.7187148703537076,0.7225975842139909,0.7187148703537076,0.7029024854749732,0.010472101740628004,0.0,0.0,0.0,0.010472101740628004
39.90000000000051,0.5,19.125000000000064,-0.3092580646463148,4.090478194407126,5.530246246094407,4.090478194407126,-0.3092580646463148,-6.313510029151587,-6.313510029131123,0.703020188545856,0.7188382225418498,0.7227230460496135,0.7188382225418498,0.703020188545856,0.010473987917638105,0.0,0.0,0.0,0.010473987917638105
40.00000000000053,0.5,19.175000000000075,-0.2913193418554556,4.110441970412694,5.551034225554076,4.110441970412694,-0.2913193418554556,-6.297244768687392,-6.2972447686668716,0.7031373495189158,0.7189609571519716,0.7228478727919243,0.7189609571519716,0.7031373495189158,0.01047573000159624,0.0,0.0,0.0,0.01047573000159624
40.100000000000556,0.5,19.225000000000087,-0.2733914872748642,4.130378743001302,5.571788688290269,4.130378743001302,-0.2733914872748642,-6.280976504286343,-6.280976504265823,0.7032539719123918,0.7190830793661676,0.7229720697564667,0.7190830793661676,0.7032539719123918,0.010477332676574108,0.0,0.0,0.0,0.010477332676574108
40.20000000000058,0.5,19.275000000000098,-0.2554744352232774,4.150288698301495,5.592509870081642,4.150288698301495,-0.2554744352232774,-6.264705274823257,-6.264705274802509,0.7033700592021315,0.7192045943159806,0.7230956422071366,0.7192045943159806,0.7033700592021315,0.010478800604695382,0.0,0.0,0.0,0.010478800604695382
40.3000000000006,0.5,19.32500000000011,-0.23756812050078224,4.1701720210273265,5.613198004872061,4.1701720210273265,-0.23756812050078224,-6.248431118877988,-6.24843111885707,0.7034856148213543,0.7193255070830149,0.723218595356776,0.7193255070830149,0.7034856148213543,0.010480138427968206,0.0,0.0,0.0,0.010480138427968206
40.400000000000624,0.5,19.37500000000012,-0.2196724783397599,4.190028894476882,5.6338533247886176,4.190028894476882,-0.2196724783397599,-6.232154074738048,-6.23215407471713,0.7036006421606039,0.7194458226994855,0.7233409343677764,0.7194458226994855,0.7036006421606039,0.010481350770964537,0.0,0.0,0.0,0.010481350770964537
40.50000000000065,0.5,19.425000000000132,-0.20178744441341223,4.209859500559162,5.654476060154593,4.209859500559162,-0.20178744441341223,-6.2158741804003625,-6.215874180379387,0.7037151443838511,0.7195655461488377,0.7234626643526619,0.7195655461488377,0.7037151443838511,0.01048244199087219,0.0,0.0,0.0,0.01048244199087219
40.60000000000067,0.5,19.475000000000144,-0.18391295476163805,4.229664019796189,5.675066439509578,4.229664019796189,-0.18391295476163805,-6.199591473573321,-6.199591473552346,0.7038291246586604,0.7196846823662904,0.7235837903746787,0.7196846823662904,0.7038291246586604,0.010483415183751428,0.0,0.0,0.0,0.010483415183751428
40.70000000000069,0.5,19.525000000000155,-0.16604894591313268,4.249442631336478,5.695624689617205,4.249442631336478,-0.16604894591313268,-6.183305991679049,-6.183305991658017,0.7039425863286872,0.719803236239406,0.7237043174483492,0.719803236239406,0.7039425863286872,0.010484274903765639,0.0,0.0,0.0,0.010484274903765639
40.800000000000715,0.5,19.575000000000166,-0.148195354847644,4.269195512970498,5.716151035485609,4.269195512970498,-0.148195354847644,-6.167017771854944,-6.167017771833912,0.7040555326149843,0.71992121260865,0.723824250540049,0.71992121260865,0.7040555326149843,0.010485026219169618,0.0,0.0,0.0,0.010485026219169618
40.90000000000074,0.5,19.625000000000178,-0.13035211898869647,4.288922841137946,5.736645700384486,4.288922841137946,-0.13035211898869647,-6.150726850956346,-6.1507268509352,0.7041679667036916,0.7200386162679325,0.7239435945685674,0.7200386162679325,0.7041679667036916,0.0104856741633361,0.0,0.0,0.0,0.0104856741633361
41.00000000000076,0.5,19.67500000000019,-0.11251917620762697,4.308624790929855,5.757108905854523,4.308624790929855,-0.11251917620762697,-6.1344332655583,-6.1344332655371545,0.704279891746838,0.7201554519651162,0.7240623544056424,0.7201554519651162,0.704279891746838,0.010486223728188963,0.0,0.0,0.0,0.010486223728188963
41.10000000000078,0.5,19.7250000000002,-0.09469646481443306,4.32830153612548,5.777540871727979,4.32830153612548,-0.09469646481443306,-6.118137051957717,-6.118137051936571,0.7043913108617854,0.7202717244026221,0.7241805348765166,0.7202717244026221,0.7043913108617854,0.010486679868504769,0.0,0.0,0.0,0.010486679868504769
41.200000000000806,0.5,19.77500000000021,-0.07688392352713436,4.347953249174566,5.79794181613812,4.347953249174566,-0.07688392352713436,-6.101838246175419,-6.101838246154159,0.7045022268688126,0.7203874382378704,0.7242981407604546,0.7203874382378704,0.7045022268688126,0.010487047218038363,0.0,0.0,0.0,0.010487047218038363
41.30000000000083,0.5,19.825000000000223,-0.05908149147541053,4.367580101223496,5.8183119555341705,4.367580101223496,-0.05908149147541053,-6.085536883957673,-6.085536883936356,0.7046126428241694,0.7205025980838413,0.7244151767912705,0.7205025980838413,0.7046126428241694,0.010487330135088131,0.0,0.0,0.0,0.010487330135088131
41.40000000000085,0.5,19.875000000000234,-0.04128910824107379,4.387182262127453,5.838651504700067,4.387182262127453,-0.04128910824107379,-6.069233000778581,-6.069233000757265,0.7047225617990024,0.7206172085095867,0.7245316476578604,0.7206172085095867,0.7047225617990024,0.010487533915984814,0.0,0.0,0.0,0.010487533915984814
41.500000000000874,0.5,19.925000000000246,-0.0235067138430054,4.406759900453437,5.858960676767822,4.406759900453437,-0.0235067138430054,-6.05292663184224,-6.052926631820753,0.7048319867937962,0.7207312740407086,0.724647558004707,0.7207312740407086,0.7048319867937962,0.010487663891381145,0.0,0.0,0.0,0.010487663891381145
41.6000000000009,0.5,19.975000000000257,-0.005734248740509429,4.426313183491061,5.879239683224853,4.426313183491061,-0.005734248740509429,-6.036617812084216,-6.036617812062616,0.7049409207816137,0.7208447991598594,0.7247629124323686,0.7208447991598594,0.7049409207816137,0.010487725327333487,0.0,0.0,0.0,0.010487725327333487
41.637500000000905,0.5,19.99375000000026,0.0009278778567818335,4.43363941945853,5.886836576460951,4.43363941945853,0.0009278778567818335,-6.03050137990698,-6.030501379885379,0.704981645041282,0.720887232662173,0.7248060279513248,0.720887232662173,0.704981645041282,0.010487731760108032,0.0,0.0,0.0,0.010487731760108032
