time_s,current_density_Acm2,charge_Ccm2,T_cell_1_C,T_cell_2_C,T_cell_3_C,T_cell_4_C,T_cell_5_C,T_endplate_left_C,T_endplate_right_C,V_cell_1_V,V_cell_2_V,V_cell_3_V,V_cell_4_V,V_cell_5_V,ice_cell_1_max_fraction,ice_cell_2_max_fraction,ice_cell_3_max_fraction,ice_cell_4_max_fraction,ice_cell_5_max_fraction
0.0,0.2,0.0,-10.00000000000017,-10.00000000000017,-10.000000000000057,-10.00000000000017,-10.00000000000017,-10.0,-10.0,0.3092535198458407,0.3096113238483676,0.3096113238483676,0.3096113238483676,0.3092535198458407,0.0,0.0,0.0,0.0,0.0
0.1,0.2,0.020000000000000004,-9.962482801843692,-9.961997053596917,-9.961992566954223,-9.961997053596917,-9.962482801843692,-9.99992141712903,-9.99992141712903,0.3173150944542657,0.31767432322444306,0.3176743362684832,0.31767432322444306,0.3173150944542657,0.0,0.0,0.0,0.0,0.0
0.2,0.2,0.04000000000000001,-9.925870811682728,-9.924266300493798,-9.924244213994768,-9.924266300493798,-9.925870811682728,-9.99974042239893,-9.99974042239893,0.3251292321719499,0.32549171540152605,0.3254917794711072,0.32549171540152605,0.3251292321719499,0.0,0.0,0.0,0.0,0.0
0.3,0.2,0.06000000000000001,-9.890128801410754,-9.886807198720078,-9.886746574848985,-9.886807198720078,-9.890128801410754,-9.999459759456897,-9.99945975945684,0.3327066036185872,0.3330740591136083,0.333074234596392,0.3330740591136083,0.3327066036185872,0.0,0.0,0.0,0.0,0.0
0.39999999999999997,0.2,0.08000000000000002,-9.855223952448341,-9.849619911084346,-9.849492772988015,-9.849619911084346,-9.855223952448341,-9.999082071304258,-9.999082071304315,0.3400572954022715,0.34043133568090456,0.34043170293158426,0.34043133568090456,0.3400572954022715,0.0,0.0,0.0,0.0,0.0
0.49999999999999994,0.2,0.10000000000000003,-9.821124950932301,-9.812704488604709,-9.812476549925464,-9.812704488604709,-9.821124950932301,-9.998609905050614,-9.998609905050671,0.3471908513329815,0.3475729897583807,0.3475736468561228,0.3475729897583807,0.3471908513329815,0.0,0.0,0.0,0.0,0.0
0.6,0.2,0.12000000000000005,-9.78780184050163,-9.776060804267217,-9.7756921472631,-9.776060804267217,-9.78780184050163,-9.998045716052559,-9.998045716052616,0.35411630782742004,0.3545079643390541,0.35450902502623305,0.3545079643390541,0.35411630782742004,0.0,0.0,0.0,0.0,0.0
0.7000000000000001,0.2,0.14000000000000007,-9.755225939855563,-9.739688546873367,-9.739134252042334,-9.739688546873367,-9.755225939855563,-9.997391871784828,-9.997391871784885,0.3608422262796923,0.36124473275951074,0.3612463245477207,0.36124473275951074,0.3608422262796923,0.0,0.0,0.0,0.0,0.0
0.8000000000000002,0.2,0.1600000000000001,-9.723369776228083,-9.70358722671773,-9.702797956935399,-9.70358722671773,-9.723369776228083,-9.996650655506073,-9.99665065550613,0.3673767229735336,0.36779132827505406,0.3677935907056116,0.36779132827505406,0.3673767229735336,0.0,0.0,0.0,0.0,0.0
0.9000000000000002,0.2,0.1800000000000001,-9.692207026014557,-9.667756184682162,-9.666678726716214,-9.667756184682162,-9.692207026014557,-9.995824269744219,-9.995824269744276,0.3737274968065357,0.3741553714711321,0.3741584545182083,0.3741553714711321,0.3737274968065357,0.0,0.0,0.0,0.0,0.0
1.0000000000000002,0.2,0.20000000000000012,-9.661712460075023,-9.632194602467905,-9.630772368514613,-9.632194602467905,-9.661712460075023,-9.994914839616854,-9.994914839616968,0.37990185501635565,0.3803440956988789,0.38034815830452684,0.3803440956988789,0.37990185501635565,0.0,0.0,0.0,0.0,0.0
1.1000000000000003,0.2,0.22000000000000014,-9.631861892676966,-9.596901513130774,-9.595075004927082,-9.596901513130774,-9.631861892676966,-9.9939244159969,-9.993924415997014,0.3859067370713621,0.3863643706953964,0.38636957942638284,0.3863643706953964,0.3859067370713621,0.0,0.0,0.0,0.0,0.0
1.2000000000000004,0.2,0.24000000000000016,-9.602632133474799,-9.561875811537107,-9.559583049394632,-9.561875811537107,-9.602632133474799,-9.992854978533387,-9.9928549785335,0.39174873687260775,0.3922227245339647,0.3922292523512893,0.3922227245339647,0.39174873687260775,0.0,0.0,0.0,0.0,0.0
1.3000000000000005,0.2,0.2600000000000002,-9.574000942187467,-9.527116264554763,-9.524293183539953,-9.527116264554763,-9.574000942187467,-9.991708438535511,-9.991708438535625,0.3974341234011826,0.3979253640368174,0.39793338916946147,0.3979253640368174,0.3974341234011826,0.0,0.0,0.0,0.0,0.0
1.4000000000000006,0.2,0.2800000000000002,-9.545946985688374,-9.49262152083412,-9.489202336226867,-9.49262152083412,-9.545946985688374,-9.990486641727216,-9.99048664172733,0.4029688599337581,0.4034781937720095,0.40348789868699164,0.4034781937720095,0.4029688599337581,0.0,0.0,0.0,0.0,0.0
1.5000000000000007,0.2,0.3000000000000002,-9.518449797322262,-9.458390120172623,-9.454307664140572,-9.458390120172623,-9.518449797322262,-9.9891913708787,-9.989191370878814,0.40835862193850747,0.40888683374526,0.40889840420688633,0.40888683374526,0.40835862193850747,0.0,0.0,0.0,0.0,0.0
1.6000000000000008,0.2,0.32000000000000023,-9.491489738270445,-9.424420502408111,-9.419606533760827,-9.424420502408111,-9.491489738270445,-9.98782434832151,-9.987824348321567,0.4136088137540982,0.41415663588837515,0.41417026009999186,0.41415663588837515,0.4136088137540982,0.0,0.0,0.0,0.0,0.0
1.7000000000000008,0.2,0.34000000000000025,-9.465047960848324,-9.390711015847614,-9.385096504640615,-9.390711015847614,-9.465047960848324,-9.98638723835262,-9.986387238352677,0.4187245841455081,0.41929269943704284,0.419308567259042,0.41929269943704284,0.4187245841455081,0.0,0.0,0.0,0.0,0.0
1.800000000000001,0.2,0.36000000000000026,-9.439106373586014,-9.357259925241749,-9.350775313846441,-9.357259925241749,-9.439106373586014,-9.984881649533122,-9.984881649533179,0.42371084082260496,0.42429988528286366,0.4243181875213235,0.42429988528286366,0.42371084082260496,0.0,0.0,0.0,0.0,0.0
1.900000000000001,0.2,0.3800000000000003,-9.413647608025656,-9.324065419314138,-9.316640861510393,-9.324065419314138,-9.413647608025656,-9.983309136886646,-9.98330913688676,0.42857226399990694,0.4291828293773319,0.4292037571379576,0.4291828293773319,0.42857226399990694,0.0,0.0,0.0,0.0,0.0
2.000000000000001,0.2,0.4000000000000003,-9.38865498710959,-9.291125617850128,-9.28269119739241,-9.291125617850128,-9.38865498710959,-9.981671204002168,-9.981671204002225,0.43331331906953136,0.4339459552589258,0.4339696993614032,0.4339459552589258,0.43331331906953136,0.0,0.0,0.0,0.0,0.0
2.1000000000000005,0.2,0.4200000000000003,-9.364112495092627,-9.258438578380833,-9.248924508403832,-9.258438578380833,-9.364112495092627,-9.9799693050457,-9.979969305045756,0.4379382684531947,0.4385934857684541,0.43862023621667956,0.4385934857684541,0.4379382684531947,0.0,0.0,0.0,0.0,0.0
2.2,0.2,0.44000000000000034,-9.340004748872957,-9.226002302472864,-9.215339107007537,-9.226002302472864,-9.340004748872957,-9.978204846685742,-9.978204846685799,0.4424511826937601,0.44312945401245935,0.44315939951646904,0.44312945401245935,0.4424511826937601,0.0,0.0,0.0,0.0,0.0
2.3,0.2,0.46000000000000035,-9.316316970687296,-9.19381474163174,-9.1819334204543,-9.19381474163174,-9.316316970687296,-9.97637918993587,-9.976379189935926,0.4468559508417536,0.4475577136295809,0.44759104117523285,0.4475577136295809,0.4468559508417536,0.0,0.0,0.0,0.0,0.0
2.3999999999999995,0.2,0.48000000000000037,-9.293034962093259,-9.161873802848106,-9.14870598078653,-9.161873802848106,-9.293034962093259,-9.974493651918465,-9.974493651918522,0.4511562901878153,0.45188194841024104,0.45191884287305273,0.45188194841024104,0.4511562901878153,0.0,0.0,0.0,0.0,0.0
2.499999999999999,0.2,0.5000000000000003,-9.270145079167776,-9.13017735380663,-9.115655415560639,-9.13017735380663,-9.270145079167776,-9.972549507553936,-9.972549507553936,0.4553557553879391,0.4561056813159711,0.456146325115779,0.4561056813159711,0.4553557553879391,0.0,0.0,0.0,0.0,0.0
2.5999999999999988,0.2,0.5200000000000004,-9.247634208860347,-9.098723227763571,-9.082780439254975,-9.098723227763571,-9.247634208860347,-9.970547991177739,-9.970547991177796,0.4594577470245751,0.4602322829410283,0.46027685573430066,0.4602322829410283,0.4594577470245751,0.0,0.0,0.0,0.0,0.0
2.6999999999999984,0.2,0.5400000000000004,-9.225489746445191,-9.06750922811193,-9.050079845286405,-9.06750922811193,-9.225489746445191,-9.968490298089762,-9.968490298089876,0.46346551964326865,0.4642649794555316,0.46431365786248835,0.4642649794555316,0.46346551964326865,0.0,0.0,0.0,0.0,0.0
2.799999999999998,0.2,0.5600000000000004,-9.203699574011523,-9.036533132669376,-9.017552498627651,-9.036533132669376,-9.203699574011523,-9.96637758603805,-9.966377586038163,0.4673821893013853,0.4682068600662108,0.4682598174300674,0.4682068600662108,0.4673821893013853,0.0,0.0,0.0,0.0,0.0
2.8999999999999977,0.2,0.5800000000000004,-9.182252039944558,-9.005792697668937,-8.985197328973356,-9.005792697668937,-9.182252039944558,-9.96421097664063,-9.964210976640743,0.4712107406626199,0.47206088402819296,0.4721182902039824,0.47206088402819296,0.4712107406626199,0.0,0.0,0.0,0.0,0.0
2.9999999999999973,0.2,0.6000000000000004,-9.161135939349037,-8.975285661494183,-8.953013324408744,-8.975285661494183,-9.161135939349037,-9.96199155674833,-9.961991556748387,0.4749540336683753,0.4758298872385125,0.4758919084092105,0.4758298872385125,0.4749540336683753,0.0,0.0,0.0,0.0,0.0
3.099999999999997,0.2,0.6200000000000004,-9.140340495352461,-8.945009748168218,-8.920999525561967,-8.945009748168218,-9.140340495352461,-9.959720379750252,-9.959720379750365,0.47861480981477034,0.4795165884397483,0.4795833869575404,0.4795165884397483,0.47861480981477034,0.0,0.0,0.0,0.0,0.0
3.1999999999999966,0.2,0.6400000000000005,-9.119855341273137,-8.914962670605576,-8.889155020200178,-8.914962670605576,-9.119855341273137,-9.957398466825794,-9.957398466825964,0.4821956980617371,0.48312359506005004,0.4831953293107423,0.48312359506005004,0.4821956980617371,0.0,0.0,0.0,0.0,0.0
3.2999999999999963,0.2,0.6600000000000005,-9.09967050357568,-8.8851421336376,-8.857478938243617,-8.8851421336376,-9.09967050357568,-9.955026808145192,-9.955026808145362,0.48569922039883323,0.4866534087138144,0.4867302330025155,0.4866534087138144,0.48569922039883323,0.0,0.0,0.0,0.0,0.0
3.399999999999996,0.2,0.6800000000000005,-9.07977638561158,-8.85554583681727,-8.825970447157431,-8.85554583681727,-9.07977638561158,-9.95260636401963,-9.952606364019857,0.48912779709037657,0.4901084303854869,0.49019049484183247,0.4901084303854869,0.48912779709037657,0.0,0.0,0.0,0.0,0.0
3.4999999999999956,0.2,0.7000000000000005,-9.060163752070082,-8.826171477054118,-8.794628747721106,-8.826171477054118,-9.060163752070082,-9.950138066005763,-9.95013806600599,0.49248375162103686,0.4934909653171731,0.49357841581852785,0.4934909653171731,0.49248375162103686,0.0,0.0,0.0,0.0,0.0
3.599999999999995,0.2,0.7200000000000005,-9.040823714132273,-8.79701675103155,-8.76345307012565,-8.79701675103155,-9.040823714132273,-9.947622817963918,-9.947622817964145,0.495769315361274,0.496803227619484,0.4968962057305762,0.496803227619484,0.495769315361274,0.0,0.0,0.0,0.0,0.0
3.699999999999995,0.2,0.7400000000000005,-9.021747715288427,-8.768079357457452,-8.732442670376997,-8.768079357457452,-9.021747715288427,-9.945061497073937,-9.945061497074107,0.4989866319707184,0.5000473446233646,0.5001459875510156,0.5000473446233646,0.4989866319707184,0.0,0.0,0.0,0.0,0.0
3.7999999999999945,0.2,0.7600000000000006,-9.002927517774935,-8.739356999153358,-8.701596827017,-8.739356999153358,-9.002927517774935,-9.942454954809648,-9.942454954809818,0.5021377615562737,0.5032253609894907,0.5033298015511077,0.5032253609894907,0.5021377615562737,0.0,0.0,0.0,0.0,0.0
3.899999999999994,0.2,0.7800000000000006,-8.984355189610199,-8.710847384971203,-8.670914838090937,-8.710847384971203,-8.984355189610199,-9.939804017874224,-9.939804017874394,0.5052246846004911,0.506339242590675,0.5064496091953438,0.506339242590675,0.5052246846004911,0.0,0.0,0.0,0.0,0.0
3.999999999999994,0.2,0.8000000000000006,-8.96602309220043,-8.682548231570138,-8.640396018382148,-8.682548231570138,-8.96602309220043,-9.937109489097395,-9.93710948909768,0.5082493056746551,0.509390880181512,0.5095072968225632,0.509390880181512,0.5082493056746551,0.0,0.0,0.0,0.0,0.0
4.099999999999993,0.2,0.8200000000000006,-8.947923868492808,-8.654457265065787,-8.610039696879255,-8.654457265065787,-8.947923868492808,-9.934372148297427,-9.934372148297712,0.5112134569500152,0.5123820928685264,0.5125046791266026,0.5123820928685264,0.5112134569500152,0.0,0.0,0.0,0.0,0.0
4.199999999999993,0.2,0.8400000000000006,-8.930050431641291,-8.626572222519599,-8.579845214467923,-8.626572222519599,-8.930050431641291,-9.931592753107907,-9.931592753108191,0.5141189015196864,0.515314631393309,0.5154435024488686,0.515314631393309,0.5141189015196864,0.0,0.0,0.0,0.0,0.0
4.299999999999993,0.2,0.8600000000000007,-8.91239595415891,-8.598890853321961,-8.549811921821913,-8.598890853321961,-8.91239595415891,-9.928772039772184,-9.928772039772412,0.5169673365428449,0.5181901812399841,0.518325447894443,0.5181901812399841,0.5169673365428449,0.0,0.0,0.0,0.0,0.0
4.399999999999992,0.2,0.8800000000000007,-8.894953857544465,-8.57141092046237,-8.519939177492404,-8.57141092046237,-8.894953857544465,-9.925910723905815,-9.925910723905986,0.5197603962220326,0.521010365577786,0.5211521342824393,0.521010365577786,0.5197603962220326,0.0,0.0,0.0,0.0,0.0
4.499999999999992,0.2,0.9000000000000007,-8.877717802359427,-8.544130201676182,-8.490226346159773,-8.544130201676182,-8.877717802359427,-9.923009501229274,-9.923009501229501,0.5224996546236574,0.5237767480487411,0.5239251209407184,0.5237767480487411,0.5224996546236574,0.0,0.0,0.0,0.0,0.0
4.599999999999992,0.2,0.9200000000000007,-8.860681678724347,-8.517046490498444,-8.460672797068696,-8.517046490498444,-8.860681678724347,-9.920069048271614,-9.920069048271785,0.5251866283511346,0.5264908354097052,0.5266459103542223,0.5264908354097052,0.5251866283511346,0.0,0.0,0.0,0.0,0.0
4.699999999999991,0.2,0.9400000000000007,-8.843839597229135,-8.490157597217319,-8.431277902594275,-8.490157597217319,-8.843839597229135,-9.917090023046171,-9.917090023046342,0.5278227790793913,0.5291540800374634,0.5293159506757589,0.5291540800374634,0.5278227790793913,0.0,0.0,0.0,0.0,0.0
4.799999999999991,0.2,0.9600000000000007,-8.827185880221236,-8.463461349740044,-8.402041036971696,-8.463461349740044,-8.827185880221236,-9.91407306570045,-9.914073065700563,0.5304095159589901,0.5317678823049595,0.531936638107271,0.5317678823049595,0.5304095159589901,0.0,0.0,0.0,0.0,0.0
4.899999999999991,0.2,0.9800000000000008,-8.81071505346739,-8.436955594368328,-8.372961575140039,-8.436955594368328,-8.81071505346739,-9.911018799139867,-9.911018799139924,0.5329481978974714,0.5343335928362585,0.5345093191592889,0.5343335928362585,0.5329481978974714,0.0,0.0,0.0,0.0,0.0
4.99999999999999,0.2,1.0000000000000007,-8.794421838179971,-8.4106381964977,-8.344038891716536,-8.4106381964977,-8.794421838179971,-9.907927829627909,-9.907927829627965,0.5354401357250359,0.5368525146472537,0.5370352927956099,0.5368525146472537,0.5354401357250359,0.0,0.0,0.0,0.0,0.0
5.09999999999999,0.2,1.0200000000000007,-8.7783011433595,-8.384507041244774,-8.315272360078609,-8.384507041244774,-8.7783011433595,-9.904800747362628,-9.904800747362685,0.5378865942513466,0.539325905178744,0.5395158124698776,0.539325905178744,0.5378865942513466,0.0,0.0,0.0,0.0,0.0
5.1999999999999895,0.2,1.0400000000000007,-8.762348058476334,-8.358560033998003,-8.286661351553676,-8.358560033998003,-8.762348058476334,-9.901638127030822,-9.901638127030878,0.5402887942195834,0.5417549782280684,0.5419520880602456,0.5417549782280684,0.5402887942195834,0.0,0.0,0.0,0.0,0.0
5.299999999999989,0.2,1.0600000000000007,-8.746557846450457,-8.332795100910346,-8.258205234701052,-8.332795100910346,-8.746557846450457,-9.898440528341098,-9.898440528341155,0.5426479141636718,0.5441409057850357,0.544345287707963,0.5441409057850357,0.5426479141636718,0.0,0.0,0.0,0.0,0.0
5.399999999999989,0.2,1.0800000000000007,-8.730925936924166,-8.307210189331158,-8.229903374689343,-8.307210189331158,-8.730925936924166,-9.89520849653627,-9.89520849653627,0.5449650921741336,0.5464848197775838,0.5466965395652897,0.5464848197775838,0.5449650921741336,0.0,0.0,0.0,0.0,0.0
5.4999999999999885,0.2,1.1000000000000008,-8.715447919817962,-8.281803268165447,-8.201755132745745,-8.281803268165447,-8.715447919817962,-9.891942562886015,-9.891942562886015,0.5472414275776825,0.5487878137322716,0.5490069334578787,0.5487878137322716,0.5472414275776825,0.0,0.0,0.0,0.0,0.0
5.599999999999988,0.2,1.1200000000000008,-8.70011953915548,-8.256572328206289,-8.17375986569607,-8.256572328206289,-8.70011953915548,-9.888643245161177,-9.88864324516112,0.5494779825353593,0.5510509443542387,0.5512775224663338,0.5510509443542387,0.5494779825353593,0.0,0.0,0.0,0.0,0.0
5.699999999999988,0.2,1.1400000000000008,-8.68493668713802,-8.231515382399891,-8.145916925554957,-8.231515382399891,-8.68493668713802,-9.885311048089306,-9.885311048089193,0.5516757835637505,0.5532752330311954,0.5535093244315179,0.5532752330311954,0.5516757835637505,0.0,0.0,0.0,0.0,0.0
5.799999999999987,0.2,1.1600000000000008,-8.669895398471397,-8.206630466064098,-8.118225659198345,-8.206630466064098,-8.669895398471397,-9.881946463793554,-9.881946463793497,0.5538358229834587,0.5554616672655847,0.5557033233876929,0.5554616672655847,0.5538358229834587,0.0,0.0,0.0,0.0,0.0
5.899999999999987,0.2,1.1800000000000008,-8.654991844911251,-8.18191563707552,-8.090685408083232,-8.18191563707552,-8.654991844911251,-9.878549972214842,-9.878549972214728,0.5559590602988609,0.5576112020387846,0.5578604709275272,0.5576112020387846,0.5559590602988609,0.0,0.0,0.0,0.0,0.0
5.999999999999987,0.2,1.2000000000000008,-8.640222330051756,-8.157368976004534,-8.063295508024453,-8.157368976004534,-8.640222330051756,-9.875122041517614,-9.875122041517443,0.5580464235127857,0.5597247611111028,0.5599816875026198,0.5597247611111028,0.5580464235127857,0.0,0.0,0.0,0.0,0.0
6.099999999999986,0.2,1.2200000000000009,-8.625583284316463,-8.132988586221984,-8.036055289022102,-8.132988586221984,-8.625583284316463,-9.871663128480805,-9.87166312848069,0.5600988103796769,0.5618032382609592,0.5620678636630211,0.5618032382609592,0.5600988103796769,0.0,0.0,0.0,0.0,0.0
6.199999999999986,0.2,1.2400000000000009,-8.611071260144968,-8.10877259396949,-8.008964075135111,-8.10877259396949,-8.611071260144968,-9.868173678874314,-9.868173678874143,0.5621170896005404,0.5638474984665249,0.5641198612390175,0.5638474984665249,0.5621170896005404,0.0,0.0,0.0,0.0,0.0
6.299999999999986,0.2,1.260000000000001,-8.596682927389793,-8.084719148393674,-7.982021184391215,-8.084719148393674,-8.596682927389793,-9.864654127820643,-9.864654127820529,0.5641021019626828,0.565858379032889,0.5661385144682629,0.565858379032889,0.5641021019626828,0.0,0.0,0.0,0.0,0.0
6.399999999999985,0.2,1.280000000000001,-8.582415068898797,-8.06082642155917,-7.955225928741186,-8.06082642155917,-8.582415068898797,-9.861104900143971,-9.861104900143857,0.5660546614271975,0.567836690667571,0.568124631071105,0.567836690667571,0.5660546614271975,0.0,0.0,0.0,0.0,0.0
6.499999999999985,0.2,1.300000000000001,-8.568264576258173,-8.037092608423109,-7.928577614046048,-8.037092608423109,-8.568264576258173,-9.857526410705532,-9.857526410705418,0.5679755561669855,0.5697832185071492,0.5700789932768566,0.5697832185071492,0.5679755561669855,0.0,0.0,0.0,0.0,0.0
6.5999999999999845,0.2,1.320000000000001,-8.554228445730644,-8.01351592679822,-7.902075540084297,-8.01351592679822,-8.554228445730644,-9.853919064726767,-9.85391906472671,0.5698655495577535,0.5716987230974637,0.572002358803576,0.5716987230974637,0.5698655495577535,0.0,0.0,0.0,0.0,0.0
6.699999999999984,0.2,1.340000000000001,-8.540303774338213,-7.990094617284967,-7.875719000601805,-7.990094617284967,-8.540303774338213,-9.850283258101001,-9.850283258101001,0.5717253811245449,0.5735839413298628,0.5738954617937091,0.5735839413298628,0.5717253811245449,0.0,0.0,0.0,0.0,0.0
6.799999999999984,0.2,1.360000000000001,-8.526487756109248,-7.966826943178376,-7.849507283384185,-7.966826943178376,-8.526487756109248,-9.846619377693003,-9.846619377693003,0.5735557674460039,0.5754395873357179,0.575759013707895,0.5754395873357179,0.5735557674460039,0.0,0.0,0.0,0.0,0.0
6.8999999999999835,0.2,1.380000000000001,-8.512777678478074,-7.943711190365718,-7.823439670346886,-7.943711190365718,-8.512777678478074,-9.842927801627752,-9.842927801627752,0.5753574030185429,0.5772663533413116,0.5775937041790857,0.5772663533413116,0.5753574030185429,0.0,0.0,0.0,0.0,0.0
6.999999999999983,0.2,1.400000000000001,-8.499170918819004,-7.920745667195149,-7.797515437643199,-7.920745667195149,-8.499170918819004,-9.839208899568803,-9.839208899568803,0.5771309610824779,0.5790649104851506,0.5794002018289802,0.5790649104851506,0.5771309610824779,0.0,0.0,0.0,0.0,0.0
7.099999999999983,0.2,1.420000000000001,-8.485664941127766,-7.897928704345304,-7.771733855803461,-7.897928704345304,-8.485664941127766,-9.83546303298624,-9.83546303298624,0.57887709441198,0.580835909599512,0.581179155048636,0.580835909599512,0.57887709441198,0.0,0.0,0.0,0.0,0.0
7.199999999999982,0.2,1.440000000000001,-8.472257292824736,-7.875258654653919,-7.746094189875123,-7.875258654653919,-8.472257292824736,-9.831690555415094,-9.831690555415094,0.5805964360707196,0.5825799819581434,0.5829311927451222,0.5825799819581434,0.5805964360707196,0.0,0.0,0.0,0.0,0.0
7.299999999999982,0.2,1.460000000000001,-8.458945601688129,-7.852733892961396,-7.720595699590319,-7.852733892961396,-8.458945601688129,-9.827891812704308,-9.827891812704308,0.5822896001348575,0.5842977399916233,0.5846569250558277,0.5842977399916233,0.5822896001348575,0.0,0.0,0.0,0.0,0.0
7.399999999999982,0.2,1.480000000000001,-8.445727572913938,-7.830352815918616,-7.695237639534639,-7.830352815918616,-8.445727572913938,-9.824067143256514,-9.82406714325657,0.5839571823849935,0.585989777972142,0.586356944032098,0.585989777972142,0.5839571823849935,0.0,0.0,0.0,0.0,0.0
7.499999999999981,0.2,1.500000000000001,-8.432600986282239,-7.80811384180214,-7.6700192593368115,-7.80811384180214,-8.432600986282239,-9.820216878259487,-9.820216878259487,0.5855997609686299,0.5876566726690683,0.5880318242936312,0.5876566726690683,0.5855997609686299,0.0,0.0,0.0,0.0,0.0
7.599999999999981,0.2,1.5200000000000011,-8.419563693434156,-7.786015410304742,-7.6449398038611776,-7.786015410304742,-8.419563693434156,-9.816341341908924,-9.816341341908924,0.5872178970345708,0.5892989839768216,0.5896821236551284,0.5892989839768216,0.5872178970345708,0.0,0.0,0.0,0.0,0.0
7.699999999999981,0.2,1.5400000000000011,-8.40661361526935,-7.764055982328728,-7.619998513408518,-7.764055982328728,-8.40661361526935,-9.812440851623535,-9.812440851623592,0.5888121353405622,0.5909172555163184,0.5913083837265058,0.5909172555163184,0.5888121353405622,0.0,0.0,0.0,0.0,0.0
7.79999999999998,0.2,1.5600000000000012,-8.393748739417106,-7.7422340397587845,-7.595194623929558,-7.7422340397587845,-8.393748739417106,-9.808515718252238,-9.808515718252295,0.5903830048355866,0.5925120152113252,0.5929111304879381,0.5925120152113252,0.5903830048355866,0.0,0.0,0.0,0.0,0.0
7.89999999999998,0.2,1.5800000000000012,-8.380967117835723,-7.720548085240921,-7.5705273672390945,-7.720548085240921,-8.380967117835723,-9.804566246274021,-9.804566246274021,0.5919310192178603,0.5940837758408491,0.594490874840968,0.5940837758408491,0.5919310192178603,0.0,0.0,0.0,0.0,0.0
7.99999999999998,0.2,1.6000000000000012,-8.368266864488191,-7.698996641947701,-7.545995971234333,-7.698996641947701,-8.368266864488191,-9.80059273399064,-9.80059273399064,0.5934566774698135,0.5956330355687587,0.5960481131368036,0.5956330355687587,0.5934566774698135,0.0,0.0,0.0,0.0,0.0
8.09999999999998,0.2,1.6200000000000012,-8.35564615310983,-7.677578253341608,-7.521599660121524,-7.677578253341608,-8.35564615310983,-9.796595473712728,-9.796595473712728,0.5949604643710908,0.5971602784516777,0.5975833276828779,0.5971602784516777,0.5949604643710908,0.0,0.0,0.0,0.0,0.0
8.199999999999982,0.2,1.6400000000000012,-8.34310321505967,-7.65629148292777,-7.49733765463634,-7.65629148292777,-8.34310321505967,-9.7925747519389,-9.792574751939014,0.596442850990621,0.5986659749262044,0.5990969872287154,0.5986659749262044,0.596442850990621,0.0,0.0,0.0,0.0,0.0
8.299999999999983,0.2,1.6600000000000013,-8.330636337264139,-7.635134914006983,-7.473209172277961,-7.635134914006983,-8.330636337264139,-9.788530849529138,-9.788530849529252,0.5979042951586833,0.6001505822763741,0.6005895474320372,0.6001505822763741,0.5979042951586833,0.0,0.0,0.0,0.0,0.0
8.399999999999984,0.2,1.6800000000000013,-8.318243860223447,-7.614107149432414,-7.449213427536733,-7.614107149432414,-8.318243860223447,-9.784464041871274,-9.784464041871388,0.5993452419199881,0.601614545082296,0.6020614513060567,0.601614545082296,0.5993452419199881,0.0,0.0,0.0,0.0,0.0
8.499999999999986,0.2,1.7000000000000013,-8.30592417611507,-7.593206811343123,-7.4253496321242665,-7.593206811343123,-8.30592417611507,-9.780374599042375,-9.780374599042432,0.6007661239685316,0.6030582956508891,0.6035131296488191,0.6030582956508891,0.6007661239685316,0.0,0.0,0.0,0.0,0.0
8.599999999999987,0.2,1.7200000000000013,-8.29367572694872,-7.572432540924581,-7.401616995198481,-7.572432540924581,-8.29367572694872,-9.776262785964207,-9.776262785964207,0.6021673620651814,0.6044822544294042,0.6049450014554243,0.6044822544294042,0.6021673620651814,0.0,0.0,0.0,0.0,0.0
8.699999999999989,0.2,1.7400000000000013,-8.281497002802666,-7.551782998139743,-7.3780147235981985,-7.551782998139743,-8.281497002802666,-9.772128862553018,-9.772128862553075,0.6035493654386869,0.6058868304026755,0.6063574743138748,0.6058868304026755,0.6035493654386869,0.0,0.0,0.0,0.0,0.0
8.79999999999999,0.2,1.7600000000000013,-8.269386540124913,-7.531256861472173,-7.354542022064379,-7.531256861472173,-8.269386540124913,-9.767973083864831,-9.767973083864888,0.604912532170902,0.6072724214747247,0.6077509447853537,0.6072724214747247,0.604912532170902,0.0,0.0,0.0,0.0,0.0
8.899999999999991,0.2,1.7800000000000014,-8.257342920104577,-7.5108528276703055,-7.331198093474711,-7.5108528276703055,-8.257342920104577,-9.763795700234766,-9.763795700234823,0.606257249566914,0.6086394148354456,0.6091257987695556,0.6086394148354456,0.606257249566914,0.0,0.0,0.0,0.0,0.0
8.999999999999993,0.2,1.8000000000000014,-8.245364767087835,-7.490569611485,-7.307982139056833,-7.490569611485,-8.245364767087835,-9.759596957412384,-9.759596957412384,0.6075838945108101,0.6099881873130655,0.6104824118558411,0.6099881873130655,0.6075838945108101,0.0,0.0,0.0,0.0,0.0
9.099999999999994,0.2,1.8200000000000014,-8.233450747075267,-7.470405945411073,-7.284893358615079,-7.470405945411073,-8.233450747075267,-9.755377096691745,-9.755377096691745,0.6088928338076177,0.6113191057129892,0.6118211496607472,0.6113191057129892,0.6088928338076177,0.0,0.0,0.0,0.0,0.0
9.199999999999996,0.2,1.8400000000000014,-8.221599566255634,-7.4503605794275245,-7.261930950751832,-7.4503605794275245,-8.221599566255634,-9.751136355037488,-9.751136355037545,0.6101844245121438,0.6126325271436307,0.6131423681525107,0.6126325271436307,0.6101844245121438,0.0,0.0,0.0,0.0,0.0
9.299999999999997,0.2,1.8600000000000014,-8.20980996960742,-7.430432280736682,-7.2390941130707915,-7.430432280736682,-8.20980996960742,-9.746874965206302,-9.74687496520636,0.611459014245201,0.6139287993298211,0.614446413963208,0.6139287993298211,0.611459014245201,0.0,0.0,0.0,0.0,0.0
9.399999999999999,0.2,1.8800000000000014,-8.198080739553916,-7.410619833512044,-7.216382042400085,-7.410619833512044,-8.198080739553916,-9.742593155864313,-9.742593155864313,0.6127169414978028,0.6152082609142977,0.6157336246889551,0.6152082609142977,0.6127169414978028,0.0,0.0,0.0,0.0,0.0
9.5,0.2,1.9000000000000015,-8.18641069465366,-7.390922038634358,-7.193793934991959,-7.390922038634358,-8.18641069465366,-9.73829115170048,-9.73829115170048,0.6139585359238938,0.6164712417478477,0.6170043291788008,0.6164712417478477,0.6139585359238938,0.0,0.0,0.0,0.0,0.0
9.600000000000001,0.2,1.9200000000000015,-8.174798688356248,-7.371337713439459,-7.171328986732419,-7.371337713439459,-8.174798688356248,-9.733969173536252,-9.733969173536252,0.615184118622028,0.6177180631685463,0.6182588478127107,0.6177180631685463,0.615184118622028,0.0,0.0,0.0,0.0,0.0
9.700000000000003,0.2,1.9400000000000015,-8.163243607798051,-7.3518656914679354,-7.148986393335065,-7.3518656914679354,-8.163243607798051,-9.72962743843118,-9.729627438431294,0.6163940024065278,0.6189490382705687,0.6194974927691931,0.6189490382705687,0.6163940024065278,0.0,0.0,0.0,0.0,0.0
9.800000000000004,0.2,1.9600000000000015,-8.151744372634994,-7.3325048222066584,-7.126765350536971,-7.3325048222066584,-8.151744372634994,-9.725266159785633,-9.725266159785747,0.617588492068585,0.6201644721630584,0.6207205682829413,0.6201644721630584,0.617588492068585,0.0,0.0,0.0,0.0,0.0
9.900000000000006,0.2,1.9800000000000015,-8.140299933934045,-7.313253970844471,-7.1046650542919,-7.313253970844471,-8.140299933934045,-9.720885547439252,-9.720885547439366,0.6187678846276592,0.621364662219418,0.6219283708929514,0.621364662219418,0.6187678846276592,0.0,0.0,0.0,0.0,0.0
10.000000000000007,0.2,2.0000000000000013,-8.12890927309246,-7.294112018021508,-7.082684700958509,-7.294112018021508,-8.12890927309246,-9.71648580776656,-9.716485807766674,0.6199324695736694,0.6225498983174673,0.6231211896815125,0.6225498983174673,0.6199324695736694,0.0,0.0,0.0,0.0,0.0
10.100000000000009,0.2,2.020000000000001,-8.117571400800784,-7.275077859583348,-7.060823487476625,-7.275077859583348,-8.117571400800784,-9.712067143769502,-9.712067143769673,0.6210825291003187,0.6237204630708407,0.6242993065044742,0.6237204630708407,0.6210825291003187,0.0,0.0,0.0,0.0,0.0
10.20000000000001,0.2,2.0400000000000005,-8.106285356046499,-7.256150406340964,-7.039080611547206,-7.256150406340964,-8.106285356046499,-9.707629755166579,-9.70762975516675,0.6222183383299194,0.624876632051977,0.6254629962131184,0.624876632051977,0.6222183383299194,0.0,0.0,0.0,0.0,0.0
10.300000000000011,0.2,2.06,-8.095050205152916,-7.237328583828742,-7.0174552718043515,-7.237328583828742,-8.095050205152916,-9.703173838479017,-9.703173838479245,0.6233401655300943,0.6260186740070733,0.6266125268680169,0.6260186740070733,0.6233401655300943,0.0,0.0,0.0,0.0,0.0
10.400000000000013,0.2,2.0799999999999996,-8.0838650408499,-7.218611332067667,-6.995946667981912,-7.218611332067667,-8.0838650408499,-9.698699587114618,-9.698699587114845,0.6244482723226864,0.6271468510633205,0.6277481599451924,0.6271468510633205,0.6244482723226864,0.0,0.0,0.0,0.0,0.0
10.500000000000014,0.2,2.099999999999999,-8.072728981379555,-7.199997605329145,-6.974554001076399,-7.199997605329145,-8.072728981379555,-9.694207191447902,-9.694207191448186,0.625542913885193,0.6282614189287425,0.6288701505349056,0.6282614189287425,0.625542913885193,0.0,0.0,0.0,0.0,0.0
10.600000000000016,0.2,2.1199999999999988,-8.061641169642314,-7.181486371900462,-6.953276473501205,-7.181486371900462,-8.061641169642314,-9.689696838898726,-9.68969683889901,0.6266243391450041,0.6293626270849526,0.6299787475333792,0.6293626270849526,0.6266243391450041,0.0,0.0,0.0,0.0,0.0
10.700000000000017,0.2,2.1399999999999983,-8.050600772358962,-7.1630766138663375,-6.932113289247184,-7.1630766138663375,-8.050600772358962,-9.685168714007432,-9.685168714007716,0.6276927909668079,0.630450718973056,0.6310741938277074,0.630450718973056,0.6276927909668079,0.0,0.0,0.0,0.0,0.0
10.800000000000018,0.2,2.159999999999998,-8.039606979282325,-7.144767326870294,-6.911063654025327,-7.144767326870294,-8.039606979282325,-9.680622998508,-9.680622998508227,0.6287485063333426,0.6315259321730942,0.632156726474289,0.6315259321730942,0.6287485063333426,0.0,0.0,0.0,0.0,0.0
10.90000000000002,0.2,2.1799999999999975,-8.028659002418067,-7.1265575199007,-6.890126775410067,-7.1265575199007,-8.028659002418067,-9.676059871398422,-9.67605987139865,0.6297917165198716,0.6325884985771586,0.633226576871005,0.6325884985771586,0.6297917165198716,0.0,0.0,0.0,0.0,0.0
11.000000000000021,0.2,2.199999999999997,-8.01775607528532,-7.108446215065783,-6.869301862980535,-7.108446215065783,-8.01775607528532,-9.6714795090096,-9.671479509009771,0.6308226472625413,0.6336386445565246,0.6342839709233907,0.6336386445565246,0.6308226472625413,0.0,0.0,0.0,0.0,0.0
11.100000000000023,0.2,2.2199999999999966,-8.006897452202793,-7.090432447376088,-6.848588128450615,-7.090432447376088,-8.006897452202793,-9.666882085070938,-9.666882085071052,0.6318415189209128,0.6346765911229983,0.6353291292050681,0.6346765911229983,0.6318415189209128,0.0,0.0,0.0,0.0,0.0
11.200000000000024,0.2,2.239999999999996,-7.996082407594088,-7.07251526453814,-6.827984785798606,-7.07251526453814,-7.996082407594088,-9.662267770774633,-9.662267770774804,0.6328485466348982,0.6357025540846906,0.6363622671126448,0.6357025540846906,0.6328485466348982,0.0,0.0,0.0,0.0,0.0
11.300000000000026,0.2,2.259999999999996,-7.985310235328086,-7.054693726739799,-6.807491051394777,-7.054693726739799,-7.985310235328086,-9.657636734837752,-9.657636734837808,0.6338439404762957,0.6367167441964932,0.6373835950152903,0.6367167441964932,0.6338439404762957,0.0,0.0,0.0,0.0,0.0
11.400000000000027,0.2,2.2799999999999954,-7.9745802480765065,-7.036966906438067,-6.787106144117786,-7.036966906438067,-7.9745802480765065,-9.65298914356191,-9.652989143561967,0.6348279055951577,0.6377193673054372,0.6383933183992393,0.6377193673054372,0.6348279055951577,0.0,0.0,0.0,0.0,0.0
11.500000000000028,0.2,2.299999999999995,-7.963891776690048,-7.019333888163885,-6.766829285473136,-7.019333888163885,-7.963891776690048,-9.648325160891488,-9.648325160891545,0.6358006423612123,0.6387106244910912,0.6393916380073676,0.6387106244910912,0.6358006423612123,0.0,0.0,0.0,0.0,0.0
11.60000000000003,0.2,2.3199999999999945,-7.9532441696088085,-7.001793768318521,-6.746659699702548,-7.001793768318521,-7.9532441696088085,-9.643644948469955,-9.643644948469955,0.6367623465004668,0.6396907122012587,0.6403787499740792,0.6396907122012587,0.6367623465004668,0.0,0.0,0.0,0.0,0.0
11.700000000000031,0.2,2.339999999999994,-7.942636792284759,-6.984345654970298,-6.726596613885079,-6.984345654970298,-7.942636792284759,-9.638948665694045,-9.638948665694045,0.6377132092272482,0.6406598223831426,0.6413548459556728,0.6406598223831426,0.6377132092272482,0.0,0.0,0.0,0.0,0.0
11.800000000000033,0.2,2.3599999999999937,-7.9320690266267775,-6.966988667671103,-6.7066392580479715,-6.966988667671103,-7.9320690266267775,-9.63423646976679,-9.63423646976679,0.6386534173718198,0.6416181426100831,0.6423201132563187,0.6416181426100831,0.6386534173718198,0.0,0.0,0.0,0.0,0.0
11.900000000000034,0.2,2.3799999999999932,-7.92154027046297,-6.949721937259312,-6.686786865256238,-6.949721937259312,-7.92154027046297,-9.629508515748341,-9.629508515748398,0.6395831535037615,0.6425658562041411,0.6432747349498957,0.6425658562041411,0.6395831535037615,0.0,0.0,0.0,0.0,0.0
12.000000000000036,0.2,2.399999999999993,-7.911049937027485,-6.932544605668397,-6.667038671713101,-6.932544605668397,-7.911049937027485,-9.624764956605645,-9.624764956605759,0.640502596051247,0.6435031423546284,0.6442188899977643,0.6435031423546284,0.640502596051247,0.0,0.0,0.0,0.0,0.0
12.100000000000037,0.2,2.4199999999999924,-7.900597454466833,-6.915455825751394,-6.647393916845033,-6.915455825751394,-7.900597454466833,-9.620005943260196,-9.62000594326031,0.6414119194163908,0.6444301762327077,0.645152753362691,0.6444301762327077,0.6414119194163908,0.0,0.0,0.0,0.0,0.0
12.200000000000038,0.2,2.439999999999992,-7.890182265349438,-6.898454761090534,-6.627851843388896,-6.898454761090534,-7.890182265349438,-9.615231624634475,-9.615231624634589,0.6423112940868501,0.6453471291023002,0.6460764961190375,0.6453471291023002,0.6423112940868501,0.0,0.0,0.0,0.0,0.0
12.30000000000004,0.2,2.4599999999999915,-7.879803826209297,-6.881540585825917,-6.6084116974714675,-6.881540585825917,-7.879803826209297,-9.610442147697086,-9.610442147697086,0.6432008867437432,0.6462541684273396,0.6469902855593671,0.6462541684273396,0.6432008867437432,0.0,0.0,0.0,0.0,0.0
12.400000000000041,0.2,2.479999999999991,-7.8694616070968095,-6.864712484475433,-6.589072728691747,-6.864712484475433,-7.8694616070968095,-9.605637657506179,-9.605637657506179,0.6440808603660886,0.6471514579755911,0.6478942852975818,0.6471514579755911,0.6440808603660886,0.0,0.0,0.0,0.0,0.0
12.500000000000043,0.2,2.4999999999999907,-7.859155091150399,-6.847969651767073,-6.569834190189908,-6.847969651767073,-7.859155091150399,-9.60081829725209,-9.600818297251976,0.6449513743318585,0.6480391579191008,0.6487886553687644,0.6480391579191008,0.6449513743318585,0.0,0.0,0.0,0.0,0.0
12.600000000000044,0.2,2.5199999999999902,-7.848883774173089,-6.831311292467149,-6.550695338715741,-6.831311292467149,-7.848883774173089,-9.59598420829775,-9.595984208297693,0.6458125845158071,0.6489174249314437,0.6496735523258068,0.6489174249314437,0.6458125845158071,0.0,0.0,0.0,0.0,0.0
12.700000000000045,0.2,2.53999999999999,-7.838647164237443,-6.814736621212489,-6.531655434704135,-6.814736621212489,-7.838647164237443,-9.591135530218935,-9.591135530218935,0.6466646433841391,0.6497864122818732,0.6505491293329286,0.6497864122818732,0.6466646433841391,0.0,0.0,0.0,0.0,0.0
12.800000000000047,0.2,2.5599999999999894,-7.828444781292376,-6.79824486234952,-6.512713742327264,-6.79824486234952,-7.828444781292376,-9.586272400842631,-9.586272400842631,0.6475077000861934,0.6506462699264688,0.6514155362562792,0.6506462699264688,0.6475077000861934,0.0,0.0,0.0,0.0,0.0
12.900000000000048,0.2,2.579999999999989,-7.818276156793843,-6.781835249779874,-6.493869529564506,-6.781835249779874,-7.818276156793843,-9.58139495628427,-9.581394956284328,0.6483419005431963,0.6514971445963977,0.6522729197516226,0.6514971445963977,0.6483419005431963,0.0,0.0,0.0,0.0,0.0
13.00000000000005,0.2,2.5999999999999885,-7.8081408333402464,-6.765507026793216,-6.475122068253313,-6.765507026793216,-7.8081408333402464,-9.57650333098411,-9.576503330984224,0.6491673875342359,0.6523391798834454,0.6531214233493035,0.6523391798834454,0.6491673875342359,0.0,0.0,0.0,0.0,0.0
13.100000000000051,0.2,2.619999999999988,-7.798038364320519,-6.749259445915698,-6.456470634139691,-6.749259445915698,-7.798038364320519,-9.571597657742416,-9.571597657742473,0.6499843007795452,0.6531725163228334,0.6539611875365493,0.6531725163228334,0.6499843007795452,0.0,0.0,0.0,0.0,0.0
13.200000000000053,0.2,2.6399999999999877,-7.787968313586248,-6.733091768767963,-6.437914506934703,-6.733091768767963,-7.787968313586248,-9.566678067753344,-9.5666780677534,0.6507927770211452,0.6539972914734461,0.654792349837189,0.6539972914734461,0.6507927770211452,0.0,0.0,0.0,0.0,0.0
13.300000000000054,0.2,2.6599999999999873,-7.777930255120452,-6.71700326590593,-6.419452970355849,-6.71700326590593,-7.777930255120452,-9.561744690638136,-9.561744690638193,0.6515929501010258,0.6548136399956243,0.6556150448889262,0.6548136399956243,0.6515929501010258,0.0,0.0,0.0,0.0,0.0
13.400000000000055,0.2,2.679999999999987,-7.767923772719541,-6.700993216673567,-6.401085312176008,-6.700993216673567,-7.767923772719541,-9.556797654477577,-9.556797654477577,0.6523849510369027,0.6556216937265317,0.6564294045182064,0.6556216937265317,0.6523849510369027,0.0,0.0,0.0,0.0,0.0
13.500000000000057,0.2,2.6999999999999864,-7.757948459699037,-6.685060909073854,-6.38281082425965,-6.685060909073854,-7.757948459699037,-9.551837085842521,-9.551837085842521,0.6531689080956061,0.6564215817531737,0.6572355578128156,0.6564215817531737,0.6531689080956061,0.0,0.0,0.0,0.0,0.0
13.600000000000058,0.2,2.719999999999986,-7.7480039185969645,-6.669205639616337,-6.364628802603363,-6.669205639616337,-7.7480039185969645,-9.546863109824756,-9.546863109824812,0.6539449468642548,0.6572134304832503,0.6580336311922323,0.6572134304832503,0.6539449468642548,0.0,0.0,0.0,0.0,0.0
13.70000000000006,0.2,2.7399999999999856,-7.738089760886851,-6.653426713180295,-6.346538547370528,-6.653426713180295,-7.738089760886851,-9.541875850066049,-9.541875850066162,0.6547131903192616,0.6579973637138248,0.6588237484758624,0.6579973637138248,0.6547131903192616,0.0,0.0,0.0,0.0,0.0
13.800000000000061,0.2,2.759999999999985,-7.728205606711981,-6.637723442883328,-6.328539362926961,-6.637723442883328,-7.728205606711981,-9.5368754287868,-9.536875428786914,0.65547375889321,0.6587735026978998,0.6596060309491875,0.6587735026978998,0.65547375889321,0.0,0.0,0.0,0.0,0.0
13.900000000000063,0.2,2.7799999999999847,-7.718351084616245,-6.622095149946631,-6.310630557867796,-6.622095149946631,-7.718351084616245,-9.531861966813494,-9.531861966813665,0.6562267705397489,0.6595419662090144,0.6603805974279464,0.6595419662090144,0.6562267705397489,0.0,0.0,0.0,0.0,0.0
14.000000000000064,0.2,2.7999999999999843,-7.70852583129107,-6.606541163568977,-6.292811445047562,-6.606541163568977,-7.70852583129107,-9.526835583605987,-9.526835583606157,0.6569723407965092,0.660302870603877,0.6611475643203736,0.660302870603877,0.6569723407965092,0.0,0.0,0.0,0.0,0.0
14.100000000000065,0.2,2.819999999999984,-7.6987294913311075,-6.591060820793018,-6.275081341603197,-6.591060820793018,-7.6987294913311075,-9.521796397283424,-9.521796397283595,0.6577105828461414,0.6610563298831635,0.6619070456875948,0.6610563298831635,0.6577105828461414,0.0,0.0,0.0,0.0,0.0
14.200000000000067,0.2,2.8399999999999834,-7.688961716992537,-6.575653466386427,-6.25743956897702,-6.575653466386427,-7.688961716992537,-9.516744524649539,-9.516744524649653,0.6584416075755479,0.6618024557504738,0.6626591533022239,0.6618024557504738,0.6584416075755479,0.0,0.0,0.0,0.0,0.0
14.300000000000068,0.2,2.859999999999983,-7.679222167965179,-6.5603184527160465,-6.239885452941735,-6.5603184527160465,-7.679222167965179,-9.511680081217435,-9.511680081217605,0.65916552363334,0.6625413576695685,0.6634039967052118,0.6625413576695685,0.65916552363334,0.0,0.0,0.0,0.0,0.0
14.40000000000007,0.2,2.8799999999999826,-7.669510511154613,-6.545055139626243,-6.22241832361658,-6.545055139626243,-7.669510511154613,-9.506603181233686,-9.506603181233857,0.659882437485594,0.6632731429199159,0.6641416832610473,0.6632731429199159,0.659882437485594,0.0,0.0,0.0,0.0,0.0
14.500000000000071,0.2,2.899999999999982,-7.659826420459183,-6.529862894322491,-6.205037515483241,-6.529862894322491,-7.659826420459183,-9.501513937701418,-9.501513937701588,0.6605924534700012,0.6639979166506076,0.6648723182113315,0.6639979166506076,0.6605924534700012,0.0,0.0,0.0,0.0,0.0
14.600000000000072,0.2,2.9199999999999817,-7.650169576569056,-6.514741091258145,-6.187742367397732,-6.514741091258145,-7.650169576569056,-9.496412462403043,-9.49641246240327,0.6612956738483913,0.6647157819326922,0.6655960047267974,0.6647157819326922,0.6612956738483913,0.0,0.0,0.0,0.0,0.0
14.700000000000074,0.2,2.9399999999999813,-7.6405396667665855,-6.499689112015176,-6.170532222611939,-6.499689112015176,-7.6405396667665855,-9.491298865922374,-9.491298865922658,0.6619921988577415,0.6654268398100142,0.6663128439577859,0.6654268398100142,0.6619921988577415,0.0,0.0,0.0,0.0,0.0
14.800000000000075,0.2,2.959999999999981,-7.6309363847275336,-6.484706345199356,-6.153406428775895,-6.484706345199356,-7.6309363847275336,-9.486173257665996,-9.486173257666223,0.6626821267597212,0.6661311893485526,0.6670229350833171,0.6661311893485526,0.6626821267597212,0.0,0.0,0.0,0.0,0.0
14.900000000000077,0.2,2.9799999999999804,-7.621359430337179,-6.469792186327709,-6.136364337949544,-6.469792186327709,-7.621359430337179,-9.481035745883958,-9.481035745884071,0.6633655538887818,0.6668289276843584,0.6677263753587113,0.6668289276843584,0.6633655538887818,0.0,0.0,0.0,0.0,0.0
15.000000000000078,0.2,2.99999999999998,-7.611808509509956,-6.454946037723687,-6.119405306610247,-6.454946037723687,-7.611808509509956,-9.475886437690122,-9.475886437690178,0.6640425746988708,0.6675201500701122,0.6684232601618592,0.6675201500701122,0.6640425746988708,0.0,0.0,0.0,0.0,0.0
15.10000000000008,0.2,3.0199999999999796,-7.6022833340143166,-6.440167308403659,-6.102528695655735,-6.440167308403659,-7.6022833340143166,-9.470725439081946,-9.470725439081946,0.6647132818088141,0.6682049499203739,0.6691136830381785,0.6682049499203739,0.6647132818088141,0.0,0.0,0.0,0.0,0.0
15.200000000000081,0.2,3.039999999999979,-7.592783621301635,-6.4254554139893685,-6.085733870410536,-6.4254554139893685,-7.592783621301635,-9.465552854959697,-9.46555285495964,0.6653777660464023,0.6688834188554897,0.669797735744282,0.6688834188554897,0.6653777660464023,0.0,0.0,0.0,0.0,0.0
15.300000000000082,0.2,3.0599999999999787,-7.583309094345395,-6.410809776592032,-6.069020200629893,-6.410809776592032,-7.583309094345395,-9.460368789144809,-9.460368789144809,0.6660361164912186,0.6695556467443332,0.6704755082904128,0.6695556467443332,0.6660361164912186,0.0,0.0,0.0,0.0,0.0
15.400000000000084,0.2,3.0799999999999783,-7.573859481483453,-6.396229824722923,-6.052387060494425,-6.396229824722923,-7.573859481483453,-9.455173344398531,-9.455173344398531,0.6666884205162621,0.6702217217457798,0.6711470889817128,0.6702217217457798,0.6666884205162621,0.0,0.0,0.0,0.0,0.0
15.500000000000085,0.2,3.099999999999978,-7.56443451626393,-6.381714993192929,-6.035833828617456,-6.381714993192929,-7.56443451626393,-9.449966622439263,-9.449966622439206,0.6673347638284012,0.6708817303490505,0.6718125644582863,0.6708817303490505,0.6673347638284012,0.0,0.0,0.0,0.0,0.0
15.600000000000087,0.2,3.1199999999999775,-7.5550339372952635,-6.3672647230129655,-6.019359888034785,-6.3672647230129655,-7.5550339372952635,-9.444748723959833,-9.444748723959776,0.6679752305076969,0.6715357574129371,0.6724720197342016,0.6715357574129371,0.6679752305076969,0.0,0.0,0.0,0.0,0.0
15.700000000000088,0.2,3.139999999999977,-7.545657488109725,-6.35287846131024,-6.00296462620571,-6.35287846131024,-7.545657488109725,-9.439519748644273,-9.439519748644216,0.6686099030456087,0.6721838862038944,0.6731255382353717,0.6721838862038944,0.6686099030456087,0.0,0.0,0.0,0.0,0.0
15.80000000000009,0.2,3.1599999999999766,-7.536304917016764,-6.3385556612273035,-5.986647435009672,-6.3385556612273035,-7.536304917016764,-9.434279795184239,-9.434279795184125,0.6692388623821764,0.672826198433127,0.6737732018363914,0.672826198433127,0.6692388623821764,0.0,0.0,0.0,0.0,0.0
15.900000000000091,0.2,3.179999999999976,-7.526975976977667,-6.324295781839339,-5.970407710735799,-6.324295781839339,-7.526975976977667,-9.429028961294762,-9.429028961294648,0.6698621879421273,0.6734627742926211,0.6744150908963886,0.6734627742926211,0.6698621879421273,0.0,0.0,0.0,0.0,0.0
16.000000000000092,0.2,3.1999999999999758,-7.517670425473739,-6.31009828806242,-5.954244854082219,-6.31009828806242,-7.517670425473739,-9.423767343730049,-9.423767343729935,0.6704799576700208,0.6740936924902007,0.6750512842938482,0.6740936924902007,0.6704799576700208,0.0,0.0,0.0,0.0,0.0
16.100000000000094,0.2,3.2199999999999753,-7.508388024375222,-6.2959626505648885,-5.938158270136512,-6.2959626505648885,-7.508388024375222,-9.418495038298147,-9.418495038298033,0.6710922480644376,0.6747190302836352,0.6756818594605496,0.6747190302836352,0.6710922480644376,0.0,0.0,0.0,0.0,0.0
16.200000000000095,0.2,3.239999999999975,-7.499128539831304,-6.28188834568698,-5.922147368379854,-6.28188834568698,-7.499128539831304,-9.413212139876066,-9.413212139875952,0.6716991342111885,0.6753388635137922,0.6763068924145023,0.6753388635137922,0.6716991342111885,0.0,0.0,0.0,0.0,0.0
16.300000000000097,0.2,3.2599999999999745,-7.489891742142618,-6.267874855358002,-5.9062115626674085,-6.267874855358002,-7.489891742142618,-9.40791874242393,-9.407918742423817,0.6723006898156761,0.6759532666369099,0.6769264577920613,0.6759532666369099,0.6723006898156761,0.0,0.0,0.0,0.0,0.0
16.400000000000098,0.2,3.279999999999974,-7.480677405656024,-6.253921667011468,-5.890350271221166,-6.253921667011468,-7.480677405656024,-9.40261493899908,-9.402614938998909,0.6728969872343358,0.6765623127559998,0.6775406288791355,0.6765623127559998,0.6728969872343358,0.0,0.0,0.0,0.0,0.0
16.5000000000001,0.2,3.2999999999999736,-7.47148530865087,-6.2400282735015935,-5.874562916615673,-6.2400282735015935,-7.47148530865087,-9.39730082176942,-9.39730082176925,0.6734880975052558,0.6771660736514156,0.6781494776415781,0.6771660736514156,0.6734880975052558,0.0,0.0,0.0,0.0,0.0
16.6000000000001,0.2,3.319999999999973,-7.4623152332320615,-6.22619417303315,-5.8588489257665515,-6.22619417303315,-7.4623152332320615,-9.391976482027133,-9.391976482026962,0.6740740903779676,0.677764619810566,0.6787530747547541,0.677764619810566,0.6740740903779676,0.0,0.0,0.0,0.0,0.0
16.700000000000102,0.2,3.3399999999999728,-7.453166965233038,-6.212418869081489,-5.843207729911114,-6.212418869081489,-7.453166965233038,-9.386642010201342,-9.386642010201172,0.6746550343424239,0.6783580204568668,0.6793514896323439,0.6783580204568668,0.6746550343424239,0.0,0.0,0.0,0.0,0.0
16.800000000000104,0.2,3.3599999999999723,-7.444040294110607,-6.198701870312618,-5.827638764604501,-6.198701870312618,-7.444040294110607,-9.381297495871081,-9.38129749587091,0.6752309966572331,0.6789463435779319,0.6799447904543358,0.6789463435779319,0.6752309966572331,0.0,0.0,0.0,0.0,0.0
16.900000000000105,0.2,3.379999999999972,-7.434935012850758,-6.185042690516752,-5.812141469690744,-6.185042690516752,-7.434935012850758,-9.375943027777282,-9.375943027777112,0.6758020433771251,0.679529655952981,0.6805330441943455,0.679529655952981,0.6758020433771251,0.0,0.0,0.0,0.0,0.0
17.000000000000107,0.2,3.3999999999999715,-7.42585091787538,-6.171440848527368,-5.79671528929623,-6.171440848527368,-7.42585091787538,-9.37057869383517,-9.370578693835,0.6763682393796978,0.6801080231795731,0.6811163166461611,0.6801080231795731,0.6763682393796978,0.0,0.0,0.0,0.0,0.0
17.100000000000108,0.2,3.419999999999971,-7.416787808956826,-6.15789586815697,-5.781359671807138,-6.15789586815697,-7.416787808956826,-9.365204581145747,-9.365204581145576,0.676929648391443,0.6806815096996002,0.6816946724496296,0.6806815096996002,0.676929648391443,0.0,0.0,0.0,0.0,0.0
17.20000000000011,0.2,3.4399999999999706,-7.4077454891230445,-6.144407278120298,-5.766074069854767,-6.144407278120298,-7.4077454891230445,-9.359820776007552,-9.359820776007325,0.6774863330131287,0.6812501788246291,0.6822681751158479,0.6812501788246291,0.6774863330131287,0.0,0.0,0.0,0.0,0.0
17.30000000000011,0.2,3.45999999999997,-7.398723764579472,-6.130974611972192,-5.75085794029286,-6.130974611972192,-7.398723764579472,-9.354427363927641,-9.354427363927414,0.6780383547444776,0.6818140927605618,0.6828368870517199,0.6818140927605618,0.6780383547444776,0.0,0.0,0.0,0.0,0.0
17.400000000000112,0.2,3.47999999999997,-7.389722444624908,-6.117597408035067,-5.7357107441865764,-6.117597408035067,-7.389722444624908,-9.34902442963272,-9.34902442963255,0.6785857740082285,0.6823733126316781,0.6834008695838484,0.6823733126316781,0.6785857740082285,0.0,0.0,0.0,0.0,0.0
17.500000000000114,0.2,3.4999999999999694,-7.38074134156966,-6.104275209335583,-5.720631946781907,-6.104275209335583,-7.38074134156966,-9.343612057079952,-9.343612057079724,0.6791286501735752,0.6829278985040448,0.6839601829818596,0.6829278985040448,0.6791286501735752,0.0,0.0,0.0,0.0,0.0
17.600000000000115,0.2,3.519999999999969,-7.371780270665283,-6.0910075635353,-5.705621017496242,-6.0910075635353,-7.371780270665283,-9.338190329466954,-9.33819032946684,0.6796670415789774,0.6834779094083341,0.6845148864810732,0.6834779094083341,0.6796670415789774,0.0,0.0,0.0,0.0,0.0
17.700000000000117,0.2,3.5399999999999685,-7.362839050023524,-6.077794022871842,-5.690677429888922,-6.077794022871842,-7.362839050023524,-9.332759329242606,-9.332759329242549,0.6802010055544211,0.684023403362043,0.6850650383046485,0.684023403362043,0.6802010055544211,0.0,0.0,0.0,0.0,0.0
17.800000000000118,0.2,3.559999999999968,-7.353917500550153,-6.064634144096374,-5.675800661642825,-6.064634144096374,-7.353917500550153,-9.327319138116536,-9.327319138116536,0.680730598443073,0.6845644373911516,0.6856106956851324,0.6845644373911516,0.680730598443073,0.0,0.0,0.0,0.0,0.0
17.90000000000012,0.2,3.5799999999999677,-7.345015445871525,-6.051527488407999,-5.660990194550379,-6.051527488407999,-7.345015445871525,-9.321869837069357,-9.321869837069357,0.6812558756224136,0.6851010675512473,0.6861519148854524,0.6851010675512473,0.6812558756224136,0.0,0.0,0.0,0.0,0.0
18.00000000000012,0.2,3.5999999999999672,-7.336132712269034,-6.038473621398737,-5.646245514474799,-6.038473621398737,-7.336132712269034,-9.316411506361817,-9.31641150636176,0.6817768915248155,0.6856333489480871,0.6866887512194436,0.6856333489480871,0.6817768915248155,0.0,0.0,0.0,0.0,0.0
18.100000000000122,0.2,3.619999999999967,-7.327269128616308,-6.025472112985653,-5.6315661113453075,-6.025472112985653,-7.327269128616308,-9.310944225544176,-9.310944225544176,0.6822936996575973,0.6861613357576811,0.6872212590717691,0.6861613357576811,0.6822936996575973,0.0,0.0,0.0,0.0,0.0
18.200000000000124,0.2,3.6399999999999664,-7.318424526308888,-6.012522537363111,-5.6169514791236566,-6.012522537363111,-7.318424526308888,-9.305468073465818,-9.30546807346576,0.6828063526226054,0.6866850812458224,0.6877494919174174,0.6866850812458224,0.6828063526226054,0.0,0.0,0.0,0.0,0.0
18.300000000000125,0.2,3.659999999999966,-7.309598739206535,-5.999624472936318,-5.60240111578338,-5.999624472936318,-7.309598739206535,-9.29998312828343,-9.299983128283372,0.6833149021352685,0.687204637787176,0.6882735023406765,0.687204637787176,0.6833149021352685,0.0,0.0,0.0,0.0,0.0
18.400000000000126,0.2,3.6799999999999655,-7.300791603577181,-5.986777502272332,-5.58791452328677,-5.986777502272332,-7.300791603577181,-9.294489467470328,-9.294489467470328,0.6838193990431802,0.6877200568838576,0.6887933420536492,0.6877200568838576,0.6838193990431802,0.0,0.0,0.0,0.0,0.0
18.500000000000128,0.2,3.699999999999965,-7.292002958035937,-5.973981212041394,-5.5734912075624266,-5.973981212041394,-7.292002958035937,-9.288987167824928,-9.288987167824928,0.6843198933442394,0.688231389183573,0.6893090619143001,0.688231389183573,0.6843198933442394,0.0,0.0,0.0,0.0,0.0
18.60000000000013,0.2,3.7199999999999647,-7.283232643487622,-5.9612351929642955,-5.55913067847797,-5.9612351929642955,-7.283232643487622,-9.283476305478757,-9.283476305478757,0.6848164342043289,0.688738684497297,0.689820711944076,0.688738684497297,0.6848164342043289,0.0,0.0,0.0,0.0,0.0
18.70000000000013,0.2,3.7399999999999642,-7.274480503076404,-5.948539039756781,-5.544832449816283,-5.948539039756781,-7.274480503076404,-9.277956955905097,-9.277956955905154,0.6853090699745521,0.6892419918165349,0.6903283413450827,0.6892419918165349,0.6853090699745521,0.0,0.0,0.0,0.0,0.0
18.800000000000132,0.2,3.759999999999964,-7.265746382129976,-5.935892351080042,-5.530596039256864,-5.935892351080042,-7.265746382129976,-9.272429193926769,-9.272429193926826,0.6857978482080579,0.6897413593301351,0.6908319985168232,0.6897413593301351,0.6857978482080579,0.0,0.0,0.0,0.0,0.0
18.900000000000134,0.2,3.7799999999999634,-7.257030128112945,-5.9232947294862015,-5.516420968339446,-5.9232947294862015,-7.257030128112945,-9.26689309372398,-9.266893093724036,0.6862828156764365,0.6902368344407197,0.6913317310725854,0.6902368344407197,0.6862828156764365,0.0,0.0,0.0,0.0,0.0
19.000000000000135,0.2,3.799999999999963,-7.24833159057556,-5.910745781371588,-5.502306762447347,-5.910745781371588,-7.24833159057556,-9.261348728842222,-9.261348728842336,0.6867640183857292,0.6907284637806873,0.6918275858553682,0.6907284637806873,0.6867640183857292,0.0,0.0,0.0,0.0,0.0
19.100000000000136,0.2,3.8199999999999625,-7.239650621102385,-5.898245116928024,-5.4882529507840445,-5.898245116928024,-7.239650621102385,-9.255796172199666,-9.25579617219978,0.6872415015920555,0.6912162932278414,0.6923196089534475,0.6912162932278414,0.6872415015920555,0.0,0.0,0.0,0.0,0.0
19.200000000000138,0.2,3.839999999999962,-7.2309870732671016,-5.885792350087911,-5.4742590663406645,-5.885792350087911,-7.2309870732671016,-9.250235496094376,-9.25023549609449,0.687715309816846,0.6917003679206597,0.6928078457155894,0.6917003679206597,0.687715309816846,0.0,0.0,0.0,0.0,0.0
19.30000000000014,0.2,3.8599999999999617,-7.222340802594488,-5.8733870984817145,-5.460324645872731,-5.8733870984817145,-7.222340802594488,-9.244666772211872,-9.244666772211986,0.6881854868616945,0.692180732273163,0.6932923407658736,0.692180732273163,0.6881854868616945,0.0,0.0,0.0,0.0,0.0
19.40000000000014,0.2,3.8799999999999613,-7.213711666509482,-5.86102898338936,-5.446449229877999,-5.86102898338936,-7.213711666509482,-9.239090071632177,-9.23909007163229,0.6886520758228897,0.692657429989449,0.6937731380181605,0.692657429989449,0.6886520758228897,0.0,0.0,0.0,0.0,0.0
19.500000000000142,0.2,3.899999999999961,-7.205099524295804,-5.8487176296949315,-5.4326323625681425,-5.8487176296949315,-7.205099524295804,-9.233505464836583,-9.233505464836583,0.6891151191055797,0.6931305040778721,0.6942502806902274,0.6931305040778721,0.6891151191055797,0.0,0.0,0.0,0.0,0.0
19.600000000000144,0.2,3.9199999999999604,-7.196504237057411,-5.8364526658422164,-5.4188735918394855,-5.8364526658422164,-7.196504237057411,-9.227913021714585,-9.227913021714585,0.6895746584375887,0.6935999968648852,0.6947238113175759,0.6935999968648852,0.6895746584375887,0.0,0.0,0.0,0.0,0.0
19.700000000000145,0.2,3.93999999999996,-7.187925667675586,-5.824233723786392,-5.405172469253273,-5.824233723786392,-7.187925667675586,-9.222312811570703,-9.222312811570703,0.6900307348829245,0.6940659500085649,0.6951937717668859,0.6940659500085649,0.6900307348829245,0.0,0.0,0.0,0.0,0.0
19.800000000000146,0.2,3.9599999999999596,-7.179363680771132,-5.8120604389532105,-5.391528550006967,-5.8120604389532105,-7.179363680771132,-9.21670490313079,-9.21670490313079,0.6904833888549559,0.694528404511804,0.6956602032491765,0.694528404511804,0.6904833888549559,0.0,0.0,0.0,0.0,0.0
19.900000000000148,0.2,3.979999999999959,-7.170818142674534,-5.7999324501920455,-5.377941392904745,-5.7999324501920455,-7.170818142674534,-9.211089364548684,-9.21108936454874,0.6909326601292561,0.694987400735209,0.6961231463326608,0.694987400735209,0.6909326601292561,0.0,0.0,0.0,0.0,0.0
20.00000000000015,0.2,3.9999999999999587,-7.1622889213747385,-5.787849399740367,-5.364410560336751,-5.787849399740367,-7.1622889213747385,-9.205466263412518,-9.205466263412518,0.69137858785621,0.695442978409666,0.6965826409552763,0.695442978409666,0.69137858785621,0.0,0.0,0.0,0.0,0.0
20.10000000000015,0.2,4.019999999999959,-7.1537758864965895,-5.7758109331793435,-5.350935618250105,-5.7758109331793435,-7.1537758864965895,-9.199835666750687,-9.199835666750687,0.6918212105732494,0.6958951766486406,0.6970387264369498,0.6958951766486406,0.6918212105732494,0.0,0.0,0.0,0.0,0.0
20.200000000000152,0.2,4.039999999999958,-7.145278909259105,-5.763816699387917,-5.337516136120428,-5.763816699387917,-7.145278909259105,-9.194197641038272,-9.194197641038272,0.6922605662168553,0.696344033960198,0.6974914414915694,0.696344033960198,0.6922605662168553,0.0,0.0,0.0,0.0,0.0
20.300000000000153,0.2,4.059999999999958,-7.136797862446372,-5.751866350509658,-5.324151686929838,-5.751866350509658,-7.136797862446372,-9.188552252202726,-9.188552252202726,0.6926966921342532,0.6967895882587127,0.6979408242386701,0.6967895882587127,0.6926966921342532,0.0,0.0,0.0,0.0,0.0
20.400000000000155,0.2,4.079999999999957,-7.1283326203732145,-5.739959541907524,-5.310841847137681,-5.739959541907524,-7.1283326203732145,-9.18289956563001,-9.18289956563001,0.6931296250948523,0.6972318768763411,0.6983869122148657,0.6972318768763411,0.6931296250948523,0.0,0.0,0.0,0.0,0.0
20.500000000000156,0.2,4.099999999999957,-7.119883058851599,-5.728095932128667,-5.297586196654777,-5.728095932128667,-7.119883058851599,-9.177239646170051,-9.177239646170051,0.6935594013014204,0.6976709365742059,0.6988297423850123,0.6976709365742059,0.6935594013014204,0.0,0.0,0.0,0.0,0.0
20.600000000000158,0.2,4.119999999999957,-7.111449055167668,-5.716275182865161,-5.284384318822504,-5.716275182865161,-7.111449055167668,-9.171572558142714,-9.17157255814277,0.6939860564009775,0.6981068035533343,0.6992693511530973,0.6981068035533343,0.6939860564009775,0.0,0.0,0.0,0.0,0.0
20.70000000000016,0.2,4.139999999999956,-7.103030488044851,-5.704496958914774,-5.271235800372381,-5.704496958914774,-7.103030488044851,-9.165898365343196,-9.16589836534331,0.6944096254954785,0.6985395134653518,0.6997057743729446,0.6985395134653518,0.6944096254954785,0.0,0.0,0.0,0.0,0.0
20.80000000000016,0.2,4.159999999999956,-7.094627237615384,-5.692760928147379,-5.258140231415837,-5.692760928147379,-7.094627237615384,-9.160217131047489,-9.16021713104766,0.69483014315223,0.6989691014229209,0.7001390473585847,0.6989691014229209,0.69483014315223,0.0,0.0,0.0,0.0,0.0
20.900000000000162,0.2,4.179999999999955,-7.086239185397687,-5.681066761464763,-5.245097205409309,-5.681066761464763,-7.086239185397687,-9.154528918017832,-9.154528918017945,0.6952476434140606,0.6993956020099521,0.7005692048944647,0.6993956020099521,0.6952476434140606,0.0,0.0,0.0,0.0,0.0
21.000000000000163,0.2,4.199999999999955,-7.077866214263452,-5.669414132767088,-5.23210631912923,-5.669414132767088,-7.077866214263452,-9.14883378850783,-9.148833788507943,0.6956621598092866,0.6998190492915842,0.7009962812453964,0.6998190492915842,0.6956621598092866,0.0,0.0,0.0,0.0,0.0
21.100000000000165,0.2,4.2199999999999545,-7.069508208414675,-5.657802718916457,-5.219167172647985,-5.657802718916457,-7.069508208414675,-9.143131804267853,-9.143131804267966,0.6960737253614284,0.7002394768239322,0.7014203101662857,0.7002394768239322,0.6960737253614284,0.0,0.0,0.0,0.0,0.0
21.200000000000166,0.2,4.239999999999954,-7.061165053357399,-5.646232199701728,-5.2062793693043545,-5.646232199701728,-7.061165053357399,-9.137423026549982,-9.137423026550152,0.6964823725987205,0.7006569176636297,0.7018413249116516,0.7006569176636297,0.6964823725987205,0.0,0.0,0.0,0.0,0.0
21.300000000000168,0.2,4.259999999999954,-7.052836635873632,-5.634702257806964,-5.193442515678498,-5.634702257806964,-7.052836635873632,-9.131707516113238,-9.131707516113352,0.6968881335634162,0.7010714043771406,0.7022593582449297,0.7010714043771406,0.6968881335634162,0.0,0.0,0.0,0.0,0.0
21.40000000000017,0.2,4.279999999999953,-7.0445228440041205,-5.623212578776361,-5.180656221570189,-5.623212578776361,-7.0445228440041205,-9.125985333228073,-9.125985333228243,0.6972910398208526,0.7014829690498773,0.7026744424475507,0.7014829690498773,0.6972910398208526,0.0,0.0,0.0,0.0,0.0
21.50000000000017,0.2,4.299999999999953,-7.036223567016975,-5.611762850979801,-5.167920099971639,-5.611762850979801,-7.036223567016975,-9.120256537681826,-9.120256537681996,0.6976911224683561,0.7018916432951166,0.7030866093278456,0.7018916432951166,0.6976911224683561,0.0,0.0,0.0,0.0,0.0
21.600000000000172,0.2,4.319999999999952,-7.027938695389707,-5.600352765582045,-5.155233767038965,-5.600352765582045,-7.027938695389707,-9.114521188783044,-9.114521188783158,0.6980884121439188,0.7022974582627091,0.7034958902297456,0.7022974582627091,0.6980884121439188,0.0,0.0,0.0,0.0,0.0
21.700000000000173,0.2,4.339999999999952,-7.019668120785241,-5.588982016509419,-5.142596842059902,-5.588982016509419,-7.019668120785241,-9.108779345366258,-9.108779345366486,0.6984829390346936,0.7027004446476075,0.703902316041311,0.7027004446476075,0.6984829390346936,0.0,0.0,0.0,0.0,0.0
21.800000000000175,0.2,4.3599999999999515,-7.011411736029231,-5.577650300417133,-5.130008947444935,-5.577650300417133,-7.011411736029231,-9.103031065796927,-9.103031065797097,0.6988747328853091,0.7031006326982039,0.7043059172030072,0.7031006326982039,0.6988747328853091,0.0,0.0,0.0,0.0,0.0
21.900000000000176,0.2,4.379999999999951,-7.00316943509165,-5.566357316663186,-5.117469708691317,-5.566357316663186,-7.00316943509165,-9.097276407975471,-9.097276407975755,0.6992638230059846,0.70349805222447,0.7047067237158736,0.70349805222447,0.6992638230059846,0.0,0.0,0.0,0.0,0.0
22.000000000000178,0.2,4.399999999999951,-6.994941113061657,-5.555102767273013,-5.104978754356296,-5.555102767273013,-6.994941113061657,-9.091515429342223,-9.091515429342564,0.6996502382804902,0.7038927326059474,0.7051047651494889,0.7038927326059474,0.6996502382804902,0.0,0.0,0.0,0.0,0.0
22.10000000000018,0.2,4.41999999999995,-6.986726666135894,-5.543886356912935,-5.092535716038981,-5.543886356912935,-6.986726666135894,-9.08574818688163,-9.085748186882029,0.7000340071739004,0.7042847027995386,0.705500070649747,0.7042847027995386,0.7000340071739004,0.0,0.0,0.0,0.0,0.0
22.20000000000018,0.2,4.43999999999995,-6.978525991589777,-5.532707792854069,-5.080140228347091,-5.532707792854069,-6.978525991589777,-9.079974737126577,-9.079974737126975,0.7004151577402228,0.7046739913471598,0.7058926689464972,0.7046739913471598,0.7004151577402228,0.0,0.0,0.0,0.0,0.0
22.300000000000182,0.2,4.459999999999949,-6.97033898776283,-5.521566784952881,-5.067791928879217,-5.521566784952881,-6.97033898776283,-9.0741951361627,-9.074195136163098,0.7007937176298265,0.7050606263831837,0.7062825883609879,0.7050606263831837,0.7007937176298265,0.0,0.0,0.0,0.0,0.0
22.400000000000183,0.2,4.479999999999949,-6.96216555404277,-5.510463045614472,-5.05549045819555,-5.510463045614472,-6.96216555404277,-9.068409439632603,-9.068409439633058,0.7011697140967166,0.7054446356417672,0.7066698568131756,0.7054446356417672,0.7011697140967166,0.0,0.0,0.0,0.0,0.0
22.500000000000185,0.2,4.4999999999999485,-6.954005590843451,-5.499396289765855,-5.043235459793664,-5.499396289765855,-6.954005590843451,-9.062617702740113,-9.062617702740624,0.7015431740056671,0.7058260464640029,0.7070545018288691,0.7058260464640029,0.7015431740056671,0.0,0.0,0.0,0.0,0.0
22.600000000000186,0.2,4.519999999999948,-6.9458589995875855,-5.488366234831176,-5.0310265800872,-5.488366234831176,-6.9458589995875855,-9.05681998025426,-9.056819980254772,0.701914123839193,0.7062048858049064,0.7074365505467102,0.7062048858049064,0.701914123839193,0.0,0.0,0.0,0.0,0.0
22.700000000000188,0.2,4.539999999999948,-6.937725682691223,-5.477372600702324,-5.018863468374718,-5.477372600702324,-6.937725682691223,-9.05101632651332,-9.051016326513832,0.7022825897043657,0.7065811802402749,0.7078160297250361,0.7065811802402749,0.7022825897043657,0.0,0.0,0.0,0.0,0.0
22.80000000000019,0.2,4.559999999999947,-6.929605543546813,-5.466415109709203,-5.006745776826563,-5.466415109709203,-6.929605543546813,-9.045206795428726,-9.045206795429237,0.7026485973394918,0.7069549559733971,0.7081929657485493,0.7069549559733971,0.7026485973394918,0.0,0.0,0.0,0.0,0.0
22.90000000000019,0.2,4.579999999999947,-6.92149848650979,-5.455493486600062,-4.994673160446212,-5.455493486600062,-6.92149848650979,-9.039391440489226,-9.039391440489737,0.7030121721206387,0.7073262388415993,0.7085673846349129,0.7073262388415993,0.7030121721206387,0.0,0.0,0.0,0.0,0.0
23.000000000000192,0.2,4.599999999999946,-6.913404416879359,-5.444607458504379,-4.982645277057543,-5.444607458504379,-6.913404416879359,-9.033570314764518,-9.033570314764972,0.7033733390680419,0.7076950543226995,0.7089393120411407,0.7076950543226995,0.7033733390680419,0.0,0.0,0.0,0.0,0.0
23.100000000000193,0.2,4.619999999999946,-6.905323240879454,-5.4337567549218875,-4.9706617872772085,-5.4337567549218875,-6.905323240879454,-9.027743470909058,-9.02774347090957,0.7037321228523782,0.7080614275412576,0.7093087732698945,0.7080614275412576,0.7037321228523782,0.0,0.0,0.0,0.0,0.0
23.200000000000195,0.2,4.6399999999999455,-6.897254865653338,-5.42294110768114,-4.958722354490192,-5.42294110768114,-6.897254865653338,-9.021910961166043,-9.021910961166554,0.7040885478008665,0.7084253832747764,0.7096757932756391,0.7084253832747764,0.7040885478008665,0.0,0.0,0.0,0.0,0.0
23.300000000000196,0.2,4.659999999999945,-6.889199199245013,-5.412160250924785,-4.946826644827979,-5.412160250924785,-6.889199199245013,-9.016072837370814,-9.016072837371325,0.7044426379032834,0.708786945959707,0.7100403966706651,0.708786945959707,0.7044426379032834,0.0,0.0,0.0,0.0,0.0
23.400000000000198,0.2,4.679999999999945,-6.881156150578704,-5.401413921080973,-4.9349743271437205,-5.401413921080973,-6.881156150578704,-9.010229150954842,-9.010229150955354,0.7047944168178553,0.7091461396973587,0.7104026077309974,0.7091461396973587,0.7047944168178553,0.0,0.0,0.0,0.0,0.0
23.5000000000002,0.2,4.699999999999944,-6.87312562945408,-5.390701856842043,-4.9231650729878424,-5.390701856842043,-6.87312562945408,-9.004379952949023,-9.004379952949535,0.7051439078769896,0.7095029882596801,0.710762450402176,0.7095029882596801,0.7051439078769896,0.0,0.0,0.0,0.0,0.0
23.6000000000002,0.2,4.719999999999944,-6.865107546529998,-5.380023799135415,-4.911398556589404,-5.380023799135415,-6.865107546529998,-8.99852529398737,-8.998525293987882,0.7054911340929165,0.7098575150949306,0.7111199483049059,0.7098575150949306,0.7054911340929165,0.0,0.0,0.0,0.0,0.0
23.700000000000202,0.2,4.739999999999943,-6.857101813307622,-5.3693794911050645,-4.899674454828357,-5.3693794911050645,-6.857101813307622,-8.992665224310542,-8.992665224311054,0.7058361181632179,0.7102097433332168,0.711475124740617,0.7102097433332168,0.7058361181632179,0.0,0.0,0.0,0.0,0.0
23.800000000000203,0.2,4.759999999999943,-6.849108342123486,-5.3587686780850845,-4.887992447213037,-5.3587686780850845,-6.849108342123486,-8.986799793769308,-8.986799793769876,0.7061788824762161,0.7105596957919322,0.711828002696895,0.7105596957919322,0.7061788824762161,0.0,0.0,0.0,0.0,0.0
23.900000000000205,0.2,4.7799999999999425,-6.841127046130964,-5.3481911075759285,-4.876352215861573,-5.3481911075759285,-6.841127046130964,-8.980929051827957,-8.980929051828468,0.7065194491162855,0.7109073949810837,0.7121786048527916,0.7109073949810837,0.7065194491162855,0.0,0.0,0.0,0.0,0.0
24.000000000000206,0.2,4.799999999999942,-6.833157839291971,-5.337646529224514,-4.864753445477902,-5.337646529224514,-6.833157839291971,-8.975053047567542,-8.975053047568053,0.706857839869026,0.7112528631084947,0.7125269535840439,0.7112528631084947,0.706857839869026,0.0,0.0,0.0,0.0,0.0
24.100000000000207,0.2,4.819999999999942,-6.825200636364059,-5.327134694797678,-4.853195823326587,-5.327134694797678,-6.825200636364059,-8.969171829689458,-8.96917182968997,0.7071940762263481,0.7115961220849263,0.7128730709681877,0.7115961220849263,0.7071940762263481,0.0,0.0,0.0,0.0,0.0
24.20000000000021,0.2,4.839999999999941,-6.817255352890356,-5.316655358169953,-4.841679039210817,-5.316655358169953,-6.817255352890356,-8.963285446518569,-8.96328544651908,0.7075281793914437,0.7119371935290542,0.7132169787895657,0.7119371935290542,0.7075281793914437,0.0,0.0,0.0,0.0,0.0
24.30000000000021,0.2,4.859999999999941,-6.809321905185982,-5.306208275285599,-4.830202785455981,-5.306208275285599,-6.809321905185982,-8.957393946006448,-8.957393946007016,0.7078601702836688,0.7122760987724188,0.7135586985442149,0.7122760987724188,0.7078601702836688,0.0,0.0,0.0,0.0,0.0
24.40000000000021,0.2,4.87999999999994,-6.801400210323834,-5.295793204151494,-4.818766756881075,-5.295793204151494,-6.801400210323834,-8.951497375734675,-8.9514973757353,0.7081900695433299,0.7126128588641868,0.7138982514446919,0.7126128588641868,0.7081900695433299,0.0,0.0,0.0,0.0,0.0
24.500000000000213,0.2,4.89999999999994,-6.7934901861335675,-5.28540990480974,-4.8073706507842076,-5.28540990480974,-6.7934901861335675,-8.945595782917906,-8.94559578291853,0.7085178975363393,0.7129474945758827,0.7142356584247646,0.7129474945758827,0.7085178975363393,0.0,0.0,0.0,0.0,0.0
24.600000000000215,0.2,4.9199999999999395,-6.785591751179254,-5.275058139317025,-4.796014166909799,-5.275058139317025,-6.785591751179254,-8.93968921440711,-8.939689214407736,0.7088436743588332,0.7132800264059962,0.7145709401440588,0.7132800264059962,0.7088436743588332,0.0,0.0,0.0,0.0,0.0
24.700000000000216,0.2,4.939999999999939,-6.7777048247593825,-5.264737671724163,-4.7846970074430715,-5.264737671724163,-6.7777048247593825,-8.933777716692475,-8.933777716693157,0.7091674198416409,0.7136104745845104,0.7149041169925403,0.7136104745845104,0.7091674198416409,0.0,0.0,0.0,0.0,0.0
24.800000000000217,0.2,4.959999999999939,-6.769829326889919,-5.254448268058525,-4.7734188769751995,-5.254448268058525,-6.769829326889919,-8.927861335906755,-8.927861335907494,0.7094891535547095,0.7139388590773261,0.7152352090949896,0.7139388590773261,0.7094891535547095,0.0,0.0,0.0,0.0,0.0
24.90000000000022,0.2,4.979999999999938,-6.761965178295327,-5.244189696300737,-4.762179482489103,-5.244189696300737,-6.761965178295327,-8.921940117828058,-8.921940117828797,0.7098088948114203,0.7142651995906131,0.7155642363153295,0.7142651995906131,0.7098088948114203,0.0,0.0,0.0,0.0,0.0
25.00000000000022,0.2,4.999999999999938,-6.7541123004032215,-5.2339617263665446,-4.7509785333369905,-5.2339617263665446,-6.7541123004032215,-8.916014107882745,-8.916014107883484,0.7101266626728098,0.7145895155750704,0.7158912182608943,0.7145895155750704,0.7101266626728098,0.0,0.0,0.0,0.0,0.0
25.10000000000022,0.2,5.019999999999937,-6.746270615330275,-5.223764130081463,-4.739815741218024,-5.223764130081463,-6.746270615330275,-8.910083351148785,-8.910083351149524,0.7104424759517329,0.7149118262301142,0.7162161742866119,0.7149118262301142,0.7104424759517329,0.0,0.0,0.0,0.0,0.0
25.200000000000223,0.2,5.039999999999937,-6.738440045873688,-5.213596681172135,-4.7286908201639335,-5.213596681172135,-6.738440045873688,-8.904147892358196,-8.904147892358935,0.7107563532169284,0.715232150507945,0.7165391234990873,0.715232150507945,0.7107563532169284,0.0,0.0,0.0,0.0,0.0
25.300000000000225,0.2,5.0599999999999365,-6.730620515502835,-5.203459155242285,-4.7176034865095176,-5.203459155242285,-6.730620515502835,-8.898207775900232,-8.898207775900914,0.711068312797007,0.7155505071175751,0.7168600847606414,0.7155505071175751,0.711068312797007,0.0,0.0,0.0,0.0,0.0
25.400000000000226,0.2,5.079999999999936,-6.722811948353467,-5.193351329750158,-4.70655345887991,-5.193351329750158,-6.722811948353467,-8.892263045823938,-8.89226304582462,0.7113783727843503,0.7158669145287773,0.7171790766932378,0.7158669145287773,0.7113783727843503,0.0,0.0,0.0,0.0,0.0
25.500000000000227,0.2,5.099999999999936,-6.715014269214123,-5.183272983992083,-4.695540458165567,-5.183272983992083,-6.715014269214123,-8.886313745841335,-8.886313745842074,0.7116865510389626,0.7161813909759353,0.7174961176823529,0.7161813909759353,0.7116865510389626,0.0,0.0,0.0,0.0,0.0
25.60000000000023,0.2,5.119999999999935,-6.70722740351988,-5.173223899092989,-4.684564207510675,-5.173223899092989,-6.70722740351988,-8.880359919330033,-8.880359919330772,0.7119928651922213,0.7164939544618082,0.7178112258807496,0.7164939544618082,0.7119928651922213,0.0,0.0,0.0,0.0,0.0
25.70000000000023,0.2,5.139999999999935,-6.6994512773450765,-5.1632038579734285,-4.673624432283532,-5.1632038579734285,-6.6994512773450765,-8.874401609335905,-8.874401609336644,0.7122973326505629,0.7168046227612821,0.7181244192122147,0.7168046227612821,0.7122973326505629,0.0,0.0,0.0,0.0,0.0
25.80000000000023,0.2,5.159999999999934,-6.69168581739433,-5.1532126453430465,-4.662720860063132,-5.1532126453430465,-6.69168581739433,-8.868438858575814,-8.868438858576553,0.7125999705991003,0.7171134134249809,0.7184357153751936,0.7171134134249809,0.7125999705991003,0.0,0.0,0.0,0.0,0.0
25.900000000000233,0.2,5.179999999999934,-6.683930950994068,-5.14325004767727,-4.651853220615067,-5.14325004767727,-6.683930950994068,-8.862471709440399,-8.862471709441195,0.7129007960051691,0.7174203437828508,0.7187451318463756,0.7174203437828508,0.7129007960051691,0.0,0.0,0.0,0.0,0.0
26.000000000000234,0.2,5.199999999999934,-6.676186606084343,-5.133315853203953,-4.641021245878392,-5.133315853203953,-6.676186606084343,-8.856500203996688,-8.856500203997484,0.7131998256218117,0.7177254309476556,0.7190526858841856,0.7177254309476556,0.7131998256218117,0.0,0.0,0.0,0.0,0.0
26.100000000000236,0.2,5.219999999999933,-6.668452711211216,-5.123409851881149,-4.6302246699425496,-5.123409851881149,-6.668452711211216,-8.850524383990773,-8.850524383991512,0.7134970759911827,0.7180286918184252,0.7193583945322392,0.7180286918184252,0.7134970759911827,0.0,0.0,0.0,0.0,0.0
26.200000000000237,0.2,5.239999999999933,-6.660729195523459,-5.113531835387619,-4.6194632290323625,-5.113531835387619,-6.660729195523459,-8.844544290850195,-8.84454429085099,0.7137925634478881,0.7183301430838065,0.7196622746227035,0.7183301430838065,0.7137925634478881,0.0,0.0,0.0,0.0,0.0
26.30000000000024,0.2,5.259999999999932,-6.6530159887591935,-5.103681597097136,-4.60873666148251,-5.103681597097136,-6.6530159887591935,-8.838559965686898,-8.838559965687693,0.7140863041222834,0.7186298012253941,0.7199643427796332,0.7186298012253941,0.7140863041222834,0.0,0.0,0.0,0.0,0.0
26.40000000000024,0.2,5.279999999999932,-6.645313021243226,-5.093858932071726,-4.598044707725137,-5.093858932071726,-6.645313021243226,-8.83257144929945,-8.832571449300247,0.7143783139436838,0.7189276825209505,0.7202646154222009,0.7189276825209505,0.7143783139436838,0.0,0.0,0.0,0.0,0.0
26.50000000000024,0.2,5.299999999999931,-6.637620223877434,-5.084063637036422,-4.587387110274847,-5.084063637036422,-6.637620223877434,-8.826578782175773,-8.826578782176568,0.714668608643527,0.719223803047612,0.7205631087678785,0.719223803047612,0.714668608643527,0.0,0.0,0.0,0.0,0.0
26.600000000000243,0.2,5.319999999999931,-6.629937528134747,-5.074295510367449,-4.576763613697381,-5.074295510367449,-6.629937528134747,-8.820582004495407,-8.820582004496202,0.7149572037584775,0.719518178685005,0.720859838835603,0.719518178685005,0.7149572037584775,0.0,0.0,0.0,0.0,0.0
26.700000000000244,0.2,5.339999999999931,-6.622264866052944,-5.064554352079369,-4.566173964603024,-5.064554352079369,-6.622264866052944,-8.814581156132249,-8.814581156133045,0.7152441146334616,0.7198108251182974,0.7211548214488153,0.7198108251182974,0.7152441146334616,0.0,0.0,0.0,0.0,0.0
26.800000000000246,0.2,5.35999999999993,-6.6146021702296025,-5.0548399638033175,-4.555617911628872,-5.0548399638033175,-6.6146021702296025,-8.808576276656709,-8.808576276657561,0.7155293564246514,0.7201017578412308,0.7214480722384744,0.7201017578412308,0.7155293564246514,0.0,0.0,0.0,0.0,0.0
26.900000000000247,0.2,5.37999999999993,-6.606949373811062,-5.045152148776083,-4.545095205413475,-5.045152148776083,-6.606949373811062,-8.802567405338493,-8.802567405339346,0.7158129441024076,0.7203909921590547,0.7217396066460404,0.7203909921590547,0.7158129441024076,0.0,0.0,0.0,0.0,0.0
27.00000000000025,0.2,5.399999999999929,-6.59930641048993,-5.035490711820387,-4.53460559858604,-5.035490711820387,-6.59930641048993,-8.796554581148655,-8.79655458114945,0.7160948924541406,0.7206785431914403,0.7220294399263534,0.7206785431914403,0.7160948924541406,0.0,0.0,0.0,0.0,0.0
27.10000000000025,0.2,5.419999999999929,-6.5916732144953585,-5.02585545933664,-4.524148845743241,-5.02585545933664,-6.5916732144953585,-8.790537842762035,-8.79053784276283,0.7163752160871456,0.720964425875305,0.7223175871505052,0.720964425875305,0.7163752160871456,0.0,0.0,0.0,0.0,0.0
27.20000000000025,0.2,5.4399999999999284,-6.5840497205925885,-5.0162461992795215,-4.513724703439607,-5.0162461992795215,-6.5840497205925885,-8.784517228559764,-8.784517228560503,0.7166539294313544,0.7212486549676258,0.7226040632086146,0.7212486549676258,0.7166539294313544,0.0,0.0,0.0,0.0,0.0
27.300000000000253,0.2,5.459999999999928,-6.576435864073687,-5.006662741152638,-4.503332930164049,-5.006662741152638,-6.576435864073687,-8.77849277663148,-8.778492776632163,0.7169310467420639,0.7215312450481599,0.7228888828125928,0.7215312450481599,0.7169310467420639,0.0,0.0,0.0,0.0,0.0
27.400000000000254,0.2,5.479999999999928,-6.568831580749361,-4.997104895985558,-4.492973286325537,-4.997104895985558,-6.568831580749361,-8.77246452477749,-8.772464524778172,0.7172065821026089,0.7218122105221517,0.7231720604988313,0.7218122105221517,0.7172065821026089,0.0,0.0,0.0,0.0,0.0
27.500000000000256,0.2,5.499999999999927,-6.56123680694742,-4.98757247632301,-4.482645534237122,-4.98757247632301,-6.56123680694742,-8.766432510511322,-8.766432510512004,0.7174805494269733,0.7220915656229686,0.7234536106308483,0.7220915656229686,0.7174805494269733,0.0,0.0,0.0,0.0,0.0
27.600000000000257,0.2,5.519999999999927,-6.553651479500502,-4.978065296210104,-4.472349438098433,-4.978065296210104,-6.553651479500502,-8.760396771061778,-8.76039677106246,0.7177529624623787,0.7223693244146971,0.7237335474018936,0.7223693244146971,0.7177529624623787,0.0,0.0,0.0,0.0,0.0
27.70000000000026,0.2,5.539999999999926,-6.546075535752948,-4.968583171181933,-4.462084763978908,-4.968583171181933,-6.546075535752948,-8.754357343375204,-8.754357343375887,0.7180238347917738,0.7226455007946752,0.7240118848374975,0.7226455007946752,0.7180238347917738,0.0,0.0,0.0,0.0,0.0
27.80000000000026,0.2,5.559999999999926,-6.538508913540625,-4.95912591824316,-4.451851279799143,-4.95912591824316,-6.538508913540625,-8.748314264117766,-8.748314264118449,0.7182931798363555,0.722920108496014,0.724288636797989,0.722920108496014,0.7182931798363555,0.0,0.0,0.0,0.0,0.0
27.90000000000026,0.2,5.5799999999999255,-6.530951551197745,-4.949693355862507,-4.441648755324877,-4.949693355862507,-6.530951551197745,-8.742267569677551,-8.74226756967829,0.7185610108579695,0.7231931610900297,0.7245638169809259,0.7231931610900297,0.7185610108579695,0.0,0.0,0.0,0.0,0.0
28.000000000000263,0.2,5.599999999999925,-6.523403387542999,-4.940285303949452,-4.431476962133843,-4.940285303949452,-6.523403387542999,-8.736217296166785,-8.736217296167524,0.7188273409615238,0.7234646719886829,0.7248374389235611,0.7234646719886829,0.7188273409615238,0.0,0.0,0.0,0.0,0.0
28.100000000000264,0.2,5.619999999999925,-6.515864361879096,-4.9309015838490495,-4.421335673613669,-4.9309015838490495,-6.515864361879096,-8.730163479423936,-8.730163479424732,0.7190921830973223,0.7237346544469219,0.7251095160051801,0.7237346544469219,0.7190921830973223,0.0,0.0,0.0,0.0,0.0
28.200000000000266,0.2,5.639999999999924,-6.508334413985608,-4.921542018323294,-4.411224664946587,-4.921542018323294,-6.508334413985608,-8.724106155015932,-8.72410615501667,0.7193555500633767,0.7240031215650247,0.7253800614494306,0.7240031215650247,0.7193555500633767,0.0,0.0,0.0,0.0,0.0
28.300000000000267,0.2,5.659999999999924,-6.500813484116975,-4.912206431540653,-4.401143713085219,-4.912206431540653,-6.500813484116975,-8.71804535824009,-8.718045358240829,0.7196174545076616,0.7242700862908755,0.7256490883266382,0.7242700862908755,0.7196174545076616,0.0,0.0,0.0,0.0,0.0
28.40000000000027,0.2,5.679999999999923,-6.4933015129929,-4.902894649064876,-4.391092596739895,-4.902894649064876,-6.4933015129929,-8.71198112412634,-8.711981124127078,0.719877908930351,0.7245355614222055,0.7259166095560475,0.7245355614222055,0.719877908930351,0.0,0.0,0.0,0.0,0.0
28.50000000000027,0.2,5.699999999999923,-6.485798441797101,-4.8936064978407785,-4.381071096368714,-4.8936064978407785,-6.485798441797101,-8.705913487439261,-8.705913487440057,0.7201369256859925,0.7247995596087988,0.7261826379080202,0.7247995596087988,0.7201369256859925,0.0,0.0,0.0,0.0,0.0
28.60000000000027,0.2,5.7199999999999225,-6.478304212172077,-4.884341806176849,-4.371078994155766,-4.884341806176849,-6.478304212172077,-8.699842482680253,-8.699842482681106,0.7203945169856525,0.7250620933546711,0.7264471860062232,0.7250620933546711,0.7203945169856525,0.0,0.0,0.0,0.0,0.0
28.700000000000273,0.2,5.739999999999922,-6.470818766213654,-4.875100403738941,-4.361116074002723,-4.875100403738941,-6.470818766213654,-8.69376814408929,-8.693768144090086,0.7206506948990286,0.7253231750201801,0.7267102663297449,0.7253231750201801,0.7206506948990286,0.0,0.0,0.0,0.0,0.0
28.800000000000274,0.2,5.759999999999922,-6.463342046465698,-4.865882121538107,-4.351182121507236,-4.865882121538107,-6.463342046465698,-8.68769050564714,-8.687690505647936,0.7209054713565171,0.7255828168241161,0.7269718912152084,0.7255828168241161,0.7209054713565171,0.0,0.0,0.0,0.0,0.0
28.900000000000276,0.2,5.779999999999921,-6.455873995916761,-4.856686791916729,-4.34127692395117,-4.856686791916729,-6.455873995916761,-8.681609601077184,-8.681609601077923,0.7211588581512477,0.7258410308457556,0.7272320728588266,0.7258410308457556,0.7211588581512477,0.0,0.0,0.0,0.0,0.0
29.000000000000277,0.2,5.799999999999921,-6.448414557994852,-4.847514248532661,-4.331400270290544,-4.847514248532661,-6.448414557994852,-8.675525463847578,-8.675525463848317,0.721410866941082,0.726097829026894,0.7274908233184085,0.726097829026894,0.721410866941082,0.0,0.0,0.0,0.0,0.0
29.10000000000028,0.2,5.81999999999992,-6.440963676564081,-4.838364326349279,-4.32155195113296,-4.838364326349279,-6.440963676564081,-8.669438127173123,-8.669438127173862,0.7216615092505719,0.7263532231738189,0.7277481545153749,0.7263532231738189,0.7216615092505719,0.0,0.0,0.0,0.0,0.0
29.20000000000028,0.2,5.83999999999992,-6.433521295919377,-4.829236861632978,-4.311731758730616,-4.829236861632978,-6.433521295919377,-8.663347624017206,-8.663347624017945,0.7219107964728959,0.7266072249592341,0.7280040782366889,0.7266072249592341,0.7219107964728959,0.0,0.0,0.0,0.0,0.0
29.30000000000028,0.2,5.8599999999999195,-6.426087360784891,-4.820131691927941,-4.301939486956371,-4.820131691927941,-6.426087360784891,-8.657253987093668,-8.657253987094464,0.7221587398717413,0.7268598459242102,0.7282586061368057,0.7268598459242102,0.7221587398717413,0.0,0.0,0.0,0.0,0.0
29.400000000000283,0.2,5.879999999999919,-6.418661816304905,-4.811048656052719,-4.292174931301929,-4.811048656052719,-6.418661816304905,-8.651157248868913,-8.651157248869708,0.7224053505831851,0.7271110974800419,0.7285117497395255,0.7271110974800419,0.7224053505831851,0.0,0.0,0.0,0.0,0.0
29.500000000000284,0.2,5.899999999999919,-6.411244608048037,-4.801987594082732,-4.282437888859761,-4.801987594082732,-6.411244608048037,-8.645057441563381,-8.645057441564177,0.722650639617498,0.7273609909101183,0.7287635204398597,0.7273609909101183,0.722650639617498,0.0,0.0,0.0,0.0,0.0
29.600000000000286,0.2,5.919999999999918,-6.403835681989335,-4.7929483473480445,-4.2727281583023,-4.7929483473480445,-6.403835681989335,-8.638954597153827,-8.638954597154566,0.7228946178609841,0.7276095373717089,0.7290139295058746,0.7276095373717089,0.7228946178609841,0.0,0.0,0.0,0.0,0.0
29.700000000000287,0.2,5.939999999999918,-6.396434984519146,-4.783930758414783,-4.263045539876202,-4.783930758414783,-6.396434984519146,-8.632848747374908,-8.632848747375704,0.7231372960777112,0.7278567478977737,0.7292629880804622,0.7278567478977737,0.7231372960777112,0.0,0.0,0.0,0.0,0.0
29.80000000000029,0.2,5.959999999999917,-6.3890424624370326,-4.77493467107729,-4.253389835386258,-4.77493467107729,-6.3890424624370326,-8.626739923721289,-8.626739923722084,0.7233786849112568,0.7281026333987101,0.7295107071831065,0.7281026333987101,0.7233786849112568,0.0,0.0,0.0,0.0,0.0
29.90000000000029,0.2,5.979999999999917,-6.381658062942449,-4.765959930342888,-4.2437608481832285,-4.765959930342888,-6.381658062942449,-8.620628157449119,-8.620628157449971,0.723618794886426,0.728347204664088,0.7297570977116165,0.728347204664088,0.723618794886426,0.0,0.0,0.0,0.0,0.0
30.00000000000029,0.2,5.9999999999999165,-6.374281733631449,-4.757006382429779,-4.23415838315168,-4.757006382429779,-6.374281733631449,-8.61451347957808,-8.614513479578989,0.7238576364109355,0.728590472364324,0.7300021704438215,0.728590472364324,0.7238576364109355,0.0,0.0,0.0,0.0,0.0
30.100000000000293,0.2,6.019999999999916,-6.366913422500886,-4.7480738747470355,-4.224582246689295,-4.7480738747470355,-6.366913422500886,-8.608395920893201,-8.608395920894168,0.7240952197770373,0.7288324470523747,0.7302459360392689,0.7288324470523747,0.7240952197770373,0.0,0.0,0.0,0.0,0.0
30.200000000000294,0.2,6.039999999999916,-6.359553077938244,-4.73916225589187,-4.215032246704993,-4.73916225589187,-6.359553077938244,-8.602275511946402,-8.602275511947369,0.7243315551631595,0.7290731391653547,0.7304884050408373,0.7290731391653547,0.7243315551631595,0.0,0.0,0.0,0.0,0.0
30.300000000000296,0.2,6.059999999999915,-6.352200648714643,-4.730271375635311,-4.205508192599609,-4.730271375635311,-6.352200648714643,-8.596152283058359,-8.596152283059382,0.7245666526355127,0.7293125590261579,0.7307295878763745,0.7293125590261579,0.7245666526355127,0.0,0.0,0.0,0.0,0.0
30.400000000000297,0.2,6.079999999999915,-6.344856083993761,-4.721401084907825,-4.196009895250825,-4.721401084907825,-6.344856083993761,-8.590026264320443,-8.590026264321466,0.7248005221496198,0.7295507168450556,0.730969494860293,0.7295507168450556,0.7248005221496198,0.0,0.0,0.0,0.0,0.0
30.5000000000003,0.2,6.099999999999914,-6.337519333313935,-4.712551235799708,-4.186537167007316,-4.712551235799708,-6.337519333313935,-8.58389748559614,-8.583897485597163,0.7250331735519012,0.7297876227212237,0.7312081361951165,0.7297876227212237,0.7250331735519012,0.0,0.0,0.0,0.0,0.0
30.6000000000003,0.2,6.119999999999914,-6.330190346593554,-4.703721681540685,-4.177089821667948,-4.703721681540685,-6.330190346593554,-8.577765976522926,-8.57776597652395,0.7252646165811631,0.7300232866443049,0.7314455219730438,0.7300232866443049,0.7252646165811631,0.0,0.0,0.0,0.0,0.0
30.7000000000003,0.2,6.1399999999999135,-6.322869074125265,-4.694912276494847,-4.167667674481606,-4.694912276494847,-6.322869074125265,-8.571631766513917,-8.57163176651494,0.7254948608700958,0.7302577184959032,0.7316816621774239,0.7302577184959032,0.7254948608700958,0.0,0.0,0.0,0.0,0.0
30.800000000000303,0.2,6.159999999999913,-6.3155554665708,-4.686122876149909,-4.158270542122239,-4.686122876149909,-6.3155554665708,-8.565494884759573,-8.565494884760653,0.725723915946744,0.7304909280510647,0.7319165666842813,0.7304909280510647,0.725723915946744,0.0,0.0,0.0,0.0,0.0
30.900000000000304,0.2,6.179999999999913,-6.308249474961315,-4.6773533371096505,-4.148898242682549,-4.6773533371096505,-6.308249474961315,-8.559355360229404,-8.559355360230484,0.725951791235938,0.7307229249797322,0.7321502452637645,0.7307229249797322,0.725951791235938,0.0,0.0,0.0,0.0,0.0
31.000000000000306,0.2,6.199999999999912,-6.300951050688752,-4.668603517082772,-4.1395505956630245,-4.668603517082772,-6.300951050688752,-8.553213221673502,-8.553213221674582,0.7261784960607265,0.7309537188481807,0.73238270758158,0.7309537188481807,0.7261784960607265,0.0,0.0,0.0,0.0,0.0
31.100000000000307,0.2,6.219999999999912,-6.293660145510103,-4.659873274868403,-4.130227421959262,-4.659873274868403,-6.293660145510103,-8.547068497624366,-8.547068497625503,0.7264040396437477,0.7311833191204419,0.7326139632004124,0.7311833191204419,0.7264040396437477,0.0,0.0,0.0,0.0,0.0
31.20000000000031,0.2,6.239999999999911,-6.286376711537741,-4.651162470352517,-4.1209285438467305,-4.651162470352517,-6.286376711537741,-8.54092121639843,-8.54092121639951,0.7266284311086205,0.7314117351596743,0.732844021581325,0.7314117351596743,0.7266284311086205,0.0,0.0,0.0,0.0,0.0
31.30000000000031,0.2,6.259999999999911,-6.2791007012399405,-4.642470964501513,-4.111653784970656,-4.642470964501513,-6.2791007012399405,-8.534771406097548,-8.534771406098685,0.7268516794812823,0.7316389762295187,0.7330728920851268,0.7316389762295187,0.7268516794812823,0.0,0.0,0.0,0.0,0.0
31.40000000000031,0.2,6.2799999999999105,-6.271832067433252,-4.633798619344077,-4.102402970339313,-4.633798619344077,-6.271832067433252,-8.52861909461086,-8.52861909461194,0.7270737936913264,0.7318650514954661,0.7333005839737046,0.7318650514954661,0.7270737936913264,0.0,0.0,0.0,0.0,0.0
31.500000000000313,0.2,6.29999999999991,-6.264570763284098,-4.625145297967151,-4.0931759263079925,-4.625145297967151,-6.264570763284098,-8.522464309616169,-8.522464309617249,0.7272947825732955,0.7320899700261607,0.7335271064113635,0.7320899700261607,0.7272947825732955,0.0,0.0,0.0,0.0,0.0
31.600000000000314,0.2,6.31999999999991,-6.2573167423056475,-4.616510864506324,-4.08397248056724,-4.616510864506324,-6.2573167423056475,-8.516307078581633,-8.516307078582656,0.7275146548679642,0.7323137407947027,0.7337524684661311,0.7323137407947027,0.7275146548679642,0.0,0.0,0.0,0.0,0.0
31.700000000000315,0.2,6.339999999999909,-6.250069958353663,-4.607895184138442,-4.074792462132507,-4.607895184138442,-6.250069958353663,-8.510147428767198,-8.51014742876822,0.7277334192236056,0.7325363726799192,0.7339766791110401,0.7325363726799192,0.7277334192236056,0.0,0.0,0.0,0.0,0.0
31.800000000000317,0.2,6.359999999999909,-6.242830365619909,-4.5992981230719465,-4.06563570133261,-4.5992981230719465,-6.242830365619909,-8.503985387226294,-8.503985387227374,0.7279510841972425,0.7327578744676251,0.7341997472253893,0.7327578744676251,0.7279510841972425,0.0,0.0,0.0,0.0,0.0
31.90000000000032,0.2,6.379999999999908,-6.23559791863272,-4.590719548532888,-4.056502029799617,-4.590719548532888,-6.23559791863272,-8.497820980807262,-8.497820980808399,0.7281676582558599,0.7329782548518722,0.7344216815959854,0.7329782548518722,0.7281676582558599,0.0,0.0,0.0,0.0,0.0
32.00000000000032,0.2,6.399999999999908,-6.2283725722554095,-4.582159328762771,-4.047391280461966,-4.582159328762771,-6.2283725722554095,-8.491654236154943,-8.491654236156137,0.7283831497776048,0.7331975224361506,0.7346424909183534,0.7331975224361506,0.7283831497776048,0.0,0.0,0.0,0.0,0.0
32.100000000000314,0.2,6.419999999999908,-6.221154281680526,-4.57361733300786,-4.038303287525082,-4.57361733300786,-6.221154281680526,-8.48548517971227,-8.485485179713464,0.7285975670529757,0.7334156857345888,0.7348621837979643,0.7334156857345888,0.7285975670529757,0.0,0.0,0.0,0.0,0.0
32.20000000000031,0.2,6.439999999999907,-6.213943002430085,-4.565093431512651,-4.029237886463363,-4.565093431512651,-6.213943002430085,-8.479313837721463,-8.479313837722657,0.7288109182859799,0.7336327531731291,0.7350807687514105,0.7336327531731291,0.7288109182859799,0.0,0.0,0.0,0.0,0.0
32.3000000000003,0.2,6.459999999999907,-6.2067386903536885,-4.556587495507699,-4.020194914013871,-4.556587495507699,-6.2067386903536885,-8.473140236225902,-8.473140236227039,0.7290232115952735,0.7338487330906952,0.7352982542075589,0.7338487330906952,0.7290232115952735,0.0,0.0,0.0,0.0,0.0
32.4000000000003,0.2,6.479999999999906,-6.199541301615511,-4.548099397203032,-4.011174208162231,-4.548099397203032,-6.199541301615511,-8.466964401071209,-8.466964401072346,0.7292344550153192,0.7340636337403298,0.7355146485087088,0.7340636337403298,0.7292344550153192,0.0,0.0,0.0,0.0,0.0
32.50000000000029,0.2,6.499999999999906,-6.1923507927031665,-4.539629009776604,-4.002175608131893,-4.539629009776604,-6.1923507927031665,-8.460786357907068,-8.460786357908148,0.7294446564974637,0.7342774632903272,0.7357299599117186,0.7342774632903272,0.7294446564974637,0.0,0.0,0.0,0.0,0.0
32.600000000000286,0.2,6.519999999999905,-6.185167120422307,-4.5311762073752675,-3.9931989543751456,-4.5311762073752675,-6.185167120422307,-8.45460613218853,-8.454606132189554,0.7296538239110356,0.7344902298253118,0.735944196589116,0.7344902298253118,0.7296538239110356,0.0,0.0,0.0,0.0,0.0
32.70000000000028,0.2,6.539999999999905,-6.177990241891791,-4.522740865097148,-3.9842440885656742,-4.522740865097148,-6.177990241891791,-8.448423749177323,-8.44842374917829,0.7298619650444254,0.7347019413473523,0.7361573666301809,0.7347019413473523,0.7298619650444254,0.0,0.0,0.0,0.0,0.0
32.800000000000274,0.2,6.559999999999905,-6.170820114540334,-4.514322858987782,-3.9753108535796855,-4.514322858987782,-6.170820114540334,-8.442239233943496,-8.442239233944406,0.7300690876061458,0.7349126057770236,0.7363694780420478,0.7349126057770236,0.7300690876061458,0.0,0.0,0.0,0.0,0.0
32.90000000000027,0.2,6.579999999999904,-6.163656696109797,-4.5059220660311325,-3.9663990934960225,-4.5059220660311325,-6.163656696109797,-8.436052611366677,-8.436052611367586,0.7302751992258566,0.7351222309544602,0.7365805387507354,0.7351222309544602,0.7302751992258566,0.0,0.0,0.0,0.0,0.0
33.00000000000026,0.2,6.599999999999904,-6.156499944640359,-4.497538364145498,-3.9575086535802484,-4.497538364145498,-6.156499944640359,-8.429863906137598,-8.42986390613845,0.7304803074554205,0.7353308246403853,0.7367905566022074,0.7353308246403853,0.7304803074554205,0.0,0.0,0.0,0.0,0.0
33.10000000000026,0.2,6.619999999999903,-6.149349818484268,-4.4891716321664035,-3.948639380274585,-4.4891716321664035,-6.149349818484268,-8.423673142759412,-8.423673142760265,0.7306844197698686,0.7355383945171592,0.736999539363399,0.7355383945171592,0.7306844197698686,0.0,0.0,0.0,0.0,0.0
33.20000000000025,0.2,6.639999999999903,-6.142206276293109,-4.4808217498516,-3.939791121192684,-4.4808217498516,-6.142206276293109,-8.417480345549109,-8.417480345549961,0.7308875435684216,0.7357449481897458,0.737207494723215,0.7357449481897458,0.7308875435684216,0.0,0.0,0.0,0.0,0.0
33.300000000000246,0.2,6.659999999999902,-6.135069277013315,-4.4724885978636735,-3.93096372510513,-4.4724885978636735,-6.135069277013315,-8.411285538638879,-8.411285538639675,0.731089686175471,0.7359504931867347,0.7374144302935393,0.7359504931867347,0.731089686175471,0.0,0.0,0.0,0.0,0.0
33.40000000000024,0.2,6.679999999999902,-6.127938779890201,-4.464172057764301,-3.922157041930518,-4.464172057764301,-6.127938779890201,-8.405088745977366,-8.405088745978219,0.7312908548415222,0.7361550369613056,0.7376203536102101,0.7361550369613056,0.7312908548415222,0.0,0.0,0.0,0.0,0.0
33.500000000000234,0.2,6.699999999999902,-6.120814744459722,-4.455872012010559,-3.91337092273028,-4.455872012010559,-6.120814744459722,-8.398889991331203,-8.398889991332112,0.7314910567441606,0.7363585868921827,0.7378252721339769,0.7363585868921827,0.7314910567441606,0.0,0.0,0.0,0.0,0.0
33.60000000000023,0.2,6.719999999999901,-6.113697130556716,-4.447588343943721,-3.9046052196939627,-4.447588343943721,-6.113697130556716,-8.392689298286314,-8.392689298287223,0.7316902989889532,0.7365611502845842,0.7380291932514622,0.7365611502845842,0.7316902989889532,0.0,0.0,0.0,0.0,0.0
33.70000000000022,0.2,6.739999999999901,-6.106585898298874,-4.439320937784771,-3.895859786132121,-4.439320937784771,-6.106585898298874,-8.386486690249114,-8.386486690250024,0.7318885886104013,0.7367627343711513,0.7382321242760903,0.7367627343711513,0.7318885886104013,0.0,0.0,0.0,0.0,0.0
33.80000000000022,0.2,6.7599999999999,-6.099481008093562,-4.43106967862434,-3.887134476468077,-4.43106967862434,-6.099481008093562,-8.380282190447986,-8.380282190448895,0.7320859325728253,0.7369633463128663,0.7384340724490093,0.7369633463128663,0.7320859325728253,0.0,0.0,0.0,0.0,0.0
33.90000000000021,0.2,6.7799999999999,-6.0923824206291215,-4.422834452418783,-3.8784291462273472,-4.422834452418783,-6.0923824206291215,-8.374075821934412,-8.374075821935321,0.7322823377712661,0.7371629931999494,0.7386350449399978,0.7371629931999494,0.7322823377712661,0.0,0.0,0.0,0.0,0.0
34.000000000000206,0.2,6.7999999999998995,-6.085290096877884,-4.414615145980292,-3.8697436520299107,-4.414615145980292,-6.085290096877884,-8.367867607584515,-8.367867607585367,0.7324778110323508,0.7373616820527533,0.7388350488483567,0.7373616820527533,0.7324778110323508,0.0,0.0,0.0,0.0,0.0
34.1000000000002,0.2,6.819999999999899,-6.078203998097422,-4.406411646970582,-3.8610778515767947,-4.406411646970582,-6.078203998097422,-8.361657570100022,-8.361657570100931,0.7326723591151458,0.7375594198226376,0.7390340912038027,0.7375594198226376,0.7326723591151458,0.0,0.0,0.0,0.0,0.0
34.200000000000195,0.2,6.839999999999899,-6.0711240858145175,-4.398223843893902,-3.852431603650473,-4.398223843893902,-6.0711240858145175,-8.355445732009855,-8.355445732010821,0.732865988712041,0.7377562133928277,0.739232178967305,0.7377562133928277,0.732865988712041,0.0,0.0,0.0,0.0,0.0
34.30000000000019,0.2,6.859999999999898,-6.064050321834543,-4.390051626090781,-3.843804768093662,-4.390051626090781,-6.064050321834543,-8.34923211567127,-8.349232115672294,0.7330587064495596,0.737952069579264,0.7394293190319792,0.737952069579264,0.7330587064495596,0.0,0.0,0.0,0.0,0.0
34.40000000000018,0.2,6.879999999999898,-6.056982668238902,-4.381894883730411,-3.8351972058136994,-4.381894883730411,-6.056982668238902,-8.34301674327105,-8.34301674327213,0.7332505188891805,0.7381469951314394,0.7396255182238844,0.7381469951314394,0.7332505188891805,0.0,0.0,0.0,0.0,0.0
34.50000000000018,0.2,6.899999999999897,-6.049921087374344,-4.3737535078041105,-3.826608778760715,-4.3737535078041105,-6.049921087374344,-8.336799636826981,-8.336799636828061,0.7334414325281742,0.738340996733222,0.7398207833028942,0.738340996733222,0.7334414325281742,0.0,0.0,0.0,0.0,0.0
34.60000000000017,0.2,6.919999999999897,-6.04286554186001,-4.365627390122825,-3.818039349934054,-4.365627390122825,-6.04286554186001,-8.330580818188594,-8.33058081818973,0.7336314538003785,0.7385340810036539,0.7400151209634674,0.7385340810036539,0.7336314538003785,0.0,0.0,0.0,0.0,0.0
34.700000000000166,0.2,6.9399999999998965,-6.035815994582833,-4.357516423297341,-3.809488783360223,-4.357516423297341,-6.035815994582833,-8.324360309039093,-8.324360309040173,0.73382058907699,0.7387262544977871,0.7402085378354898,0.7387262544977871,0.73382058907699,0.0,0.0,0.0,0.0,0.0
34.80000000000016,0.2,6.959999999999896,-6.028772408691907,-4.349420500751023,-3.800956944088057,-4.349420500751023,-6.028772408691907,-8.318138130896045,-8.318138130897069,0.7340088446673524,0.7389175237074174,0.7404010404850556,0.7389175237074174,0.7340088446673524,0.0,0.0,0.0,0.0,0.0
34.900000000000155,0.2,6.979999999999896,-6.0217347476010445,-4.341339516694063,-3.7924436981862755,-4.341339516694063,-6.0217347476010445,-8.31191430511268,-8.311914305113703,0.7341962268197049,0.739107895061911,0.740592635415233,0.739107895061911,0.7341962268197049,0.0,0.0,0.0,0.0,0.0
35.00000000000015,0.2,6.999999999999895,-6.014702974980821,-4.333273366131493,-3.783948912727226,-4.333273366131493,-6.014702974980821,-8.305688852879314,-8.305688852880337,0.7343827417219576,0.7392973749289299,0.7407833290668508,0.7392973749289299,0.7343827417219576,0.0,0.0,0.0,0.0,0.0
35.10000000000014,0.2,7.019999999999895,-6.007677054765679,-4.325221944851307,-3.7754724557868258,-4.325221944851307,-6.007677054765679,-8.299461795224317,-8.299461795225398,0.7345683955023983,0.7394859696152,0.7409731278192375,0.7394859696152,0.7345683955023983,0.0,0.0,0.0,0.0,0.0
35.20000000000014,0.2,7.039999999999894,-6.000656951141082,-4.317185149416844,-3.7670141964266577,-4.317185149416844,-6.000656951141082,-8.293233153015422,-8.293233153016502,0.7347531942304609,0.7396736853672535,0.7411620379909896,0.7396736853672535,0.7347531942304609,0.0,0.0,0.0,0.0,0.0
35.30000000000013,0.2,7.059999999999894,-5.993642628549253,-4.309162877158883,-3.7585740046970386,-4.309162877158883,-5.993642628549253,-8.28700294696074,-8.287002946961877,0.73493714391742,0.7398605283721673,0.7413500658406789,0.7398605283721673,0.73493714391742,0.0,0.0,0.0,0.0,0.0
35.40000000000013,0.2,7.0799999999998935,-5.986634051684916,-4.301155026179629,-3.7501517516183753,-4.301155026179629,-5.986634051684916,-8.280771197610306,-8.280771197611386,0.7351202505171087,0.7400465047582516,0.7415372175676062,0.7400465047582516,0.7351202505171087,0.0,0.0,0.0,0.0,0.0
35.50000000000012,0.2,7.099999999999893,-5.979631185491542,-4.293161495331162,-3.741747309182358,-4.293161495331162,-5.979631185491542,-8.27453792535664,-8.27453792535772,0.7353025199266189,0.7402316205958014,0.7417234993124867,0.7402316205958014,0.7353025199266189,0.0,0.0,0.0,0.0,0.0
35.600000000000115,0.2,7.119999999999893,-5.972633995164358,-4.28518218422289,-3.7333605503382046,-4.28518218422289,-5.972633995164358,-8.268303150436395,-8.268303150437532,0.7354839579869795,0.7404158818977615,0.741908917158175,0.7404158818977615,0.7354839579869795,0.0,0.0,0.0,0.0,0.0
35.70000000000011,0.2,7.139999999999892,-5.965642446144443,-4.2772169932091515,-3.7249913489898177,-4.2772169932091515,-5.965642446144443,-8.262066892931443,-8.262066892932467,0.7356645704838441,0.7405992946204293,0.7420934771303374,0.7405992946204293,0.7356645704838441,0.0,0.0,0.0,0.0,0.0
35.800000000000104,0.2,7.159999999999892,-5.958656504113662,-4.269265823383023,-3.7166395799787324,-4.269265823383023,-5.958656504113662,-8.255829172769495,-8.255829172770575,0.7358443631481681,0.7407818646641351,0.7422771851981674,0.7407818646641351,0.7358443631481681,0.0,0.0,0.0,0.0,0.0
35.9000000000001,0.2,7.179999999999891,-5.951676134997172,-4.2613285765721685,-3.708305119088095,-4.2613285765721685,-5.951676134997172,-8.249590009726035,-8.249590009727171,0.7360233416568549,0.7409635978739054,0.7424600472750232,0.7409635978739054,0.7360233416568549,0.0,0.0,0.0,0.0,0.0
36.00000000000009,0.2,7.199999999999891,-5.944701304968589,-4.253405155330142,-3.699987843026463,-4.253405155330142,-5.944701304968589,-8.243349423424831,-8.243349423425968,0.7362015116333888,0.7411445000401307,0.7426420692191139,0.7411445000401307,0.7362015116333888,0.0,0.0,0.0,0.0,0.0
36.10000000000009,0.2,7.2199999999998905,-5.9377319804299304,-4.245495462936844,-3.691687629428145,-4.245495462936844,-5.9377319804299304,-8.237107433339133,-8.23710743334027,0.7363788786485178,0.7413245768991977,0.7428232568341354,0.7413245768991977,0.7363788786485178,0.0,0.0,0.0,0.0,0.0
36.20000000000008,0.2,7.23999999999989,-5.9307681280274664,-4.237599403385332,-3.6834043568375705,-4.237599403385332,-5.9307681280274664,-8.230864058793031,-8.230864058794168,0.7365554482208443,0.7415038341341487,0.7430036158699338,0.7415038341341487,0.7365554482208443,0.0,0.0,0.0,0.0,0.0
36.300000000000075,0.2,7.25999999999989,-5.923809714640754,-4.2297168813815915,-3.6751379047091746,-4.2297168813815915,-5.923809714640754,-8.224619318962198,-8.224619318963391,0.7367312258174658,0.7416822773752988,0.7431831520231235,0.7416822773752988,0.7367312258174658,0.0,0.0,0.0,0.0,0.0
36.40000000000007,0.2,7.279999999999889,-5.916856707380134,-4.221847802333741,-3.6668881533931312,-4.221847802333741,-5.916856707380134,-8.218373232875308,-8.218373232876502,0.7369062168545888,0.7418599122008724,0.7433618709377302,0.7418599122008724,0.7369062168545888,0.0,0.0,0.0,0.0,0.0
36.500000000000064,0.2,7.299999999999889,-5.909909073592701,-4.213992072355836,-3.658654984135751,-4.213992072355836,-5.909909073592701,-8.21212581941478,-8.21212581941603,0.7370804266981154,0.7420367441375891,0.7435397782057895,0.7420367441375891,0.7370804266981154,0.0,0.0,0.0,0.0,0.0
36.60000000000006,0.2,7.319999999999888,-5.902966780851386,-4.206149598246839,-3.650438279064872,-4.206149598246839,-5.902966780851386,-8.20587709731808,-8.20587709731933,0.7372538606642581,0.7422127786613113,0.7437168793679727,0.7422127786613113,0.7372538606642581,0.0,0.0,0.0,0.0,0.0
36.70000000000005,0.2,7.339999999999888,-5.896029796961386,-4.198320287501531,-3.6422379211864495,-4.198320287501531,-5.896029796961386,-8.199627085178747,-8.199627085179998,0.7374265240201091,0.7423880211975946,0.7438931799141807,0.7423880211975946,0.7374265240201091,0.0,0.0,0.0,0.0,0.0
36.80000000000005,0.2,7.3599999999998875,-5.889098089949357,-4.190504048293121,-3.6340537943818276,-4.190504048293121,-5.889098089949357,-8.193375801447303,-8.19337580144861,0.7375984219842395,0.7425624771223088,0.7440686852841185,0.7425624771223088,0.7375984219842395,0.0,0.0,0.0,0.0,0.0
36.90000000000004,0.2,7.379999999999887,-5.882171628068647,-4.182700789474609,-3.6258857833918228,-4.182700789474609,-5.882171628068647,-8.1871232644325,-8.187123264433694,0.7377695597272506,0.7427361517621972,0.7442434008679079,0.7427361517621972,0.7377695597272506,0.0,0.0,0.0,0.0,0.0
37.000000000000036,0.2,7.399999999999887,-5.875250379799752,-4.174910420572246,-3.6177337738160986,-4.174910420572246,-5.875250379799752,-8.180869492302008,-8.180869492303259,0.7379399423723311,0.7429090503954514,0.7444173320066397,0.7429090503954514,0.7379399423723311,0.0,0.0,0.0,0.0,0.0
37.10000000000003,0.2,7.419999999999886,-5.868334313838773,-4.1671328517757615,-3.6095976521054354,-4.1671328517757615,-5.868334313838773,-8.174614503083887,-8.174614503085138,0.7381095749958365,0.7430811782522866,0.7445904839929486,0.7430811782522866,0.7381095749958365,0.0,0.0,0.0,0.0,0.0
37.200000000000024,0.2,7.439999999999886,-5.861423399102534,-4.159367993941487,-3.6014773055542832,-4.159367993941487,-5.861423399102534,-8.168358314667387,-8.16835831466858,0.7382784626278173,0.7432525405154714,0.7447628620715689,0.7432525405154714,0.7382784626278173,0.0,0.0,0.0,0.0,0.0
37.30000000000002,0.2,7.459999999999885,-5.854517604728073,-4.15161575857644,-3.593372622291838,-4.15161575857644,-5.854517604728073,-8.16210094480374,-8.162100944804934,0.7384466102525542,0.7434231423209077,0.7449344714398936,0.7434231423209077,0.7384466102525542,0.0,0.0,0.0,0.0,0.0
37.40000000000001,0.2,7.479999999999885,-5.847616900067635,-4.143876057840714,-3.585283491278119,-4.143876057840714,-5.847616900067635,-8.155842411107471,-8.155842411108722,0.7386140228090974,0.7435929887581485,0.7451053172485103,0.7435929887581485,0.7386140228090974,0.0,0.0,0.0,0.0,0.0
37.50000000000001,0.2,7.4999999999998845,-5.840721254688674,-4.136148804543723,-3.5772098023000467,-4.136148804543723,-5.840721254688674,-8.149582731057535,-8.149582731058786,0.7387807051917852,0.7437620848709214,0.7452754046017297,0.7437620848709214,0.7387807051917852,0.0,0.0,0.0,0.0,0.0
37.6,0.2,7.519999999999884,-5.83383063837033,-4.128433912131811,-3.569151445953935,-4.128433912131811,-5.83383063837033,-8.14332192199771,-8.143321921998961,0.7389466622507668,0.7439304356576817,0.7454447385581433,0.7439304356576817,0.7389466622507668,0.0,0.0,0.0,0.0,0.0
37.699999999999996,0.2,7.539999999999884,-5.8269450211053595,-4.120731294690415,-3.5611083136579396,-4.120731294690415,-5.8269450211053595,-8.137060001138082,-8.137060001139389,0.7391118987924993,0.7440980460721032,0.7456133241310912,0.7440980460721032,0.7391118987924993,0.0,0.0,0.0,0.0,0.0
37.79999999999999,0.2,7.559999999999883,-5.820064373092521,-4.113040866936103,-3.553080297626309,-4.113040866936103,-5.820064373092521,-8.130796985556003,-8.13079698555731,0.7392764195802667,0.744264921023599,0.7457811662892319,0.744264921023599,0.7392764195802667,0.0,0.0,0.0,0.0,0.0
37.899999999999984,0.2,7.579999999999883,-5.813188664744189,-4.10536254420623,-3.5450672908740444,-4.10536254420623,-5.813188664744189,-8.124532892196669,-8.124532892197976,0.7394402293346498,0.7444310653778392,0.7459482699570167,0.7444310653778392,0.7394402293346498,0.0,0.0,0.0,0.0,0.0
37.99999999999998,0.2,7.599999999999882,-5.80631786667783,-4.09769624246735,-3.5370691872042244,-4.09769624246735,-5.80631786667783,-8.118267737874476,-8.11826773787584,0.7396033327340334,0.7445964839572105,0.7461146400152077,0.7445964839572105,0.7396033327340334,0.0,0.0,0.0,0.0,0.0
38.09999999999997,0.2,7.619999999999882,-5.799451949713841,-4.09004187829828,-3.529085881212154,-4.09004187829828,-5.799451949713841,-8.11200153927382,-8.112001539275184,0.7397657344150875,0.7447611815413391,0.7462802813013408,0.7447611815413391,0.7397657344150875,0.0,0.0,0.0,0.0,0.0
38.19999999999997,0.2,7.6399999999998816,-5.7925908848754375,-4.0823993688863425,-3.5211172682704728,-4.0823993688863425,-5.7925908848754375,-8.105734312950005,-8.105734312951427,0.7399274389732386,0.7449251628675699,0.7464451986102375,0.7449251628675699,0.7399274389732386,0.0,0.0,0.0,0.0,0.0
38.29999999999996,0.2,7.659999999999881,-5.7857346433922885,-4.074768632033056,-3.5131632445186938,-4.074768632033056,-5.7857346433922885,-8.099466075330326,-8.099466075331748,0.7400884509631251,0.7450884326314132,0.7466093966944956,0.7450884326314132,0.7400884509631251,0.0,0.0,0.0,0.0,0.0
38.399999999999956,0.2,7.679999999999881,-5.778883196693016,-4.067149586134747,-3.5052237068700833,-4.067149586134747,-5.778883196693016,-8.093196842714747,-8.093196842716111,0.7402487748990723,0.7452509954870566,0.7467728802649257,0.7452509954870566,0.7402487748990723,0.0,0.0,0.0,0.0,0.0
38.49999999999995,0.2,7.69999999999988,-5.772036516405137,-4.05954215019068,-3.497298552995005,-4.05954215019068,-5.772036516405137,-8.086926631276981,-8.086926631278402,0.740408415255546,0.7454128560477895,0.7469356539910473,0.7454128560477895,0.740408415255546,0.0,0.0,0.0,0.0,0.0
38.599999999999945,0.2,7.71999999999988,-5.765194574352961,-4.051946243788677,-3.489387681322569,-4.051946243788677,-5.765194574352961,-8.080655457065575,-8.080655457066996,0.7405673764676024,0.7455740188864914,0.7470977225015295,0.7455740188864914,0.7405673764676024,0.0,0.0,0.0,0.0,0.0
38.69999999999994,0.2,7.739999999999879,-5.758357342558384,-4.044361787105572,-3.4814909910277265,-4.044361787105572,-5.758357342558384,-8.074383336004416,-8.074383336005837,0.7407256629313245,0.7457344885360645,0.7472590903846626,0.7457344885360645,0.7407256629313245,0.0,0.0,0.0,0.0,0.0
38.79999999999993,0.2,7.759999999999879,-5.751524793238275,-4.036788700904538,-3.473608382031159,-4.036788700904538,-5.751524793238275,-8.068110283894043,-8.068110283895408,0.7408832790042611,0.7458942694898744,0.7474197621887904,0.7458942694898744,0.7408832790042611,0.0,0.0,0.0,0.0,0.0
38.89999999999993,0.2,7.779999999999879,-5.744696898800498,-4.0292269065253095,-3.4657397549880216,-4.0292269065253095,-5.744696898800498,-8.061836316412268,-8.061836316413633,0.741040229005868,0.7460533662022036,0.7475797424227669,0.7460533662022036,0.741040229005868,0.0,0.0,0.0,0.0,0.0
38.99999999999992,0.2,7.799999999999878,-5.737873631847151,-4.021676325882993,-3.4578850112882833,-4.021676325882993,-5.737873631847151,-8.055561449115089,-8.055561449116453,0.7411965172179159,0.7462117830886751,0.7477390355563763,0.7462117830886751,0.7411965172179159,0.0,0.0,0.0,0.0,0.0
39.099999999999916,0.2,7.819999999999878,-5.731054965169903,-4.014136881461354,-3.4500440530455876,-4.014136881461354,-5.731054965169903,-8.049285697437767,-8.049285697439132,0.7413521478849222,0.7463695245266853,0.7478976460207775,0.7463695245266853,0.7413521478849222,0.0,0.0,0.0,0.0,0.0
39.19999999999991,0.2,7.839999999999877,-5.724240871749771,-4.006608496309923,-3.4422167830957164,-4.006608496309923,-5.724240871749771,-8.043009076695512,-8.043009076696933,0.7415071252145587,0.74652659485582,0.7480555782089154,0.74652659485582,0.7415071252145587,0.0,0.0,0.0,0.0,0.0
39.299999999999905,0.2,7.859999999999877,-5.717431324755353,-3.9990910940427966,-3.434403104986643,-3.9990910940427966,-5.717431324755353,-8.036731602084501,-8.036731602085922,0.7416614533780623,0.7466829983782635,0.7482128364759557,0.7466829983782635,0.7416614533780623,0.0,0.0,0.0,0.0,0.0
39.3999999999999,0.2,7.879999999999876,-5.71062629754249,-3.9915845988283536,-3.4266029229796118,-3.9915845988283536,-5.71062629754249,-8.030453288682622,-8.030453288683987,0.7418151365106345,0.7468387393592223,0.7483694251396742,0.7468387393592223,0.7418151365106345,0.0,0.0,0.0,0.0,0.0
39.49999999999989,0.2,7.899999999999876,-5.703825763649036,-3.984088935389991,-3.4188161420349843,-3.984088935389991,-5.703825763649036,-8.024174151450211,-8.024174151451575,0.7419681787118496,0.7469938220273182,0.7485253484808928,0.7469938220273182,0.7419681787118496,0.0,0.0,0.0,0.0,0.0
39.59999999999989,0.2,7.919999999999876,-5.697029696798495,-3.9766040289967464,-3.4110426678136605,-3.9766040289967464,-5.697029696798495,-8.0178942052313,-8.017894205232665,0.7421205840460311,0.7471482505749993,0.7486806107438605,0.7471482505749993,0.7421205840460311,0.0,0.0,0.0,0.0,0.0
39.69999999999988,0.2,7.939999999999875,-5.690238070898204,-3.969129805463126,-3.4032824066691205,-3.969129805463126,-5.690238070898204,-8.011613464754078,-8.011613464755499,0.7422723565426416,0.7473020291589243,0.7488352161366582,0.7473020291589243,0.7422723565426416,0.0,0.0,0.0,0.0,0.0
39.799999999999876,0.2,7.959999999999875,-5.683450860032508,-3.9616661911428537,-3.3955352656441278,-3.9616661911428537,-5.683450860032508,-8.005331944632019,-8.005331944633383,0.7424235001966788,0.7474551619003568,0.7489891688315836,0.7474551619003568,0.7424235001966788,0.0,0.0,0.0,0.0,0.0
39.89999999999987,0.2,7.979999999999874,-5.676668038467199,-3.954213112926425,-3.3878011524599856,-3.954213112926425,-5.676668038467199,-7.999049659364346,-7.99904965936571,0.7425740189690359,0.7476076528855425,0.7491424729655534,0.7476076528855425,0.7425740189690359,0.0,0.0,0.0,0.0,0.0
39.999999999999865,0.2,7.999999999999874,-5.669889580646839,-3.9467704982358214,-3.3800799755161393,-3.9467704982358214,-5.669889580646839,-7.992766623337218,-7.992766623338639,0.7427239167868778,0.7477595061660935,0.7492951326404714,0.7477595061660935,0.7427239167868778,0.0,0.0,0.0,0.0,0.0
40.09999999999986,0.2,8.019999999999873,-5.663115461191467,-3.9393382750236015,-3.372371643882957,-3.9393382750236015,-5.663115461191467,-7.986482850824473,-7.986482850825894,0.7428731975440114,0.7479107257593529,0.7494471519236096,0.7479107257593529,0.7428731975440114,0.0,0.0,0.0,0.0,0.0
40.199999999999854,0.2,8.039999999999873,-5.656345654898701,-3.9319163717639185,-3.3646760672995697,-3.9319163717639185,-5.656345654898701,-7.98019835598825,-7.980198355989728,0.74302186510124,0.7480613156487724,0.7495985348479736,0.7480613156487724,0.74302186510124,0.0,0.0,0.0,0.0,0.0
40.29999999999985,0.2,8.059999999999873,-5.649580136740212,-3.9245047174466663,-3.35699315616165,-3.9245047174466663,-5.649580136740212,-7.9739131528801295,-7.973913152881607,0.7431699232867243,0.7482112797842877,0.7497492854126849,0.7482112797842877,0.7431699232867243,0.0,0.0,0.0,0.0,0.0
40.39999999999984,0.2,8.079999999999872,-5.642818881857011,-3.9171032415823106,-3.3493228215253907,-3.9171032415823106,-5.642818881857011,-7.967627255441471,-7.967627255442949,0.7433173758963476,0.74836062208265,0.7498994075833225,0.74836062208265,0.7433173758963476,0.0,0.0,0.0,0.0,0.0
40.49999999999984,0.2,8.099999999999872,-5.636061865567456,-3.9097118741941586,-3.3416649750981833,-3.9097118741941586,-5.636061865567456,-7.961340677504722,-7.9613406775061435,0.7434642266940336,0.74850934642779,0.7500489052922882,0.74850934642779,0.7434642266940336,0.0,0.0,0.0,0.0,0.0
40.59999999999983,0.2,8.119999999999871,-5.629309063357425,-3.9023305458092636,-3.334019529230659,-3.9023305458092636,-5.629309063357425,-7.955053432793761,-7.955053432795239,0.7436104794121173,0.7486574566711856,0.750197782439169,0.7486574566711856,0.7436104794121173,0.0,0.0,0.0,0.0,0.0
40.699999999999825,0.2,8.139999999999871,-5.622560450882645,-3.8949591874606995,-3.3263863969146996,-3.8949591874606995,-5.622560450882645,-7.948765534925087,-7.948765534926622,0.7437561377516722,0.7488049566321859,0.7503460428910766,0.7488049566321859,0.7437561377516722,0.0,0.0,0.0,0.0,0.0
40.79999999999982,0.2,8.15999999999987,-5.615816003965222,-3.8875977306807386,-3.3187654917817326,-3.8875977306807386,-5.615816003965222,-7.942476997408278,-7.942476997409926,0.7439012053828478,0.7489518500983635,0.7504936904829832,0.7489518500983635,0.7439012053828478,0.0,0.0,0.0,0.0,0.0
40.899999999999814,0.2,8.17999999999987,-5.609075698596314,-3.8802461075011365,-3.3111567280878944,-3.8802461075011365,-5.609075698596314,-7.9361878336469545,-7.93618783364866,0.7440456859451963,0.7490981408258389,0.7506407290180859,0.7490981408258389,0.7440456859451963,0.0,0.0,0.0,0.0,0.0
40.99999999999981,0.2,8.19999999999987,-5.602339510931756,-3.8729042504416498,-3.3035600207210223,-3.8729042504416498,-5.602339510931756,-7.9298980569394075,-7.929898056941113,0.7441895830479985,0.7492438325396326,0.7507871622681098,0.7492438325396326,0.7441895830479985,0.0,0.0,0.0,0.0,0.0
41.0999999999998,0.2,8.21999999999987,-5.5956074172918875,-3.8655720925165156,-3.2959752851912754,-3.8655720925165156,-5.5956074172918875,-7.923607680479506,-7.923607680481268,0.7443329002705891,0.7493889289339665,0.7509329939736528,0.7493889289339665,0.7443329002705891,0.0,0.0,0.0,0.0,0.0
41.1999999999998,0.2,8.239999999999869,-5.588879394165701,-3.858249567218877,-3.288402437624825,-3.858249567218877,-5.588879394165701,-7.91731671735738,-7.917316717359142,0.744475641162655,0.7495334336726194,0.7510782278445146,0.7495334336726194,0.744475641162655,0.0,0.0,0.0,0.0,0.0
41.29999999999979,0.2,8.259999999999868,-5.582155418191121,-3.850936608528002,-3.280841394753793,-3.850936608528002,-5.582155418191121,-7.911025180560102,-7.9110251805618645,0.7446178092446026,0.749677350389216,0.7512228675600339,0.749677350389216,0.7446178092446026,0.0,0.0,0.0,0.0,0.0
41.399999999999785,0.2,8.279999999999868,-5.5754354661815455,-3.843633150898313,-3.273292073925518,-3.843633150898313,-5.5754354661815455,-7.904733082972541,-7.904733082974303,0.7447594080077888,0.7498206826875643,0.7513669167693668,0.7498206826875643,0.7447594080077888,0.0,0.0,0.0,0.0,0.0
41.49999999999978,0.2,8.299999999999867,-5.56871951509828,-3.8363391292589313,-3.2657543930886845,-3.8363391292589313,-5.56871951509828,-7.898440437378156,-7.898440437379918,0.7449004409149006,0.7499634341419567,0.7515103790918294,0.7499634341419567,0.7449004409149006,0.0,0.0,0.0,0.0,0.0
41.599999999999774,0.2,8.319999999999867,-5.562007542067818,-3.829054479010267,-3.258228270786674,-3.829054479010267,-5.562007542067818,-7.892147256459452,-7.8921472564612145,0.7450409114002043,0.750105608297477,0.7516532581172107,0.750105608297477,0.7450409114002043,0.0,0.0,0.0,0.0,0.0
41.69999999999977,0.2,8.339999999999867,-5.5552995243737655,-3.8217791360195292,-3.250713626157335,-3.8217791360195292,-5.5552995243737655,-7.885853552799119,-7.8858535528008815,0.745180822869862,0.750247208670309,0.7517955574060677,0.750247208670309,0.745180822869862,0.0,0.0,0.0,0.0,0.0
41.79999999999976,0.2,8.359999999999866,-5.54859543945372,-3.814513036618507,-3.2432103789323037,-3.814513036618507,-5.54859543945372,-7.879559338880426,-7.8795593388821885,0.7453201787022325,0.7503882387480285,0.7519372804900178,0.7503882387480285,0.7453201787022325,0.0,0.0,0.0,0.0,0.0
41.89999999999976,0.2,8.379999999999866,-5.541895264901143,-3.8072561175990245,-3.235718449420119,-3.8072561175990245,-5.541895264901143,-7.873264627088133,-7.873264627089895,0.7454589822481527,0.7505287019899076,0.7520784308720707,0.7505287019899076,0.7454589822481527,0.0,0.0,0.0,0.0,0.0
41.99999999999975,0.2,8.399999999999865,-5.535198978464848,-3.800008316207027,-3.22823775851748,-3.800008316207027,-5.535198978464848,-7.866969429709002,-7.866969429710764,0.7455972368312213,0.7506686018272063,0.7522190120268789,0.7506686018272063,0.7455972368312213,0.0,0.0,0.0,0.0,0.0
42.099999999999746,0.2,8.419999999999865,-5.528506558047809,-3.7927695701441735,-3.220768227691167,-3.7927695701441735,-5.528506558047809,-7.860673758932705,-7.8606737589344675,0.7457349457480829,0.7508079416634565,0.7523590274010695,0.7508079416634565,0.7457349457480829,0.0,0.0,0.0,0.0,0.0
42.19999999999974,0.2,8.439999999999864,-5.521817981698291,-3.7855398175593677,-3.2133097789792373,-3.7855398175593677,-5.521817981698291,-7.854377626852511,-7.854377626854273,0.7458721122687266,0.7509467248747533,0.7524984804135135,0.7509467248747533,0.7458721122687266,0.0,0.0,0.0,0.0,0.0
42.299999999999734,0.2,8.459999999999864,-5.515133227620765,-3.7783189970529065,-3.205862334993583,-3.7783189970529065,-5.515133227620765,-7.84808104546579,-7.848081045467666,0.7460087396367323,0.7510849548100181,0.7526373744555918,0.7510849548100181,0.7460087396367323,0.0,0.0,0.0,0.0,0.0
42.39999999999973,0.2,8.479999999999864,-5.508452274169258,-3.7711070476574378,-3.1984258188970784,-3.7711070476574378,-5.508452274169258,-7.8417840266751,-7.841784026676919,0.7461448310695542,0.7512226347913228,0.7527757128915257,0.7512226347913228,0.7461448310695542,0.0,0.0,0.0,0.0,0.0
42.49999999999972,0.2,8.499999999999863,-5.501775099845759,-3.7639039088575714,-3.191000154422909,-3.7639039088575714,-5.501775099845759,-7.835486582288354,-7.835486582290173,0.7462803897587946,0.7513597681140961,0.7529134990585908,0.7513597681140961,0.7462803897587946,0.0,0.0,0.0,0.0,0.0
42.59999999999972,0.2,8.519999999999863,-5.495101683298458,-3.7567095205670284,-3.183585265850752,-3.7567095205670284,-5.495101683298458,-7.829188724019957,-7.829188724021776,0.7464154188704685,0.7514963580474512,0.7530507362674425,0.7514963580474512,0.7464154188704685,0.0,0.0,0.0,0.0,0.0
42.69999999999971,0.2,8.539999999999862,-5.488432003322373,-3.749523823133643,-3.1761810780150768,-3.749523823133643,-5.488432003322373,-7.822890463491262,-7.8228904634930245,0.7465499215452626,0.7516324078344319,0.7531874278023517,0.7516324078344319,0.7465499215452626,0.0,0.0,0.0,0.0,0.0
42.799999999999706,0.2,8.559999999999862,-5.48176603885787,-3.7423467573393623,-3.168787516291445,-3.7423467573393623,-5.48176603885787,-7.816591812231081,-7.8165918122328435,0.7466839008987958,0.7517679206922651,0.7533235769215,0.7517679206922651,0.7466839008987958,0.0,0.0,0.0,0.0,0.0
42.8999999999997,0.2,8.579999999999862,-5.475103768991858,-3.735178264388196,-3.161404506598501,-3.735178264388196,-5.475103768991858,-7.810292781676878,-7.810292781678697,0.7468173600218674,0.7519028998126479,0.7534591868572231,0.7519028998126479,0.7468173600218674,0.0,0.0,0.0,0.0,0.0
42.999999999999694,0.2,8.599999999999861,-5.468445172952215,-3.7280182859074102,-3.1540319753964354,-3.7280182859074102,-5.468445172952215,-7.803993383174998,-7.8039933831768735,0.7469503019807228,0.7520373483619948,0.753594260816266,0.7520373483619948,0.7469503019807228,0.0,0.0,0.0,0.0,0.0
43.09999999999969,0.2,8.61999999999986,-5.461790230106203,-3.720866763947413,-3.1466698496744243,-3.720866763947413,-5.461790230106203,-7.797693627981403,-7.7976936279832785,0.7470827298173052,0.75217126948168,0.7537288019800643,0.75217126948168,0.7470827298173052,0.0,0.0,0.0,0.0,0.0
43.19999999999968,0.2,8.63999999999986,-5.455138919970295,-3.713723640972603,-3.1393180569534707,-3.713723640972603,-5.455138919970295,-7.791393527262358,-7.7913935272641766,0.7472146465494702,0.7523046662883112,0.7538628135049763,0.7523046662883112,0.7472146465494702,0.0,0.0,0.0,0.0,0.0
43.29999999999968,0.2,8.65999999999986,-5.448491222195344,-3.7065888598621655,-3.131976525279981,-3.7065888598621655,-5.448491222195344,-7.78509309209511,-7.785093092096929,0.7473460551712694,0.7524375418739624,0.7539962985225432,0.7524375418739624,0.7473460551712694,0.0,0.0,0.0,0.0,0.0
43.39999999999967,0.2,8.67999999999986,-5.441847116573285,-3.6994623639085944,-3.124645183219343,-3.6994623639085944,-5.441847116573285,-7.778792333468573,-7.778792333470392,0.7474769586531674,0.7525698993064179,0.7541292601397427,0.7525698993064179,0.7474769586531674,0.0,0.0,0.0,0.0,0.0
43.499999999999666,0.2,8.699999999999859,-5.435206583034358,-3.692344096810416,-3.1173239598570035,-3.692344096810416,-5.435206583034358,-7.772491262283836,-7.772491262285712,0.7476073599422863,0.7527017416294263,0.7542617014392186,0.7527017416294263,0.7476073599422863,0.0,0.0,0.0,0.0,0.0
43.59999999999966,0.2,8.719999999999859,-5.428569601644142,-3.6852340026697448,-3.1100127847929,-3.6852340026697448,-5.428569601644142,-7.766189889354905,-7.766189889356838,0.7477372619626436,0.7528330718629359,0.754393625479531,0.7528330718629359,0.7477372619626436,0.0,0.0,0.0,0.0,0.0
43.699999999999655,0.2,8.739999999999858,-5.421936152606349,-3.6781320259912036,-3.102711588137538,-3.6781320259912036,-5.421936152606349,-7.759888225409327,-7.7598882254112596,0.7478666676153742,0.7529638930033306,0.7545250352953911,0.7529638930033306,0.7478666676153742,0.0,0.0,0.0,0.0,0.0
43.79999999999965,0.2,8.759999999999858,-5.415306216258273,-3.6710381116807866,-3.0954203005028376,-3.6710381116807866,-5.415306216258273,-7.753586281088758,-7.753586281090691,0.7479955797789696,0.7530942080236547,0.7546559338979137,0.7530942080236547,0.7479955797789696,0.0,0.0,0.0,0.0,0.0
43.89999999999964,0.2,8.779999999999857,-5.408679773074766,-3.6639522050374467,-3.088138853007081,-3.6639522050374467,-5.408679773074766,-7.747284066949646,-7.747284066951579,0.748124001309489,0.7532240198738608,0.7547863242748271,0.7532240198738608,0.748124001309489,0.0,0.0,0.0,0.0,0.0
43.99999999999964,0.2,8.799999999999857,-5.402056803663299,-3.6568742517532655,-3.080867177263542,-3.6568742517532655,-5.402056803663299,-7.740981593463914,-7.740981593465733,0.7482519350407956,0.7533533314810296,0.7549162093907226,0.7533533314810296,0.7482519350407956,0.0,0.0,0.0,0.0,0.0
44.09999999999963,0.2,8.819999999999856,-5.395437288758558,-3.6498041979126015,-3.0736052053817957,-3.6498041979126015,-5.395437288758558,-7.7346788710191845,-7.73467887102106,0.7483793837847875,0.7534821457495874,0.7550455921872703,0.7534821457495874,0.7483793837847875,0.0,0.0,0.0,0.0,0.0
44.199999999999626,0.2,8.839999999999856,-5.388821209233697,-3.642741989982028,-3.0663528699674885,-3.642741989982028,-5.388821209233697,-7.728375909920089,-7.728375909921965,0.7485063503315817,0.7536104655615532,0.7551744755834318,0.7536104655615532,0.7485063503315817,0.0,0.0,0.0,0.0,0.0
44.29999999999962,0.2,8.859999999999856,-5.382208546088634,-3.635687574817382,-3.059110104104832,-3.635687574817382,-5.382208546088634,-7.722072720388212,-7.722072720390031,0.7486328374497618,0.7537382937767275,0.7553028624757232,0.7537382937767275,0.7486328374497618,0.0,0.0,0.0,0.0,0.0
44.399999999999615,0.2,8.879999999999855,-5.375599280455447,-3.628640899654215,-3.0518768413674593,-3.628640899654215,-5.375599280455447,-7.715769312563054,-7.715769312564873,0.7487588478865717,0.7538656332329289,0.7554307557383935,0.7538656332329289,0.7487588478865717,0.0,0.0,0.0,0.0,0.0
44.49999999999961,0.2,8.899999999999855,-5.3689933935917225,-3.6216019121058594,-3.0446530158099563,-3.6216019121058594,-5.3689933935917225,-7.709465696502434,-7.709465696504253,0.7488843843681389,0.753992486746209,0.7555581582236529,0.753992486746209,0.7488843843681389,0.0,0.0,0.0,0.0,0.0
44.5999999999996,0.2,8.919999999999854,-5.362390866884482,-3.6145705601608142,-3.0374385619584245,-3.6145705601608142,-5.362390866884482,-7.703161882183338,-7.703161882185157,0.7490094495996733,0.7541188571110619,0.7556850727619084,0.7541188571110619,0.7490094495996733,0.0,0.0,0.0,0.0,0.0
44.6999999999996,0.2,8.939999999999854,-5.355791681847506,-3.607546792181836,-3.0302334148146883,-3.607546792181836,-5.355791681847506,-7.696857879502261,-7.696857879503966,0.7491340462656753,0.7542447471006283,0.7558115021619485,0.7542447471006283,0.7491340462656753,0.0,0.0,0.0,0.0,0.0
44.79999999999959,0.2,8.959999999999853,-5.349195820122304,-3.600530556902811,-3.0230375098519175,-3.600530556902811,-5.349195820122304,-7.690553698275835,-7.69055369827754,0.7492581770301322,0.7543701594669082,0.7559374492111587,0.7543701594669082,0.7492581770301322,0.0,0.0,0.0,0.0,0.0
44.89999999999959,0.2,8.979999999999853,-5.34260326347254,-3.5935218034218224,-3.01585078300576,-3.5935218034218224,-5.34260326347254,-7.684249348241451,-7.684249348243213,0.749381844536734,0.7544950969409717,0.7560629166757412,0.7544950969409717,0.749381844536734,0.0,0.0,0.0,0.0,0.0
44.99999999999958,0.2,8.999999999999853,-5.336013993787844,-3.5865204812044453,-3.0086731706777528,-3.5865204812044453,-5.336013993787844,-7.677944839057943,-7.677944839059705,0.7495050514090537,0.7546195622331492,0.7561879073009027,0.7546195622331492,0.7495050514090537,0.0,0.0,0.0,0.0,0.0
45.099999999999575,0.2,9.019999999999852,-5.329427993081822,-3.5795265400766425,-3.001504609719518,-3.5795265400766425,-5.329427993081822,-7.671640180305928,-7.671640180307747,0.7496278002507533,0.7547435580332414,0.7563124238110873,0.7547435580332414,0.7496278002507533,0.0,0.0,0.0,0.0,0.0
45.19999999999957,0.2,9.039999999999852,-5.322845243487279,-3.572539930225389,-2.99434503745249,-3.572539930225389,-5.322845243487279,-7.66533538148866,-7.665335381490479,0.7497500936457794,0.7548670870107099,0.7564364689101147,0.7548670870107099,0.7497500936457794,0.0,0.0,0.0,0.0,0.0
45.299999999999564,0.2,9.059999999999851,-5.316265727261907,-3.565560602191681,-2.987194391638468,-3.565560602191681,-5.316265727261907,-7.659030452032198,-7.659030452034074,0.7498719341585438,0.7549901518148815,0.7565600452814489,0.7549901518148815,0.7498719341585438,0.0,0.0,0.0,0.0,0.0
45.39999999999956,0.2,9.07999999999985,-5.309689426781972,-3.558588506873832,-2.9800526104953065,-3.558588506873832,-5.309689426781972,-7.652725401286432,-7.652725401288308,0.749993324334121,0.7551127550751304,0.7566831555883402,0.7551127550751304,0.749993324334121,0.0,0.0,0.0,0.0,0.0
45.49999999999955,0.2,9.09999999999985,-5.3031163245475454,-3.55162359552088,-2.9729196326819647,-3.55162359552088,-5.3031163245475454,-7.646420238525195,-7.646420238527014,0.7501142666984225,0.7552348994010729,0.756805802474051,0.7552348994010729,0.7501142666984225,0.0,0.0,0.0,0.0,0.0
45.59999999999955,0.2,9.11999999999985,-5.296546403172556,-3.5446658197295733,-2.9657953973020312,-3.5446658197295733,-5.296546403172556,-7.64011497294706,-7.640114972948993,0.7502347637584036,0.7553565873827648,0.7569279885620255,0.7553565873827648,0.7502347637584036,0.0,0.0,0.0,0.0,0.0
45.69999999999954,0.2,9.13999999999985,-5.289979645390815,-3.537715131443292,-2.958679843896846,-3.537715131443292,-5.289979645390815,-7.633809613676021,-7.633809613677954,0.7503548180022271,0.7554778215908783,0.757049716456091,0.7554778215908783,0.7503548180022271,0.0,0.0,0.0,0.0,0.0
45.799999999999535,0.2,9.15999999999985,-5.283416034056188,-3.5307714829463066,-2.9515729124421455,-3.5307714829463066,-5.283416034056188,-7.627504169761721,-7.627504169763654,0.7504744318994415,0.7555986045768971,0.7571709887406425,0.7555986045768971,0.7504744318994415,0.0,0.0,0.0,0.0,0.0
45.89999999999953,0.2,9.179999999999849,-5.276855552135203,-3.523834826869404,-2.944474543349429,-3.523834826869404,-5.276855552135203,-7.621198650180077,-7.621198650182066,0.7505936079011765,0.7557189388732773,0.7572918079808122,0.7557189388732773,0.7505936079011765,0.0,0.0,0.0,0.0,0.0
45.999999999999524,0.2,9.199999999999848,-5.27029818271177,-3.516905116180908,-2.9373846774559524,-3.516905116180908,-5.27029818271177,-7.614893063834074,-7.614893063836064,0.750712348440303,0.7558388269936431,0.7574121767226756,0.7558388269936431,0.750712348440303,0.0,0.0,0.0,0.0,0.0
46.09999999999952,0.2,9.219999999999848,-5.263743908987578,-3.5099823041848026,-2.930303256026207,-3.5099823041848026,-5.263743908987578,-7.608587419553885,-7.608587419555931,0.7508306559316043,0.7559582714329652,0.7575320974934113,0.7559582714329652,0.7508306559316043,0.0,0.0,0.0,0.0,0.0
46.19999999999951,0.2,9.239999999999847,-5.257192714272435,-3.5030663445156165,-2.923230220748678,-3.5030663445156165,-5.257192714272435,-7.602281726097772,-7.602281726099818,0.7509485327719715,0.7560772746677431,0.7576515728014858,0.7560772746677431,0.7509485327719715,0.0,0.0,0.0,0.0,0.0
46.29999999999951,0.2,9.259999999999847,-5.250644581993527,-3.49615719114081,-2.91616551373113,-3.49615719114081,-5.250644581993527,-7.595975992152319,-7.595975992154365,0.7510659813405477,0.7561958391561655,0.7577706051368287,0.7561958391561655,0.7510659813405477,0.0,0.0,0.0,0.0,0.0
46.3999999999995,0.2,9.279999999999847,-5.2440994956908185,-3.48925479836106,-2.9091090774958843,-3.48925479836106,-5.2440994956908185,-7.589670226333169,-7.589670226335215,0.751183003998904,0.756313967338275,0.7578891969710139,0.756313967338275,0.751183003998904,0.0,0.0,0.0,0.0,0.0
46.499999999999496,0.2,9.299999999999846,-5.237557439013358,-3.4823591207982645,-2.9020608549808458,-3.4823591207982645,-5.237557439013358,-7.583364437185423,-7.58336443718747,0.7512996030912132,0.756431661636166,0.7580073507574177,0.756431661636166,0.7512996030912132,0.0,0.0,0.0,0.0,0.0
46.59999999999949,0.2,9.319999999999846,-5.23101839572098,-3.475470113401286,-2.895020789535181,-3.475470113401286,-5.23101839572098,-7.577058633184208,-7.577058633186255,0.7514157809444106,0.7565489244541281,0.7581250689313941,0.7565489244541281,0.7514157809444106,0.0,0.0,0.0,0.0,0.0
46.699999999999484,0.2,9.339999999999845,-5.224482349686866,-3.4685877314403797,-2.8879888249132364,-3.4685877314403797,-5.224482349686866,-7.57075282273513,-7.570752822737177,0.7515315398683422,0.7566657581788222,0.7582423539104503,0.7566657581788222,0.7515315398683422,0.0,0.0,0.0,0.0,0.0
46.79999999999948,0.2,9.359999999999845,-5.217949284892427,-3.461711930504407,-2.8809649052759028,-3.461711930504407,-5.217949284892427,-7.564447014174846,-7.564447014176892,0.7516468821559398,0.7567821651794464,0.758359208094399,0.7567821651794464,0.7516468821559398,0.0,0.0,0.0,0.0,0.0
46.89999999999947,0.2,9.379999999999844,-5.211419185425314,-3.4548426664977683,-2.8739489751852716,-3.4548426664977683,-5.211419185425314,-7.558141215771457,-7.558141215773503,0.7517618100833822,0.7568981478078997,0.7584756338655322,0.7568981478078997,0.7517618100833822,0.0,0.0,0.0,0.0,0.0
46.99999999999947,0.2,9.399999999999844,-5.20489203548442,-3.4479798956435843,-2.8669409795987804,-3.4479798956435843,-5.20489203548442,-7.551835435725138,-7.551835435727185,0.7518763259102371,0.7570137083989278,0.7585916335887891,0.7570137083989278,0.7518763259102371,0.0,0.0,0.0,0.0,0.0
47.09999999999946,0.2,9.419999999999844,-5.198367819374823,-3.4411235744741475,-2.8599408638743284,-3.4411235744741475,-5.198367819374823,-7.545529682168592,-7.545529682170695,0.7519904318796249,0.7571288492703006,0.7587072096118942,0.7571288492703006,0.7519904318796249,0.0,0.0,0.0,0.0,0.0
47.199999999999456,0.2,9.439999999999843,-5.191846521504772,-3.434273659833025,-2.852948573759136,-3.434273659833025,-5.191846521504772,-7.539223963167615,-7.539223963169661,0.7521041302183809,0.757243572722962,0.7588223642655403,0.757243572722962,0.7521041302183809,0.0,0.0,0.0,0.0,0.0
47.29999999999945,0.2,9.459999999999843,-5.1853281263896065,-3.427430108870226,-2.8459640553902545,-3.427430108870226,-5.1853281263896065,-7.532918286721326,-7.532918286723259,0.7522174231371931,0.7573578810411836,0.7589370998635344,0.7573578810411836,0.7522174231371931,0.0,0.0,0.0,0.0,0.0
47.399999999999444,0.2,9.479999999999842,-5.178812618653467,-3.4205928790429994,-2.8389872552932047,-3.4205928790429994,-5.178812618653467,-7.526612660762794,-7.526612660764727,0.7523303128307434,0.7574717764927171,0.7590514187029487,0.7574717764927171,0.7523303128307434,0.0,0.0,0.0,0.0,0.0
47.49999999999944,0.2,9.499999999999842,-5.172299983018945,-3.413761928114809,-2.832018120376347,-3.413761928114809,-5.172299983018945,-7.520307093159715,-7.520307093161705,0.7524428014778848,0.7575852613289421,0.7591653230642825,0.7575852613289421,0.7524428014778848,0.0,0.0,0.0,0.0,0.0
47.59999999999943,0.2,9.519999999999841,-5.165790204314476,-3.406937214144307,-2.8250565979301427,-3.406937214144307,-5.165790204314476,-7.514001591714646,-7.514001591716749,0.7525548912417639,0.7576983377850356,0.7592788152116087,0.7576983377850356,0.7525548912417639,0.0,0.0,0.0,0.0,0.0
47.69999999999943,0.2,9.539999999999841,-5.159283267471267,-3.4001186954911873,-2.8181026356239727,-3.4001186954911873,-5.159283267471267,-7.507696164165679,-7.507696164167726,0.7526665842699712,0.7578110080801026,0.7593918973927212,0.7578110080801026,0.7526665842699712,0.0,0.0,0.0,0.0,0.0
47.79999999999942,0.2,9.55999999999984,-5.152779157522957,-3.3933063308145393,-2.8111561815029518,-3.3933063308145393,-5.152779157522957,-7.501390818186508,-7.501390818188497,0.7527778826946849,0.7579232744173209,0.759504571839289,0.7579232744173209,0.7527778826946849,0.0,0.0,0.0,0.0,0.0
47.899999999999416,0.2,9.57999999999984,-5.14627785960414,-3.3865000790675595,-2.804217183983269,-3.3865000790675595,-5.14627785960414,-7.495085561387384,-7.495085561389374,0.7528887886328145,0.7580351389840924,0.7596168407670051,0.7580351389840924,0.7528887886328145,0.0,0.0,0.0,0.0,0.0
47.99999999999941,0.2,9.59999999999984,-5.139779358949454,-3.379699899493005,-2.797285591851846,-3.379699899493005,-5.139779358949454,-7.488780401315296,-7.488780401317285,0.7529993041861377,0.758146603952196,0.7597287063757259,0.758146603952196,0.7529993041861377,0.0,0.0,0.0,0.0,0.0
48.099999999999405,0.2,9.61999999999984,-5.133283640890511,-3.372905751626945,-2.7903613542647463,-3.372905751626945,-5.133283640890511,-7.482475345454645,-7.482475345456635,0.7531094314414497,0.7582576714779126,0.7598401708496112,0.7582576714779126,0.7531094314414497,0.0,0.0,0.0,0.0,0.0
48.1999999999994,0.2,9.639999999999839,-5.126790690862833,-3.3661175952932467,-2.7834444207405795,-3.3661175952932467,-5.126790690862833,-7.476170401227307,-7.47617040122941,0.7532191724706772,0.7583683437021732,0.7599512363572771,0.7583683437021732,0.7532191724706772,0.0,0.0,0.0,0.0,0.0
48.29999999999939,0.2,9.659999999999838,-5.120300494398748,-3.3593353905986874,-2.7765347411611856,-3.3593353905986874,-5.120300494398748,-7.469865575993651,-7.469865575995755,0.7533285293310308,0.7584786227507078,0.760061905051927,0.7584786227507078,0.7533285293310308,0.0,0.0,0.0,0.0,0.0
48.39999999999939,0.2,9.679999999999838,-5.1138130371272155,-3.352559097938581,-2.7696322657699852,-3.352559097938581,-5.1138130371272155,-7.46356087705243,-7.463560877054533,0.753437504065137,0.75858851073416,0.760172179071486,0.75858851073416,0.753437504065137,0.0,0.0,0.0,0.0,0.0
48.49999999999938,0.2,9.699999999999838,-5.107328304773716,-3.345788677987173,-2.7627369451635104,-3.345788677987173,-5.107328304773716,-7.457256311641629,-7.457256311643732,0.7535460987011711,0.7586980097482423,0.7602820605387586,0.7586980097482423,0.7535460987011711,0.0,0.0,0.0,0.0,0.0
48.599999999999376,0.2,9.719999999999837,-5.100846283161275,-3.3390240917032656,-2.755848730292257,-3.3390240917032656,-5.100846283161275,-7.450951886938697,-7.4509518869408,0.7536543152529812,0.7588071218738534,0.7603915515615495,0.7588071218738534,0.7536543152529812,0.0,0.0,0.0,0.0,0.0
48.69999999999937,0.2,9.739999999999837,-5.09436695820915,-3.3322653003176583,-2.748967572464437,-3.3322653003176583,-5.09436695820915,-7.444647610061054,-7.444647610063157,0.7537621557202189,0.7589158491772354,0.7605006542327831,0.7589158491772354,0.7537621557202189,0.0,0.0,0.0,0.0,0.0
48.799999999999365,0.2,9.759999999999836,-5.087890315932384,-3.3255122653400235,-2.742093423332733,-3.3255122653400235,-5.087890315932384,-7.43834348806655,-7.438343488068767,0.7538696220884693,0.7590241937100844,0.7606093706306659,0.7590241937100844,0.7538696220884693,0.0,0.0,0.0,0.0,0.0
48.89999999999936,0.2,9.779999999999836,-5.0814163424366825,-3.3187649485560087,-2.735226234894128,-3.3187649485560087,-5.0814163424366825,-7.432039527953918,-7.432039527956135,0.7539767163293876,0.7591321575096796,0.760717702818812,0.7591321575096796,0.7539767163293876,0.0,0.0,0.0,0.0,0.0
48.99999999999935,0.2,9.799999999999836,-5.0749450239229645,-3.3120233120198463,-2.728365959492919,-3.3120233120198463,-5.0749450239229645,-7.425735736663114,-7.425735736665331,0.7540834404008102,0.7592397425990288,0.7608256528463535,0.7592397425990288,0.7540834404008102,0.0,0.0,0.0,0.0,0.0
49.09999999999935,0.2,9.819999999999835,-5.068476346689863,-3.3052873180575943,-2.721512549814804,-3.3052873180575943,-5.068476346689863,-7.419432121075886,-7.419432121078046,0.7541897962468701,0.7593469509869817,0.7609332227480847,0.7593469509869817,0.7541897962468701,0.0,0.0,0.0,0.0,0.0
49.19999999999934,0.2,9.839999999999835,-5.0620102971217875,-3.298556929261622,-2.714665958882847,-3.298556929261622,-5.0620102971217875,-7.413128688015945,-7.413128688018105,0.7542957857981514,0.7594537846683623,0.7610404145445879,0.7594537846683623,0.7542957857981514,0.0,0.0,0.0,0.0,0.0
49.299999999999336,0.2,9.859999999999834,-5.05554686169819,-3.291832108493338,-2.707826140058785,-3.291832108493338,-5.05554686169819,-7.406825444249705,-7.406825444251865,0.7544014109717816,0.7595602456240845,0.7611472302423524,0.7595602456240845,0.7544014109717816,0.0,0.0,0.0,0.0,0.0
49.39999999999933,0.2,9.879999999999834,-5.0490860269882205,-3.2851128188755183,-2.700993047038196,-3.2851128188755183,-5.0490860269882205,-7.400522396486565,-7.400522396488782,0.754506673671564,0.7596663358212894,0.761253671833903,0.7596663358212894,0.754506673671564,0.0,0.0,0.0,0.0,0.0
49.499999999999325,0.2,9.899999999999833,-5.042627779652662,-3.2783990237944067,-2.694166633845782,-3.2783990237944067,-5.042627779652662,-7.394219551379251,-7.394219551381525,0.7546115757880921,0.7597720572134531,0.7613597412979315,0.7597720572134531,0.7546115757880921,0.0,0.0,0.0,0.0,0.0
49.59999999999932,0.2,9.919999999999833,-5.036172106442564,-3.2716906868984665,-2.6873468548386654,-3.2716906868984665,-5.036172106442564,-7.387916915524329,-7.3879169155266595,0.7547161191988636,0.7598774117405107,0.7614654405994008,0.7598774117405107,0.7547161191988636,0.0,0.0,0.0,0.0,0.0
49.699999999999314,0.2,9.939999999999833,-5.029718994195321,-3.264987772092411,-2.680533664698089,-3.264987772092411,-5.029718994195321,-7.3816144954626,-7.381614495464987,0.754820305768412,0.7599824013289818,0.7615707716896832,0.7599824013289818,0.754820305768412,0.0,0.0,0.0,0.0,0.0
49.79999999999931,0.2,9.959999999999832,-5.0232684298397885,-3.258290243537772,-2.6737270184348176,-3.258290243537772,-5.0232684298397885,-7.375312297679443,-7.375312297681887,0.7549241373483989,0.7600870278920854,0.7616757365066563,0.7600870278920854,0.7549241373483989,0.0,0.0,0.0,0.0,0.0
49.8999999999993,0.2,9.979999999999832,-5.016820400393101,-3.2515980656500574,-2.666926871372368,-3.2515980656500574,-5.016820400393101,-7.369010328605384,-7.369010328607828,0.7550276157777395,0.7601912933298571,0.7617803369748635,0.7601912933298571,0.7550276157777395,0.0,0.0,0.0,0.0,0.0
49.9999999999993,0.2,9.999999999999831,-5.010374892960897,-3.244911203099093,-2.660133179161903,-3.244911203099093,-5.010374892960897,-7.362708594616208,-7.362708594618653,0.7551307428827101,0.760295199529257,0.76188457500558,0.760295199529257,0.7551307428827101,0.0,0.0,0.0,0.0,0.0
50.09999999999929,0.2,10.01999999999983,-5.003931894729078,-3.238229620807715,-2.653345897770521,-3.238229620807715,-5.003931894729078,-7.3564071020337,-7.35640710203603,0.7552335204770806,0.7603987483642874,0.7619884524969557,0.7603987483642874,0.7552335204770806,0.0,0.0,0.0,0.0,0.0
50.199999999999285,0.2,10.03999999999983,-4.997491392975746,-3.231553283946994,-2.6465649834810847,-3.231553283946994,-4.997491392975746,-7.3501058571257545,-7.350105857128085,0.7553359503621899,0.7605019416961082,0.7620919713341227,0.7605019416961082,0.7553359503621899,0.0,0.0,0.0,0.0,0.0
50.29999999999928,0.2,10.05999999999983,-4.991053375063359,-3.224882157932086,-2.639790392887676,-3.224882157932086,-4.991053375063359,-7.34380486610695,-7.343804866109281,0.7554380343270752,0.7606047813731581,0.7621951333893161,0.7606047813731581,0.7554380343270752,0.0,0.0,0.0,0.0,0.0
50.399999999999274,0.2,10.07999999999983,-4.984617828436967,-3.2182162084268953,-2.6330220828924666,-3.2182162084268953,-4.984617828436967,-7.337504135138886,-7.337504135141273,0.7555397741485804,0.7607072692312498,0.7622979405219863,0.7607072692312498,0.7555397741485804,0.0,0.0,0.0,0.0,0.0
50.49999999999927,0.2,10.09999999999983,-4.978184740628876,-3.2115554013397514,-2.6262600107106664,-3.2115554013397514,-4.978184740628876,-7.331203670330638,-7.331203670333025,0.7556411715914503,0.7608094070936791,0.7624003945788906,0.7608094070936791,0.7556411715914503,0.0,0.0,0.0,0.0,0.0
50.59999999999926,0.2,10.119999999999829,-4.971754099254952,-3.2048997028206827,-2.6195041338634155,-3.2048997028206827,-4.971754099254952,-7.324903477738928,-7.324903477741316,0.7557422284084444,0.7609111967713432,0.7625024973942157,0.7609111967713432,0.7557422284084444,0.0,0.0,0.0,0.0,0.0
50.69999999999926,0.2,10.139999999999828,-4.96532589201297,-3.198249079258005,-2.6127544101720446,-3.198249079258005,-4.96532589201297,-7.318603563368811,-7.318603563371255,0.7558429463404422,0.7610126400628476,0.7626042507896967,0.7610126400628476,0.7558429463404422,0.0,0.0,0.0,0.0,0.0
50.79999999999925,0.2,10.159999999999828,-4.958900106684098,-3.1916034972836087,-2.6060107977623375,-3.1916034972836087,-4.958900106684098,-7.312303933173723,-7.3123039331761674,0.7559433271165421,0.7611137387545958,0.762705656574706,0.7611137387545958,0.7559433271165421,0.0,0.0,0.0,0.0,0.0
50.899999999999245,0.2,10.179999999999827,-4.952476731129138,-3.1849629237624413,-2.599273255057483,-3.1849629237624413,-4.952476731129138,-7.30600459305623,-7.306004593058731,0.756043372454171,0.7612144946209176,0.7628067165463698,0.7612144946209176,0.756043372454171,0.0,0.0,0.0,0.0,0.0
50.99999999999924,0.2,10.199999999999827,-4.946055753295411,-3.1783273257955216,-2.5925417407823943,-3.1783273257955216,-4.946055753295411,-7.299705548868076,-7.299705548870577,0.7561430840591656,0.7613149094241569,0.7629074324896605,0.7613149094241569,0.7561430840591656,0.0,0.0,0.0,0.0,0.0
51.099999999999234,0.2,10.219999999999827,-4.939637161206406,-3.171696670717438,-2.585816213951034,-3.171696670717438,-4.939637161206406,-7.293406806410701,-7.293406806413202,0.7562424636258988,0.7614149849147811,0.7630078061775265,0.7614149849147811,0.7562424636258988,0.0,0.0,0.0,0.0,0.0
51.19999999999923,0.2,10.239999999999826,-4.93322094296758,-3.165070926096405,-2.5790966338757357,-3.165070926096405,-4.93322094296758,-7.287108371435636,-7.287108371438137,0.75634151283736,0.7615147228314748,0.7631078393709619,0.7615147228314748,0.75634151283736,0.0,0.0,0.0,0.0,0.0
51.29999999999922,0.2,10.259999999999826,-4.926807086765336,-3.158450059729887,-2.572382960156574,-3.158450059729887,-4.926807086765336,-7.280810249644674,-7.280810249647232,0.7564402333652557,0.7616141249012497,0.7632075338191358,0.7616141249012497,0.7564402333652557,0.0,0.0,0.0,0.0,0.0
51.39999999999922,0.2,10.279999999999825,-4.9203955808650335,-3.1518340396442,-2.5656751526858557,-3.1518340396442,-4.9203955808650335,-7.274512446690721,-7.274512446693279,0.7565386268701079,0.7617131928395384,0.7633068912594705,0.7617131928395384,0.7565386268701079,0.0,0.0,0.0,0.0,0.0
51.49999999999921,0.2,10.299999999999825,-4.9139864136122355,-3.145222834093431,-2.5589731716386837,-3.145222834093431,-4.9139864136122355,-7.26821496817746,-7.268214968180075,0.756636695001348,0.7618119283502937,0.7634059134177643,0.7618119283502937,0.756636695001348,0.0,0.0,0.0,0.0,0.0
51.599999999999206,0.2,10.319999999999824,-4.907579573424641,-3.138616411553471,-2.5522769774765948,-3.138616411553471,-4.907579573424641,-7.261917819660368,-7.261917819662983,0.7567344393974293,0.7619103331260968,0.7635046020082729,0.7619103331260968,0.7567344393974293,0.0,0.0,0.0,0.0,0.0
51.6999999999992,0.2,10.339999999999824,-4.901175048804305,-3.1320147407288914,-2.5455865309453998,-3.1320147407288914,-4.901175048804305,-7.255621006646663,-7.255621006649278,0.7568318616858865,0.7620084088482297,0.7636029587338073,0.7620084088482297,0.7568318616858865,0.0,0.0,0.0,0.0,0.0
51.799999999999194,0.2,10.359999999999824,-4.894772828326381,-3.125417790545441,-2.5389017930685895,-3.125417790545441,-4.894772828326381,-7.249324534595701,-7.249324534598259,0.7569289634834585,0.7621061571867883,0.7637009852858448,0.7621061571867883,0.7569289634834585,0.0,0.0,0.0,0.0,0.0
51.89999999999919,0.2,10.379999999999823,-4.888372900643731,-3.1188255301447043,-2.5322227251508593,-3.1188255301447043,-4.888372900643731,-7.2430284089195425,-7.243028408922044,0.7570257463961654,0.7622035798007868,0.7637986833446052,0.7622035798007868,0.7570257463961654,0.0,0.0,0.0,0.0,0.0
51.99999999999918,0.2,10.399999999999823,-4.881975254486463,-3.1122379288937623,-2.5255492887719697,-3.1122379288937623,-4.881975254486463,-7.236732634983014,-7.236732634985515,0.7571222120193983,0.7623006783382187,0.7638960545791617,0.7623006783382187,0.7571222120193983,0.0,0.0,0.0,0.0,0.0
52.09999999999918,0.2,10.419999999999822,-4.875579878658243,-3.1056549563750764,-2.5188814457860644,-3.1056549563750764,-4.875579878658243,-7.230437218104328,-7.230437218106829,0.7572183619380202,0.7623974544361749,0.7639931006475266,0.7623974544361749,0.7572183619380202,0.0,0.0,0.0,0.0,0.0
52.19999999999917,0.2,10.439999999999822,-4.86918676203959,-3.099076582383077,-2.512219158318885,-3.099076582383077,-4.86918676203959,-7.224142163555257,-7.224142163557815,0.7573141977264417,0.7624939097209408,0.764089823196749,0.7624939097209408,0.7573141977264417,0.0,0.0,0.0,0.0,0.0
52.299999999999166,0.2,10.459999999999821,-4.862795893582643,-3.0925027769319513,-2.5055623887701017,-3.0925027769319513,-4.862795893582643,-7.217847476561531,-7.2178474765640885,0.7574097209487245,0.7625900458080571,0.7641862238629935,0.7625900458080571,0.7574097209487245,0.0,0.0,0.0,0.0,0.0
52.39999999999916,0.2,10.479999999999821,-4.856407262315997,-3.085933510246548,-2.4989110998087654,-3.085933510246548,-4.856407262315997,-7.2115531623032325,-7.211553162305734,0.7575049331586508,0.7626858643024359,0.7642823042716386,0.7626858643024359,0.7575049331586508,0.0,0.0,0.0,0.0,0.0
52.499999999999154,0.2,10.49999999999982,-4.850020857344248,-3.0793687527620364,-2.4922652543647246,-3.0793687527620364,-4.850020857344248,-7.205259225914915,-7.205259225917416,0.757599835899813,0.7627813667984426,0.7643780660373841,0.7627813667984426,0.757599835899813,0.0,0.0,0.0,0.0,0.0
52.59999999999915,0.2,10.51999999999982,-4.843636667837586,-3.072808475124532,-2.4856248156369816,-3.072808475124532,-4.843636667837586,-7.1989656724861675,-7.198965672488725,0.7576944307057232,0.762876554879978,0.764473510764313,0.762876554879978,0.7576944307057232,0.0,0.0,0.0,0.0,0.0
52.69999999999914,0.2,10.53999999999982,-4.837254683046183,-3.0662526481893337,-2.4789897470895426,-3.0662526481893337,-4.837254683046183,-7.1926725070619,-7.192672507064458,0.7577887190998577,0.7629714301205694,0.7645686400459842,0.7629714301205694,0.7577887190998577,0.0,0.0,0.0,0.0,0.0
52.79999999999914,0.2,10.55999999999982,-4.830874892288023,-3.0597012430155246,-2.472360012440504,-3.0597012430155246,-4.830874892288023,-7.186379734642685,-7.186379734645243,0.7578827025957731,0.7630659940834621,0.7646634554655463,0.7630659940834621,0.7578827025957731,0.0,0.0,0.0,0.0,0.0
52.89999999999913,0.2,10.579999999999819,-4.8244972849514625,-3.0531542308704616,-2.465735575672568,-3.0531542308704616,-4.8244972849514625,-7.1800873601849275,-7.1800873601874855,0.7579763826971809,0.7631602483216938,0.7647579585957878,0.7631602483216938,0.7579763826971809,0.0,0.0,0.0,0.0,0.0
52.999999999999126,0.2,10.599999999999818,-4.818121850497505,-3.0466115832238074,-2.4591164010270177,-3.0466115832238074,-4.818121850497505,-7.173795388601377,-7.173795388603878,0.7580697608980218,0.7632541943781864,0.7648521509992361,0.7632541943781864,0.7580697608980218,0.0,0.0,0.0,0.0,0.0
53.09999999999912,0.2,10.619999999999818,-4.811748578459174,-3.0400732717527603,-2.452502452996555,-3.0400732717527603,-4.811748578459174,-7.167503824761354,-7.167503824763855,0.7581628386825436,0.7633478337858156,0.764946034228254,0.7633478337858156,0.7581628386825436,0.0,0.0,0.0,0.0,0.0
53.199999999999115,0.2,10.639999999999818,-4.80537745843634,-3.033539268329605,-2.445893696329108,-3.033539268329605,-4.80537745843634,-7.161212673491036,-7.161212673493537,0.7582556175254012,0.7634411680675197,0.7650396098251114,0.7634411680675197,0.7582556175254012,0.0,0.0,0.0,0.0,0.0
53.29999999999911,0.2,10.659999999999817,-4.799008480104021,-3.027009545022679,-2.439290096024422,-3.027009545022679,-4.799008480104021,-7.154921939573967,-7.154921939576468,0.7583480988917054,0.7635341987363797,0.7651328793220689,0.7635341987363797,0.7583480988917054,0.0,0.0,0.0,0.0,0.0
53.3999999999991,0.2,10.679999999999817,-4.792641633199878,-3.020484074107742,-2.4326916173320114,-3.020484074107742,-4.792641633199878,-7.148631627751172,-7.14863162775373,0.7584402842371378,0.76362692729566,0.7652258442414632,0.76362692729566,0.7584402842371378,0.0,0.0,0.0,0.0,0.0
53.4999999999991,0.2,10.699999999999816,-4.786276907530862,-3.013962828050751,-2.426098225751957,-3.013962828050751,-4.786276907530862,-7.142341742721612,-7.142341742724113,0.7585321750080092,0.7637193552389365,0.76531850609578,0.7637193552389365,0.7585321750080092,0.0,0.0,0.0,0.0,0.0
53.59999999999909,0.2,10.719999999999816,-4.779914292975093,-3.007445779515706,-2.419509887027573,-3.007445779515706,-4.779914292975093,-7.136052289142299,-7.136052289144857,0.7586237726413286,0.763811484050147,0.7654108663877497,0.763811484050147,0.7586237726413286,0.0,0.0,0.0,0.0,0.0
53.699999999999086,0.2,10.739999999999815,-4.7735537794789025,-3.0009329013610113,-2.412926567147508,-3.0009329013610113,-4.7735537794789025,-7.12976327162886,-7.129763271631418,0.7587150785648877,0.7639033152036788,0.7655029266104165,0.7639033152036788,0.7587150785648877,0.0,0.0,0.0,0.0,0.0
53.79999999999908,0.2,10.759999999999815,-4.767195357050923,-2.994424166636236,-2.406348232345863,-2.994424166636236,-4.767195357050923,-7.123474694755544,-7.123474694758158,0.7588060941973512,0.7639948501644506,0.7655946882472131,0.7639948501644506,0.7588060941973512,0.0,0.0,0.0,0.0,0.0
53.899999999999075,0.2,10.779999999999815,-4.7608390157726035,-2.9879195485835908,-2.3997748490949675,-2.9879195485835908,-4.7608390157726035,-7.1171865630558955,-7.11718656305851,0.7588968209482999,0.764086090387981,0.7656861527720513,0.764086090387981,0.7588968209482999,0.0,0.0,0.0,0.0,0.0
53.99999999999907,0.2,10.799999999999814,-4.7544847457851915,-2.981419020631563,-2.393206384108339,-2.981419020631563,-4.7544847457851915,-7.110898881022763,-7.1108988810254345,0.7589872602183418,0.7641770373204804,0.7657773216493898,0.7641770373204804,0.7589872602183418,0.0,0.0,0.0,0.0,0.0
54.09999999999906,0.2,10.819999999999814,-4.748132537299625,-2.9749225564028734,-2.3866428043363612,-2.9749225564028734,-4.748132537299625,-7.104611653108748,-7.104611653111419,0.7590774133991549,0.7642676923988994,0.7658681963343146,0.7642676923988994,0.7590774133991549,0.0,0.0,0.0,0.0,0.0
54.19999999999906,0.2,10.839999999999813,-4.7417823805918715,-2.9684301296996978,-2.3800840769664546,-2.9684301296996978,-4.7417823805918715,-7.09832488372632,-7.098324883729049,0.7591672818735723,0.764358057051042,0.765958778272612,0.764358057051042,0.7591672818735723,0.0,0.0,0.0,0.0,0.0
54.29999999999905,0.2,10.859999999999813,-4.735434266002983,-2.961941714517252,-2.3735301694203486,-2.961941714517252,-4.735434266002983,-7.092038577248445,-7.092038577251174,0.7592568670156512,0.7644481326955962,0.7660490689008453,0.7644481326955962,0.7592568670156512,0.0,0.0,0.0,0.0,0.0
54.39999999999905,0.2,10.879999999999812,-4.729088183935062,-2.955457285033958,-2.3669810493508976,-2.955457285033958,-4.729088183935062,-7.085752738008523,-7.0857527380112515,0.7593461701907562,0.7645379207422346,0.766139069646434,0.7645379207422346,0.7593461701907562,0.0,0.0,0.0,0.0,0.0
54.49999999999904,0.2,10.899999999999812,-4.722744124858423,-2.948976815606784,-2.3604366846439575,-2.948976815606784,-4.722744124858423,-7.079467370300904,-7.079467370303632,0.7594351927556079,0.7646274225916919,0.7662287819277155,0.7646274225916919,0.7594351927556079,0.0,0.0,0.0,0.0,0.0
54.599999999999035,0.2,10.919999999999812,-4.7164020793072154,-2.9425002807800524,-2.353897043410882,-2.9425002807800524,-4.7164020793072154,-7.0731824783811135,-7.073182478383842,0.7595239360583621,0.7647166396358134,0.766318207154038,0.7647166396358134,0.7595239360583621,0.0,0.0,0.0,0.0,0.0
54.69999999999903,0.2,10.939999999999811,-4.710062037874536,-2.9360276552736764,-2.3473620939981856,-2.9360276552736764,-4.710062037874536,-7.066898066466138,-7.066898066468866,0.7596124014386922,0.7648055732576512,0.7664073467257988,0.7648055732576512,0.7596124014386922,0.0,0.0,0.0,0.0,0.0
54.799999999999024,0.2,10.95999999999981,-4.7037239912183395,-2.929558913992139,-2.3408318049699233,-2.929558913992139,-4.7037239912183395,-7.060614138734707,-7.060614138737435,0.759700590227841,0.764894224831509,0.7664962020345581,0.764894224831509,0.759700590227841,0.0,0.0,0.0,0.0,0.0
54.89999999999902,0.2,10.97999999999981,-4.69738793005871,-2.9230940320144896,-2.334306145122298,-2.9230940320144896,-4.69738793005871,-7.054330699327522,-7.054330699330308,0.759788503748693,0.7649825957230356,0.7665847744630689,0.7649825957230356,0.759788503748693,0.0,0.0,0.0,0.0,0.0
54.99999999999901,0.2,10.99999999999981,-4.6910538451802495,-2.916632984595651,-2.3277850834708715,-2.916632984595651,-4.6910538451802495,-7.04804775234777,-7.048047752350556,0.7598761433158338,0.7650706872892845,0.7666730653853762,0.7650706872892845,0.7598761433158338,0.0,0.0,0.0,0.0,0.0
55.09999999999901,0.2,11.01999999999981,-4.684721727423209,-2.9101757471692054,-2.3212685892517584,-2.9101757471692054,-4.684721727423209,-7.041765301861176,-7.041765301863904,0.7599635102356419,0.7651585008787765,0.7667610761668783,0.7651585008787765,0.7599635102356419,0.0,0.0,0.0,0.0,0.0
55.199999999999,0.2,11.039999999999809,-4.678391567694575,-2.9037222953414243,-2.314756631921682,-2.9037222953414243,-4.678391567694575,-7.035483351896119,-7.035483351898847,0.7600506058063202,0.7652460378315747,0.76684880816439,0.7652460378315747,0.7600506058063202,0.0,0.0,0.0,0.0,0.0
55.299999999998995,0.2,11.059999999999809,-4.672063356958574,-2.8972726048922937,-2.3082491811570094,-2.8972726048922937,-4.672063356958574,-7.029201906444371,-7.029201906447099,0.7601374313179868,0.765333299479349,0.7669362627262132,0.765333299479349,0.7601374313179868,0.0,0.0,0.0,0.0,0.0
55.39999999999899,0.2,11.079999999999808,-4.665737086240483,-2.890826651774205,-2.3017462068455075,-2.890826651774205,-4.665737086240483,-7.022920969461097,-7.022920969463826,0.7602239880527268,0.765420287145443,0.7670234411922167,0.765420287145443,0.7602239880527268,0.0,0.0,0.0,0.0,0.0
55.499999999998984,0.2,11.099999999999808,-4.659412746627197,-2.8843844121076927,-2.2952476790971446,-2.8843844121076927,-4.659412746627197,-7.01664054486514,-7.016640544867869,0.7603102772846587,0.7655070021449457,0.7671103448938739,0.7655070021449457,0.7603102772846587,0.0,0.0,0.0,0.0,0.0
55.59999999999898,0.2,11.119999999999807,-4.653090329260806,-2.8779458621814342,-2.288753568230561,-2.8779458621814342,-4.653090329260806,-7.010360636539247,-7.010360636541975,0.7603963002800057,0.7655934457847551,0.7671969751543586,0.7655934457847551,0.7603963002800057,0.0,0.0,0.0,0.0,0.0
55.69999999999897,0.2,11.139999999999807,-4.646769825343426,-2.871510978459696,-2.28226384477955,-2.871510978459696,-4.646769825343426,-7.004081248330465,-7.0040812483331365,0.7604820582971504,0.7656796193636208,0.7672833332885916,0.7656796193636208,0.7604820582971504,0.0,0.0,0.0,0.0,0.0
55.79999999999897,0.2,11.159999999999807,-4.640451226137031,-2.865079737565452,-2.2757784794869167,-2.865079737565452,-4.640451226137031,-6.997802384050317,-6.997802384052989,0.7605675525866931,0.7657655241722467,0.767369420603315,0.7657655241722467,0.7605675525866931,0.0,0.0,0.0,0.0,0.0
55.89999999999896,0.2,11.179999999999806,-4.634134522962029,-2.8586521162918075,-2.26929744330414,-2.8586521162918075,-4.634134522962029,-6.991524047475139,-6.99152404747781,0.7606527843915173,0.7658511614933242,0.767455238397155,0.7658511614933242,0.7606527843915173,0.0,0.0,0.0,0.0,0.0
55.999999999998956,0.2,11.199999999999806,-4.627819707197773,-2.8522280915977376,-2.262820707389892,-2.8522280915977376,-4.627819707197773,-6.985246242346193,-6.985246242348921,0.760737754946847,0.7659365326016009,0.7675407879606868,0.7659365326016009,0.760737754946847,0.0,0.0,0.0,0.0,0.0
56.09999999999895,0.2,11.219999999999805,-4.621506770277961,-2.845807640600242,-2.2563482431104944,-2.845807640600242,-4.621506770277961,-6.978968972370126,-6.978968972372854,0.7608224654803193,0.7660216387639617,0.7676260705764874,0.7660216387639617,0.7608224654803193,0.0,0.0,0.0,0.0,0.0
56.199999999998944,0.2,11.239999999999805,-4.615195703693473,-2.8393907405839514,-2.2498800220366206,-2.8393907405839514,-4.615195703693473,-6.9726922412191925,-6.972692241221921,0.7609069172120349,0.7661064812394612,0.7677110875192094,0.7661064812394612,0.7609069172120349,0.0,0.0,0.0,0.0,0.0
56.29999999999894,0.2,11.259999999999804,-4.608886498992888,-2.8329773689929425,-2.243416015940852,-2.8329773689929425,-4.608886498992888,-6.966416052531315,-6.9664160525340435,0.7609911113546141,0.7661910612794033,0.7677958400556419,0.7661910612794033,0.7609911113546141,0.0,0.0,0.0,0.0,0.0
56.39999999999893,0.2,11.279999999999804,-4.602579147781853,-2.826567503430681,-2.236956196797962,-2.826567503430681,-4.602579147781853,-6.9601404099105935,-6.960140409913265,0.7610750491132563,0.7662753801273999,0.7678803294447657,0.7662753801273999,0.7610750491132563,0.0,0.0,0.0,0.0,0.0
56.49999999999893,0.2,11.299999999999804,-4.596273641720472,-2.820161121662011,-2.230500536784234,-2.820161121662011,-4.596273641720472,-6.953865316927306,-6.953865316929978,0.7611587316858057,0.7663594390194207,0.7679645569378155,0.7663594390194207,0.7611587316858057,0.0,0.0,0.0,0.0,0.0
56.59999999999892,0.2,11.319999999999803,-4.589969972523647,-2.8137582016045144,-2.2240490082719475,-2.8137582016045144,-4.589969972523647,-6.947590777118421,-6.947590777121093,0.7612421602628021,0.7664432391838746,0.7680485237783488,0.7664432391838746,0.7612421602628021,0.0,0.0,0.0,0.0,0.0
56.699999999998916,0.2,11.339999999999803,-4.583668131961474,-2.807358721337266,-2.2176015838350054,-2.807358721337266,-4.583668131961474,-6.941316793987653,-6.941316793990325,0.7613253360275418,0.7665267818416396,0.7681322312022856,0.7665267818416396,0.7613253360275418,0.0,0.0,0.0,0.0,0.0
56.79999999999891,0.2,11.359999999999802,-4.577368111860835,-2.8009626590923062,-2.211158236239214,-2.8009626590923062,-4.577368111860835,-6.935043371005975,-6.935043371008533,0.7614082601561233,0.766610068206143,0.7682156804379934,0.766610068206143,0.7614082601561233,0.0,0.0,0.0,0.0,0.0
56.899999999998904,0.2,11.379999999999802,-4.571069904099716,-2.794569993257028,-2.204718938447513,-2.794569993257028,-4.571069904099716,-6.928770511611276,-6.928770511613948,0.7614909338175195,0.7666930994834082,0.7682988727063231,0.7666930994834082,0.7614909338175195,0.0,0.0,0.0,0.0,0.0
56.9999999999989,0.2,11.399999999999801,-4.564773500611864,-2.7881807023733245,-2.198283663616337,-2.7881807023733245,-4.564773500611864,-6.922498219209388,-6.922498219212059,0.7615733581736205,0.7667758768721129,0.7683818092206763,0.7667758768721129,0.7615733581736205,0.0,0.0,0.0,0.0,0.0
57.09999999999889,0.2,11.419999999999801,-4.558478893384802,-2.7817947651353734,-2.191852385090556,-2.7817947651353734,-4.558478893384802,-6.916226497173739,-6.916226497176524,0.7616555343792908,0.7668584015636455,0.768464491187071,0.7668584015636455,0.7616555343792908,0.0,0.0,0.0,0.0,0.0
57.19999999999889,0.2,11.4399999999998,-4.552186074457154,-2.775412160385713,-2.1854250764108087,-2.775412160385713,-4.552186074457154,-6.909955348845926,-6.909955348848769,0.7617374635824297,0.7669406747421739,0.7685469198041761,0.7669406747421739,0.7617374635824297,0.0,0.0,0.0,0.0,0.0
57.29999999999888,0.2,11.4599999999998,-4.545895035926321,-2.7690328671176303,-2.1790017113012254,-2.7690328671176303,-4.545895035926321,-6.903684777535773,-6.903684777538615,0.7618191469240054,0.7670226975846851,0.7686290962633946,0.7670226975846851,0.7618191469240054,0.0,0.0,0.0,0.0,0.0
57.399999999998876,0.2,11.4799999999998,-4.539605769934383,-2.7626568644750478,-2.172582263677441,-2.7626568644750478,-4.539605769934383,-6.897414786521665,-6.897414786524507,0.7619005855381423,0.7671044712610436,0.7687110217488974,0.7671044712610436,0.7619005855381423,0.0,0.0,0.0,0.0,0.0
57.49999999999887,0.2,11.4999999999998,-4.5333182686791815,-2.7562841317504194,-2.1661667076448907,-2.7562841317504194,-4.5333182686791815,-6.891145379050613,-6.891145379053455,0.7619817805521453,0.7671859969340461,0.7687926974376765,0.7671859969340461,0.7619817805521453,0.0,0.0,0.0,0.0,0.0
57.599999999998865,0.2,11.519999999999799,-4.5270325244111405,-2.7499146483810364,-2.1597550174867024,-2.7499146483810364,-4.5270325244111405,-6.8848765583387035,-6.884876558341546,0.7620627330865576,0.7672672757594816,0.7688741244996318,0.7672672757594816,0.7620627330865576,0.0,0.0,0.0,0.0,0.0
57.69999999999886,0.2,11.539999999999798,-4.520748529429909,-2.7435483939549385,-2.153347167672848,-2.7435483939549385,-4.520748529429909,-6.878608327571328,-6.8786083275741134,0.7621434442552228,0.7673483088861669,0.7689553040975937,0.7673483088861669,0.7621434442552228,0.0,0.0,0.0,0.0,0.0
57.79999999999885,0.2,11.559999999999798,-4.514466276085329,-2.737185348199205,-2.146943132858894,-2.737185348199205,-4.514466276085329,-6.872340689903126,-6.872340689905968,0.7622239151653296,0.767429097456031,0.7690362373873799,0.767429097456031,0.7622239151653296,0.0,0.0,0.0,0.0,0.0
57.89999999999885,0.2,11.579999999999798,-4.508185756782609,-2.7308254909873426,-2.140542887875938,-2.7308254909873426,-4.508185756782609,-6.866073648458666,-6.866073648461509,0.7623041469174503,0.7675096426041409,0.7691169255178685,0.7675096426041409,0.7623041469174503,0.0,0.0,0.0,0.0,0.0
57.99999999999884,0.2,11.599999999999797,-4.50190696397425,-2.7244688023362187,-2.1341464077418095,-2.7244688023362187,-4.50190696397425,-6.8598072063322775,-6.85980720633512,0.762384140605611,0.7675899454587599,0.7691973696310211,0.7675899454587599,0.762384140605611,0.0,0.0,0.0,0.0,0.0
58.099999999998836,0.2,11.619999999999797,-4.495629890161354,-2.718115262402762,-2.1277536676484488,-2.718115262402762,-4.495629890161354,-6.853541366588502,-6.853541366591287,0.7624638973173351,0.7676700071414099,0.769277570861963,0.7676700071414099,0.7624638973173351,0.0,0.0,0.0,0.0,0.0
58.19999999999883,0.2,11.639999999999796,-4.489354527897717,-2.7117648514877146,-2.1213646429647497,-2.7117648514877146,-4.489354527897717,-6.847276132262152,-6.847276132264938,0.7625434181336843,0.7677498287669007,0.7693575303390238,0.7677498287669007,0.7625434181336843,0.0,0.0,0.0,0.0,0.0
58.299999999998825,0.2,11.659999999999796,-4.483080869785056,-2.705417550030006,-2.1149793092376967,-2.705417550030006,-4.483080869785056,-6.841011506358768,-6.8410115063615535,0.7626227041293158,0.7678294114434026,0.7694372491837842,0.7678294114434026,0.7626227041293158,0.0,0.0,0.0,0.0,0.0
58.39999999999882,0.2,11.679999999999795,-4.476808908471128,-2.699073338606752,-2.10859764218975,-2.699073338606752,-4.476808908471128,-6.8347474918545,-6.834747491857286,0.7627017563725369,0.7679087562724882,0.7695167285111274,0.7679087562724882,0.7627017563725369,0.0,0.0,0.0,0.0,0.0
58.49999999999881,0.2,11.699999999999795,-4.47053863665883,-2.6927321979331964,-2.1022196177174806,-2.6927321979331964,-4.47053863665883,-6.828484091696737,-6.828484091699522,0.7627805759253278,0.7679878643491796,0.7695959694292934,0.7679878643491796,0.7627805759253278,0.0,0.0,0.0,0.0,0.0
58.59999999999881,0.2,11.719999999999795,-4.464270047094203,-2.68639410886351,-2.0958452118893547,-2.68639410886351,-4.464270047094203,-6.822221308803989,-6.8222213088068315,0.7628591638434193,0.7680667367619957,0.769674973039928,0.7680667367619957,0.7628591638434193,0.0,0.0,0.0,0.0,0.0
58.6999999999988,0.2,11.739999999999794,-4.458003132573879,-2.6800590523864685,-2.0894744009440274,-2.6800590523864685,-4.458003132573879,-6.815959146066348,-6.815959146069247,0.7629375211763192,0.7681453745930078,0.769753740438135,0.7681453745930078,0.7629375211763192,0.0,0.0,0.0,0.0,0.0
58.799999999998796,0.2,11.759999999999794,-4.4517378859411565,-2.673727009627271,-2.083107161288467,-2.673727009627271,-4.4517378859411565,-6.80969760634548,-6.8096976063483226,0.7630156489673692,0.7682237789178804,0.7698322727125291,0.7682237789178804,0.7630156489673692,0.0,0.0,0.0,0.0,0.0
58.89999999999879,0.2,11.779999999999793,-4.445474300085721,-2.6673979618419708,-2.076743469500798,-2.6673979618419708,-4.445474300085721,-6.803436692474918,-6.80343669247776,0.7630935482537907,0.7683019508059327,0.7699105709452693,0.7683019508059327,0.7630935482537907,0.0,0.0,0.0,0.0,0.0
58.999999999998785,0.2,11.799999999999793,-4.439212367943071,-2.661071890421397,-2.0703833023291622,-2.661071890421397,-4.439212367943071,-6.797176407260338,-6.797176407263237,0.763171220066732,0.7683798913201726,0.7699886362121094,0.7683798913201726,0.763171220066732,0.0,0.0,0.0,0.0,0.0
59.09999999999878,0.2,11.819999999999792,-4.432952082500378,-2.6547487768904716,-2.0640266366849573,-2.6547487768904716,-4.432952082500378,-6.790916753479905,-6.7909167534827475,0.763248665431295,0.768457601517341,0.7700664695824606,0.768457601517341,0.763248665431295,0.0,0.0,0.0,0.0,0.0
59.199999999998774,0.2,11.839999999999792,-4.426693436790174,-2.6484286029048008,-2.0576734496456766,-2.6484286029048008,-4.426693436790174,-6.784657733884046,-6.784657733886888,0.7633258853665973,0.7685350824479689,0.7701440721194276,0.7685350824479689,0.7633258853665973,0.0,0.0,0.0,0.0,0.0
59.29999999999877,0.2,11.859999999999792,-4.420436423884496,-2.6421113502474327,-2.051323718453716,-2.6421113502474327,-4.420436423884496,-6.7783993511961285,-6.778399351198914,0.7634028808858353,0.768612335156426,0.7702214448798548,0.768612335156426,0.7634028808858353,0.0,0.0,0.0,0.0,0.0
59.39999999999876,0.2,11.879999999999791,-4.414181036908303,-2.6357970008334632,-2.0449774205100653,-2.6357970008334632,-4.414181036908303,-6.772141608112236,-6.772141608115078,0.7634796529962835,0.768689360680953,0.7702985889143866,0.768689360680953,0.7634796529962835,0.0,0.0,0.0,0.0,0.0
59.49999999999876,0.2,11.89999999999979,-4.407927269030722,-2.629485536708046,-2.038634533385107,-2.629485536708046,-4.407927269030722,-6.765884507301848,-6.765884507304634,0.7635562026993685,0.7687661600537115,0.7703755052674833,0.7687661600537115,0.7635562026993685,0.0,0.0,0.0,0.0,0.0
59.59999999999875,0.2,11.91999999999979,-4.401675113463114,-2.6231769400384906,-2.032295034803667,-2.6231769400384906,-4.401675113463114,-6.759628051407617,-6.759628051410402,0.7636325309907126,0.7688427343008448,0.7704521949775003,0.7688427343008448,0.7636325309907126,0.0,0.0,0.0,0.0,0.0
59.699999999998745,0.2,11.93999999999979,-4.39542456346652,-2.6168711931242683,-2.02595890265502,-2.6168711931242683,-4.39542456346652,-6.753372243045874,-6.753372243048602,0.7637086388601575,0.7689190844424941,0.7705286590767053,0.7689190844424941,0.7637086388601575,0.0,0.0,0.0,0.0,0.0
59.79999999999874,0.2,11.95999999999979,-4.389175612339955,-2.610568278388655,-2.019626114983282,-2.610568278388655,-4.389175612339955,-6.747117084806632,-6.747117084809247,0.7637845272918378,0.768995211492864,0.7706048985913466,0.768995211492864,0.7637845272918378,0.0,0.0,0.0,0.0,0.0
59.899999999998734,0.2,11.979999999999789,-4.382928253432908,-2.6042681783812327,-2.0132966499894565,-2.6042681783812327,-4.382928253432908,-6.740862579253758,-6.7408625792563726,0.7638601972641864,0.7690711164602564,0.7706809145416865,0.7690711164602564,0.7638601972641864,0.0,0.0,0.0,0.0,0.0
59.99999999999873,0.2,11.999999999999789,-4.376682480133411,-2.597970875772546,-2.006970486034902,-2.597970875772546,-4.376682480133411,-6.73460872892548,-6.7346087289280945,0.7639356497500097,0.7691468003471227,0.7707567079420343,0.7691468003471227,0.7639356497500097,0.0,0.0,0.0,0.0,0.0
60.09999999999872,0.2,12.019999999999788,-4.370438285876105,-2.5916763533571725,-2.0006476016320107,-2.5916763533571725,-4.370438285876105,-6.72835553633422,-6.728355536336892,0.764010885716507,0.7692222641501034,0.7708322798008126,0.7692222641501034,0.764010885716507,0.0,0.0,0.0,0.0,0.0
60.19999999999872,0.2,12.039999999999788,-4.364195664140425,-2.585384594056677,-1.9943279754464243,-2.585384594056677,-4.364195664140425,-6.7221030039670495,-6.7221030039696075,0.7640859061253148,0.769297508860052,0.770907631120591,0.769297508860052,0.7640859061253148,0.0,0.0,0.0,0.0,0.0
60.29999999999871,0.2,12.059999999999787,-4.357954608446903,-2.5790955809086995,-1.9880115863026049,-2.5790955809086995,-4.357954608446903,-6.7158511342856855,-6.715851134288243,0.7641607119325542,0.7693725354621093,0.7709827628981099,0.7693725354621093,0.7641607119325542,0.0,0.0,0.0,0.0,0.0
60.399999999998705,0.2,12.079999999999787,-4.3517151123592726,-2.5728092970744,-1.9816984131689992,-2.5728092970744,-4.3517151123592726,-6.709599929726778,-6.709599929729336,0.7642353040888694,0.7694473449357225,0.77105767612436,0.7694473449357225,0.7642353040888694,0.0,0.0,0.0,0.0,0.0
60.4999999999987,0.2,12.099999999999786,-4.345477169480432,-2.566525725834481,-1.9753884351719648,-2.566525725834481,-4.345477169480432,-6.703349392702194,-6.703349392704695,0.7643096835394747,0.7695219382546922,0.7711323717845865,0.7695219382546922,0.7643096835394747,0.0,0.0,0.0,0.0,0.0
60.599999999998694,0.2,12.119999999999786,-4.339240773463644,-2.560244850585093,-1.9690816315830375,-2.560244850585093,-4.339240773463644,-6.697099525598844,-6.697099525601459,0.764383851224164,0.7695963163872273,0.771206850858359,0.7695963163872273,0.764383851224164,0.0,0.0,0.0,0.0,0.0
60.69999999999869,0.2,12.139999999999786,-4.333005917995763,-2.5539666548465334,-1.9627779818253543,-2.5539666548465334,-4.333005917995763,-6.690850330779597,-6.690850330782212,0.7644578080773943,0.7696704802959532,0.7712811143195939,0.7696704802959532,0.7644578080773943,0.0,0.0,0.0,0.0,0.0
60.79999999999868,0.2,12.159999999999785,-4.326772596806279,-2.5476911222529566,-1.9564774654668327,-2.5476911222529566,-4.326772596806279,-6.684601810582535,-6.684601810585207,0.764531555028299,0.7697444309379841,0.7713551631366113,0.7697444309379841,0.764531555028299,0.0,0.0,0.0,0.0,0.0
60.89999999999868,0.2,12.179999999999785,-4.320540803669587,-2.5414182365530564,-1.950180062221989,-2.5414182365530564,-4.320540803669587,-6.678353967321868,-6.67835396732454,0.764605093000721,0.7698181692649546,0.7714289982721678,0.7698181692649546,0.764605093000721,0.0,0.0,0.0,0.0,0.0
60.99999999999867,0.2,12.199999999999784,-4.314310532401294,-2.535147981615637,-1.943885751955463,-2.535147981615637,-4.314310532401294,-6.672106803287818,-6.672106803290546,0.764678422913259,0.7698916962230448,0.771502620683482,0.7698916962230448,0.764678422913259,0.0,0.0,0.0,0.0,0.0
61.099999999998666,0.2,12.219999999999784,-4.3080817768556585,-2.5288803414198355,-1.9375945146713889,-2.5288803414198355,-4.3080817768556585,-6.6658603207468445,-6.665860320749573,0.7647515456793108,0.7699650127530406,0.7715760313223043,0.7699650127530406,0.7647515456793108,0.0,0.0,0.0,0.0,0.0
61.19999999999866,0.2,12.239999999999783,-4.301854530929063,-2.5226153000647287,-1.9313063305174865,-2.5226153000647287,-4.301854530929063,-6.659614521941705,-6.659614521944491,0.7648244622071034,0.7700381197903483,0.7716492311349398,0.7700381197903483,0.7648244622071034,0.0,0.0,0.0,0.0,0.0
61.299999999998654,0.2,12.259999999999783,-4.29562878855495,-2.51635284175552,-1.9250211797880183,-2.51635284175552,-4.29562878855495,-6.653369409091965,-6.6533694090948075,0.7648971733997397,0.7701110182650651,0.7717222210622772,0.7701110182650651,0.7648971733997397,0.0,0.0,0.0,0.0,0.0
61.39999999999865,0.2,12.279999999999783,-4.2894045437088835,-2.5100929508164427,-1.9187390429139555,-2.5100929508164427,-4.2894045437088835,-6.6471249843938836,-6.647124984396669,0.7649696801552239,0.7701837091019839,0.7717950020398512,0.7701837091019839,0.7649696801552239,0.0,0.0,0.0,0.0,0.0
61.49999999999864,0.2,12.299999999999782,-4.283181790405592,-2.503835611679392,-1.9124599004720153,-2.503835611679392,-4.283181790405592,-6.640881250020527,-6.6408812500233125,0.7650419833665034,0.7702561932206546,0.7718675749978549,0.7702561932206546,0.7650419833665034,0.0,0.0,0.0,0.0,0.0
61.59999999999864,0.2,12.319999999999782,-4.276960522701074,-2.497580808886994,-1.906183733173748,-2.497580808886994,-4.276960522701074,-6.634638208122283,-6.634638208125068,0.7651140839214997,0.7703284715354168,0.7719399408612042,0.7703284715354168,0.7651140839214997,0.0,0.0,0.0,0.0,0.0
61.69999999999863,0.2,12.339999999999781,-4.270740734687422,-2.4913285270946517,-1.8999105218686623,-2.4913285270946517,-4.270740734687422,-6.628395860826743,-6.628395860829528,0.7651859827031571,0.7704005449554251,0.7720121005495643,0.7704005449554251,0.7651859827031571,0.0,0.0,0.0,0.0,0.0
61.799999999998626,0.2,12.359999999999781,-4.2645224204970305,-2.485078751066112,-1.8936402475491718,-2.485078751066112,-4.2645224204970305,-6.622154210238989,-6.622154210241774,0.7652576805894657,0.7704724143846993,0.7720840549773706,0.7704724143846993,0.7652576805894657,0.0,0.0,0.0,0.0,0.0
61.89999999999862,0.2,12.37999999999978,-4.25830557430055,-2.4788314656731245,-1.887372891340931,-2.4788314656731245,-4.25830557430055,-6.615913258441765,-6.615913258444664,0.7653291784535033,0.770544080722157,0.7721558050538909,0.770544080722157,0.7653291784535033,0.0,0.0,0.0,0.0,0.0
61.999999999998614,0.2,12.39999999999978,-4.252090190311151,-2.4725866558929965,-1.8811084345025506,-2.4725866558929965,-4.252090190311151,-6.609673007495701,-6.6096730074986,0.765400477163456,0.7706155448616565,0.7722273516832592,0.7706155448616565,0.765400477163456,0.0,0.0,0.0,0.0,0.0
62.09999999999861,0.2,12.41999999999978,-4.245876262773436,-2.4663443068146194,-1.8748468584338411,-2.4663443068146194,-4.245876262773436,-6.6034334594394295,-6.6034334594423285,0.7654715775826836,0.7706868076920128,0.7722986957644872,0.7706868076920128,0.7654715775826836,0.0,0.0,0.0,0.0,0.0
62.1999999999986,0.2,12.43999999999978,-4.239663785972425,-2.460104403629259,-1.868588144662965,-2.460104403629259,-4.239663785972425,-6.5971946162896415,-6.597194616292484,0.7655424805697285,0.7707578700970599,0.7723698381915332,0.7707578700970599,0.7655424805697285,0.0,0.0,0.0,0.0,0.0
62.2999999999986,0.2,12.459999999999779,-4.233452754233497,-2.4538669316372648,-1.8623322748504165,-2.4538669316372648,-4.233452754233497,-6.5909564800413705,-6.590956480044156,0.7656131869783489,0.7708287329556582,0.7724407798533249,0.7708287329556582,0.7656131869783489,0.0,0.0,0.0,0.0,0.0
62.39999999999859,0.2,12.479999999999778,-4.227243161915112,-2.4476318762418146,-1.8560792307943643,-2.4476318762418146,-4.227243161915112,-6.58471905266822,-6.584719052671005,0.7656836976575716,0.7708993971417527,0.7725115216337775,0.7708993971417527,0.7656836976575716,0.0,0.0,0.0,0.0,0.0
62.499999999998586,0.2,12.499999999999778,-4.221035003415523,-2.4413992229500536,-1.8498289944186581,-2.4413992229500536,-4.221035003415523,-6.578482336122363,-6.578482336125205,0.7657540134517086,0.7709698635243998,0.772582064411859,0.7709698635243998,0.7657540134517086,0.0,0.0,0.0,0.0,0.0
62.59999999999858,0.2,12.519999999999778,-4.21482827316845,-2.4351689573742306,-1.8435815477775463,-2.4351689573742306,-4.21482827316845,-6.572246332334998,-6.572246332337784,0.7658241352003986,0.771040132967794,0.772652409061609,0.771040132967794,0.7658241352003986,0.0,0.0,0.0,0.0,0.0
62.699999999998575,0.2,12.539999999999777,-4.208622965644224,-2.4289410652265815,-1.8373368730570974,-2.4289410652265815,-4.208622965644224,-6.566011043216065,-6.56601104321885,0.7658940637386363,0.7711102063313171,0.7727225564521699,0.7711102063313171,0.7658940637386363,0.0,0.0,0.0,0.0,0.0
62.79999999999857,0.2,12.559999999999777,-4.202419075351997,-2.4227155323254124,-1.8310949525665592,-2.4227155323254124,-4.202419075351997,-6.559776470654867,-6.559776470657596,0.7659637998968019,0.7711800844695545,0.7727925074478382,0.7711800844695545,0.7659637998968019,0.0,0.0,0.0,0.0,0.0
62.89999999999856,0.2,12.579999999999776,-4.196216596831732,-2.416492344583162,-1.824855768751604,-2.416492344583162,-4.196216596831732,-6.553542616519792,-6.55354261652252,0.7660333445007083,0.7712497682323551,0.7728622629080636,0.7712497682323551,0.7660333445007083,0.0,0.0,0.0,0.0,0.0
62.99999999999856,0.2,12.599999999999776,-4.1900155246652275,-2.410271488020271,-1.8186193041751153,-2.410271488020271,-4.1900155246652275,-6.547309482658989,-6.547309482661717,0.7661026983716099,0.7713192584648284,0.772931823687531,0.7713192584648284,0.7661026983716099,0.0,0.0,0.0,0.0,0.0
63.09999999999855,0.2,12.619999999999775,-4.183815853465774,-2.404052948752053,-1.8123855415259982,-2.404052948752053,-4.183815853465774,-6.54107707090003,-6.541077070902759,0.7661718623262551,0.77138855600741,0.7730011906361658,0.77138855600741,0.7661718623262551,0.0,0.0,0.0,0.0,0.0
63.199999999998546,0.2,12.639999999999775,-4.177617577884746,-2.397836712994888,-1.8061544636251483,-2.397836712994888,-4.177617577884746,-6.534845383050367,-6.534845383053096,0.766240837176905,0.7714576616958758,0.7730703645991546,0.7714576616958758,0.766240837176905,0.0,0.0,0.0,0.0,0.0
63.29999999999854,0.2,12.659999999999775,-4.171420692606773,-2.391622767064405,-1.7999260534089672,-2.391622767064405,-4.171420692606773,-6.528614420897384,-6.528614420900055,0.7663096237313718,0.7715265763613783,0.7731393464170123,0.7715265763613783,0.7663096237313718,0.0,0.0,0.0,0.0,0.0
63.399999999998535,0.2,12.679999999999774,-4.165225192352523,-2.3854110973714455,-1.793700293943175,-2.3854110973714455,-4.165225192352523,-6.522384186208512,-6.522384186211184,0.7663782227930467,0.7715953008304861,0.7732081369255815,0.7715953008304861,0.7663782227930467,0.0,0.0,0.0,0.0,0.0
63.49999999999853,0.2,12.699999999999774,-4.159031071876257,-2.379201690426271,-1.7874771684102484,-2.379201690426271,-4.159031071876257,-6.516154680731518,-6.516154680734189,0.7664466351609317,0.771663835925204,0.7732767369560932,0.771663835925204,0.7664466351609317,0.0,0.0,0.0,0.0,0.0
63.59999999999852,0.2,12.719999999999773,-4.15283832596748,-2.372994532834582,-1.781256660117208,-2.372994532834582,-4.15283832596748,-6.509925906194553,-6.509925906197168,0.7665148616296698,0.7717321824630132,0.7733451473351757,0.7717321824630132,0.7665148616296698,0.0,0.0,0.0,0.0,0.0
63.69999999999852,0.2,12.739999999999773,-4.1466469494491776,-2.3667896112999074,-1.7750387524902749,-2.3667896112999074,-4.1466469494491776,-6.503697864306332,-6.503697864308947,0.7665829029895737,0.7718003412568942,0.773413368884901,0.7718003412568942,0.7665829029895737,0.0,0.0,0.0,0.0,0.0
63.79999999999851,0.2,12.759999999999772,-4.14045693717901,-2.360586912615986,-1.7688234290754394,-2.360586912615986,-4.14045693717901,-6.497470556756298,-6.497470556758913,0.7666507600266591,0.771868313115376,0.7734814024228088,0.771868313115376,0.7666507600266591,0.0,0.0,0.0,0.0,0.0
63.899999999998506,0.2,12.779999999999772,-4.134268284048858,-2.3543864236729064,-1.7626106735372105,-2.3543864236729064,-4.134268284048858,-6.49124398521468,-6.491243985217352,0.7667184335226683,0.7719360988425509,0.773549248761943,0.7719360988425509,0.7667184335226683,0.0,0.0,0.0,0.0,0.0
63.9999999999985,0.2,12.799999999999772,-4.128080984978681,-2.3481881314589828,-1.7564004696546363,-2.3481881314589828,-4.128080984978681,-6.485018151332781,-6.48501815133551,0.766785924255119,0.7720036992380949,0.7736169087108873,0.7720036992380949,0.766785924255119,0.0,0.0,0.0,0.0,0.0
64.0999999999985,0.2,12.819999999999771,-4.121895034931811,-2.3419920230494427,-1.7501928013293195,-2.3419920230494427,-4.121895034931811,-6.478793056743029,-6.478793056745872,0.7668532329972906,0.7720711150973302,0.7736843830737754,0.7720711150973302,0.7668532329972906,0.0,0.0,0.0,0.0,0.0
64.1999999999985,0.2,12.83999999999977,-4.115710428895397,-2.3357980856139875,-1.7439876525778573,-2.3357980856139875,-4.115710428895397,-6.4725687030593235,-6.472568703062166,0.7669203605183061,0.7721383472112303,0.7737516726503365,0.7721383472112303,0.7669203605183061,0.0,0.0,0.0,0.0,0.0
64.29999999999849,0.2,12.85999999999977,-4.109527161896665,-2.3296063064150303,-1.7377850075296237,-2.3296063064150303,-4.109527161896665,-6.46634509187669,-6.466345091879646,0.7669873075831163,0.7722053963664545,0.7738187782359328,0.7722053963664545,0.7669873075831163,0.0,0.0,0.0,0.0,0.0
64.39999999999849,0.2,12.87999999999977,-4.10334522898944,-2.3234166728055357,-1.7315848504287032,-2.3234166728055357,-4.10334522898944,-6.460122224772078,-6.460122224775034,0.7670540749525623,0.7722722633453802,0.7738857006215795,0.7722722633453802,0.7670540749525623,0.0,0.0,0.0,0.0,0.0
64.49999999999848,0.2,12.89999999999977,-4.097164625262678,-2.3172291722283376,-1.725387165634288,-2.3172291722283376,-4.097164625262678,-6.453900103304022,-6.453900103306978,0.7671206633833818,0.7723389489261346,0.7739524405939726,0.7723389489261346,0.7671206633833818,0.0,0.0,0.0,0.0,0.0
64.59999999999847,0.2,12.919999999999769,-4.090985345838874,-2.3110437922164238,-1.7191919376181204,-2.3110437922164238,-4.090985345838874,-6.447678729012978,-6.447678729015934,0.7671870736282408,0.7724054538826185,0.7740189989355221,0.7724054538826185,0.7671870736282408,0.0,0.0,0.0,0.0,0.0
64.69999999999847,0.2,12.939999999999769,-4.084807385869453,-2.3048605203943,-1.712999150963526,-2.3048605203943,-4.084807385869453,-6.441458103421269,-6.441458103424338,0.7672533064357737,0.7724717789845316,0.7740853764243829,0.7724717789845316,0.7672533064357737,0.0,0.0,0.0,0.0,0.0
64.79999999999846,0.2,12.959999999999768,-4.07863074053796,-2.298679344471168,-1.706808790364164,-2.298679344471168,-4.07863074053796,-6.435238228033597,-6.435238228036724,0.7673193625505981,0.7725379249974179,0.7741515738344846,0.7725379249974179,0.7673193625505981,0.0,0.0,0.0,0.0,0.0
64.89999999999846,0.2,12.979999999999768,-4.072455405064147,-2.29250025224502,-1.7006208406263568,-2.29250025224502,-4.072455405064147,-6.4290191043369305,-6.429019104340114,0.767385242713335,0.7726038926826797,0.7742175919355516,0.7726038926826797,0.767385242713335,0.0,0.0,0.0,0.0,0.0
64.99999999999845,0.2,12.999999999999767,-4.066281374692153,-2.2863232316046833,-1.6944352866668737,-2.2863232316046833,-4.066281374692153,-6.422800733800557,-6.422800733803797,0.7674509476606659,0.7726696827976004,0.7742834314931359,0.7726696827976004,0.7674509476606659,0.0,0.0,0.0,0.0,0.0
65.09999999999845,0.2,13.019999999999767,-4.060108644701927,-2.280148270521522,-1.6882521135096908,-2.280148270521522,-4.060108644701927,-6.416583117876485,-6.416583117879725,0.767516478125326,0.7727352960953923,0.7743490932686518,0.7727352960953923,0.767516478125326,0.0,0.0,0.0,0.0,0.0
65.19999999999844,0.2,13.039999999999766,-4.05393721040349,-2.273975357052791,-1.6820713062861046,-2.273975357052791,-4.05393721040349,-6.410366257999328,-6.410366258002568,0.7675818348361468,0.7728007333252133,0.7744145780194017,0.7728007333252133,0.7675818348361468,0.0,0.0,0.0,0.0,0.0
65.29999999999843,0.2,13.059999999999766,-4.047767067136533,-2.267804479347035,-1.675892850237915,-2.267804479347035,-4.047767067136533,-6.404150155586706,-6.404150155589889,0.7676470185180869,0.7728659952321794,0.7744798864985936,0.7728659952321794,0.7676470185180869,0.0,0.0,0.0,0.0,0.0
65.39999999999843,0.2,13.079999999999766,-4.041598210272866,-2.261635625634028,-1.669716730710718,-2.261635625634028,-4.041598210272866,-6.397934812039068,-6.397934812042195,0.7677120298922434,0.7729310825574142,0.7745450194553847,0.7729310825574142,0.7677120298922434,0.0,0.0,0.0,0.0,0.0
65.49999999999842,0.2,13.099999999999765,-4.035430635210844,-2.255468784226366,-1.6635429331573164,-2.255468784226366,-4.035430635210844,-6.391720228739985,-6.391720228743111,0.7677768696759003,0.7729959960380747,0.7746099776348968,0.7729959960380747,0.7677768696759003,0.0,0.0,0.0,0.0,0.0
65.59999999999842,0.2,13.119999999999765,-4.029264337382642,-2.2493039435212836,-1.657371443134366,-2.2493039435212836,-4.029264337382642,-6.3855064070563685,-6.385506407059495,0.7678415385825277,0.7730607364073686,0.774674761778252,0.7730607364073686,0.7678415385825277,0.0,0.0,0.0,0.0,0.0
65.69999999999841,0.2,13.139999999999764,-4.023099312247723,-2.243141092001281,-1.6512022463053881,-2.243141092001281,-4.023099312247723,-6.379293348338422,-6.379293348341662,0.7679060373218294,0.7731253043945775,0.7747393726225873,0.7731253043945775,0.7679060373218294,0.0,0.0,0.0,0.0,0.0
65.7999999999984,0.2,13.159999999999764,-4.016935555299199,-2.236980218227245,-1.6450353284369044,-2.236980218227245,-4.016935555299199,-6.373081053920032,-6.373081053923272,0.7679703665997456,0.773189700725101,0.7748038109010934,0.773189700725101,0.7679703665997456,0.0,0.0,0.0,0.0,0.0
65.8999999999984,0.2,13.179999999999763,-4.01077306205525,-2.230821310848114,-1.6388706753970723,-2.230821310848114,-4.01077306205525,-6.366869525118545,-6.3668695251217855,0.7680345271185053,0.7732539261204546,0.774868077343038,0.7732539261204546,0.7680345271185053,0.0,0.0,0.0,0.0,0.0
65.9999999999984,0.2,13.199999999999763,-4.004611828069471,-2.2246643585900188,-1.6327082731564815,-2.2246643585900188,-4.004611828069471,-6.360658763235165,-6.360658763238405,0.7680985195766202,0.7733179812983259,0.7749321726737914,0.7733179812983259,0.7680985195766202,0.0,0.0,0.0,0.0,0.0
66.09999999999839,0.2,13.219999999999763,-3.9984518489160905,-2.218509350259808,-1.6265481077907111,-2.218509350259808,-3.9984518489160905,-6.35444876955512,-6.354448769558303,0.7681623446689485,0.7733818669725839,0.7749960976148442,0.7733818669725839,0.7681623446689485,0.0,0.0,0.0,0.0,0.0
66.19999999999838,0.2,13.239999999999762,-3.9922931202032146,-2.212356274746014,-1.6203901654729407,-2.212356274746014,-3.9922931202032146,-6.348239545347326,-6.348239545350566,0.7682260030866849,0.7734455838533058,0.7750598528838489,0.7734455838533058,0.7682260030866849,0.0,0.0,0.0,0.0,0.0
66.29999999999838,0.2,13.259999999999762,-3.9861356375669743,-2.2062051210176037,-1.6142344324762803,-2.2062051210176037,-3.9861356375669743,-6.342031091865181,-6.342031091868478,0.7682894955173983,0.7735091326468008,0.7751234391946382,0.7735091326468008,0.7682894955173983,0.0,0.0,0.0,0.0,0.0
66.39999999999837,0.2,13.279999999999761,-3.979979396673457,-2.2000558781231234,-1.6080808951772383,-2.2000558781231234,-3.979979396673457,-6.335823410346279,-6.335823410349519,0.7683528226450516,0.7735725140556375,0.7751868572572402,0.7735725140556375,0.7683528226450516,0.0,0.0,0.0,0.0,0.0
66.49999999999837,0.2,13.299999999999761,-3.9738243932130786,-2.193908535185642,-1.6019295400451483,-2.193908535185642,-3.9738243932130786,-6.329616502012527,-6.329616502015767,0.7684159851500386,0.7736357287786813,0.7752501077779287,0.7736357287786813,0.7684159851500386,0.0,0.0,0.0,0.0,0.0
66.59999999999836,0.2,13.31999999999976,-3.9676706229089973,-2.187763081411674,-1.5957803536516053,-2.187763081411674,-3.9676706229089973,-6.323410368070483,-6.323410368073667,0.768478983709188,0.7736987775110904,0.7753131914592225,0.7736987775110904,0.768478983709188,0.0,0.0,0.0,0.0,0.0
66.69999999999835,0.2,13.33999999999976,-3.9615180815079043,-2.181619506082484,-1.5896333226639854,-2.181619506082484,-3.9615180815079043,-6.317205009711245,-6.317205009714428,0.7685418189958059,0.773761660944366,0.7753761089999244,0.773761660944366,0.7685418189958059,0.0,0.0,0.0,0.0,0.0
66.79999999999835,0.2,13.35999999999976,-3.9553667647896873,-2.1754777985554483,-1.5834884338470374,-2.1754777985554483,-3.9553667647896873,-6.311000428110731,-6.311000428113971,0.7686044916796778,0.773824379766371,0.7754388610951407,0.773824379766371,0.7686044916796778,0.0,0.0,0.0,0.0,0.0
66.89999999999834,0.2,13.37999999999976,-3.949216668555266,-2.169337948267355,-1.5773456740598135,-2.169337948267355,-3.949216668555266,-6.304796624429855,-6.304796624433038,0.7686670024271203,0.7738869346613391,0.7755014484363116,0.7738869346613391,0.7686670024271203,0.0,0.0,0.0,0.0,0.0
66.99999999999834,0.2,13.399999999999759,-3.9430677886379044,-2.163199944727978,-1.5712050302598755,-2.163199944727978,-3.9430677886379044,-6.29859359981441,-6.298593599817593,0.7687293519009748,0.7739493263099217,0.7755638717112218,0.7739493263099217,0.7687293519009748,0.0,0.0,0.0,0.0,0.0
67.09999999999833,0.2,13.419999999999758,-3.9369201208970708,-2.157063777523888,-1.5650664894972124,-2.157063777523888,-3.9369201208970708,-6.2923913553953525,-6.292391355398536,0.7687915407606467,0.7740115553891954,0.775626131604041,0.7740115553891954,0.7687915407606467,0.0,0.0,0.0,0.0,0.0
67.19999999999833,0.2,13.439999999999758,-3.9307736612163353,-2.150929436316744,-1.558930038917822,-2.150929436316744,-3.9307736612163353,-6.28618989228886,-6.286189892292043,0.7688535696621316,0.7740736225726884,0.7756882287953347,0.7740736225726884,0.7688535696621316,0.0,0.0,0.0,0.0,0.0
67.29999999999832,0.2,13.459999999999757,-3.9246284055088836,-2.1447969108428424,-1.5527956657600726,-2.1447969108428424,-3.9246284055088836,-6.2799892115966145,-6.279989211599741,0.768915439258023,0.774135528530405,0.7757501639620952,0.774135528530405,0.768915439258023,0.0,0.0,0.0,0.0,0.0
67.39999999999831,0.2,13.479999999999757,-3.918484349715527,-2.1386661909102713,-1.5466633573512354,-2.1386661909102713,-3.918484349715527,-6.273789314405519,-6.2737893144087025,0.7689771501975416,0.7741972739288563,0.7758119377777751,0.7741972739288563,0.7689771501975416,0.0,0.0,0.0,0.0,0.0
67.49999999999831,0.2,13.499999999999757,-3.9123414897987914,-2.1325372664027213,-1.540533101119081,-2.1325372664027213,-3.9123414897987914,-6.267590201788437,-6.26759020179162,0.7690387031265681,0.7742588594310675,0.7758735509122762,0.7742588594310675,0.7690387031265681,0.0,0.0,0.0,0.0,0.0
67.5999999999983,0.2,13.519999999999756,-3.906199821756104,-2.1264101272773246,-1.5344048845736893,-2.1264101272773246,-3.906199821756104,-6.261391874803735,-6.261391874806918,0.7691000986876335,0.77432028569661,0.7759350040320186,0.77432028569661,0.7691000986876335,0.0,0.0,0.0,0.0,0.0
67.6999999999983,0.2,13.539999999999756,-3.900059341601434,-2.1202847635611306,-1.5282786953219443,-2.1202847635611306,-3.900059341601434,-6.25519433449557,-6.2551943344987535,0.7691613375199882,0.7743815533816275,0.7759962977999252,0.7743815533816275,0.7691613375199882,0.0,0.0,0.0,0.0,0.0
67.79999999999829,0.2,13.559999999999755,-3.8939200453812077,-2.1141611653535506,-1.5221545210612248,-2.1141611653535506,-3.8939200453812077,-6.248997581894173,-6.2489975818972425,0.769222420259578,0.7744426631388543,0.7760574328754578,0.7744426631388543,0.769222420259578,0.0,0.0,0.0,0.0,0.0
67.89999999999829,0.2,13.579999999999755,-3.887781929165101,-2.1080393228267553,-1.5160323495717876,-2.1080393228267553,-3.887781929165101,-6.242801618015733,-6.242801618018746,0.7692833475390933,0.7745036156176319,0.776118409914661,0.7745036156176319,0.7692833475390933,0.0,0.0,0.0,0.0,0.0
67.99999999999828,0.2,13.599999999999755,-3.881644989046663,-2.1019192262211845,-1.5099121687276806,-2.1019192262211845,-3.881644989046663,-6.23660644386257,-6.236606443865583,0.7693441199879876,0.7745644114639448,0.7761792295701502,0.7745644114639448,0.7693441199879876,0.0,0.0,0.0,0.0,0.0
68.09999999999827,0.2,13.619999999999754,-3.8755092211490023,-2.095800865851004,-1.503793966492026,-2.095800865851004,-3.8755092211490023,-6.2304120604234186,-6.230412060426488,0.76940473823248,0.7746250513204228,0.7762398924911468,0.7746250513204228,0.76940473823248,0.0,0.0,0.0,0.0,0.0
68.19999999999827,0.2,13.639999999999754,-3.869374621616771,-2.089684232095806,-1.497677730915541,-2.089684232095806,-3.869374621616771,-6.224218468673428,-6.224218468676554,0.7694652028955994,0.7746855358263878,0.7763003993235024,0.7746855358263878,0.7694652028955994,0.0,0.0,0.0,0.0,0.0
68.29999999999826,0.2,13.659999999999753,-3.8632411866227585,-2.0835693154099886,-1.4915634501329578,-2.0835693154099886,-3.8632411866227585,-6.218025669574047,-6.218025669577287,0.7695255145971867,0.7747458656178448,0.7763607507097289,0.7747458656178448,0.7695255145971867,0.0,0.0,0.0,0.0,0.0
68.39999999999826,0.2,13.679999999999753,-3.857108912361525,-2.07745610631315,-1.4854511123655243,-2.07745610631315,-3.857108912361525,-6.211833664073538,-6.211833664076835,0.7695856739539324,0.7748060413275307,0.7764209472890108,0.7748060413275307,0.7695856739539324,0.0,0.0,0.0,0.0,0.0
68.49999999999825,0.2,13.699999999999752,-3.8509777950530975,-2.0713445953932137,-1.479340705927882,-2.0713445953932137,-3.8509777950530975,-6.205642453106748,-6.205642453110045,0.7696456815793843,0.7748660635849243,0.7764809896972057,0.7748660635849243,0.7696456815793843,0.0,0.0,0.0,0.0,0.0
68.59999999999825,0.2,13.719999999999752,-3.844847830945639,-2.0652347733097827,-1.47323221920999,-2.0652347733097827,-3.844847830945639,-6.1994520375953925,-6.199452037598746,0.7697055380839628,0.774925933016258,0.7765408785669172,0.774925933016258,0.7697055380839628,0.0,0.0,0.0,0.0,0.0
68.69999999999824,0.2,13.739999999999752,-3.8387190163103355,-2.059126630783055,-1.467125640691279,-2.059126630783055,-3.8387190163103355,-6.193262418448114,-6.193262418451468,0.7697652440749928,0.7749856502445661,0.7766006145274708,0.7749856502445661,0.7697652440749928,0.0,0.0,0.0,0.0,0.0
68.79999999999824,0.2,13.759999999999751,-3.8325913474375284,-2.053020158605648,-1.4610209589334886,-2.053020158605648,-3.8325913474375284,-6.187073596560538,-6.187073596563948,0.7698248001567346,0.7750452158896731,0.7766601982049568,0.7750452158896731,0.7698248001567346,0.0,0.0,0.0,0.0,0.0
68.89999999999823,0.2,13.77999999999975,-3.8264648206465495,-2.0469153476373094,-1.454918162584022,-2.0469153476373094,-3.8264648206465495,-6.180885572815498,-6.180885572818909,0.7698842069303752,0.7751046305682266,0.7767196302222367,0.7751046305682266,0.7698842069303752,0.0,0.0,0.0,0.0,0.0
68.99999999999822,0.2,13.79999999999975,-3.820339432280548,-2.040812188799066,-1.4488172403713406,-2.040812188799066,-3.820339432280548,-6.174698348083041,-6.174698348086508,0.7699434649940623,0.7751638948937338,0.7767789111989785,0.7751638948937338,0.7699434649940623,0.0,0.0,0.0,0.0,0.0
69.09999999999822,0.2,13.81999999999975,-3.8142151787079683,-2.034710673080383,-1.442718181105647,-2.034710673080383,-3.8142151787079683,-6.168511923220592,-6.1685119232240595,0.7700025749429188,0.7752230094765588,0.7768380417516713,0.7752230094765588,0.7700025749429188,0.0,0.0,0.0,0.0,0.0
69.19999999999821,0.2,13.83999999999975,-3.808092056316241,-2.028610791534618,-1.43662097368167,-2.028610791534618,-3.808092056316241,-6.162326299073015,-6.162326299076483,0.7700615373690796,0.7752819749239542,0.7768970224936375,0.7752819749239542,0.7700615373690796,0.0,0.0,0.0,0.0,0.0
69.2999999999982,0.2,13.859999999999749,-3.80197006151667,-2.0225125352839086,-1.430525607069626,-2.0225125352839086,-3.80197006151667,-6.156141476472612,-6.15614147647608,0.7701203528616959,0.7753407918400698,0.7769558540350764,0.7753407918400698,0.7701203528616959,0.0,0.0,0.0,0.0,0.0
69.3999999999982,0.2,13.879999999999749,-3.7958491907471057,-2.0164158955090556,-1.424432070327498,-2.0164158955090556,-3.7958491907471057,-6.14995745623952,-6.149957456242987,0.7701790220069478,0.7753994608259939,0.7770145369830481,0.7753994608259939,0.7701790220069478,0.0,0.0,0.0,0.0,0.0
69.4999999999982,0.2,13.899999999999748,-3.7897294404673403,-2.01032086345856,-1.4183403525902918,-2.01032086345856,-3.7897294404673403,-6.143774239181539,-6.14377423918495,0.7702375453880735,0.7754579824797483,0.7770730719415218,0.7754579824797483,0.7702375453880735,0.0,0.0,0.0,0.0,0.0
69.59999999999819,0.2,13.919999999999748,-3.78361080716013,-2.0042274304411762,-1.4122504430688991,-2.0042274304411762,-3.78361080716013,-6.137591826094251,-6.137591826097662,0.7702959235853869,0.7755163573963301,0.7771314595113974,0.7755163573963301,0.7702959235853869,0.0,0.0,0.0,0.0,0.0
69.69999999999818,0.2,13.939999999999747,-3.7774932873309695,-1.9981355878304043,-1.4061623310581695,-1.9981355878304043,-3.7774932873309695,-6.1314102177612995,-6.13141021776471,0.7703541571762933,0.7755745861677138,0.7771897002905013,0.7755745861677138,0.7703541571762933,0.0,0.0,0.0,0.0,0.0
69.79999999999818,0.2,13.959999999999747,-3.771376877508203,-1.992045327061419,-1.4000760059283834,-1.992045327061419,-3.771376877508203,-6.125229414954276,-6.125229414957687,0.7704122467353102,0.7756326693828792,0.7772477948736277,0.7756326693828792,0.7704122467353102,0.0,0.0,0.0,0.0,0.0
69.89999999999817,0.2,13.979999999999746,-3.7652615742414355,-1.9859566396305581,-1.3939914571305962,-1.9859566396305581,-3.7652615742414355,-6.119049418432951,-6.119049418436418,0.7704701928340879,0.7756906076278284,0.77730574385254,0.7756906076278284,0.7704701928340879,0.0,0.0,0.0,0.0,0.0
69.99999999999817,0.2,13.999999999999746,-3.7591473741056802,-1.979869517101065,-1.3879086741886795,-1.979869517101065,-3.7591473741056802,-6.1128702289454395,-6.112870228948907,0.7705279960414155,0.775748401485593,0.7773635478160141,0.775748401485593,0.7705279960414155,0.0,0.0,0.0,0.0,0.0
70.09999999999816,0.2,14.019999999999746,-3.7530342736960733,-1.973783951088933,-1.3818276467071655,-1.973783951088933,-3.7530342736960733,-6.106691847228092,-6.106691847231502,0.7705856569232542,0.7758060515362839,0.777421207349831,0.7758060515362839,0.7705856569232542,0.0,0.0,0.0,0.0,0.0
70.19999999999816,0.2,14.039999999999745,-3.746922269627021,-1.967699933278709,-1.3757483643639148,-1.967699933278709,-3.746922269627021,-6.100514274005661,-6.100514274009129,0.7706431760427559,0.7758635583570713,0.7774787230368154,0.7758635583570713,0.7706431760427559,0.0,0.0,0.0,0.0,0.0
70.29999999999815,0.2,14.059999999999745,-3.740811358541123,-1.961617455410078,-1.3696708169143221,-1.961617455410078,-3.740811358541123,-6.094337509991533,-6.094337509995,0.7707005539602553,0.7759209225222327,0.7775360954568419,0.7759209225222327,0.7707005539602553,0.0,0.0,0.0,0.0,0.0
70.39999999999814,0.2,14.079999999999744,-3.7347015370989425,-1.9555365092844,-1.3635949941844387,-1.9555365092844,-3.7347015370989425,-6.088161555887666,-6.0881615558911335,0.7707577912333178,0.7759781446031576,0.7775933251868695,0.7759781446031576,0.7707577912333178,0.0,0.0,0.0,0.0,0.0
70.49999999999814,0.2,14.099999999999744,-3.728592801981506,-1.9494570867615266,-1.3575208860848988,-1.9494570867615266,-3.728592801981506,-6.081986412384708,-6.081986412388176,0.7708148884167481,0.7760352251683708,0.7776504128009228,0.7760352251683708,0.7708148884167481,0.0,0.0,0.0,0.0,0.0
70.59999999999813,0.2,14.119999999999743,-3.7224851498938847,-1.9433791797621893,-1.3514484825909676,-1.9433791797621893,-3.7224851498938847,-6.075812080162223,-6.075812080165576,0.7708718460625952,0.7760921647835415,0.7777073588701606,0.7760921647835415,0.7708718460625952,0.0,0.0,0.0,0.0,0.0
70.69999999999813,0.2,14.139999999999743,-3.7163785775638303,-1.9373027802647016,-1.3453777737527162,-1.9373027802647016,-3.7163785775638303,-6.06963855988846,-6.069638559891814,0.7709286647201776,0.7761489640115113,0.7777641639628681,0.7761489640115113,0.7709286647201776,0.0,0.0,0.0,0.0,0.0
70.79999999999812,0.2,14.159999999999743,-3.7102730817357497,-1.9312278803047889,-1.3393087496991143,-1.9312278803047889,-3.7102730817357497,-6.063465852220759,-6.0634658522241125,0.7709853449361113,0.77620562341231,0.7778208286444585,0.77620562341231,0.7709853449361113,0.0,0.0,0.0,0.0,0.0
70.89999999999812,0.2,14.179999999999742,-3.704168659177469,-1.9251544719790559,-1.3332414006246722,-1.9251544719790559,-3.704168659177469,-6.057293957805598,-6.057293957809009,0.771041887254311,0.776262143543163,0.7778773534775291,0.776262143543163,0.771041887254311,0.0,0.0,0.0,0.0,0.0
70.99999999999811,0.2,14.199999999999742,-3.698065306680803,-1.9190825474360054,-1.327175716799161,-1.9190825474360054,-3.698065306680803,-6.051122877278658,-6.051122877282069,0.7710982922160042,0.7763185249585319,0.7779337390218495,0.7763185249585319,0.7710982922160042,0.0,0.0,0.0,0.0,0.0
71.0999999999981,0.2,14.219999999999741,-3.691963021053766,-1.9130120988854173,-1.3211116885635192,-1.9130120988854173,-3.691963021053766,-6.044952611264762,-6.044952611268172,0.771154560359768,0.7763747682101055,0.7779899858343886,0.7763747682101055,0.771154560359768,0.0,0.0,0.0,0.0,0.0
71.1999999999981,0.2,14.23999999999974,-3.685861799126542,-1.9069431185927783,-1.3150493063301383,-1.9069431185927783,-3.685861799126542,-6.038783160378216,-6.038783160381627,0.7712106922215308,0.7764308738468315,0.7780460944693334,0.7764308738468315,0.7712106922215308,0.0,0.0,0.0,0.0,0.0
71.2999999999981,0.2,14.25999999999974,-3.679761637748868,-1.9008755988789972,-1.3089885605807012,-1.9008755988789972,-3.679761637748868,-6.032614525222641,-6.032614525225995,0.7712666883345926,0.7764868424149309,0.7781020654781047,0.7764868424149309,0.7712666883345926,0.0,0.0,0.0,0.0,0.0
71.39999999999809,0.2,14.27999999999974,-3.6736625337946407,-1.8948095321232472,-1.3029294418662403,-1.8948095321232472,-3.6736625337946407,-6.026446706391255,-6.0264467063946086,0.7713225492296313,0.7765426744579098,0.7781578994093785,0.7765426744579098,0.7713225492296313,0.0,0.0,0.0,0.0,0.0
71.49999999999808,0.2,14.29999999999974,-3.667564484152706,-1.8887449107567704,-1.296871940812082,-1.8887449107567704,-3.667564484152706,-6.020279704466873,-6.020279704470113,0.7713782754347399,0.7765983705165886,0.7782135968090858,0.7765983705165886,0.7713782754347399,0.0,0.0,0.0,0.0,0.0
71.59999999999808,0.2,14.31999999999974,-3.661467485738683,-1.8826817272704943,-1.2908160481054551,-1.8826817272704943,-3.661467485738683,-6.014113520021908,-6.014113520025205,0.7714338674754142,0.7766539311290989,0.7782691582204604,0.7766539311290989,0.7714338674754142,0.0,0.0,0.0,0.0,0.0
71.69999999999807,0.2,14.339999999999739,-3.6553715354783662,-1.876619974203095,-1.2847617545085086,-1.876619974203095,-3.6553715354783662,-6.007948153618713,-6.007948153622067,0.7714893258746105,0.7767093568309313,0.7783245841840234,0.7767093568309313,0.7714893258746105,0.0,0.0,0.0,0.0,0.0
71.79999999999806,0.2,14.359999999999738,-3.6492766303288136,-1.8705596441523085,-1.2787090508476808,-1.8705596441523085,-3.6492766303288136,-6.001783605809408,-6.001783605812761,0.7715446511527044,0.7767646481549187,0.7783798752376224,0.7767646481549187,0.7715446511527044,0.0,0.0,0.0,0.0,0.0
71.89999999999806,0.2,14.379999999999738,-3.643182767258338,-1.864500729769361,-1.2726579280165424,-1.864500729769361,-3.643182767258338,-5.995619877136164,-5.995619877139461,0.771599843827561,0.7768198056312688,0.7784350319164433,0.7768198056312688,0.771599843827561,0.0,0.0,0.0,0.0,0.0
71.99999999999805,0.2,14.399999999999737,-3.6370899432569104,-1.8584432237612987,-1.2666083769769898,-1.8584432237612987,-3.6370899432569104,-5.989456968131037,-5.989456968134391,0.7716549044145214,0.7768748297875705,0.778490054753019,0.7768748297875705,0.7716549044145214,0.0,0.0,0.0,0.0,0.0
72.09999999999805,0.2,14.419999999999737,-3.630998155335476,-1.852387118882291,-1.2605603887595862,-1.852387118882291,-3.630998155335476,-5.983294879316304,-5.983294879319658,0.7717098334264186,0.776929721148835,0.7785449442772457,0.776929721148835,0.7717098334264186,0.0,0.0,0.0,0.0,0.0
72.19999999999804,0.2,14.439999999999737,-3.624907400528059,-1.8463324079426684,-1.2545139544584458,-1.8463324079426684,-3.624907400528059,-5.977133611204522,-5.9771336112079325,0.7717646313735887,0.7769844802374838,0.7785997010164106,0.7769844802374838,0.7717646313735887,0.0,0.0,0.0,0.0,0.0
72.29999999999804,0.2,14.459999999999736,-3.6188176758777217,-1.840279083807843,-1.2484690652364065,-1.840279083807843,-3.6188176758777217,-5.970973164298357,-5.970973164301768,0.7718192987639229,0.7770391075733691,0.7786543254951923,0.7770391075733691,0.7718192987639229,0.0,0.0,0.0,0.0,0.0
72.39999999999803,0.2,14.479999999999736,-3.6127289784550953,-1.8342271393908618,-1.2424257123171287,-1.8342271393908618,-3.6127289784550953,-5.964813539090926,-5.964813539094337,0.7718738361028314,0.7770936036738051,0.7787088182356987,0.7770936036738051,0.7718738361028314,0.0,0.0,0.0,0.0,0.0
72.49999999999802,0.2,14.499999999999735,-3.6066413053466135,-1.8281765676551345,-1.2363838869893016,-1.8281765676551345,-3.6066413053466135,-5.958654736065853,-5.958654736069263,0.771928243893291,0.7771479690535809,0.7787631797574679,0.7771479690535809,0.771928243893291,0.0,0.0,0.0,0.0,0.0
72.59999999999802,0.2,14.519999999999735,-3.60055465365906,-1.822127361620744,-1.230343580610679,-1.822127361620744,-3.60055465365906,-5.952496755697155,-5.952496755700565,0.771982522635845,0.7772022042249502,0.778817410577474,0.7772022042249502,0.771982522635845,0.0,0.0,0.0,0.0,0.0
72.69999999999801,0.2,14.539999999999734,-3.5944690205129177,-1.8160795143584778,-1.2243047845990418,-1.8160795143584778,-3.5944690205129177,-5.946339598449526,-5.946339598452994,0.7720366728286399,0.7772563096976686,0.7788715112101642,0.7772563096976686,0.7720366728286399,0.0,0.0,0.0,0.0,0.0
72.79999999999801,0.2,14.559999999999734,-3.588384403053567,-1.8100330189861324,-1.2182674904364035,-1.8100330189861324,-3.588384403053567,-5.940183264778398,-5.940183264781865,0.7720906949674041,0.7773102859790143,0.778925482167462,0.7773102859790143,0.7720906949674041,0.0,0.0,0.0,0.0,0.0
72.899999999998,0.2,14.579999999999734,-3.582300798441622,-1.8039878686730049,-1.212231689669295,-1.8039878686730049,-3.582300798441622,-5.934027755129819,-5.934027755133286,0.7721445895454937,0.7773641335737921,0.7789793239587822,0.7773641335737921,0.7721445895454937,0.0,0.0,0.0,0.0,0.0
72.999999999998,0.2,14.599999999999733,-3.5762182038592414,-1.797944056637732,-1.20619737390399,-1.797944056637732,-3.5762182038592414,-5.927873069940858,-5.927873069944326,0.7721983570538824,0.77741785298435,0.7790330370910549,0.77741785298435,0.7721983570538824,0.0,0.0,0.0,0.0,0.0
73.09999999999799,0.2,14.619999999999733,-3.570136616500747,-1.791901576150451,-1.2001645348115062,-1.791901576150451,-3.570136616500747,-5.9217192096393205,-5.921719209642902,0.7722519979812104,0.7774714447105926,0.7790866220687286,0.7774714447105926,0.7722519979812104,0.0,0.0,0.0,0.0,0.0
73.19999999999798,0.2,14.639999999999732,-3.564056033583995,-1.7858604205306392,-1.1941331641231727,-1.7858604205306392,-3.564056033583995,-5.915566174644141,-5.915566174647779,0.7723055128137577,0.7775249092499954,0.7791400793937959,0.7775249092499954,0.7723055128137577,0.0,0.0,0.0,0.0,0.0
73.29999999999798,0.2,14.659999999999732,-3.5579764523427,-1.779820583143703,-1.1881032536306293,-1.779820583143703,-3.5579764523427,-5.909413965365275,-5.9094139653689695,0.772358902035485,0.7775782470976312,0.7791934095658035,0.7775782470976312,0.772358902035485,0.0,0.0,0.0,0.0,0.0
73.39999999999797,0.2,14.679999999999731,-3.551897870028938,-1.7737820574055831,-1.1820747951893509,-1.7737820574055831,-3.551897870028938,-5.903262582203865,-5.903262582207617,0.772412166128039,0.7776314587461698,0.7792466130818622,0.7776314587461698,0.772412166128039,0.0,0.0,0.0,0.0,0.0
73.49999999999797,0.2,14.699999999999731,-3.5458202839113824,-1.767744836781958,-1.176047780710178,-1.767744836781958,-3.5458202839113824,-5.8971120255522465,-5.897112025555941,0.7724653055707699,0.7776845446858939,0.7792996904366803,0.7776845446858939,0.7724653055707699,0.0,0.0,0.0,0.0,0.0
73.59999999999796,0.2,14.71999999999973,-3.5397436912781473,-1.7617089147830711,-1.1700222021701734,-1.7617089147830711,-3.5397436912781473,-5.890962295793997,-5.890962295797692,0.7725183208407377,0.7777375054047284,0.7793526421225447,0.7777375054047284,0.7725183208407377,0.0,0.0,0.0,0.0,0.0
73.69999999999796,0.2,14.73999999999973,-3.5336680894341725,-1.7556742849685065,-1.1639980516009132,-1.7556742849685065,-3.5336680894341725,-5.884813393304114,-5.884813393307752,0.7725712124127325,0.7777903413882372,0.7794054686293719,0.7777903413882372,0.7725712124127325,0.0,0.0,0.0,0.0,0.0
73.79999999999795,0.2,14.75999999999973,-3.5275934757002574,-1.7496409409427542,-1.1579753210939998,-1.7496409409427542,-3.5275934757002574,-5.878665318449066,-5.878665318452647,0.7726239807592902,0.7778430531196514,0.7794581704447028,0.7778430531196514,0.7726239807592902,0.0,0.0,0.0,0.0,0.0
73.89999999999795,0.2,14.77999999999973,-3.521519847414936,-1.7436088763604403,-1.151954002803052,-1.7436088763604403,-3.521519847414936,-5.8725180715867396,-5.8725180715903775,0.7726766263507022,0.7778956410798679,0.7795107480537096,0.7778956410798679,0.7726766263507022,0.0,0.0,0.0,0.0,0.0
73.99999999999794,0.2,14.799999999999729,-3.515447201937093,-1.7375780849222338,-1.1459340889361442,-1.7375780849222338,-3.515447201937093,-5.866371653066722,-5.866371653070303,0.7727291496550183,0.7779481057474714,0.7795632019392335,0.7779481057474714,0.7727291496550183,0.0,0.0,0.0,0.0,0.0
74.09999999999793,0.2,14.819999999999729,-3.509375536637208,-1.7315485603739944,-1.139915571760639,-1.7315485603739944,-3.509375536637208,-5.860226063230186,-5.8602260632337675,0.7727815511380863,0.7780004475987528,0.7796155325817788,0.7780004475987528,0.7727815511380863,0.0,0.0,0.0,0.0,0.0
74.19999999999793,0.2,14.839999999999728,-3.5033048489067937,-1.7255202965088188,-1.1338984436034707,-1.7255202965088188,-3.5033048489067937,-5.854081302410123,-5.854081302413704,0.7728338312635373,0.7780526671077143,0.7796677404595299,0.7780526671077143,0.7728338312635373,0.0,0.0,0.0,0.0,0.0
74.29999999999792,0.2,14.859999999999728,-3.497235136152085,-1.7194932871625497,-1.127882696843642,-1.7194932871625497,-3.497235136152085,-5.847937370931163,-5.847937370934858,0.7728859904928175,0.778104764746095,0.7797198260483824,0.778104764746095,0.7728859904928175,0.0,0.0,0.0,0.0,0.0
74.39999999999792,0.2,14.879999999999727,-3.491166395798416,-1.7134675262187784,-1.1218683239218308,-1.7134675262187784,-3.491166395798416,-5.841794269110039,-5.841794269113734,0.7729380292851867,0.7781567409833697,0.7797717898219292,0.7781567409833697,0.7729380292851867,0.0,0.0,0.0,0.0,0.0
74.49999999999791,0.2,14.899999999999727,-3.4850986252857297,-1.707443007605832,-1.1158553173319206,-1.707443007605832,-3.4850986252857297,-5.8356519972552405,-5.835651997258935,0.772989948097745,0.7782085962867714,0.7798236322514975,0.7782085962867714,0.772989948097745,0.0,0.0,0.0,0.0,0.0
74.5999999999979,0.2,14.919999999999726,-3.4790318220697714,-1.7014197252922827,-1.1098436696261729,-1.7014197252922827,-3.4790318220697714,-5.829510555667355,-5.829510555670936,0.7730417473854411,0.7782603311213139,0.779875353806146,0.7782603311213139,0.7730417473854411,0.0,0.0,0.0,0.0,0.0
74.6999999999979,0.2,14.939999999999726,-3.4729659836262954,-1.6953976732995102,-1.1038333734109074,-1.6953976732995102,-3.4729659836262954,-5.823369944638955,-5.823369944642536,0.7730934276010742,0.7783119459497685,0.7799269549526893,0.7783119459497685,0.7730934276010742,0.0,0.0,0.0,0.0,0.0
74.7999999999979,0.2,14.959999999999726,-3.4669011074429363,-1.6893768456853877,-1.0978244213447965,-1.6893768456853877,-3.4669011074429363,-5.817230164454884,-5.817230164458465,0.773144989195326,0.7783634412327276,0.7799784361557157,0.7783634412327276,0.773144989195326,0.0,0.0,0.0,0.0,0.0
74.89999999999789,0.2,14.979999999999725,-3.4608371910248366,-1.6833572365555938,-1.0918168061471647,-1.6833572365555938,-3.4608371910248366,-5.811091215392139,-5.81109121539572,0.7731964326167616,0.7784148174285767,0.7800297978775754,0.7784148174285767,0.7731964326167616,0.0,0.0,0.0,0.0,0.0
74.99999999999788,0.2,14.999999999999725,-3.454774231892543,-1.677338840058951,-1.0858105205866195,-1.677338840058951,-3.454774231892543,-5.804953097719988,-5.804953097723626,0.7732477583118439,0.778466074993526,0.7800810405784259,0.778466074993526,0.7732477583118439,0.0,0.0,0.0,0.0,0.0
75.09999999999788,0.2,15.019999999999724,-3.4487122275861566,-1.6713216503841295,-1.0798055574863383,-1.6713216503841295,-3.4487122275861566,-5.798815811700081,-5.798815811703776,0.7732989667249355,0.7785172143816316,0.7801321647162256,0.7785172143816316,0.7732989667249355,0.0,0.0,0.0,0.0,0.0
75.19999999999787,0.2,15.039999999999724,-3.442651175659023,-1.6653056617652169,-1.0738019097264555,-1.6653056617652169,-3.442651175659023,-5.792679357586508,-5.7926793575902025,0.7733500582983285,0.7785682360447863,0.7801831707467445,0.7785682360447863,0.7733500582983285,0.0,0.0,0.0,0.0,0.0
75.29999999999787,0.2,15.059999999999723,-3.4365910736772776,-1.6592908684804115,-1.0677995702376393,-1.6592908684804115,-3.4365910736772776,-5.7865437356257985,-5.786543735629493,0.7734010334722569,0.7786191404327415,0.7802340591235887,0.7786191404327415,0.7734010334722569,0.0,0.0,0.0,0.0,0.0
75.39999999999786,0.2,15.079999999999723,-3.430531919229793,-1.6532772648421314,-1.0617985320045022,-1.6532772648421314,-3.430531919229793,-5.78040894605698,-5.780408946060618,0.7734518926848807,0.7786699279931413,0.780284830298207,0.7786699279931413,0.7734518926848807,0.0,0.0,0.0,0.0,0.0
75.49999999999785,0.2,15.099999999999723,-3.424473709913059,-1.6472648452159433,-1.055798788062475,-1.6472648452159433,-3.424473709913059,-5.7742749891117455,-5.7742749891153835,0.7735026363723411,0.7787205991714858,0.7803354847199059,0.7787205991714858,0.7735026363723411,0.0,0.0,0.0,0.0,0.0
75.59999999999785,0.2,15.119999999999722,-3.418416443343915,-1.6412536040029408,-1.0498003314999664,-1.6412536040029408,-3.418416443343915,-5.768141865014513,-5.768141865018151,0.7735532649687341,0.7787711544111903,0.7803860228358631,0.7787711544111903,0.7735532649687341,0.0,0.0,0.0,0.0,0.0
75.69999999999784,0.2,15.139999999999722,-3.4123601171538667,-1.6352435356447472,-1.0438031554579652,-1.6352435356447472,-3.4123601171538667,-5.762009573982368,-5.762009573986006,0.7736037789061404,0.7788215941535798,0.7804364450911313,0.7788215941535798,0.7736037789061404,0.0,0.0,0.0,0.0,0.0
75.79999999999784,0.2,15.159999999999721,-3.4063047289887436,-1.629234634628176,-1.037807253127653,-1.629234634628176,-3.4063047289887436,-5.755878116225233,-5.755878116228928,0.7736541786146371,0.7788719188378925,0.7804867519286638,0.7788719188378925,0.7736541786146371,0.0,0.0,0.0,0.0,0.0
75.89999999999783,0.2,15.17999999999972,-3.4002502765106897,-1.6232268954755682,-1.0318126177506883,-1.6232268954755682,-3.4002502765106897,-5.749747491945925,-5.74974749194962,0.7737044645223028,0.7789221289013156,0.780536943789319,0.7789221289013156,0.7737044645223028,0.0,0.0,0.0,0.0,0.0
75.99999999999783,0.2,15.19999999999972,-3.394196757394127,-1.6172203127524654,-1.025819242619491,-1.6172203127524654,-3.394196757394127,-5.743617701340099,-5.743617701343851,0.7737546370552398,0.7789722247789745,0.780587021111876,0.7789722247789745,0.7737546370552398,0.0,0.0,0.0,0.0,0.0
76.09999999999782,0.2,15.21999999999972,-3.3881441693330885,-1.611214881064086,-1.0198271210797998,-1.611214881064086,-3.3881441693330885,-5.737488744596476,-5.7374887446002845,0.7738046966375665,0.7790222069039549,0.7806369843330351,0.7790222069039549,0.7738046966375665,0.0,0.0,0.0,0.0,0.0
76.19999999999781,0.2,15.23999999999972,-3.3820925100298496,-1.6052105950571445,-1.0138362465227715,-1.6052105950571445,-3.3820925100298496,-5.731360621896897,-5.731360621900649,0.7738546436914587,0.779072075707308,0.7806868338874521,0.779072075707308,0.7738546436914587,0.0,0.0,0.0,0.0,0.0
76.29999999999781,0.2,15.25999999999972,-3.3760417772065807,-1.5992074494141661,-1.0078466123921999,-1.5992074494141661,-3.3760417772065807,-5.725233333416099,-5.725233333419908,0.7739044786371294,0.7791218316180782,0.780736570207729,0.7791218316180782,0.7739044786371294,0.0,0.0,0.0,0.0,0.0
76.3999999999978,0.2,15.279999999999719,-3.3699919685996065,-1.5932054388626398,-1.0018582121813324,-1.5932054388626398,-3.3699919685996065,-5.719106879322226,-5.719106879325977,0.7739542018928551,0.7791714750632897,0.7807861937244343,0.7791714750632897,0.7739542018928551,0.0,0.0,0.0,0.0,0.0
76.4999999999978,0.2,15.299999999999718,-3.3639430819586664,-1.5872045581635348,-0.9958710394299146,-1.5872045581635348,-3.3639430819586664,-5.712981259776541,-5.7129812597802925,0.774003813874988,0.7792210064679855,0.7808357048661227,0.7792210064679855,0.774003813874988,0.0,0.0,0.0,0.0,0.0
76.59999999999779,0.2,15.319999999999718,-3.357895115047313,-1.581204802120169,-0.989885087728851,-1.581204802120169,-3.357895115047313,-5.706856474933545,-5.706856474937354,0.7740533149979677,0.7792704262552175,0.7808851040593315,0.7792704262552175,0.7740533149979677,0.0,0.0,0.0,0.0,0.0
76.69999999999779,0.2,15.339999999999717,-3.351848065643992,-1.5752061655745138,-0.9839003507141229,-1.5752061655745138,-3.351848065643992,-5.700732524941202,-5.700732524945067,0.7741027056743268,0.7793197348460655,0.7809343917286072,0.7793197348460655,0.7741027056743268,0.0,0.0,0.0,0.0,0.0
76.79999999999778,0.2,15.359999999999717,-3.3458019315409047,-1.5692086434029875,-0.9779168220723022,-1.5692086434029875,-3.3458019315409047,-5.694609409940938,-5.694609409944803,0.7741519863147065,0.7793689326596605,0.7809835682965055,0.7793689326596605,0.7741519863147065,0.0,0.0,0.0,0.0,0.0
76.89999999999777,0.2,15.379999999999717,-3.3397567105449752,-1.5632122305202074,-0.9719344955341853,-1.5632122305202074,-3.3397567105449752,-5.688487130067472,-5.688487130071337,0.7742011573278629,0.7794180201131833,0.7810326341836139,0.7794180201131833,0.7742011573278629,0.0,0.0,0.0,0.0,0.0
76.99999999999777,0.2,15.399999999999716,-3.333712400478362,-1.557216921884617,-0.9659533648828074,-1.557216921884617,-3.333712400478362,-5.682365685449156,-5.682365685453021,0.7742502191206777,0.7794669976218619,0.7810815898085433,0.7794669976218619,0.7742502191206777,0.0,0.0,0.0,0.0,0.0
77.09999999999776,0.2,15.419999999999716,-3.327668999173625,-1.55122271248905,-0.9599734239462236,-1.55122271248905,-3.327668999173625,-5.67624507620792,-5.676245076211785,0.7742991720981804,0.7795158655990047,0.7811304355879579,0.7795158655990047,0.7742991720981804,0.0,0.0,0.0,0.0,0.0
77.19999999999776,0.2,15.439999999999715,-3.3216265044843567,-1.5452295973591959,-0.9539946665950652,-1.5452295973591959,-3.3216265044843567,-5.670125302459326,-5.670125302463248,0.774348016663531,0.7795646244560195,0.7811791719365928,0.7795646244560195,0.774348016663531,0.0,0.0,0.0,0.0,0.0
77.29999999999775,0.2,15.459999999999715,-3.3155849142687543,-1.5392375715629214,-0.9480170867499851,-1.5392375715629214,-3.3155849142687543,-5.664006364312684,-5.664006364316606,0.7743967532180748,0.7796132746023928,0.7812277992672412,0.7796132746023928,0.7743967532180748,0.0,0.0,0.0,0.0,0.0
77.39999999999775,0.2,15.479999999999714,-3.3095442264040003,-1.5332466302030525,-0.9420406783784188,-1.5332466302030525,-3.3095442264040003,-5.657888261871051,-5.657888261874973,0.7744453821613108,0.7796618164457245,0.7812763179907763,0.7796618164457245,0.7744453821613108,0.0,0.0,0.0,0.0,0.0
77.49999999999774,0.2,15.499999999999714,-3.3035044387816583,-1.52725676841834,-0.9360654354894109,-1.52725676841834,-3.3035044387816583,-5.6517709952312885,-5.651770995235154,0.7744939038909197,0.779710250391734,0.7813247285161755,0.779710250391734,0.7744939038909197,0.0,0.0,0.0,0.0,0.0
77.59999999999773,0.2,15.519999999999714,-3.297465549301478,-1.5212679813836871,-0.9300913521415168,-1.5212679813836871,-3.297465549301478,-5.645654564484005,-5.64565456448787,0.7745423188027862,0.7797585768442674,0.7813730312505058,0.7797585768442674,0.7745423188027862,0.0,0.0,0.0,0.0,0.0
77.69999999999773,0.2,15.539999999999713,-3.291427555883729,-1.5152802643112864,-0.9241184224345602,-1.5152802643112864,-3.291427555883729,-5.639538969713897,-5.639538969717705,0.7745906272909774,0.779806796205307,0.7814212265989614,0.779806796205307,0.7745906272909774,0.0,0.0,0.0,0.0,0.0
77.79999999999772,0.2,15.559999999999713,-3.285390456455957,-1.5092936124484027,-0.9181466405149195,-1.5092936124484027,-3.285390456455957,-5.633424210999465,-5.633424211003387,0.7746388297477881,0.779854908874987,0.7814693149648541,0.779854908874987,0.7746388297477881,0.0,0.0,0.0,0.0,0.0
77.89999999999772,0.2,15.579999999999712,-3.279354248962477,-1.5033080210759522,-0.912176000570696,-1.5033080210759522,-3.279354248962477,-5.627310288413469,-5.627310288417448,0.7746869265637263,0.7799029152516067,0.7815172967496389,0.7799029152516067,0.7746869265637263,0.0,0.0,0.0,0.0,0.0
77.99999999999771,0.2,15.599999999999712,-3.273318931360052,-1.4973234855115152,-0.9062064968391041,-1.4973234855115152,-3.273318931360052,-5.6211972020226995,-5.6211972020266785,0.7747349181275318,0.7799508157316314,0.7815651723529047,0.7799508157316314,0.7747349181275318,0.0,0.0,0.0,0.0,0.0
78.0999999999977,0.2,15.619999999999711,-3.267284501616757,-1.4913400011072895,-0.900238123595841,-1.4913400011072895,-3.267284501616757,-5.615084951887923,-5.615084951891902,0.7747828048261939,0.7799986107097096,0.78161294217241,0.7799986107097096,0.7747828048261939,0.0,0.0,0.0,0.0,0.0
78.1999999999977,0.2,15.639999999999711,-3.261250957716129,-1.4853575632507727,-0.8942708751617374,-1.4853575632507727,-3.261250957716129,-5.6089735380642765,-5.608973538068142,0.7748305870449435,0.7800463005786779,0.7816606066040772,0.7800463005786779,0.7748305870449435,0.0,0.0,0.0,0.0,0.0
78.2999999999977,0.2,15.65999999999971,-3.255218297653016,-1.4793761673624886,-0.8883047459027011,-1.4793761673624886,-3.255218297653016,-5.602862960600987,-5.602862960604909,0.7748782651672793,0.7800938857295802,0.7817081660420013,0.7800938857295802,0.7748782651672793,0.0,0.0,0.0,0.0,0.0
78.39999999999769,0.2,15.67999999999971,-3.2491865194347724,-1.473395808900591,-0.8823397302273861,-1.473395808900591,-3.2491865194347724,-5.596753219541824,-5.59675321954569,0.7749258395749721,0.7801413665516623,0.7817556208784644,0.7801413665516623,0.7749258395749721,0.0,0.0,0.0,0.0,0.0
78.49999999999768,0.2,15.69999999999971,-3.243155621081712,-1.4674164833503482,-0.8763758225813945,-1.4674164833503482,-3.243155621081712,-5.590644314924646,-5.590644314928511,0.7749733106480722,0.7801887434324118,0.781802971503964,0.7801887434324118,0.7749733106480722,0.0,0.0,0.0,0.0,0.0
78.59999999999768,0.2,15.71999999999971,-3.237125600629156,-1.4614381862377286,-0.8704130174586453,-1.4614381862377286,-3.237125600629156,-5.584536246781795,-5.58453624678566,0.7750206787649142,0.7802360167575281,0.781850218307189,0.7802360167575281,0.7750206787649142,0.0,0.0,0.0,0.0,0.0
78.69999999999767,0.2,15.739999999999709,-3.2310964561206674,-1.4554609131191683,-0.8644513093902333,-1.4554609131191683,-3.2310964561206674,-5.578429015140102,-5.578429015143911,0.7750679443021455,0.7802831869109609,0.7818973616750593,0.7802831869109609,0.7750679443021455,0.0,0.0,0.0,0.0,0.0
78.79999999999767,0.2,15.759999999999708,-3.2250681856154984,-1.449484659583959,-0.8584906929514204,-1.449484659583959,-3.2250681856154984,-5.572322620020884,-5.572322620024636,0.7751151076347138,0.7803302542749146,0.781944401992718,0.7803302542749146,0.7751151076347138,0.0,0.0,0.0,0.0,0.0
78.89999999999766,0.2,15.779999999999708,-3.219040787184724,-1.443509421254987,-0.8525311627594192,-1.443509421254987,-3.219040787184724,-5.56621706144,-5.566217061443751,0.7751621691358868,0.7803772192298528,0.7819913396435463,0.7803772192298528,0.7751621691358868,0.0,0.0,0.0,0.0,0.0
78.99999999999766,0.2,15.799999999999708,-3.21301425891113,-1.4375351937870278,-0.846572713471005,-1.4375351937870278,-3.21301425891113,-5.560112339407965,-5.560112339411717,0.7752091291772637,0.7804240821545134,0.7820381750091757,0.7804240821545134,0.7752091291772637,0.0,0.0,0.0,0.0,0.0
79.09999999999765,0.2,15.819999999999707,-3.2069885988894384,-1.4315619728693605,-0.840615339786325,-1.4315619728693605,-3.2069885988894384,-5.554008453929896,-5.554008453933648,0.7752559881287817,0.7804708434259106,0.782084908469491,0.7804708434259106,0.7752559881287817,0.0,0.0,0.0,0.0,0.0
79.19999999999764,0.2,15.839999999999707,-3.2009638052267633,-1.425589754221619,-0.8346590364390067,-1.425589754221619,-3.2009638052267633,-5.547905405005679,-5.547905405009374,0.7753027463587241,0.7805175034193549,0.7821315404026654,0.7805175034193549,0.7753027463587241,0.0,0.0,0.0,0.0,0.0
79.29999999999764,0.2,15.859999999999706,-3.194939876045396,-1.4196185335983387,-0.8287037982092329,-1.4196185335983387,-3.194939876045396,-5.5418031926298,-5.541803192633438,0.7753494042337218,0.7805640625084499,0.7821780711851312,0.7805640625084499,0.7753494042337218,0.0,0.0,0.0,0.0,0.0
79.39999999999763,0.2,15.879999999999706,-3.188916809474506,-1.4136483067794074,-0.8227496199148163,-1.4136483067794074,-3.188916809474506,-5.535701816791743,-5.535701816795324,0.7753959621187868,0.7806105210651275,0.7822245011916166,0.7806105210651275,0.7753959621187868,0.0,0.0,0.0,0.0,0.0
79.49999999999763,0.2,15.899999999999705,-3.1828946036562797,-1.4076790695859813,-0.8167964964140424,-1.4076790695859813,-3.1828946036562797,-5.529601277475706,-5.529601277479287,0.7754424203773,0.7806568794596119,0.7822708307951443,0.7806568794596119,0.7754424203773,0.0,0.0,0.0,0.0,0.0
79.59999999999762,0.2,15.919999999999705,-3.176873256748081,-1.4017108178619537,-0.8108444226039637,-1.4017108178619537,-3.176873256748081,-5.523501574660713,-5.523501574664351,0.7754887793710187,0.7807031380604815,0.7823170603670446,0.7807031380604815,0.7754887793710187,0.0,0.0,0.0,0.0,0.0
79.69999999999762,0.2,15.939999999999705,-3.1708527669152886,-1.3957435474889621,-0.8048933934176716,-1.3957435474889621,-3.1708527669152886,-5.517402708320958,-5.517402708324653,0.7755350394601016,0.7807492972346332,0.7823631902769753,0.7807492972346332,0.7755350394601016,0.0,0.0,0.0,0.0,0.0
79.79999999999761,0.2,15.959999999999704,-3.1648331323361845,-1.389777254372973,-0.798943403832709,-1.389777254372973,-3.1648331323361845,-5.511304678425574,-5.511304678429269,0.7755812010031048,0.7807953573473329,0.7824092208929023,0.7807953573473329,0.7755812010031048,0.0,0.0,0.0,0.0,0.0
79.8999999999976,0.2,15.979999999999704,-3.1588143512028637,-1.3838119344566167,-0.7929944488600995,-1.3838119344566167,-3.1588143512028637,-5.50520748493858,-5.505207484942275,0.7756272643569901,0.7808413187621833,0.782455152581142,0.7808413187621833,0.7756272643569901,0.0,0.0,0.0,0.0,0.0
79.9999999999976,0.2,15.999999999999703,-3.152796421717028,-1.3778475837119117,-0.787046523552533,-1.3778475837119117,-3.152796421717028,-5.499111127819219,-5.4991111278228,0.775673229877142,0.7808871818411594,0.7825009857063461,0.7808871818411594,0.775673229877142,0.0,0.0,0.0,0.0,0.0
80.09999999999759,0.2,16.019999999999705,-3.146779342089019,-1.3718841981366836,-0.7810996229968623,-1.3718841981366836,-3.146779342089019,-5.493015607021732,-5.4930156070252565,0.7757190979173815,0.780932946944621,0.7825467206315283,0.780932946944621,0.7757190979173815,0.0,0.0,0.0,0.0,0.0
80.19999999999759,0.2,16.039999999999708,-3.14076311054464,-1.365921773763887,-0.7751537423223454,-1.365921773763887,-3.14076311054464,-5.486920922495642,-5.486920922499166,0.7757648688299528,0.780978614431301,0.7825923577180574,0.780978614431301,0.7757648688299528,0.0,0.0,0.0,0.0,0.0
80.29999999999758,0.2,16.05999999999971,-3.134747725319187,-1.3599603066531927,-0.7692088766892766,-1.3599603066531927,-3.134747725319187,-5.480827074185697,-5.4808270741892215,0.7758105429655507,0.7810241846583315,0.7826378973256866,0.7810241846583315,0.7758105429655507,0.0,0.0,0.0,0.0,0.0
80.39999999999758,0.2,16.079999999999714,-3.1287331846596658,-1.3539997928971275,-0.7632650213025158,-1.3539997928971275,-3.1287331846596658,-5.474734062031871,-5.474734062035395,0.7758561206733227,0.7810696579812388,0.7826833398125328,0.7810696579812388,0.7758561206733227,0.0,0.0,0.0,0.0,0.0
80.49999999999757,0.2,16.099999999999717,-3.1227194868249057,-1.3480402286169237,-0.757322171396936,-1.3480402286169237,-3.1227194868249057,-5.468641885969475,-5.468641885973057,0.7759016023008745,0.7811150347539622,0.7827286855351216,0.7811150347539622,0.7759016023008745,0.0,0.0,0.0,0.0,0.0
80.59999999999756,0.2,16.11999999999972,-3.1167066300812962,-1.3420816099598483,-0.7513803222478259,-1.3420816099598483,-3.1167066300812962,-5.462550545929162,-5.462550545932743,0.7759469881942932,0.7811603153288704,0.7827739348483672,0.7811603153288704,0.7759469881942932,0.0,0.0,0.0,0.0,0.0
80.69999999999756,0.2,16.139999999999723,-3.110694612711029,-1.3361239331052275,-0.7454394691698099,-1.3361239331052275,-3.110694612711029,-5.456460041836976,-5.4564600418405576,0.7759922786981304,0.7812055000567496,0.7828190881055839,0.7812055000567496,0.7759922786981304,0.0,0.0,0.0,0.0,0.0
80.79999999999755,0.2,16.159999999999727,-3.104683433005391,-1.330167194259161,-0.7394996075031486,-1.330167194259161,-3.104683433005391,-5.450370373614419,-5.450370373618057,0.7760374741554295,0.7812505892868298,0.7828641456585307,0.7812505892868298,0.7760374741554295,0.0,0.0,0.0,0.0,0.0
80.89999999999755,0.2,16.17999999999973,-3.0986730892639116,-1.324211389659638,-0.7335607326347713,-1.324211389659638,-3.0986730892639116,-5.444281541178498,-5.444281541182136,0.7760825749077356,0.781295583366779,0.7829091078573636,0.781295583366779,0.7760825749077356,0.0,0.0,0.0,0.0,0.0
80.99999999999754,0.2,16.199999999999733,-3.0926635798023767,-1.3182565155695443,-0.7276228399800857,-1.3182565155695443,-3.0926635798023767,-5.438193544441674,-5.438193544445369,0.7761275812950839,0.7813404826427266,0.7829539750506918,0.7813404826427266,0.7761275812950839,0.0,0.0,0.0,0.0,0.0
81.09999999999754,0.2,16.219999999999736,-3.086654902943735,-1.3123025682833713,-0.7216859249945742,-1.3123025682833713,-3.086654902943735,-5.432106383312146,-5.432106383315784,0.7761724936560289,0.7813852874592566,0.7829987475855537,0.7813852874592566,0.7761724936560289,0.0,0.0,0.0,0.0,0.0
81.19999999999753,0.2,16.23999999999974,-3.0806470570188935,-1.3063495441220994,-0.7157499831657788,-1.3063495441220994,-3.0806470570188935,-5.426020057693506,-5.426020057697201,0.776217312327652,0.7814299981594286,0.7830434258074488,0.7814299981594286,0.776217312327652,0.0,0.0,0.0,0.0,0.0
81.29999999999752,0.2,16.259999999999742,-3.0746400403728558,-1.3003974394347892,-0.7098150100152338,-1.3003974394347892,-3.0746400403728558,-5.4199345674852,-5.419934567488895,0.7762620376455533,0.7814746150847796,0.7830880100603373,0.7814746150847796,0.7762620376455533,0.0,0.0,0.0,0.0,0.0
81.39999999999752,0.2,16.279999999999745,-3.0686338513623355,-1.2944462505964793,-0.7038810011028431,-1.2944462505964793,-3.0686338513623355,-5.413849912582236,-5.413849912585931,0.7763066699438648,0.78151913857534,0.783132500686639,0.78151913857534,0.7763066699438648,0.0,0.0,0.0,0.0,0.0
81.49999999999751,0.2,16.29999999999975,-3.0626284883526864,-1.2884959740098338,-0.6979479520207406,-1.2884959740098338,-3.0626284883526864,-5.40776609287542,-5.407766092879115,0.7763512095552656,0.7815635689696342,0.7831768980272553,0.7815635689696342,0.7763512095552656,0.0,0.0,0.0,0.0,0.0
81.59999999999751,0.2,16.31999999999975,-3.05662394971921,-1.2825466061100883,-0.6920158583932903,-1.2825466061100883,-3.05662394971921,-5.401683108251348,-5.4016831082550425,0.776395656810989,0.7816079066046783,0.7832212024215781,0.7816079066046783,0.776395656810989,0.0,0.0,0.0,0.0,0.0
81.6999999999975,0.2,16.339999999999755,-3.0506202338460753,-1.2765981433502702,-0.6860847158821457,-1.2765981433502702,-3.0506202338460753,-5.395600958592468,-5.395600958596106,0.7764400120408298,0.7816521518160239,0.783265414207483,0.7816521518160239,0.7764400120408298,0.0,0.0,0.0,0.0,0.0
81.7999999999975,0.2,16.359999999999758,-3.0446173391300704,-1.2706505822184795,-0.6801545201818726,-1.2706505822184795,-3.0446173391300704,-5.389519643777021,-5.389519643780602,0.7764842755731438,0.7816963049377212,0.7833095337213497,0.7816963049377212,0.7764842755731438,0.0,0.0,0.0,0.0,0.0
81.89999999999749,0.2,16.37999999999976,-3.038615263979068,-1.264703919227145,-0.6742252670168227,-1.264703919227145,-3.038615263979068,-5.3834391636791565,-5.383439163682681,0.7765284477348583,0.7817403663023564,0.783353561298077,0.7817403663023564,0.7765284477348583,0.0,0.0,0.0,0.0,0.0
81.99999999999748,0.2,16.399999999999764,-3.032614006809524,-1.258758150913252,-0.6682969521457949,-1.258758150913252,-3.032614006809524,-5.377359518168987,-5.377359518172511,0.776572528851487,0.7817843362410554,0.7833974972710789,0.7817843362410554,0.776572528851487,0.0,0.0,0.0,0.0,0.0
82.09999999999748,0.2,16.419999999999767,-3.02661356604591,-1.2528132738424347,-0.662369571363115,-1.2528132738424347,-3.02661356604591,-5.371280707112646,-5.371280707116171,0.7766165192471393,0.7818282150834837,0.7834413419722878,0.7818282150834837,0.7766165192471393,0.0,0.0,0.0,0.0,0.0
82.19999999999747,0.2,16.43999999999977,-3.0206139401253154,-1.246869284602667,-0.6564431204960215,-1.246869284602667,-3.0206139401253154,-5.365202730372289,-5.365202730375813,0.776660419244514,0.7818720031578686,0.783485095732168,0.7818720031578686,0.776660419244514,0.0,0.0,0.0,0.0,0.0
82.29999999999747,0.2,16.459999999999773,-3.0146151274944373,-1.2409261798124476,-0.6505175953989237,-1.2409261798124476,-3.0146151274944373,-5.359125587806034,-5.359125587809558,0.7767042291649163,0.7819157007909843,0.7835287588797432,0.7819157007909843,0.7767042291649163,0.0,0.0,0.0,0.0,0.0
82.39999999999746,0.2,16.479999999999777,-3.0086171266096358,-1.2349839561169347,-0.6445929919649984,-1.2349839561169347,-3.0086171266096358,-5.353049279268248,-5.3530492792717155,0.7767479493282633,0.7819593083081712,0.7835723317425656,0.7819593083081712,0.7767479493282633,0.0,0.0,0.0,0.0,0.0
82.49999999999746,0.2,16.49999999999978,-3.002619935935229,-1.2290426101806702,-0.6386693061160145,-1.2290426101806702,-3.002619935935229,-5.34697380460932,-5.34697380461273,0.7767915800530966,0.7820028260333619,0.7836158146467573,0.7820028260333619,0.7767915800530966,0.0,0.0,0.0,0.0,0.0
82.59999999999745,0.2,16.519999999999783,-2.9966235539458808,-1.2231021386980956,-0.6327465338035267,-1.2231021386980956,-2.9966235539458808,-5.340899163675829,-5.340899163679239,0.7768351216565845,0.7820462542890599,0.78365920791701,0.7820462542890599,0.7768351216565845,0.0,0.0,0.0,0.0,0.0
82.69999999999744,0.2,16.539999999999786,-2.990627979129499,-1.2171625383865603,-0.6268246710147878,-1.2171625383865603,-2.990627979129499,-5.334825356310546,-5.334825356314013,0.7768785744545187,0.7820895933963665,0.7837025118765777,0.7820895933963665,0.7768785744545187,0.0,0.0,0.0,0.0,0.0
82.79999999999744,0.2,16.55999999999979,-2.984633209980302,-1.2112238059924039,-0.620903713763937,-1.2112238059924039,-2.984633209980302,-5.328752382352604,-5.328752382356072,0.7769219387613416,0.7821328436749689,0.7837457268473067,0.7821328436749689,0.7769219387613416,0.0,0.0,0.0,0.0,0.0
82.89999999999743,0.2,16.579999999999792,-2.978639245001432,-1.2052859382820884,-0.614983658098879,-1.2052859382820884,-2.978639245001432,-5.322680241637386,-5.32268024164091,0.7769652148901467,0.7821760054431758,0.7837888531496255,0.7821760054431758,0.7769652148901467,0.0,0.0,0.0,0.0,0.0
82.99999999999743,0.2,16.599999999999795,-2.97264608270757,-1.1993489320493609,-0.6090645000994641,-1.1993489320493609,-2.97264608270757,-5.316608933996633,-5.316608934000101,0.7770084031526762,0.7822190790178983,0.7838318911025551,0.7822190790178983,0.7770084031526762,0.0,0.0,0.0,0.0,0.0
83.09999999999742,0.2,16.6199999999998,-2.966653721621242,-1.193412784112411,-0.6031462358735666,-1.193412784112411,-2.966653721621242,-5.310538459258282,-5.31053845926175,0.7770515038593419,0.7822620647146733,0.7838748410237285,0.7822620647146733,0.7770515038593419,0.0,0.0,0.0,0.0,0.0
83.19999999999742,0.2,16.6399999999998,-2.9606621602734435,-1.187477491314155,-0.5972288615614616,-1.187477491314155,-2.9606621602734435,-5.304468817246857,-5.304468817250381,0.7770945173192269,0.7823049628476607,0.7839177032293837,0.7823049628476607,0.7770945173192269,0.0,0.0,0.0,0.0,0.0
83.29999999999741,0.2,16.659999999999805,-2.954671397205402,-1.181543050519224,-0.5913123733315615,-1.181543050519224,-2.954671397205402,-5.2984000077831865,-5.298400007786711,0.7771374438400885,0.7823477737296655,0.7839604780343827,0.7823477737296655,0.7771374438400885,0.0,0.0,0.0,0.0,0.0
83.3999999999974,0.2,16.679999999999808,-2.948681430970339,-1.1756094586201584,-0.5853967673832017,-1.1756094586201584,-2.948681430970339,-5.29233203068469,-5.292332030688158,0.7771802837283617,0.7823904976721231,0.7840031657522131,0.7823904976721231,0.7771802837283617,0.0,0.0,0.0,0.0,0.0
83.4999999999974,0.2,16.69999999999981,-2.9426922601258525,-1.1696767125295082,-0.5794820399460718,-1.1696767125295082,-2.9426922601258525,-5.286264885765206,-5.286264885768674,0.7772230372891853,0.7824331349851301,0.7840457666949927,0.7824331349851301,0.7772230372891853,0.0,0.0,0.0,0.0,0.0
83.5999999999974,0.2,16.719999999999814,-2.93670388324108,-1.1637448091850047,-0.5735681872783971,-1.1637448091850047,-2.93670388324108,-5.280198572835161,-5.280198572838572,0.7772657048263892,0.7824756859774376,0.784088281173483,0.7824756859774376,0.7772657048263892,0.0,0.0,0.0,0.0,0.0
83.69999999999739,0.2,16.739999999999817,-2.9307162988945947,-1.1578137455493902,-0.5676552056701212,-1.1578137455493902,-2.9307162988945947,-5.274133091701515,-5.274133091705039,0.7773082866425082,0.7825181509564535,0.7841307094970877,0.7825181509564535,0.7773082866425082,0.0,0.0,0.0,0.0,0.0
83.79999999999738,0.2,16.75999999999982,-2.9247295056744065,-1.1518835186049614,-0.5617430914344936,-1.1518835186049614,-2.9247295056744065,-5.26806844216793,-5.2680684421714545,0.7773507830387856,0.7825605302282711,0.7841730519738823,0.7825605302282711,0.7773507830387856,0.0,0.0,0.0,0.0,0.0
83.89999999999738,0.2,16.779999999999824,-2.9187435021729016,-1.1459541253647672,-0.5558318409195522,-1.1459541253647672,-2.9187435021729016,-5.262004624034603,-5.262004624038127,0.7773931943151973,0.7826028240976389,0.7842153089105867,0.7826028240976389,0.7773931943151973,0.0,0.0,0.0,0.0,0.0
83.99999999999737,0.2,16.799999999999827,-2.9127582869980984,-1.1400255628545324,-0.5499214504997099,-1.1400255628545324,-2.9127582869980984,-5.255941637098488,-5.255941637102069,0.7774355207704251,0.7826450328680217,0.7842574806125997,0.7826450328680217,0.7774355207704251,0.0,0.0,0.0,0.0,0.0
84.09999999999737,0.2,16.81999999999983,-2.9067738587630743,-1.1340978281287448,-0.5440119165803594,-1.1340978281287448,-2.9067738587630743,-5.2498794811533,-5.249879481156881,0.7774777627018934,0.782687156841558,0.7842995673839878,0.782687156841558,0.7774777627018934,0.0,0.0,0.0,0.0,0.0
84.19999999999736,0.2,16.839999999999833,-2.900790216086193,-1.1281709182656527,-0.5381032355915636,-1.1281709182656527,-2.900790216086193,-5.243818155989459,-5.243818155992926,0.7775199204057747,0.7827291963190848,0.7843415695275121,0.7827291963190848,0.7775199204057747,0.0,0.0,0.0,0.0,0.0
84.29999999999735,0.2,16.859999999999836,-2.8948073576018487,-1.1222448303627175,-0.532195403991409,-1.1222448303627175,-2.8948073576018487,-5.237757661394028,-5.237757661397495,0.777561994176966,0.7827711516001535,0.7843834873446249,0.7827711516001535,0.777561994176966,0.0,0.0,0.0,0.0,0.0
84.39999999999735,0.2,16.87999999999984,-2.888825281947277,-1.1163195615428663,-0.5262884182687912,-1.1163195615428663,-2.888825281947277,-5.231697997151059,-5.23169799715447,0.7776039843091319,0.7828130229830201,0.7844253211354683,0.7828130229830201,0.7776039843091319,0.0,0.0,0.0,0.0,0.0
84.49999999999734,0.2,16.899999999999842,-2.8828439877708547,-1.1103951089467614,-0.5203822749392089,-1.1103951089467614,-2.8828439877708547,-5.2256391630413646,-5.225639163044775,0.777645891094688,0.7828548107646736,0.7844670711988907,0.7828548107646736,0.777645891094688,0.0,0.0,0.0,0.0,0.0
84.59999999999734,0.2,16.919999999999845,-2.8768634737289744,-1.104471469741668,-0.5144769705449335,-1.104471469741668,-2.8768634737289744,-5.219581158842686,-5.219581158846154,0.777687714824816,0.7828965152408156,0.784508737832455,0.7828965152408156,0.777687714824816,0.0,0.0,0.0,0.0,0.0
84.69999999999733,0.2,16.93999999999985,-2.8708837384861567,-1.0985486411168495,-0.5085725016566016,-1.0985486411168495,-2.8708837384861567,-5.213523984329754,-5.213523984333278,0.7777294557894708,0.7829381367058832,0.7845503213324404,0.7829381367058832,0.7777294557894708,0.0,0.0,0.0,0.0,0.0
84.79999999999733,0.2,16.95999999999985,-2.864904780717552,-1.0926266202775423,-0.5026688648686104,-1.0926266202775423,-2.864904780717552,-5.207467639274171,-5.207467639277638,0.777771114277377,0.7829796754530669,0.7845918219938578,0.7829796754530669,0.777771114277377,0.0,0.0,0.0,0.0,0.0
84.89999999999732,0.2,16.979999999999855,-2.8589265991017214,-1.086705404458712,-0.4967660568075303,-1.086705404458712,-2.8589265991017214,-5.201412123444413,-5.201412123447938,0.7778126905760563,0.7830211317742823,0.7846332401104381,0.7830211317742823,0.7778126905760563,0.0,0.0,0.0,0.0,0.0
84.99999999999731,0.2,16.999999999999858,-2.8529491923304136,-1.0807849909105016,-0.49086407412471544,-1.0807849909105016,-2.8529491923304136,-5.195357436606173,-5.1953574366096404,0.777854184971809,0.783062505960216,0.7846745759746543,0.783062505960216,0.777854184971809,0.0,0.0,0.0,0.0,0.0
85.09999999999731,0.2,17.01999999999986,-2.8469725591010047,-1.0748653769052794,-0.484962913494428,-1.0748653769052794,-2.8469725591010047,-5.189303578522015,-5.189303578525539,0.7778955977497374,0.7831037983003112,0.7847158298777342,0.7831037983003112,0.7778955977497374,0.0,0.0,0.0,0.0,0.0
85.1999999999973,0.2,17.039999999999864,-2.840996698120591,-1.0689465597373555,-0.4790625716207728,-1.0689465597373555,-2.840996698120591,-5.183250548951662,-5.183250548955243,0.7779369291937434,0.7831450090827751,0.7847570021096495,0.7831450090827751,0.7779369291937434,0.0,0.0,0.0,0.0,0.0
85.2999999999973,0.2,17.059999999999867,-2.835021608100817,-1.0630285367248575,-0.4731630452357649,-1.0630285367248575,-2.835021608100817,-5.177198347651995,-5.177198347655576,0.7779781795865452,0.7831861385945799,0.7847980929591226,0.7831861385945799,0.7779781795865452,0.0,0.0,0.0,0.0,0.0
85.39999999999729,0.2,17.07999999999987,-2.829047287763615,-1.0571113052023975,-0.46726433109478194,-1.0571113052023975,-2.829047287763615,-5.171146974376882,-5.171146974380463,0.778019349209673,0.7832271871214888,0.78483910271365,0.7832271871214888,0.778019349209673,0.0,0.0,0.0,0.0,0.0
85.49999999999729,0.2,17.099999999999874,-2.823073735841149,-1.0511948625292575,-0.46136642597849686,-1.0511948625292575,-2.823073735841149,-5.1650964288775185,-5.1650964288811,0.7780604383434697,0.7832681549480384,0.7848800316595,0.7832681549480384,0.7780604383434697,0.0,0.0,0.0,0.0,0.0
85.59999999999728,0.2,17.119999999999877,-2.817100951071211,-1.0452792060791012,-0.45546932669310536,-1.0452792060791012,-2.817100951071211,-5.159046710902146,-5.159046710905727,0.7781014472671124,0.7833090423575761,0.7849208800817185,0.7833090423575761,0.7781014472671124,0.0,0.0,0.0,0.0,0.0
85.69999999999727,0.2,17.13999999999988,-2.811128932201484,-1.0393643332520242,-0.4495730300725427,-1.0393643332520242,-2.811128932201484,-5.152997820196333,-5.152997820199914,0.7781423762586057,0.783349849632229,0.7849616482641283,0.783349849632229,0.7781423762586057,0.0,0.0,0.0,0.0,0.0
85.79999999999727,0.2,17.159999999999883,-2.805157677982095,-1.033450241467449,-0.44367753297399304,-1.033450241467449,-2.805157677982095,-5.146949756502863,-5.1469497565063875,0.7781832255948091,0.7833905770529324,0.7850023364893506,0.7833905770529324,0.7781832255948091,0.0,0.0,0.0,0.0,0.0
85.89999999999726,0.2,17.179999999999886,-2.7991871871775516,-1.02753692816259,-0.4377828322811297,-1.02753692816259,-2.7991871871775516,-5.140902519561848,-5.140902519565316,0.7782239955514083,0.7834312248994365,0.7850429450387956,0.7834312248994365,0.7782239955514083,0.0,0.0,0.0,0.0,0.0
85.99999999999726,0.2,17.19999999999989,-2.7932174585564553,-1.02162439079234,-0.4318889248984874,-1.02162439079234,-2.7932174585564553,-5.134856109110672,-5.134856109114139,0.7782646864029499,0.7834717934503161,0.7850834741926914,0.7834717934503161,0.7782646864029499,0.0,0.0,0.0,0.0,0.0
86.09999999999725,0.2,17.219999999999892,-2.7872484908974116,-1.0157126268408092,-0.42599580775885215,-1.0157126268408092,-2.7872484908974116,-5.128810524884045,-5.128810524887513,0.7783052984228317,0.7835122829829423,0.7851239242300618,0.7835122829829423,0.7783052984228317,0.0,0.0,0.0,0.0,0.0
86.19999999999725,0.2,17.239999999999895,-2.781280282982493,-1.0098016338039315,-0.4201034778239432,-1.0098016338039315,-2.781280282982493,-5.122765766614066,-5.12276576661759,0.7783458318833254,0.7835526937735371,0.7851642954287357,0.7835526937735371,0.7783458318833254,0.0,0.0,0.0,0.0,0.0
86.29999999999724,0.2,17.2599999999999,-2.775312833604744,-1.0038914091965125,-0.4142119320682127,-1.0038914091965125,-2.775312833604744,-5.116721834030386,-5.116721834033854,0.7783862870555631,0.7835930260971579,0.7852045880653957,0.7835930260971579,0.7783862870555631,0.0,0.0,0.0,0.0,0.0
86.39999999999723,0.2,17.2799999999999,-2.7693461415673823,-0.9979819505557543,-0.4083211675010716,-0.9979819505557543,-2.7693461415673823,-5.110678726859874,-5.110678726863341,0.7784266642095414,0.7836332802276972,0.7852448024155207,0.7836332802276972,0.7784266642095414,0.0,0.0,0.0,0.0,0.0
86.49999999999723,0.2,17.299999999999905,-2.7633802056719787,-0.992073255439152,-0.40243118115364496,-0.992073255439152,-2.7633802056719787,-5.1046364448269514,-5.104636444830419,0.7784669636141648,0.7836734564378895,0.7852849387534311,0.7836734564378895,0.7784669636141648,0.0,0.0,0.0,0.0,0.0
86.59999999999722,0.2,17.319999999999908,-2.757415024736588,-0.9861653214208559,-0.3965419700746793,-0.9861653214208559,-2.757415024736588,-5.098594987653485,-5.098594987657066,0.7785071855371978,0.7837135549993293,0.7853249973523039,0.7837135549993293,0.7785071855371978,0.0,0.0,0.0,0.0,0.0
86.69999999999722,0.2,17.33999999999991,-2.7514505975842667,-0.9802581460966167,-0.39065353134111547,-0.9802581460966167,-2.7514505975842667,-5.092554355059008,-5.092554355062589,0.7785473302453019,0.7837535761824638,0.7853649784841485,0.7837535761824638,0.7785473302453019,0.0,0.0,0.0,0.0,0.0
86.79999999999721,0.2,17.359999999999914,-2.7454869230430745,-0.9743517270771918,-0.3847658620553034,-0.9743517270771918,-2.7454869230430745,-5.086514546760384,-5.086514546764022,0.7785873980040432,0.7837935202566139,0.785404882419821,0.7837935202566139,0.7785873980040432,0.0,0.0,0.0,0.0,0.0
86.8999999999972,0.2,17.379999999999917,-2.7395239999476644,-0.9684460619942001,-0.37887895933926075,-0.9684460619942001,-2.7395239999476644,-5.080475562472202,-5.08047556247584,0.7786273890778933,0.7838333874899658,0.7854447094290447,0.7838333874899658,0.7786273890778933,0.0,0.0,0.0,0.0,0.0
86.9999999999972,0.2,17.39999999999992,-2.733561827145195,-0.962541148497678,-0.37299282034263115,-0.962541148497678,-2.733561827145195,-5.07443740190655,-5.074437401910188,0.7786673037302154,0.7838731781495822,0.7854844597803946,0.7838731781495822,0.7786673037302154,0.0,0.0,0.0,0.0,0.0
87.0999999999972,0.2,17.419999999999924,-2.7276004034866332,-0.9566369842569316,-0.36710744223358915,-0.9566369842569316,-2.7276004034866332,-5.068400064773243,-5.068400064776881,0.7787071422232968,0.7839128925014054,0.7855241337413276,0.7839128925014054,0.7787071422232968,0.0,0.0,0.0,0.0,0.0
87.19999999999719,0.2,17.439999999999927,-2.721639727829597,-0.9507335669591725,-0.3612228222046383,-0.9507335669591725,-2.721639727829597,-5.062363550779651,-5.062363550783289,0.7787469048183463,0.7839525308102682,0.7855637315781702,0.7839525308102682,0.7787469048183463,0.0,0.0,0.0,0.0,0.0
87.29999999999718,0.2,17.45999999999993,-2.7156797990393216,-0.944830894309348,-0.35533895746903,-0.944830894309348,-2.7156797990393216,-5.056327859630812,-5.056327859634507,0.778786591775495,0.7839920933398953,0.7856032535561359,0.7839920933398953,0.778786591775495,0.0,0.0,0.0,0.0,0.0
87.39999999999718,0.2,17.479999999999933,-2.709720615989852,-0.9389289640299125,-0.34945584526548146,-0.9389289640299125,-2.709720615989852,-5.050292991029551,-5.050292991033302,0.7788262033537987,0.7840315803529131,0.7856426999393179,0.7840315803529131,0.7788262033537987,0.0,0.0,0.0,0.0,0.0
87.49999999999717,0.2,17.499999999999936,-2.703762177557792,-0.9330277738620794,-0.34357348285561784,-0.9330277738620794,-2.703762177557792,-5.044258944676471,-5.044258944680223,0.7788657398112621,0.7840709921108512,0.7856820709906963,0.7840709921108512,0.7788657398112621,0.0,0.0,0.0,0.0,0.0
87.59999999999717,0.2,17.51999999999994,-2.697804482631682,-0.9271273215671272,-0.33769186751987945,-0.9271273215671272,-2.697804482631682,-5.038225720269736,-5.0382257202735445,0.7789052014048171,0.7841103288741428,0.7857213669721621,0.7841103288741428,0.7789052014048171,0.0,0.0,0.0,0.0,0.0
87.69999999999716,0.2,17.539999999999942,-2.6918475301066564,-0.9212276049170214,-0.33181099656115975,-0.9212276049170214,-2.6918475301066564,-5.032193317505573,-5.032193317509325,0.7789445883903419,0.784149590902155,0.7857605881445079,0.784149590902155,0.7789445883903419,0.0,0.0,0.0,0.0,0.0
87.79999999999715,0.2,17.559999999999945,-2.685891318878248,-0.9153286217106142,-0.3259308673066812,-0.9153286217106142,-2.685891318878248,-5.026161736077654,-5.026161736081406,0.7789839010226852,0.7841887784531523,0.7857997347674274,0.7841887784531523,0.7789839010226852,0.0,0.0,0.0,0.0,0.0
87.89999999999715,0.2,17.57999999999995,-2.6799358478573367,-0.9094303697553414,-0.32005147710663095,-0.9094303697553414,-2.6799358478573367,-5.02013097567783,-5.020130975681582,0.7790231395556275,0.7842278917843487,0.785838807099527,0.7842278917843487,0.7790231395556275,0.0,0.0,0.0,0.0,0.0
87.99999999999714,0.2,17.59999999999995,-2.673981115957531,-0.9035328468833654,-0.3141728233252934,-0.9035328468833654,-2.673981115957531,-5.014101035995623,-5.0141010359993174,0.7790623042419228,0.7842669311518712,0.7858778053983528,0.7842669311518712,0.7790623042419228,0.0,0.0,0.0,0.0,0.0
88.09999999999714,0.2,17.619999999999955,-2.668027122099261,-0.8976360509381038,-0.30829490335742094,-0.8976360509381038,-2.668027122099261,-5.00807191671845,-5.008071916722201,0.7791013953332927,0.7843058968107997,0.7859167299203522,0.7843058968107997,0.7791013953332927,0.0,0.0,0.0,0.0,0.0
88.19999999999713,0.2,17.639999999999958,-2.662073865206935,-0.8917399797858252,-0.30241771461260214,-0.8917399797858252,-2.662073865206935,-5.002043617531683,-5.002043617535435,0.7791404130804384,0.7843447890151412,0.7859555809209217,0.7843447890151412,0.7791404130804384,0.0,0.0,0.0,0.0,0.0
88.29999999999713,0.2,17.65999999999996,-2.6561213442182634,-0.8858446313006425,-0.29654125452424296,-0.8858446313006425,-2.6561213442182634,-4.996016138118705,-4.996016138122457,0.7791793577330198,0.7843836080178774,0.7859943586543859,0.7843836080178774,0.7791793577330198,0.0,0.0,0.0,0.0,0.0
88.39999999999712,0.2,17.679999999999964,-2.6501695580721503,-0.8799500033847494,-0.2906655205466677,-0.8799500033847494,-2.6501695580721503,-4.98998947816068,-4.989989478164432,0.7792182295396943,0.7844223540709109,0.7860330633740129,0.7844223540709109,0.7792182295396943,0.0,0.0,0.0,0.0,0.0
88.49999999999712,0.2,17.699999999999967,-2.6442185057150596,-0.8740560939514239,-0.2847905101525612,-0.8740560939514239,-2.6442185057150596,-4.983963637336785,-4.983963637340651,0.7792570287481054,0.7844610274251191,0.7860716953320241,0.7844610274251191,0.7792570287481054,0.0,0.0,0.0,0.0,0.0
88.59999999999711,0.2,17.71999999999997,-2.6382681861021524,-0.8681629009257108,-0.27891622083848233,-0.8681629009257108,-2.6382681861021524,-4.977938615324376,-4.977938615328185,0.7792957556048814,0.784499628330358,0.7861102547795853,0.784499628330358,0.7792957556048814,0.0,0.0,0.0,0.0,0.0
88.6999999999971,0.2,17.739999999999974,-2.6323185981920574,-0.8622704222589164,-0.27304265011838424,-0.8622704222589164,-2.6323185981920574,-4.97191441179865,-4.971914411802459,0.7793344103556572,0.7845381570354248,0.7861487419668268,0.7845381570354248,0.7793344103556572,0.0,0.0,0.0,0.0,0.0
88.7999999999971,0.2,17.759999999999977,-2.6263697409519864,-0.8563786559124651,-0.26716979553089004,-0.8563786559124651,-2.6263697409519864,-4.965891026432985,-4.965891026436793,0.7793729932450646,0.7845766137881084,0.7861871571428338,0.7845766137881084,0.7793729932450646,0.0,0.0,0.0,0.0,0.0
88.89999999999709,0.2,17.77999999999998,-2.6204216133563136,-0.8504875998652324,-0.26129765463178956,-0.8504875998652324,-2.6204216133563136,-4.959868458898711,-4.9598684589025765,0.7794115045167415,0.7846149988351739,0.7862255005556643,0.7846149988351739,0.7794115045167415,0.0,0.0,0.0,0.0,0.0
88.99999999999709,0.2,17.799999999999983,-2.6144742143818007,-0.8445972521105887,-0.2554262249926751,-0.8445972521105887,-2.6144742143818007,-4.953846708865342,-4.953846708869264,0.7794499444133473,0.7846533124223766,0.7862637724523655,0.7846533124223766,0.7794499444133473,0.0,0.0,0.0,0.0,0.0
89.09999999999708,0.2,17.819999999999986,-2.6085275430149863,-0.8387076106621407,-0.24955550421475436,-0.8387076106621407,-2.6085275430149863,-4.94782577600057,-4.947825776004493,0.7794883131765509,0.7846915547944485,0.786301973078934,0.7846915547944485,0.7794883131765509,0.0,0.0,0.0,0.0,0.0
89.19999999999708,0.2,17.83999999999999,-2.602581598248662,-0.8328186735461145,-0.2436854899117975,-0.8328186735461145,-2.602581598248662,-4.9418056599700435,-4.941805659974079,0.779526611047044,0.784729726195127,0.7863401026803718,0.784729726195127,0.779526611047044,0.0,0.0,0.0,0.0,0.0
89.29999999999707,0.2,17.859999999999992,-2.596636379080053,-0.8269304388048226,-0.23781617972002778,-0.8269304388048226,-2.596636379080053,-4.935786360437817,-4.935786360441853,0.7795648382645477,0.7847678268671486,0.7863781615006612,0.7847678268671486,0.7795648382645477,0.0,0.0,0.0,0.0,0.0
89.39999999999706,0.2,17.879999999999995,-2.5906918845121822,-0.8210429044950729,-0.2319475712932899,-0.8210429044950729,-2.5906918845121822,-4.929767877065956,-4.929767877070049,0.7796029950678184,0.7848058570522559,0.7864161497827843,0.7848058570522559,0.7796029950678184,0.0,0.0,0.0,0.0,0.0
89.49999999999706,0.2,17.9,-2.584748113556543,-0.8151560686953871,-0.22607966230458487,-0.8151560686953871,-2.584748113556543,-4.923750209514822,-4.923750209518971,0.7796410816946417,0.7848438169911874,0.7864540677687232,0.7848438169911874,0.7796410816946417,0.0,0.0,0.0,0.0,0.0
89.59999999999705,0.2,17.92,-2.578805065230881,-0.8092699294895169,-0.22021245044760462,-0.8092699294895169,-2.578805065230881,-4.917733357443012,-4.917733357447162,0.7796790983818446,0.7848817069237215,0.7864919156994599,0.7848817069237215,0.7796790983818446,0.0,0.0,0.0,0.0,0.0
89.69999999999705,0.2,17.940000000000005,-2.5728627385576033,-0.8033844849845764,-0.21434593343724373,-0.8033844849845764,-2.5728627385576033,-4.911717320507364,-4.911717320511514,0.7797170453653034,0.7849195270886372,0.7865296938149787,0.7849195270886372,0.7797170453653034,0.0,0.0,0.0,0.0,0.0
89.79999999999704,0.2,17.960000000000008,-2.5669211325642323,-0.7974997333005263,-0.20848010900243708,-0.7974997333005263,-2.5669211325642323,-4.905702098362951,-4.905702098367101,0.7797549228799477,0.7849572777237412,0.7865674023542929,0.7849572777237412,0.7797549228799477,0.0,0.0,0.0,0.0,0.0
89.89999999999704,0.2,17.98000000000001,-2.560980246285567,-0.7916156725718224,-0.2026149748928674,-0.7916156725718224,-2.560980246285567,-4.8996876906632565,-4.899687690667406,0.7797927311597594,0.7849949590658758,0.7866050415554292,0.7849949590658758,0.7797927311597594,0.0,0.0,0.0,0.0,0.0
89.99999999999703,0.2,18.000000000000014,-2.55504007876317,-0.7857323009480979,-0.1967505288778284,-0.7857323009480979,-2.55504007876317,-4.893674097059943,-4.893674097064093,0.7798304704377784,0.7850325713509124,0.7866426116554359,0.7850325713509124,0.7798304704377784,0.0,0.0,0.0,0.0,0.0
90.09999999999702,0.2,18.020000000000017,-2.5491006290407654,-0.779849616594106,-0.1908867687449174,-0.779849616594106,-2.5491006290407654,-4.887661317203197,-4.8876613172072325,0.7798681409461191,0.7850701148137642,0.7866801128903893,0.7850701148137642,0.7798681409461191,0.0,0.0,0.0,0.0,0.0
90.19999999999702,0.2,18.04000000000002,-2.5431618961715685,-0.7739676176911985,-0.18502369229901205,-0.7739676176911985,-2.5431618961715685,-4.881649350741384,-4.881649350745363,0.7799057429159546,0.7851075896883818,0.7867175454954035,0.7851075896883818,0.7799057429159546,0.0,0.0,0.0,0.0,0.0
90.29999999999701,0.2,18.060000000000024,-2.5372238792138546,-0.768086302429765,-0.1791612973652832,-0.768086302429765,-2.5372238792138546,-4.875638197321393,-4.875638197325316,0.7799432765775351,0.7851449962077801,0.7867549097046256,0.7851449962077801,0.7799432765775351,0.0,0.0,0.0,0.0,0.0
90.39999999999701,0.2,18.080000000000027,-2.5312865772322084,-0.7622056690213412,-0.17329958178453353,-0.7622056690213412,-2.5312865772322084,-4.869627856588409,-4.869627856592274,0.7799807421601863,0.7851823346040095,0.7867922057512522,0.7851823346040095,0.7799807421601863,0.0,0.0,0.0,0.0,0.0
90.499999999997,0.2,18.10000000000003,-2.525349989295421,-0.7563257156876944,-0.16743854341427777,-0.7563257156876944,-2.525349989295421,-4.863618328186192,-4.863618328189943,0.780018139892322,0.7852196051081893,0.7868294338675322,0.7852196051081893,0.780018139892322,0.0,0.0,0.0,0.0,0.0
90.599999999997,0.2,18.120000000000033,-2.519414114480071,-0.7504464406673037,-0.16157818013408587,-0.7504464406673037,-2.519414114480071,-4.8576096117568,-4.857609611760552,0.7800554700014365,0.7852568079504957,0.7868665942847546,0.7852568079504957,0.7800554700014365,0.0,0.0,0.0,0.0,0.0
90.69999999999699,0.2,18.140000000000036,-2.5134789518670573,-0.7445678422107562,-0.1557184898399555,-0.7445678422107562,-2.5134789518670573,-4.851601706940812,-4.851601706944564,0.7800927327141208,0.7852939433601774,0.7869036872332705,0.7852939433601774,0.7800927327141208,0.0,0.0,0.0,0.0,0.0
90.79999999999698,0.2,18.16000000000004,-2.507544500541769,-0.7386899185861466,-0.14985947044277736,-0.7386899185861466,-2.507544500541769,-4.8455946133773296,-4.845594613381081,0.7801299282560641,0.7853310115655459,0.786940712942499,0.7853310115655459,0.7801299282560641,0.0,0.0,0.0,0.0,0.0
90.89999999999698,0.2,18.180000000000042,-2.5016107595974972,-0.732812668070892,-0.14400111987430364,-0.732812668070892,-2.5016107595974972,-4.8395883307039185,-4.83958833070767,0.7801670568520492,0.7853680127940019,0.7869776716409186,0.7853680127940019,0.7801670568520492,0.0,0.0,0.0,0.0,0.0
90.99999999999697,0.2,18.200000000000045,-2.495677728130943,-0.7269360889612244,-0.13814343608117952,-0.7269360889612244,-2.495677728130943,-4.833582858556724,-4.833582858560476,0.7802041187259716,0.7854049472720144,0.7870145635560832,0.7854049472720144,0.7802041187259716,0.0,0.0,0.0,0.0,0.0
91.09999999999697,0.2,18.22000000000005,-2.489745405244946,-0.7210601795622438,-0.1322864170289222,-0.7210601795622438,-2.489745405244946,-4.827578196570414,-4.827578196574166,0.7802411141008323,0.78544181522515,0.7870513889146208,0.78544181522515,0.7802411141008323,0.0,0.0,0.0,0.0,0.0
91.19999999999696,0.2,18.24000000000005,-2.483813790051215,-0.715184938194966,-0.1264300606980555,-0.715184938194966,-2.483813790051215,-4.821574344378234,-4.821574344381986,0.7802780431987373,0.7854786168780612,0.787088147942244,0.7854786168780612,0.7802780431987373,0.0,0.0,0.0,0.0,0.0
91.29999999999696,0.2,18.260000000000055,-2.4778828816616283,-0.7093103631976305,-0.12057436508933961,-0.7093103631976305,-2.4778828816616283,-4.81557130161201,-4.815571301615705,0.780314906240925,0.785515352454483,0.7871248408637409,0.785515352454483,0.780314906240925,0.0,0.0,0.0,0.0,0.0
91.39999999999695,0.2,18.280000000000058,-2.4719526791958515,-0.7034364529162644,-0.11471932821564224,-0.7034364529162644,-2.4719526791958515,-4.809569067902203,-4.809569067905784,0.780351703447749,0.7855520221772662,0.7871614679030043,0.7855520221772662,0.780351703447749,0.0,0.0,0.0,0.0,0.0
91.49999999999694,0.2,18.30000000000006,-2.4660231817805425,-0.6975632057140047,-0.10886494811012426,-0.6975632057140047,-2.4660231817805425,-4.803567642877681,-4.803567642881319,0.7803884350386838,0.7855886262683552,0.7871980292830084,0.7855886262683552,0.7803884350386838,0.0,0.0,0.0,0.0,0.0
91.59999999999694,0.2,18.320000000000064,-2.460094388544121,-0.6916906199645609,-0.10301122282402275,-0.6916906199645609,-2.460094388544121,-4.797567026166291,-4.797567026169929,0.7804251012323468,0.7856251649488073,0.7872345252258234,0.7856251649488073,0.7804251012323468,0.0,0.0,0.0,0.0,0.0
91.69999999999693,0.2,18.340000000000067,-2.454166298624955,-0.685818694058355,-0.09715815042005715,-0.685818694058355,-2.454166298624955,-4.791567217394402,-4.79156721739804,0.7804617022464738,0.7856616384387847,0.787270955952635,0.7856616384387847,0.7804617022464738,0.0,0.0,0.0,0.0,0.0
91.79999999999693,0.2,18.36000000000007,-2.448238911161411,-0.6799474263950742,-0.09130572898038736,-0.6799474263950742,-2.448238911161411,-4.785568216187016,-4.7855682161905975,0.7804982382979567,0.7856980469575758,0.7873073216837283,0.7856980469575758,0.7804982382979567,0.0,0.0,0.0,0.0,0.0
91.89999999999692,0.2,18.380000000000074,-2.4423122252998724,-0.6740768153904924,-0.0854539566049084,-0.6740768153904924,-2.4423122252998724,-4.7795700221678885,-4.779570022171413,0.780534709602822,0.7857343907235815,0.7873436226384963,0.7857343907235815,0.780534709602822,0.0,0.0,0.0,0.0,0.0
91.99999999999692,0.2,18.400000000000077,-2.4363862401933716,-0.6682068594745374,-0.07960283140613456,-0.6682068594745374,-2.4363862401933716,-4.773572634959464,-4.773572634962989,0.7805711163762377,0.785770669954322,0.7873798590354559,0.785770669954322,0.7805711163762377,0.0,0.0,0.0,0.0,0.0
92.09999999999691,0.2,18.42000000000008,-2.4304609549986367,-0.662337557085209,-0.07375235151368997,-0.662337557085209,-2.4304609549986367,-4.767576054182939,-4.767576054186463,0.7806074588325282,0.7858068848664629,0.787416031092243,0.7858068848664629,0.7806074588325282,0.0,0.0,0.0,0.0,0.0
92.1999999999969,0.2,18.440000000000083,-2.4245363688752946,-0.6564689066797769,-0.06790251507129597,-0.6564689066797769,-2.4245363688752946,-4.761580279458315,-4.761580279461839,0.7806437371851809,0.7858430356757834,0.7874521390256215,0.7858430356757834,0.7806437371851809,0.0,0.0,0.0,0.0,0.0
92.2999999999969,0.2,18.460000000000086,-2.4186124809937724,-0.6506009067190348,-0.06205332024319432,-0.6506009067190348,-2.4186124809937724,-4.7555853104042285,-4.75558531040781,0.7806799516468219,0.7858791225972265,0.7874881830514713,0.7858791225972265,0.7806799516468219,0.0,0.0,0.0,0.0,0.0
92.3999999999969,0.2,18.48000000000009,-2.412689290523133,-0.6447335556819667,-0.056204765206246066,-0.6447335556819667,-2.412689290523133,-4.749591146638238,-4.749591146641876,0.7807161024292636,0.7859151458448599,0.7875241633848139,0.7859151458448599,0.7807161024292636,0.0,0.0,0.0,0.0,0.0
92.49999999999689,0.2,18.500000000000092,-2.4067667966402837,-0.638866852061426,-0.05035684815112518,-0.638866852061426,-2.4067667966402837,-4.743597787776707,-4.743597787780288,0.7807521897434749,0.7859511056318955,0.7875600802398129,0.7859511056318955,0.7807521897434749,0.0,0.0,0.0,0.0,0.0
92.59999999999688,0.2,18.520000000000095,-2.4008449985294646,-0.6330007943615783,-0.04450956728925348,-0.6330007943615783,-2.4008449985294646,-4.737605233434749,-4.737605233438387,0.7807882137995895,0.785987002170696,0.7875959338297581,0.785987002170696,0.7807882137995895,0.0,0.0,0.0,0.0,0.0
92.69999999999688,0.2,18.5400000000001,-2.394923895377474,-0.6271353810966502,-0.0386629208433078,-0.6271353810966502,-2.394923895377474,-4.73161348322634,-4.731613483229978,0.7808241748069233,0.7860228356727852,0.7876317243670963,0.7860228356727852,0.7808241748069233,0.0,0.0,0.0,0.0,0.0
92.79999999999687,0.2,18.5600000000001,-2.389003486375543,-0.6212706107963868,-0.03281690705023266,-0.6212706107963868,-2.389003486375543,-4.7256225367643765,-4.725622536767901,0.7808600729739733,0.7860586063488364,0.7876674520634267,0.7860586063488364,0.7808600729739733,0.0,0.0,0.0,0.0,0.0
92.89999999999687,0.2,18.580000000000105,-2.3830837707180876,-0.6154064819989458,-0.026971524163229788,-0.6154064819989458,-2.3830837707180876,-4.719632393660561,-4.719632393664085,0.7808959085084243,0.7860943144086953,0.7877031171294985,0.7860943144086953,0.7808959085084243,0.0,0.0,0.0,0.0,0.0
92.99999999999686,0.2,18.600000000000108,-2.377164747608674,-0.6095429932595948,-0.021126770452042365,-0.6095429932595948,-2.377164747608674,-4.713643053525459,-4.713643053528983,0.7809316816171337,0.7861299600613596,0.7877387197752151,0.7861299600613596,0.7809316816171337,0.0,0.0,0.0,0.0,0.0
93.09999999999685,0.2,18.62000000000011,-2.371246416254394,-0.6036801431393428,-0.015282644200397044,-0.6036801431393428,-2.371246416254394,-4.7076545159685566,-4.707654515972138,0.7809673925061555,0.7861655435150138,0.7877742602096447,0.7861655435150138,0.7809673925061555,0.0,0.0,0.0,0.0,0.0
93.19999999999685,0.2,18.640000000000114,-2.365328775867738,-0.5978179302167064,-0.009439143704582875,-0.5978179302167064,-2.365328775867738,-4.70166678059843,-4.701666780602011,0.7810030413807361,0.786201064977002,0.7878097386410259,0.786201064977002,0.7810030413807361,0.0,0.0,0.0,0.0,0.0
93.29999999999684,0.2,18.660000000000117,-2.359411825662164,-0.5919563530788423,-0.003596267279760923,-0.5919563530788423,-2.359411825662164,-4.695679847022404,-4.695679847026099,0.7810386284453302,0.7862365246538552,0.7878451552767578,0.7862365246538552,0.7810386284453302,0.0,0.0,0.0,0.0,0.0
93.39999999999684,0.2,18.68000000000012,-2.353495564859088,-0.5860954103244467,0.0022459867458337612,-0.5860954103244467,-2.353495564859088,-4.689693714846953,-4.689693714850648,0.7810741539035866,0.7862719227512857,0.7878805103234154,0.7862719227512857,0.7810741539035866,0.0,0.0,0.0,0.0,0.0
93.49999999999683,0.2,18.700000000000124,-2.3475799926861782,-0.5802351005665969,0.008087620032654286,-0.5802351005665969,-2.3475799926861782,-4.683708383677299,-4.683708383681051,0.7811096179583543,0.7863072594741854,0.7879158039867624,0.7863072594741854,0.7811096179583543,0.0,0.0,0.0,0.0,0.0
93.59999999999683,0.2,18.720000000000127,-2.3416651083691704,-0.574375422426499,0.013928634225067071,-0.574375422426499,-2.3416651083691704,-4.677723853117811,-4.677723853121563,0.7811450208117116,0.7863425350266455,0.7879510364717376,0.7863425350266455,0.7811450208117116,0.0,0.0,0.0,0.0,0.0
93.69999999999682,0.2,18.74000000000013,-2.3357509111482386,-0.568516374539513,0.019769030952090816,-0.568516374539513,-2.3357509111482386,-4.67174012277178,-4.671740122775475,0.7811803626649221,0.7863777496119425,0.7879862079824647,0.7863777496119425,0.7811803626649221,0.0,0.0,0.0,0.0,0.0
93.79999999999681,0.2,18.760000000000133,-2.329837400262079,-0.5626579555497528,0.02560881183035235,-0.5626579555497528,-2.329837400262079,-4.665757192241642,-4.66575719224528,0.7812156437184832,0.7864129034325591,0.7880213187222608,0.7864129034325591,0.7812156437184832,0.0,0.0,0.0,0.0,0.0
93.89999999999681,0.2,18.780000000000136,-2.323924574952855,-0.5568001641150317,0.03144797846130132,-0.5568001641150317,-2.323924574952855,-4.659775061128755,-4.659775061132336,0.781250864172117,0.7864479966901714,0.7880563688936322,0.7864479966901714,0.781250864172117,0.0,0.0,0.0,0.0,0.0
93.9999999999968,0.2,18.80000000000014,-2.318012434471086,-0.5509429989033947,0.03728653243138069,-0.5509429989033947,-2.318012434471086,-4.653793729033566,-4.6537937290370905,0.7812860242247586,0.7864830295856641,0.7880913586982822,0.7864830295856641,0.7812860242247586,0.0,0.0,0.0,0.0,0.0
94.0999999999968,0.2,18.820000000000142,-2.3121009780671216,-0.5450864585935733,0.043124475314300525,-0.5450864585935733,-2.3121009780671216,-4.647813195555557,-4.647813195559081,0.7813211240745848,0.7865180023191322,0.7881262883371165,0.7865180023191322,0.7813211240745848,0.0,0.0,0.0,0.0,0.0
94.19999999999679,0.2,18.840000000000146,-2.3061902050019967,-0.5392305418760657,0.04896180867194744,-0.5392305418760657,-2.3061902050019967,-4.6418334602933555,-4.641833460296937,0.7813561639189864,0.7865529150898822,0.7881611580102518,0.7865529150898822,0.7813561639189864,0.0,0.0,0.0,0.0,0.0
94.29999999999679,0.2,18.86000000000015,-2.3002801145387366,-0.5333752474511471,0.054798534050007675,-0.5333752474511471,-2.3002801145387366,-4.6358545228446815,-4.635854522848263,0.7813911439545965,0.7865877680964379,0.7881959679170079,0.7865877680964379,0.7813911439545965,0.0,0.0,0.0,0.0,0.0
94.39999999999678,0.2,18.88000000000015,-2.2943707059393432,-0.5275205740325646,0.06063465298183246,-0.5275205740325646,-2.2943707059393432,-4.629876382806344,-4.629876382809869,0.7814260643773016,0.7866225615365391,0.7882307182559178,0.7866225615365391,0.7814260643773016,0.0,0.0,0.0,0.0,0.0
94.49999999999677,0.2,18.900000000000155,-2.2884619784803704,-0.5216665203422508,0.06647016698804009,-0.5216665203422508,-2.2884619784803704,-4.623899039774244,-4.623899039777768,0.7814609253822029,0.7866572956071548,0.788265409224735,0.7866572956071548,0.7814609253822029,0.0,0.0,0.0,0.0,0.0
94.59999999999677,0.2,18.920000000000158,-2.282553931435473,-0.5158130851140754,0.07230507757543592,-0.5158130851140754,-2.282553931435473,-4.617922493343542,-4.617922493347123,0.7814957271636678,0.7866919705044784,0.7883000410204316,0.7866919705044784,0.7814957271636678,0.0,0.0,0.0,0.0,0.0
94.69999999999676,0.2,18.94000000000016,-2.2766465640822275,-0.5099602670918557,0.07813938623536387,-0.5099602670918557,-2.2766465640822275,-4.61194674310849,-4.611946743112128,0.7815304699153133,0.7867265864239382,0.7883346138391967,0.7867265864239382,0.7815304699153133,0.0,0.0,0.0,0.0,0.0
94.79999999999676,0.2,18.960000000000164,-2.270739875707136,-0.5041080650315735,0.0839730944509256,-0.5041080650315735,-2.270739875707136,-4.605971788662487,-4.6059717886661815,0.7815651538299982,0.7867611435601913,0.7883691278764605,0.7867611435601913,0.7815651538299982,0.0,0.0,0.0,0.0,0.0
94.89999999999675,0.2,18.980000000000167,-2.2648338655966427,-0.4982564776967138,0.08980620368612335,-0.4982564776967138,-2.2648338655966427,-4.599997629598249,-4.599997629601887,0.781599779099848,0.7867956421071408,0.7884035833268682,0.7867956421071408,0.781599779099848,0.0,0.0,0.0,0.0,0.0
94.99999999999675,0.2,19.00000000000017,-2.258928533047367,-0.492405503864461,0.0956387153992182,-0.492405503864461,-2.258928533047367,-4.594024265507471,-4.594024265511166,0.781634345916233,0.7868300822579254,0.7884379803843193,0.7868300822579254,0.781634345916233,0.0,0.0,0.0,0.0,0.0
95.09999999999674,0.2,19.020000000000174,-2.253023877353314,-0.48655514232035557,0.10147063102726861,-0.48655514232035557,-2.253023877353314,-4.588051695981221,-4.588051695984916,0.7816688544698038,0.7868644642049324,0.7884723192419294,0.7868644642049324,0.7816688544698038,0.0,0.0,0.0,0.0,0.0
95.19999999999673,0.2,19.040000000000177,-2.247119897814912,-0.48070539185971484,0.1073019520017624,-0.48070539185971484,-2.247119897814912,-4.582079920609829,-4.582079920613523,0.7817033049504749,0.7868987881398007,0.7885066000920743,0.7868987881398007,0.7817033049504749,0.0,0.0,0.0,0.0,0.0
95.29999999999673,0.2,19.06000000000018,-2.241216593739182,-0.47485625128928177,0.11313267974173868,-0.47485625128928177,-2.241216593739182,-4.57610893898277,-4.576108938986465,0.7817376975474202,0.7869330542534184,0.7885408231263784,0.7869330542534184,0.7817376975474202,0.0,0.0,0.0,0.0,0.0
95.39999999999672,0.2,19.080000000000183,-2.2353139644389444,-0.46900771942580377,0.11896281564332867,-0.46900771942580377,-2.2353139644389444,-4.570138750688841,-4.570138750692536,0.7817720324490856,0.7869672627359311,0.7885749885356848,0.7869672627359311,0.7817720324490856,0.0,0.0,0.0,0.0,0.0
95.49999999999672,0.2,19.100000000000186,-2.229412009223495,-0.46315979509745375,0.12479236110505099,-0.46315979509745375,-2.229412009223495,-4.564169355316039,-4.564169355319791,0.7818063098432124,0.7870014137767382,0.7886090965101302,0.7870014137767382,0.7818063098432124,0.0,0.0,0.0,0.0,0.0
95.59999999999671,0.2,19.12000000000019,-2.223510727411167,-0.4573124771385437,0.13062131750200479,-0.4573124771385437,-2.223510727411167,-4.5582007524516825,-4.558200752455434,0.7818405299168117,0.7870355075645148,0.7886431472390795,0.7870355075645148,0.7818405299168117,0.0,0.0,0.0,0.0,0.0
95.6999999999967,0.2,19.140000000000192,-2.217610118324046,-0.4514657643968576,0.13644968620121745,-0.4514657643968576,-2.217610118324046,-4.552232941682405,-4.5522329416862135,0.7818746928561754,0.7870695442871909,0.7886771409111665,0.7870695442871909,0.7818746928561754,0.0,0.0,0.0,0.0,0.0
95.7999999999967,0.2,19.160000000000196,-2.2117101812883107,-0.44561965572739837,0.14227746855783607,-0.44561965572739837,-2.2117101812883107,-4.546265922594273,-4.5462659225980815,0.7819087988468837,0.7871035241319755,0.7887110777142909,0.7871035241319755,0.7819087988468837,0.0,0.0,0.0,0.0,0.0
95.8999999999967,0.2,19.1800000000002,-2.2058109156367323,-0.43977414999704934,0.14810466591507065,-0.43977414999704934,-2.2058109156367323,-4.540299694772443,-4.540299694776252,0.7819428480738001,0.7871374472853438,0.7887449578356177,0.7871374472853438,0.7819428480738001,0.0,0.0,0.0,0.0,0.0
95.99999999999669,0.2,19.200000000000202,-2.199912320699468,-0.4339292460829256,0.15393127960237507,-0.4339292460829256,-2.199912320699468,-4.534334257801561,-4.5343342578053125,0.7819768407210989,0.7871713139330472,0.7887787814615791,0.7871713139330472,0.7819768407210989,0.0,0.0,0.0,0.0,0.0
96.09999999999668,0.2,19.220000000000205,-2.194014395815998,-0.4280849428682245,0.15975731093902823,-0.4280849428682245,-2.194014395815998,-4.528369611265589,-4.528369611269341,0.7820107769722368,0.7872051242601268,0.7888125487778838,0.7872051242601268,0.7820107769722368,0.0,0.0,0.0,0.0,0.0
96.19999999999668,0.2,19.240000000000208,-2.1881171403302915,-0.42224123924705736,0.16558276123197402,-0.42224123924705736,-2.1881171403302915,-4.522405754747808,-4.52240575475156,0.7820446570099673,0.7872388784509032,0.7888462599695186,0.7872388784509032,0.7820446570099673,0.0,0.0,0.0,0.0,0.0
96.29999999999667,0.2,19.26000000000021,-2.1822205535847274,-0.41639813412746207,0.17140763177616236,-0.41639813412746207,-2.1822205535847274,-4.516442687830931,-4.516442687834683,0.7820784810163646,0.7872725766889717,0.7888799152207476,0.7872725766889717,0.7820784810163646,0.0,0.0,0.0,0.0,0.0
96.39999999999667,0.2,19.280000000000214,-2.176324634930495,-0.41055562641878396,0.1772319238539808,-0.41055562641878396,-2.176324634930495,-4.510480410097102,-4.510480410100854,0.7821122491727927,0.7873062191572404,0.7889135147151176,0.7873062191572404,0.7821122491727927,0.0,0.0,0.0,0.0,0.0
96.49999999999666,0.2,19.300000000000217,-2.1704293837223645,-0.404713715046114,0.1830556387373008,-0.404713715046114,-2.1704293837223645,-4.504518921127783,-4.504518921131535,0.7821459616599278,0.7873398060378927,0.7889470586354635,0.7873398060378927,0.7821459616599278,0.0,0.0,0.0,0.0,0.0
96.59999999999665,0.2,19.32000000000022,-2.1645347993178916,-0.39887239894187587,0.18887877768554517,-0.39887239894187587,-2.1645347993178916,-4.498558220503867,-4.498558220507618,0.7821796186577609,0.7873733375124148,0.788980547163911,0.7873733375124148,0.7821796186577609,0.0,0.0,0.0,0.0,0.0
96.69999999999665,0.2,19.340000000000224,-2.1586408810777584,-0.3930316770445188,0.1947013419512018,-0.3930316770445188,-2.1586408810777584,-4.492598307805679,-4.492598307809487,0.7822132203455997,0.7874068137616013,0.7890139804818898,0.7874068137616013,0.7822132203455997,0.0,0.0,0.0,0.0,0.0
96.79999999999664,0.2,19.360000000000227,-2.152747628367706,-0.3871915483093744,0.20052333277106982,-0.3871915483093744,-2.152747628367706,-4.486639182613089,-4.486639182616841,0.7822467669020685,0.7874402349655283,0.7890473587701139,0.7874402349655283,0.7822467669020685,0.0,0.0,0.0,0.0,0.0
96.89999999999664,0.2,19.38000000000023,-2.1468550405545557,-0.3813520116935365,0.20634475137217123,-0.3813520116935365,-2.1468550405545557,-4.480680844505287,-4.480680844509038,0.7822802585051204,0.7874736013035987,0.7890806822086035,0.7874736013035987,0.7822802585051204,0.0,0.0,0.0,0.0,0.0
96.99999999999663,0.2,19.400000000000233,-2.140963117014792,-0.3755130661646717,0.2121655989663509,-0.3755130661646717,-2.140963117014792,-4.474723293060947,-4.474723293064699,0.782313695332017,0.7875069129545224,0.7891139509766694,0.7875069129545224,0.782313695332017,0.0,0.0,0.0,0.0,0.0
97.09999999999663,0.2,19.420000000000236,-2.1350718571192715,-0.36967471070221336,0.21798587676101988,-0.36967471070221336,-2.1350718571192715,-4.468766527858236,-4.4687665278619875,0.7823470775593732,0.7875401700963108,0.7891471652529493,0.7875401700963108,0.7823470775593732,0.0,0.0,0.0,0.0,0.0
97.19999999999662,0.2,19.44000000000024,-2.1291812602509594,-0.3638369442908811,0.22380558594841204,-0.3638369442908811,-2.1291812602509594,-4.462810548474863,-4.462810548478615,0.7823804053631127,0.7875733729063042,0.7891803252153767,0.7875733729063042,0.7823804053631127,0.0,0.0,0.0,0.0,0.0
97.29999999999661,0.2,19.460000000000242,-2.1232913257961172,-0.35799976592710436,0.2296247277143948,-0.35799976592710436,-2.1232913257961172,-4.4568553544879705,-4.456855354491665,0.7824136789184938,0.7876065215611533,0.7892134310412132,0.7876065215611533,0.7824136789184938,0.0,0.0,0.0,0.0,0.0
97.39999999999661,0.2,19.480000000000246,-2.1174020531387328,-0.35216317461481594,0.23544330322840779,-0.35216317461481594,-2.1174020531387328,-4.450900945474189,-4.450900945477883,0.7824468984001285,0.7876396162368344,0.7892464829070204,0.7876396162368344,0.7824468984001285,0.0,0.0,0.0,0.0,0.0
97.4999999999966,0.2,19.50000000000025,-2.111513441672116,-0.3463271693642582,0.24126131365215997,-0.3463271693642582,-2.111513441672116,-4.444947321009749,-4.444947321013501,0.7824800639819525,0.7876726571086559,0.7892794809886873,0.7876726571086559,0.7824800639819525,0.0,0.0,0.0,0.0,0.0
97.5999999999966,0.2,19.520000000000252,-2.105625490790146,-0.3404917491970423,0.2470787601342863,-0.3404917491970423,-2.105625490790146,-4.438994480670374,-4.4389944806741255,0.7825131758372542,0.7877056443512466,0.7893124254614193,0.7877056443512466,0.7825131758372542,0.0,0.0,0.0,0.0,0.0
97.69999999999659,0.2,19.540000000000255,-2.0997381998898277,-0.3346569131451247,0.25289564381660057,-0.3346569131451247,-2.0997381998898277,-4.433042424031385,-4.433042424035079,0.7825462341386688,0.787738578138562,0.7893453164997576,0.787738578138562,0.7825462341386688,0.0,0.0,0.0,0.0,0.0
97.79999999999659,0.2,19.560000000000258,-2.0938515683736796,-0.3288226602448958,0.25871196582892253,-0.3288226602448958,-2.0938515683736796,-4.427091150667593,-4.427091150671288,0.7825792390581742,0.7877714586439041,0.7893781542775687,0.7877714586439041,0.7825792390581742,0.0,0.0,0.0,0.0,0.0
97.89999999999658,0.2,19.58000000000026,-2.087965595648768,-0.32298898954275046,0.2645277272891349,-0.32298898954275046,-2.087965595648768,-4.421140660153355,-4.42114066015705,0.7826121907670994,0.7878042860399077,0.7894109389680467,0.7878042860399077,0.7826121907670994,0.0,0.0,0.0,0.0,0.0
97.99999999999658,0.2,19.600000000000264,-2.0820802811210797,-0.3171559000944626,0.270342929307958,-0.3171559000944626,-2.0820802811210797,-4.4151909520626305,-4.415190952066325,0.7826450894361393,0.7878370604985465,0.7894436707437286,0.7878370604985465,0.7826450894361393,0.0,0.0,0.0,0.0,0.0
98.09999999999657,0.2,19.620000000000267,-2.076195624203933,-0.3113233909619453,0.2761575729824699,-0.3113233909619453,-2.076195624203933,-4.4092420259690925,-4.4092420259727305,0.7826779352353368,0.7878697821911427,0.789476349776481,0.7878697821911427,0.7826779352353368,0.0,0.0,0.0,0.0,0.0
98.19999999999656,0.2,19.64000000000027,-2.0703116243133763,-0.30549146121887816,0.28197165940139257,-0.30549146121887816,-2.0703116243133763,-4.4032938814458475,-4.4032938814494855,0.7827107283340958,0.7879024512883557,0.7895089762375173,0.7879024512883557,0.7827107283340958,0.0,0.0,0.0,0.0,0.0
98.29999999999656,0.2,19.660000000000274,-2.064428280870459,-0.299660109941442,0.28778518964435307,-0.299660109941442,-2.064428280870459,-4.39734651806566,-4.397346518069298,0.7827434689011832,0.7879350679602107,0.7895415502973967,0.7879350679602107,0.7827434689011832,0.0,0.0,0.0,0.0,0.0
98.39999999999655,0.2,19.680000000000277,-2.0585455932950367,-0.29382933621803886,0.29359816477852974,-0.29382933621803886,-2.0585455932950367,-4.391399935400955,-4.391399935404593,0.7827761571047414,0.7879676323760743,0.7895740721260194,0.7879676323760743,0.7827761571047414,0.0,0.0,0.0,0.0,0.0
98.49999999999655,0.2,19.70000000000028,-2.05266356101248,-0.28799913914429,0.29941058586291547,-0.28799913914429,-2.05266356101248,-4.3854541330238135,-4.3854541330274515,0.782808793112278,0.788000144704671,0.7896065418926402,0.788000144704671,0.782808793112278,0.0,0.0,0.0,0.0,0.0
98.59999999999654,0.2,19.720000000000283,-2.0467821834545816,-0.2821695178260484,0.3052224539447934,-0.2821695178260484,-2.0467821834545816,-4.379509110505921,-4.3795091105095025,0.7828413770906634,0.7880326051140767,0.7896389597658633,0.7880326051140767,0.7828413770906634,0.0,0.0,0.0,0.0,0.0
98.69999999999654,0.2,19.740000000000286,-2.040901460054954,-0.2763404713722366,0.31103377006348865,-0.2763404713722366,-2.040901460054954,-4.373564867418565,-4.373564867422203,0.7828739092061479,0.7880650137717448,0.7896713259136522,0.7880650137717448,0.7828739092061479,0.0,0.0,0.0,0.0,0.0
98.79999999999653,0.2,19.76000000000029,-2.0350213902470387,-0.2705119989007585,0.3168445352475828,-0.2705119989007585,-2.0350213902470387,-4.367621403332748,-4.367621403336329,0.7829063896243686,0.7880973708444876,0.7897036405033283,0.7880973708444876,0.7829063896243686,0.0,0.0,0.0,0.0,0.0
98.89999999999652,0.2,19.780000000000292,-2.029141973473429,-0.26468409954401295,0.3226547505186659,-0.26468409954401295,-2.029141973473429,-4.361678717819075,-4.361678717822713,0.7829388185103276,0.7881296764984662,0.7897359037015812,0.7881296764984662,0.7829388185103276,0.0,0.0,0.0,0.0,0.0
98.99999999999652,0.2,19.800000000000296,-2.0232632091735354,-0.2588567724322388,0.3284644168857085,-0.2588567724322388,-2.0232632091735354,-4.355736810448093,-4.355736810451674,0.7829711960284276,0.7881619308992416,0.7897681156744576,0.7881619308992416,0.7829711960284276,0.0,0.0,0.0,0.0,0.0
99.09999999999651,0.2,19.8200000000003,-2.0173850967952376,-0.25303001670903313,0.33427353534864324,-0.25303001670903313,-2.0173850967952376,-4.349795680789725,-4.349795680793363,0.7830035223424429,0.7881941342117291,0.7898002765873733,0.7881941342117291,0.7830035223424429,0.0,0.0,0.0,0.0,0.0
99.1999999999965,0.2,19.840000000000302,-2.0115076357889734,-0.24720383152566683,0.3400821069005815,-0.24720383152566683,-2.0115076357889734,-4.343855328413781,-4.343855328417419,0.7830357976155382,0.7882262866002228,0.7898323866051219,0.7882262866002228,0.7830357976155382,0.0,0.0,0.0,0.0,0.0
99.2999999999965,0.2,19.860000000000305,-2.005630825603589,-0.24137821603767406,0.34589013251763845,-0.24137821603767406,-2.005630825603589,-4.337915752889671,-4.337915752893366,0.7830680220102836,0.7882583882284023,0.7898644458918482,0.7882583882284023,0.7830680220102836,0.0,0.0,0.0,0.0,0.0
99.3999999999965,0.2,19.880000000000308,-1.9997546656977647,-0.23555316941394722,0.3516976131774072,-0.23555316941394722,-1.9997546656977647,-4.331976953786693,-4.331976953790388,0.7831001956886244,0.7882904392593139,0.7898964546111062,0.7882904392593139,0.7831001956886244,0.0,0.0,0.0,0.0,0.0
99.49999999999649,0.2,19.90000000000031,-1.9938791555287594,-0.2297286908252545,0.3575045498410532,-0.2297286908252545,-1.9938791555287594,-4.326038930673747,-4.3260389306773845,0.7831323188119176,0.7883224398554023,0.789928412925805,0.7883224398554023,0.7831323188119176,0.0,0.0,0.0,0.0,0.0
99.59999999999648,0.2,19.920000000000314,-1.9880042945586638,-0.2239047794518001,0.36331094346184045,-0.2239047794518001,-1.9880042945586638,-4.3201016831194465,-4.320101683123028,0.7831643915409106,0.7883543901784958,0.7899603209982431,0.7883543901784958,0.7831643915409106,0.0,0.0,0.0,0.0,0.0
99.69999999999648,0.2,19.940000000000317,-1.982130082253832,-0.21808143447964312,0.36911679498734884,-0.21808143447964312,-1.982130082253832,-4.314165210692295,-4.314165210695876,0.7831964140357539,0.7883862903898141,0.7899921789901108,0.7883862903898141,0.7831964140357539,0.0,0.0,0.0,0.0,0.0
99.79999999999647,0.2,19.96000000000032,-1.9762565180810725,-0.21225865510552921,0.37492210535197046,-0.21225865510552921,-1.9762565180810725,-4.308229512960395,-4.308229512963976,0.7832283864560093,0.7884181406499623,0.7900239870624751,0.7884181406499623,0.7832283864560093,0.0,0.0,0.0,0.0,0.0
99.89999999999647,0.2,19.980000000000324,-1.9703836015104912,-0.20643644053058097,0.38072687548174144,-0.20643644053058097,-1.9703836015104912,-4.302294589491794,-4.302294589495375,0.7832603089606438,0.7884499411189473,0.7900557453757953,0.7884499411189473,0.7832603089606438,0.0,0.0,0.0,0.0,0.0
99.99999999999484,0.2,20.0,-1.964511332020038,-0.2006147899652433,0.38653110629405774,-0.2006147899652433,-1.964511332020038,-4.296360439854311,-4.2963604398578354,0.7832921817080233,0.7884816919561688,0.7900874540899234,0.7884816919561688,0.7832921817080233,0.0,0.0,0.0,0.0,0.0
99.99999999999484,0.2,20.0,-1.964511332020038,-0.2006147899652433,0.38653110629405774,-0.2006147899652433,-1.964511332020038,-4.296360439854311,-4.2963604398578354,0.7832921817080233,0.7884816919561688,0.7900874540899234,0.7884816919561688,0.7832921817080233,0.0,0.0,0.0,0.0,0.0
