time_s,current_density_Acm2,charge_Ccm2,T_cell_1_C,T_cell_2_C,T_cell_3_C,T_cell_4_C,T_cell_5_C,T_endplate_left_C,T_endplate_right_C,V_cell_1_V,V_cell_2_V,V_cell_3_V,V_cell_4_V,V_cell_5_V,ice_cell_1_max_fraction,ice_cell_2_max_fraction,ice_cell_3_max_fraction,ice_cell_4_max_fraction,ice_cell_5_max_fraction
0.0,0.17,0.0,-10.00000000000017,-10.00000000000017,-10.000000000000057,-10.00000000000017,-10.00000000000017,-10.0,-10.0,0.37235652435748523,0.3726601877783209,0.3726601877783209,0.3726601877783209,0.37235652435748523,0.0,0.0,0.0,0.0,0.0
0.1,0.1766,0.017330000000000005,-9.969015109045074,-9.968614835680512,-9.968611145186173,-9.968614835680512,-9.969015109045074,-9.99993538165694,-9.999935381656883,0.36462737965559877,0.36494408989149124,0.3649441004121708,0.36494408989149124,0.36462737965559877,0.0,0.0,0.0,0.0,0.0
0.2,0.1832,0.03532000000000001,-9.937174278541818,-9.935830322985055,-9.935811933500418,-9.935830322985055,-9.937174278541818,-9.999782824186696,-9.999782824186696,0.3574422395032548,0.35777356921887493,0.3577736218413951,0.35777356921887493,0.3574422395032548,0.0,0.0,0.0,0.0,0.0
0.3,0.18980000000000002,0.05397000000000001,-9.90448300043829,-9.901653510040887,-9.90160239178175,-9.901653510040887,-9.90448300043829,-9.999540207462474,-9.999540207462474,0.3507886345952062,0.35113616865541136,0.3511363154676288,0.35113616865541136,0.3507886345952062,0.0,0.0,0.0,0.0,0.0
0.39999999999999997,0.19640000000000002,0.07328000000000001,-9.870948687775865,-9.866093394579082,-9.86598480942223,-9.866093394579082,-9.870948687775865,-9.999205437118349,-9.999205437118349,0.3446533548957507,0.34501868906628935,0.3450190020204278,0.34501868906628935,0.3446533548957507,0.0,0.0,0.0,0.0,0.0
0.49999999999999994,0.203,0.09325000000000003,-9.836579922103908,-9.829160196569319,-9.828962998790871,-9.829160196569319,-9.836579922103908,-9.998776447972318,-9.998776447972318,0.3390225114711232,0.33940725098980606,0.33940782125335583,0.33940725098980606,0.3390225114711232,0.0,0.0,0.0,0.0,0.0
0.6,0.2096,0.11388000000000004,-9.801386293654275,-9.790865218801514,-9.7905421443823,-9.790865218801514,-9.801386293654275,-9.998251206846533,-9.998251206846533,0.3338816050286469,0.33428736309457624,0.3342883003941415,0.33428736309457624,0.3338816050286469,0.0,0.0,0.0,0.0,0.0
0.7000000000000001,0.2162,0.13517000000000004,-9.765378290141314,-9.751220753210873,-9.750728698432738,-9.751220753210873,-9.765378290141314,-9.997627715049987,-9.997627715049987,0.32921560018646956,0.32964399639624614,0.32964542835460725,0.32964399639624614,0.32921560018646956,0.0,0.0,0.0,0.0,0.0
0.8000000000000002,0.22280000000000003,0.15712000000000004,-9.728567196914526,-9.710239996086898,-9.709530286087613,-9.710239996086898,-9.728567196914526,-9.996904010569665,-9.996904010569665,0.32500900334909094,0.32546166210218397,0.3254637335693008,0.32546166210218397,0.32500900334909094,0.0,0.0,0.0,0.0,0.0
0.9000000000000002,0.22940000000000002,0.17973000000000003,-9.690965002456437,-9.66793696632243,-9.666955614194421,-9.66793696632243,-9.690965002456437,-9.996078169989119,-9.996078169989175,0.32124594226586123,0.32172449115781576,0.3217273635369164,0.32172449115781576,0.32124594226586123,0.0,0.0,0.0,0.0,0.0
1.0000000000000002,0.23600000000000002,0.203,-9.652584307864402,-9.624326425543927,-9.623014382510348,-9.624326425543927,-9.652584307864402,-9.995148310145964,-9.995148310146021,0.3179102456548404,0.3184163138742875,0.3184201644444339,0.3184163138742875,0.3179102456548404,0.0,0.0,0.0,0.0,0.0
1.1000000000000003,0.24260000000000004,0.22693,-9.613438240106689,-9.579423799992298,-9.577717197174593,-9.579423799992298,-9.613438240106689,-9.994112589540975,-9.994112589541032,0.31498552156508997,0.31552073830853805,0.31552575954516004,0.31552073830853805,0.31498552156508997,0.0,0.0,0.0,0.0,0.0
1.2000000000000004,0.24920000000000003,0.25151999999999997,-9.573540369058833,-9.533245104342996,-9.531075486537134,-9.533245104342996,-9.573540369058833,-9.992969209508715,-9.992969209508772,0.31245523340679177,0.31302122632314694,0.3130276252182617,0.31302122632314694,0.31245523340679177,0.0,0.0,0.0,0.0,0.0
1.3000000000000005,0.2558,0.27676999999999996,-9.532904628438814,-9.485806867677695,-9.483101419567049,-9.485806867677695,-9.532904628438814,-9.991716415162273,-9.991716415162387,0.3103027728004973,0.31090116647557076,0.31090916385933764,0.31090116647557076,0.3103027728004973,0.0,0.0,0.0,0.0,0.0
1.4000000000000006,0.2624000000000001,0.30267999999999995,-9.491545240770336,-9.437126061894048,-9.43380782704321,-9.437126061894048,-9.491545240770336,-9.990352496123023,-9.990352496123137,0.3085115285887224,0.3091439430783337,0.3091537729437061,0.3091439430783337,0.3085115285887224,0.0,0.0,0.0,0.0,0.0
1.5000000000000007,0.269,0.32924999999999993,-9.449476646482822,-9.387220032777748,-9.383208125731471,-9.387220032777748,-9.449476646482822,-9.988875787047789,-9.988875787047903,0.3070649515190649,0.3077330009378886,0.30774490977005914,0.3077330009378886,0.3070649515190649,0.0,0.0,0.0,0.0,0.0
1.6000000000000008,0.27560000000000007,0.3564799999999999,-9.406713437254496,-9.336106433945247,-9.331316245753897,-9.336106433945247,-9.406713437254496,-9.98728466796598,-9.987284667966094,0.3059466142511018,0.3066519054231411,0.3066661515353351,0.3066519054231411,0.3059466142511018,0.0,0.0,0.0,0.0,0.0
1.7000000000000008,0.28220000000000006,0.38436999999999993,-9.363270293642131,-9.283803163862785,-9.278146561266567,-9.283803163862785,-9.363270293642131,-9.985577564438927,-9.985577564439097,0.30514026646247955,0.3058843976377089,0.30590125051496764,0.3058843976377089,0.30514026646247955,0.0,0.0,0.0,0.0,0.0
1.800000000000001,0.28880000000000006,0.41291999999999995,-9.319161927036305,-9.23032830606354,-9.223713824596587,-9.23032830606354,-9.319161927036305,-9.983752947553967,-9.983752947554137,0.30462988493462745,0.30541444457535316,0.3054341842276958,0.30541444457535316,0.30462988493462745,0.0,0.0,0.0,0.0,0.0
1.900000000000001,0.2954000000000001,0.44212999999999997,-9.27440302591532,-9.175700072666132,-9.168033103883204,-9.175700072666132,-9.27440302591532,-9.981809333765739,-9.98180933376591,0.3043997185877321,0.3052262842271741,0.30524920055351357,0.3052262842271741,0.3043997185877321,0.0,0.0,0.0,0.0,0.0
2.000000000000001,0.30200000000000005,0.472,-9.229008206372782,-9.119936751279454,-9.111119724303364,-9.119936751279454,-9.229008206372782,-9.9797452845973,-9.979745284597527,0.30443432850915253,0.3053044656838758,0.3053308578479004,0.3053044656838758,0.30443432850915253,0.0,0.0,0.0,0.0,0.0
2.1000000000000005,0.3086,0.5025299999999999,-9.182991966847226,-9.063056655302432,-9.052989212868283,-9.063056655302432,-9.182991966847226,-9.97755940621289,-9.977559406213118,0.30471862308127984,0.30563388433838407,0.3056640601574961,0.30563388433838407,0.30471862308127984,0.0,0.0,0.0,0.0,0.0
2.2,0.31520000000000004,0.53372,-9.136368646938138,-9.005078077653138,-8.993657246798875,-9.005078077653138,-9.136368646938138,-9.975250348874397,-9.975250348874567,0.30523788836507504,0.3061998123442128,0.3062340876925311,0.3061998123442128,0.30523788836507504,0.0,0.0,0.0,0.0,0.0
2.3,0.3218,0.5655699999999999,-9.089152390229515,-8.946019247884351,-8.933139605439408,-8.946019247884351,-9.089152390229515,-9.972816806292997,-9.972816806293224,0.30597781393521856,0.306987924525084,0.30702662275133547,0.306987924525084,0.30597781393521856,0.0,0.0,0.0,0.0,0.0
2.3999999999999995,0.3283999999999999,0.59808,-9.041357110952333,-8.885898292645209,-8.871452125628593,-8.885898292645209,-9.041357110952333,-9.970257514887464,-9.970257514887635,0.3069245143937632,0.3079843199620523,0.3080277713231338,0.3079843199620523,0.3069245143937632,0.0,0.0,0.0,0.0,0.0
2.499999999999999,0.33499999999999996,0.6312499999999999,-8.992996464327177,-8.82473319940442,-8.808610660479815,-8.82473319940442,-8.992996464327177,-9.967571252958749,-9.967571252958919,0.3080645468117907,0.30917553950722165,0.3092240806179649,0.30917553950722165,0.3080645468117907,0.0,0.0,0.0,0.0,0.0
2.5999999999999988,0.3415999999999999,0.6650799999999999,-8.944083820470667,-8.76254178337939,-8.744631041453204,-8.76254178337939,-8.944083820470667,-9.964756839792528,-9.964756839792699,0.3093849243640875,0.3105485794887285,0.31060255278843496,0.3105485794887285,0.3093849243640875,0.0,0.0,0.0,0.0,0.0
2.6999999999999984,0.3481999999999999,0.6995699999999998,-8.894632241637225,-8.699341657549382,-8.679529043609307,-8.699341657549382,-8.894632241637225,-9.961813134698104,-9.961813134698332,0.3108731264317306,0.31209090188148747,0.3121506551176337,0.31209090188148747,0.3108731264317306,0.0,0.0,0.0,0.0,0.0
2.799999999999998,0.3547999999999999,0.7347199999999998,-8.844654462640335,-8.635150205632613,-8.613320353936501,-8.635150205632613,-8.844654462640335,-9.958739035993744,-9.958739035994085,0.31251710545163086,0.31379044122256755,0.3138563269519341,0.31379044122256755,0.31251710545163086,0.0,0.0,0.0,0.0,0.0
2.8999999999999977,0.36139999999999983,0.7705299999999997,-8.794162874273013,-8.569984557917962,-8.546020542608062,-8.569984557917962,-8.794162874273013,-9.955533479946325,-9.955533479946723,0.3143052907920916,0.3156356085500333,0.31570798365748826,0.3156356085500333,0.3143052907920916,0.0,0.0,0.0,0.0,0.0
2.9999999999999973,0.36799999999999977,0.8069999999999997,-8.743169509533288,-8.503861569820742,-8.477645037040645,-8.503861569820742,-8.743169509533288,-9.952195439674142,-9.95219543967454,0.31622658992978175,0.31761529264046845,0.31769451787553893,0.31761529264046845,0.31622658992978175,0.0,0.0,0.0,0.0,0.0
3.099999999999997,0.3745999999999998,0.8441299999999997,-8.691686032449411,-8.436797803011245,-8.408209098620603,-8.436797803011245,-8.691686032449411,-9.948723924019532,-9.948723924019873,0.3182703871968094,0.3197188588137533,0.3198052983449753,0.3197188588137533,0.3182703871968094,0.0,0.0,0.0,0.0,0.0
3.1999999999999966,0.38119999999999976,0.8819199999999997,-8.639723729356263,-8.368809508981712,-8.337727801934022,-8.368809508981712,-8.639723729356263,-9.945117976398876,-9.945117976399217,0.32042654035729917,0.32193614556449995,0.3220301665515343,0.32193614556449995,0.32042654035729917,0.0,0.0,0.0,0.0,0.0
3.2999999999999963,0.3877999999999997,0.9203699999999997,-8.587293502407192,-8.299912614929326,-8.26621601637936,-8.299912614929326,-8.587293502407192,-9.941376673636853,-9.941376673637194,0.32268537526200236,0.32425745926849725,0.3243594314519432,0.32425745926849725,0.32268537526200236,0.0,0.0,0.0,0.0,0.0
3.399999999999996,0.3943999999999997,0.9594799999999997,-8.534405865148642,-8.23012271177754,-8.193688389994975,-8.23012271177754,-8.534405865148642,-9.93749912478961,-9.937499124789952,0.32503767881693224,0.32667356720025437,0.32678386250897723,0.32667356720025437,0.32503767881693224,0.0,0.0,0.0,0.0,0.0
3.4999999999999956,0.4009999999999997,0.9992499999999996,-8.48107093999937,-8.159455044224671,-8.120159335390554,-8.159455044224671,-8.48107093999937,-9.933484469963332,-9.93348446996373,0.32747469048847067,0.3291756890840555,0.3292946812598025,0.3291756890840555,0.32747469048847067,0.0,0.0,0.0,0.0,0.0
3.599999999999995,0.4075999999999997,1.0396799999999997,-8.427298457445943,-8.087924502658439,-8.04564301760098,-8.087924502658439,-8.427298457445943,-9.929331879132917,-9.929331879133315,0.3299880925533548,0.3317554873869838,0.3318835516260723,0.3317554873869838,0.3299880925533548,0.0,0.0,0.0,0.0,0.0
3.699999999999995,0.4141999999999997,1.0807699999999998,-8.37309775679654,-8.015545616825818,-7.970153343772552,-8.015545616825818,-8.37309775679654,-9.925040550964752,-9.92504055096515,0.3325699992873731,0.3344050565477078,0.33454256915947084,0.3344050565477078,0.3325699992873731,0.0,0.0,0.0,0.0,0.0
3.7999999999999945,0.4207999999999996,1.1225199999999997,-8.318477788362486,-7.942332551094978,-7.8937039545090215,-7.942332551094978,-8.318477788362486,-9.920609711648353,-9.920609711648751,0.3352129452719134,0.3371169113204133,0.3372642494020661,0.3371169113204133,0.3352129452719134,0.0,0.0,0.0,0.0,0.0
3.899999999999994,0.42739999999999956,1.1649299999999996,-8.263447116877842,-7.868299101201956,-7.816308216758102,-7.868299101201956,-8.263447116877842,-9.916038613740056,-9.916038613740454,0.33790987298317365,0.33988397439856516,0.3400415155261909,0.33988397439856516,0.33790987298317365,0.0,0.0,0.0,0.0,0.0
3.999999999999994,0.4339999999999996,1.2079999999999995,-8.208013926060573,-7.79345869235317,-7.737979218144744,-7.79345869235317,-8.208013926060573,-9.911326535021601,-9.911326535021942,0.340654119814354,0.34269956346905683,0.3428676854042542,0.34269956346905683,0.340654119814354,0.0,0.0,0.0,0.0,0.0
4.099999999999993,0.44059999999999955,1.2517299999999996,-8.152186024161097,-7.717824378561943,-7.658729762588848,-7.717824378561943,-8.152186024161097,-9.90647277737719,-9.906472777377587,0.3434394046675246,0.34555737783347323,0.345736458245322,0.34555737783347323,0.3434394046675246,0.0,0.0,0.0,0.0,0.0
4.199999999999993,0.4471999999999995,1.2961199999999995,-8.095970850372453,-7.641408843114391,-7.578572367133063,-7.641408843114391,-8.095970850372453,-9.901476665691064,-9.901476665691519,0.34625981423849517,0.3484514847198478,0.34864190092175196,0.3484514847198478,0.34625981423849517,0.0,0.0,0.0,0.0,0.0
4.299999999999993,0.45379999999999954,1.3411699999999993,-8.039375482015373,-7.564224400042804,-7.497519259848048,-7.564224400042804,-8.039375482015373,-9.896337546767711,-9.896337546768109,0.3491097891052334,0.35137630539571524,0.35157843409669143,0.35137630539571524,0.3491097891052334,0.0,0.0,0.0,0.0,0.0
4.399999999999992,0.4603999999999995,1.3868799999999994,-7.982406642353169,-7.486282996520799,-7.415582378719819,-7.486282996520799,-7.982406642353169,-9.891054788276051,-9.891054788276449,0.35198410971856753,0.35432660118112463,0.3545408182511303,0.35432660118112463,0.35198410971856753,0.0,0.0,0.0,0.0,0.0
4.499999999999992,0.4669999999999994,1.4332499999999995,-7.92507070897193,-7.407596216082709,-7.33277337145455,-7.407596216082709,-7.92507070897193,-9.885627777720458,-9.885627777720856,0.3548778823823789,0.357297459449037,0.3575241396978366,0.357297459449037,0.3548778823823789,0.0,0.0,0.0,0.0,0.0
4.599999999999992,0.47359999999999947,1.4802799999999994,-7.86737372260643,-7.328175282558448,-7.24910359604786,-7.328175282558448,-7.86737372260643,-9.880055921438668,-9.880055921439066,0.3577865253001056,0.36028427969002635,0.3605237966592107,0.36028427969002635,0.3577865253001056,0.0,0.0,0.0,0.0,0.0
4.699999999999991,0.4801999999999994,1.5279699999999992,-7.809321396353823,-7.248031064670272,-7.1645841221083515,-7.248031064670272,-7.809321396353823,-9.874338643627937,-9.874338643628334,0.360705754754389,0.3632827597081913,0.3635354854758543,0.3632827597081913,0.360705754754389,0.0,0.0,0.0,0.0,0.0
4.799999999999991,0.48679999999999934,1.5763199999999993,-7.750919125176154,-7.167174081181713,-7.07922573280581,-7.167174081181713,-7.750919125176154,-9.868475385400188,-9.868475385400586,0.363631571477762,0.36628888200633164,0.3665551870039488,0.36628888200633164,0.363631571477762,0.0,0.0,0.0,0.0,0.0
4.899999999999991,0.4933999999999994,1.6253299999999993,-7.692171995634055,-7.085614506555032,-6.993038927390614,-7.085614506555032,-7.692171995634055,-9.862465603867292,-9.86246560386769,0.3665602472637923,0.36929890040984553,0.36957915325095736,0.36929890040984553,0.3665602472637923,0.0,0.0,0.0,0.0,0.0
4.99999999999999,0.49999999999999933,1.6749999999999992,-7.633084795784043,-7.003362177026133,-6.9060339242233795,-7.003362177026133,-7.633084795784043,-9.856308771256124,-9.856308771256465,0.3694883118605289,0.37230932697137054,0.3726038942915629,0.37230932697137054,0.3694883118605289,0.0,0.0,0.0,0.0,0.0
5.09999999999999,0.5,1.724999999999999,-7.574438573643249,-6.92120951456269,-6.819003445018211,-6.92120951456269,-7.574438573643249,-9.850005728442795,-9.850005728443136,0.3770441489364728,0.37993084658929593,0.38023927025994675,0.37993084658929593,0.3770441489364728,0.0,0.0,0.0,0.0,0.0
5.1999999999999895,0.5,1.7749999999999988,-7.5169782981531625,-6.839929110534172,-6.732720679001034,-6.839929110534172,-7.5169782981531625,-9.84355996190942,-9.843559961909705,0.38432186091016035,0.3872750056961022,0.38759761009707294,0.3872750056961022,0.38432186091016035,0.0,0.0,0.0,0.0,0.0
5.299999999999989,0.5,1.8249999999999986,-7.460654782329129,-6.75950157043718,-6.647167394725557,-6.75950157043718,-7.460654782329129,-9.836975085005463,-9.836975085005747,0.39133600516708844,0.3943562761066231,0.39469338207942484,0.3943562761066231,0.39133600516708844,0.0,0.0,0.0,0.0,0.0
5.399999999999989,0.5,1.8749999999999984,-7.405421310926101,-6.6799082585239375,-6.562326464066814,-6.6799082585239375,-7.405421310926101,-9.830254568792384,-9.830254568792725,0.3981001701320276,0.40118816648953365,0.40154009036468424,0.40118816648953365,0.3981001701320276,0.0,0.0,0.0,0.0,0.0
5.4999999999999885,0.5,1.9249999999999983,-7.351233480987219,-6.601131234813693,-6.478181762309703,-6.601131234813693,-7.351233480987219,-9.823401749000539,-9.823401749000936,0.40462705279601263,0.4077832994731471,0.40815035221518386,0.4077832994731471,0.40462705279601263,0.0,0.0,0.0,0.0,0.0
5.599999999999988,0.5,1.974999999999998,-7.2980490662390025,-6.523153210161013,-6.394718089045455,-6.523153210161013,-7.2980490662390025,-9.816419832577196,-9.816419832577594,0.4109285289911167,0.4141534815360697,0.4145359679955669,0.4141534815360697,0.4109285289911167,0.0,0.0,0.0,0.0,0.0
5.699999999999988,0.5,2.024999999999998,-7.245827892335171,-6.445957506763591,-6.3119210971872235,-6.445957506763591,-7.245827892335171,-9.809311903860987,-9.809311903861385,0.4170157172267542,0.4203097664914084,0.42070798475397403,0.4203097664914084,0.4170157172267542,0.0,0.0,0.0,0.0,0.0
5.799999999999987,0.5,2.074999999999998,-7.194531720923294,-6.369528022528414,-6.229777228228613,-6.369528022528414,-7.194531720923294,-9.80208093040983,-9.802080930410227,0.42289903676360874,0.4262625132369361,0.42667675406040717,0.4262625132369361,0.42289903676360874,0.0,0.0,0.0,0.0,0.0
5.899999999999987,0.5,2.124999999999998,-7.144124141552311,-6.293849198566079,-6.1482736529223985,-6.293849198566079,-7.144124141552311,-9.794729768505022,-9.79472976850542,0.42858826051615345,0.4320214383596339,0.4324519846912792,0.4320214383596339,0.42858826051615345,0.0,0.0,0.0,0.0,0.0
5.999999999999987,0.5,2.1749999999999976,-7.094570470712313,-6.218905989460609,-6.067398216839592,-6.218905989460609,-7.094570470712313,-9.78726116835378,-9.787261168354235,0.43409256330598117,0.43759566411426115,0.4380427906806239,0.43759566411426115,0.43409256330598117,0.0,0.0,0.0,0.0,0.0
6.099999999999986,0.5,2.2249999999999974,-7.045837657422339,-6.144683835960279,-5.987139390320749,-6.144683835960279,-7.045837657422339,-9.77967777900892,-9.779677779009319,0.43942056592921097,0.4429937622372365,0.4434577351998739,0.4429937622372365,0.43942056592921097,0.0,0.0,0.0,0.0,0.0
6.199999999999986,0.5,2.2749999999999972,-6.997894194846481,-6.071168639838447,-5.907486222426371,-6.071168639838447,-6.997894194846481,-9.771982153023998,-9.771982153024396,0.4445803754498713,0.44822379400578993,0.4487048706767749,0.44822379400578993,0.4445803754498713,0.0,0.0,0.0,0.0,0.0
6.299999999999986,0.5,2.324999999999997,-6.95071003745727,-5.998346740702516,-5.8284282985428035,-5.998346740702516,-6.95071003745727,-9.764176750860656,-9.764176750860997,0.4495796220860462,0.4532933469074086,0.4537917755189875,0.4532933469074086,0.4495796220860462,0.0,0.0,0.0,0.0,0.0
6.399999999999985,0.5,2.374999999999997,-6.90425652336188,-5.926204894549528,-5.749955701321824,-5.926204894549528,-6.90425652336188,-9.756263945062642,-9.75626394506304,0.454425493015738,0.4582095682451173,0.4587255877683892,0.4582095682451173,0.454425493015738,0.0,0.0,0.0,0.0,0.0
6.499999999999985,0.5,2.4249999999999967,-6.858506301388502,-5.854730253913203,-5.672058974665845,-5.854730253913203,-6.858506301388502,-9.748246024212335,-9.748246024212847,0.4591247633945622,0.46297919596919274,0.46351303597721677,0.46297919596919274,0.4591247633945622,0.0,0.0,0.0,0.0,0.0
6.5999999999999845,0.5,2.4749999999999965,-6.813433262599233,-5.783910349425014,-5.594729090531814,-5.783910349425014,-6.813433262599233,-9.740125196681163,-9.740125196681731,0.46368382484641385,0.467608586995344,0.46816046756628643,0.467608586995344,0.46368382484641385,0.0,0.0,0.0,0.0,0.0
6.699999999999984,0.5,2.5249999999999964,-6.769012475920135,-5.71373307267379,-5.517957418292269,-5.71373307267379,-6.769012475920135,-9.731903594187315,-9.73190359418794,0.4681087116609634,0.4721037432420395,0.47267387489850343,0.4721037432420395,0.4681087116609634,0.0,0.0,0.0,0.0,0.0
6.799999999999984,0.5,2.574999999999996,-6.725220127580201,-5.644186660251478,-5.441735696453861,-5.644186660251478,-6.725220127580201,-9.723583275171848,-9.723583275172473,0.4724051249077667,0.4764703355956688,0.4770589192766749,0.4764703355956688,0.4724051249077667,0.0,0.0,0.0,0.0,0.0
6.8999999999999835,0.5,2.624999999999996,-6.682033464136168,-5.575259678847033,-5.366056006559347,-5.575259678847033,-6.682033464136168,-9.715166228003852,-9.715166228004477,0.47657845465517157,0.4807137259910433,0.4813209530532716,0.4807137259910433,0.47657845465517157,0.0,0.0,0.0,0.0,0.0
6.999999999999983,0.5,2.674999999999996,-6.639430738786359,-5.506941011341041,-5.290910749076886,-5.506941011341041,-6.639430738786359,-9.706654374024424,-9.706654374025106,0.48063380046349735,0.4848389877755493,0.4854650400209596,0.4848389877755493,0.48063380046349735,0.0,0.0,0.0,0.0,0.0
7.099999999999983,0.5,2.7249999999999956,-6.597391160806922,-5.439219843770786,-5.216292621128389,-5.439219843770786,-6.597391160806922,-9.698049570438968,-9.698049570439707,0.48457599030472875,0.48885092450876483,0.48949597423578023,0.48885092450876483,0.48457599030472875,0.0,0.0,0.0,0.0,0.0
7.199999999999982,0.5,2.7749999999999955,-6.555894847855484,-5.372085653108229,-5.142194595910723,-5.372085653108229,-6.555894847855484,-9.689353613066146,-9.689353613066942,0.48840959804624373,0.4927540873341682,0.4934182974099139,0.4927540873341682,0.48840959804624373,0.0,0.0,0.0,0.0,0.0
7.299999999999982,0.5,2.8249999999999953,-6.514922780988286,-5.305528195794523,-5.068609903679203,-5.305528195794523,-6.514922780988286,-9.680568238951764,-9.68056823895256,0.49213895962245996,0.4965527910462598,0.4972363149975812,0.4965527910462598,0.49213895962245996,0.0,0.0,0.0,0.0,0.0
7.399999999999982,0.5,2.874999999999995,-6.474456762198258,-5.239537496937544,-4.995532014165235,-5.239537496937544,-6.474456762198258,-9.671695128855049,-9.671695128855845,0.495768188006458,0.5002511289646401,0.5009541110857443,0.5002511289646401,0.495768188006458,0.0,0.0,0.0,0.0,0.0
7.499999999999981,0.5,2.924999999999995,-6.434479374317391,-5.17410384015426,-4.922954620317341,-5.17410384015426,-6.434479374317391,-9.662735909614412,-9.662735909615208,0.4993011870828923,0.5038529867157421,0.5045755621905993,0.5038529867157421,0.4993011870828923,0.0,0.0,0.0,0.0,0.0
7.599999999999981,0.5,2.9749999999999948,-6.394973943121045,-5.109217757965439,-4.850871623276703,-5.109217757965439,-6.394973943121045,-9.653692156399245,-9.65369215640004,0.5027416645140027,0.5073620550136321,0.5081043500512665,0.5073620550136321,0.5027416645140027,0.0,0.0,0.0,0.0,0.0
7.699999999999981,0.5,3.0249999999999946,-6.355924501513869,-5.0448700227468635,-4.779277118472464,-5.0448700227468635,-6.355924501513869,-9.644565394854055,-9.644565394854965,0.5060931436818491,0.5107818415224975,0.5115439735036574,0.5107818415224975,0.5060931436818491,0.0,0.0,0.0,0.0,0.0
7.79999999999998,0.5,3.0749999999999944,-6.317315755662435,-4.981051638143015,-4.708165382761649,-4.981051638143015,-6.317315755662435,-9.635357103140791,-9.635357103141644,0.5093589747823153,0.5141156818760875,0.514897759509733,0.5141156818760875,0.5093589747823153,0.0,0.0,0.0,0.0,0.0
7.89999999999998,0.5,3.1249999999999942,-6.2791330529394145,-4.917753830947561,-4.6375308625322305,-4.917753830947561,-6.2791330529394145,-9.626068713884422,-9.626068713885218,0.512542345139516,0.5173667499222222,0.5181688734105265,0.5173667499222222,0.512542345139516,0.0,0.0,0.0,0.0,0.0
7.99999999999998,0.5,3.174999999999994,-6.241362351584826,-4.854968043393512,-4.567368162703872,-4.854968043393512,-6.241362351584826,-9.616701616027399,-9.616701616028195,0.5156462888029673,0.5205380672545152,0.5213603284650875,0.5205380672545152,0.5156462888029673,0.0,0.0,0.0,0.0,0.0
8.09999999999998,0.5,3.224999999999994,-6.2039901919820295,-4.792685925833496,-4.497672036537949,-4.792685925833496,-6.2039901919820295,-9.607257156597655,-9.607257156598394,0.5186736954843266,0.5236325120877655,0.5244749947320292,0.5236325120877655,0.5186736954843266,0.0,0.0,0.0,0.0,0.0
8.199999999999982,0.5,3.2749999999999937,-6.167003669436326,-4.730899329773706,-4.428437376218653,-4.730899329773706,-6.167003669436326,-9.597736642394523,-9.597736642395205,0.5216273188855253,0.5266528275285525,0.5275156073451885,0.5266528275285525,0.5216273188855253,0.0,0.0,0.0,0.0,0.0
8.299999999999983,0.5,3.3249999999999935,-6.130390408381857,-4.669600301250114,-4.359659204128377,-4.669600301250114,-6.130390408381857,-9.588141341596838,-9.588141341597577,0.5245097844654812,0.5296016292879532,0.53048477423053,0.5296016292879532,0.5245097844654812,0.0,0.0,0.0,0.0,0.0
8.399999999999984,0.5,3.3749999999999933,-6.094138537918241,-4.60878107449895,-4.291332664786296,-4.60878107449895,-6.094138537918241,-9.578472485297823,-9.578472485298562,0.5273235966885661,0.5324814128793569,0.5333849833071983,0.5324814128793569,0.5273235966885661,0.0,0.0,0.0,0.0,0.0
8.499999999999986,0.5,3.424999999999993,-6.058236668621248,-4.54843406593335,-4.223453017373799,-4.54843406593335,-6.058236668621248,-9.568731268969316,-9.568731268970055,0.5300711457941899,0.5352945603404707,0.5362186092120812,0.5352945603404707,0.5300711457941899,0.0,0.0,0.0,0.0,0.0
8.599999999999987,0.5,3.474999999999993,-6.022673870521658,-4.488551868376703,-4.15601562882415,-4.488551868376703,-6.022673870521658,-9.558918853860064,-9.558918853860803,0.5327547141236537,0.5380433465154704,0.5389879195837447,0.5380433465154704,0.5327547141236537,0.0,0.0,0.0,0.0,0.0
8.699999999999989,0.5,3.524999999999993,-5.98743965221729,-4.42912724555373,-4.089015967425041,-4.42912724555373,-5.98743965221729,-9.549036368330803,-9.549036368331599,0.5353764820372041,0.54072994493007,0.541695080938667,0.54072994493007,0.5353764820372041,0.0,0.0,0.0,0.0,0.0
8.79999999999999,0.5,3.5749999999999926,-5.952523941037441,-4.3701531268166605,-4.022449596900742,-4.3701531268166605,-5.952523941037441,-9.53908490913011,-9.53908490913085,0.5379385334516075,0.5433564332896275,0.5443421641699105,0.5433564332896275,0.5379385334516075,0.0,0.0,0.0,0.0,0.0
8.899999999999991,0.5,3.6249999999999925,-5.9179170641961605,-4.311622602094303,-3.9563121709327334,-4.311622602094303,-5.9179170641961605,-9.529065542612045,-9.529065542612784,0.5404428610260047,0.545924798627861,0.5469311496958956,0.545924798627861,0.5404428610260047,0.0,0.0,0.0,0.0,0.0
8.999999999999993,0.5,3.6749999999999923,-5.883609730889248,-4.253528917049721,-3.890599428086375,-4.253528917049721,-5.883609730889248,-9.518979305901269,-9.518979305902008,0.5428913710215156,0.548436942131537,0.5494639322846673,0.548436942131537,0.5428913710215156,0.0,0.0,0.0,0.0,0.0
9.099999999999994,0.5,3.724999999999992,-5.849593015278344,-4.195865468422028,-3.8253071871154134,-4.195865468422028,-5.849593015278344,-9.508827208005698,-9.508827208006437,0.5452858878580158,0.5508946836644137,0.55194232557697,0.5508946836644137,0.5452858878580158,0.0,0.0,0.0,0.0,0.0
9.199999999999996,0.5,3.774999999999992,-5.815858340313127,-4.138625799568956,-3.7604313426223825,-4.138625799568956,-5.815858340313127,-9.498610230880729,-9.498610230881468,0.5476281583896214,0.553299766011791,0.5543680663295546,0.553299766011791,0.5476281583896214,0.0,0.0,0.0,0.0,0.0
9.299999999999997,0.5,3.8249999999999917,-5.782397462344761,-4.081803596180237,-3.6959678610355695,-4.081803596180237,-5.782397462344761,-9.48832933044713,-9.488329330447868,0.549919855918702,0.5556538588653935,0.5567428183985057,0.5556538588653935,0.549919855918702,0.0,0.0,0.0,0.0,0.0
9.399999999999999,0.5,3.8749999999999916,-5.749202456486387,-4.025392682134452,-3.6319127768894646,-4.025392682134452,-5.749202456486387,-9.477985437564257,-9.477985437564882,0.5521625839666808,0.5579585625668014,0.559068176480722,0.5579585625668014,0.5521625839666808,0.0,0.0,0.0,0.0,0.0
9.5,0.5,3.9249999999999914,-5.716265702685519,-3.9693870155447826,-3.568262189376867,-3.9693870155447826,-5.716265702685519,-9.467579458961211,-9.467579458961836,0.5543578798184278,0.5602154116259729,0.5613456696303378,0.5602154116259729,0.5543578798184278,0.0,0.0,0.0,0.0,0.0
9.600000000000001,0.5,3.974999999999991,-5.6835798724665665,-3.91378068492088,-3.505012259171565,-3.91378068492088,-5.6835798724665665,-9.457112278128534,-9.45711227812916,0.5565072178557792,0.5624258780304785,0.5635767645654778,0.5624258780304785,0.5565072178557792,0.0,0.0,0.0,0.0,0.0
9.700000000000003,0.5,4.0249999999999915,-5.651137916303753,-3.8585679054872344,-3.4421592054665666,-3.8585679054872344,-5.651137916303753,-9.446584756170921,-9.446584756171546,0.5586120126945235,0.5645913743595381,0.5657628687797207,0.5645913743595381,0.5586120126945235,0.0,0.0,0.0,0.0,0.0
9.800000000000004,0.5,4.074999999999992,-5.618933051599129,-3.803743015631312,-3.379699303256359,-3.803743015631312,-5.618933051599129,-9.435997732623889,-9.435997732624571,0.5606736221380608,0.5667132567160738,0.5679053334713066,0.5667132567160738,0.5606736221380608,0.0,0.0,0.0,0.0,0.0
9.900000000000006,0.5,4.124999999999993,-5.586958751227598,-3.7493004734726583,-3.3176288808030563,-3.7493004734726583,-5.586958751227598,-9.425352026235998,-9.42535202623668,0.5626933499599946,0.5687928274889357,0.5700054563024024,0.5687928274889357,0.5626933499599946,0.0,0.0,0.0,0.0,0.0
10.000000000000007,0.5,4.174999999999994,-5.555208732621509,-3.6952348535523925,-3.255944317300532,-3.6952348535523925,-5.555208732621509,-9.414648435717652,-9.414648435718277,0.564672448526968,0.5708313379565292,0.5720644839996029,0.5708313379565292,0.564672448526968,0.0,0.0,0.0,0.0,0.0
10.100000000000009,0.5,4.224999999999994,-5.523676947373588,-3.641540843645373,-3.1946420407144274,-3.641540843645373,-5.523676947373588,-9.403887740458458,-9.403887740459083,0.5666121212722073,0.572829990742245,0.5740836148061266,0.572829990742245,0.5666121212722073,0.0,0.0,0.0,0.0,0.0
10.20000000000001,0.5,4.274999999999995,-5.492357571311288,-3.588213241662288,-3.1337185257744977,-3.588213241662288,-5.492357571311288,-9.393070701214981,-9.393070701215606,0.5685135250295336,0.5747899421313929,0.5760640007953952,0.5747899421313929,0.5685135250295336,0.0,0.0,0.0,0.0,0.0
10.300000000000011,0.5,4.324999999999996,-5.4612449950464,-3.535246952679927,-3.07317029212345,-3.535246952679927,-5.4612449950464,-9.382198060769156,-9.382198060769781,0.5703777722367681,0.5767123042584726,0.5780067500549075,0.5767123042584726,0.5703777722367681,0.0,0.0,0.0,0.0,0.0
10.400000000000013,0.5,4.3749999999999964,-5.4303338149417755,-3.482636986047453,-3.012993902606638,-3.482636986047453,-5.4303338149417755,-9.371270544559934,-9.37127054456056,0.5722059330169754,0.5785981471732039,0.5799129287487308,0.5785981471732039,0.5722059330169754,0.0,0.0,0.0,0.0,0.0
10.500000000000014,0.5,4.424999999999997,-5.3996188245215535,-3.430378452602099,-2.9531859616672023,-3.430378452602099,-5.3996188245215535,-9.360288861288609,-9.360288861289291,0.5739990371451523,0.5804485007928981,0.5817835630663836,0.5804485007928981,0.5739990371451523,0.0,0.0,0.0,0.0,0.0
10.600000000000016,0.5,4.474999999999998,-5.369095006244834,-3.378466561971379,-2.893743113897699,-3.378466561971379,-5.369095006244834,-9.349253703499187,-9.349253703499869,0.5757580759077399,0.5822643567483847,0.5836196410651132,0.5822643567483847,0.5757580759077399,0.0,0.0,0.0,0.0,0.0
10.700000000000017,0.5,4.524999999999999,-5.3387575236776,-3.326896619956301,-2.8346620426586924,-3.326896619956301,-5.3387575236776,-9.338165748135111,-9.338165748135793,0.577484003861482,0.5840466701301347,0.5854221144124357,0.5840466701301347,0.577484003861482,0.0,0.0,0.0,0.0,0.0
10.800000000000018,0.5,4.574999999999999,-5.308601713995245,-3.275664026006268,-2.7759394688330303,-3.275664026006268,-5.308601713995245,-9.327025657073023,-9.327025657073705,0.5791777404979974,0.585796361140714,0.5871919000349193,0.585796361140714,0.5791777404979974,0.0,0.0,0.0,0.0,0.0
10.90000000000002,0.5,4.625,-5.2786230808494565,-3.2247642707726527,-2.7175721496467986,-3.2247642707726527,-5.2786230808494565,-9.31583407763543,-9.315834077636055,0.5808401718197103,0.5875143166593569,0.5889298816791424,0.5875143166593569,0.5808401718197103,0.0,0.0,0.0,0.0,0.0
11.000000000000021,0.5,4.675000000000001,-5.2488172867549565,-3.1741929337268857,-2.6595568775901484,-3.1741929337268857,-5.2488172867549565,-9.304591643080812,-9.304591643081437,0.5824721511477978,0.5892013917240221,0.590636911390067,0.5892013917240221,0.5824721511477978,2.0612465331972887e-08,0.0,0.0,0.0,2.0612465331972887e-08
11.100000000000023,0.5,4.725000000000001,-5.219180140249193,-3.123945680791735,-2.60189047941077,-3.123945680791735,-5.219180140249193,-9.293298973060246,-9.293298973060928,0.5840744958180246,0.5908584109360707,0.5923138109118872,0.5908584109360707,0.5840744958180246,2.680240029000818e-07,0.0,0.0,0.0,2.680240029000818e-07
11.200000000000024,0.5,4.775000000000002,-5.1897075943728055,-3.074018262050231,-2.544569815182001,-3.074018262050231,-5.1897075943728055,-9.281956674058563,-9.281956674059245,0.585647993283224,0.5924861697920175,0.5939613730159816,0.5924861697920175,0.585647993283224,7.979479254522306e-07,0.0,0.0,0.0,7.979479254522306e-07
11.300000000000026,0.5,4.825000000000003,-5.1603957440685235,-3.024406509600624,-2.4875917774315326,-3.024406509600624,-5.1603957440685235,-9.27056533983017,-9.270565339830853,0.5871934040278498,0.5940854359464887,0.5955803627603324,0.5940854359464887,0.5871934040278498,1.686315327905305e-06,0.0,0.0,0.0,1.686315327905305e-06
11.400000000000027,0.5,4.8750000000000036,-5.131240820171342,-2.9751063354803478,-2.4309532903413924,-2.9751063354803478,-5.131240820171342,-9.259125551819693,-9.259125551820318,0.5887114621508047,0.5956569504106453,0.5971715186844216,0.5956569504106453,0.5887114621508047,2.9097462723128927e-06,0.0,0.0,0.0,2.9097462723128927e-06
11.500000000000028,0.5,4.925000000000004,-5.102239183677682,-2.926113729637791,-2.3746513089982955,-2.926113729637791,-5.102239183677682,-9.247637879562944,-9.24763787956357,0.5902028765882994,0.5972014286899012,0.5987355539434307,0.5972014286899012,0.5902028765882994,4.505415378801648e-06,0.0,0.0,0.0,4.505415378801648e-06
11.60000000000003,0.5,4.975000000000005,-5.073387321266125,-2.87742475798467,-2.3186828186959474,-2.87742475798467,-5.073387321266125,-9.236102881075567,-9.236102881076192,0.5916683325347535,0.5987195618643653,0.6002731573852564,0.5987195618643653,0.5916683325347535,6.502409994520993e-06,0.0,0.0,0.0,6.502409994520993e-06
11.700000000000031,0.5,5.025000000000006,-5.044681838902079,-2.829035560480577,-2.2630448343008993,-2.829035560480577,-5.044681838902079,-9.224521103222571,-9.224521103223253,0.5931084914047305,0.6002120176154295,0.601784994573606,0.6002120176154295,0.5931084914047305,8.86277628855993e-06,0.0,0.0,0.0,8.86277628855993e-06
11.800000000000033,0.5,5.075000000000006,-5.0161194581749555,-2.7809423492951737,-2.2077343996384684,-2.7809423492951737,-5.0161194581749555,-9.212893082075311,-9.212893082075936,0.5945239928342897,0.6016794412014662,0.6032717087603652,0.6016794412014662,0.5945239928342897,1.1620875733039823e-05,0.0,0.0,0.0,1.1620875733039823e-05
11.900000000000034,0.5,5.125000000000007,-4.98769701177946,-2.73314140701558,-2.152748586943005,-2.73314140701558,-4.98769701177946,-9.201219343255332,-9.201219343255957,0.5959154554186348,0.6031224563855939,0.6047339218100014,0.6031224563855939,0.5959154554186348,1.4797878361298127e-05,0.0,0.0,0.0,1.4797878361298127e-05
12.000000000000036,0.5,5.175000000000008,-4.9594114380433325,-2.685629084903553,-2.0980844963311824,-2.685629084903553,-4.9594114380433325,-9.189500402262865,-9.18950040226349,0.597283476752162,0.6045416663182059,0.6061722350788058,0.6045416663182059,0.597283476752162,1.835461701415566e-05,0.0,0.0,0.0,1.835461701415566e-05
12.100000000000037,0.5,5.2250000000000085,-4.931259777470132,-2.638401801203713,-2.0437392553193945,-2.638401801203713,-4.931259777470132,-9.177736764792826,-9.177736764793451,0.5986286350501662,0.6059376543767714,0.6075872302514446,0.6059376543767714,0.5986286350501662,2.2302622170324765e-05,0.0,0.0,0.0,2.2302622170324765e-05
12.200000000000038,0.5,5.275000000000009,-4.903239169095059,-2.591456039507875,-1.9897100183657699,-2.591456039507875,-4.903239169095059,-9.165928927040227,-9.165928927040909,0.5999514899988793,0.6073109849652735,0.6089794701372385,0.6073109849652735,0.5999514899988793,2.6662076306045006e-05,0.0,0.0,0.0,2.6662076306045006e-05
12.30000000000004,0.5,5.32500000000001,-4.875346846394564,-2.54478834716366,-1.9359939664461194,-2.54478834716366,-4.875346846394564,-9.154077375993836,-9.154077375994461,0.6012525832910441,0.6086622042755332,0.6103494994283613,0.6086622042755332,0.6012525832910441,3.1437668122293666e-05,0.0,0.0,0.0,3.1437668122293666e-05
12.400000000000041,0.5,5.375000000000011,-4.847580132676228,-2.4983953337176104,-1.8825883066515416,-2.4983953337176104,-4.847580132676228,-9.142182589716015,-9.14218258971664,0.6025324386897888,0.6099918410125165,0.6116978454220732,0.6099918410125165,0.6025324386897888,3.6590932595161646e-05,0.0,0.0,0.0,3.6590932595161646e-05
12.500000000000043,0.5,5.425000000000011,-4.819936438564639,-2.4522736694145806,-1.8294902718248522,-2.4522736694145806,-4.819936438564639,-9.13024503761352,-9.130245037614145,0.6037915636211317,0.6113004070855376,0.6130250187088916,0.6113004070855376,0.6037915636211317,4.212927770988295e-05,0.0,0.0,0.0,4.212927770988295e-05
12.600000000000044,0.5,5.475000000000012,-4.792413258713339,-2.406420083740727,-1.776697120191102,-2.406420083740727,-4.792413258713339,-9.11826518069887,-9.118265180699495,0.6050304496896719,0.6125883982672048,0.6143315138286616,0.6125883982672048,0.6050304496896719,4.806441848652207e-05,0.0,0.0,0.0,4.806441848652207e-05
12.700000000000045,0.5,5.525000000000013,-4.765008168532177,-2.360831364004582,-1.7242061350484619,-2.360831364004582,-4.765008168532177,-9.106243471841935,-9.106243471842618,0.6062495732942977,0.6138562948218661,0.6156178098960525,0.6138562948218661,0.6062495732942977,5.440573398861735e-05,0.0,0.0,0.0,5.440573398861735e-05
12.800000000000047,0.5,5.5750000000000135,-4.737718820534724,-2.3155043539593407,-1.6720146244350076,-2.3155043539593407,-4.737718820534724,-9.094180356011123,-9.094180356011748,0.6074493957141522,0.6151045621051499,0.6168843711973495,0.6151045621051499,0.6074493957141522,6.113510980143416e-05,0.0,0.0,0.0,6.113510980143416e-05
12.900000000000048,0.5,5.625000000000014,-4.71054294122041,-2.2704359524543065,-1.6201199208465482,-2.2704359524543065,-4.71054294122041,-9.082076270503876,-9.082076270504444,0.6086303638061499,0.616333651136162,0.6181316477598352,0.616333651136162,0.6086303638061499,6.822787653870273e-05,0.0,0.0,0.0,6.822787653870273e-05
13.00000000000005,0.5,5.675000000000015,-4.683478329049876,-2.2256231121333485,-1.5685193809549673,-2.2256231121333485,-4.683478329049876,-9.069931645170982,-9.06993164517155,0.6097929110245894,0.6175439991437252,0.6193600758953443,0.6175439991437252,0.6097929110245894,7.56897859473278e-05,0.0,0.0,0.0,7.56897859473278e-05
13.100000000000051,0.5,5.725000000000016,-4.65652285158302,-2.1810628381720676,-1.51721038533492,-2.1810628381720676,-4.65652285158302,-9.057746902632687,-9.057746902633312,0.6109374577876199,0.6187360300880165,0.620570078719311,0.6187360300880165,0.6109374577876199,8.35262728708394e-05,0.0,0.0,0.0,8.35262728708394e-05
13.200000000000053,0.5,5.775000000000016,-4.629674442863745,-2.1367521870529913,-1.4661903382241235,-2.1367521870529913,-4.629674442863745,-9.045522458486516,-9.045522458487198,0.6120644119737699,0.6199101551588883,0.6217620666465041,0.6199101551588883,0.6120644119737699,9.174131476813976e-05,0.0,0.0,0.0,9.174131476813976e-05
13.300000000000054,0.5,5.825000000000017,-4.602931100803005,-2.09268826536794,-1.4154566672730198,-2.09268826536794,-4.602931100803005,-9.033258721507593,-9.033258721508219,0.6131741692727275,0.6210667732520864,0.6229364378647715,0.6210667732520864,0.6131741692727275,0.00010033331330590869,0.0,0.0,0.0,0.00010033331330590869
13.400000000000055,0.5,5.875000000000018,-4.576290884037348,-2.0488682286433573,-1.3650068233168895,-2.0488682286433573,-4.576290884037348,-9.020956093839288,-9.020956093839914,0.6142671130833688,0.6222062714245055,0.6240935787878215,0.6222062714245055,0.6142671130833688,0.00010927180790986172,0.0,0.0,0.0,0.00010927180790986172
13.500000000000057,0.5,5.9250000000000185,-4.549751910427631,-2.0052892802163456,-1.3148382801543903,-2.0052892802163456,-4.549751910427631,-9.008614971178588,-9.00861497117927,0.6153436157718193,0.6233290253294637,0.6252338644881481,0.6233290253294637,0.6153436157718193,0.00011854808044463204,0.0,0.0,0.0,0.00011854808044463204
13.600000000000058,0.5,5.975000000000019,-4.523312354954612,-1.9619486701248547,-1.2649485343379752,-1.9619486701248547,-4.523312354954612,-8.996235742955378,-8.99623574295606,0.6164040389018405,0.6244353996330949,0.6263576591110811,0.6244353996330949,0.6164040389018405,0.00012816406686248625,0.0,0.0,0.0,0.00012816406686248625
13.70000000000006,0.5,6.02500000000002,-4.496970447536626,-1.918843694057557,-1.2153351049699381,-1.918843694057557,-4.496970447536626,-8.98381879250502,-8.983818792505701,0.6174487336364302,0.6255257484126884,0.6274653162709263,0.6255257484126884,0.6174487336364302,0.00013812083402438234,0.0,0.0,0.0,0.00013812083402438234
13.800000000000061,0.5,6.075000000000021,-4.470724470990376,-1.8759716922951952,-1.1659955335039172,-1.8759716922951952,-4.470724470990376,-8.971364497234845,-8.971364497235527,0.6184780411059813,0.6266004155380293,0.6285571794300783,0.6266004155380293,0.6184780411059813,0.0001484185243474215,0.0,0.0,0.0,0.0001484185243474215
13.900000000000063,0.5,6.125000000000021,-4.444572759079676,-1.8333300487155952,-1.1169273835563445,-1.8333300487155952,-4.444572759079676,-8.958873228784512,-8.958873228785137,0.6194922927602231,0.6276597350364065,0.629633582261943,0.6276597350364065,0.6194922927602231,0.00015905642954913143,0.0,0.0,0.0,0.00015905642954913143
14.000000000000064,0.5,6.175000000000022,-4.418513694321348,-1.7909161897979402,-1.0681282407155095,-1.7909161897979402,-4.418513694321348,-8.946345353180163,-8.946345353180789,0.6204918104044522,0.6287040314422465,0.6306948489984858,0.6287040314422465,0.6204918104044522,0.00017002352963419595,0.0,0.0,0.0,0.00017002352963419595
14.100000000000065,0.5,6.225000000000023,-4.392545705850125,-1.748727583661264,-1.019595712377054,-1.748727583661264,-4.392545705850125,-8.933781230981822,-8.933781230982504,0.6214769064520211,0.6297336201320199,0.6317412947630819,0.6297336201320199,0.6214769064520211,0.00018129287542479746,0.0,0.0,0.0,0.00018129287542479746
14.200000000000067,0.5,6.2750000000000234,-4.36666726854844,-1.706761739137221,-0.9713274275518415,-1.706761739137221,-4.36666726854844,-8.921181217427147,-8.921181217427943,0.6224478848614596,0.6307488076451472,0.6327732258895301,0.6307488076451472,0.6224478848614596,0.00019286020149245078,0.0,0.0,0.0,0.00019286020149245078
14.300000000000068,0.5,6.325000000000024,-4.3408769012170865,-1.6650162048599668,-0.9233210367041238,-1.6650162048599668,-4.3408769012170865,-8.908545662570816,-8.908545662571612,0.6234050411733066,0.6317498919916013,0.6337909402277238,0.6317498919916013,0.6234050411733066,0.0002047242524316112,0.0,0.0,0.0,0.0002047242524316112
14.40000000000007,0.5,6.375000000000025,-4.3151731649566045,-1.623488568389746,-0.8755742115811245,-1.623488568389746,-4.3151731649566045,-8.895874911418048,-8.8958749114189,0.6243486628339199,0.6327371629468064,0.6347947274367414,0.6327371629468064,0.6243486628339199,0.00021688322171943317,0.0,0.0,0.0,0.00021688322171943317
14.500000000000071,0.5,6.425000000000026,-4.289554661646946,-1.5821764553502362,-0.8280846450530817,-1.5821764553502362,-4.289554661646946,-8.883169304054093,-8.883169304055002,0.6252790294693864,0.6337109023344851,0.6357848692658852,0.6337109023344851,0.6252790294693864,0.00022933472667475686,0.0,0.0,0.0,0.00022933472667475686
14.600000000000072,0.5,6.475000000000026,-4.264020032490009,-1.54107752859926,-0.7808500509475493,-1.54107752859926,-4.264020032490009,-8.870429175769061,-8.87042917576997,0.6261964131476816,0.6346713842979639,0.636761639824286,0.6346713842979639,0.6261964131476816,0.00024207585338754657,0.0,0.0,0.0,0.00024207585338754657
14.700000000000074,0.5,6.525000000000027,-4.238567956570819,-1.5001894874150707,-0.7338681638980802,-1.5001894874150707,-4.238567956570819,-8.85765485717809,-8.857654857179,0.6271010786305322,0.6356188755605259,0.6377253058395612,0.6356188755605259,0.6271010786305322,0.0002551032003744951,0.0,0.0,0.0,0.0002551032003744951
14.800000000000075,0.5,6.575000000000028,-4.213197149353562,-1.4595100667012275,-0.687136739179607,-1.4595100667012275,-4.213197149353562,-8.844846674337646,-8.844846674338498,0.6279932834316119,0.6365536356753112,0.6386761269060992,0.6365536356753112,0.6279932834316119,0.00026840882964245417,0.0,0.0,0.0,0.00026840882964245417
14.900000000000077,0.5,6.625000000000028,-4.187906360873967,-1.4190370362127283,-0.6406535525568415,-1.4190370362127283,-4.187906360873967,-8.83200494885574,-8.832004948856593,0.6288732777918298,0.6374759172652367,0.6396143557233938,0.6374759172652367,0.6288732777918298,0.000281967996311203,0.0,0.0,0.0,0.000281967996311203
15.000000000000078,0.5,6.675000000000029,-4.162694375388696,-1.3787681998076664,-0.5944164001337526,-1.3787681998076664,-4.162694375388696,-8.819129998000676,-8.819129998001415,0.6297413056518525,0.6383859662533834,0.6405402383249017,0.6383859662533834,0.6297413056518525,0.0002957726261119765,0.0,0.0,0.0,0.0002957726261119765
15.10000000000008,0.5,6.72500000000003,-4.137560009981769,-1.3387013947112791,-0.5484230982045233,-1.3387013947112791,-4.137560009981769,-8.806222134805921,-8.806222134806603,0.6305976045368451,0.6392840220843209,0.641454014297869,0.6392840220843209,0.6305976045368451,0.0003098193558549998,0.0,0.0,0.0,0.0003098193558549998
15.200000000000081,0.5,6.7750000000000306,-4.112502113392395,-1.2988344908116574,-0.5026714830962646,-1.2988344908116574,-4.112502113392395,-8.79328166817146,-8.793281668172085,0.6314424058088638,0.6401703179367221,0.6423559169945581,0.6401703179367221,0.6314424058088638,0.00032410466716389013,0.0,0.0,0.0,0.00032410466716389013
15.300000000000082,0.5,6.825000000000031,-4.087519564904767,-1.2591653899705193,-0.45715941102656643,-1.2591653899705193,-4.087519564904767,-8.780308902961394,-8.780308902962076,0.6322759348660933,0.6410450809277082,0.6432461737352024,0.6410450809277082,0.6322759348660933,0.00033862470033367423,0.0,0.0,0.0,0.00033862470033367423
15.400000000000084,0.5,6.875000000000032,-4.062611273280595,-1.219692025346717,-0.41188475795559043,-1.219692025346717,-4.062611273280595,-8.767304140098815,-8.76730414009944,0.6330984113328512,0.6419085323092976,0.6441250060031091,0.6419085323092976,0.6330984113328512,0.0003533752738433052,0.0,0.0,0.0,0.0003533752738433052
15.500000000000085,0.5,6.925000000000033,-4.037776175734848,-1.1804123607394104,-0.3668454194382207,-1.1804123607394104,-4.037776175734848,-8.754267676656752,-8.754267676657491,0.6339100492423426,0.642760887657294,0.6449926296322589,0.642760887657294,0.6339100492423426,0.00036835191144602157,0.0,0.0,0.0,0.00036835191144602157
15.600000000000087,0.5,6.975000000000033,-4.013013236934285,-1.1413243899451686,-0.3220393104739969,-1.1413243899451686,-4.013013236934285,-8.741199805946849,-8.741199805947588,0.6347110572125942,0.6436023570529593,0.6458492549877246,0.6436023570529593,0.6347110572125942,0.00038354986801681,0.0,0.0,0.0,0.00038354986801681
15.700000000000088,0.5,7.025000000000034,-3.988321448064255,-1.1024261361487788,-0.2774643653722251,-1.1024261361487788,-3.988321448064255,-8.728100817604457,-8.728100817605196,0.6355016386157398,0.6444331452577303,0.6466950871391954,0.6444331452577303,0.6355016386157398,0.0003989641538556722,0.0,0.0,0.0,0.0003989641538556722
15.80000000000009,0.5,7.075000000000035,-3.9636998258771428,-1.0637156512995602,-0.23311853759383894,-1.0637156512995602,-3.9636998258771428,-8.714970997671344,-8.714970997672026,0.6362819916877283,0.6452534518814269,0.6475303260279982,0.6452534518814269,0.6362819916877283,0.0004145886808617833,0.0,0.0,0.0,0.0004145886808617833
15.900000000000091,0.5,7.1250000000000355,-3.9391474113223808,-1.025191015529856,-0.18899979961588542,-1.025191015529856,-3.9391474113223808,-8.701810628674423,-8.701810628675105,0.6370523092906987,0.6460634715440636,0.6483551666277877,0.6460634715440636,0.6370523092906987,0.0004304063879871132,0.0,0.0,0.0,0.0004304063879871132
16.000000000000092,0.5,7.175000000000036,-3.9146632692703065,-0.9868503365685797,-0.145106142783618,-0.9868503365685797,-3.9146632692703065,-8.688619989702602,-8.688619989703284,0.6378127797545938,0.6468633940316775,0.6491697990992639,0.6468633940316775,0.6378127797545938,0.0004464038606466802,0.0,0.0,0.0,0.0004464038606466802
16.100000000000094,0.5,7.225000000000037,-3.8902464877636476,-0.9486917491819895,-0.10143557716861551,-0.9486917491819895,-3.8902464877636476,-8.675399356481876,-8.675399356482558,0.6385635867865567,0.6476534044463413,0.6499744089391329,0.6476534044463413,0.6385635867865567,0.00046257585381727313,0.0,0.0,0.0,0.00046257585381727313
16.200000000000095,0.5,7.275000000000038,-3.8658961771493523,-0.9107134146334488,-0.057986131426446264,-0.9107134146334488,-3.8658961771493523,-8.662149001447744,-8.662149001448427,0.6393049096215838,0.6484336833506295,0.65076917712357,0.6484336833506295,0.6393049096215838,0.00047891778862765925,0.0,0.0,0.0,0.00047891778862765925
16.300000000000097,0.5,7.325000000000038,-3.8416114693443433,-0.872913520146767,-0.014755852644100287,-0.872913520146767,-3.8416114693443433,-8.648869193815415,-8.648869193816097,0.6400369231610448,0.6492044069068089,0.6515542802464476,0.6492044069068089,0.6400369231610448,0.0004954249575346664,0.0,0.0,0.0,0.0004954249575346664
16.400000000000098,0.5,7.375000000000039,-3.8173915170934265,-0.8352902783890386,0.02825719378870417,-0.8352902783890386,-3.8173915170934265,-8.635560199647557,-8.635560199648296,0.6407597981027248,0.6499657470109418,0.6523298906524586,0.6499657470109418,0.6407597981027248,0.0005120924873852658,0.0,0.0,0.0,0.0005120924873852658
16.5000000000001,0.5,7.42500000000004,-3.793235493284101,-0.797841926964054,0.0710549243387959,-0.797841926964054,-3.793235493284101,-8.622222281920301,-8.622222281920983,0.6414737010658365,0.6507178714221354,0.6530961765654942,0.6507178714221354,0.6414737010658365,0.0005289153523512088,0.0,0.0,0.0,0.0005289153523512088
16.6000000000001,0.5,7.4750000000000405,-3.769142590273759,-0.7605667279206045,0.11363923746137061,-0.7605667279206045,-3.769142590273759,-8.608855700586162,-8.608855700586844,0.6421787947116353,0.6514609438871217,0.6538533022123194,0.6514609438871217,0.6421787947116353,0.0005458883893489511,0.0,0.0,0.0,0.0005458883893489511
16.700000000000102,0.5,7.525000000000041,-3.7451120192394,-0.7234629672695405,0.1560120137446006,-0.7234629672695405,-3.7451120192394,-8.595460712636395,-8.595460712637077,0.6428752378597808,0.6521951242603858,0.6546014279418563,0.6521951242603858,0.6428752378597808,0.0005630063127872052,0.0,0.0,0.0,0.0005630063127872052
16.800000000000104,0.5,7.575000000000042,-3.7211430095709943,-0.6865289545178825,0.19817511605441496,-0.6865289545178825,-3.7211430095709943,-8.582037572160345,-8.582037572161084,0.6435631856005839,0.6529205686199983,0.6553407103402095,0.6529205686199983,0.6435631856005839,0.0005802637284734404,0.0,0.0,0.0,0.0005802637284734404
16.900000000000105,0.5,7.625000000000043,-3.69723480825985,-0.6497630222087878,0.24013038967621014,-0.6497630222087878,-3.69723480825985,-8.568586530403422,-8.568586530404161,0.6442427894034113,0.6536374293793601,0.656071302341617,0.6536374293793601,0.6442427894034113,0.0005976551467103237,0.0,0.0,0.0,0.0005976551467103237
17.000000000000107,0.5,7.675000000000043,-3.6733866793308607,-0.613163525478285,0.28187966246122187,-0.613163525478285,-3.6733866793308607,-8.555107835823037,-8.555107835823833,0.6449141972212921,0.6543458553949966,0.656793353335501,0.6543458553949966,0.6449141972212921,0.0006151749946247807,0.0,0.0,0.0,0.0006151749946247807
17.100000000000108,0.5,7.725000000000044,-3.6495979032879973,-0.5767288416189444,0.32342474496175555,-0.5767288416189444,-3.6495979032879973,-8.541601734143057,-8.541601734143796,0.6455775535919384,0.6550459920705836,0.65750700926974,0.6550459920705836,0.6455775535919384,0.0006328176277712308,0.0,0.0,0.0,0.0006328176277712308
17.20000000000011,0.5,7.775000000000045,-3.6258677765679295,-0.540457369660146,0.36476743057903604,-0.540457369660146,-3.6258677765679295,-8.528068468406445,-8.528068468407184,0.6462329997210918,0.6557379814573324,0.6582124127503808,0.6557379814573324,0.6462329997210918,0.0006505771710704509,0.0,0.0,0.0,0.0006505771710704509
17.30000000000011,0.5,7.8250000000000455,-3.602195610681406,-0.5043475299419242,0.4059094957037246,-0.5043475299419242,-3.602195610681406,-8.51450827902562,-8.514508279026359,0.6468806732294963,0.6564219623509483,0.658909703137879,0.6564219623509483,0.6468806732294963,0.0006684415790393362,0.0,0.0,0.0,0.0006684415790393362
17.400000000000112,0.5,7.875000000000046,-3.578580732064779,-0.46839776372274855,0.44685269985762943,-0.46839776372274855,-3.578580732064779,-8.500921403831683,-8.500921403832422,0.6475207088109234,0.6570980703851755,0.659599016640025,0.6570980703851755,0.6475207088109234,0.000686398765789405,0.0,0.0,0.0,0.000686398765789405
17.500000000000114,0.5,7.925000000000047,-3.555022481722858,-0.43260653277889105,0.48759878583888394,-0.43260653277889105,-3.555022481722858,-8.48730807812268,-8.487308078123476,0.6481532381231676,0.6577664381221952,0.6602804864017043,0.6577664381221952,0.6481532381231676,0.0007044428474723121,0.0,0.0,0.0,0.0007044428474723121
17.600000000000115,0.5,7.975000000000048,-3.5315202146805973,-0.396972319017209,0.5281494798602466,-0.396972319017209,-3.5315202146805973,-8.473668534710441,-8.473668534711294,0.6487783898741949,0.6584271951399254,0.6609542425915764,0.6584271951399254,0.6487783898741949,0.0007225688470915425,0.0,0.0,0.0,0.0007225688470915425
17.700000000000117,0.5,8.025000000000048,-3.5080732995424455,-0.36149362411458696,0.5685064916901297,-0.36149362411458696,-3.5080732995424455,-8.460003003965994,-8.460003003966904,0.649396289908058,0.6590804681163172,0.6616204124858351,0.6590804681163172,0.649396289908058,0.000740771818315655,0.0,0.0,0.0,0.000740771818315655
17.800000000000118,0.5,8.075000000000049,-3.4846811180603368,-0.32616896913799565,0.608671514795958,-0.32616896913799565,-3.4846811180603368,-8.446311713863281,-8.446311713864247,0.6500070612842399,0.6597263809108892,0.6622791205491464,0.6597263809108892,0.6500070612842399,0.0007590467723048391,0.0,0.0,0.0,0.0007590467723048391
17.90000000000012,0.5,8.12500000000005,-3.46134306473067,-0.29099689419956576,0.6486462264845727,-0.29099689419956576,-3.46134306473067,-8.432594890022017,-8.43259489002304,0.6506108243538906,0.6603650546434537,0.6629304885128734,0.6603650546434537,0.6506108243538906,0.0007773886785956016,0.0,0.0,0.0,0.0007773886785956016
18.00000000000012,0.5,8.17500000000005,-3.4380585463879356,-0.25597595810114626,0.6884322880475224,-0.25597595810114626,-3.4380585463879356,-8.418852755749299,-8.418852755750322,0.6512076968335705,0.6609966077702677,0.6635746354507104,0.6609966077702677,0.6512076968335705,0.0007957924725666163,0.0,0.0,0.0,0.0007957924725666163
18.100000000000122,0.5,8.225000000000051,-3.4148269818394397,-0.22110473799830288,0.7280313448929405,-0.22110473799830288,-3.4148269818394397,-8.40508553207951,-8.405085532080648,0.6517977938765235,0.661621156157636,0.6642116778517748,0.661621156157636,0.6517977938765235,0.0008142530631071186,0.0,0.0,0.0,0.0008142530631071186
18.200000000000124,0.5,8.275000000000052,-3.3916478014817812,-0.18638182906943257,0.7674450266907797,-0.18638182906943257,-3.3916478014817812,-8.391293437814,-8.391293437815136,0.6523812281417238,0.6622388131530815,0.6648417296913256,0.6622388131530815,0.6523812281417238,0.0008327653399031606,0.0,0.0,0.0,0.0008327653399031606
18.300000000000125,0.5,8.325000000000053,-3.368520446953937,-0.15180584418970966,0.8066749475169104,-0.15180584418970966,-3.368520446953937,-8.377476689558364,-8.3774766895595,0.6529581098606431,0.6628496896542014,0.6654649024991681,0.6628496896542014,0.6529581098606431,0.0008513241803066827,0.0,0.0,0.0,0.0008513241803066827
18.400000000000126,0.5,8.375000000000053,-3.3454443707986457,-0.11737541361435433,0.845722705982439,-0.11737541361435433,-3.3454443707986457,-8.36363550176003,-8.363635501761166,0.6535285469018876,0.6634538941752608,0.6660813054257841,0.6634538941752608,0.6535285469018876,0.0008699244558038739,0.0,0.0,0.0,0.0008699244558038739
18.500000000000128,0.5,8.425000000000054,-3.3224190361229944,-0.08308918467281501,0.8845898853812741,-0.08308918467281501,-3.3224190361229944,-8.349770086744002,-8.349770086745082,0.6540926448338144,0.6640515329116179,0.6666910453063724,0.6640515329116179,0.6540926448338144,0.0008885610381025481,0.0,0.0,0.0,0.0008885610381025481
18.60000000000013,0.5,8.475000000000055,-3.2994439162905564,-0.04894582146783932,0.9232780538262659,-0.04894582146783932,-3.2994439162905564,-8.335880654747541,-8.335880654748678,0.6546505069851101,0.6646427098020775,0.6672942267227945,0.6646427098020775,0.6546505069851101,0.000907228804858044,0.0,0.0,0.0,0.000907228804858044
18.70000000000013,0.5,8.525000000000055,-3.276518494607501,-0.014944004575966119,0.961788764387677,-0.014944004575966119,-3.276518494607501,-8.32196741395444,-8.321967413955576,0.6552022345035066,0.665227526589249,0.667890952063538,0.665227526589249,0.6552022345035066,0.0009259226450562668,0.0,0.0,0.0,0.0009259226450562668
18.800000000000132,0.5,8.575000000000056,-3.253642264036273,0.018917569232087317,1.0001235552307435,0.018917569232087317,-3.253642264036273,-8.308030570527762,-8.3080305705289,0.6557479264126115,0.6658060828779461,0.66848132158177,0.6658060828779461,0.6557479264126115,0.0009446374640713241,0.0,0.0,0.0,0.0009446374640713241
18.900000000000134,0.5,8.625000000000057,-3.2308147269022243,0.05264018728269093,1.0382839497519285,0.05264018728269093,-3.2308147269022243,-8.294070328642135,-8.294070328643329,0.6562876796670125,0.6663784761917746,0.6690654334515418,0.6663784761917746,0.6562876796670125,0.0009633681884146865,0.0,0.0,0.0,0.0009633681884146865
19.000000000000135,0.5,8.675000000000058,-3.2080353946261084,0.08622512126095216,1.0762714567156308,0.08622512126095216,-3.2080353946261084,-8.280086890515122,-8.280086890516259,0.6568215892056293,0.6669448020278673,0.669643383822223,0.6669448020278673,0.6568215892056293,0.0009821097701913503,0.0,0.0,0.0,0.0009821097701913503
19.100000000000136,0.5,8.725000000000058,-3.1853037874541315,0.11967362748998767,1.1140875703915185,0.11967362748998767,-3.1853037874541315,-8.266080456437294,-8.26608045643843,0.657349748003449,0.6675051539099643,0.6702152668712298,0.6675051539099643,0.657349748003449,0.001000857191278593,0.0,0.0,0.0,0.001000857191278593
19.200000000000138,0.5,8.775000000000059,-3.1626194342024405,0.15298694718632078,1.1517337706969215,0.15298694718632078,-3.1626194342024405,-8.252051224802244,-8.252051224803381,0.6578722471216646,0.6680596234397762,0.6707811748551225,0.6680596234397762,0.6578722471216646,0.0010196054672412485,0.0,0.0,0.0,0.0010196054672412485
19.30000000000014,0.5,8.82500000000006,-3.1399818720129815,0.1861663067214181,1.1892115233179652,0.1861663067214181,-3.1399818720129815,-8.237999392135237,-8.237999392136317,0.6583891757562653,0.6686083003467859,0.6713411981590519,0.6686083003467859,0.6583891757562653,0.0010383496509973186,0.0,0.0,0.0,0.0010383496509973186
19.40000000000014,0.5,8.87500000000006,-3.1173906461141883,0.2192129178629898,1.2265222798531568,0.2192129178629898,-3.1173906461141883,-8.223925153121286,-8.223925153122366,0.6589006212851672,0.6691512725364641,0.6718954253447494,0.6691512725364641,0.6589006212851672,0.0010570848362468335,0.0,0.0,0.0,0.0010570848362468335
19.500000000000142,0.5,8.925000000000061,-3.094845309594234,0.25212797803106923,1.263667477944523,0.25212797803106923,-3.094845309594234,-8.209828700632556,-8.209828700633693,0.6594066693139001,0.6696886261370516,0.6724439431969992,0.6696886261370516,0.6594066693139001,0.0010758061606761452,0.0,0.0,0.0,0.0010758061606761452
19.600000000000144,0.5,8.975000000000062,-3.0723454231695086,0.2849126705276035,1.300648541414887,0.2849126705276035,-3.0723454231695086,-8.195710225755079,-8.195710225756272,0.6599074037199582,0.6702204455448524,0.67298683676871,0.6702204455448524,0.6599074037199582,0.001094508808949665,0.0,0.0,0.0,0.001094508808949665
19.700000000000145,0.5,9.025000000000063,-3.0498905549411006,0.31756816477303573,1.3374668803960503,0.31756816477303573,-3.0498905549411006,-8.181569917814556,-8.181569917815864,0.6604029066372562,0.6707468134681732,0.6735241894245946,0.6707468134681732,0.6604029066372562,0.0011131875324875916,0.0,0.0,0.0,0.0011131875324875916
19.800000000000146,0.5,9.075000000000063,-3.027480280070222,0.3500956165432285,1.374123891458737,0.3500956165432285,-3.027480280070222,-8.167407964401434,-8.167407964402742,0.6608932584583159,0.6712678109699453,0.6740560828835261,0.6712678109699453,0.6608932584583159,0.0011318345083068304,0.0,0.0,0.0,0.0011318345083068304
19.900000000000148,0.5,9.125000000000064,-3.005114180820385,0.38249616818222876,1.4106209577495292,0.38249616818222876,-3.005114180820385,-8.15322455139551,-8.153224551396818,0.6613785380906849,0.6717835175090044,0.6745825972596414,0.6717835175090044,0.6613785380906849,0.0011504439780944623,0.0,0.0,0.0,0.0011504439780944623
20.00000000000015,0.5,9.175000000000065,-2.9827918462865455,0.41477094882748133,1.4469594491199018,0.41477094882748133,-2.9827918462865455,-8.139019862990267,-8.139019862991631,0.6618588228646091,0.6722940109801764,0.6751038111021942,0.6722940109801764,0.6618588228646091,0.001169011623580982,0.0,0.0,0.0,0.001169011623580982
20.10000000000015,0.5,9.225000000000065,-2.9605128722219547,0.4469210746194108,1.4831407222503685,0.4469210746194108,-2.9605128722219547,-8.124794081716402,-8.124794081717766,0.6623341885902327,0.6727993677531314,0.6756198014342025,0.6727993677531314,0.6623341885902327,0.0011875333490922837,0.0,0.0,0.0,0.0011875333490922837
20.200000000000152,0.5,9.275000000000066,-2.938276860834719,0.478947648914243,1.5191661207892366,0.478947648914243,-2.938276860834719,-8.110547388464568,-8.110547388465875,0.6628047095957065,0.6732996627101038,0.6761306437899933,0.6732996627101038,0.6628047095957065,0.0012060051183486553,0.0,0.0,0.0,0.0012060051183486553
20.300000000000153,0.5,9.325000000000067,-2.916083420636596,0.5108517624840943,1.5550369754710118,0.5108517624840943,-2.916083420636596,-8.096279962507992,-8.096279962509357,0.6632704587628396,0.6737949692824718,0.6766364122515839,0.6737949692824718,0.6632704587628396,0.0012244229368300879,0.0,0.0,0.0,0.0012244229368300879
20.400000000000155,0.5,9.375000000000068,-2.8939321662562065,0.542634493721323,1.590754604246797,0.542634493721323,-2.8939321662562065,-8.081991981524254,-8.081991981525618,0.6637315075617019,0.6742853594862787,0.6771371794840271,0.6742853594862787,0.6637315075617019,0.0012427828519195557,0.0,0.0,0.0,0.0012427828519195557
20.500000000000156,0.5,9.425000000000068,-2.871822718290389,0.5742969088281598,1.6263203124155439,0.5742969088281598,-2.871822718290389,-8.067683621616595,-8.067683621618016,0.6641879260841235,0.6747709039566822,0.6776330167697278,0.6747709039566822,0.6641879260841235,0.0012610809550765334,0.0,0.0,0.0,0.0012610809550765334
20.600000000000158,0.5,9.475000000000069,-2.8497547031368526,0.6058400620174211,1.6617353927406953,0.6058400620174211,-2.8497547031368526,-8.053355057334727,-8.053355057336205,0.6646397830763004,0.6752516719814446,0.6781239940417196,0.6752516719814446,0.6646397830763004,0.0012793133841186805,0.0,0.0,0.0,0.0012793133841186805
20.70000000000016,0.5,9.52500000000007,-2.827727752850649,0.6372649956896907,1.6970011255821191,0.6372649956896907,-2.827727752850649,-8.039006461695294,-8.039006461696772,0.6650871459704288,0.6757277315333872,0.678610179916028,0.6757277315333872,0.6650871459704288,0.0012974763253830602,0.0,0.0,0.0,0.0012974763253830602
20.80000000000016,0.5,9.57500000000007,-2.8057415049923975,0.6685727406235742,1.7321187790205954,0.6685727406235742,-2.8057415049923975,-8.024638006201542,-8.024638006203077,0.665530080915474,0.676199149301958,0.6790916417230733,0.676199149301958,0.665530080915474,0.0013155660157457328,0.0,0.0,0.0,0.0013155660157457328
20.900000000000162,0.5,9.625000000000071,-2.783795602491864,0.6997643161523683,1.7670896089728672,0.6997643161523683,-2.783795602491864,-8.010249860862928,-8.01024986086452,0.66596865280705,0.6766659907238601,0.6795684455381543,0.6766659907238601,0.66596865280705,0.001333578744503663,0.0,0.0,0.0,0.001333578744503663
21.000000000000163,0.5,9.675000000000072,-2.7618896935089197,0.7308407303426634,1.8019148593232899,0.7308407303426634,-2.7618896935089197,-7.995842194214106,-7.995842194215697,0.6664029253164787,0.6771283200128211,0.6800406562111082,0.6771283200128211,0.6664029253164787,0.0013515108551250385,0.0,0.0,0.0,0.0013515108551250385
21.100000000000165,0.5,9.725000000000072,-2.7400234313041096,0.7618029801617467,1.836595762037291,0.7618029801617467,-2.7400234313041096,-7.981415173333289,-7.981415173334881,0.6668329609190252,0.6775862001884856,0.68050833739508,0.6775862001884856,0.6668329609190252,0.0013693587468752249,0.0,0.0,0.0,0.0013693587468752249
21.200000000000166,0.5,9.775000000000073,-2.7181964740995,0.7926520516480196,1.871133537285857,0.7926520516480196,-2.7181964740995,-7.966968963860552,-7.9669689638621435,0.6672588209213935,0.6780396931045141,0.6809715515745084,0.6780396931045141,0.6672588209213935,0.001387118876323945,0.0,0.0,0.0,0.001387118876323945
21.300000000000168,0.5,9.825000000000074,-2.6964084849701067,0.8233889200813564,1.905529393561494,0.8233889200813564,-2.6964084849701067,-7.9525037300155645,-7.952503730017099,0.6676805654883803,0.6784888594758893,0.6814303600923046,0.6784888594758893,0.6676805654883803,0.0014047877587401855,0.0,0.0,0.0,0.0014047877587401855
21.40000000000017,0.5,9.875000000000075,-2.6746591317208868,0.8540145501355028,1.939784527805159,0.8540145501355028,-2.6746591317208868,-7.938019634614932,-7.93801963461641,0.6680982536688558,0.678933758905416,0.6818848231763045,0.678933758905416,0.6680982536688558,0.0014223619693806973,0.0,0.0,0.0,0.0014223619693806973
21.50000000000017,0.5,9.925000000000075,-2.6529480867635584,0.8845298960419541,1.9739001255134667,0.8845298960419541,-2.6529480867635584,-7.923516839089075,-7.923516839090496,0.6685119434210368,0.6793744499095221,0.6823349999649247,0.6793744499095221,0.6685119434210368,0.00143983814467708,0.0,0.0,0.0,0.00143983814467708
21.600000000000172,0.5,9.975000000000076,-2.6312750270118386,0.9149359017480947,2.0078773608595384,0.9149359017480947,-2.6312750270118386,-7.9089955034991135,-7.908995503500478,0.6689216916370373,0.6798109899433294,0.6827809485321541,0.6798109899433294,0.6689216916370373,0.0014572129833268375,0.0,0.0,0.0,0.0014572129833268375
21.700000000000173,0.5,10.025000000000077,-2.6096396337762258,0.9452335010603861,2.041717396811009,0.9452335010603861,-2.6096396337762258,-7.894455786552726,-7.894455786554147,0.6693275541667598,0.6802434354249995,0.6832227259118434,0.6802434354249995,0.6693275541667598,0.0014744832472935795,0.0,0.0,0.0,0.0014744832472935795
21.800000000000175,0.5,10.075000000000077,-2.5880415926441174,0.9754236177967073,2.0754213852404746,0.9754236177967073,-2.5880415926441174,-7.879897845620405,-7.879897845621883,0.6697295858411935,0.6806718417594377,0.6836603881213101,0.6806718417594377,0.6697295858411935,0.0014916457627208715,0.0,0.0,0.0,0.0014916457627208715
21.900000000000176,0.5,10.125000000000078,-2.566480593399376,1.0055071659394912,2.108990467042588,1.0055071659394912,-2.566480593399376,-7.86532183675115,-7.865321836752571,0.6701278404949845,0.6810962633613581,0.6840939901843218,0.6810962633613581,0.6701278404949845,0.0015086974207641438,0.0,0.0,0.0,0.0015086974207641438
22.000000000000178,0.5,10.175000000000079,-2.5449563299083593,1.0354850497682833,2.1424257722438256,1.0354850497682833,-2.5449563299083593,-7.8507279146872975,-7.850727914688662,0.670522370988507,0.6815167536776671,0.6845235861534289,0.6815167536776671,0.670522370988507,0.001525635178345303,0.0,0.0,0.0,0.001525635178345303
22.10000000000018,0.5,10.22500000000008,-2.5234685000367563,1.0653581640049765,2.1757284201163998,1.0653581640049765,-2.5234685000367563,-7.836116232879817,-7.8361162328811815,0.670913229229263,0.6819333652092784,0.6849492291317112,0.6819333652092784,0.670913229229263,0.0015424560588337339,0.0,0.0,0.0,0.0015424560588337339
22.20000000000018,0.5,10.27500000000008,-2.502016805547555,1.0951273939503494,2.2088995192891048,1.0951273939503494,-2.502016805547555,-7.821486943502862,-7.821486943504226,0.6713004661927834,0.6823461495323239,0.6853709712939287,0.6823461495323239,0.6713004661927834,0.0015591571526578835,0.0,0.0,0.0,0.0015591571526578835
22.300000000000182,0.5,10.325000000000081,-2.480600952017312,1.1247936156177616,2.241940167856683,1.1247936156177616,-2.480600952017312,-7.806840197468318,-7.806840197469683,0.6716841319429266,0.6827551573187874,0.6857888639071041,0.6827551573187874,0.6716841319429266,0.0015757356178508317,0.0,0.0,0.0,0.0015757356178508317
22.400000000000183,0.5,10.375000000000082,-2.45922064875208,1.1543576958679296,2.274851453485269,1.1543576958679296,-2.45922064875208,-7.7921761444396225,-7.792176144440987,0.6720642756516586,0.6831604383565956,0.6862029573505434,0.6831604383565956,0.6720642756516586,0.0015921886805336273,0.0,0.0,0.0,0.0015921886805336273
22.500000000000185,0.5,10.425000000000082,-2.437875608699528,1.1838204925348919,2.307634453529033,1.1838204925348919,-2.437875608699528,-7.777494932845684,-7.777494932847105,0.6724409456183261,0.683562041569154,0.68661330113536,0.683562041569154,0.6724409456183261,0.0016085136353395967,0.0,0.0,0.0,0.0016085136353395967
22.600000000000186,0.5,10.475000000000083,-2.4165655483735122,1.213182854555896,2.3402902351289185,1.213182854555896,-2.4165655483735122,-7.762796709894587,-7.7627967098960085,0.6728141892884053,0.6839600150343788,0.6870199439234326,0.6839600150343788,0.6728141892884053,0.0016247078457829684,0.0,0.0,0.0,0.0016247078457829684
22.700000000000188,0.5,10.525000000000084,-2.395290187764772,1.24244562209077,2.3728198553176867,1.24244562209077,-2.395290187764772,-7.748081621586664,-7.748081621588085,0.6731840532718073,0.6843544060032049,0.6874229335458841,0.6843544060032049,0.6731840532718073,0.001640768744574587,0.0,0.0,0.0,0.001640768744574587
22.80000000000019,0.5,10.575000000000085,-2.374049250282553,1.2716096266524914,2.4052243611381527,1.2716096266524914,-2.374049250282553,-7.733349812727624,-7.733349812728989,0.6735505833606312,0.6847452609176372,0.6878223170211112,0.6847452609176372,0.6735505833606312,0.0016566938338878213,0.0,0.0,0.0,0.0016566938338878213
22.90000000000019,0.5,10.625000000000085,-2.352842462667695,1.3006756912187711,2.4375047897273703,1.3006756912187711,-2.352842462667695,-7.718601426941348,-7.718601426942712,0.6739138245465438,0.6851326254282875,0.6882181405722543,0.6851326254282875,0.6739138245465438,0.0016724806855776214,0.0,0.0,0.0,0.0016724806855776214
23.000000000000192,0.5,10.675000000000086,-2.3316695549247015,1.3296446303547214,2.469662168436116,1.3296446303547214,-2.3316695549247015,-7.703836606682557,-7.703836606683922,0.6742738210376739,0.6855165444114827,0.6886104496443105,0.6855165444114827,0.6742738210376739,0.0016881269413546722,0.0,0.0,0.0,0.0016881269413546722
23.100000000000193,0.5,10.725000000000087,-2.310530260259327,1.3585172503219383,2.501697514919613,1.3585172503219383,-2.310530260259327,-7.689055493248759,-7.68905549325018,0.6746306162750577,0.685897061985903,0.6889992889207256,0.685897061985903,0.6746306162750577,0.0017036303129178978,0.0,0.0,0.0,0.0017036303129178978
23.200000000000195,0.5,10.775000000000087,-2.2894243150032025,1.3872943492017384,2.5336118372497936,1.3872943492017384,-2.2894243150032025,-7.674258226792915,-7.674258226794336,0.6749842529487129,0.686274221528824,0.6893847023396226,0.686274221528824,0.6749842529487129,0.0017189885820472998,0.0,0.0,0.0,0.0017189885820472998
23.300000000000196,0.5,10.825000000000088,-2.2683514585485796,1.4159767169946917,2.5654061340038083,1.4159767169946917,-2.2683514585485796,-7.659444946334872,-7.6594449463362935,0.6753347730132848,0.6866480656918914,0.6897667331095452,0.6866480656918914,0.6753347730132848,0.0017341996006593184,0.0,0.0,0.0,0.0017341996006593184
23.400000000000198,0.5,10.875000000000089,-2.2473114332956925,1.444565135738344,2.5970813943689564,1.444565135738344,-2.2473114332956925,-7.6446157897732405,-7.644615789774662,0.675682217703263,0.6870186364165329,0.6901454237248534,0.6870186364165329,0.675682217703263,0.0017492612908271395,0.0,0.0,0.0,0.0017492612908271395
23.5000000000002,0.5,10.92500000000009,-2.226303984579431,1.4730603796087962,2.6286385982417073,1.4730603796087962,-2.226303984579431,-7.629770893896875,-7.629770893898296,0.6760266275478842,0.687385974948947,0.6905208159807052,0.687385974948947,0.6760266275478842,0.0017641716447678222,0.0,0.0,0.0,0.0017641716447678222
23.6000000000002,0.5,10.97500000000009,-2.205328860622501,1.5014632150289344,2.6600787163220048,1.5014632150289344,-2.205328860622501,-7.614910394396077,-7.614910394397555,0.6763680423855916,0.687750121854726,0.6908929509876555,0.687750121854726,0.6763680423855916,0.001778928724798171,0.0,0.0,0.0,0.001778928724798171
23.700000000000202,0.5,11.025000000000091,-2.1843858124645408,1.5297744007682468,2.691402710211605,1.5297744007682468,-2.1843858124645408,-7.60003442587373,-7.600034425875208,0.6767065013782063,0.688111117033096,0.6912618691858916,0.688111117033096,0.6767065013782063,0.0017935306632614481,0.0,0.0,0.0,0.0017935306632614481
23.800000000000203,0.5,11.075000000000092,-2.1634745939238655,1.5579946880451416,2.7226115325075853,1.5579946880451416,-2.1634745939238655,-7.585143121856163,-7.585143121857641,0.6770420430246605,0.6884689997308009,0.6916276103591104,0.6884689997308009,0.6770420430246605,0.0018079756624262064,0.0,0.0,0.0,0.0018079756624262064
23.900000000000205,0.5,11.125000000000092,-2.142594961524537,1.5861248206293226,2.753706126897896,1.5861248206293226,-2.142594961524537,-7.570236614803775,-7.570236614805253,0.6773747051744956,0.6888238085556497,0.6919902136480443,0.6888238085556497,0.6773747051744956,0.0018222619943595638,0.0,0.0,0.0,0.0018222619943595638
24.000000000000206,0.5,11.175000000000093,-2.1217466744549256,1.6141655349327948,2.7846874282534486,1.6141655349327948,-2.1217466744549256,-7.55531503612184,-7.555315036123261,0.6777045250409409,0.689175581489694,0.6923497175636538,0.689175581489694,0.6777045250409409,0.0018363880007758134,0.0,0.0,0.0,0.0018363880007758134
24.100000000000207,0.5,11.225000000000094,-2.1009294945150145,1.6421175601120694,2.8155563627241804,1.6421175601120694,-2.1009294945150145,-7.540378516170449,-7.54037851617187,0.6780315392137116,0.6895243559021114,0.6927061599999991,0.6895243559021114,0.6780315392137116,0.0018503520928624597,0.0,0.0,0.0,0.0018503520928624597
24.20000000000021,0.5,11.275000000000095,-2.0801431860679713,1.6699816181603637,2.8463138478214205,1.6699816181603637,-2.0801431860679713,-7.525427184275088,-7.525427184276566,0.6783557836714854,0.6898701685617483,0.6930595782467605,0.6898701685617483,0.6783557836714854,0.0018641527510848818,0.0,0.0,0.0,0.0018641527510848818
24.30000000000021,0.5,11.325000000000095,-2.059387515995411,1.6977584239972998,2.876960792521345,1.6977584239972998,-2.059387515995411,-7.510461168736526,-7.510461168738061,0.6786772937940687,0.6902130556493471,0.6934100090015116,0.6902130556493471,0.6786772937940687,0.0018777885249709626,0.0,0.0,0.0,0.0018777885249709626
24.40000000000021,0.5,11.375000000000096,-2.0386622536332766,1.7254486855608206,2.9074980973412607,1.7254486855608206,-2.0386622536332766,-7.49548059684065,-7.495480596842185,0.6789961043743272,0.6905530527694852,0.6937574883816182,0.6905530527694852,0.6789961043743272,0.001891258032877039,0.0,0.0,0.0,0.001891258032877039
24.500000000000213,0.5,11.425000000000097,-2.0179671707277294,1.753053103899333,2.9379266544355573,1.753053103899333,-2.0179671707277294,-7.480485594868014,-7.480485594869663,0.6793122495829401,0.6908901949622241,0.6941020519359045,0.6908901949622241,0.6793122495829401,0.001904559656409868,0.0,0.0,0.0,0.001904559656409868
24.600000000000215,0.5,11.475000000000097,-1.9973020412777487,1.780572373256632,2.968247347684894,1.780572373256632,-1.9973020412777487,-7.465476288103503,-7.465476288105208,0.679625762939906,0.6912245167144583,0.694443734656019,0.6912245167144583,0.679625762939906,0.0019176899586093085,0.0,0.0,0.0,0.0019176899586093085
24.700000000000216,0.5,11.525000000000098,-1.9766666416695102,1.8080071811604057,2.9984610527766336,1.8080071811604057,-1.9766666416695102,-7.450452800845255,-7.450452800847017,0.6799366775174019,0.6915560519710016,0.6947825709875036,0.6915560519710016,0.6799366775174019,0.0019306467280492793,0.0,0.0,0.0,0.0019306467280492793
24.800000000000217,0.5,11.575000000000099,-1.9560607505876533,1.8353582085055677,3.0285686372968144,1.8353582085055677,-1.9560607505876533,-7.435415256414444,-7.435415256416263,0.6802450258229119,0.6918848341453958,0.6951185948406289,0.6918848341453958,0.6802450258229119,0.001943428832495148,0.0,0.0,0.0,0.001943428832495148
24.90000000000022,0.5,11.6250000000001,-1.9354841489812316,1.8626261296364532,3.058570960811494,1.8626261296364532,-1.9354841489812316,-7.420363777164141,-7.420363777165903,0.6805508398323948,0.692210896130459,0.6954518396009459,0.692210896130459,0.6805508398323948,0.001956035317242343,0.0,0.0,0.0,0.001956035317242343
25.00000000000022,0.5,11.6750000000001,-1.9149366200080067,1.8898116124322542,3.0884688749491715,1.8898116124322542,-1.9149366200080067,-7.405298484488355,-7.4052984844901175,0.6808541510022256,0.6925342703085906,0.6957823381395875,0.6925342703085906,0.6808541510022256,0.001968465302726561,0.0,0.0,0.0,0.001968465302726561
25.10000000000022,0.5,11.725000000000101,-1.894417949007618,1.9169153183802905,3.118263223489464,1.9169153183802905,-1.894417949007618,-7.390219498831016,-7.390219498832778,0.6811549902793244,0.6928549885618043,0.696110122823345,0.6928549885618043,0.6811549902793244,0.0019807179758197743,0.0,0.0,0.0,0.0019807179758197743
25.200000000000223,0.5,11.775000000000102,-1.8739279234558808,1.943937902666221,3.1479548424390487,1.943937902666221,-1.8739279234558808,-7.37512693969461,-7.375126939696372,0.6814533881109731,0.6931730822815659,0.6964352255244747,0.6931730822815659,0.6814533881109731,0.0019927925888339262,0.0,0.0,0.0,0.0019927925888339262
25.300000000000225,0.5,11.825000000000102,-1.8534663329375007,1.970880014234865,3.1775445601195997,1.970880014234865,-1.8534663329375007,-7.360020925648712,-7.360020925650474,0.6817493744543451,0.6934885823783283,0.6967576776303059,0.6934885823783283,0.6817493744543451,0.002004688459149404,0.0,0.0,0.0,0.002004688459149404
25.400000000000226,0.5,11.875000000000103,-1.8330329691054317,1.9977422958836542,3.2070331972419694,1.9977422958836542,-1.8330329691054317,-7.344901574338735,-7.344901574340554,0.6820429787858552,0.6938015192909249,0.6970775100525909,0.6938015192909249,0.6820429787858552,0.002016404968884099,0.0,0.0,0.0,0.002016404968884099
25.500000000000227,0.5,11.925000000000104,-1.8126276256472806,2.02452538432982,3.2364215669912255,2.02452538432982,-1.8126276256472806,-7.329769002494004,-7.329769002495823,0.6823342301102744,0.6941119229956807,0.6973947532366614,0.6941119229956807,0.6823342301102744,0.002027941564555797,0.0,0.0,0.0,0.002027941564555797
25.60000000000023,0.5,11.975000000000104,-1.7922500982534757,2.0512299102788916,3.265710475098672,2.0512299102788916,-1.7922500982534757,-7.314623325936111,-7.31462332593793,0.6826231569696295,0.6944198230153131,0.6977094371703481,0.6944198230153131,0.6826231569696295,0.0020392977567346956,0.0,0.0,0.0,0.0020392977567346956
25.70000000000023,0.5,12.025000000000105,-1.7719001845848652,2.0778564985073444,3.2949007199250673,2.0778564985073444,-1.7719001845848652,-7.299464659587102,-7.2994646595890345,0.6829097874519093,0.6947252484276667,0.698021591392715,0.6947252484276667,0.6829097874519093,0.0020504731196868127,0.0,0.0,0.0,0.0020504731196868127
25.80000000000023,0.5,12.075000000000106,-1.7515776842445234,2.1044057679280286,3.3239930925354884,2.1044057679280286,-1.7515776842445234,-7.284293117477546,-7.2842931174794785,0.6831941491995555,0.6950282278742006,0.6983312450025809,0.6950282278742006,0.6831941491995555,0.0020614672910089144,0.0,0.0,0.0,0.0020614672910089144
25.900000000000233,0.5,12.125000000000107,-1.7312823987380739,2.1308783316617337,3.3529883767776596,2.1308783316617337,-1.7312823987380739,-7.269108812754155,-7.269108812756144,0.6834762694177962,0.695328789568301,0.6986384266668481,0.695328789568301,0.6834762694177962,0.002072279971255787,0.0,0.0,0.0,0.002072279971255787
26.000000000000234,0.5,12.175000000000107,-1.7110141314491898,2.1572747971079025,3.3818873493530646,2.1572747971079025,-1.7110141314491898,-7.253911857688024,-7.253911857690014,0.6837561748827532,0.6956269613034004,0.6989431646286266,0.6956269613034004,0.6837561748827532,0.002082910923560381,0.0,0.0,0.0,0.002082910923560381
26.100000000000236,0.5,12.225000000000108,-1.6907726876101492,2.1835957660090344,3.4106907798966972,2.1835957660090344,-1.6907726876101492,-7.238702363681853,-7.238702363683899,0.6840338919493801,0.6959227704608969,0.6992454867151996,0.6959227704608969,0.6840338919493801,0.002093359973247859,0.0,0.0,0.0,0.002093359973247859
26.200000000000237,0.5,12.275000000000109,-1.6705578742806324,2.209841834520603,3.4393994310430003,2.209841834520603,-1.6705578742806324,-7.223480441278014,-7.223480441280003,0.6843094465591947,0.6962162440179083,0.6995454203457679,0.6962162440179083,0.6843094465591947,0.0021036270074439346,0.0,0.0,0.0,0.0021036270074439346
26.30000000000024,0.5,12.32500000000011,-1.6503695003059988,2.2360135932744356,3.468014058506469,2.2360135932744356,-1.6503695003059988,-7.208246200165661,-7.2082462001675935,0.6845828642479088,0.6965074085548368,0.6998429925390631,0.6965074085548368,0.6845828642479088,0.0021137119746783336,0.0,0.0,0.0,0.0021137119746783336
26.40000000000024,0.5,12.37500000000011,-1.6302073762972213,2.2621116274503947,3.496535411149921,2.2621116274503947,-1.6302073762972213,-7.192999749188289,-7.192999749190278,0.6848541701528184,0.6967962902627862,0.7001382299207585,0.6967962902627862,0.6848541701528184,0.002123614884483526,0.0,0.0,0.0,0.002123614884483526
26.50000000000024,0.5,12.42500000000011,-1.6100713146071257,2.288136516825432,3.524964231055776,2.288136516825432,-1.6100713146071257,-7.177741196351235,-7.177741196353281,0.6851233890200457,0.6970829149507524,0.7004311587307214,0.6970829149507524,0.6851233890200457,0.0021333358069897473,0.0,0.0,0.0,0.0021333358069897473
26.600000000000243,0.5,12.475000000000112,-1.5899611293025373,2.314088835849418,3.5533012535975104,2.314088835849418,-1.5899611293025373,-7.1624706488286165,-7.162470648830606,0.6853905452116362,0.6973673080527254,0.7007218048301059,0.6973673080527254,0.6853905452116362,0.0021428748725166673,0.0,0.0,0.0,0.0021428748725166673
26.700000000000244,0.5,12.525000000000112,-1.5698766361444996,2.3399691537055674,3.5815472075096295,2.3399691537055674,-1.5698766361444996,-7.147188212970377,-7.14718821297248,0.6856556627124692,0.6976494946345946,0.7010101937082859,0.6976494946345946,0.6856556627124692,0.0021522322711620043,0.0,0.0,0.0,0.0021522322711620043
26.800000000000246,0.5,12.575000000000113,-1.5498176525482563,2.365778034363359,3.6097028149505945,2.365778034363359,-1.5498176525482563,-7.131893994309735,-7.131893994311838,0.685918765137084,0.6979294994008829,0.7012963504896172,0.6979294994008829,0.685918765137084,0.0021614082523878897,0.0,0.0,0.0,0.0021614082523878897
26.900000000000247,0.5,12.625000000000114,-1.5297839975709735,2.3915160366483406,3.637768791580015,2.3915160366483406,-1.5297839975709735,-7.116588097569775,-7.116588097571878,0.6861798757362761,0.6982073467013746,0.7015802999400883,0.6982073467013746,0.6861798757362761,0.0021704031246048147,0.0,0.0,0.0,0.0021704031246048147
27.00000000000025,0.5,12.675000000000114,-1.5097754918929809,2.417183714292605,3.6657458466194726,2.417183714292605,-1.5097754918929809,-7.101270626670441,-7.101270626672601,0.6864390174035654,0.6984830605375512,0.7018620664737852,0.6984830605375512,0.6864390174035654,0.0021792172547543047,0.0,0.0,0.0,0.0021792172547543047
27.10000000000025,0.5,12.725000000000115,-1.4897919577881567,2.442781615997376,3.693634682924028,2.442781615997376,-1.4897919577881567,-7.085941684735246,-7.0859416847373495,0.686696212681564,0.6987566645689168,0.7021416741592428,0.6987566645689168,0.686696212681564,0.002187851067890364,0.0,0.0,0.0,0.002187851067890364
27.20000000000025,0.5,12.775000000000116,-1.469833219060149,2.4683102854924073,3.7214359970420787,2.4683102854924073,-1.469833219060149,-7.070601374097976,-7.070601374100022,0.6869514836914965,0.6990281821191783,0.7024191467256273,0.6990281821191783,0.6869514836914965,0.0021963044980767,0.0,0.0,0.0,0.0021963044980767
27.300000000000253,0.5,12.825000000000117,-1.4498991008968005,2.4937702615860076,3.7491504792805017,2.4937702615860076,-1.4498991008968005,-7.055249796308885,-7.055249796310932,0.6872048520756224,0.6992976361822695,0.702694507568803,0.6992976361822695,0.6872048520756224,0.0022045743531642933,0.0,0.0,0.0,0.0022045743531642933
27.400000000000254,0.5,12.875000000000117,-1.4299894300741016,2.519162078230522,3.776778813776218,2.519162078230522,-1.4299894300741016,-7.039887052141182,-7.039887052143229,0.6874563393304816,0.6995650494282821,0.7029677797572812,0.6995650494282821,0.6874563393304816,0.0022126598263885237,0.0,0.0,0.0,0.0022126598263885237
27.500000000000256,0.5,12.925000000000118,-1.4101040349001437,2.5444862645682633,3.804321678552469,2.5444862645682633,-1.4101040349001437,-7.024513241597731,-7.0245132415997205,0.6877059665837392,0.6998304442092242,0.7032389860380078,0.6998304442092242,0.6877059665837392,0.0022205617886863643,0.0,0.0,0.0,0.0022205617886863643
27.600000000000257,0.5,12.975000000000119,-1.3902427451754988,2.5697433449911955,3.8317797455885056,2.5697433449911955,-1.3902427451754988,-7.009128463917193,-7.009128463919183,0.6879537546443765,0.7000938425646859,0.7035081488420575,0.7000938425646859,0.6879537546443765,0.0022282812744819904,0.0,0.0,0.0,0.0022282812744819904
27.70000000000026,0.5,13.02500000000012,-1.3704053921808281,2.594933839190105,3.859153680871941,2.594933839190105,-1.3704053921808281,-6.993732817580678,-6.993732817582668,0.6881997240111878,0.7003552662273624,0.703775290290165,0.7003552662273624,0.6881997240111878,0.002235819364604892,0.0,0.0,0.0,0.002235819364604892
27.80000000000026,0.5,13.07500000000012,-1.3505918086471524,2.6200582622050206,3.886444144468328,2.6200582622050206,-1.3505918086471524,-6.978326400317883,-6.978326400319872,0.6884438948781826,0.7006147366284586,0.7040404321981846,0.7006147366284586,0.6884438948781826,0.0022431771807303936,0.0,0.0,0.0,0.0022431771807303936
27.90000000000026,0.5,13.12500000000012,-1.3308018287485197,2.645117124483079,3.913651790580559,2.645117124483079,-1.3308018287485197,-6.962909309113115,-6.962909309115048,0.688686287139664,0.7008722749030017,0.7043035960824073,0.7008722749030017,0.688686287139664,0.0022503558854585584,0.0,0.0,0.0,0.0022503558854585584
28.000000000000263,0.5,13.175000000000122,-1.3110352880715368,2.6701109319225793,3.940777267605597,2.6701109319225793,-1.3110352880715368,-6.947481640211663,-6.947481640213596,0.6889269203952674,0.701127901895008,0.7045648031647614,0.701127901895008,0.6889269203952674,0.002257356682638894,0.0,0.0,0.0,0.002257356682638894
28.100000000000264,0.5,13.225000000000122,-1.291292023609799,2.6950401859240287,3.967821218196889,2.6950401859240287,-1.291292023609799,-6.9320434891257605,-6.93204348912775,0.6891658139548275,0.7013816381625543,0.7048240743779186,0.7013816381625543,0.6891658139548275,0.0022641808176681075,0.0,0.0,0.0,0.0022641808176681075
28.200000000000266,0.5,13.275000000000123,-1.2715718737345014,2.7199053834445976,3.994784279320868,2.7199053834445976,-1.2715718737345014,-6.916594950640501,-6.916594950642491,0.6894029868432225,0.7016335039827585,0.7050814303702767,0.7016335039827585,0.6894029868432225,0.0022708295777497237,0.0,0.0,0.0,0.0022708295777497237
28.300000000000267,0.5,13.325000000000124,-1.2518746781847199,2.744707017038934,4.0216670823141385,2.744707017038934,-1.2518746781847199,-6.901136118819693,-6.901136118821682,0.6896384578050633,0.7018835193566167,0.7053368915108454,0.7018835193566167,0.6896384578050633,0.002277304292117207,0.0,0.0,0.0,0.002277304292117207
28.40000000000027,0.5,13.375000000000124,-1.2322002780437629,2.769445574912254,4.048470252950381,2.769445574912254,-1.2322002780437629,-6.885667087011939,-6.885667087013985,0.6898722453093392,0.7021317040137751,0.7055904778940537,0.7021317040137751,0.6898722453093392,0.002283606332222853,0.0,0.0,0.0,0.002283606332222853
28.50000000000027,0.5,13.425000000000125,-1.2125485157273488,2.7941215409637152,4.075194411481277,2.7941215409637152,-1.2125485157273488,-6.870187947856323,-6.870187947858312,0.6901043675539339,0.7023780774171753,0.7058422093443926,0.7023780774171753,0.6901043675539339,0.0022897371118946828,0.0,0.0,0.0,0.0022897371118946828
28.60000000000027,0.5,13.475000000000126,-1.192919234970077,2.8187353948364944,4.101840172700577,2.8187353948364944,-1.192919234970077,-6.854698793287923,-6.854698793289856,0.6903348424700637,0.7026226587676251,0.7060921054210197,0.7026226587676251,0.6903348424700637,0.0022956980874634624,0.0,0.0,0.0,0.0022956980874634624
28.700000000000273,0.5,13.525000000000126,-1.173312280799621,2.843287611961955,4.128408146002869,2.843287611961955,-1.173312280799621,-6.839199714543781,-6.839199714545714,0.6905636877266623,0.7028654670082588,0.7063401854222628,0.7028654670082588,0.6905636877266623,0.0023014907578616877,0.0,0.0,0.0,0.0023014907578616877
28.800000000000274,0.5,13.575000000000127,-1.153727499505294,2.867778663602735,4.154898935434574,2.867778663602735,-1.153727499505294,-6.823690802168301,-6.82369080217029,0.6907909206652038,0.7031065208289022,0.7065864683900064,0.7031065208289022,0.6907909206652038,0.002307116097821107,0.0,0.0,0.0,0.002307116097821107
28.900000000000276,0.5,13.625000000000128,-1.134164738457116,2.892209016898846,4.181313139743679,2.892209016898846,-1.134164738457116,-6.808172146018478,-6.808172146020468,0.6910165581961348,0.7033458386703588,0.7068309731139871,0.7033458386703588,0.6910165581961348,0.002312571525362659,0.0,0.0,0.0,0.002312571525362659
29.000000000000277,0.5,13.675000000000129,-1.1146238463297777,2.916579134919573,4.207651352445907,2.916579134919573,-1.1146238463297777,-6.792643835269246,-6.792643835271235,0.6912406171961447,0.7035834387286254,0.707073718136049,0.7035834387286254,0.6912406171961447,0.0023178570302324077,0.0,0.0,0.0,0.0023178570302324077
29.10000000000028,0.5,13.72500000000013,-1.0951046730580174,2.9408894766966682,4.233914161863652,2.9408894766966682,-1.0951046730580174,-6.777105958418986,-6.777105958420975,0.6914631142524974,0.7038193389589725,0.7073147217542394,0.7038193389589725,0.6914631142524974,0.0023229746617702473,0.0,0.0,0.0,0.0023229746617702473
29.20000000000028,0.5,13.77500000000013,-1.075607069806324,2.9651404972727278,4.26010215118373,2.9651404972727278,-1.075607069806324,-6.7615586032949295,-6.761558603296976,0.6916840657138557,0.7040535570799786,0.7075540020268707,0.7040535570799786,0.6916840657138557,0.002327926602833212,0.0,0.0,0.0,0.002327926602833212
29.30000000000028,0.5,13.82500000000013,-1.0561308889716656,2.989332647737399,4.286215898511728,2.989332647737399,-1.0561308889716656,-6.746001857058786,-6.746001857060833,0.6919034876986625,0.7042861105774617,0.707791576776498,0.7042861105774617,0.6919034876986625,0.0023327150549739936,0.0,0.0,0.0,0.0023327150549739936
29.400000000000283,0.5,13.875000000000131,-1.0366759841438693,3.01346637527746,4.312255976917015,3.01346637527746,-1.0366759841438693,-6.730435806211574,-6.73043580621362,0.692121396098729,0.7045170167083593,0.7080274635937879,0.7045170167083593,0.692121396098729,0.002337342237024848,0.0,0.0,0.0,0.002337342237024848
29.500000000000284,0.5,13.925000000000132,-1.017242210110851,3.0375421232070607,4.338222954494768,3.0375421232070607,-1.017242210110851,-6.714860536599247,-6.714860536601293,0.692337806582521,0.7047462925044834,0.7082616798413587,0.7047462925044834,0.692337806582521,0.0023418103865308526,0.0,0.0,0.0,0.0023418103865308526
29.600000000000286,0.5,13.975000000000133,-0.9978294228342861,3.0615603310135953,4.364117394400864,3.0615603310135953,-0.9978294228342861,-6.699276133417754,-6.699276133419744,0.6925527345984762,0.7049739547762417,0.7084942426574752,0.7049739547762417,0.6925527345984762,0.0023461217611467876,0.0,0.0,0.0,0.0023461217611467876
29.700000000000287,0.5,14.025000000000134,-0.9784374794387531,3.0855214344014144,4.389939854911859,3.0855214344014144,-0.9784374794387531,-6.683682681217874,-6.683682681219864,0.692766195378237,0.7052000201162816,0.7087251689597307,0.7052000201162816,0.692766195378237,0.0023502786399290346,0.0,0.0,0.0,0.0023502786399290346
29.80000000000029,0.5,14.075000000000134,-0.9590662382058781,3.1094258653188263,4.415690889467726,3.1094258653188263,-0.9590662382058781,-6.6680802639109515,-6.668080263912884,0.6929782039398266,0.7054245049030146,0.7089544754486203,0.7054245049030146,0.6929782039398266,0.002354283324527689,0.0,0.0,0.0,0.002354283324527689
29.90000000000029,0.5,14.125000000000135,-0.9397155585505175,3.1332740520125526,4.4413710467229635,3.1332740520125526,-0.9397155585505175,-6.652468964773107,-6.652468964775096,0.6931887750908212,0.7056474253041485,0.7091821786110594,0.7056474253041485,0.6931887750908212,0.002358138140285068,0.0,0.0,0.0,0.002358138140285068
30.00000000000029,0.5,14.175000000000136,-0.9203853009690874,3.157066419054388,4.466980870596672,3.157066419054388,-0.9203853009690874,-6.636848866450919,-6.636848866452965,0.6933979233312006,0.7058687972800749,0.7094082947238378,0.7058687972800749,0.6933979233312006,0.0023618444965167527,0.0,0.0,0.0,0.0023618444965167527
30.100000000000293,0.5,14.225000000000136,-0.9010753269017187,3.1808033873809336,4.49252090031473,3.1808033873809336,-0.9010753269017187,-6.621220050965462,-6.621220050967565,0.6936056628152432,0.7060886365872233,0.7096328398569812,0.7060886365872233,0.6936056628152432,0.0023653997729830224,0.0,0.0,0.0,0.0023653997729830224
30.200000000000294,0.5,14.275000000000137,-0.881785498945078,3.204485374340777,4.517991670460901,3.204485374340777,-0.881785498945078,-6.605582599717309,-6.605582599719412,0.6938120077171208,0.7063069587813791,0.7098558298770752,0.7063069587813791,0.6938120077171208,0.0023688057148196977,0.0,0.0,0.0,0.0023688057148196977
30.300000000000296,0.5,14.325000000000138,-0.8625156808086558,3.2281127937167184,4.543393711018666,3.2281127937167184,-0.8625156808086558,-6.589936593491473,-6.589936593493576,0.6940169719585784,0.7065237792208594,0.7100772804504969,0.7065237792208594,0.6940169719585784,0.00237206536563066,0.0,0.0,0.0,0.00237206536563066
30.400000000000297,0.5,14.375000000000139,-0.8432657372900962,3.2516860557749396,4.568727547419087,3.2516860557749396,-0.8432657372900962,-6.574282112462129,-6.574282112464232,0.6942205692748648,0.7067391130697075,0.7102972070466083,0.7067391130697075,0.6942205692748648,0.0023751817700490944,0.0,0.0,0.0,0.0023751817700490944
30.5000000000003,0.5,14.42500000000014,-0.8240355342639987,3.2752055672897313,4.593993700586566,3.2752055672897313,-0.8240355342639987,-6.558619236197501,-6.558619236199604,0.6944228132181944,0.7069529753007592,0.7105156249408747,0.7069529753007592,0.6944228132181944,0.0023781579620116306,0.0,0.0,0.0,0.0023781579620116306
30.6000000000003,0.5,14.47500000000014,-0.8048249386680482,3.298671731590275,4.619192686980114,3.298671731590275,-0.8048249386680482,-6.542948043664694,-6.542948043666797,0.6946237171599804,0.7071653806987086,0.710732549217919,0.7071653806987086,0.6946237171599804,0.002380996967969403,0.0,0.0,0.0,0.002380996967969403
30.7000000000003,0.5,14.52500000000014,-0.7856338185068807,3.3220849485801978,4.644325018644338,3.3220849485801978,-0.7856338185068807,-6.527268613234185,-6.527268613236288,0.6948232942930123,0.7073763438630424,0.71094799477454,0.7073763438630424,0.6948232942930123,0.002383701810001496,0.0,0.0,0.0,0.002383701810001496
30.800000000000303,0.5,14.575000000000141,-0.7664620428101898,3.3454456147840688,4.669391203241503,3.3454456147840688,-0.7664620428101898,-6.511581022684538,-6.5115810226866415,0.6950215576337551,0.7075858792109954,0.7111619763226268,0.7075858792109954,0.6950215576337551,0.002386275508699334,0.0,0.0,0.0,0.002386275508699334
30.900000000000304,0.5,14.625000000000142,-0.7473094816334083,3.368754123375311,4.694391744103825,3.368754123375311,-0.7473094816334083,-6.495885349206901,-6.495885349209004,0.6952185199751308,0.707794000980392,0.711374508392071,0.707794000980392,0.6952185199751308,0.002388720549464617,0.0,0.0,0.0,0.002388720549464617
31.000000000000306,0.5,14.675000000000143,-0.7281760058953637,3.3920108642148534,4.719327140275823,3.3920108642148534,-0.7281760058953637,-6.480181669409376,-6.480181669411479,0.6954141937194727,0.708000723232472,0.7115856053335953,0.708000723232472,0.6954141937194727,0.0023910353112928007,0.0,0.0,0.0,0.0023910353112928007
31.100000000000307,0.5,14.725000000000144,-0.709061487525048,3.4152162238818846,4.74419788654825,3.4152162238818846,-0.709061487525048,-6.4644700593211155,-6.464470059323332,0.6956085913338909,0.708206059854637,0.7117952813215155,0.708206059854637,0.6956085913338909,0.0023932212302517977,0.0,0.0,0.0,0.0023932212302517977
31.20000000000031,0.5,14.775000000000144,-0.6899657994904373,3.4383705857047744,4.769004473511757,3.4383705857047744,-0.6899657994904373,-6.4487505943973815,-6.448750594399542,0.6958017250829026,0.708410024563147,0.7120035503564933,0.708410024563147,0.6958017250829026,0.0023952820932360654,0.0,0.0,0.0,0.0023952820932360654
31.30000000000031,0.5,14.825000000000145,-0.6708888157587012,3.461474329798989,4.793747387588496,3.461474329798989,-0.6708888157587012,-6.433023349523296,-6.433023349525456,0.6959936070730233,0.7086126309057861,0.7122104262681879,0.7086126309057861,0.6959936070730233,0.002397221668984766,0.0,0.0,0.0,0.002397221668984766
31.40000000000031,0.5,14.875000000000146,-0.6518304112929059,3.484527833090965,4.818427111075096,3.484527833090965,-0.6518304112929059,-6.417288399018901,-6.417288399021061,0.696184249258837,0.7088138922644437,0.7124159227178848,0.7088138922644437,0.696184249258837,0.0023990436818901333,0.0,0.0,0.0,0.0023990436818901333
31.500000000000313,0.5,14.925000000000146,-0.6327904620407026,3.5075314693531823,4.84304412218404,3.5075314693531823,-0.6327904620407026,-6.401545816643306,-6.40154581664541,0.696373663444297,0.7090138218576699,0.7126200532010739,0.7090138218576699,0.696373663444297,0.0024007518177991986,0.0,0.0,0.0,0.0024007518177991986
31.600000000000314,0.5,14.975000000000147,-0.6137688449227312,3.530485609233665,4.867598895081926,3.530485609233665,-0.6137688449227312,-6.385795675598899,-6.385795675601059,0.696561861284054,0.709212432743181,0.7128228310499735,0.709212432743181,0.696561861284054,0.0024023497296891913,0.0,0.0,0.0,0.0024023497296891913
31.700000000000315,0.5,15.025000000000148,-0.5947654377052345,3.5533906202869616,4.892091899927777,3.5533906202869616,-0.5947654377052345,-6.370038048535605,-6.370038048537822,0.6967488540292689,0.7094097378203127,0.7130242694360036,0.7094097378203127,0.6967488540292689,0.002403837166939599,0.0,0.0,0.0,0.002403837166939599
31.800000000000317,0.5,15.075000000000149,-0.5757801190417808,3.5762468670092744,4.916523602916698,3.5762468670092744,-0.5757801190417808,-6.35427300755498,-6.354273007557197,0.696934652948983,0.7096057498324424,0.7132243813722355,0.7096057498324424,0.696934652948983,0.0024052146123530577,0.0,0.0,0.0,0.0024052146123530577
31.90000000000032,0.5,15.12500000000015,-0.5568127685695003,3.599054710866426,4.940894466315456,3.599054710866426,-0.5568127685695003,-6.338500624214021,-6.3385006242162945,0.6971192692032085,0.7098004813693554,0.713423179715771,0.7098004813693554,0.6971192692032085,0.0024064864847105614,0.0,0.0,0.0,0.0024064864847105614
32.00000000000032,0.5,15.17500000000015,-0.5378632668744103,3.6218145103151187,4.965204948498297,3.6218145103151187,-0.5378632668744103,-6.322720969529996,-6.322720969532213,0.6973027138068931,0.7099939448695369,0.7136206771700802,0.7099939448695369,0.6973027138068931,0.0024076572408094645,0.0,0.0,0.0,0.0024076572408094645
32.100000000000314,0.5,15.22500000000015,-0.5189314954948259,3.6445266208434077,4.989455503984914,3.6445266208434077,-0.5189314954948259,-6.306934113984255,-6.306934113986415,0.6974849976464839,0.710186152622487,0.7138168862873048,0.710186152622487,0.6974849976464839,0.002408731245086402,0.0,0.0,0.0,0.002408731245086402
32.20000000000031,0.5,15.275000000000151,-0.5000173368764536,3.6671913949898567,5.013646583479613,3.6671913949898567,-0.5000173368764536,-6.2911401275264325,-6.291140127528536,0.6976661314595579,0.710377116770927,0.7140118194705225,0.710377116770927,0.6976661314595579,0.0024097124804394986,0.0,0.0,0.0,0.0024097124804394986
32.3000000000003,0.5,15.325000000000152,-0.48112067427388183,3.689809182379122,5.037778633908204,3.689809182379122,-0.48112067427388183,-6.275339079578373,-6.275339079580419,0.697846125583599,0.7105668493130183,0.7142054889759633,0.7105668493130183,0.697846125583599,0.002410599978349114,0.0,0.0,0.0,0.002410599978349114
32.4000000000003,0.5,15.375000000000153,-0.4622413918063444,3.712380329745713,5.061852098451027,3.712380329745713,-0.4622413918063444,-6.259531039037881,-6.259531039039928,0.6980249904644624,0.710755362104503,0.7143979069151811,0.710755362104503,0.6980249904644624,0.0024113963248682847,0.0,0.0,0.0,0.0024113963248682847
32.50000000000029,0.5,15.425000000000153,-0.44337937453906306,3.7349051809648017,5.085867416585074,3.7349051809648017,-0.44337937453906306,-6.2437160742831,-6.243716074285089,0.6982027364216763,0.7109426668608293,0.7145890852572061,0.7109426668608293,0.6982027364216763,0.0024121068256873508,0.0,0.0,0.0,0.0024121068256873508
32.600000000000286,0.5,15.475000000000154,-0.42453450845044927,3.7573840770764377,5.109825024109796,3.7573840770764377,-0.42453450845044927,-6.227894253176203,-6.227894253178192,0.698379373663187,0.711128775159221,0.7147790358306176,0.711128775159221,0.698379373663187,0.002412736581175983,0.0,0.0,0.0,0.002412736581175983
32.70000000000028,0.5,15.525000000000155,-0.40570668037037194,3.7798173563145383,5.133725353192403,3.7798173563145383,-0.40570668037037194,-6.21206564306766,-6.212065643069593,0.6985549121402662,0.7113136984407221,0.7149677703256345,0.7113136984407221,0.6985549121402662,0.0024132880177208725,0.0,0.0,0.0,0.0024132880177208725
32.800000000000274,0.5,15.575000000000156,-0.38689577789443774,3.8022053541318996,5.157568832394077,3.8022053541318996,-0.38689577789443774,-6.196230310799592,-6.196230310801582,0.6987293615831878,0.7114974480121944,0.7151553002961142,0.7114974480121944,0.6987293615831878,0.0024137606080774266,0.0,0.0,0.0,0.0024137606080774266
32.90000000000027,0.5,15.625000000000156,-0.36810168953172706,3.8245484032289596,5.181355886710207,3.8245484032289596,-0.36810168953172706,-6.180388322709916,-6.180388322711906,0.6989027318370049,0.7116800350482927,0.7153416371615596,0.7116800350482927,0.6989027318370049,0.002414160385137791,0.0,0.0,0.0,0.002414160385137791
33.00000000000026,0.5,15.675000000000157,-0.3493243046817156,3.8468468335788657,5.205086937601777,3.8468468335788657,-0.3493243046817156,-6.1645397446361585,-6.164539744638205,0.6990750325781533,0.7118614705933927,0.7155267922090618,0.7118614705933927,0.6990750325781533,0.0024144923897614157,0.0,0.0,0.0,0.0024144923897614157
33.10000000000026,0.5,15.725000000000158,-0.33056351350148816,3.869100972451008,5.2287624030262805,3.869100972451008,-0.33056351350148816,-6.14868464191926,-6.148684641921307,0.6992462730840622,0.7120417655634802,0.715710776595213,0.7120417655634802,0.6992462730840622,0.0024147554110083686,0.0,0.0,0.0,0.0024147554110083686
33.20000000000025,0.5,15.775000000000158,-0.3118192069958923,3.8913111444409196,5.252382697478197,3.8913111444409196,-0.3118192069958923,-6.132823079407046,-6.132823079409036,0.6994164628095879,0.7122209307480306,0.7158936013480082,0.7122209307480306,0.6994164628095879,0.002414955052946417,0.0,0.0,0.0,0.002414955052946417
33.300000000000246,0.5,15.82500000000016,-0.2930912769775773,3.9134776714909663,5.275948232010137,3.9134776714909663,-0.2930912769775773,-6.116955121458204,-6.116955121460194,0.6995856108235512,0.7123989768118238,0.7160752773686662,0.7123989768118238,0.6995856108235512,0.002415091472407314,0.0,0.0,0.0,0.002415091472407314
33.40000000000024,0.5,15.87500000000016,-0.27437961599997607,3.9356008729205314,5.2994594142763845,3.9356008729205314,-0.27437961599997607,-6.1010808319455805,-6.10108083194757,0.6997537260429633,0.7125759142967545,0.7162558154334754,0.7125759142967545,0.6997537260429633,0.0024151647933328474,0.0,0.0,0.0,0.0024151647933328474
33.500000000000234,0.5,15.92500000000016,-0.2556841164000616,3.9576810654530163,5.322916648564728,3.9576810654530163,-0.2556841164000616,-6.0852002742584546,-6.085200274260501,0.6999208132912428,0.7127517536236113,0.7164352261955799,0.7127517536236113,0.6999208132912428,0.002415174290015445,0.0,0.0,0.0,0.002415174290015445
33.60000000000023,0.5,15.975000000000161,-0.23700466904108453,3.9797185632814944,5.346320335817381,3.9797185632814944,-0.23700466904108453,-6.069313511298901,-6.0693135113009475,0.7000868778258594,0.7129265050939162,0.7166135201867049,0.7129265050939162,0.7000868778258594,0.002415174290015445,0.0,0.0,0.0,0.002415174290015445
33.70000000000022,0.5,16.02500000000016,-0.21834116967556838,4.001713678046656,5.369670873675773,4.001713678046656,-0.21834116967556838,-6.053420605493557,-6.053420605495603,0.7002519352834723,0.7131001788915089,0.716790707818918,0.7131001788915089,0.7002519352834723,0.002415174290015445,0.0,0.0,0.0,0.002415174290015445
33.80000000000022,0.5,16.075000000000156,-0.19969351532375867,4.023666718835898,5.392968656507492,4.023666718835898,-0.19969351532375867,-6.03752161880135,-6.037521618803453,0.7004159951852058,0.7132727850841539,0.7169667993863089,0.7132727850841539,0.7004159951852058,0.002415174290015445,0.0,0.0,0.0,0.002415174290015445
33.90000000000021,0.5,16.125000000000153,-0.1810616038225703,4.0455779922234,5.416214075428854,4.0455779922234,-0.1810616038225703,-6.021616612717253,-6.021616612719299,0.7005790669422671,0.713444333625231,0.7171418050666377,0.713444333625231,0.7005790669422671,0.002415174290015445,0.0,0.0,0.0,0.002415174290015445
34.000000000000206,0.5,16.17500000000015,-0.16244533381211568,4.067447802275694,5.439407518345945,4.067447802275694,-0.16244533381211568,-6.005705648275466,-6.005705648277456,0.7007411598575353,0.7136148343553039,0.7173157349229935,0.7136148343553039,0.7007411598575353,0.002415174290015445,0.0,0.0,0.0,0.002415174290015445
34.1000000000002,0.5,16.225000000000147,-0.1438446047237676,4.089276450582247,5.462549369971839,4.089276450582247,-0.1438446047237676,-5.989788786053168,-5.989788786055158,0.7009022831271122,0.7137842970037307,0.7174885989053722,0.7137842970037307,0.7009022831271122,0.002415174290015445,0.0,0.0,0.0,0.002415174290015445
34.200000000000195,0.5,16.275000000000144,-0.12525931677538438,4.111064236275638,5.485640011872135,4.111064236275638,-0.12525931677538438,-5.973866086174212,-5.973866086176201,0.7010624458418285,0.7139527311902185,0.7176604068522983,0.7139527311902185,0.7010624458418285,0.002415174290015445,0.0,0.0,0.0,0.002415174290015445
34.30000000000019,0.5,16.32500000000014,-0.10668937096068021,4.13281145605913,5.5086798224776885,4.13281145605913,-0.10668937096068021,-5.957937608312307,-5.957937608314296,0.7012216569887427,0.7141201464263723,0.7178311684923313,0.7141201464263723,0.7012216569887427,0.002415174290015445,0.0,0.0,0.0,0.002415174290015445
34.40000000000018,0.5,16.37500000000014,-0.08813466904877032,4.154518404222756,5.531669177120818,4.154518404222756,-0.08813466904877032,-5.942003411694714,-5.942003411696646,0.7013799254525921,0.7142865521171863,0.7180008934456132,0.7142865521171863,0.7013799254525921,0.002415174290015445,0.0,0.0,0.0,0.002415174290015445
34.50000000000018,0.5,16.425000000000136,-0.06959511356865278,4.176185372669067,5.55460844806521,4.176185372669067,-0.06959511356865278,-5.926063555105486,-5.926063555107362,0.7015372600172552,0.7144519575625371,0.7181695912253725,0.7144519575625371,0.7015372600172552,0.002415174290015445,0.0,0.0,0.0,0.002415174290015445
34.60000000000017,0.5,16.475000000000133,-0.05107060780727579,4.197812650935532,5.577498004528593,4.197812650935532,-0.05107060780727579,-5.9101180968889935,-5.910118096890869,0.701693669367158,0.7146163719586441,0.7183372712393836,0.7146163719586441,0.701693669367158,0.002415174290015445,0.0,0.0,0.0,0.002415174290015445
34.700000000000166,0.5,16.52500000000013,-0.03256105580487656,4.219400526214258,5.600338212713723,4.219400526214258,-0.03256105580487656,-5.894167094953104,-5.894167094955037,0.7018491620886607,0.7147798043994953,0.7185039427914243,0.7147798043994953,0.7018491620886607,0.002415174290015445,0.0,0.0,0.0,0.002415174290015445
34.80000000000016,0.5,16.575000000000127,-0.014066362338951421,4.24094928336973,5.623129435835551,4.24094928336973,-0.014066362338951421,-5.878210606772768,-5.878210606774758,0.702003746671458,0.7149422638782492,0.7186696150826999,0.7149422638782492,0.702003746671458,0.002415174290015445,0.0,0.0,0.0,0.002415174290015445
34.900000000000155,0.5,16.625000000000124,0.004413567065796542,4.262459204968877,5.645872034148624,4.262459204968877,0.004413567065796542,-5.862248689393255,-5.862248689395244,0.702157431509876,0.7151037592886402,0.7188342972132458,0.7151037592886402,0.702157431509876,0.002415174290015445,0.0,0.0,0.0,0.002415174290015445
34.900000000000155,0.5,16.625000000000124,0.004413567065796542,4.262459204968877,5.645872034148624,4.262459204968877,0.004413567065796542,-5.862248689393255,-5.862248689395244,0.702157431509876,0.7151037592886402,0.7188342972132458,0.7151037592886402,0.702157431509876,0.002415174290015445,0.0,0.0,0.0,0.002415174290015445
