time_s,current_A_cm2,charge_C_cm2,T1_C,T2_C,T3_C,T4_C,T5_C,left_plate_C,right_plate_C,V1_V,V2_V,V3_V,V4_V,V5_V,ice1,ice2,ice3,ice4,ice5,q1_W_cm2,q2_W_cm2,q3_W_cm2,q4_W_cm2,q5_W_cm2,mode1,mode2,mode3,mode4,mode5
0.0,0.0,0.0,-6.865690928295123,-6.687044578120663,-6.627394303971073,-6.687044578120663,-6.865690928295123,-7.100323894009591,-7.100323894009591,1.2471331660455454,1.2469753104282761,1.246922602209849,1.2469753104282761,1.2471331660455454,0.0,0.0,0.0,0.0,0.0,0.0,0.0,0.0,0.0,0.0,off,off,off,off,off
0.24999999999999997,0.0012499999999999998,0.00015625000000000003,-6.674102920149039,-6.559840748930128,-6.528394839939665,-6.559840598544781,-6.674095107866037,-7.103727136603197,-7.103727106338397,0.9189914410618334,0.9193490124093235,0.9194468077030867,0.9193490128770151,0.9189914653577513,0.0,0.0,0.0,0.0,0.0,0.49466,0.32,0.25,0.32,0.49468,hold,hold,hold,hold,hold
0.5,0.0025,0.0006249999999999998,-6.492752270228323,-6.431256256100028,-6.427113785153324,-6.43125570959603,-6.492737235781988,-7.105813413754333,-7.105813301413718,0.8854139613347652,0.8856025504701391,0.8856149548835042,0.8856025521066168,0.8854140063547574,0.0,0.0,0.0,0.0,0.0,0.49466,0.32,0.25,0.32,0.49468,hold,hold,hold,hold,hold
0.75,0.00375,0.001406249999999999,-6.320734712887372,-6.301621973572594,-6.323606106239254,-6.301620821171809,-6.320712991092762,-7.106659877711252,-7.1066596357455865,0.8650126092351301,0.8650752461947389,0.8650108649430347,0.8650752495695786,0.8650126728480326,0.0,0.0,0.0,0.0,0.0,0.49466,0.32,0.25,0.32,0.49468,hold,hold,hold,hold,hold
1.0,0.005,0.0024999999999999983,-6.157237474663759,-6.1712275658630915,-6.217952311070633,-6.171225629498679,-6.1572095506244295,-7.106337199529605,-7.106336784257223,0.8500017648275298,0.8499703207284379,0.8498356166266815,0.8499703263108201,0.8500018453298999,0.0,0.0,0.0,0.0,0.0,0.49466,0.32,0.25,0.32,0.49468,hold,hold,hold,hold,hold
1.2499999999999991,0.006249999999999996,0.003906249999999998,-6.001525261887366,-6.040322470058754,-6.110248535105654,-6.040319599606278,-6.001491575976445,-7.104910191905162,-7.104909563158117,0.8379453794266419,0.8378459807922206,0.837646799385128,0.8378459889685325,0.8379454753779618,0.0,0.0,0.0,0.0,0.0,0.49466,0.32,0.25,0.32,0.49468,hold,hold,hold,hold,hold
1.4999999999999982,0.007499999999999991,0.0056249999999999955,-5.852931449829043,-5.909120241006974,-6.0006015577261,-5.909116310914442,-5.852892402181112,-7.102438355120626,-7.1024374759265925,0.8277608868391779,0.8276157167529775,0.8273576452856162,0.827615727839779,0.8277609969909389,0.0,0.0,0.0,0.0,0.0,0.49466,0.32,0.25,0.32,0.49468,hold,hold,hold,hold,hold
1.7499999999999973,0.008749999999999987,0.007656249999999993,-5.710850880969815,-5.7778029526122054,-5.889125226710576,-5.777797858918063,-5.710806835491667,-7.09897636456293,-7.098975200857183,0.818872639538283,0.8187008444688344,0.8183893133347796,0.818700858723152,0.818872762793598,0.0,0.0,0.0,0.0,0.0,0.49466,0.32,0.25,0.32,0.49468,hold,hold,hold,hold,hold
1.9999999999999964,0.009999999999999983,0.00999999999999999,-5.5747336476824785,-5.646525233177897,-5.775937684130554,-5.646518890877132,-5.574684935646587,-7.094574508613391,-7.09457302897971,0.8109384310312747,0.8107566858385767,0.8103969902276783,0.8107567034663791,0.8109385664181152,0.0,0.0,0.0,0.0,0.0,0.49466,0.32,0.25,0.32,0.49468,hold,hold,hold,hold,hold
2.2499999999999956,0.011249999999999979,0.012656249999999985,-5.444079620351147,-5.5154178630230035,-5.661159162173988,-5.51541020369956,-5.444026543609141,-7.0892790830992,-7.08927725853755,0.8037386474292725,0.8035615533676224,0.8031588474052219,0.8035615745310506,0.8037387940810587,0.0,0.0,0.0,0.0,0.0,0.49466,0.32,0.25,0.32,0.49468,hold,hold,hold,hold,hold
2.4999999999999947,0.012499999999999973,0.01562499999999998,-5.318433589325593,-5.3845909460223425,-5.5449102220461555,-5.384581915772571,-5.318376423220059,-7.083132747266745,-7.083130550981821,0.7971242454877103,0.7969646321850087,0.796523914362596,0.796964657008488,0.7971244026282934,0.0,0.0,0.0,0.0,0.0,0.49466,0.32,0.25,0.32,0.49468,hold,hold,hold,hold,hold
2.749999999999994,0.013749999999999969,0.01890624999999997,-5.197380931483508,-5.254136690242603,-5.427310350957214,-5.2541262478143835,-5.197319927432375,-7.076174845460855,-7.076172252671427,0.7909896677370782,0.7908588332829803,0.7903849306437787,0.790858861858529,0.7909898346687878,0.0,0.0,0.0,0.0,0.0,0.49466,0.32,0.25,0.32,0.49468,hold,hold,hold,hold,hold
2.999999999999993,0.014999999999999965,0.022499999999999964,-5.080543733340505,-5.124131838188418,-5.30847685373476,-5.124119953353613,-5.080479121154724,-7.0684416981359846,-7.068438685904027,0.7852575989037512,0.7851655066543011,0.7846630607549991,0.7851655390460641,0.7852577749975816,0.0,0.0,0.0,0.0,0.0,0.49466,0.32,0.25,0.32,0.49468,hold,hold,hold,hold,hold
3.249999999999992,0.01624999999999996,0.026406249999999954,-4.967577315475921,-4.994639786660912,-5.1885239886622685,-4.994626438751254,-4.967509305458748,-7.059966865380773,-7.059963412455545,0.7798698489664101,0.7798252922468775,0.7792987480101077,0.7798253284951232,0.779870033653738,0.0,0.0,0.0,0.0,0.0,0.49466,0.32,0.25,0.32,0.49468,hold,hold,hold,hold,hold
3.499999999999991,0.017499999999999957,0.030624999999999944,-4.858167111845091,-4.865712433212138,-5.067562306496427,-4.865697609837753,-4.858095896659847,-7.050781385757432,-7.050777472435186,0.7747816273102527,0.7747923692749136,0.7742459669862126,0.7747924093994657,0.7747818200758461,0.0,0.0,0.0,0.0,0.0,0.49466,0.32,0.25,0.32,0.49468,hold,hold,hold,hold,hold
3.7499999999999902,0.01874999999999995,0.03515624999999994,-4.752025864103075,-4.737391782731436,-4.9456981583833795,-4.737375478635215,-4.7519516204709475,-7.040913992949299,-7.040909600945895,0.7699577991062381,0.7700306927657419,0.7694684630779025,0.7700307367690082,0.769957999482204,0.0,0.0,0.0,0.0,0.0,0.49466,0.32,0.25,0.32,0.49468,hold,hold,hold,hold,hold
3.9999999999999893,0.01999999999999995,0.039999999999999925,-4.648891096316106,-4.609711343988465,-4.823033344020018,-4.609693560059782,-4.648813986505843,-7.030391312430822,-7.030386424766448,0.7653703538492357,0.7655114458980371,0.7649372075369062,0.7655114937675737,0.7653705614098694,0.0,0.0,0.0,0.0,0.0,0.49466,0.32,0.25,0.32,0.49468,hold,hold,hold,hold,hold
4.249999999999993,0.021249999999999963,0.04515624999999991,-4.686629375158645,-4.574477395604617,-4.7716295187227615,-4.5744582156840465,-4.686555081564677,-7.019625033186514,-7.019619649621745,0.7606257746234073,0.7609648095658033,0.7604353564403097,0.7609648610706765,0.7606259741382009,0.0,0.0,0.0,0.0,0.0,0.0,0.0,0.0,0.0,0.0,off,off,off,off,off
4.499999999999993,0.022499999999999964,0.05062499999999983,-4.7769864851700845,-4.580237144249395,-4.752142233512927,-4.580216827584593,-4.776917004856273,-7.009547995030857,-7.00954215234907,0.7559437958602198,0.7565111284203391,0.7560504605635558,0.7565111828616997,0.7559439820621292,0.0,0.0,0.0,0.0,0.0,0.0,0.0,0.0,0.0,0.0,off,off,off,off,off
4.749999999999993,0.023749999999999966,0.05640624999999975,-4.859789104319987,-4.587515940568892,-4.734049978131338,-4.587494721598205,-4.859724012926165,-7.000142539846536,-7.000136273174576,0.751470021854463,0.7522405806770548,0.7518486619052045,0.7522406374264898,0.75147019596703,0.0,0.0,0.0,0.0,0.0,0.0,0.0,0.0,0.0,0.0,off,off,off,off,off
4.999999999999993,0.024999999999999967,0.06249999999999966,-4.935690759015699,-4.5960089243177435,-4.717346874940802,-4.595987007703229,-4.935629673760104,-6.991353838723342,-6.991347180146192,0.7471889778600872,0.7481404921545267,0.747816533834629,0.7481405506669755,0.7471891409788088,0.0,0.0,0.0,0.0,0.0,0.0,0.0,0.0,0.0,0.0,off,off,off,off,off
5.249999999999993,0.026249999999999964,0.06890624999999957,-5.005282896084395,-4.605452850562131,-4.702008328165107,-4.60543041456765,-5.005225471479207,-6.983131760564731,-6.983124739419736,0.7430874692718524,0.7442001370602388,0.743942757889356,0.7442001968638032,0.7430876223789475,0.0,0.0,0.0,0.0,0.0,0.0,0.0,0.0,0.0,0.0,off,off,off,off,off
5.499999999999993,0.027499999999999965,0.07562499999999947,-5.0691011685376,-4.61562066836251,-4.687994939777127,-4.6155978678705765,-5.069047092567416,-6.975430431049631,-6.97542307419036,0.7391541533257807,0.7404103530517936,0.7402177127110001,0.7404104137387988,0.7391542973030285,0.0,0.0,0.0,0.0,0.0,0.0,0.0,0.0,0.0,0.0,off,off,off,off,off
5.749999999999993,0.028749999999999967,0.08265624999999936,-5.127631048292017,-4.626316795468483,-4.6752558137822575,-4.626293764645823,-5.127580038986139,-6.968207835853605,-6.968200167887858,0.7353792041783237,0.7367632432412236,0.736633153906752,0.7367633044604381,0.7353793398183147,0.0,0.0,0.0,0.0,0.0,0.0,0.0,0.0,0.0,0.0,off,off,off,off,off
5.999999999999993,0.029999999999999964,0.08999999999999926,-5.181312841367117,-4.6373730003127775,-4.663731334858085,-4.637349855015657,-5.1812646437207945,-6.961425463431908,-6.961417506933856,0.7317540478556971,0.7332519427598626,0.733181961840929,0.733252004209578,0.7317541758717355,0.0,0.0,0.0,0.0,0.0,0.0,0.0,0.0,0.0,0.0,off,off,off,off,off
6.249999999999993,0.031249999999999965,0.09765624999999915,-5.230546172256254,-4.648644814017587,-4.653355495701135,-4.648621653907298,-5.230500555500782,-6.9550479831772805,-6.955039758879764,0.728271150244695,0.7298704339413336,0.7298579409035204,0.7298704953633487,0.7282712712794364,0.0,0.0,0.0,0.0,0.0,0.0,0.0,0.0,0.0,0.0,off,off,off,off,off
6.499999999999993,0.032499999999999966,0.10562499999999904,-5.27569399651901,-4.660008404741973,-4.644057837651985,-4.65998531516891,-5.2756507516542115,-6.949042955242533,-6.9490344822092425,0.7249238458837598,0.7266133985908529,0.7266556582943352,0.7266134597651771,0.7249239605168899,0.0,0.0,0.0,0.0,0.0,0.0,0.0,0.0,0.0,0.0,off,off,off,off,off
6.749999999999993,0.03374999999999997,0.11390624999999892,-5.3170861937458085,-4.6713578554000605,-4.635765060246342,-4.671334909098846,-5.317045131331497,-6.943380568720386,-6.943371864500307,0.7217061985192978,0.7234760988800645,0.7235703135006,0.7234761596201975,0.7217063072743124,0.0,0.0,0.0,0.0,0.0,0.0,0.0,0.0,0.0,0.0,off,off,off,off,off
6.999999999999993,0.03499999999999997,0.1224999999999988,-5.355022787072414,-4.682602793248805,-4.628402348026327,-4.682580051825198,-5.35498373527048,-6.938033405237661,-6.938024486004565,0.7186128866683228,0.7204542805789703,0.7205976318731089,0.7204543407277983,0.718612990018471,0.0,0.0,0.0,0.0,0.0,0.0,0.0,0.0,0.0,0.0,off,off,off,off,off
7.249999999999993,0.03624999999999996,0.1314062499999987,-5.389776830184815,-4.69366632628612,-4.62189445616724,-4.69364384154062,-5.389739632991393,-6.932976225344817,-6.932967106022659,0.7156391090680546,0.7175440938950222,0.7177337773111027,0.7175441533211968,0.7156392074416403,0.0,0.0,0.0,0.0,0.0,0.0,0.0,0.0,0.0,0.0,off,off,off,off,off
7.499999999999993,0.037499999999999964,0.14062499999999858,-5.421596997945869,-4.704483247231678,-4.616166590936189,-4.704461062367045,-5.421561513598135,-6.92818577536525,-6.928176469741345,0.7127805060905719,0.7147420283214561,0.7149752802367533,0.7147420869161117,0.7127805998756882,0.0,0.0,0.0,0.0,0.0,0.0,0.0,0.0,0.0,0.0,off,off,off,off,off
7.749999999999993,0.038749999999999965,0.15015624999999846,-5.450709912815171,-4.714998470833905,-4.611145115966281,-4.714976621475728,-5.4506760123776985,-6.923640612620886,-6.923631133447088,0.7100330940850571,0.7120448587297297,0.7123189779057129,0.7120449164037324,0.7100331836337446,0.0,0.0,0.0,0.0,0.0,0.0,0.0,0.0,0.0,0.0,off,off,off,off,off
7.999999999999993,0.039999999999999966,0.1599999999999983,-5.477322235477004,-4.725165674490768,-4.606758111072907,-4.725144189638684,-5.477289801576262,-6.919320947175095,-6.919311306259829,0.707393210272079,0.7094496005604519,0.709761964746904,0.7094496572418467,0.707393295904025,0.0,0.0,0.0,0.0,0.0,0.0,0.0,0.0,0.0,0.0,off,off,off,off,off
8.249999999999993,0.04124999999999997,0.17015624999999815,-5.501622544954785,-4.734946116153367,-4.6029358065781025,-4.734925019002674,-5.501591470632093,-6.915208498434254,-6.91519870672505,0.7048574663141927,0.7069534724319032,0.707301550913429,0.7069535280637269,0.7048575483200572,0.0,0.0,0.0,0.0,0.0,0.0,0.0,0.0,0.0,0.0,off,off,off,off,off
8.499999999999993,0.04249999999999997,0.180624999999998,-5.523783030628522,-4.7443076066657,-4.599610912950652,-4.7442869153385345,-5.52375321831704,-6.911286365122521,-6.911276432780994,0.7024227090688641,0.7045538648385065,0.7049352275990443,0.7045539193768449,0.7024227877132253,0.0,0.0,0.0,0.0,0.0,0.0,0.0,0.0,0.0,0.0,off,off,off,off,off
8.749999999999993,0.04374999999999996,0.19140624999999786,-5.543961016039475,-4.753223616662467,-4.596718862656644,-4.7532033448685524,-5.543932376655505,-6.907538907304911,-6.907528843774173,0.7000859873238863,0.7022483138814977,0.7026606379620239,0.7022483672937461,0.700086062847841,0.0,0.0,0.0,0.0,0.0,0.0,0.0,0.0,0.0,0.0,off,off,off,off,off
8.999999999999993,0.044999999999999964,0.2024999999999977,-5.562300332218342,-4.761672500701081,-4.594197978829527,-4.761652658303774,-5.5622727843262965,-6.9039516392699625,-6.903941453334767,0.6978445235438921,0.7000344791825025,0.7004755527208267,0.7000345314458772,0.6978445961674353,0.0,0.0,0.0,0.0,0.0,0.0,0.0,0.0,0.0,0.0,off,off,off,off,off
9.249999999999993,0.046249999999999965,0.21390624999999758,-5.578932556259133,-4.769636823436883,-4.591989583162444,-4.7696174169745404,-5.578906025343429,-6.900511132208635,-6.900500832051819,0.695695689835928,0.6979101252931531,0.698377849660911,0.6979101763933282,0.6956957597600133,0.0,0.0,0.0,0.0,0.0,0.0,0.0,0.0,0.0,0.0,off,off,off,off,off
9.499999999999993,0.047499999999999966,0.22562499999999738,-5.593978129129312,-4.777102774699074,-4.5900380536916146,-4.777083807822748,-5.593952546930041,-6.89720492573781,-6.8971945189890675,0.693636987483628,0.6958731060408163,0.6963654964296583,0.6958731559707866,0.6936370548920435,0.0,0.0,0.0,0.0,0.0,0.0,0.0,0.0,0.0,0.0,off,off,off,off,off
9.749999999999993,0.04874999999999997,0.23765624999999724,-5.607547365240691,-4.784059661891376,-4.5882908415028965,-4.78404113578074,-5.607522669150967,-6.894021447412854,-6.89401094119421,0.6916660295120811,0.6939213513513165,0.6944365361061474,0.6939214001103147,0.6916660945731387,0.0,0.0,0.0,0.0,0.0,0.0,0.0,0.0,0.0,0.0,off,off,off,off,off
9.999999999999993,0.04999999999999997,0.24999999999999706,-5.619741364831668,-4.790499469734357,-4.586698454108898,-4.790481383439783,-5.61971749736864,-6.890949939460029,-6.890939340426996,0.6897805258361702,0.6920528561691747,0.6925890751200946,0.6920529037617891,0.6897805887041869,0.0,0.0,0.0,0.0,0.0,0.0,0.0,0.0,0.0,0.0,off,off,off,off,off
10.249999999999993,0.05124999999999996,0.2626562499999969,-5.630652839114532,-4.7964164785636285,-4.5852144120646585,-4.7963988293212765,-5.6306297474436064,-6.887980392044199,-6.887969706422325,0.6879782706178481,0.690265671160171,0.6908212731650473,0.6902657175955339,0.6879783314344727,0.0,0.0,0.0,0.0,0.0,0.0,0.0,0.0,0.0,0.0,off,off,off,off,off
10.499999999999993,0.05249999999999996,0.27562499999999673,-5.640366857035303,-4.8018069335447535,-4.583795184328551,-4.801789717050951,-5.64034449253262,-6.885103482448244,-6.8850927160673905,0.6862571315172555,0.6885578949326273,0.6891313348084602,0.6885579402237113,0.6862571904126831,0.0,0.0,0.0,0.0,0.0,0.0,0.0,0.0,0.0,0.0,off,off,off,off,off
10.749999999999993,0.053749999999999964,0.28890624999999653,-5.648961521506976,-4.806668758191847,-4.582400107100284,-4.806651968848769,-5.6489398393679835,-6.882310519610087,-6.88229967793518,0.684615040571191,0.6869276675556037,0.6875175025479116,0.6869277117185908,0.6846150976652463,0.0,0.0,0.0,0.0,0.0,0.0,0.0,0.0,0.0,0.0,off,off,off,off,off
10.999999999999993,0.054999999999999966,0.3024999999999964,-5.656508582213348,-4.811001306383673,-4.58099129005069,-4.8109849375068166,-5.65648754110066,-6.8795933935143125,-6.879582481672003,0.6830499864722052,0.6853731651865695,0.6859780511013771,0.6853732082403234,0.683050041875315,0.0,0.0,0.0,0.0,0.0,0.0,0.0,0.0,0.0,0.0,off,off,off,off,off
11.249999999999993,0.05624999999999997,0.3164062499999962,-5.663073991237695,-4.814805147786785,-4.579533513280978,-4.814789191799946,-5.663053552980443,-6.876944528986201,-6.876933551791751,0.6815600080549056,0.6838925956493669,0.6845112827511209,0.6838926376149349,0.6815600618689287,0.0,0.0,0.0,0.0,0.0,0.0,0.0,0.0,0.0,0.0,off,off,off,off,off
11.499999999999993,0.05749999999999997,0.330624999999996,-5.668718407239226,-4.818081882387105,-4.5779941177403884,-4.81806633097159,-5.668698536531963,-6.874356843484577,-6.874345805464031,0.680143188823274,0.6824841948261607,0.6831155235873362,0.6824842357263988,0.6801432411423269,0.0,0.0,0.0,0.0,0.0,0.0,0.0,0.0,0.0,0.0,off,off,off,off,off
11.749999999999993,0.05874999999999997,0.3451562499999958,-5.673497653153959,-4.8208339801688,-4.576342891415038,-4.820818824421508,-5.673478317309275,-6.8718237085215605,-6.871812613933116,0.6787976523762899,0.6811462237471028,0.6817891205195807,0.6811462636062715,0.6787977032874247,0.0,0.0,0.0,0.0,0.0,0.0,0.0,0.0,0.0,0.0,off,off,off,off,off
11.999999999999993,0.05999999999999996,0.35999999999999566,-5.677463131998991,-4.823064642755412,-4.5745519531872105,-4.823049873313948,-5.6774443007144555,-6.869338914381615,-6.869327767234665,0.6775215586082504,0.6798769662768732,0.6805304389426279,0.6798770051203239,0.6775216081920943,0.0,0.0,0.0,0.0,0.0,0.0,0.0,0.0,0.0,0.0,off,off,off,off,off
12.249999999999993,0.061249999999999964,0.3751562499999955,-5.680662204819441,-4.824777683995364,-4.572595635889854,-4.824763291139163,-5.6806438499751835,-6.866896637837328,-6.866885441909915,0.6763131005768529,0.6786747273116706,0.6793378609590677,0.6786747651655902,0.6763131489081587,0.0,0.0,0.0,0.0,0.0,0.0,0.0,0.0,0.0,0.0,off,off,off,off,off
12.499999999999993,0.062499999999999965,0.3906249999999952,-5.6831385344345335,-4.825977427048883,-4.570450369860225,-4.82596340079499,-5.683120629902362,-6.864491412594077,-6.8644801714497135,0.6751705019460031,0.6775378314112305,0.678209784074085,0.6775378683024025,0.6751705490941724,0.0,0.0,0.0,0.0,0.0,0.0,0.0,0.0,0.0,0.0,off,off,off,off,off
12.749999999999993,0.06374999999999996,0.40640624999999503,-5.68493239825699,-4.8266686157164145,-4.568094567969979,-4.826654945913788,-5.6849149197271345,-6.862118102218119,-6.862106819219662,0.67409201492236,0.6764646218007249,0.6771446202893541,0.676464657756291,0.6740920609519115,0.0,0.0,0.0,0.0,0.0,0.0,0.0,0.0,0.0,0.0,off,off,off,off,off
12.999999999999993,0.06499999999999996,0.4224999999999948,-5.686080973103458,-4.826856338185223,-4.565508512959411,-4.826843014565895,-5.686063897928136,-6.859771875324782,-6.859760553647959,0.6730759186149655,0.6754534596854168,0.6761407955325153,0.6754534947327524,0.6730759635859618,0.0,0.0,0.0,0.0,0.0,0.0,0.0,0.0,0.0,0.0,off,off,off,off,off
13.249999999999993,0.06624999999999996,0.43890624999999456,-5.68661859466539,-4.8265459614224255,-4.562674247717496,-4.826532973684721,-5.686601901741483,-6.857448182827454,-6.8574368254743945,0.6721205177561037,0.6745027238287516,0.6751967493670618,0.6745027579952549,0.6721205617244683,0.0,0.0,0.0,0.0,0.0,0.0,0.0,0.0,0.0,0.0,off,off,off,off,off
13.499999999999993,0.06749999999999996,0.4556249999999944,-5.686576994033771,-4.825743074903301,-4.559575468953199,-4.825730412752648,-5.686560663647867,-6.855142737066899,-6.8551313468763055,0.6712241417292547,0.6736108103501888,0.6743109349347775,0.6736108436631816,0.6712241847471946,0.0,0.0,0.0,0.0,0.0,0.0,0.0,0.0,0.0,0.0,off,off,off,off,off
13.749999999999993,0.06874999999999996,0.47265624999999417,-5.685985513373112,-4.824453442321044,-4.5561974246376735,-4.824441095521593,-5.68596952710277,-6.852851492653599,-6.852840072311778,0.6703851438569001,0.6727761327051663,0.6734818190889407,0.6727761651917664,0.6703851859731706,0.0,0.0,0.0,0.0,0.0,0.0,0.0,0.0,0.0,0.0,off,off,off,off,off
13.999999999999993,0.06999999999999997,0.4899999999999939,-5.684871302718534,-4.8226829602469365,-4.552526815488989,-4.822670918644974,-5.684855643329115,-6.85057062887455,-6.85055918092479,0.6696019009065521,0.6719971218139402,0.672707882681972,0.6719971535010051,0.6696019421667341,0.0,0.0,0.0,0.0,0.0,0.0,0.0,0.0,0.0,0.0,off,off,off,off,off
14.249999999999993,0.07124999999999997,0.5076562499999938,-5.683259499628946,-4.820437622756344,-4.548551700632288,-4.820425876334411,-5.683244150980386,-6.84829653352881,-6.848285060380761,0.6688728127786442,0.6712722263104587,0.6719876209760461,0.6712722572244482,0.6688728532253995,0.0,0.0,0.0,0.0,0.0,0.0,0.0,0.0,0.0,0.0,off,off,off,off,off
14.499999999999993,0.07249999999999997,0.5256249999999935,-5.681173393271081,-4.817723491268396,-4.544261407557144,-4.817712030159328,-5.6811583402247265,-6.846025788068232,-6.846014292005805,0.6681963023444423,0.6705999128858336,0.6713195441492141,0.670599943052782,0.6681963420177623,0.0,0.0,0.0,0.0,0.0,0.0,0.0,0.0,0.0,0.0,off,off,off,off,off
14.749999999999993,0.07374999999999997,0.5439062499999934,-5.678634574322302,-4.814546668816718,-4.539646446391373,-4.814535483321777,-5.6786198026798616,-6.8437551539312835,-6.843743637119644,0.6675708154061748,0.6699786667045781,0.670702177873312,0.6699786961500463,0.6675708543435456,0.0,0.0,0.0,0.0,0.0,0.0,0.0,0.0,0.0,0.0,off,off,off,off,off
14.999999999999993,0.07499999999999997,0.5624999999999931,-5.675663072053055,-4.810913278182284,-4.534698428482159,-4.810902358806345,-5.675648568469455,-6.841481559966894,-6.841470024461103,0.6669948207548275,0.6694069918743057,0.670134063943112,0.6694070206232949,0.6669948589914638,0.0,0.0,0.0,0.0,0.0,0.0,0.0,0.0,0.0,0.0,off,off,off,off,off
15.249999999999993,0.07624999999999997,0.5814062499999927,-5.672277479639149,-4.806829443354559,-4.5294099892648205,-4.806818780806168,-5.672263231567058,-6.839202090858578,-6.8391905386087615,0.6664668103046648,0.668883411952284,0.6696137609389055,0.6688834400292398,0.6664668478736621,0.0,0.0,0.0,0.0,0.0,0.0,0.0,0.0,0.0,0.0,off,off,off,off,off
15.499999999999993,0.07749999999999997,0.6006249999999925,-5.6684950688689355,-4.802301273819012,-4.523774715281149,-4.802290859030052,-5.6684810644972,-6.836913976460153,-6.836902409317986,0.6659852992857053,0.6684064704745676,0.6691398449074598,0.6684064979033298,0.665985336218199,0.0,0.0,0.0,0.0,0.0,0.0,0.0,0.0,0.0,0.0,off,off,off,off,off
15.749999999999993,0.07874999999999997,0.6201562499999923,-5.664331895106443,-4.797334851341134,-4.517787075295757,-4.7973246754716,-5.664318123306828,-6.834614581968481,-6.834603001692585,0.665548826478368,0.6679747314951544,0.6687109100481888,0.6679747582989499,0.6655488628036814,0.0,0.0,0.0,0.0,0.0,0.0,0.0,0.0,0.0,0.0,off,off,off,off,off
15.999999999999993,0.07999999999999996,0.6399999999999919,-5.65980289342491,-4.791936218833257,-4.511442355377085,-4.791926273281547,-5.659789343708724,-6.832301398863365,-6.832289807125051,0.6651559544763296,0.6675867801247731,0.6683255693935121,0.6675868063261877,0.6651559902220889,0.0,0.0,0.0,0.0,0.0,0.0,0.0,0.0,0.0,0.0,off,off,off,off,off
16.24999999999998,0.08124999999999989,0.660156249999992,-5.654921966669747,-4.786111371046559,-4.5047365977904406,-4.786101647451574,-5.654908629139356,-6.8299720365487815,-6.829960434936652,0.6648052699657592,0.6672412230601872,0.6679824554741172,0.6672412486811662,0.6648053051580227,0.0,0.0,0.0,0.0,0.0,0.0,0.0,0.0,0.0,0.0,off,off,off,off,off
16.499999999999964,0.08249999999999982,0.6806249999999919,-5.649702066173177,-4.779866246833365,-4.497666543561877,-4.779856737076841,-5.649688931482615,-6.827624214639229,-6.827612604663841,0.6644953840107269,0.6669366890964341,0.6676802209613307,0.6669367141582745,0.6644954186740906,0.0,0.0,0.0,0.0,0.0,0.0,0.0,0.0,0.0,0.0,off,off,off,off,off
16.74999999999995,0.08374999999999976,0.7014062499999918,-5.644155265756808,-4.773206722713894,-4.490229578558399,-4.773197418926941,-5.644142325064422,-6.8252557558364515,-6.825244138934124,0.6642249323361883,0.6666718296157924,0.6674175392801525,0.6666718541391301,0.6642249664939129,0.0,0.0,0.0,0.0,0.0,0.0,0.0,0.0,0.0,0.0,off,off,off,off,off
16.999999999999936,0.08499999999999969,0.7224999999999918,-5.638292829585566,-4.76613860762626,-4.482423682963088,-4.766129502180888,-5.638280074533725,-6.822864579347481,-6.822852956884901,0.6639925756013401,0.6664453190480908,0.6671931051876415,0.6664453430529237,0.6639926092754047,0.0,0.0,0.0,0.0,0.0,0.0,0.0,0.0,0.0,0.0,off,off,off,off,off
17.249999999999922,0.0862499999999996,0.7439062499999917,-5.632125274438977,-4.758667638618476,-4.47424738391976,-4.758658724132431,-5.632112697120988,-6.820448694801257,-6.8204370680788315,0.6637969996572024,0.6662558552983621,0.6670056353126489,0.6662558788040379,0.6637970328683924,0.0,0.0,0.0,0.0,0.0,0.0,0.0,0.0,0.0,0.0,off,off,off,off,off
17.499999999999908,0.08749999999999954,0.7656249999999916,-5.625662426888198,-4.750799477395617,-4.465699711267234,-4.750790746729422,-5.62565001980704,-6.818006196622036,-6.81799456687753,0.6636369157834503,0.6661021601383672,0.6668538686534636,0.6661021831635916,0.6636369485514706,0.0,0.0,0.0,0.0,0.0,0.0,0.0,0.0,0.0,0.0,off,off,off,off,off
17.749999999999893,0.08874999999999947,0.7876562499999915,-5.61891347576028,-4.742539707586332,-4.4567801561219085,-4.7425311538423784,-5.61890123181837,-6.815535258822365,-6.815523627233972,0.6635110609006353,0.6659829795594923,0.66673656703117,0.6659830021223345,0.6635110932441315,0.0,0.0,0.0,0.0,0.0,0.0,0.0,0.0,0.0,0.0,off,off,off,off,off
17.99999999999988,0.0899999999999994,0.8099999999999912,-5.611887020355709,-4.733893832593822,-4.447488632251009,-4.733885449108584,-5.611874932814487,-6.813034130182018,-6.8130224978714296,0.6634181977544381,0.6658970840852606,0.6666525154967815,0.6658971062031723,0.66341822969111,0.0,0.0,0.0,0.0,0.0,0.0,0.0,0.0,0.0,0.0,off,off,off,off,off
18.249999999999865,0.09124999999999933,0.8326562499999911,-5.6045911147359675,-4.724867273982738,-4.437825439991286,-4.724859054327794,-5.604579177202538,-6.810501129781869,-6.810489497817173,0.6633571150696631,0.6658432690420854,0.6666005226913359,0.6658432907319012,0.6633571466162971,0.0,0.0,0.0,0.0,0.0,0.0,0.0,0.0,0.0,0.0,off,off,off,off,off
18.49999999999985,0.09249999999999925,0.855624999999991,-5.597033308440928,-4.715465370313041,-4.427791232642221,-4.715457308284499,-5.597021514846119,-6.807934642864041,-6.807923012261995,0.6633266276721109,0.6658203547876106,0.6665794211582456,0.6658203760655744,0.6633266588446399,0.0,0.0,0.0,0.0,0.0,0.0,0.0,0.0,0.0,0.0,off,off,off,off,off
18.749999999999837,0.09374999999999918,0.8789062499999906,-5.589220683935366,-4.70569337632179,-4.417386985159169,-4.705685465942395,-5.589209028520941,-6.805333116991392,-6.805321488721006,0.6633255765771452,0.6658271868964716,0.666588067607959,0.6658272077782315,0.6633256073906804,0.0,0.0,0.0,0.0,0.0,0.0,0.0,0.0,0.0,0.0,off,off,off,off,off
18.999999999999822,0.09499999999999911,0.9024999999999905,-5.581159891054199,-4.695556462444472,-4.4066139649884235,-4.6955486979525745,-5.581148368342042,-6.80269505848554,-6.802683433469497,0.6633528290442514,0.6658626363035,0.6666253431353721,0.6658626568041385,0.663352859513167,0.0,0.0,0.0,0.0,0.0,0.0,0.0,0.0,0.0,0.0,off,off,off,off,off
19.249999999999808,0.09624999999999904,0.9264062499999903,-5.572857178670461,-4.685059714588988,-4.395473704977803,-4.685052090437807,-5.572845783449452,-6.800019029116868,-6.800007408234535,0.6634072785974022,0.6659255994049957,0.666690153390539,0.6659256195390328,0.663407308735368,0.0,0.0,0.0,0.0,0.0,0.0,0.0,0.0,0.0,0.0,off,off,off,off,off
19.499999999999794,0.09749999999999898,0.95062499999999,-5.564318423874852,-4.674208134146568,-4.383967978180749,-4.6742006449961195,-5.564307151193191,-6.797303643030773,-6.797292027119681,0.6634878450111606,0.6660149981187847,0.6667814287038777,0.666015017900197,0.6634878748311636,0.0,0.0,0.0,0.0,0.0,0.0,0.0,0.0,0.0,0.0,off,off,off,off,off
19.74999999999978,0.0987499999999989,0.9751562499999898,-5.555549158846588,-4.6630066381791835,-4.372098774469919,-4.662999278886389,-5.555538003986271,-6.794547563888614,-6.794535953747129,0.6635934742630258,0.66612977990419,0.6668981241670363,0.666129799346439,0.6635935037774373,0.0,0.0,0.0,0.0,0.0,0.0,0.0,0.0,0.0,0.0,off,off,off,off,off
19.999999999999766,0.09999999999999883,0.9999999999999895,-5.546554595573298,-4.651460059786132,-4.359868278811803,-4.651452825405045,-5.546543554045684,-6.791749502209484,-6.791737898597717,0.663723138452802,0.6662689177430859,0.6670392196710099,0.6662689368591169,0.663723167673389,0.0,0.0,0.0,0.0,0.0,0.0,0.0,0.0,0.0,0.0,off,off,off,off,off
20.24999999999975,0.10124999999999876,1.025156249999989,-5.537339648659497,-4.639573148578847,-4.347278851153305,-4.63956603434832,-5.537328716191041,-6.788908212892636,-6.788896616535226,0.6638758356897375,0.6664314100835992,0.6672037199030019,0.6664314288858735,0.6638758646277015,0.0,0.0,0.0,0.0,0.0,0.0,0.0,0.0,0.0,0.0,off,off,off,off,off
20.499999999999737,0.10249999999999869,1.0506249999999886,-5.527908956343424,-4.627350571280829,-4.334333007754651,-4.627343572631389,-5.527898128856407,-6.786022492913617,-6.7860109045006425,0.6640505899486477,0.6666162807479168,0.6673906543039778,0.6666162992483942,0.6640506186146757,0.0,0.0,0.0,0.0,0.0,0.0,0.0,0.0,0.0,0.0,off,off,off,off,off
20.749999999999723,0.10374999999999862,1.0764062499999885,-5.518266899854609,-4.61479691243278,-4.321033403907222,-4.614790024962645,-5.518256173470718,-6.7830911791725725,-6.783079599361997,0.6642464508963276,0.6668225788059028,0.6675990769887262,0.6668225970161048,0.6642464793005793,0.0,0.0,0.0,0.0,0.0,0.0,0.0,0.0,0.0,0.0,off,off,off,off,off
20.99999999999971,0.10499999999999854,1.102499999999988,-5.508417621312731,-4.601916675140103,-4.307382817963401,-4.601909894631035,-5.508406992326115,-6.7801131464900095,-6.780101575908702,0.6644624936894489,0.6670493784164118,0.6678280666303189,0.667049396347378,0.6644625218416342,0.0,0.0,0.0,0.0,0.0,0.0,0.0,0.0,0.0,0.0,off,off,off,off,off
21.249999999999694,0.10624999999999847,1.1289062499999876,-5.498365040191118,-4.5887142819240125,-4.29338413653835,-4.588707604316369,-5.498354505071688,-6.777087305734085,-6.777075744979072,0.6646978187457131,0.6672957786379266,0.6680767263111622,0.6672957963002828,0.6646978466550776,0.0,0.0,0.0,0.0,0.0,0.0,0.0,0.0,0.0,0.0,off,off,off,off,off
21.49999999999968,0.1074999999999984,1.1556249999999872,-5.488112868561018,-4.5751940755915825,-4.279040340856739,-4.575187496985279,-5.488102423937619,-6.774012602072105,-6.774001051712162,0.6649515514895066,0.6675609032105957,0.6683441833425234,0.6675609206145509,0.6649515791648779,0.0,0.0,0.0,0.0,0.0,0.0,0.0,0.0,0.0,0.0,off,off,off,off,off
21.749999999999666,0.10874999999999833,1.1826562499999869,-5.47766462514511,-4.561360320164795,-4.26435449414771,-4.561353836815385,-5.477654267804439,-6.770888013335309,-6.770876473912381,0.6652228420738849,0.6678439003114178,0.6686295890546635,0.6678439174667735,0.6652228695236778,0.0,0.0,0.0,0.0,0.0,0.0,0.0,0.0,0.0,0.0,off,off,off,off,off
21.999999999999652,0.10999999999999827,1.2099999999999864,-5.4670236482958785,-4.547217201830222,-4.249329729998806,-4.5472108101454864,-5.467013375168563,-6.767712548489612,-6.767701020520178,0.6655108650804554,0.6681439422845552,0.6689321185596766,0.6681439592007143,0.6655108923127045,0.0,0.0,0.0,0.0,0.0,0.0,0.0,0.0,0.0,0.0,off,off,off,off,off
22.249999999999638,0.11124999999999818,1.237656249999986,-5.456193107996512,-4.532768829935776,-4.233969241651778,-4.53276252646458,-5.456182916151533,-6.76448524620389,-6.7644737301795885,0.6658148191987692,0.6684602253485714,0.6692509704889497,0.6684602420345696,0.6658148462211466,0.0,0.0,0.0,0.0,0.0,0.0,0.0,0.0,0.0,0.0,off,off,off,off,off
22.499999999999623,0.11249999999999812,1.2656249999999853,-5.4451760169607155,-4.518019237989051,-4.218276272114565,-4.518013019413502,-5.445165903601833,-6.761205173507392,-6.76119366989667,0.6661339268868914,0.6687919692825658,0.6695853667074195,0.6687919857470885,0.6661339537067156,0.0,0.0,0.0,0.0,0.0,0.0,0.0,0.0,0.0,0.0,off,off,off,off,off
22.74999999999961,0.11374999999999805,1.293906249999985,-5.433975240889538,-4.502972384667032,-4.202254105079248,-4.502966247814982,-5.433965203343689,-6.757871424532652,-6.75785993378139,0.6664674340148228,0.6691384170929954,0.6699345520064706,0.6691384333443475,0.6664674606390878,0.0,0.0,0.0,0.0,0.0,0.0,0.0,0.0,0.0,0.0,off,off,off,off,off
22.999999999999595,0.11499999999999798,1.3224999999999845,-5.422593507962233,-4.487632154876962,-4.185906056580052,-4.487626096696147,-5.422583543674136,-6.754483119333258,-6.754471641866246,0.6668146094923517,0.6694988346628662,0.6702977937774285,0.6694988507090398,0.6668146359277427,0.0,0.0,0.0,0.0,0.0,0.0,0.0,0.0,0.0,0.0,off,off,off,off,off
23.24999999999958,0.11624999999999791,1.351406249999984,-5.4110334176328365,-4.472002360765714,-4.169235467314195,-4.471996378328583,-5.411023524162431,-6.751039402776485,-6.751027938997765,0.667174744882892,0.6698725103852977,0.6706743816675859,0.6698725262339589,0.6671747711357913,0.0,0.0,0.0,0.0,0.0,0.0,0.0,0.0,0.0,0.0,off,off,off,off,off
23.499999999999567,0.11749999999999783,1.3806249999999836,-5.399297448747063,-4.456086742786852,-4.152245695616841,-4.45608083328699,-5.39928762375888,-6.747539443499704,-6.747527993794051,0.6675471540049701,0.6702587547828557,0.6710636272204615,0.6702587704413521,0.6675471800814863,0.0,0.0,0.0,0.0,0.0,0.0,0.0,0.0,0.0,0.0,off,off,off,off,off
23.749999999999552,0.11874999999999776,1.410156249999983,-5.387387967084521,-4.439888970735808,-4.1349401110276744,-4.4398831314777,-5.387378208356893,-6.743982432930011,-6.743970997663666,0.6679311725226945,0.670656900114511,0.6714648635020832,0.6706569155899019,0.667931198428637,0.0,0.0,0.0,0.0,0.0,0.0,0.0,0.0,0.0,0.0,off,off,off,off,off
23.999999999999538,0.11999999999999769,1.4399999999999822,-5.375307232366765,-4.4234126448080815,-4.1173220883825365,-4.423406873213139,-5.375297537763458,-6.740367584361309,-6.74035616388278,0.6683261575266837,0.6710662999716535,0.6718774447150232,0.6710663152706928,0.6683261832676374,0.0,0.0,0.0,0.0,0.0,0.0,0.0,0.0,0.0,0.0,off,off,off,off,off
24.249999999999524,0.12124999999999762,1.4701562499999818,-5.363057404696576,-4.4066612966411185,-4.099395002440133,-4.406655590234436,-5.363047772175264,-6.736694132083869,-6.736682726724553,0.6687314871070434,0.6714863288647506,0.6723007458016671,0.6714863439939182,0.6687315126883475,0.0,0.0,0.0,0.0,0.0,0.0,0.0,0.0,0.0,0.0,off,off,off,off,off
24.49999999999951,0.12249999999999756,1.5006249999999812,-5.350640550584444,-4.389638390369214,-4.081162222964167,-4.389632746770758,-5.350630978199206,-6.732961330563569,-6.732949940638491,0.669146559919413,0.671916381802001,0.672734162038341,0.6719163967675325,0.6691465853461519,0.0,0.0,0.0,0.0,0.0,0.0,0.0,0.0,0.0,0.0,off,off,off,off,off
24.749999999999496,0.12374999999999749,1.5314062499999805,-5.338058648520814,-4.372347323648739,-4.062627110256926,-4.372341740583238,-5.338049134406674,-6.729168453667512,-6.729157079476465,0.6695707947455533,0.6723558738614759,0.6731771086216688,0.6723558886693294,0.6695708200226009,0.0,0.0,0.0,0.0,0.0,0.0,0.0,0.0,0.0,0.0,off,off,off,off,off
24.99999999999948,0.1249999999999974,1.56249999999998,-5.325313594150657,-4.354791428714805,-4.0437930110746265,-4.354785903994525,-5.325304136528757,-6.725314793932,-6.7253034357602814,0.6700036300496295,0.6728042397578454,0.6736290202486379,0.6728042544137527,0.6700036551816324,0.0,0.0,0.0,0.0,0.0,0.0,0.0,0.0,0.0,0.0,off,off,off,off,off
25.249999999999467,0.12624999999999734,1.5939062499999792,-5.312407205091745,-4.336973973392219,-4.024663254957261,-4.3369685049274835,-5.312397802248029,-6.721399661871203,-6.7213883199896145,0.6704445235312897,0.6732609334051441,0.6740893506914922,0.6732609479145784,0.6704445485227252,0.0,0.0,0.0,0.0,0.0,0.0,0.0,0.0,0.0,0.0,off,off,off,off,off
25.499999999999453,0.12749999999999725,1.6256249999999786,-5.299341225383557,-4.318898162139135,-4.0052411508833075,-4.318892747921836,-5.299331875679627,-6.71742238532147,-6.717411059987285,0.6708929516767359,0.6737254274764882,0.6745575723688453,0.6737254418447106,0.6708929765318824,0.0,0.0,0.0,0.0,0.0,0.0,0.0,0.0,0.0,0.0,off,off,off,off,off
25.74999999999944,0.1287499999999972,1.657656249999978,-5.286117329655042,-4.300567137051473,-3.9855299842399177,-4.300561775155131,-5.286108031527817,-6.713382308821963,-6.7133710002793805,0.6713484093086293,0.674197212962041,0.6750331759141097,0.674197227194098,0.6713484340315679,0.0,0.0,0.0,0.0,0.0,0.0,0.0,0.0,0.0,0.0,off,off,off,off,off
25.999999999999424,0.12999999999999712,1.689999999999977,-5.272737126977347,-4.281983978874052,-3.9655330141149534,-4.281978667459725,-5.272727878936735,-6.7092787930259306,-6.709267501506247,0.6718104091359367,0.6746757987260837,0.6755156697422328,0.674675812826793,0.6718104337305555,0.0,0.0,0.0,0.0,0.0,0.0,0.0,0.0,0.0,0.0,off,off,off,off,off
26.24999999999941,0.13124999999999706,1.7226562499999765,-5.259202164494241,-4.263151708019052,-3.945253470841976,-4.2631464453126,-5.259192965096929,-6.705111214141596,-6.705099939865704,0.6722784813044097,0.6751607110641614,0.6760045796158658,0.6751607250381715,0.6722785057744759,0.0,0.0,0.0,0.0,0.0,0.0,0.0,0.0,0.0,0.0,off,off,off,off,off
26.499999999999396,0.13249999999999698,1.7556249999999758,-5.245513930726361,-4.244073285530078,-3.9246945538320688,-4.244068069839045,-5.2455047786090745,-6.700878963405501,-6.700867706581732,0.6727521729488588,0.6756514932613199,0.6764994482117418,0.6756515071130651,0.6727521972979287,0.0,0.0,0.0,0.0,0.0,0.0,0.0,0.0,0.0,0.0,off,off,off,off,off
26.749999999999382,0.1337499999999969,1.7889062499999748,-5.231673858738475,-4.224751614093066,-3.9038594296114866,-4.2247464437912186,-5.231664752584777,-6.696581446575976,-6.696570207401919,0.6732310477475282,0.6761477051519881,0.676999834688296,0.6761477188857288,0.673231071979034,0.0,0.0,0.0,0.0,0.0,0.0,0.0,0.0,0.0,0.0,off,off,off,off,off
26.999999999999368,0.13499999999999684,1.8224999999999743,-5.21768332901911,-4.205189538994944,-3.8827512300912304,-4.205184412529206,-5.217674267569976,-6.6922180834544065,-6.692206862118155,0.6737146854797204,0.6766489226825122,0.6775053142552017,0.6766489363023175,0.6737147095969448,0.0,0.0,0.0,0.0,0.0,0.0,0.0,0.0,0.0,0.0,off,off,off,off,off
27.249999999999353,0.13624999999999676,1.8564062499999734,-5.203543672219894,-4.185389849107537,-3.8613730510422783,-4.185384764979858,-5.203534654272687,-6.687788307430765,-6.687777104109671,0.6742026815869773,0.6771547374768266,0.678015477745572,0.6771547509866223,0.6742027055930548,0.0,0.0,0.0,0.0,0.0,0.0,0.0,0.0,0.0,0.0,off,off,off,off,off
27.49999999999934,0.1374999999999967,1.8906249999999725,-5.189256171678437,-4.165355277824233,-3.8397279507551616,-4.165350234600055,-5.1892471960737225,-6.683291565046545,-6.683280379909206,0.6746946467386443,0.6776647564060868,0.6785299311915274,0.6776647698096314,0.6746946706365964,0.0,0.0,0.0,0.0,0.0,0.0,0.0,0.0,0.0,0.0,off,off,off,off,off
27.749999999999325,0.13874999999999663,1.9251562499999717,-5.174822065794956,-4.145088504008072,-3.817818948860463,-4.1450835003194015,-5.174813131425594,-6.67872731558225,-6.678716148787828,0.6751902064022134,0.678178601162675,0.6790482954037544,0.6781786144635519,0.6751902301949237,0.0,0.0,0.0,0.0,0.0,0.0,0.0,0.0,0.0,0.0,off,off,off,off,off
27.99999999999931,0.13999999999999654,1.9599999999999709,-5.160242550233647,-4.124592152947855,-3.79564902532519,-4.124587187480813,-5.160233656043374,-6.674095030661022,-6.67408388235981,0.6756890004190431,0.6786959078391144,0.6795702055555344,0.6786959210407671,0.6756890241092621,0.0,0.0,0.0,0.0,0.0,0.0,0.0,0.0,0.0,0.0,off,off,off,off,off
28.249999999999297,0.1412499999999965,1.99515624999997,-5.145518780012594,-4.103868797265648,-3.7732211195828427,-4.103863868761152,-5.145509924986527,-6.669394193869891,-6.669383064203828,0.6761906825857573,0.6792163265125203,0.6800953107718354,0.6792163396182467,0.6761907061761255,0.0,0.0,0.0,0.0,0.0,0.0,0.0,0.0,0.0,0.0,off,off,off,off,off
28.499999999999282,0.1424999999999964,2.030624999999969,-5.13065187143269,-4.082920957840656,-3.7505381297984854,-4.082916065088909,-5.1306430545965895,-6.664624300398543,-6.664613189502177,0.6766949202418789,0.6797395208348215,0.6806232737238729,0.6797395338477913,0.6766949437349319,0.0,0.0,0.0,0.0,0.0,0.0,0.0,0.0,0.0,0.0,off,off,off,off,off
28.749999999999268,0.14374999999999635,2.066406249999968,-5.1156429038815645,-4.0617511047100265,-3.7276029122648993,-4.061746246558187,-5.115634124308826,-6.659784856694671,-6.659773764694648,0.677201393863988,0.680265167629249,0.6811537702295365,0.6802651805524823,0.677201417262134,0.0,0.0,0.0,0.0,0.0,0.0,0.0,0.0,0.0,0.0,off,off,off,off,off
28.999999999999254,0.14499999999999627,2.102499999999967,-5.100492921562704,-4.040361657969925,-3.704418280912023,-4.040356833310398,-5.100484178359579,-6.654875380131557,-6.654864307147591,0.6777097966665895,0.6807929564933568,0.6816864888600506,0.6807929693297554,0.6777098199721521,0.0,0.0,0.0,0.0,0.0,0.0,0.0,0.0,0.0,0.0,off,off,off,off,off
29.24999999999924,0.1462499999999962,2.1389062499999665,-5.085202935067173,-4.018754988658827,-3.680987006900125,-4.018750196427277,-5.085194227378281,-6.64989539869174,-6.649884344836153,0.678219834210223,0.6813225894089142,0.6822211305532547,0.6813226021612654,0.6782198574254247,0.0,0.0,0.0,0.0,0.0,0.0,0.0,0.0,0.0,0.0,off,off,off,off,off
29.499999999999226,0.14749999999999613,2.175624999999965,-5.069773922884508,-3.996933419621598,-3.657311818342521,-3.9969286588008686,-5.0697652498814705,-6.644844450661594,-6.644833416040115,0.6787312240168007,0.6818537803589317,0.6827574082336211,0.6818537930298999,0.6787312471437938,0.0,0.0,0.0,0.0,0.0,0.0,0.0,0.0,0.0,0.0,off,off,off,off,off
29.74999999999921,0.14874999999999605,2.2126562499999642,-5.054206832789703,-3.974899226382661,-3.6333954000839412,-3.9748944959926007,-5.054198193687455,-6.639722084340065,-6.63971106905251,0.6792436951925624,0.6823862549519589,0.6832950464394292,0.682386267544112,0.6792437182333826,0.0,0.0,0.0,0.0,0.0,0.0,0.0,0.0,0.0,0.0,off,off,off,off,off
29.999999999999197,0.149999999999996,2.2499999999999636,-5.038502583188745,-3.9526546379961474,-3.6092403935814446,-3.95264993710083,-5.038493977232406,-6.63452785775803,-6.6345168618978505,0.6797569880586131,0.6829197500539284,0.6838337809571589,0.6829197625697171,0.6797570110152203,0.0,0.0,0.0,0.0,0.0,0.0,0.0,0.0,0.0,0.0,off,off,off,off,off
30.249999999999183,0.15124999999999592,2.287656249999962,-5.022662064342057,-3.930201837879167,-3.5848493968500748,-3.9301971655804095,-5.022653490807272,-6.629261338408526,-6.629250362063544,0.6802708537894192,0.6834540134276785,0.6843733584633498,0.683454025869454,0.6802708766636907,0.0,0.0,0.0,0.0,0.0,0.0,0.0,0.0,0.0,0.0,off,off,off,off,off
30.49999999999917,0.15249999999999583,2.3256249999999614,-5.006686139553381,-3.9075429646508724,-3.5602249644716153,-3.9075383200904525,-5.006677597748592,-6.623922102987649,-6.623911146240005,0.6807850540591363,0.6839888033802141,0.6849135361740529,0.683988815750224,0.6807850768528635,0.0,0.0,0.0,0.0,0.0,0.0,0.0,0.0,0.0,0.0,off,off,off,off,off
30.749999999999154,0.15374999999999578,2.3639062499999604,-4.990575646254172,-3.8846801129376445,-3.535369607663654,-3.8846754952951983,-4.990567135513459,-6.618509737144677,-6.618498800071279,0.6812993606960688,0.6845238884179174,0.6854540815019841,0.684523900718309,0.6812993834109762,0.0,0.0,0.0,0.0,0.0,0.0,0.0,0.0,0.0,0.0,off,off,off,off,off
30.99999999999914,0.1549999999999957,2.402499999999959,-4.97433139705106,-3.8616153342017583,-3.5102857944232824,-3.8616107426881285,-4.9743229167305,-6.613023835241904,-6.613012917914773,0.6818135553451418,0.6850590469096143,0.6859947717214001,0.6850590591424519,0.6818135779828965,0.0,0.0,0.0,0.0,0.0,0.0,0.0,0.0,0.0,0.0,off,off,off,off,off
31.249999999999126,0.15624999999999564,2.4414062499999583,-4.957954180696504,-3.8383506375146794,-3.48497594969092,-3.8383460713681643,-4.957945730187134,-6.6074640001232865,-6.607453102609213,0.6823274291385403,0.6855940667577541,0.6865353936408958,0.6855940789250328,0.6823274517007173,0.0,0.0,0.0,0.0,0.0,0.0,0.0,0.0,0.0,0.0,off,off,off,off,off
31.499999999999112,0.15749999999999556,2.4806249999999572,-4.941444763028585,-3.814887990352645,-3.4594424555802448,-3.814883448852356,-4.941436341742929,-6.601829842890481,-6.601818965251425,0.682840782374418,0.6861287450775306,0.6870757432840225,0.6861287571811352,0.682840804862535,0.0,0.0,0.0,0.0,0.0,0.0,0.0,0.0,0.0,0.0,off,off,off,off,off
31.749999999999098,0.15874999999999548,2.520156249999956,-4.924803887832809,-3.7912293193734286,-3.4336876516543384,-3.7912248018236596,-4.924795495206865,-6.596120982687353,-6.596110124981465,0.683353424203809,0.6866628878840416,0.6876156255777821,0.6866628999257929,0.6833534466193218,0.0,0.0,0.0,0.0,0.0,0.0,0.0,0.0,0.0,0.0,off,off,off,off,off
31.999999999999083,0.15999999999999542,2.5599999999999548,-4.908032277673556,-3.7673765111726993,-3.4077138352145084,-3.767372016902357,-4.908023913163561,-6.590337046492948,-6.590326208773547,0.6838651723255944,0.6871963097874936,0.6881548540490738,0.6871963217691472,0.6838651946699069,0.0,0.0,0.0,0.0,0.0,0.0,0.0,0.0,0.0,0.0,off,off,off,off,off
32.24999999999907,0.16124999999999534,2.6001562499999538,-4.891130634671924,-3.7433314130339,-3.3815232616404387,-3.7433269414020174,-4.891122297758898,-6.584477668919135,-6.584466851235618,0.6843758526895664,0.6877288336963698,0.6886932505289587,0.6877288456196018,0.6843758749640156,0.0,0.0,0.0,0.0,0.0,0.0,0.0,0.0,0.0,0.0,off,off,off,off,off
32.499999999999055,0.1624999999999953,2.6406249999999525,-4.874099641246971,-3.719095833668632,-3.355118144767971,-3.7190913840661324,-4.874091331434784,-6.5785424920168225,-6.578531694414949,0.6848852992074871,0.6882602905285327,0.6892306448647303,0.6882603023949345,0.6848853214133516,0.0,0.0,0.0,0.0,0.0,0.0,0.0,0.0,0.0,0.0,off,off,off,off,off
32.74999999999904,0.1637499999999952,2.6814062499999514,-4.856939960823297,-3.6946715439533477,-3.3285006572710927,-3.6946671157907076,-4.8569316776333835,-6.572531165088492,-6.572520387610098,0.6853933534720829,0.6887905189301787,0.6897668746398268,0.6887905307412922,0.6853933756105931,0.0,0.0,0.0,0.0,0.0,0.0,0.0,0.0,0.0,0.0,off,off,off,off,off
32.99999999999903,0.16499999999999512,2.72249999999995,-4.839652238488327,-3.670060277637276,-3.3016729310849655,-3.670055870353167,-4.839643981458551,-6.566443344505615,-6.5664325871891265,0.6858998644839401,0.6893193650026471,0.690301784901402,0.6893193767599378,0.6858998865562851,0.0,0.0,0.0,0.0,0.0,0.0,0.0,0.0,0.0,0.0,off,off,off,off,off
33.24999999999901,0.16624999999999507,2.7639062499999487,-4.822237101627309,-3.6452637320549,-3.2746370578477695,-3.6452593451095936,-4.82222887031412,-6.56027869353386,-6.560267956414123,0.686404688386149,0.6898466820369004,0.6908352278955378,0.6898466937417786,0.6864047103934691,0.0,0.0,0.0,0.0,0.0,0.0,0.0,0.0,0.0,0.0,off,off,off,off,off
33.499999999999,0.167499999999995,2.8056249999999476,-4.804695160518293,-3.6202835688124537,-3.247395089352324,-3.620279201684923,-4.804686954499289,-6.554036882161142,-6.554026165269988,0.6869076882066463,0.6903723302556704,0.6913670628100324,0.6903723419094961,0.6869077101500244,0.0,0.0,0.0,0.0,0.0,0.0,0.0,0.0,0.0,0.0,off,off,off,off,off
33.749999999998984,0.16874999999999493,2.8476562499999463,-4.787027008917846,-3.59512141447982,-3.219949038027778,-3.595117066677517,-4.787018827785801,-6.547717586933743,-6.547706890299594,0.6874087336080665,0.6908961765630789,0.691897155524589,0.6908961881671375,0.6874087554885459,0.0,0.0,0.0,0.0,0.0,0.0,0.0,0.0,0.0,0.0,off,off,off,off,off
33.99999999999897,0.16999999999999485,2.889999999999945,-4.769233224584809,-3.5697788612661725,-3.1923008774174377,-3.5697745323115555,-4.769225067951993,-6.5413204907953855,-6.541309814443935,0.6879077006451425,0.6914180943016823,0.6924253783684059,0.6914181058572209,0.6879077224637159,0.0,0.0,0.0,0.0,0.0,0.0,0.0,0.0,0.0,0.0,off,off,off,off,off
34.249999999998956,0.17124999999999477,2.9326562499999436,-4.751314369807346,-3.544257467670093,-3.1644525426954146,-3.5442531571121094,-4.751306237296944,-6.534845282932224,-6.534834626886266,0.6884044715293521,0.6919379630168455,0.6929516098849173,0.6919379745250394,0.6884044932869835,0.0,0.0,0.0,0.0,0.0,0.0,0.0,0.0,0.0,0.0,off,off,off,off,off
34.49999999999894,0.1724999999999947,2.9756249999999422,-4.733270991895381,-3.5185587591460035,-3.1364059311646315,-3.518554466540877,-4.733262883145358,-6.528291658622493,-6.528281022901922,0.6888989344007939,0.6924556682282038,0.6934757346037245,0.6924556796902108,0.6888989560984085,0.0,0.0,0.0,0.0,0.0,0.0,0.0,0.0,0.0,0.0,off,off,off,off,off
34.74999999999893,0.17374999999999463,3.018906249999941,-4.715103623645973,-3.4926842287292743,-3.108162902786546,-3.492679953659035,-4.715095538308788,-6.521659319089451,-6.521648703711719,0.6893909831071405,0.6929711012082477,0.693997642819448,0.6929711126251562,0.6893910047456232,0.0,0.0,0.0,0.0,0.0,0.0,0.0,0.0,0.0,0.0,off,off,off,off,off
34.99999999999891,0.17499999999999458,3.0624999999999396,-4.696812783799146,-3.4666353376761663,-3.0797252807000746,-3.4666310797377378,-4.696804721541525,-6.5149479713603,-6.514937376340185,0.6898805169894813,0.6934841587677315,0.6945172303774816,0.6934841701405926,0.6898805385696826,0.0,0.0,0.0,0.0,0.0,0.0,0.0,0.0,0.0,0.0,off,off,off,off,off
35.2499999999989,0.1762499999999945,3.1064062499999383,-4.6783989774503425,-3.440413516077797,-3.0510948517633665,-3.440409274887031,-4.678390937955555,-6.508157328127822,-6.508146753477888,0.6903674406750275,0.6939947430478939,0.6950343984664143,0.6939947543777069,0.6903674621977525,0.0,0.0,0.0,0.0,0.0,0.0,0.0,0.0,0.0,0.0,off,off,off,off,off
35.499999999998884,0.1774999999999944,3.1506249999999367,-4.65986269647675,-3.414020163477119,-3.022273367086086,-3.4140159386585083,-4.659854679439263,-6.501287107615838,-6.5012765533465995,0.6908516638763558,0.6945027613192513,0.6955490534170794,0.6945027726069939,0.6908516853423801,0.0,0.0,0.0,0.0,0.0,0.0,0.0,0.0,0.0,0.0,off,off,off,off,off
35.74999999999887,0.17874999999999436,3.1951562499999353,-4.641204419927419,-3.3874566494484384,-2.993262542578009,-3.387452440646655,-4.641196425043518,-6.494337033449881,-6.4943264995695245,0.6913331011972037,0.695008125786947,0.6960611065079974,0.6950081370335435,0.6913331226072995,0.0,0.0,0.0,0.0,0.0,0.0,0.0,0.0,0.0,0.0,off,off,off,off,off
35.999999999998856,0.17999999999999428,3.239999999999934,-4.622424614375348,-3.3607243141995014,-2.9640640594869865,-3.360720121079339,-4.622416641365646,-6.4873068345299885,-6.487296321044369,0.691811671944671,0.6955107534023403,0.6965704737771564,0.6955107646086603,0.6918116932995437,0.0,0.0,0.0,0.0,0.0,0.0,0.0,0.0,0.0,0.0,off,off,off,off,off
36.24999999999884,0.18124999999999422,3.2851562499999325,-4.60352373431283,-3.333824469152887,-2.934679564942826,-3.333820291385223,-4.6035157828994215,-6.4801962449068355,-6.4801857518202155,0.6922872999474481,0.6960105656807992,0.6970770758399295,0.6960105768476992,0.6922873212478023,0.0,0.0,0.0,0.0,0.0,0.0,0.0,0.0,0.0,0.0,off,off,off,off,off
36.49999999999883,0.18249999999999414,3.330624999999931,-4.584502222462561,-3.306758397499209,-2.905110672510375,-3.3067542347690164,-4.584494292383113,-6.473005003663275,-6.4729945309774735,0.692759913380292,0.6965074885255854,0.6975808377129747,0.6965074996538823,0.6927599346267894,0.0,0.0,0.0,0.0,0.0,0.0,0.0,0.0,0.0,0.0,off,off,off,off,off
36.74999999999881,0.18374999999999406,3.3764062499999294,-4.565360510122332,-3.2795273547592387,-2.8753589627289102,-3.279523206766669,-4.5653526011229815,-6.465732854795647,-6.465722402511517,0.6932294445942557,0.6970014520575629,0.6980816886440263,0.6970014631480359,0.6932294657875369,0.0,0.0,0.0,0.0,0.0,0.0,0.0,0.0,0.0,0.0,off,off,off,off,off
36.9999999999988,0.184999999999994,3.422499999999928,-4.546099017480685,-3.2521325693372773,-2.8454259836594247,-3.252128435788393,-4.546091129320644,-6.458379547102368,-6.458369115218147,0.6936958299527121,0.6974923904506463,0.6985795619473795,0.6974924015040569,0.6936958510933817,0.0,0.0,0.0,0.0,0.0,0.0,0.0,0.0,0.0,0.0,off,off,off,off,off
37.249999999998785,0.18624999999999392,3.4689062499999266,-4.526718153925401,-3.224575243045763,-2.8153132514257777,-3.2245711236643047,-4.5267102863661535,-6.4509448340714926,-6.450934422584226,0.6941590096729546,0.6979802417728792,0.699074394844946,0.6979802527899439,0.6941590307616118,0.0,0.0,0.0,0.0,0.0,0.0,0.0,0.0,0.0,0.0,off,off,off,off,off
37.49999999999877,0.18749999999999387,3.515624999999925,-4.507218318315893,-3.196856551639769,-2.7850222507549347,-3.196852446162154,-4.507210471134897,-6.443428473773338,-6.443418082678647,0.6946189276733082,0.6984649478329075,0.6995661283127306,0.6984649588143076,0.6946189487105103,0.0,0.0,0.0,0.0,0.0,0.0,0.0,0.0,0.0,0.0,off,off,off,off,off
37.74999999999876,0.18874999999999378,3.5626562499999235,-4.487599899297834,-3.1689776453380887,-2.7545544355188554,-3.168973553503861,-4.487592072273799,-6.4358302287560605,-6.435819858047694,0.695075531425392,0.6989464540317439,0.7000547069325619,0.6989464649781546,0.6950755524116939,0.0,0.0,0.0,0.0,0.0,0.0,0.0,0.0,0.0,0.0,off,off,off,off,off
37.99999999999874,0.18999999999999373,3.609999999999922,-4.46786327554662,-3.1409396493224904,-2.7239112292584764,-3.1409355708880184,-4.4678554684666665,-6.428149865942544,-6.428139515613111,0.695528771811695,0.6994247092197203,0.700540078749,0.6994247201317699,0.6955287927476297,0.0,0.0,0.0,0.0,0.0,0.0,0.0,0.0,0.0,0.0,off,off,off,off,off
38.24999999999873,0.19124999999999365,3.6576562499999206,-4.448008816037486,-3.1127436642419752,-2.693094025720029,-3.112739598974372,-4.448001028698513,-6.4203871565312625,-6.420376826571612,0.6959786029880559,0.6998996655583961,0.7010221951311775,0.6998996764366863,0.6959786238741289,0.0,0.0,0.0,0.0,0.0,0.0,0.0,0.0,0.0,0.0,off,off,off,off,off
38.499999999998714,0.19249999999999357,3.7056249999999187,-4.428036880293007,-3.0843907667062354,-2.662104189387378,-3.0843867143760235,-4.428029112501974,-6.412541875898114,-6.412531566298185,0.6964249822510338,0.7003712783873303,0.7015010106394889,0.7003712892324535,0.6964250030877235,0.0,0.0,0.0,0.0,0.0,0.0,0.0,0.0,0.0,0.0,off,off,off,off,off
38.7499999999987,0.1937499999999935,3.7539062499999174,-4.407947818625473,-3.055882009755294,-2.630943055978605,-3.0558779701410117,-4.40794007019781,-6.404613803502798,-6.404603514250596,0.6968678699099865,0.7008395060956103,0.7019764828970693,0.7008395169081378,0.6968678906977507,0.0,0.0,0.0,0.0,0.0,0.0,0.0,0.0,0.0,0.0,off,off,off,off,off
38.999999999998685,0.19499999999999343,3.802499999999916,-4.38774197238331,-3.0272184233356256,-2.5996119329819294,-3.0272143962345126,-4.387734243130922,-6.396602722794569,-6.396592453877645,0.6973072291636974,0.7013043099979164,0.7024485724657168,0.7013043207783692,0.6973072499030033,0.0,0.0,0.0,0.0,0.0,0.0,0.0,0.0,0.0,0.0,off,off,off,off,off
39.24999999999867,0.19624999999999337,3.851406249999914,-4.367419674152757,-2.9984010147668982,-2.568112100176336,-2.9983969999807414,-4.367411963906761,-6.388508421123618,-6.3884981725283865,0.6977430259815313,0.7017656542150277,0.7029172427262758,0.7017656649639159,0.6977430466727957,0.0,0.0,0.0,0.0,0.0,0.0,0.0,0.0,0.0,0.0,off,off,off,off,off
39.49999999999866,0.1974999999999933,3.9006249999999127,-4.346981248001725,-2.9694307691873405,-2.5364448101057064,-2.9694267665188363,-4.346973556589489,-6.380330689652112,-6.380320461363453,0.6981752289887703,0.7022235055586676,0.7033824597634264,0.7022235162764991,0.6981752496324181,0.0,0.0,0.0,0.0,0.0,0.0,0.0,0.0,0.0,0.0,off,off,off,off,off
39.74999999999864,0.1987499999999932,3.9501562499999108,-4.32642700966943,-2.940308650005761,-2.50461128859439,-2.9403046592715327,-4.326419336929405,-6.372069323268306,-6.372059115270133,0.6986038093562318,0.7026778334204858,0.7038441922545141,0.7026778441077304,0.6986038299526608,0.0,0.0,0.0,0.0,0.0,0.0,0.0,0.0,0.0,0.0,off,off,off,off,off
39.99999999999863,0.19999999999999316,3.999999999999909,-4.305757266777562,-2.9110355993365147,-2.4726127352475373,-2.911031620360575,-4.305749612551551,-6.363724120502525,-6.363713932778182,0.6990287406938702,0.7031286096651015,0.7043024113624399,0.7031286203222101,0.6990287612434678,0.0,0.0,0.0,0.0,0.0,0.0,0.0,0.0,0.0,0.0,off,off,off,off,off
40.249999999998614,0.20124999999999307,4.050156249999907,-4.284972319030032,-2.8816125384235534,-2.440450323906134,-2.8816085710340644,-4.284964683170358,-6.355294883445936,-6.355284715977291,0.6994499989482875,0.703575808527075,0.7047570906325688,0.7035758191544885,0.6994500194514139,0.0,0.0,0.0,0.0,0.0,0.0,0.0,0.0,0.0,0.0,off,off,off,off,off
40.4999999999986,0.20249999999999302,4.100624999999905,-4.264072458402893,-2.852040368065957,-2.408125203173711,-2.8520364120954014,-4.264064840757669,-6.346781417669149,-6.3467712704375,0.6998675623040509,0.704019406511646,0.7052082058932134,0.7040194171097929,0.6998675827610782,0.0,0.0,0.0,0.0,0.0,0.0,0.0,0.0,0.0,0.0,off,off,off,off,off
40.749999999998586,0.20374999999999294,4.151406249999903,-4.243057969317874,-2.8223199690227716,-2.3756384968550606,-2.8223160243143752,-4.243050369750904,-6.338183532145649,-6.338173405131329,0.7002814110887027,0.7044593822991743,0.705655735160006,0.7044593928684548,0.7002814314999606,0.0,0.0,0.0,0.0,0.0,0.0,0.0,0.0,0.0,0.0,off,off,off,off,off
40.99999999999857,0.20499999999999285,4.202499999999902,-4.221929128843271,-2.792452202425011,-2.342991304434065,-2.792448268824785,-4.221921547210513,-6.3295010391747155,-6.329490932357203,0.7006915276812266,0.7048957166530924,0.7060996585436937,0.7048957271938994,0.7006915480470667,0.0,0.0,0.0,0.0,0.0,0.0,0.0,0.0,0.0,0.0,off,off,off,off,off
41.24999999999856,0.2062499999999928,4.2539062499999005,-4.200686206836849,-2.762437910164749,-2.3101847015337853,-2.7624339875245596,-4.200678643011429,-6.32073375430673,-6.320723667664765,0.7010978964240863,0.7053283923313353,0.7065399581613971,0.7053284028440475,0.7010979167448136,0.0,0.0,0.0,0.0,0.0,0.0,0.0,0.0,0.0,0.0,off,off,off,off,off
41.49999999999854,0.20749999999999272,4.305624999999899,-4.179329466138654,-2.732277915284385,-2.277219740368878,-2.732274003470593,-4.1793219199935265,-6.311881496270814,-6.3118714297821725,0.7015005035384321,0.7057573940010721,0.706976618051189,0.7057574044860275,0.7015005238143526,0.0,0.0,0.0,0.0,0.0,0.0,0.0,0.0,0.0,0.0,off,off,off,off,off
41.74999999999853,0.20874999999999266,4.357656249999897,-4.157859162729039,-2.7019730223655074,-2.2440974501906794,-2.7019691212368,-4.157851634140911,-6.302944086903153,-6.30293404054521,0.7018993370425927,0.7061827081566279,0.707409624089886,0.7061827186141869,0.7018993572740037,0.0,0.0,0.0,0.0,0.0,0.0,0.0,0.0,0.0,0.0,off,off,off,off,off
41.999999999998515,0.20999999999999258,4.4099999999998944,-4.136275545883279,-2.671524017888487,-2.210818837740021,-2.671520127316114,-4.1362680347306195,-6.293921351078666,-6.293911324827775,0.7022943866736644,0.7066043230405686,0.7078389639139011,0.7066043334710574,0.7022944068608568,0.0,0.0,0.0,0.0,0.0,0.0,0.0,0.0,0.0,0.0,off,off,off,off,off
42.2499999999985,0.2112499999999925,4.462656249999893,-4.11457885831328,-2.6409316706094046,-2.17738488765832,-2.640927790470016,-4.11457136448081,-6.284813116641544,-6.284803110473547,0.7026856438121087,0.7070222285677209,0.7082646268431895,0.7070222389714516,0.7026856639553578,0.0,0.0,0.0,0.0,0.0,0.0,0.0,0.0,0.0,0.0,off,off,off,off,off
42.49999999999849,0.21249999999999244,4.515624999999891,-4.092769336342826,-2.6101967319143,-2.1437965629313,-2.6101928620878994,-4.0927618597166315,-6.275619214339599,-6.2756092282298255,0.7030731014091427,0.7074364162521277,0.7086866038079821,0.7074364266294033,0.7030731215087213,0.0,0.0,0.0,0.0,0.0,0.0,0.0,0.0,0.0,0.0,off,off,off,off,off
42.74999999999847,0.21374999999999236,4.568906249999889,-4.070847210026045,-2.5793199361727943,-2.110054805298887,-2.579316076540863,-4.070839750500625,-6.2663394777592885,-6.266329511682784,0.7034567539170624,0.7078468791367857,0.7091048872783908,0.707846889487906,0.7034567739732197,0.0,0.0,0.0,0.0,0.0,0.0,0.0,0.0,0.0,0.0,off,off,off,off,off
42.99999999999846,0.2149999999999923,4.622499999999887,-4.048812703307021,-2.5483020010758537,-2.0761605356785253,-2.548298151527092,-4.0488052607761915,-6.256973743262961,-6.256963797193862,0.703836597222134,0.7082536117261049,0.7095194711966532,0.7082536220513505,0.7038366172351213,0.0,0.0,0.0,0.0,0.0,0.0,0.0,0.0,0.0,0.0,off,off,off,off,off
43.249999999998444,0.21624999999999223,4.676406249999885,-4.026666034153948,-2.517143627981227,-2.0421146545595548,-2.5171397884113844,-4.026658608516243,-6.247521849926102,-6.247511923837635,0.7042126285801449,0.7086566099209418,0.7099303509120518,0.7086566202205739,0.7042126485502016,0.0,0.0,0.0,0.0,0.0,0.0,0.0,0.0,0.0,0.0,off,off,off,off,off
43.49999999999843,0.21749999999999214,4.730624999999883,-4.004407414674972,-2.485845502251891,-2.0079180424098695,-2.485841672551544,-4.0044000058302345,-6.23798363947634,-6.23797373334196,0.7045848465545057,0.7090558709561398,0.7103375231182908,0.7090558812304346,0.7045848664818682,0.0,0.0,0.0,0.0,0.0,0.0,0.0,0.0,0.0,0.0,off,off,off,off,off
43.749999999998415,0.2187499999999921,4.785156249999881,-3.9820370512724708,-2.4544082935577762,-1.9735715600618846,-2.4544044736329056,-3.9820296591233273,-6.228358956235127,-6.2283490700273205,0.7049532509566527,0.7094513933405888,0.7107409857933416,0.7094514035897802,0.7049532708415494,0.0,0.0,0.0,0.0,0.0,0.0,0.0,0.0,0.0,0.0,off,off,off,off,off
43.9999999999984,0.219999999999992,4.839999999999879,-3.959555144742353,-2.422832656221374,-1.939076049098503,-2.4228288459721057,-3.9595477692000713,-6.218647647059186,-6.218637780750157,0.7053178427889297,0.7098431767994792,0.7111407381416089,0.7098431870238182,0.7053178626315658,0.0,0.0,0.0,0.0,0.0,0.0,0.0,0.0,0.0,0.0,off,off,off,off,off
44.24999999999839,0.22124999999999195,4.895156249999878,-3.936961890433963,-2.391119229508547,-1.9044323322438572,-2.3911154288423973,-3.936954531400886,-6.2088495612841825,-6.208839714845681,0.7056786241895415,0.7102312222189546,0.7115367805383269,0.7102312324186721,0.7056786439901475,0.0,0.0,0.0,0.0,0.0,0.0,0.0,0.0,0.0,0.0,off,off,off,off,off
44.49999999999837,0.22249999999999187,4.950624999999875,-3.9142574783289774,-2.3592686379404313,-1.8696412137184666,-2.3592648467685535,-3.9142501357192714,-6.198964550669018,-6.198954724072166,0.7060355983798936,0.7106155315928608,0.71192911447621,0.7106155417681775,0.7060356181386674,0.0,0.0,0.0,0.0,0.0,0.0,0.0,0.0,0.0,0.0,off,off,off,off,off
44.74999999999836,0.2237499999999918,5.0064062499998725,-3.8914420931836844,-2.3272814916041966,-1.834703479614575,-2.327277709834732,-3.891434766916177,-6.188992469341542,-6.188982662557407,0.7063887696138391,0.7109961079715819,0.7123177425141317,0.710996118122727,0.7063887893309672,0.0,0.0,0.0,0.0,0.0,0.0,0.0,0.0,0.0,0.0,off,off,off,off,off
44.999999999998344,0.22499999999999173,5.06249999999987,-3.8685159146309616,-2.295158386419871,-1.7996198982582996,-2.295154613974887,-3.868508604620331,-6.178933173746032,-6.178923386744941,0.7067381431290454,0.7113729554130043,0.712702668227844,0.7113729655401709,0.7067381628047251,0.0,0.0,0.0,0.0,0.0,0.0,0.0,0.0,0.0,0.0,off,off,off,off,off
45.24999999999833,0.22624999999999165,5.118906249999869,-3.8454791173007266,-2.262899904469407,-1.7643912205484185,-2.262896141264946,-3.8454718234668803,-6.168786522590608,-6.168776755342833,0.7070837251002416,0.7117460789352423,0.7130838961626943,0.7117460890386386,0.7070837447346555,0.0,0.0,0.0,0.0,0.0,0.0,0.0,0.0,0.0,0.0,off,off,off,off,off
45.499999999998316,0.2274999999999916,5.175624999999867,-3.8223318709179352,-2.230506614238209,-1.729018180319997,-2.2305028602004313,-3.8223245931798715,-6.1585523767972745,-6.158542629272802,0.7074255225943936,0.7121154844714666,0.7134614317881406,0.7121154945512737,0.7074255421877289,0.0,0.0,0.0,0.0,0.0,0.0,0.0,0.0,0.0,0.0,off,off,off,off,off
45.7499999999983,0.22874999999999152,5.232656249999866,-3.799074340418258,-2.197979070917711,-1.6935014946666342,-2.1979753259709014,-3.7990670786973624,-6.148230599451551,-6.148220871619799,0.7077635435276244,0.7124811788263579,0.7138352814541639,0.7124811888827627,0.7077635630800613,0.0,0.0,0.0,0.0,0.0,0.0,0.0,0.0,0.0,0.0,off,off,off,off,off
45.99999999999829,0.22999999999999143,5.289999999999863,-3.7757066860368127,-2.1653178166658904,-1.6578418642943689,-2.1653140807329123,-3.7756994402574264,-6.137821055754898,-6.137811347585,0.7080977966239398,0.7128431696344059,0.7142054523493336,0.7128431796675988,0.7080978161356504,0.0,0.0,0.0,0.0,0.0,0.0,0.0,0.0,0.0,0.0,off,off,off,off,off
46.24999999999827,0.23124999999999138,5.347656249999861,-3.75222906341304,-2.132523380866644,-1.6220399738359674,-2.1325196538832074,-3.75222183351201,-6.127323612975999,-6.127313924436976,0.7084282913755672,0.7132014653198725,0.7145719524606327,0.7132014753300108,0.7084283108466899,0.0,0.0,0.0,0.0,0.0,0.0,0.0,0.0,0.0,0.0,off,off,off,off,off
46.49999999999826,0.2324999999999913,5.4056249999998585,-3.728641623707631,-2.0995962804102533,-1.5860964921768073,-2.099592562308146,-3.7286344096111748,-6.116738140405118,-6.116728471465706,0.708755038004873,0.713556075058303,0.7149347905348619,0.7135560850455529,0.7087550574355757,0.0,0.0,0.0,0.0,0.0,0.0,0.0,0.0,0.0,0.0,off,off,off,off,off
46.749999999998245,0.23374999999999124,5.463906249999856,-3.7049445136716486,-2.066537019930024,-1.5500120727646163,-2.0665333106434787,-3.704937315310076,-6.1060645093086805,-6.106054859937217,0.7090780474279474,0.7139070087396919,0.7152939760416255,0.713907018704214,0.7090780668183866,0.0,0.0,0.0,0.0,0.0,0.0,0.0,0.0,0.0,0.0,off,off,off,off,off
46.99999999999823,0.23499999999999116,5.522499999999854,-3.681137875750096,-2.033346092068257,-1.5137873539334805,-2.033342391527981,-3.681130693059629,-6.095302592884593,-6.095292963049303,0.70939733121958,0.7142542769330595,0.7156495191377581,0.7142542868750241,0.7093973505698975,0.0,0.0,0.0,0.0,0.0,0.0,0.0,0.0,0.0,0.0,off,off,off,off,off
47.24999999999822,0.23624999999999108,5.581406249999852,-3.6572218481774144,-2.000023977697026,-1.4774229591926655,-2.000020285847711,-3.657214681091375,-6.084452266218648,-6.084442655887415,0.7097129015796911,0.7145978908525759,0.7160014306332825,0.7145979007721157,0.7097129208900359,0.0,0.0,0.0,0.0,0.0,0.0,0.0,0.0,0.0,0.0,off,off,off,off,off
47.4999999999982,0.23749999999999102,5.64062499999985,-3.633196565055016,-1.9665711461880164,-1.4409194975340256,-1.9665674629663386,-3.6331894135101948,-6.073513406242114,-6.073503815382537,0.7100247713011802,0.7149378623249251,0.7163497219586848,0.7149378722221948,0.7100247905716919,0.0,0.0,0.0,0.0,0.0,0.0,0.0,0.0,0.0,0.0,off,off,off,off,off
47.74999999999819,0.23874999999999094,5.700156249999847,-3.6090621564558205,-1.9329880556244916,-1.4042775637239515,-1.9329843809804856,-3.6090550203896328,-6.0624858916896756,-6.062476320269354,0.7103329537390279,0.7152742037581498,0.7166944051335549,0.7152742136332677,0.7103329729698451,0.0,0.0,0.0,0.0,0.0,0.0,0.0,0.0,0.0,0.0,off,off,off,off,off
47.999999999998174,0.2399999999999909,5.759999999999845,-3.5848187484927507,-1.8992751530479381,-1.3674977385920215,-1.8992714869248175,-3.584811627841475,-6.0513696030593565,-6.051360051045606,0.710637462780767,0.7156069281116737,0.7170354927365067,0.7156069379647766,0.7106374819720327,0.0,0.0,0.0,0.0,0.0,0.0,0.0,0.0,0.0,0.0,off,off,off,off,off
48.24999999999816,0.2412499999999908,5.820156249999843,-3.560466463404964,-1.8654328746829947,-1.3305805893033948,-1.8654292170216422,-3.5604593581105064,-6.040164422572218,-6.04015488993241,0.710938312818131,0.715936048867603,0.7173729978763669,0.7159360586988347,0.7109383319699709,0.0,0.0,0.0,0.0,0.0,0.0,0.0,0.0,0.0,0.0,off,off,off,off,off
48.499999999998145,0.24249999999999072,5.880624999999841,-3.5360054196500528,-1.831461646138905,-1.2935266696512144,-1.831457996891288,-3.5359983296625614,-6.0288702341337626,-6.02886072083453,0.7112355187198567,0.7162615800032718,0.7177069341644821,0.7162615898127467,0.7112355378323758,0.0,0.0,0.0,0.0,0.0,0.0,0.0,0.0,0.0,0.0,off,off,off,off,off
48.74999999999813,0.24374999999999067,5.941406249999839,-3.5114357319792475,-1.7973618826591746,-1.2563365203171202,-1.797358241774191,-3.5114286572349442,-6.017486923294939,-6.017477429303142,0.7115290958056742,0.7165835359647827,0.7180373156882441,0.7165835457526223,0.7115291148790152,0.0,0.0,0.0,0.0,0.0,0.0,0.0,0.0,0.0,0.0,off,off,off,off,off
48.99999999999812,0.2449999999999906,6.002499999999836,-3.4867575114984106,-1.7631339893113136,-1.2190106691396636,-1.7631303567406462,-3.4867504519412478,-6.006014377215365,-6.006004902497807,0.7118190598214145,0.7169019316418002,0.7183641569856833,0.7169019414081191,0.7118190788556994,0.0,0.0,0.0,0.0,0.0,0.0,0.0,0.0,0.0,0.0,off,off,off,off,off
49.2499999999981,0.24624999999999053,6.0639062499998335,-3.461970865762737,-1.7287783612028989,-1.1815496313722633,-1.7287747368949908,-3.4619638213415556,-5.994452484627288,-5.994443029150261,0.7121054269150779,0.7172167823433182,0.7186874730211312,0.7172167920882411,0.7121054459104158,0.0,0.0,0.0,0.0,0.0,0.0,0.0,0.0,0.0,0.0,off,off,off,off,off
49.49999999999809,0.24749999999999045,6.125624999999831,-3.4370758988555963,-1.6942953836849028,-1.1439539099526428,-1.694291767597349,-3.437068869515997,-5.982801135798354,-5.98279169952832,0.7123882136139464,0.7175281037744641,0.7190072791618564,0.7175281134980898,0.7123882325704552,0.0,0.0,0.0,0.0,0.0,0.0,0.0,0.0,0.0,0.0,off,off,off,off,off
49.749999999998074,0.24874999999999037,6.187656249999828,-3.4120727114469673,-1.6596854325550225,-1.1062239957391853,-1.659681824644565,-3.4120656971334142,-5.971060222498011,-5.971050805401092,0.7126674368027198,0.7178359120142701,0.7193235911557597,0.7178359217166995,0.712667455720521,0.0,0.0,0.0,0.0,0.0,0.0,0.0,0.0,0.0,0.0,off,off,off,off,off
49.99999999999806,0.2499999999999903,6.249999999999827,-3.386961400860798,-1.6249488742593599,-1.0683603677622955,-1.6249452744772839,-3.3869544015242354,-5.959229637962551,-5.959220240005095,0.7129431137025563,0.7181402234943753,0.719636425109952,0.7181402331757254,0.7129431325817535,0.0,0.0,0.0,0.0,0.0,0.0,0.0,0.0,0.0,0.0,off,off,off,off,off
50.249999999998046,0.25124999999999026,6.312656249999825,-3.3617420611630564,-1.5900860660718763,-1.0303634934679167,-1.5900824743824842,-3.361735076753689,-5.9473092768618585,-5.947299898010044,0.713215261850947,0.7184410549786818,0.7199457974702437,0.7184410646390337,0.7132152806916469,0.0,0.0,0.0,0.0,0.0,0.0,0.0,0.0,0.0,0.0,off,off,off,off,off
50.49999999999803,0.2524999999999902,6.375624999999822,-3.3364147832214144,-1.555097356298063,-0.9922338289586037,-1.555093772657699,-3.3364078136877993,-5.935299035266667,-5.935289675486388,0.7134838990825272,0.7187384235437996,0.7202517250015009,0.7187384331832569,0.7134839178848407,0.0,0.0,0.0,0.0,0.0,0.0,0.0,0.0,0.0,0.0,off,off,off,off,off
50.74999999999802,0.2537499999999901,6.438906249999819,-3.310979654769767,-1.5199830844457551,-0.9539718192212945,-1.5199795088106498,-3.310972700062564,-5.923198810616157,-5.923189469873364,0.7137490435106953,0.7190323465604018,0.7205542247688576,0.7190323561790684,0.713749062274727,0.0,0.0,0.0,0.0,0.0,0.0,0.0,0.0,0.0,0.0,off,off,off,off,off
50.999999999998,0.25499999999999,6.5024999999998165,-3.285436760474397,-1.4847435814208438,-0.9155778983488858,-1.4847400137560385,-3.285429820553304,-5.911008501686922,-5.910999179947169,0.714010713510021,0.7193228416753082,0.7208533141197346,0.7193228512732628,0.7140107322358519,0.0,0.0,0.0,0.0,0.0,0.0,0.0,0.0,0.0,0.0,off,off,off,off,off
51.24999999999799,0.25624999999998993,6.566406249999814,-3.2597861820041203,-1.4493791696996823,-0.8770524897786913,-1.449375609968115,-3.2597792568179216,-5.898728008562159,-5.898718705791225,0.7142689276993989,0.7196099267943827,0.7211490106665711,0.7196099363717116,0.7142689463871407,0.0,0.0,0.0,0.0,0.0,0.0,0.0,0.0,0.0,0.0,off,off,off,off,off
51.499999999997975,0.2574999999999899,6.630624999999812,-3.234027998091051,-1.4138901635044476,-0.8383960065087308,-1.4138866116646795,-3.23402108759484,-5.886357232601483,-5.886347948765206,0.7145237049259598,0.7198936200661604,0.7214413322703457,0.719893629622961,0.7145237235757063,0.0,0.0,0.0,0.0,0.0,0.0,0.0,0.0,0.0,0.0,off,off,off,off,off
51.74999999999796,0.2587499999999898,6.695156249999809,-3.208162284582329,-1.3782768689688396,-0.7996088513008885,-1.3782733249900048,-3.2081553887317114,-5.873896076412052,-5.873886811475529,0.7147750642497084,0.7201739398661929,0.7217302970248344,0.720173949402534,0.7147750828615518,0.0,0.0,0.0,0.0,0.0,0.0,0.0,0.0,0.0,0.0,off,off,off,off,off
51.99999999999795,0.25999999999998974,6.759999999999806,-3.1821891145168593,-1.3425395843199226,-0.7606914169060701,-1.3425360481655275,-3.1821822332655643,-5.861344443818666,-5.861335197747508,0.7150230249287565,0.7204509047820264,0.7220159232414753,0.7204509142979928,0.7150230435027964,0.0,0.0,0.0,0.0,0.0,0.0,0.0,0.0,0.0,0.0,off,off,off,off,off
52.24999999999793,0.26124999999998966,6.825156249999804,-3.1561085581719794,-1.306678600028249,-0.7216440862675881,-1.306675071664472,-3.156101691477886,-5.848702239836996,-5.848693012596641,0.7152676064052994,0.7207245335989099,0.7222982294349416,0.720724543094579,0.7152676249416212,0.0,0.0,0.0,0.0,0.0,0.0,0.0,0.0,0.0,0.0,off,off,off,off,off
52.49999999999792,0.2624999999999896,6.890624999999801,-3.129920683127807,-1.2706941989788447,-0.6824672327201142,-1.2706906783704426,-3.129913830947146,-5.83596937064533,-5.8359601622009905,0.7155088282921468,0.7209948452860646,0.7225772343093458,0.7209948547615178,0.7155088467908429,0.0,0.0,0.0,0.0,0.0,0.0,0.0,0.0,0.0,0.0,off,off,off,off,off
52.749999999997904,0.26374999999998955,6.956406249999799,-3.103625554321752,-1.2345866566247992,-0.643161220193349,-1.2345831437388028,-3.1036187166159266,-5.823145743557518,-5.823136553874633,0.7157467103598877,0.7212618589835954,0.7228529567450207,0.7212618684389086,0.7157467288210361,0.0,0.0,0.0,0.0,0.0,0.0,0.0,0.0,0.0,0.0,off,off,off,off,off
52.99999999999789,0.26499999999998947,7.022499999999797,-3.0772232341109884,-1.198356241149213,-0.6037264034098939,-1.1983527359572008,-3.077216410833273,-5.810231266997107,-5.810222096040889,0.7159812725246002,0.7215255939899529,0.7231254157858907,0.7215256034251882,0.7159812909483015,0.0,0.0,0.0,0.0,0.0,0.0,0.0,0.0,0.0,0.0,off,off,off,off,off
53.249999999997875,0.2662499999999894,7.088906249999794,-3.0507137823154835,-1.162003213605601,-0.5641631280720389,-1.1619997160750017,-3.050706973429726,-5.797225850470795,-5.797216698206853,0.7162125348361595,0.7217860697499927,0.723394630627417,0.7217860791652246,0.7162125532224849,0.0,0.0,0.0,0.0,0.0,0.0,0.0,0.0,0.0,0.0,off,off,off,off,off
53.49999999999786,0.2674999999999893,7.155624999999791,-3.024097256284449,-1.1255278280894458,-0.5244717310540068,-1.1255243381868354,-3.0240904617482443,-5.7841294045450695,-5.784120270938331,0.716440517467012,0.7220433058434865,0.7236606206050572,0.7220433152387926,0.7164405358160506,0.0,0.0,0.0,0.0,0.0,0.0,0.0,0.0,0.0,0.0,off,off,off,off,off
53.74999999999785,0.2687499999999892,7.222656249999788,-2.9973737109370973,-1.0889303318514862,-0.4846525405768034,-1.0889268495489546,-2.9973669307136106,-5.770941840819091,-5.770932725834712,0.716665240701521,0.7222973219742864,0.7239234051832673,0.7222973313497285,0.7166652590133468,0.0,0.0,0.0,0.0,0.0,0.0,0.0,0.0,0.0,0.0,off,off,off,off,off
53.99999999999783,0.2699999999999892,7.289999999999785,-2.9705431988253963,-1.0522109654751262,-0.4447058764052372,-1.0522074907407273,-2.970536432877111,-5.757663071901959,-5.757653975505264,0.7168867249257382,0.7225481379598013,0.7241830039449365,0.7225481473154524,0.7168867432004271,0.0,0.0,0.0,0.0,0.0,0.0,0.0,0.0,0.0,0.0,off,off,off,off,off
54.24999999999782,0.2712499999999891,7.357656249999782,-2.9436057701810228,-1.0153699629937023,-0.4046320500146976,-1.0153664958040736,-2.9435990184670118,-5.744293011389232,-5.744283933545603,0.7171049906176796,0.7227957737210999,0.7244394365813596,0.7227957830570102,0.7171050088553174,0.0,0.0,0.0,0.0,0.0,0.0,0.0,0.0,0.0,0.0,off,off,off,off,off
54.499999999997804,0.27249999999998903,7.42562499999978,-2.9165614729604386,-0.97840755204885,-0.36443136476765403,-0.9784040923745465,-2.916554735442503,-5.730831573840362,-5.730822514514443,0.7173200583380535,0.7230402492733464,0.7246927228826309,0.7230402585895823,0.7173200765387187,0.0,0.0,0.0,0.0,0.0,0.0,0.0,0.0,0.0,0.0,off,off,off,off,off
54.74999999999779,0.27374999999998895,7.493906249999777,-2.8894103528995174,-0.9413239540076574,-0.3241041160937925,-0.9413205018220197,-2.8894036295397427,-5.7172786747539135,-5.717269633910803,0.7175319487213879,0.723281584716776,0.7249428827284534,0.7232815940133974,0.7175319668851582,0.0,0.0,0.0,0.0,0.0,0.0,0.0,0.0,0.0,0.0,off,off,off,off,off
54.999999999997776,0.27499999999998886,7.562499999999774,-2.862152453561748,-0.9041193841071049,-0.2836505916371834,-0.9041159393864859,-2.862145744317502,-5.703634230547777,-5.703625208152573,0.7177406824675874,0.7235198002280006,0.7251899360794445,0.723519809505058,0.7177407005945537,0.0,0.0,0.0,0.0,0.0,0.0,0.0,0.0,0.0,0.0,off,off,off,off,off
55.24999999999776,0.27624999999998884,7.631406249999771,-2.8347878163763767,-0.8667940515836108,-0.2430710714447173,-0.8667906143016921,-2.834781121218043,-5.689898158536607,-5.689889154554521,0.7179462803339046,0.7237549160517502,0.725433902968725,0.7237549253093021,0.7179462984241219,0.0,0.0,0.0,0.0,0.0,0.0,0.0,0.0,0.0,0.0,off,off,off,off,off
55.49999999999775,0.27749999999998876,7.700624999999769,-2.807316480704685,-0.8293481597928007,-0.202365828108384,-0.8293447299257082,-2.807309799595032,-5.676070376910786,-5.676061391307144,0.7181487631272149,0.7239869524930155,0.7256748034940029,0.7239869617311139,0.7181487811807594,0.0,0.0,0.0,0.0,0.0,0.0,0.0,0.0,0.0,0.0,off,off,off,off,off
55.74999999999773,0.2787499999999887,7.770156249999766,-2.7797384838700623,-0.7917819063540605,-0.16153512693540506,-0.7917784838710418,-2.779731816769356,-5.662150804716589,-5.662141837456545,0.7183481516967494,0.724215929909484,0.7259126578099485,0.7242159391282,0.7183481697137065,0.0,0.0,0.0,0.0,0.0,0.0,0.0,0.0,0.0,0.0,off,off,off,off,off
55.99999999999772,0.2799999999999886,7.839999999999764,-2.7520538611904044,-0.7540954832480793,-0.12057922609534444,-0.7540920681299212,-2.752047208069257,-5.648139361835547,-5.648130412883916,0.7185444669271693,0.7244418687044454,0.7261474861209672,0.724441877903818,0.7185444849075929,0.0,0.0,0.0,0.0,0.0,0.0,0.0,0.0,0.0,0.0,off,off,off,off,off
56.249999999997705,0.2812499999999885,7.91015624999976,-2.7242626460613337,-0.716289076962255,-0.07949837678268068,-0.716285669186675,-2.7242560068771695,-5.634035968963644,-5.634027038285865,0.7187377297318236,0.7246647893199009,0.7263793086742728,0.7246647984999784,0.7187377476758066,0.0,0.0,0.0,0.0,0.0,0.0,0.0,0.0,0.0,0.0,off,off,off,off,off
56.49999999999769,0.2824999999999885,7.980624999999757,-2.6963648699523333,-0.6783628685934104,-0.038292823355618566,-0.6783594681368754,-2.696358244675878,-5.619840547594265,-5.6198316351553785,0.7189279610465752,0.724884712230105,0.7266081457533291,0.7248847213909395,0.7189279789541727,0.0,0.0,0.0,0.0,0.0,0.0,0.0,0.0,0.0,0.0,off,off,off,off,off
56.74999999999768,0.2837499999999884,8.051406249999754,-2.6683605624921825,-0.6403170339714279,0.0030371965079893926,-0.6403136408114278,-2.6683539510876244,-5.6055530199976715,-5.605544125763004,0.7191151818236741,0.7251016579353509,0.726834017671558,0.7251016670769905,0.7191151996949601,0.0,0.0,0.0,0.0,0.0,0.0,0.0,0.0,0.0,0.0,off,off,off,off,off
56.99999999999766,0.2849999999999883,8.12249999999975,-2.640249751476631,-0.6021517437774264,0.044491451663645876,-0.6021483578931566,-2.640243153911456,-5.591173309203157,-5.591164433137635,0.719299413026144,0.7253156469560625,0.7270569447663564,0.7253156560785523,0.7192994308611832,0.0,0.0,0.0,0.0,0.0,0.0,0.0,0.0,0.0,0.0,off,off,off,off,off
57.24999999999765,0.28624999999998824,8.193906249999747,-2.612032462933996,-0.5638671636459662,0.08606971737526692,-0.563863785011165,-2.6120258791705737,-5.5767013389813656,-5.576692481050316,0.7194806756222814,0.7255266998272119,0.7272769473934554,0.7255267089306107,0.7194806934211535,0.0,0.0,0.0,0.0,0.0,0.0,0.0,0.0,0.0,0.0,off,off,off,off,off
57.499999999997634,0.28749999999998815,8.265624999999744,-2.583708721147673,-0.5254634542799295,0.1277717751671048,-0.5254600828726552,-2.5837021511535454,-5.562137033826218,-5.562128193994738,0.7196589905805465,0.725734837092962,0.7274940459214777,0.7257348461773175,0.7196590083433161,0.0,0.0,0.0,0.0,0.0,0.0,0.0,0.0,0.0,0.0,off,off,off,off,off
57.74999999999762,0.2887499999999881,8.337656249999743,-2.555278548703825,-0.4869407715626721,0.1695974126831743,-0.48693740735944857,-2.555271992447956,-5.547480318938028,-5.5474714971715,0.7198343788646336,0.7259400793015762,0.7277082607267741,0.7259400883669407,0.719834396591362,0.0,0.0,0.0,0.0,0.0,0.0,0.0,0.0,0.0,0.0,off,off,off,off,off
57.999999999997605,0.28999999999998805,8.409999999999739,-2.526741966532768,-0.44829926665721587,0.21154642355662645,-0.4482959096382615,-2.5267354239829274,-5.532731120207075,-5.532722316470881,0.7200068614288092,0.7261424470006071,0.7279196121885309,0.7261424560470224,0.7200068791195615,0.0,0.0,0.0,0.0,0.0,0.0,0.0,0.0,0.0,0.0,off,off,off,off,off
58.24999999999759,0.29124999999998796,8.482656249999737,-2.4980989939404594,-0.40953908611953693,0.25361860728213514,-0.4095357362610912,-2.498092465064815,-5.517889364197231,-5.517880578456186,0.720176459213507,0.7263419607322795,0.7281281206841171,0.7263419697597981,0.7201764768683486,0.0,0.0,0.0,0.0,0.0,0.0,0.0,0.0,0.0,0.0,off,off,off,off,off
58.49999999999758,0.2924999999999879,8.555624999999734,-2.469349648650848,-0.370660371986105,0.29581376908112134,-0.37065702927424127,-2.469343133415464,-5.502954978128514,-5.502946210348114,0.7203431931411236,0.7265386410291663,0.7283338065846383,0.7265386500378151,0.7203432107601234,0.0,0.0,0.0,0.0,0.0,0.0,0.0,0.0,0.0,0.0,off,off,off,off,off
58.74999999999756,0.2937499999999878,8.62890624999973,-2.4404939468412863,-0.3316632618953008,0.33813171977539014,-0.3316599263030753,-2.4404874452160925,-5.48792788986367,-5.487919140009183,0.720507084112037,0.7267325084099897,0.7285366902507229,0.7267325173998301,0.720507101695255,0.0,0.0,0.0,0.0,0.0,0.0,0.0,0.0,0.0,0.0,off,off,off,off,off
58.99999999999755,0.29499999999998777,8.702499999999727,-2.4115319031763534,-0.2925478891706348,0.38057227567838936,-0.29254456067775436,-2.411525415130143,-5.472808027891574,-5.472799295928098,0.7206681530008454,0.7269235833757255,0.7287367920285666,0.7269235923468013,0.7206681705483448,0.0,0.0,0.0,0.0,0.0,0.0,0.0,0.0,0.0,0.0,off,off,off,off,off
59.249999999997534,0.2962499999999877,8.776406249999724,-2.382463530848838,-0.2533143829147093,0.4231352584530441,-0.2533110615028704,-2.382457056347107,-5.457595321312851,-5.457586607205712,0.720826420652776,0.72711188640588,0.7289341322460774,0.7271118953582307,0.7208264381646287,0.0,0.0,0.0,0.0,0.0,0.0,0.0,0.0,0.0,0.0,off,off,off,off,off
59.49999999999752,0.2974999999999876,8.850624999999722,-2.3532888416123114,-0.21396286812046128,0.4658204950025606,-0.21395955376982556,-2.353282380622602,-5.442289699824869,-5.4422810035396765,0.7209819078803062,0.7272974379549033,0.7291287312092967,0.7272974468885706,0.7209819253565798,0.0,0.0,0.0,0.0,0.0,0.0,0.0,0.0,0.0,0.0,off,off,off,off,off
59.749999999997506,0.2987499999999875,8.925156249999718,-2.3240078458136963,-0.17449346574522906,0.5086278173459959,-0.17449015843681082,-2.3240013983058816,-5.4268910937079795,-5.426882415210173,0.7211346354599661,0.7274802584488823,0.7293206091989625,0.727480267363907,0.7211346529007203,0.0,0.0,0.0,0.0,0.0,0.0,0.0,0.0,0.0,0.0,off,off,off,off,off
59.99999999999749,0.29999999999998744,8.999999999999714,-2.29462055243107,-0.13490629282290456,0.5515570625184978,-0.13490299253618332,-2.29461411837525,-5.411399433811937,-5.411390773066842,0.7212846241292934,0.7276603682823041,0.7295097864673085,0.7276603771787318,0.7212846415345888,0.0,0.0,0.0,0.0,0.0,0.0,0.0,0.0,0.0,0.0,off,off,off,off,off
60.24999999999749,0.3,9.074999999998967,-2.265341898435338,-0.09541829900581433,0.5943916751562597,-0.0954150057165748,-2.2653354777950767,-5.395815229786706,-5.395806586759875,0.7218425436053132,0.7282459875261843,0.7301044562862614,0.7282459964039154,0.7218425609746739,0.0,0.0,0.0,0.0,0.0,0.0,0.0,0.0,0.0,0.0,off,off,off,off,off
60.49999999999748,0.3,9.14999999999897,-2.236373986129763,-0.05624549494319808,0.6369157077629666,-0.056242208633364044,-2.2363675788719206,-5.38014093306839,-5.380132307725432,0.7223917791106923,0.7288229154515901,0.7306904485911675,0.7288229243106777,0.7223917964442175,0.0,0.0,0.0,0.0,0.0,0.0,0.0,0.0,0.0,0.0,off,off,off,off,off
60.74999999999746,0.3,9.224999999998973,-2.207698730429513,-0.01738619133584507,0.6791299210397028,-0.017382911984725524,-2.2076923365104335,-5.364379283407743,-5.364370675713985,0.7229325490520891,0.7293913259639817,0.7312679347420804,0.7293913348044863,0.7229325663499071,0.0,0.0,0.0,0.0,0.0,0.0,0.0,0.0,0.0,0.0,off,off,off,off,off
60.99999999999745,0.3,9.299999999998976,-2.17929951751114,0.021161779391206892,0.7210351344901937,0.021165051808225144,-2.1792931368978543,-5.34853288077943,-5.348524290700368,0.7234650630346792,0.7299513894364424,0.7318370814368285,0.729951398258434,0.7234650802968869,0.0,0.0,0.0,0.0,0.0,0.0,0.0,0.0,0.0,0.0,off,off,off,off,off
61.249999999997435,0.3,9.374999999998979,-2.1511610668533763,0.059400988563254487,0.7626322556589002,0.05940425406930672,-2.151154699506492,-5.332604196080013,-5.332595623580914,0.7239895223878301,0.7305032726621897,0.7323980509430379,0.7305032814657334,0.7239895396145414,0.0,0.0,0.0,0.0,0.0,0.0,0.0,0.0,0.0,0.0,off,off,off,off,off
61.49999999999742,0.3,9.449999999998981,-2.1232693091579904,0.09733434467960933,0.8039223001836717,0.09733760329254437,-2.1232629550418096,-5.316595580853573,-5.316587025900105,0.724506120655786,0.7310471388359728,0.7329510013128785,0.7310471476211207,0.7245061378471039,0.0,0.0,0.0,0.0,0.0,0.0,0.0,0.0,0.0,0.0,off,off,off,off,off
61.74999999999741,0.3,9.524999999998984,-2.095611276633406,0.1349650355069798,0.8449064058370368,0.13496828725169507,-2.0956049357131405,-5.300509276148091,-5.300500738705352,0.7250150440533415,0.7315831475570703,0.7334960865798635,0.7315831563238929,0.7250150612093651,0.0,0.0,0.0,0.0,0.0,0.0,0.0,0.0,0.0,0.0,off,off,off,off,off
61.99999999999739,0.3,9.599999999998987,-2.06817500407152,0.17229647799229042,0.8855858418346543,0.1722997228939107,-2.06816867631062,-5.284347420584936,-5.2843389006184225,0.7255164718868702,0.7321114548478596,0.7340334569374138,0.7321114635964268,0.7255164890077033,0.0,0.0,0.0,0.0,0.0,0.0,0.0,0.0,0.0,0.0,off,off,off,off,off
62.24999999999738,0.3,9.67499999999899,-2.04094943952083,0.20933227503161334,0.9259620142809126,0.2093355131073622,-2.0409431248831993,-5.268112057722249,-5.268103555197456,0.7260105769432025,0.7326322131846554,0.7345632589008301,0.7326322219150154,0.7260105940289467,0.0,0.0,0.0,0.0,0.0,0.0,0.0,0.0,0.0,0.0,off,off,off,off,off
62.499999999997364,0.3,9.749999999998993,-2.0139243635592834,0.2460761781736096,0.9660364685185527,0.24607940943963058,-2.013918062012067,-5.251805142775538,-5.251796657657962,0.7264975258490923,0.7331455715383953,0.735085635454791,0.733145580250595,0.7264975428998396,0.0,0.0,0.0,0.0,0.0,0.0,0.0,0.0,0.0,0.0,off,off,off,off,off
62.74999999999735,0.3,9.824999999998996,-1.9870903162973264,0.28253205553733096,1.0058108889242021,0.28253528001761197,-1.9870840278055084,-5.23542854876041,-5.235420081015548,0.7269774794038761,0.7336516754234701,0.7356007261880783,0.7336516841175751,0.7269774964197239,0.0,0.0,0.0,0.0,0.0,0.0,0.0,0.0,0.0,0.0,off,off,off,off,off
62.999999999997335,0.3,9.899999999998998,-1.9604385312734962,0.3187038642392963,1.0452870966879573,0.3187070819487303,-1.9604322558063245,-5.218984072108242,-5.218975621701816,0.7274505928878493,0.7341506669530644,0.7361086674172375,0.7341506756291166,0.7274506098688824,0.0,0.0,0.0,0.0,0.0,0.0,0.0,0.0,0.0,0.0,off,off,off,off,off
63.24999999999732,0.3,9.974999999999001,-1.9339608756144457,0.3545956267194015,1.0844670460071484,0.354598837685387,-1.9339546131413954,-5.202473437808408,-5.202465004706028,0.7279170163483433,0.7346426848996446,0.7366095923006178,0.7346426935577198,0.7279170332946461,0.0,0.0,0.0,0.0,0.0,0.0,0.0,0.0,0.0,0.0,off,off,off,off,off
63.49999999999731,0.3,10.049999999999004,-1.9076497957672132,0.39021141048857544,1.1233528190088578,0.390214614727995,-1.9076435462565655,-5.185898304117416,-5.185889888284294,0.7283768948656228,0.7351278647595514,0.7371036309438784,0.7351278733996959,0.7283769117772811,0.0,0.0,0.0,0.0,0.0,0.0,0.0,0.0,0.0,0.0,off,off,off,off,off
63.74999999999729,0.3,10.124999999999007,-1.8814982682814048,0.42555531080375886,1.161946619776927,0.42555850833701925,-1.8814920316993948,-5.1692602668760514,-5.169251868277968,0.7288303688002662,0.7356063388206188,0.7375909104982248,0.735606347442889,0.7288303856773726,0.0,0.0,0.0,0.0,0.0,0.0,0.0,0.0,0.0,0.0,off,off,off,off,off
63.99999999999728,0.3,10.19999999999901,-1.8554997551348151,0.46063143590305344,1.200250767656314,0.4606346267523236,-1.8554935314484169,-5.152560863472502,-5.152552482075009,0.7292775740236278,0.7360782362320553,0.7380715552520637,0.7360782448365119,0.729277590866272,0.0,0.0,0.0,0.0,0.0,0.0,0.0,0.0,0.0,0.0,off,off,off,off,off
64.24999999999733,0.3,10.274999999999013,-1.8296481631573442,0.4954438944654953,1.2382676900957108,0.49544707864697557,-1.8296419523341,-5.135801576481015,-5.135793212249666,0.729718642132808,0.7365436830759056,0.7385456867170039,0.7365436916625923,0.7297186589410769,0.0,0.0,0.0,0.0,0.0,0.0,0.0,0.0,0.0,0.0,off,off,off,off,off
64.49999999999733,0.3,10.349999999999,-1.8039378071297847,0.5299967849774134,1.2759999151808756,0.5299999625082705,-1.8039316091440014,-5.118983837007136,-5.118975489907655,0.7301537006514781,0.7370028024394372,0.7390134237088141,0.7370028110084011,0.7301537174254394,0.0,0.0,0.0,0.0,0.0,0.0,0.0,0.0,0.0,0.0,off,off,off,off,off
64.74999999999733,0.3,10.424999999998986,-1.7783633762574027,0.5642941867540685,1.3134500640126703,0.5642973576576651,-1.7783571910758837,-5.102109027764243,-5.102100697762296,0.7305828732175677,0.7374557144879756,0.7394748824239512,0.7374557230392802,0.7305828899573114,0.0,0.0,0.0,0.0,0.0,0.0,0.0,0.0,0.0,0.0,off,off,off,off,off
64.99999999999733,0.3,10.499999999998973,-1.752919903602276,0.5983401524227361,1.3506208430407014,0.598343316716921,-1.7529137311963154,-5.085178485908216,-5.085170172969242,0.7310062797591373,0.7379025365378508,0.7399301765121373,0.7379025450715435,0.731006296464739,0.0,0.0,0.0,0.0,0.0,0.0,0.0,0.0,0.0,0.0,off,off,off,off,off
65.24999999999733,0.3,10.57499999999896,-1.7276027382956158,0.6321387015909181,1.3875150364326032,0.6321418592922896,-1.7275965786304823,-5.068193505647173,-5.06818520973718,0.731424036659071,0.7383433831288779,0.7403794171453822,0.7383433916450041,0.7314240533306228,0.0,0.0,0.0,0.0,0.0,0.0,0.0,0.0,0.0,0.0,off,off,off,off,off
65.49999999999733,0.3,10.649999999998947,-1.7024075201669575,0.665693815644488,1.42413549857514,0.6656969667697581,-1.7024013732163894,-5.051155340652485,-5.051147061737481,0.7318362569097634,0.7387783660964066,0.7408227130838728,0.7387783745950111,0.7318362735473343,0.0,0.0,0.0,0.0,0.0,0.0,0.0,0.0,0.0,0.0,off,off,off,off,off
65.74999999999733,0.3,10.724999999998934,-1.6773301566474856,0.6990094334205992,1.460485146772271,0.6990125779854566,-1.677324022378059,-5.034065206280786,-5.034056944326551,0.7322430502583236,0.7392075946423898,0.7412601707390656,0.7392076031235143,0.7322430668620017,0.0,0.0,0.0,0.0,0.0,0.0,0.0,0.0,0.0,0.0,off,off,off,off,off
65.99999999999733,0.3,10.79999999999892,-1.6523668016624242,0.7320894476923172,1.49656695413654,0.7320925857176235,-1.6523606800495259,-5.016924281629315,-5.0169160366016285,0.7326445233432368,0.7396311754054667,0.741691894234117,0.7396311838691669,0.7326445399130853,0.0,0.0,0.0,0.0,0.0,0.0,0.0,0.0,0.0,0.0,off,off,off,off,off
66.24999999999733,0.3,10.874999999998908,-1.6275138363873225,0.7649377023396937,1.5323839428021984,0.7649408338394892,-1.62750772739696,-4.999733711436818,-4.999725483301461,0.7330407798229391,0.7400492125298582,0.7421179854621452,0.7400492209761717,0.7330407963590472,0.0,0.0,0.0,0.0,0.0,0.0,0.0,0.0,0.0,0.0,off,off,off,off,off
66.49999999999733,0.3,10.949999999998894,-1.602767851629551,0.7975579900933099,1.5679391773603015,0.797561115087035,-1.6027617552354059,-4.982494607842455,-4.982486396565264,0.7334319204971096,0.7404618077329024,0.742538544142184,0.7404618161618804,0.7334319369995462,0.0,0.0,0.0,0.0,0.0,0.0,0.0,0.0,0.0,0.0,off,off,off,off,off
66.74999999999733,0.3,11.024999999998881,-1.57812563176185,0.8299540507899792,1.603235758653227,0.8299571692988366,-1.5781195479334542,-4.965208052016067,-4.965199857563277,0.7338180434209944,0.7408690603711983,0.7429536678733316,0.7408690687828973,0.7338180598898381,0.0,0.0,0.0,0.0,0.0,0.0,0.0,0.0,0.0,0.0,off,off,off,off,off
66.99999999999733,0.3,11.099999999998868,-1.5535841400056256,0.8621295700504561,1.638276817857104,0.8621326820907029,-1.5535780687138754,-4.947875095670838,-4.947866918008174,0.7341992440134262,0.7412710675052336,0.7433634521870207,0.7412710758996965,0.7341992604487522,0.0,0.0,0.0,0.0,0.0,0.0,0.0,0.0,0.0,0.0,off,off,off,off,off
67.24999999999733,0.3,11.174999999998855,-1.529140504956274,0.8940881783274222,1.6730655108968904,0.8940912839129851,-1.5291344461732024,-4.930496762465793,-4.930488601559546,0.7345756151589558,0.7416679239624762,0.7437679905976472,0.7416679323397395,0.7345756315608357,0.0,0.0,0.0,0.0,0.0,0.0,0.0,0.0,0.0,0.0,off,off,off,off,off
67.49999999999733,0.3,11.249999999998842,-1.5047920082594146,0.9258334502583807,1.7076050131749412,0.9258365494048917,-1.5047859619542692,-4.9130740493109215,-4.913065905127269,0.7349472473044479,0.7420597223988594,0.7441673746516134,0.7420597307589638,0.734947263672961,0.0,0.0,0.0,0.0,0.0,0.0,0.0,0.0,0.0,0.0,off,off,off,off,off
67.74999999999733,0.3,11.324999999998829,-1.480536073313374,0.9573689042986189,1.7418985146449018,0.957371997023472,-1.4805300394545498,-4.895607927580329,-4.895599800085392,0.7353142285505797,0.7424465533587027,0.7445616939749826,0.742446561701694,0.7353142448858087,0.0,0.0,0.0,0.0,0.0,0.0,0.0,0.0,0.0,0.0,off,off,off,off,off
67.99999999999733,0.3,11.399999999998816,-1.4563702549052095,0.9886980025622734,1.775949215177775,0.9887010888824079,-1.4563642334678661,-4.878099344240923,-4.878091233400994,0.7356766447385985,0.742828505332968,0.7449510363196894,0.7428285136588908,0.7356766610406051,0.0,0.0,0.0,0.0,0.0,0.0,0.0,0.0,0.0,0.0,off,off,off,off,off
68.24999999999733,0.3,11.474999999998802,-1.4322922297159266,1.019824150861382,1.8097603202384676,1.0198272307914635,-1.432286220675735,-4.860549222905604,-4.860541128687146,0.7360345795325972,0.7432056648159232,0.7453354876084627,0.7432056731248148,0.7360345958014426,0.0,0.0,0.0,0.0,0.0,0.0,0.0,0.0,0.0,0.0,off,off,off,off,off
68.49999999999733,0.3,11.54999999999879,-1.4082997875973433,1.0507506989009698,1.8433350368769652,1.050753772453902,-1.4082937909263933,-4.842958464815922,-4.842950387184999,0.7363881144976697,0.7435781163601896,0.7457151319785535,0.7435781246520836,0.7363881307334258,0.0,0.0,0.0,0.0,0.0,0.0,0.0,0.0,0.0,0.0,off,off,off,off,off
68.74999999999733,0.3,11.624999999998776,-1.3843908235692766,1.081480940607662,1.876676569987751,1.0814840078015209,-1.3843848392446603,-4.82532794975765,-4.825319888680667,0.7367373291741699,0.7439459426301954,0.746090051824235,0.7439459509051387,0.7367373453768937,0.0,0.0,0.0,0.0,0.0,0.0,0.0,0.0,0.0,0.0,off,off,off,off,off
68.99999999999733,0.3,11.699999999998763,-1.3605633304597404,1.1120181145701622,1.9097881188629344,1.1120211754233083,-1.3605573584544572,-4.8076585369191775,-4.807650492362598,0.7370823011483573,0.7443092244540608,0.7464603278382158,0.744309232712102,0.7370823173181178,0.0,0.0,0.0,0.0,0.0,0.0,0.0,0.0,0.0,0.0,off,off,off,off,off
69.24999999999733,0.3,11.77499999999875,-1.33681539215155,1.1423654045725584,1.9426728740108388,1.1423684590998846,-1.336809432436155,-4.78995106569397,-4.789943037624198,0.7374231061196144,0.7446680408739408,0.7468260390519815,0.7446680491151186,0.7374231222564865,0.0,0.0,0.0,0.0,0.0,0.0,0.0,0.0,0.0,0.0,off,off,off,off,off
69.49999999999733,0.3,11.849999999998737,-1.3131451773571712,1.1725259401915764,1.9753340142029288,1.1725289884043377,-1.3131392298971605,-4.772206356431525,-4.772198344814967,0.7377598179645153,0.7450224691948204,0.7471872628750207,0.7450224774191618,0.7377598340685874,0.0,0.0,0.0,0.0,0.0,0.0,0.0,0.0,0.0,0.0,off,off,off,off,off
69.74999999999733,0.3,11.924999999998724,-1.2895509338844136,1.2025027974690374,2.007774703799271,1.2025058393797394,-1.2895449986554013,-4.754425211142461,-4.754417215945921,0.7380925087979199,0.7453725850318644,0.7475440751331646,0.7453725932394024,0.7380925248692531,0.0,0.0,0.0,0.0,0.0,0.0,0.0,0.0,0.0,0.0,off,off,off,off,off
69.99999999999733,0.3,11.99999999999871,-1.2660309833913743,1.2322989996237652,2.0399980902702737,1.2323020352471303,-1.2660250603723853,-4.736608414160742,-4.736600435350908,0.7384212490311644,0.7457184623562937,0.7478965501058609,0.7457184705470651,0.7384212650698102,0.0,0.0,0.0,0.0,0.0,0.0,0.0,0.0,0.0,0.0,off,off,off,off,off
70.24999999999733,0.3,12.074999999998697,-1.2425837165214375,1.2619175177952684,2.0720073019429037,1.2619205471490886,-1.2425778056819468,-4.718756732765598,-4.718748770308991,0.7387461074277056,0.7460601735398283,0.7482447605625415,0.7460601817138799,0.7387461234337418,0.0,0.0,0.0,0.0,0.0,0.0,0.0,0.0,0.0,0.0,off,off,off,off,off
70.49999999999733,0.3,12.149999999998684,-1.2192075884339033,1.291361271837843,2.103805445962564,1.291364294937182,-1.2192016897520261,-4.700870917765769,-4.700862971629192,0.7390671511562423,0.746397789397811,0.7485887777981112,0.7463977975551818,0.7390671671297224,0.0,0.0,0.0,0.0,0.0,0.0,0.0,0.0,0.0,0.0,off,off,off,off,off
70.74999999999733,0.3,12.224999999998671,-1.1959011146802823,1.3206331311168356,2.135395606416978,1.3206361479720954,-1.1958952281287907,-4.682951704052471,-4.6829437742027835,0.7393844458415025,0.7467313792309429,0.7489286716674763,0.7467313873716576,0.7393844617824958,0.0,0.0,0.0,0.0,0.0,0.0,0.0,0.0,0.0,0.0,off,off,off,off,off
70.99999999999733,0.3,12.299999999998658,-1.1726628673977189,1.3497359153172397,2.166780842673859,1.349738925945644,-1.172656992949328,-4.664999811117639,-4.664991897521588,0.7396980556128324,0.7470610108657008,0.7492645106193028,0.7470610189898045,0.7396980715214075,0.0,0.0,0.0,0.0,0.0,0.0,0.0,0.0,0.0,0.0,off,off,off,off,off
71.24999999999733,0.3,12.374999999998645,-1.14949147179874,1.3786723952778175,2.1979641878512552,1.37867539969767,-1.1494856094247439,-4.64701594354608,-4.647008046170697,0.7400080431506919,0.7473867506935473,0.7495963617288471,0.7473867588010878,0.7400080590269208,0.0,0.0,0.0,0.0,0.0,0.0,0.0,0.0,0.0,0.0,off,off,off,off,off
71.49999999999733,0.3,12.449999999998631,-1.1263856029260069,1.4074452938297668,2.228948647476841,1.4074482920520381,-1.1263797525971313,-4.629000791478404,-4.628992910290663,0.7403144697312013,0.7477086637089048,0.7499242907300552,0.7477086717999091,0.7403144855751586,0.0,0.0,0.0,0.0,0.0,0.0,0.0,0.0,0.0,0.0,off,off,off,off,off
71.74999999999733,0.3,12.524999999998618,-1.1033439826539393,1.4360572866126518,2.2597371982633376,1.4360602786538266,-1.1033381443496069,-4.610955031050594,-4.610947166017468,0.7406173952688238,0.7480268135458858,0.7502483620467798,0.7480268216203961,0.7406174110805591,0.0,0.0,0.0,0.0,0.0,0.0,0.0,0.0,0.0,0.0,off,off,off,off,off
71.99999999999733,0.3,12.599999999998605,-1.0803653769232255,1.4645110029222224,2.2903327870431553,1.464513988798842,-1.0803595506178567,-4.59287932480953,-4.592871475898221,0.7409168783572797,0.7483412625139627,0.7505686388232932,0.7483412705720207,0.740916894136857,0.0,0.0,0.0,0.0,0.0,0.0,0.0,0.0,0.0,0.0,off,off,off,off,off
72.24999999999733,0.3,12.674999999998592,-1.0574485931766162,1.4928090265329388,2.3207383298161517,1.4928120062557468,-1.057442778842585,-4.574774322107828,-4.574766489285196,0.7412129763088149,0.7486520716324685,0.7508851829539946,0.7486520796741013,0.7412129920563046,0.0,0.0,0.0,0.0,0.0,0.0,0.0,0.0,0.0,0.0,off,off,off,off,off
72.49999999999733,0.3,12.749999999998579,-1.0345924779791744,1.520953896508047,2.350956710930234,1.5209568700897762,-1.0345866755922657,-4.556640659477239,-4.556632842710712,0.7415057451919148,0.7489593006640137,0.751198055112426,0.7489593086892531,0.7415057609073765,0.0,0.0,0.0,0.0,0.0,0.0,0.0,0.0,0.0,0.0,off,off,off,off,off
72.74999999999733,0.3,12.824999999998566,-1.011795914826621,1.5489481080195446,2.3809907823455205,1.548951075473326,-1.0117901243568213,-4.538478960985628,-4.53847116024258,0.7417952398674905,0.7492630081469077,0.7515073147794918,0.7492630161557872,0.7417952555509995,0.0,0.0,0.0,0.0,0.0,0.0,0.0,0.0,0.0,0.0,off,off,off,off,off
72.99999999999733,0.3,12.899999999998553,-0.9890578221012447,1.5767941131494467,2.410843363029528,1.576797074492788,-0.9890520435276358,-4.520289838575479,-4.520282053823109,0.74208151402369,0.749563251426557,0.751813020271056,0.7495632594191214,0.7420815296752981,0.0,0.0,0.0,0.0,0.0,0.0,0.0,0.0,0.0,0.0,off,off,off,off,off
73.24999999999733,0.3,12.97499999999854,-0.9663771512018116,1.6044943216808178,2.4405172384194316,1.6044972769247465,-0.966371384497279,-4.5020738923862496,-4.502066123592101,0.7423646202092989,0.7498600866858922,0.752115228764781,0.7498600946621686,0.7423646358290736,0.0,0.0,0.0,0.0,0.0,0.0,0.0,0.0,0.0,0.0,off,off,off,off,off
73.49999999999733,0.3,13.049999999998526,-0.9437528847654448,1.6320511018757884,2.47001515999807,1.6320540510348565,-0.9437471299080471,-4.483831711062237,-4.483823958193682,0.7426446098659822,0.7501535689748569,0.7524139963263627,0.7501535769348825,0.7426446254539781,0.0,0.0,0.0,0.0,0.0,0.0,0.0,0.0,0.0,0.0,off,off,off,off,off
73.74999999999733,0.3,13.124999999998513,-0.9211840350644138,1.6594667812423154,2.4993398449220194,1.6594697243309042,-0.9211782920269798,-4.465563872046687,-4.4655561350712105,0.7429215333591891,0.7504437522389938,0.7527093779350401,0.7504437601828047,0.7429215489154739,0.0,0.0,0.0,0.0,0.0,0.0,0.0,0.0,0.0,0.0,off,off,off,off,off
73.99999999999733,0.3,13.1999999999985,-0.8986696424797174,1.6867436472835493,2.5284939757387406,1.6867465843130844,-0.8986639112386001,-4.447270941861916,-4.447263220747118,0.7431954400080012,0.7507306893471467,0.7530014275085013,0.7507306972747714,0.7431954555326334,0.0,0.0,0.0,0.0,0.0,0.0,0.0,0.0,0.0,0.0,off,off,off,off,off
74.24999999999733,0.3,13.274999999998487,-0.8762087741025653,1.7138839482390154,2.557480200176542,1.7138868792256972,-0.8762030546308779,-4.428953476379263,-4.4289457710926285,0.7434663781138349,0.7510144321183321,0.7532901979271821,0.751014440029812,0.743466393606882,0.0,0.0,0.0,0.0,0.0,0.0,0.0,0.0,0.0,0.0,off,off,off,off,off
74.49999999999733,0.3,13.349999999998474,-0.8538005224318113,1.7408898938149946,2.586301130977006,1.7408928187713855,-0.8537948147052248,-4.410612021075281,-4.410604331584864,0.7437343949881009,0.7512950313478056,0.7535757410578992,0.7512950392431719,0.7437344104496239,0.0,0.0,0.0,0.0,0.0,0.0,0.0,0.0,0.0,0.0,off,off,off,off,off
74.74999999999733,0.3,13.42499999999846,-0.831444004149887,1.7677636558848917,2.6149593458032427,1.7677665748203708,-0.831438308140207,-4.392247111279289,-4.39223943755286,0.7439995369789036,0.7515725368322937,0.7538581077769358,0.7515725447115695,0.743999552408973,0.0,0.0,0.0,0.0,0.0,0.0,0.0,0.0,0.0,0.0,off,off,off,off,off
74.99999999999733,0.3,13.499999999998447,-0.8091383589855354,1.7945073692012556,2.6434573871973726,1.7945102821276464,-0.8091326746721847,-4.373859272410357,-4.373851614415571,0.7442618494967835,0.7518469973945424,0.7541373479925454,0.7518470052577564,0.744261864895449,0.0,0.0,0.0,0.0,0.0,0.0,0.0,0.0,0.0,0.0,off,off,off,off,off
75.24999999999733,0.3,13.574999999998434,-0.786882748673861,1.8211231320660204,2.6717977625765457,1.8211260389991821,-0.7868770760322263,-4.355449020203935,-4.355441377908846,0.7445213770394962,0.7521184609070483,0.7544135106668534,0.7521184687542418,0.7445213924068198,0.0,0.0,0.0,0.0,0.0,0.0,0.0,0.0,0.0,0.0,off,off,off,off,off
75.49999999999733,0.3,13.649999999998421,-0.7646763559651504,1.8476130070106933,2.699982944278645,1.8476159079634158,-0.7646706949669237,-4.337016860932238,-4.3370092343046736,0.7447781632159922,0.7523869743151554,0.7546866438372309,0.7523869821463601,0.7447781785520453,0.0,0.0,0.0,0.0,0.0,0.0,0.0,0.0,0.0,0.0,off,off,off,off,off
75.74999999999733,0.3,13.724999999998408,-0.7425183836945735,1.8739790214439154,2.7280153696399907,1.87398191643166,-0.7425127343137774,-4.318563291613998,-4.318555680621785,0.745032250769584,0.7526525836594093,0.7549567946371035,0.7526525914746645,0.7450322660744314,0.0,0.0,0.0,0.0,0.0,0.0,0.0,0.0,0.0,0.0,off,off,off,off,off
75.99999999999733,0.3,13.799999999998395,-0.7204080539249276,1.9002231683048763,2.755897441136824,1.9002260573366243,-0.7204024161439975,-4.300088800217566,-4.300081204828928,0.7452836816002898,0.752915334097309,0.755224009316309,0.7529153418966366,0.7452836968739736,0.0,0.0,0.0,0.0,0.0,0.0,0.0,0.0,0.0,0.0,off,off,off,off,off
76.24999999999733,0.3,13.874999999998382,-0.6983446071589015,1.926347406679497,2.783631526522413,1.9263502897697435,-0.698338980952542,-4.281593865857474,-4.2815862860402945,0.7455324967863858,0.7531752699243546,0.7554883332608415,0.7531752777077907,0.7455325120289691,0.0,0.0,0.0,0.0,0.0,0.0,0.0,0.0,0.0,0.0,off,off,off,off,off
76.49999999999733,0.3,13.949999999998369,-0.6763273015719165,1.9523536624261624,2.8112199590098044,1.9523565395878677,-0.6763216869165376,-4.263078958982078,-4.263071394704696,0.7457787366053267,0.7534324345945405,0.7557498110121416,0.7534324423621168,0.745778751816868,0.0,0.0,0.0,0.0,0.0,0.0,0.0,0.0,0.0,0.0,off,off,off,off,off
76.74999999999733,0.3,14.024999999998355,-0.6543554123173863,1.978243828770644,2.8386650374928877,1.978246700018019,-0.6543498091868969,-4.244544541558014,-4.244536992788824,0.746022440553905,0.7536868707402048,0.7560084862859252,0.753686878491959,0.7460224557344701,0.0,0.0,0.0,0.0,0.0,0.0,0.0,0.0,0.0,0.0,off,off,off,off,off
76.99999999999733,0.3,14.099999999998342,-0.6324282308509055,2.004019766904264,2.86596902677627,2.004022632254987,-0.6324226392210903,-4.225991067245104,-4.2259835339523875,0.7462636473678219,0.7539386201913539,0.7562644019905017,0.7539386279273307,0.7462636625174712,0.0,0.0,0.0,0.0,0.0,0.0,0.0,0.0,0.0,0.0,off,off,off,off,off
77.24999999999733,0.3,14.17499999999833,-0.6105450643273116,2.029683306564664,2.8931341578246474,2.029686166024078,-0.6105394841735006,-4.207418981568708,-4.207411463720689,0.7465023950405354,0.7541877239944087,0.7565176002446182,0.7541877317146194,0.74650241015933,0.0,0.0,0.0,0.0,0.0,0.0,0.0,0.0,0.0,0.0,off,off,off,off,off
77.49999999999733,0.3,14.249999999998316,-0.5887052350097974,2.055236246582467,2.9201626280484447,2.055239100166091,-0.588699666310049,-4.188828722083599,-4.188821219648673,0.7467387208415733,0.7544342224303613,0.7567681223948997,0.7544342301348457,0.7467387359295682,0.0,0.0,0.0,0.0,0.0,0.0,0.0,0.0,0.0,0.0,off,off,off,off,off
77.74999999999733,0.3,14.324999999998303,-0.5669080797288757,2.080680355459492,2.947056601598149,2.0806832031802287,-0.5669025224573261,-4.170220718535745,-4.170213231482535,0.7469726613342258,0.7546781550325318,0.7570160090328293,0.7546781627213223,0.7469726763914852,0.0,0.0,0.0,0.0,0.0,0.0,0.0,0.0,0.0,0.0,off,off,off,off,off
77.99999999999733,0.3,14.39999999999829,-0.5451529493585099,2.106017371895973,2.97381820966217,2.106020213769966,-0.5451474034909438,-4.151595393017544,-4.151587921314444,0.7472042523927206,0.7549195606037158,0.7572613000112662,0.7549195682768535,0.7472042674193052,0.0,0.0,0.0,0.0,0.0,0.0,0.0,0.0,0.0,0.0,off,off,off,off,off
78.24999999999733,0.3,14.474999999998277,-0.523439208345053,2.1312490053251736,3.0004495507986917,2.131251841365554,-0.5234336738560046,-4.13295316011795,-4.132945703733412,0.7474335292187984,0.7551584772328965,0.7575040344606027,0.7551584848904144,0.7474335442147721,0.0,0.0,0.0,0.0,0.0,0.0,0.0,0.0,0.0,0.0,off,off,off,off,off
78.49999999999733,0.3,14.549999999998263,-0.501766234232889,2.1563769364421432,3.0269526912697415,2.1563797666558457,-0.5017607111024063,-4.114294427070206,-4.114286985973024,0.7476605263578637,0.7553949423115096,0.7577442508044878,0.7553949499534235,0.7476605413232758,0.0,0.0,0.0,0.0,0.0,0.0,0.0,0.0,0.0,0.0,off,off,off,off,off
78.74999999999733,0.3,14.62499999999825,-0.4801334172523184,2.1814028176978013,3.053329665380147,2.181405642096479,-0.4801279054526617,-4.095619593893559,-4.095612168052526,0.747885277714539,0.7556289925491821,0.757981986775145,0.7556290001755216,0.7478852926494588,0.0,0.0,0.0,0.0,0.0,0.0,0.0,0.0,0.0,0.0,off,off,off,off,off
78.99999999999733,0.3,14.699999999998237,-0.4585401598985186,2.2063282738068892,3.079582475836503,2.206331092406174,-0.4585346594101338,-4.0769290535323535,-4.076921642916091,0.7481078165678348,0.7558606639891104,0.7582172794283292,0.7558606715999151,0.7481078314723106,0.0,0.0,0.0,0.0,0.0,0.0,0.0,0.0,0.0,0.0,off,off,off,off,off
79.24999999999733,0.3,14.774999999998224,-0.4369858765550134,2.231154902240803,3.1057130941080686,2.231157715051779,-0.4369803873515252,-4.0582231919904075,-4.058215796568106,0.7483281755858042,0.756089992022992,0.7584501651578994,0.756089999618289,0.7483281904599031,0.0,0.0,0.0,0.0,0.0,0.0,0.0,0.0,0.0,0.0,off,off,off,off,off
79.49999999999733,0.3,14.84999999999821,-0.415469993121917,2.255884273701838,3.131723460791875,2.255887080731327,-0.41546451518388494,-4.039502388463006,-4.039495008203119,0.7485463868397993,0.7563170114055313,0.7586806797100181,0.7563170189853368,0.7485464016835685,0.0,0.0,0.0,0.0,0.0,0.0,0.0,0.0,0.0,0.0,off,off,off,off,off
79.74999999999733,0.3,14.924999999998198,-0.3939919466814672,2.2805179325884524,3.157615485994029,2.28052073385237,-0.39398647998388014,-4.02076701546315,-4.0207596503349805,0.7487624818182583,0.7565417562685486,0.7589088581970226,0.7565417638329034,0.7487624966317606,0.0,0.0,0.0,0.0,0.0,0.0,0.0,0.0,0.0,0.0,off,off,off,off,off
79.99999999999733,0.3,14.999999999998185,-0.3725511851603187,2.3050573974622353,3.1833910497030615,2.3050601929713253,-0.3725457296789614,-4.002017438947917,-4.002010088920372,0.7489764914401433,0.7567642601347389,0.7591347351109213,0.7567642676836696,0.7489765062234403,0.0,0.0,0.0,0.0,0.0,0.0,0.0,0.0,0.0,0.0,off,off,off,off,off
80.24999999999733,0.3,15.074999999998171,-0.3511471670248625,2.329504161500438,3.2090520021665725,2.32950695126533,-0.3511417227368838,-3.9832540184388563,-3.9832466834810702,0.7491884460679411,0.7569845559310429,0.7593583443365528,0.7569845634645755,0.7491884608210884,0.0,0.0,0.0,0.0,0.0,0.0,0.0,0.0,0.0,0.0,off,off,off,off,off
80.49999999999733,0.3,15.149999999998158,-0.32977936098052396,2.3538596929207074,3.234600164290157,2.353862476957545,-0.3297739278613676,-3.9644771071411924,-3.964469787222299,0.7493983755203185,0.7572026760016087,0.759579719164468,0.7572026835197853,0.7493983902433792,0.0,0.0,0.0,0.0,0.0,0.0,0.0,0.0,0.0,0.0,off,off,off,off,off
80.74999999999733,0.3,15.224999999998145,-0.30844724570278004,2.378125435439358,3.2600373280165513,2.3781282137600215,-0.3084418237301634,-3.9456870520587017,-3.9456797471481764,0.7496063090843681,0.7574186521205266,0.7597988923034393,0.7574186596233763,0.7496063237773966,0.0,0.0,0.0,0.0,0.0,0.0,0.0,0.0,0.0,0.0,off,off,off,off,off
80.99999999999733,0.3,15.299999999998132,-0.28715030955265775,2.402302808678428,3.2853652567080758,2.4023055812973553,-0.287144898703275,-3.926884194107629,-3.9268769041746054,0.7498122755275822,0.7576325155041014,0.7600158958926605,0.7576325229916605,0.7498122901906376,0.0,0.0,0.0,0.0,0.0,0.0,0.0,0.0,0.0,0.0,off,off,off,off,off
81.24999999999733,0.3,15.374999999998119,-0.2658880503370824,2.4263932085901274,3.310585685549654,2.4263959755185738,-0.2658826505828529,-3.908068868226337,-3.908061593239779,0.7500163031094008,0.7578442968228795,0.7602307615137062,0.7578443042951764,0.7500163177425551,0.0,0.0,0.0,0.0,0.0,0.0,0.0,0.0,0.0,0.0,off,off,off,off,off
81.49999999999733,0.3,15.449999999998106,-0.24465997505490122,2.450398007861679,3.335700321931995,2.4504007691149923,-0.24465458638195514,-3.8892414034823446,-3.889234143411784,0.7502184195925049,0.7580540262133217,0.7604435202021386,0.7580540336703956,0.7502184341957903,0.0,0.0,0.0,0.0,0.0,0.0,0.0,0.0,0.0,0.0,off,off,off,off,off
81.74999999999733,0.3,15.524999999998093,-0.22346559967257917,2.474318556318053,3.3607108458286916,2.474321311900269,-0.22346022204999372,-3.8704021231793035,-3.8703948779941584,0.750418652253746,0.7582617332891922,0.7606542024588141,0.7582617407310509,0.7504186668272426,0.0,0.0,0.0,0.0,0.0,0.0,0.0,0.0,0.0,0.0,off,off,off,off,off
81.99999999999733,0.3,15.59999999999808,-0.20230444889216415,2.498156181307138,3.3856189102024246,2.498158931231444,-0.2022990822997599,-3.8515513449586933,-3.851544114628666,0.7506170278948182,0.7584674471526183,0.7608628382610001,0.7584674545792962,0.7506170424385751,0.0,0.0,0.0,0.0,0.0,0.0,0.0,0.0,0.0,0.0,off,off,off,off,off
82.24999999999733,0.3,15.674999999998066,-0.18117605595642772,2.5219121880962234,3.410426141387404,2.521914932377115,-0.18117070037334315,-3.832689380901286,-3.832682165396136,0.7508135728525632,0.758671196404923,0.7610694570731517,0.7586712038164566,0.7508135873666327,0.0,0.0,0.0,0.0,0.0,0.0,0.0,0.0,0.0,0.0,off,off,off,off,off
82.49999999999733,0.3,15.749999999998053,-0.16007996242410627,2.5455878602440407,3.435134139466868,2.5455905988931704,-0.16007461782743349,-3.8138165376259394,-3.813809336915199,0.7510083130091005,0.7588730091571257,0.7612740878574245,0.7588730165535441,0.7510083274935406,0.0,0.0,0.0,0.0,0.0,0.0,0.0,0.0,0.0,0.0,off,off,off,off,off
82.74999999999733,0.3,15.82499999999804,-0.13901571798720624,2.5691844599743945,3.4597444786668348,2.5691871930036996,-0.13901038435506052,-3.7949331163851525,-3.7949259304382963,0.751201273801591,0.7590729130401999,0.7614767590839806,0.7590729204215335,0.7512012882564562,0.0,0.0,0.0,0.0,0.0,0.0,0.0,0.0,0.0,0.0,off,off,off,off,off
82.99999999999733,0.3,15.899999999998027,-0.11798288027586068,2.5927032285315477,3.4842587077266103,2.5927059559546137,-0.11797755758487938,-3.776039413160106,-3.776032241947121,0.7513924802317893,0.7592709352150421,0.7616774987409836,0.759270942581325,0.751392494657139,0.0,0.0,0.0,0.0,0.0,0.0,0.0,0.0,0.0,0.0,off,off,off,off,off
83.24999999999733,0.3,15.974999999998014,-0.09698101469155063,2.6161453865507838,3.5086783502814,2.616148108376535,-0.096975702918769,-3.7571357187534318,-3.75712856224402,0.7515819568752894,0.7594671023822408,0.7618763343443999,0.7594671097334947,0.7515819712711812,0.0,0.0,0.0,0.0,0.0,0.0,0.0,0.0,0.0,0.0,off,off,off,off,off
83.49999999999733,0.3,16.049999999998,-0.07600969422082926,2.639512134402082,3.5330049052441836,2.6395148506397277,-0.07600439334055409,-3.738222318879309,-3.7382151770431165,0.7517697278905886,0.7596614407915541,0.7620732929475666,0.7596614481278022,0.7517697422570881,0.0,0.0,0.0,0.0,0.0,0.0,0.0,0.0,0.0,0.0,off,off,off,off,off
83.74999999999733,0.3,16.12499999999799,-0.055068499262802106,2.6628046525246987,3.5572398471719,2.6628073631907228,-0.05506320925559294,-3.7192994942527093,-3.7192923670597793,0.7519558170279003,0.7598539762511309,0.7622684011504959,0.759853983572416,0.7519558313650556,0.0,0.0,0.0,0.0,0.0,0.0,0.0,0.0,0.0,0.0,off,off,off,off,off
83.99999999999733,0.3,16.199999999997978,-0.03415701748167521,2.6860241017856765,3.5813846266385667,2.6860268068853657,-0.03415173832684104,-3.7003675206757976,-3.7003604080961168,0.7521402476376764,0.7600447341365956,0.7624616851089844,0.7600447414429282,0.7521402619455398,0.0,0.0,0.0,0.0,0.0,0.0,0.0,0.0,0.0,0.0,off,off,off,off,off
84.24999999999733,0.3,16.274999999997966,-0.013274843655267432,2.709171623794191,3.605440670585608,2.7091743233394823,-0.013269575324443394,-3.6814266691240505,-3.681419571127776,0.75232304267894,0.760233739399794,0.7626531705434585,0.7602337466912054,0.7523230569575844,0.0,0.0,0.0,0.0,0.0,0.0,0.0,0.0,0.0,0.0,off,off,off,off,off
84.49999999999733,0.3,16.349999999997955,0.007578420488300708,2.732248341232605,3.629409382708161,2.732251035236004,0.007583678014100315,-3.662477205828907,-3.66247012238631,0.752504224727445,0.7604210165773919,0.7628428827477083,0.7604210238539137,0.7525042389769171,0.0,0.0,0.0,0.0,0.0,0.0,0.0,0.0,0.0,0.0,off,off,off,off,off
84.54999999999734,0.3,16.364999999997956,0.01174563872308454,2.736855285653917,3.6341927672233965,2.736857978550802,0.011750894089288977,-3.658686302860019,-3.658679222324565,0.752540269538171,0.7604582667731333,0.7628806145972525,0.7604582740466814,0.752540283781812,0.0,0.0,0.0,0.0,0.0,0.0,0.0,0.0,0.0,0.0,off,off,off,off,off
