time_s,current_A_cm2,charge_C_cm2,T1_C,T2_C,T3_C,T4_C,T5_C,left_plate_C,right_plate_C,V1_V,V2_V,V3_V,V4_V,V5_V,ice1,ice2,ice3,ice4,ice5,q1_W_cm2,q2_W_cm2,q3_W_cm2,q4_W_cm2,q5_W_cm2,mode1,mode2,mode3,mode4,mode5
0.0,0.0,0.0,-6.865690928295123,-6.687044578120663,-6.627394303971073,-6.687044578120663,-6.865690928295123,-7.100323894009591,-7.100323894009591,1.2471331660455454,1.2469753104282761,1.246922602209849,1.2469753104282761,1.2471331660455454,0.0,0.0,0.0,0.0,0.0,0.0,0.0,0.0,0.0,0.0,off,off,off,off,off
0.1,0.0005,2.5e-05,-6.767867892458241,-6.623259462503825,-6.577819422525238,-6.623259427285802,-6.7678638930597685,-7.1018136820715085,-7.101813675073629,0.9621445742985669,0.9626176770905226,0.9627660600234721,0.9626176772055259,0.9621445873584993,0.0,0.0,0.0,0.0,0.0,0.618325,0.4,0.3125,0.4,0.61835,hold,hold,hold,hold,hold
0.19999999999999998,0.001,0.00010000000000000002,-6.67222151959794,-6.559167487280661,-6.527796823567996,-6.5591673630029845,-6.6722136459572425,-7.103030307229403,-7.103030282325335,0.9297043913355415,0.9300620190970939,0.9301607618987232,0.9300620194882728,0.9297044161188084,0.0,0.0,0.0,0.0,0.0,0.618325,0.4,0.3125,0.4,0.61835,hold,hold,hold,hold,hold
0.3,0.0015,0.00022500000000000002,-6.578671313448638,-6.49479773608374,-6.47732797375653,-6.494797472120979,-6.578659685855939,-7.103980484211149,-7.103980430864226,0.9104535244166474,0.9107144632344069,0.9107682581807406,0.9107144640472326,0.910453560221798,0.0,0.0,0.0,0.0,0.0,0.618325,0.4,0.3125,0.4,0.61835,hold,hold,hold,hold,hold
0.4,0.002,0.00039999999999999996,-6.487141154955509,-6.430178756604164,-6.426416428892935,-6.430178305387756,-6.487125889046183,-7.104670692040713,-7.104670600071927,0.8965988980101419,0.8967751229114946,0.8967865277135206,0.8967751242792741,0.8965989442860195,0.0,0.0,0.0,0.0,0.0,0.618325,0.4,0.3125,0.4,0.61835,hold,hold,hold,hold,hold
0.5,0.0025,0.0006249999999999998,-6.397558288114794,-6.365337786163423,-6.375066884087403,-6.36533710303172,-6.397539495051717,-7.105107184818792,-7.105107044392753,0.8856990146573315,0.8857999394909031,0.8857708063274944,0.8857999415364962,0.8856990709319831,0.0,0.0,0.0,0.0,0.0,0.618325,0.4,0.3125,0.4,0.61835,hold,hold,hold,hold,hold
0.6,0.003,0.0008999999999999994,-6.309852974530827,-6.300300628641082,-6.323284885901842,-6.30029967169753,-6.309830761197475,-7.105296001094928,-7.10529580270736,0.8766667827701119,0.8767004331767226,0.8766322942004721,0.8767004360136683,0.8766668486234914,0.0,0.0,0.0,0.0,0.0,0.618325,0.4,0.3125,0.4,0.61835,hold,hold,hold,hold,hold
0.7,0.0034999999999999996,0.001224999999999999,-6.223958282729484,-6.235091653299207,-6.271076676264386,-6.2350903832754625,-6.223932751913708,-7.105242972518965,-7.105242706983631,0.8689225860456701,0.868896079246441,0.8687902974364551,0.8688960829798048,0.8689226610958708,0.0,0.0,0.0,0.0,0.0,0.618325,0.4,0.3125,0.4,0.61835,hold,hold,hold,hold,hold
0.7999999999999999,0.004,0.0015999999999999986,-6.139809928408511,-6.169733833376995,-6.218449085419479,-6.169732213509121,-6.13978117896113,-7.104953731976593,-7.1049533904134705,0.8621206413400122,0.8620404288256855,0.8618982692234516,0.8620404335527297,0.862120725235235,0.0,0.0,0.0,0.0,0.0,0.618325,0.4,0.3125,0.4,0.61835,hold,hold,hold,hold,hold
0.8999999999999999,0.0045,0.002024999999999998,-6.05734614015779,-6.104248800057917,-6.16540944896559,-6.104246795959739,-6.05731426716892,-7.104433721304019,-7.104433295127649,0.8560380624942366,0.8559100710199374,0.855732738328253,0.8559100768307136,0.8560381549075027,0.0,0.0,0.0,0.0,0.0,0.618325,0.4,0.3125,0.4,0.61835,hold,hold,hold,hold,hold
0.9999999999999999,0.004999999999999999,0.002499999999999998,-5.976507540555815,-6.03865690236546,-6.1119655390473895,-6.038654481910669,-5.976472635494929,-7.103688198634245,-7.103687679542702,0.8505227858079709,0.8503525078398815,0.850141167690538,0.8503525148177324,0.8505228864335113,0.0,0.0,0.0,0.0,0.0,0.618325,0.4,0.3125,0.4,0.61835,hold,hold,hold,hold,hold
1.0999999999999996,0.005499999999999998,0.0030249999999999977,-5.897237037767127,-5.972977268760928,-6.058125505006558,-5.9729744019714985,-5.897199188650802,-7.102722245410234,-7.102721625374329,0.8454664509786555,0.8452590072164109,0.8450147987132506,0.8452590154384241,0.8454665595291584,0.0,0.0,0.0,0.0,0.0,0.618325,0.4,0.3125,0.4,0.61835,hold,hold,hold,hold,hold
1.1999999999999993,0.005999999999999997,0.0035999999999999973,-5.819479725141775,-5.907227868386656,-6.003897821001544,-5.907224527325241,-5.81943901666142,-7.101540773088686,-7.101540044342187,0.8407891338988657,0.8405493190815592,0.8402733623516861,0.8405493286189705,0.8407892501034456,0.0,0.0,0.0,0.0,0.0,0.618325,0.4,0.3125,0.4,0.61835,hold,hold,hold,hold,hold
1.299999999999999,0.0064999999999999945,0.004224999999999996,-5.743182787207388,-5.841425570897513,-5.949291239089064,-5.841421729564445,-5.7431393008739064,-7.100148529558169,-7.1001476845876255,0.836430212626919,0.8361625306735175,0.83585593141587,0.8361625415920851,0.8364303362294426,0.0,0.0,0.0,0.0,0.0,0.618325,0.4,0.3125,0.4,0.61835,hold,hold,hold,hold,hold
1.3999999999999986,0.006999999999999993,0.0048999999999999955,-5.668295411143845,-5.775586204285389,-5.894314746829423,-5.77558183851545,-5.668249225423551,-7.098550105284062,-7.098549136819429,0.8323426287316459,0.8320513207125623,0.8317151728734133,0.832051333072922,0.8323427594893684,0.0,0.0,0.0,0.0,0.0,0.618325,0.4,0.3125,0.4,0.61835,hold,hold,hold,hold,hold
1.4999999999999982,0.007499999999999991,0.005624999999999995,-5.594768703039904,-5.709724610447893,-5.838977528762996,-5.709719697831019,-5.594719893468493,-7.096749939198901,-7.096748840205009,0.8284891337807424,0.8281782008559849,0.82781358810606,0.8281782147139237,0.8284892714632118,0.0,0.0,0.0,0.0,0.0,0.618325,0.4,0.3125,0.4,0.61835,hold,hold,hold,hold,hold
1.5999999999999979,0.00799999999999999,0.006399999999999994,-5.522555608435482,-5.64385469835446,-5.7832889312566635,-5.643849218136097,-5.522504247742688,-7.094752324349599,-7.094751088017176,0.8248397500436067,0.8245129727332585,0.824120969165988,0.8245129881400378,0.8248398944316887,0.0,0.0,0.0,0.0,0.0,0.618325,0.4,0.3125,0.4,0.61835,hold,hold,hold,hold,hold
1.6999999999999975,0.008499999999999988,0.007224999999999993,-5.4516088487102365,-5.577707201476073,-5.695187224030974,-5.577701134475319,-5.451555006936985,-7.092561410879398,-7.09256003061671,0.8213700081924041,0.8210317484363734,0.8207025091662337,0.821031765438989,0.8213701590774449,0.0,0.0,0.0,0.0,0.0,0.618325,0.4,0.5125,0.4,0.61835,hold,hold,boost,hold,hold
1.7999999999999972,0.008999999999999985,0.008099999999999991,-5.381881108725395,-5.5114259885795605,-5.63970596098045,-5.511419317110153,-5.381824853330841,-7.090181203292161,-7.090179672717454,0.818059684893119,0.8177137296097092,0.8173552838087471,0.8177137482511423,0.8180598420762214,0.0,0.0,0.0,0.0,0.0,0.618325,0.4,0.3125,0.4,0.61835,hold,hold,hold,hold,hold
1.8999999999999968,0.009499999999999984,0.00902499999999999,-5.3133285435129665,-5.4449147487243295,-5.551794481779325,-5.444907456515239,-5.313269939480335,-7.087615570166065,-7.087613883099664,0.8148918728857777,0.8145421239460727,0.8142443035888512,0.8145421442655303,0.8148920361771576,0.0,0.0,0.0,0.0,0.0,0.618325,0.4,0.5125,0.4,0.61835,hold,hold,boost,hold,hold
1.9999999999999964,0.009999999999999983,0.009999999999999988,-5.245907518420154,-5.378314581381517,-5.496488129706279,-5.3783066535049215,-5.245846628358663,-7.084868245615269,-7.084866396071902,0.8118523063881371,0.8115021235868595,0.811173690643286,0.8115021456199955,0.81185247560654,0.0,0.0,0.0,0.0,0.0,0.618325,0.4,0.3125,0.4,0.61835,hold,hold,hold,hold,hold
2.099999999999996,0.01049999999999998,0.011024999999999986,-5.179579696348583,-5.311808848203043,-5.440809095824363,-5.311800271005723,-5.179516580590018,-7.081942841019497,-7.081940823202217,0.8089288302594798,0.8085809371519256,0.8082232948210262,0.8085809609310439,0.8089290052316619,0.0,0.0,0.0,0.0,0.0,0.618325,0.4,0.3125,0.4,0.61835,hold,hold,hold,hold,hold
2.1999999999999957,0.010999999999999979,0.012099999999999984,-5.114306537929622,-5.24512219986525,-5.352699089317923,-5.245112960905203,-5.1142412546199125,-7.078842851519369,-7.078840659812045,0.8061110190005696,0.8057687791606984,0.8054712251158389,0.8057688047149375,0.8061111995608258,0.0,0.0,0.0,0.0,0.0,0.618325,0.4,0.5125,0.4,0.61835,hold,hold,boost,hold,hold
2.2999999999999954,0.011499999999999977,0.013224999999999982,-5.0500490922426025,-5.1783927515355686,-5.297194832058949,-5.178382839505048,-5.049981697426972,-7.075571652210215,-7.075569281171454,0.8033898691364059,0.8030561397037492,0.8027282595945208,0.8030561670593059,0.8033900551261486,0.0,0.0,0.0,0.0,0.0,0.618325,0.4,0.3125,0.4,0.61835,hold,hold,hold,hold,hold
2.399999999999995,0.011999999999999976,0.014399999999999979,-4.986773509155967,-5.111801043094033,-5.241319754411904,-5.1117904477725915,-4.986704056871758,-7.0721325092012535,-7.07212995355809,0.8007575414957314,0.8004345762653512,0.8000778649846104,0.8004346054456181,0.8007577327630739,0.0,0.0,0.0,0.0,0.0,0.618325,0.4,0.3125,0.4,0.61835,hold,hold,hold,hold,hold
2.4999999999999947,0.012499999999999973,0.015624999999999976,-4.92444554849817,-5.0450690578285275,-5.153016712537408,-5.045057770018445,-4.924374090848119,-7.068528585537308,-7.068525840179063,0.7982071834727341,0.7978978981551949,0.7976011871251687,0.797897929180938,0.7982073798721459,0.0,0.0,0.0,0.0,0.0,0.618325,0.4,0.5125,0.4,0.61835,hold,hold,boost,hold,hold
2.5999999999999943,0.012999999999999972,0.016899999999999974,-4.863030379295253,-4.978332390076218,-5.0973234662769755,-4.978320401553333,-4.862956966533602,-7.064762936846307,-7.064759996819362,0.7957327744661467,0.7954396060491024,0.7951131572064418,0.7954396389386028,0.7957329758580938,0.0,0.0,0.0,0.0,0.0,0.618325,0.4,0.3125,0.4,0.61835,hold,hold,hold,hold,hold
2.699999999999994,0.01349999999999997,0.018224999999999967,-4.802498100208027,-4.911769197146896,-5.041264367721794,-4.911756500597278,-4.802422780804818,-7.060838521877315,-7.060835382379139,0.7933289849434659,0.7930537930377967,0.7926991648376912,0.7930538278070283,0.7933291911941254,0.0,0.0,0.0,0.0,0.0,0.618325,0.4,0.3125,0.4,0.61835,hold,hold,hold,hold,hold
2.7999999999999936,0.013999999999999969,0.019599999999999968,-4.742820244421694,-4.845381503961676,-4.984854301913629,-4.845368092945648,-4.742743065135642,-7.056758210356463,-7.056754866730671,0.7909910832049626,0.7907356400695951,0.7903543424422962,0.790735676732322,0.7909912941859294,0.0,0.0,0.0,0.0,0.0,0.618325,0.4,0.3125,0.4,0.61835,hold,hold,hold,hold,hold
2.8999999999999932,0.014499999999999966,0.021024999999999964,-4.683967338546779,-4.778888807908572,-4.896036621196231,-4.778874676801308,-4.683888344501838,-7.052524783657418,-7.052521231388255,0.7887148572317723,0.7884816170147333,0.7881618789289471,0.788481655582668,0.7887150728197626,0.0,0.0,0.0,0.0,0.0,0.618325,0.4,0.5125,0.4,0.61835,hold,hold,boost,hold,hold
2.999999999999993,0.014999999999999965,0.02249999999999996,-4.625909126284114,-4.712424356806935,-4.839849495044973,-4.712409500761851,-4.625828361026038,-7.0481409297896676,-7.0481371644974615,0.7864965435987541,0.7862875087044354,0.7859402646314774,0.7862875491873441,0.7864967636753756,0.0,0.0,0.0,0.0,0.0,0.618325,0.4,0.3125,0.4,0.61835,hold,hold,hold,hold,hold
3.0999999999999925,0.015499999999999963,0.02402499999999996,-4.568620097211806,-4.646164092581216,-4.783317585737677,-4.646148507484156,-4.568537602776075,-7.043609253374655,-7.04360527081144,0.7843327535206596,0.7841493745679408,0.7837761799528561,0.7841494169737676,0.7843329779721597,0.0,0.0,0.0,0.0,0.0,0.618325,0.4,0.3125,0.4,0.61835,hold,hold,hold,hold,hold
3.199999999999992,0.015999999999999962,0.025599999999999953,-4.5120759996262905,-4.580107949203693,-4.726456035951685,-4.580091631631149,-4.511991816592911,-7.038932282965504,-7.0389280790099065,0.7822204328804989,0.7820640938037033,0.7816664523012372,0.7820641381386803,0.7822206615975549,0.0,0.0,0.0,0.0,0.0,0.618325,0.4,0.3125,0.4,0.61835,hold,hold,hold,hold,hold
3.299999999999992,0.01649999999999996,0.02722499999999995,-4.456253395085241,-4.514255743918113,-4.669279566523187,-4.514238691094988,-4.456167562643486,-7.034112473636185,-7.034108044289326,0.7801568215414038,0.7800288425612575,0.7796082079656944,0.7800288888300186,0.7801570544188944,0.0,0.0,0.0,0.0,0.0,0.618325,0.4,0.3125,0.4,0.61835,hold,hold,hold,hold,hold
3.3999999999999915,0.016999999999999956,0.028899999999999947,-4.401129629702666,-4.448607185587321,-4.611802484916154,-4.448589395357089,-4.401042185699964,-7.029152209410427,-7.029147550792231,0.7781394177769064,0.7780410582135401,0.7775988362679815,0.7780411064191978,0.7781396547137298,0.0,0.0,0.0,0.0,0.0,0.618325,0.4,0.3125,0.4,0.61835,hold,hold,hold,hold,hold
3.499999999999991,0.017499999999999957,0.03062499999999994,-4.34668280651141,-4.38316188256772,-4.554038693692007,-4.383143353346497,-4.346593787503934,-7.024053805605945,-7.02404891395048,0.7761659478667694,0.7760984088060143,0.7756359589053364,0.7760984589502823,0.7761661887656627,0.0,0.0,0.0,0.0,0.0,0.618325,0.4,0.3125,0.4,0.61835,hold,hold,hold,hold,hold
3.5999999999999908,0.017999999999999954,0.03239999999999993,-4.2928897708296745,-4.317637057388595,-4.463930541121101,-4.317617788138591,-4.292799212141972,-7.018819508661068,-7.018814380313131,0.7742343453576032,0.7741995298222935,0.7738040961933016,0.7741995819055478,0.774234590124942,0.0,0.0,0.0,0.0,0.0,0.618325,0.4,0.5125,0.4,0.61835,hold,hold,boost,hold,hold
3.6999999999999904,0.018499999999999954,0.034224999999999936,-4.23972634426849,-4.252163817484416,-4.406515150925259,-4.25214380768341,-4.239634280033556,-7.013451490386672,-7.01344612179804,0.7723427278029504,0.7723421173125323,0.771925392100801,0.7723421713339013,0.772342976348604,0.0,0.0,0.0,0.0,0.0,0.618325,0.4,0.3125,0.4,0.61835,hold,hold,hold,hold,hold
3.79999999999999,0.01899999999999995,0.03609999999999994,-4.187172863388923,-4.186916090108866,-4.348816069341126,-4.186895339716159,-4.187079326598337,-7.007951857233479,-7.007946244959328,0.7704893622203562,0.7705239155891025,0.7700873030228345,0.7705239715465557,0.7704896144575217,0.0,0.0,0.0,0.0,0.0,0.618325,0.4,0.3125,0.4,0.61835,hold,hold,hold,hold,hold
3.8999999999999897,0.019499999999999948,0.038024999999999934,-4.135210701973733,-4.121891913913942,-4.290847328535506,-4.121870423343353,-4.135115724516538,-7.002322656932677,-7.002316797628055,0.7686726574799778,0.7687432897606764,0.7682881446599964,0.7687433476510906,0.7686729133250453,0.0,0.0,0.0,0.0,0.0,0.618325,0.4,0.3125,0.4,0.61835,hold,hold,hold,hold,hold
3.9999999999999893,0.01999999999999995,0.039999999999999925,-4.08382183458059,-4.057089323819525,-4.2326225177471315,-4.057067093906767,-4.083725447289282,-6.996565880433252,-6.996559770849956,0.7668911506012199,0.7669987348427824,0.7665263644446685,0.7669987946620275,0.7668914099736233,0.0,0.0,0.0,0.0,0.0,0.618325,0.4,0.3125,0.4,0.61835,hold,hold,hold,hold,hold
4.099999999999989,0.020499999999999945,0.04202499999999988,-4.032988816448892,-3.9925063531571823,-4.174154795486118,-3.9924833851353583,-4.032891049149271,-6.990683463705864,-6.990677100689254,0.7651434937601542,0.7652888626866158,0.7648005283801361,0.7652889244296143,0.7651437565822109,0.0,0.0,0.0,0.0,0.0,0.618325,0.4,0.3125,0.4,0.61835,hold,hold,hold,hold,hold
4.199999999999989,0.020999999999999942,0.04409999999999985,-3.982694764118037,-3.928141035642682,-4.11545690146346,-3.928117331125975,-3.982595645654726,-6.984677289485944,-6.98467066997182,0.7634284428667687,0.7636123904820783,0.7631093094610466,0.7636124541428485,0.7634287090635922,0.0,0.0,0.0,0.0,0.0,0.618325,0.4,0.3125,0.4,0.61835,hold,hold,hold,hold,hold
4.299999999999988,0.021499999999999943,0.046224999999999815,-3.9329233367104734,-3.8639914072201123,-4.05654116826247,-3.863966968168654,-3.932822894989613,-6.978549188959448,-6.9785423099715445,0.7617448474902662,0.7619681306127845,0.7614514774521348,0.7619681961845287,0.7617451169896314,0.0,0.0,0.0,0.0,0.0,0.618325,0.4,0.3125,0.4,0.61835,hold,hold,hold,hold,hold
4.399999999999988,0.02199999999999994,0.04839999999999978,-3.883658717873402,-3.80005550774257,-3.9974195327177426,-3.8000303364482306,-3.8835569798967526,-6.972300943392611,-6.972293802039189,0.7600916419462376,0.7603549816767483,0.759825889838196,0.7603550491518892,0.7600919146784693,0.0,0.0,0.0,0.0,0.0,0.618325,0.4,0.3125,0.4,0.61835,hold,hold,hold,hold,hold
4.499999999999988,0.022499999999999937,0.05062499999999974,-3.8348855983349495,-3.736331382549224,-3.9381035470487404,-3.7363054816050862,-3.834782590238035,-6.96593428570759,-6.965926879178937,0.7584678373889605,0.7587719205155494,0.7582314837874897,0.7587719898858087,0.7584681132868147,0.0,0.0,0.0,0.0,0.0,0.618325,0.4,0.3125,0.4,0.61835,hold,hold,hold,hold,hold
4.599999999999987,0.022999999999999937,0.0528999999999997,-3.786589159080677,-3.672817083890209,-3.8786043897125637,-3.6727904561736295,-3.786484906165981,-6.959450902005983,-6.959443227571967,0.7568725147760939,0.7572179951192431,0.7566672689952688,0.7572180663756811,0.7568727937746573,0.0,0.0,0.0,0.0,0.0,0.618325,0.4,0.3125,0.4,0.61835,hold,hold,hold,hold,hold
4.699999999999987,0.023499999999999934,0.055224999999999656,-3.738755055106992,-3.6095106722523838,-3.8189328760071817,-3.609483320913057,-3.7386495818703906,-6.952852433042324,-6.952844488049834,0.7553048185931672,0.7556923182940151,0.7551323212940168,0.755692391427061,0.7553051006297692,0.0,0.0,0.0,0.0,0.0,0.618325,0.4,0.3125,0.4,0.61835,hold,hold,hold,hold,hold
4.7999999999999865,0.023999999999999935,0.057599999999999624,-3.69136939973032,-3.546410217576465,-3.7590994684075554,-3.546382146012377,-3.6912627298917187,-6.946140475648747,-6.946132257519309,0.75376395124182,0.7541940619963948,0.7536257769338311,0.7541941369959063,0.7537642362559404,0.0,0.0,0.0,0.0,0.0,0.618325,0.4,0.3125,0.4,0.61835,hold,hold,hold,hold,hold
4.899999999999986,0.02449999999999993,0.060024999999999586,-3.6444187494298603,-3.483513800367291,-3.6991142866659743,-3.483485012198173,-3.644310905970883,-6.939316584112873,-6.939308090340205,0.7522491680096425,0.752722452251703,0.752146827450188,0.7527225291070355,0.7522494559427975,0.0,0.0,0.0,0.0,0.0,0.618325,0.4,0.3125,0.4,0.61835,hold,hold,hold,hold,hold
4.999999999999986,0.02499999999999993,0.06249999999999954,-3.5978900892365573,-3.4208195127059753,-3.638987117640454,-3.420790011773761,-3.597781094412994,-6.932382271510505,-6.9323734996585245,0.7507597725509958,0.7512767645860381,0.7506947150482101,0.7512768432860393,0.7507600633466975,0.0,0.0,0.0,0.0,0.0,0.618325,0.4,0.3125,0.4,0.61835,hold,hold,hold,hold,hold
5.099999999999985,0.02549999999999993,0.0650249999999995,-3.551770818588011,-3.358325459175262,-3.578727424900535,-3.3582952495199265,-3.551660693972508,-6.9253390109942075,-6.925329958694533,0.7492951128182478,0.7498563199108972,0.7492687284421693,0.7498564004439673,0.7492954064218761,0.0,0.0,0.0,0.0,0.0,0.618325,0.4,0.3125,0.4,0.61835,hold,hold,hold,hold,hold
5.199999999999985,0.025999999999999926,0.06759999999999945,-3.5893926901543978,-3.3451695918000155,-3.55327710205637,-3.345138712859523,-3.589285456034645,-6.918333915015751,-6.9183245869635925,0.7476325183592579,0.7483295720140545,0.7477751246326038,0.7483296542770763,0.7476328040785183,0.0,0.0,0.0,0.0,0.0,0.1,0.1,0.1,0.1,0.1,reduce,reduce,reduce,reduce,reduce
5.299999999999985,0.026499999999999923,0.0702249999999994,-3.6415981369115684,-3.348794302952797,-3.5444337650125135,-3.3487628129531686,-3.6414936883583664,-6.911479385191626,-6.911469790056515,0.7459559447219796,0.7467828484101741,0.7462619457808726,0.7467829322487183,0.7459562228555577,0.0,0.0,0.0,0.0,0.0,0.0,0.0,0.0,0.0,0.0,off,off,off,off,off
5.399999999999984,0.026999999999999923,0.07289999999999934,-3.692023556318759,-3.3528455896540663,-3.5358814912524394,-3.3528135437668993,-3.6919217926520673,-6.904787055137319,-6.904777201278705,0.7443084201077632,0.7452591660148046,0.7447721157767012,0.7452592512820333,0.7443086909385572,0.0,0.0,0.0,0.0,0.0,0.0,0.0,0.0,0.0,0.0,off,off,off,off,off
5.499999999999984,0.02749999999999992,0.07562499999999929,-3.7407335186254613,-3.357291150119238,-3.5276233610849204,-3.357258600599323,-3.740634343232557,-6.898251607805946,-6.898241503285931,0.7426892084768678,0.7437580643629721,0.7433050821356713,0.7437581509200938,0.7426894722757679,0.0,0.0,0.0,0.0,0.0,0.0,0.0,0.0,0.0,0.0,off,off,off,off,off
5.599999999999984,0.027999999999999917,0.07839999999999925,-3.787790031324164,-3.3621005044715844,-3.519661500532891,-3.362067500795092,-3.7876933514939424,-6.891867917001548,-6.891857569596482,0.7410976126655416,0.7422791084858021,0.7418603253691849,0.7422791962016683,0.7410978696919658,0.0,0.0,0.0,0.0,0.0,0.0,0.0,0.0,0.0,0.0,off,off,off,off,off
5.699999999999983,0.028499999999999918,0.0812249999999992,-3.8332526479075,-3.36724489620525,-3.511997157218616,-3.3672114851970605,-3.8331583746514184,-6.885631039874568,-6.885620457085963,0.7395329716463492,0.7408218868789912,0.7404373564561741,0.7408219756297235,0.7395332221488073,0.0,0.0,0.0,0.0,0.0,0.0,0.0,0.0,0.0,0.0,off,off,off,off,off
5.799999999999983,0.028999999999999915,0.08409999999999915,-3.877178571714694,-3.372697198894457,-3.5046307714608247,-3.3726634248649816,-3.8770866196212523,-6.8795362097334305,-6.879525398799672,0.7379946580158427,0.739386009656823,0.7390357145315543,0.7393860993254152,0.7379949022324048,0.0,0.0,0.0,0.0,0.0,0.0,0.0,0.0,0.0,0.0,off,off,off,off,off
5.899999999999983,0.029499999999999915,0.08702499999999909,-3.9196227551365723,-3.3784318278920296,-3.497562042857851,-3.3783977327398134,-3.9195330422139136,-6.873578829159783,-6.87356779706613,0.7364820756870318,0.7379711068720839,0.737654964769828,0.7379711973481083,0.7364823138458199,0.0,0.0,0.0,0.0,0.0,0.0,0.0,0.0,0.0,0.0,off,off,off,off,off
5.999999999999982,0.029999999999999912,0.08999999999999903,-3.960637994366664,-3.384424656710962,-3.4907899926303685,-3.3843902800492742,-3.960550441901603,-6.867754463410165,-6.867743216899271,0.7349946577668892,0.7365768269847648,0.736294696444713,0.7365769181640043,0.7349948900865192,0.0,0.0,0.0,0.0,0.0,0.0,0.0,0.0,0.0,0.0,off,off,off,off,off
6.099999999999982,0.03049999999999991,0.09302499999999898,-4.000275019928949,-3.390652937906907,-3.4843130219585987,-3.3906183171643534,-4.000189552339634,-6.86205883409616,-6.862047379676994,0.733531864601225,0.7352028354641535,0.7349545211478837,0.7352029272483169,0.7335320912912612,0.0,0.0,0.0,0.0,0.0,0.0,0.0,0.0,0.0,0.0,off,off,off,off,off
6.1999999999999815,0.03099999999999991,0.09609999999999894,-4.0385825831650095,-3.3970952281518407,-3.4781289665424424,-3.3970603986804804,-4.038499127878708,-6.856487813125284,-6.856476157082511,0.7320931819713403,0.7338488135111104,0.7336340711518067,0.7338489058075219,0.7320934032326777,0.0,0.0,0.0,0.0,0.0,0.0,0.0,0.0,0.0,0.0,off,off,off,off,off
6.299999999999981,0.0314999999999999,0.09922499999999888,-4.075607538876795,-3.4037313173307666,-3.472235147626691,-3.4036963125042234,-4.075526026198247,-6.851037416895224,-6.851025565298357,0.7306781194285101,0.7325144568884677,0.7323329979032028,0.7325145496097909,0.7306783354537755,0.0,0.0,0.0,0.0,0.0,0.0,0.0,0.0,0.0,0.0,off,off,off,off,off
6.399999999999981,0.031999999999999904,0.10239999999999883,-4.111394924316755,-3.410542161424928,-3.466628419672702,-3.410507012735252,-4.1113152873036825,-6.8457038007287565,-6.8456917594402285,0.7292862087538268,0.7311994748490918,0.7310509706352654,0.7311995679130532,0.7292864197277595,0.0,0.0,0.0,0.0,0.0,0.0,0.0,0.0,0.0,0.0,off,off,off,off,off
6.4999999999999805,0.032499999999999904,0.10562499999999876,-4.1459880346659475,-3.417509818991448,-3.4613052148893075,-3.417474556131083,-4.145910209016336,-6.84048325353848,-6.840471028221657,0.7279170025323749,0.729903589152192,0.7297876750879045,0.7299036824813527,0.7279172086321699,0.0,0.0,0.0,0.0,0.0,0.0,0.0,0.0,0.0,0.0,off,off,off,off,off
6.59999999999998,0.032999999999999904,0.10889999999999872,-4.179428495185562,-3.4246173910207744,-3.4562615847942197,-3.424582041977885,-4.179352419127156,-6.835372192711418,-6.8353597888385025,0.726570072831718,0.72862653315962,0.728542812326481,0.7286266266811084,0.7265702742273592,0.0,0.0,0.0,0.0,0.0,0.0,0.0,0.0,0.0,0.0,off,off,off,off,off
6.69999999999998,0.0334999999999999,0.11222499999999867,-4.211756330200501,-3.4318489640417056,-3.451493238999774,-3.4318135551802698,-4.211681944381155,-6.830367159203831,-6.830354582063535,0.7252450099757339,0.7273680510045799,0.727316097650396,0.7273681446498668,0.725245206830325,0.0,0.0,0.0,0.0,0.0,0.0,0.0,0.0,0.0,0.0,off,off,off,off,off
6.799999999999979,0.0339999999999999,0.11559999999999862,-4.243010029042239,-3.4391895562575883,-3.446995581362046,-3.439154112391691,-4.24293727643493,-6.825464812838106,-6.825452067542358,0.7239414214058285,0.7261278968262219,0.7261072595838801,0.7261279905309135,0.7239416138758776,0.0,0.0,0.0,0.0,0.0,0.0,0.0,0.0,0.0,0.0,off,off,off,off,off
6.899999999999979,0.0344999999999999,0.11902499999999856,-4.273226609110452,-3.446625066571187,-3.442763743681269,-3.446589611046022,-4.273155434910166,-6.820661927790809,-6.8206490192817455,0.7226589306222121,0.7249058340641187,0.7249160389419508,0.7249059277677339,0.7226591188579414,0.0,0.0,0.0,0.0,0.0,0.0,0.0,0.0,0.0,0.0,off,off,off,off,off
6.999999999999979,0.03499999999999989,0.1224999999999985,-4.302441676175647,-3.454142226350143,-3.4387926170614946,-3.454106781106873,-4.302372027708202,-6.815955388265195,-6.8159423213217,0.7213971761987504,0.7237016348072833,0.7237421879653606,0.7237017284530716,0.7213973603443631,0.0,0.0,0.0,0.0,0.0,0.0,0.0,0.0,0.0,0.0,off,off,off,off,off
7.099999999999978,0.03549999999999989,0.12602499999999844,-4.330689482048285,-3.461728553781029,-3.4350768811070793,-3.461693139426643,-4.330621308679611,-6.811342184340106,-6.8113289635839465,0.7201558108654603,0.7225150791929493,0.7225854695187736,0.7225151727277002,0.7201559910594117,0.0,0.0,0.0,0.0,0.0,0.0,0.0,0.0,0.0,0.0,off,off,off,off,off
7.199999999999978,0.03599999999999989,0.1295999999999984,-4.358002979744981,-3.469372310658798,-3.4316110310700196,-3.4693369465365436,-4.3579362327969875,-6.806819407986154,-6.80680603788818,0.7189345006532867,0.7213459548508633,0.7214456563470797,0.7213460482247123,0.7189346770285331,0.0,0.0,0.0,0.0,0.0,0.0,0.0,0.0,0.0,0.0,off,off,off,off,off
7.299999999999978,0.03649999999999989,0.13322499999999837,-4.384413876262215,-3.477062461521996,-3.428389403048186,-3.4770271657673106,-4.384348508933101,-6.802384249244312,-6.802370734129909,0.7177329240963138,0.7201940563890943,0.7203225303852624,0.7201941495553686,0.7177330967805436,0.0,0.0,0.0,0.0,0.0,0.0,0.0,0.0,0.0,0.0,off,off,off,off,off
7.399999999999977,0.03699999999999989,0.13689999999999833,-4.409952683065853,-3.4847886349676287,-3.4254061974018555,-3.4847534245714087,-4.409888650349103,-6.798033992557521,-6.798020336612126,0.7165507714869952,0.7190591849179813,0.7192158821174628,0.719059277833029,0.7165509406028687,0.0,0.0,0.0,0.0,0.0,0.0,0.0,0.0,0.0,0.0,off,off,off,off,off
7.499999999999977,0.03749999999999989,0.14062499999999828,-4.434648764396115,-3.4925410870533256,-3.42265550045056,-3.4925059779173466,-4.434586023008137,-6.793766013250433,-6.793752220525164,0.7153877441804145,0.7179411476090025,0.7181255099815292,0.7179412402320401,0.7153879098457749,0.0,0.0,0.0,0.0,0.0,0.0,0.0,0.0,0.0,0.0,off,off,off,off,off
7.5999999999999766,0.03799999999999988,0.14439999999999822,-4.458530383501397,-3.5003106666690655,-3.420131304587926,-3.500275673654187,-4.458468891808138,-6.789577774150189,-6.789563848566672,0.7142435539438713,0.716839757285721,0.7170512198154706,0.716839849578702,0.714243716271958,0.0,0.0,0.0,0.0,0.0,0.0,0.0,0.0,0.0,0.0,off,off,off,off,off
7.699999999999976,0.03849999999999988,0.14822499999999816,-4.481624746882119,-3.508088782765924,-3.4178275268876632,-3.5080539197565486,-4.481564464831308,-6.785466822341903,-6.785452767697109,0.7131179223485,0.7157548320442451,0.7159928243426905,0.7157549239716864,0.7131180814481433,0.0,0.0,0.0,0.0,0.0,0.0,0.0,0.0,0.0,0.0,off,off,off,off,off
7.799999999999976,0.03899999999999988,0.1520999999999981,-4.503958046638331,-3.515867373377148,-3.4157380263081905,-3.515832653316295,-4.50389893569502,-6.781430786054386,-6.781416606025573,0.7120105801998532,0.7146861949007686,0.7149501426930531,0.7146862864296545,0.7120107361756632,0.0,0.0,0.0,0.0,0.0,0.0,0.0,0.0,0.0,0.0,off,off,off,off,off
7.8999999999999755,0.039499999999999875,0.15602499999999803,-4.525555501013514,-3.523638876278085,-3.4138566195761086,-3.5236043112229822,-4.525497524098398,-6.777467371669275,-6.777453069818023,0.7109212670046552,0.7136336734642125,0.713922999957149,0.7136337645638466,0.7109214199571995,0.0,0.0,0.0,0.0,0.0,0.0,0.0,0.0,0.0,0.0,off,off,off,off,off
7.999999999999975,0.039999999999999876,0.15999999999999795,-4.546441393208966,-3.5313962012469915,-3.412177095837478,-3.5313618024122775,-4.546384514634838,-6.7735743608484995,-6.773559940624978,0.7098497304711754,0.7125970996319055,0.7129112267712931,0.7125971902737922,0.70984988049716,0.0,0.0,0.0,0.0,0.0,0.0,0.0,0.0,0.0,0.0,off,off,off,off,off
8.099999999999975,0.040499999999999876,0.1640249999999979,-4.56663910854337,-3.539132703824123,-3.4106932301473307,-3.539098481621977,-4.566583293961685,-6.76974960777568,-6.769735072523247,0.7087957260408967,0.7115763093065762,0.7119146589310621,0.7115763994643147,0.708795873233321,0.0,0.0,0.0,0.0,0.0,0.0,0.0,0.0,0.0,0.0,off,off,off,off,off
8.199999999999974,0.04099999999999987,0.16809999999999783,-4.586171170047578,-3.5468421604843456,-3.4093987958691514,-3.5468081245675194,-4.58611638638547,-6.76599103650625,-6.765976389464981,0.7077590164492734,0.7105711421330729,0.7109331370313128,0.7105712317822412,0.707759160897608,0.0,0.0,0.0,0.0,0.0,0.0,0.0,0.0,0.0,0.0,off,off,off,off,off
8.299999999999974,0.04149999999999987,0.17222499999999777,-4.605059272541894,-3.5545187451612605,-3.4082875760636853,-3.5544849044578086,-4.605005487964945,-6.762296638422185,-6.7622818827327364,0.7067393713136669,0.7095814412533011,0.7099665061307827,0.7095815303713624,0.7067395131039637,0.0,0.0,0.0,0.0,0.0,0.0,0.0,0.0,0.0,0.0,off,off,off,off,off
8.399999999999974,0.04199999999999987,0.1763999999999977,-4.623324315295179,-3.562157007028759,-3.4073533739174877,-3.562123369784274,-4.62327149914131,-6.758664469785401,-6.758649608492988,0.7057365667465447,0.7086070530780972,0.7090146154395822,0.7086071416442883,0.7057367059616215,0.0,0.0,0.0,0.0,0.0,0.0,0.0,0.0,0.0,0.0,off,off,off,off,off
8.499999999999973,0.042499999999999864,0.18062499999999762,-4.64098643328623,-3.569751849497891,-3.406590022282387,-3.569718423307279,-4.64093455602881,-6.755092649388587,-6.75507768544594,0.7047503849923793,0.7076478270747485,0.708077318027954,0.707647915069994,0.7047505217119279,0.0,0.0,0.0,0.0,0.0,0.0,0.0,0.0,0.0,0.0,off,off,off,off,off
8.599999999999973,0.042999999999999865,0.18489999999999754,-4.658065027183284,-3.5772985103503743,-3.405991392379292,-3.5772653021943484,-4.658014060376786,-6.75157935629619,-6.751564292567025,0.7037806140865506,0.7067036155690627,0.7071544705548495,0.7067037029758791,0.7037807483872868,0.0,0.0,0.0,0.0,0.0,0.0,0.0,0.0,0.0,0.0,off,off,off,off,off
8.699999999999973,0.043499999999999865,0.18922499999999748,-4.6745787920390285,-3.5847925429497423,-3.4055514017306336,-3.5847595592204016,-4.6745287082783875,-6.74812282767374,-6.7481076669360505,0.7028270475349732,0.7057742735609595,0.7062459330149413,0.7057743603633874,0.7028271794907551,0.0,0.0,0.0,0.0,0.0,0.0,0.0,0.0,0.0,0.0,off,off,off,off,off
8.799999999999972,0.043999999999999866,0.1935999999999974,-4.69054574480765,-3.5922297984663487,-3.4052640213482164,-3.5921970450090157,-4.6904965176897235,-6.7447213567014614,-6.7447061016506495,0.7018894840129946,0.7048596585526541,0.7053515685028848,0.7048597447361462,0.7018896136949303,0.0,0.0,0.0,0.0,0.0,0.0,0.0,0.0,0.0,0.0,off,off,off,off,off
8.899999999999972,0.04449999999999986,0.19802499999999734,-4.705983250723193,-3.5996064090844584,-3.4051232822450856,-3.5995738912153,-4.705934854799466,-6.741373290568731,-6.741357943820333,0.7009677270823633,0.7039596303884874,0.7044712429936177,0.703959715939863,0.7009678545589451,0.0,0.0,0.0,0.0,0.0,0.0,0.0,0.0,0.0,0.0,off,off,off,off,off
8.999999999999972,0.04499999999999986,0.20249999999999727,-4.720908048558385,-3.6069187721067237,-3.4051232813183674,-3.6068864946478243,-4.720860459302969,-6.738077028545263,-6.738061592638417,0.7000615849252195,0.7030740511057076,0.7036048251376272,0.7030741360130592,0.7000617102624115,0.0,0.0,0.0,0.0,0.0,0.0,0.0,0.0,0.0,0.0,off,off,off,off,off
9.099999999999971,0.04549999999999986,0.20702499999999718,-4.735336274866484,-3.6141635349355283,-3.4052581866325227,-3.614131502236546,-4.735289468633482,-6.7348310201277855,-6.734815497527052,0.6991708700938958,0.7022027847953732,0.7027521860702245,0.7022028690480109,0.6991709933552557,0.0,0.0,0.0,0.0,0.0,0.0,0.0,0.0,0.0,0.0,off,off,off,off,off
9.19999999999997,0.045999999999999854,0.21159999999999712,-4.749283487200671,-3.6213375808637807,-3.4055222421456506,-3.6213057968310522,-4.7492374411911555,-6.7316337632563545,-6.731618156354898,0.6982953992756944,0.7013456974727622,0.7019131992339064,0.7013457810611352,0.6982955205224648,0.0,0.0,0.0,0.0,0.0,0.0,0.0,0.0,0.0,0.0,off,off,off,off,off
9.29999999999997,0.046499999999999854,0.21622499999999706,-4.762764686395258,-3.628438015653728,-3.405909771925394,-3.6284064837734036,-4.762719378620886,-6.7284838025998965,-6.728468113721533,0.6974349930716105,0.7005026569565912,0.7010877402129252,0.7005027398722273,0.6974351123628216,0.0,0.0,0.0,0.0,0.0,0.0,0.0,0.0,0.0,0.0,off,off,off,off,off
9.39999999999997,0.046999999999999854,0.220899999999997,-4.775794337911691,-3.6354621548372847,-3.4064151838807675,-3.635430878191471,-4.7757497471702095,-6.725379727906443,-6.725363959308481,0.6965894757882624,0.6996735327565293,0.7002756865792945,0.6996736149919957,0.6965895931808005,0.0,0.0,0.0,0.0,0.0,0.0,0.0,0.0,0.0,0.0,off,off,off,off,off
9.49999999999997,0.04749999999999985,0.2256249999999969,-4.7883863923369745,-3.6424075117127472,-3.4070329730510025,-3.642376493012648,-4.788342498170266,-6.722320172416687,-6.722304326292431,0.6957586752421016,0.6988581959684375,0.6994769177494894,0.6988582775172485,0.6957587907908249,0.0,0.0,0.0,0.0,0.0,0.0,0.0,0.0,0.0,0.0,off,off,off,off,off
9.59999999999997,0.04799999999999985,0.23039999999999683,-4.800554305023354,-3.649271786007546,-3.407757724465057,-3.6492410276036367,-4.800511087693508,-6.719303811337852,-6.719287889818247,0.6949424225753047,0.6980565191768037,0.6986913148511846,0.6980566000333989,0.6949425363331108,0.0,0.0,0.0,0.0,0.0,0.0,0.0,0.0,0.0,0.0,off,off,off,off,off
9.699999999999969,0.04849999999999985,0.23522499999999674,-4.8123110549396415,-3.6560528531442174,-3.40858411563795,-3.656022357059726,-4.812268495398712,-6.716329360374914,-6.71631336553105,0.6941405520825588,0.697268376363992,0.6979187605993105,0.697268456523646,0.6941406641004695,0.0,0.0,0.0,0.0,0.0,0.0,0.0,0.0,0.0,0.0,off,off,off,off,off
9.799999999999969,0.04899999999999984,0.24009999999999665,-4.82366916275123,-3.662748754123527,-3.409506918684258,-3.662718522058526,-4.8236272426138385,-6.7133955743175875,-6.713379508162461,0.6933529010481531,0.6964936428257483,0.6971591391809485,0.6964937222845626,0.6933530113753876,0.0,0.0,0.0,0.0,0.0,0.0,0.0,0.0,0.0,0.0,off,off,off,off,off
9.899999999999968,0.04949999999999984,0.24502499999999655,-4.834640708173481,-3.669357685931459,-3.4105210021017456,-3.669327719286457,-4.834599409694761,-6.710501245679836,-6.71048511017068,0.6925793095927297,0.695732195092726,0.696412336148449,0.6957322738475649,0.6925794182767697,0.0,0.0,0.0,0.0,0.0,0.0,0.0,0.0,0.0,0.0,off,off,off,off,off
9.999999999999968,0.04999999999999984,0.24999999999999645,-4.845237346625652,-3.675877992489461,-3.411621332269249,-3.675848292384501,-4.8451966526710635,-6.707645203391564,-6.707629000431609,0.6918196205291633,0.6949839108575244,0.6956782383201956,0.6949839889059665,0.6918197276158331,0.0,0.0,0.0,0.0,0.0,0.0,0.0,0.0,0.0,0.0,off,off,off,off,off
10.099999999999968,0.05049999999999984,0.2550249999999964,-4.855470325202589,-3.682308156110878,-3.4128029746277093,-3.68227872339844,-4.855430219221432,-6.704826311538511,-6.704810042978636,0.6910736792270532,0.6942486689069248,0.6949567336886768,0.6942487462472294,0.6910737847605946,0.0,0.0,0.0,0.0,0.0,0.0,0.0,0.0,0.0,0.0,off,off,off,off,off
10.199999999999967,0.05099999999999984,0.2600999999999963,-4.865350498017335,-3.6886467894073007,-3.414061094619285,-3.688617624694075,-4.865310964025809,-6.702043468149441,-6.702027135790047,0.69034133348529,0.6935263490590696,0.6942477113352791,0.6935264256901206,0.6903414375084097,0.0,0.0,0.0,0.0,0.0,0.0,0.0,0.0,0.0,0.0,off,off,off,off,off
10.299999999999967,0.05149999999999984,0.26522499999999627,-4.874888340924201,-3.6948926276625116,-3.4153909583632185,-3.694863731314797,-4.8748493634829515,-6.699295604028293,-6.699279209621125,0.6896224334122689,0.6928168321051792,0.6935510613514789,0.6928169080264717,0.6896225359661988,0.0,0.0,0.0,0.0,0.0,0.0,0.0,0.0,0.0,0.0,off,off,off,off,off
10.399999999999967,0.05199999999999983,0.27039999999999614,-4.884093965651402,-3.701044521612232,-3.416787933124226,-3.701015893776514,-4.884055529842556,-6.696581681630221,-6.696565226879613,0.6889168313133097,0.6921199997556158,0.6928666747659492,0.6921200749671993,0.6889169324378702,0.0,0.0,0.0,0.0,0.0,0.0,0.0,0.0,0.0,0.0,off,off,off,off,off
10.499999999999966,0.05249999999999983,0.2756249999999961,-4.8929771333773715,-3.707101430627972,-3.4182474875657363,-3.707073071243883,-4.892939224783959,-6.69390069397889,-6.693884180543478,0.6882243815848523,0.6914357345899753,0.692194443477275,0.6914358090924251,0.6882244813185118,0.0,0.0,0.0,0.0,0.0,0.0,0.0,0.0,0.0,0.0,off,off,off,off,off
10.599999999999966,0.05299999999999983,0.280899999999996,-4.901547267768649,-3.713062416285595,-3.4197651918037195,-3.7130343250920532,-4.90150987245147,-6.691251663623632,-6.69123509311828,0.6875449406150659,0.6907639200109669,0.6915342601919328,0.6907639938053656,0.6875450389949999,0.0,0.0,0.0,0.0,0.0,0.0,0.0,0.0,0.0,0.0,off,off,off,off,off
10.699999999999966,0.053499999999999825,0.28622499999999595,-4.909813467475544,-3.718926636281026,-3.4213367172950484,-3.718898812836187,-4.909776571964528,-6.688633641635818,-6.6886170156325875,0.6868783666905656,0.6901044402018777,0.6908860183671635,0.6901045132897633,0.6868784637526846,0.0,0.0,0.0,0.0,0.0,0.0,0.0,0.0,0.0,0.0,off,off,off,off,off
10.799999999999965,0.053999999999999826,0.2915999999999958,-4.917784518179644,-3.7246933386789465,-3.4229578365714133,-3.724665782371517,-4.91774810944753,-6.68604570664121,-6.686029026670553,0.686224519908727,0.6894571800874078,0.690249612158438,0.6894572524707462,0.6862246156877453,0.0,0.0,0.0,0.0,0.0,0.0,0.0,0.0,0.0,0.0,off,off,off,off,off
10.899999999999965,0.054499999999999826,0.29702499999999576,-4.9254689041254665,-3.730361856508523,-3.424624422799809,-3.7303345665627603,-4.9254329695748424,-6.683486963887901,-6.683470231440708,0.6855832620954947,0.6888220252975737,0.6896249363713217,0.6888220969787444,0.6855833566249684,0.0,0.0,0.0,0.0,0.0,0.0,0.0,0.0,0.0,0.0,off,off,off,off,off
10.999999999999964,0.05499999999999983,0.3024999999999956,-4.932874819221979,-3.735931602627602,-3.4263324492414995,-3.735904578117868,-4.93283934666465,-6.680956544349556,-6.680939760877777,0.6849544567282204,0.6881988621346657,0.6890118864173105,0.6881989331164253,0.6849545500406035,0.0,0.0,0.0,0.0,0.0,0.0,0.0,0.0,0.0,0.0,off,off,off,off,off
11.099999999999964,0.05549999999999982,0.30802499999999555,-4.9400101776998895,-3.741402064884653,-3.4280779885585844,-3.741375304737687,-4.939975155344712,-6.67845360385985,-6.678436770777864,0.6843379688633354,0.687587577542946,0.6884103582735493,0.6875876478284227,0.68433806099001,0.0,0.0,0.0,0.0,0.0,0.0,0.0,0.0,0.0,0.0,off,off,off,off,off
11.199999999999964,0.05599999999999982,0.31359999999999544,-4.946882624349485,-3.746772801563111,-3.429857212030413,-3.746746304583212,-4.946848040789519,-6.675977322278982,-6.675960440964957,0.6837336650685597,0.6869880590809297,0.6878202484460643,0.6869881286735576,0.6837337560398761,0.0,0.0,0.0,0.0,0.0,0.0,0.0,0.0,0.0,0.0,off,off,off,off,off
11.299999999999963,0.05649999999999982,0.3192249999999954,-4.953499544373642,-3.7520434370639464,-3.431666388659494,-3.7520172019285383,-4.953465388567054,-6.673526902690583,-6.673509974487786,0.6831414133593662,0.68640019489616,0.6872414539363684,0.6864002637996897,0.6831415032046925,0.0,0.0,0.0,0.0,0.0,0.0,0.0,0.0,0.0,0.0,off,off,off,off,off
11.399999999999963,0.056999999999999815,0.32489999999999525,-4.959868072839527,-3.757213657835507,-3.433501884182135,-3.757187683107702,-4.959834334095547,-6.671101570628082,-6.671084596845276,0.6825610831395401,0.6858238737022715,0.6866738722112076,0.6858239419207407,0.6825611718872986,0.0,0.0,0.0,0.0,0.0,0.0,0.0,0.0,0.0,0.0,off,off,off,off,off
11.499999999999963,0.057499999999999815,0.3306249999999952,-4.965995103776095,-3.762283208543465,-3.4353601600088837,-3.7622574926810444,-4.96596177174348,-6.6687005733275555,-6.668683555240932,0.6819925451455221,0.685258984758189,0.6861174011752181,0.6852590522958966,0.6819926328232242,0.0,0.0,0.0,0.0,0.0,0.0,0.0,0.0,0.0,0.0,off,off,off,off,off
11.599999999999962,0.057999999999999816,0.33639999999999504,-4.971887298912975,-3.767251888436874,-3.4372377720782197,-3.767226429795187,-4.971854363567786,-6.6663231790095665,-6.666306117863314,0.681435671394384,0.6847054178494012,0.6855719391463688,0.6847054847109025,0.6814357580286622,0.0,0.0,0.0,0.0,0.0,0.0,0.0,0.0,0.0,0.0,off,off,off,off,off
11.699999999999962,0.05849999999999981,0.34222499999999495,-4.97755109608778,-3.7721195479278435,-3.4391313696556267,-3.7720943447756667,-4.977518547722525,-6.663968676184993,-6.663951573192264,0.6808903351351969,0.6841630632711238,0.6850373848339493,0.684163129461188,0.6808904207518318,0.0,0.0,0.0,0.0,0.0,0.0,0.0,0.0,0.0,0.0,off,off,off,off,off
11.799999999999962,0.05899999999999981,0.34809999999999486,-4.982992717322986,-3.7768860853679485,-3.441037694060242,-3.7768611358859516,-4.982960546528204,-6.661636372987175,-6.661619229330938,0.6803564108036303,0.6836318118132297,0.6845136373190063,0.6836318773368444,0.680356495427606,0.0,0.0,0.0,0.0,0.0,0.0,0.0,0.0,0.0,0.0,off,off,off,off,off
11.899999999999961,0.05949999999999981,0.35402499999999476,-4.988218176599503,-3.7815514440022184,-3.442953577356718,-3.781526746299562,-4.9881863742617725,-6.659325596526514,-6.659308413360691,0.6798337739795804,0.6831115547468771,0.6840005960369934,0.6831116196092062,0.6798338576350846,0.0,0.0,0.0,0.0,0.0,0.0,0.0,0.0,0.0,0.0,off,off,off,off,off
11.999999999999961,0.059999999999999803,0.35999999999999466,-4.993233287327428,-3.78611560910025,-3.4448759409888225,-3.7860911612065706,-4.993201844613225,-6.657035692269062,-6.65701847071972,0.6793223013476696,0.6826021838126877,0.6834981607625596,0.682602248019092,0.6793223840581405,0.0,0.0,0.0,0.0,0.0,0.0,0.0,0.0,0.0,0.0,off,off,off,off,off
12.09999999999996,0.060499999999999804,0.36602499999999455,-4.998043669537935,-3.790578605238238,-3.4468017943822247,-3.7905544051193374,-4.998012577885049,-6.654766023438015,-6.6547487646030845,0.6788218706604436,0.6821035912104318,0.6830062315962908,0.6821036547664291,0.6788219524485919,0.0,0.0,0.0,0.0,0.0,0.0,0.0,0.0,0.0,0.0,off,off,off,off,off
12.19999999999996,0.060999999999999804,0.37209999999999444,-5.002654756790093,-3.7949404937547797,-3.4487282335027203,-3.794916539315068,-5.002624007899271,-6.652515970433797,-6.652498675385004,0.6783323607041443,0.6816156695900388,0.6825247089533139,0.6816157325012967,0.6783324415919775,0.0,0.0,0.0,0.0,0.0,0.0,0.0,0.0,0.0,0.0,off,off,off,off,off
12.29999999999996,0.0614999999999998,0.3782249999999943,-5.007071802829159,-3.7992013703270686,-3.450652439395526,-3.7991776594196836,-5.007041388648645,-6.650284930277564,-6.6502676000609995,0.6778536512668584,0.6811383120439574,0.6820534935535929,0.6811383743162692,0.6778537312757205,0.0,0.0,0.0,0.0,0.0,0.0,0.0,0.0,0.0,0.0,off,off,off,off,off
12.39999999999996,0.0619999999999998,0.38439999999999425,-5.0112998879821475,-3.8033613627187037,-3.452571676700302,-3.803337893136927,-5.011269800701825,-6.648072316073012,-6.648054951709298,0.6773856231089634,0.6806714121006346,0.6815924864138277,0.6806714737399401,0.677385702259552,0.0,0.0,0.0,0.0,0.0,0.0,0.0,0.0,0.0,0.0,off,off,off,off,off
12.49999999999996,0.0624999999999998,0.3906249999999941,-5.015343925312095,-3.807420628615148,-3.4544832921419015,-3.8073973981162794,-5.015314157357466,-6.64587755648671,-6.645860158972539,0.6769281579357115,0.6802148637192253,0.6811415888408507,0.6802149247315498,0.6769282362480937,0.0,0.0,0.0,0.0,0.0,0.0,0.0,0.0,0.0,0.0,off,off,off,off,off
12.599999999999959,0.06299999999999979,0.39689999999999404,-5.019208666549957,-3.811379353620623,-3.4563847130038425,-3.8113563599150666,-5.019179210569746,-6.643700095247937,-6.643682665556355,0.6764811383718079,0.6797685612852519,0.680700702426416,0.6797686216767344,0.6764812158654546,0.0,0.0,0.0,0.0,0.0,0.0,0.0,0.0,0.0,0.0,off,off,off,off,off
12.699999999999958,0.06349999999999979,0.4032249999999939,-5.022898707788897,-3.8152377493485687,-3.458273445597854,-3.8152149901127927,-5.022869556650619,-6.641539390665173,-6.641521929746318,0.6760444479379257,0.6793323996072954,0.6802697290432562,0.6793324593841565,0.6760445246317224,0.0,0.0,0.0,0.0,0.0,0.0,0.0,0.0,0.0,0.0,off,off,off,off,off
12.799999999999958,0.0639999999999998,0.4095999999999938,-5.026418494981385,-3.818996051628801,-3.4601470737194404,-3.818973524506532,-5.0263896417625915,-6.63939491516021,-6.639377423941767,0.6756179710289677,0.6789062739145822,0.6798485708423442,0.6789063330831197,0.6756180469412392,0.0,0.0,0.0,0.0,0.0,0.0,0.0,0.0,0.0,0.0,off,off,off,off,off
12.899999999999958,0.0644999999999998,0.41602499999999365,-5.029772329214438,-3.82265451881824,-3.4620032570967965,-3.822632221421827,-5.029743767194418,-6.637266154817269,-6.637248634205207,0.6752015928940538,0.6784900798554087,0.6794371302512761,0.6784901384219949,0.6752016680425851,0.0,0.0,0.0,0.0,0.0,0.0,0.0,0.0,0.0,0.0,off,off,off,off,off
12.999999999999957,0.0649999999999998,0.42249999999999355,-5.0329643717983,-3.826213430210771,-3.463839729847166,-3.8261913601301103,-5.0329360944473365,-6.635152608949113,-6.63513505982894,0.6747951996180664,0.6780837134963498,0.6790353099736425,0.6780837714674091,0.674795274020134,0.0,0.0,0.0,0.0,0.0,0.0,0.0,0.0,0.0,0.0,off,off,off,off,off
13.099999999999957,0.06549999999999978,0.4290249999999934,-5.035998649159183,-3.829673084534818,-3.465654298920242,-3.8296512393355897,-5.035970650139973,-6.633053789678399,-6.6330362129146465,0.6743986781046997,0.6776870713222042,0.6786430129893901,0.6776871287042171,0.6743987517770647,0.0,0.0,0.0,0.0,0.0,0.0,0.0,0.0,0.0,0.0,off,off,off,off,off
13.199999999999957,0.06599999999999978,0.43559999999999327,-5.038879057560337,-3.833033798542374,-3.46744484255845,-3.8330121757722395,-5.0388513307167955,-6.6309692215317,-6.630951617969458,0.6740119160608811,0.6773000502365989,0.6782601425560176,0.6773001070360875,0.6740119890198237,0.0,0.0,0.0,0.0,0.0,0.0,0.0,0.0,0.0,0.0,off,off,off,off,off
13.299999999999956,0.06649999999999978,0.44222499999999315,-5.041609367635203,-3.8362959056819363,-3.4692093087497256,-3.836274502869628,-5.0415819069822305,-6.628898441050126,-6.628880811514875,0.6736348019825446,0.6769225475632102,0.6778866022106059,0.676922603786739,0.6736348742438878,0.0,0.0,0.0,0.0,0.0,0.0,0.0,0.0,0.0,0.0,off,off,off,off,off
13.399999999999956,0.06699999999999978,0.448899999999993,-5.044193228763788,-3.839459754841755,-3.470945713692174,-3.839438569506001,-5.044166028487041,-6.626840996411033,-6.626823341709667,0.6732672251416016,0.6765544610475713,0.6775222957725797,0.6765545167017255,0.6732672967207125,0.0,0.0,0.0,0.0,0.0,0.0,0.0,0.0,0.0,0.0,off,off,off,off,off
13.499999999999956,0.06749999999999978,0.4556249999999929,-5.046634173275493,-3.8425257091739127,-3.47265214027982,-3.842504738824914,-5.046607227724223,-6.624796447064284,-6.624778767985504,0.6729090755741034,0.6761956888593857,0.6771671273471044,0.676195743950767,0.672909146485914,0.0,0.0,0.0,0.0,0.0,0.0,0.0,0.0,0.0,0.0,off,off,off,off,off
13.599999999999955,0.06799999999999978,0.46239999999999276,-5.04893562051268,-3.8454941449888906,-3.474326736577325,-3.8454733871229223,-5.04890892419121,-6.622764363380554,-6.6227466606952134,0.6725602440694423,0.675846129595315,0.676821001329169,0.6758461841305559,0.6725603143284713,0.0,0.0,0.0,0.0,0.0,0.0,0.0,0.0,0.0,0.0,off,off,off,off,off
13.699999999999955,0.06849999999999977,0.4692249999999926,-5.051100880729393,-3.848365450708684,-3.475967714329329,-3.848344902817985,-5.051074428296602,-6.620744326311808,-6.620726600773196,0.6722206221606087,0.6755056822822226,0.6764838224081627,0.6755057362679617,0.6722206917809629,0.0,0.0,0.0,0.0,0.0,0.0,0.0,0.0,0.0,0.0,off,off,off,off,off
13.799999999999955,0.06899999999999977,0.4760999999999925,-5.0531331588645685,-3.8511400258818753,-3.477573347461828,-3.8511196854589684,-5.053106945124057,-6.618735927062573,-6.6187181794074945,0.6718901021153474,0.6751742463808126,0.6761554955730256,0.675174299823683,0.6718901711107486,0.0,0.0,0.0,0.0,0.0,0.0,0.0,0.0,0.0,0.0,off,off,off,off,off
13.899999999999954,0.06949999999999977,0.4830249999999924,-5.055035558159943,-3.853818280269195,-3.4791419706234024,-3.8537981448061487,-5.055009578060776,-6.616738766774063,-6.616720997722894,0.6715685769282455,0.6748517217895983,0.6758359261177835,0.6748517746962285,0.6715686453120284,0.0,0.0,0.0,0.0,0.0,0.0,0.0,0.0,0.0,0.0,off,off,off,off,off
13.999999999999954,0.06999999999999977,0.4899999999999923,-5.056811083654679,-3.856400632970974,-3.4806719777203625,-3.856380699956105,-5.056785332280242,-6.614752456217275,-6.6147346664746465,0.6712559403136218,0.6745380088492245,0.6755250196475697,0.6745380612262495,0.6712560080987635,0.0,0.0,0.0,0.0,0.0,0.0,0.0,0.0,0.0,0.0,off,off,off,off,off
14.099999999999953,0.07049999999999977,0.49702499999999217,-5.058462645552481,-3.85888751161292,-3.482161820488045,-3.8588677785378422,-5.058437118122015,-6.612776615497978,-6.612758805752776,0.6709520866991838,0.6742330083470682,0.6752226820849544,0.6742330602011107,0.6709521538983004,0.0,0.0,0.0,0.0,0.0,0.0,0.0,0.0,0.0,0.0,off,off,off,off,off
14.199999999999953,0.07099999999999977,0.5040999999999921,-5.059993062470255,-3.8612793515756607,-3.4836100070646125,-3.8612598159334084,-5.05996775432817,-6.610810873770902,-6.610793044696834,0.6706569112203927,0.6739366215221084,0.6749288196766481,0.6739366728597808,0.6706569778457664,0.0,0.0,0.0,0.0,0.0,0.0,0.0,0.0,0.0,0.0,off,off,off,off,off
14.299999999999953,0.07149999999999977,0.511224999999992,-5.061405064557732,-3.863576595273173,-3.485015100592989,-3.8635572545737773,-5.061379971169174,-6.6088548689634194,-6.608837021219472,0.6703703097155183,0.6736487500700108,0.6746433390004715,0.6736488008978809,0.6703703757791124,0.0,0.0,0.0,0.0,0.0,0.0,0.0,0.0,0.0,0.0,off,off,off,off,off
14.399999999999952,0.07199999999999976,0.5183999999999919,-5.062701296509829,-3.8657796914971527,-3.486375717841895,-3.8657605432466653,-5.062676413467557,-6.606908247509125,-6.606890381740357,0.6700921787213007,0.6733692961483672,0.6743661469725746,0.6733693464730062,0.6700922442347377,0.0,0.0,0.0,0.0,0.0,0.0,0.0,0.0,0.0,0.0,off,off,off,off,off
14.499999999999952,0.07249999999999976,0.5256249999999917,-5.06388432048584,-3.867889094744953,-3.4876905278485424,-3.86787013646358,-5.0638596434959595,-6.604970664090558,-6.604952780927761,0.6698224154691348,0.6730981623822392,0.6740971508548749,0.6730982122101813,0.6698224804437369,0.0,0.0,0.0,0.0,0.0,0.0,0.0,0.0,0.0,0.0,off,off,off,off,off
14.599999999999952,0.07299999999999976,0.5328999999999917,-5.064956618895337,-3.8699052646538235,-3.488958250585597,-3.8698864938725706,-5.064932143774286,-6.60304178138955,-6.603023881450099,0.6695609178818647,0.6728352518696875,0.6738362582626665,0.6728353012074325,0.6695609823286603,0.0,0.0,0.0,0.0,0.0,0.0,0.0,0.0,0.0,0.0,off,off,off,off,off
14.699999999999951,0.07349999999999976,0.5402249999999916,-5.0659205971042525,-3.8718286654269605,-3.490177655628031,-3.8718100796856447,-5.065896319778801,-6.60112126984734,-6.601103353735084,0.6693075845709998,0.6725804681875286,0.6735833771724463,0.6725805170415519,0.6693076485007252,0.0,0.0,0.0,0.0,0.0,0.0,0.0,0.0,0.0,0.0,off,off,off,off,off
14.799999999999951,0.07399999999999976,0.5475999999999914,-5.066778586037287,-3.8736597653147555,-3.4913475608741464,-3.8736413621689962,-5.066754502538231,-6.599208807430784,-6.599190875737008,0.6690623148344078,0.672333715397143,0.6733384159297728,0.6723337637738745,0.6690623782575222,0.0,0.0,0.0,0.0,0.0,0.0,0.0,0.0,0.0,0.0,off,off,off,off,off
14.89999999999995,0.07449999999999976,0.5550249999999912,-5.067532844688287,-3.8753990361178694,-3.492466831270349,-3.8753808131340293,-5.067508951145953,-6.597304079408843,-6.597286132712043,0.6688250086544056,0.6720948980503855,0.6731012832572766,0.672094945956226,0.6688250715811045,0.0,0.0,0.0,0.0,0.0,0.0,0.0,0.0,0.0,0.0,off,off,off,off,off
14.99999999999995,0.07499999999999975,0.5624999999999912,-5.068185562542851,-3.877046952727028,-3.4935343775567844,-3.877028907488068,-5.0681618551897145,-6.595406778134361,-6.595388817000867,0.6685955666962236,0.67186392119554,0.6728718882627456,0.6718639686368428,0.6685956291364326,0.0,0.0,0.0,0.0,0.0,0.0,0.0,0.0,0.0,0.0,off,off,off,off,off
15.09999999999995,0.07549999999999975,0.5700249999999911,-5.06873886190823,-3.8786039926897047,-3.49454915504964,-3.8785861227946725,-5.068715337071126,-6.593516602834484,-6.593498627818349,0.6683738903068328,0.6716406903833142,0.672650140447221,0.6716407373663893,0.6683739522702263,0.0,0.0,0.0,0.0,0.0,0.0,0.0,0.0,0.0,0.0,off,off,off,off,off
15.19999999999995,0.07599999999999975,0.5775999999999909,-5.069194800167395,-3.880070635807442,-3.495510162427081,-3.880052938871927,-5.0691714542635395,-6.591633259406706,-6.591615271050614,0.6681598815140597,0.671425111672848,0.6724359497131736,0.6714251582039588,0.6681599430100721,0.0,0.0,0.0,0.0,0.0,0.0,0.0,0.0,0.0,0.0,off,off,off,off,off
15.29999999999995,0.07649999999999975,0.5852249999999907,-5.069555371953982,-3.8814473637524998,-3.4964164405576525,-3.881429837407154,-5.069532201494553,-6.589756460223327,-6.589738459058424,0.6679534430259818,0.6712170916377407,0.672229226372629,0.6712171377231093,0.667953504063799,0.0,0.0,0.0,0.0,0.0,0.0,0.0,0.0,0.0,0.0,off,off,off,off,off
15.399999999999949,0.07699999999999975,0.5928999999999907,-5.069822511240659,-3.8827346597157657,-3.4972670713355,-3.8827173016104553,-5.069799512820566,-6.587885923940917,-6.587867910487375,0.6677544782306037,0.6710165373720455,0.6720298811553251,0.6710165830178423,0.6677545388191891,0.0,0.0,0.0,0.0,0.0,0.0,0.0,0.0,0.0,0.0,off,off,off,off,off
15.499999999999948,0.07749999999999975,0.6006249999999905,-5.069998093365257,-3.883933008069448,-3.498061176550607,-3.883915815875582,-5.0699752636654125,-6.586021375317046,-6.586003350084013,0.6675628911957283,0.6708233564962609,0.6718378252168042,0.6708234017085969,0.6675629513438173,0.0,0.0,0.0,0.0,0.0,0.0,0.0,0.0,0.0,0.0,off,off,off,off,off
15.599999999999948,0.07799999999999974,0.6083999999999903,-5.0700839369833375,-3.885042894059495,-3.49879791677904,-3.8850258654680374,-5.07006127276469,-6.5841625450322,-6.584144508518307,0.6673785866690349,0.670637457163255,0.6716529701464585,0.6706375019481895,0.667378646385153,0.0,0.0,0.0,0.0,0.0,0.0,0.0,0.0,0.0,0.0,off,off,off,off,off
15.699999999999948,0.07849999999999974,0.6162249999999901,-5.0700818059409585,-3.886064803520128,-3.499476490286156,-3.8860479362405727,-5.070059304043411,-6.5823091695182825,-6.5822911222118705,0.6672014700783699,0.6704587480641327,0.6714752279755487,0.6704587924276737,0.667201529370831,0.0,0.0,0.0,0.0,0.0,0.0,0.0,0.0,0.0,0.0,off,off,off,off,off
15.799999999999947,0.07899999999999974,0.6240999999999901,-5.069993411094174,-3.8869992225957617,-3.5000961319714747,-3.8869825143538037,-5.069971068431755,-6.580460990792403,-6.5804429331715255,0.6670314475321537,0.6702871384340653,0.6713045111850757,0.6702871823821782,0.6670315064090769,0.0,0.0,0.0,0.0,0.0,0.0,0.0,0.0,0.0,0.0,off,off,off,off,off
15.899999999999947,0.07949999999999974,0.63202499999999,-5.069820412061631,-3.8878466374836194,-3.5006561123219058,-3.887830086031272,-5.069798225624254,-6.5786177562954435,-6.578599688828888,0.666868425819939,0.6701225380580355,0.6711407327136115,0.6701225815966145,0.6668684842892417,0.0,0.0,0.0,0.0,0.0,0.0,0.0,0.0,0.0,0.0,off,off,off,off,off
15.999999999999947,0.07999999999999974,0.6399999999999897,-5.069564418912762,-3.888607534208802,-3.5011557363878296,-3.888591137318997,-5.069542385764237,-6.576779218737954,-6.576761141884276,0.6667123124130867,0.6699648572764517,0.6709838059650153,0.6699649004113348,0.6667123704824911,0.0,0.0,0.0,0.0,0.0,0.0,0.0,0.0,0.0,0.0,off,off,off,off,off
16.09999999999994,0.08049999999999971,0.6480249999999897,-5.069226993803227,-3.8892823983935614,-3.5015943427885077,-3.8892661538591824,-5.069205111074041,-6.5749451359484965,-6.57492705015693,0.6665630154655274,0.6698140069907221,0.6708336448160097,0.6698140497276938,0.6665630731425798,0.0,0.0,0.0,0.0,0.0,0.0,0.0,0.0,0.0,0.0,off,off,off,off,off
16.199999999999935,0.08099999999999968,0.6560999999999898,-5.068809652545212,-3.8898717150585185,-3.5019713027455737,-3.8898556206956982,-5.068787917438499,-6.573115270727953,-6.573097176438864,0.6664204438146237,0.6696698986686739,0.6706901636236209,0.6696699410134567,0.6664205011066776,0.0,0.0,0.0,0.0,0.0,0.0,0.0,0.0,0.0,0.0,off,off,off,off,off
16.29999999999993,0.08149999999999966,0.6642249999999897,-5.068313866129358,-3.8903759684266674,-3.502286019115047,-3.8903600220734234,-5.068292275913279,-6.571289390709524,-6.571271288354126,0.6662845069820776,0.6695324443498882,0.6705532772325351,0.6695324863081459,0.6662845638963141,0.0,0.0,0.0,0.0,0.0,0.0,0.0,0.0,0.0,0.0,off,off,off,off,off
16.399999999999924,0.08199999999999961,0.6723999999999896,-5.067741062190976,-3.890795641749662,-3.502537925463855,-3.8907798412665215,-5.067719614197358,-6.569467268222013,-6.56944915822271,0.666155115174895,0.6694015566508862,0.6704229009822475,0.669401598228224,0.6661551717183274,0.0,0.0,0.0,0.0,0.0,0.0,0.0,0.0,0.0,0.0,off,off,off,off,off
16.49999999999992,0.08249999999999959,0.6806249999999896,-5.06709262642994,-3.8911312171358645,-3.502726485160565,-3.8911155604106398,-5.067071318046715,-6.567648680157447,-6.567630562928173,0.666032179286374,0.669277148770214,0.6702989507140763,0.6692771899721631,0.6660322354658678,0.0,0.0,0.0,0.0,0.0,0.0,0.0,0.0,0.0,0.0,off,off,off,off,off
16.599999999999913,0.08299999999999956,0.6888999999999896,-5.066369903969189,-3.8913831754061334,-3.502851190484762,-3.8913676603455656,-5.0663487326519885,-6.565833407843854,-6.565815283790471,0.6659156108971438,0.6691591344933442,0.670181342778016,0.6691591753253865,0.6659156667193852,0.0,0.0,0.0,0.0,0.0,0.0,0.0,0.0,0.0,0.0,off,off,off,off,off
16.699999999999907,0.08349999999999953,0.6972249999999895,-5.065574200690492,-3.891551995939551,-3.502911561764904,-3.891536620475165,-5.065553163948209,-6.564021236921917,-6.564003106441874,0.665805322276149,0.669047428197493,0.6700699940394008,0.6690474686650438,0.6658053777476832,0.0,0.0,0.0,0.0,0.0,0.0,0.0,0.0,0.0,0.0,off,off,off,off,off
16.7999999999999,0.0839999999999995,0.7055999999999893,-5.064706784490511,-3.8916381565528013,-3.502907146522034,-3.8916229186373243,-5.064685879889339,-6.562211957225088,-6.562193820707591,0.6657012263817204,0.6689419448562239,0.6699648218854325,0.6689419849646431,0.6657012815089414,0.0,0.0,0.0,0.0,0.0,0.0,0.0,0.0,0.0,0.0,off,off,off,off,off
16.899999999999896,0.08449999999999948,0.7140249999999895,-5.0637688865233486,-3.8916421333667017,-3.502837518649301,-3.891627030976906,-5.063748111691268,-6.5604053626631185,-6.5603872204900995,0.6656032368625484,0.6688426000439602,0.6698657442314775,0.6688426397985436,0.6656032916516866,0.0,0.0,0.0,0.0,0.0,0.0,0.0,0.0,0.0,0.0,off,off,off,off,off
16.99999999999989,0.08499999999999945,0.7224999999999895,-5.062761702389992,-3.8915644006982006,-3.5027022776106946,-3.891549431840076,-5.0627410550029595,-6.5586012511110425,-6.558583103656417,0.665511268058665,0.6687493099402928,0.6697726795271864,0.6687493493462585,0.6655113225158255,0.0,0.0,0.0,0.0,0.0,0.0,0.0,0.0,0.0,0.0,off,off,off,off,off
17.099999999999884,0.08549999999999942,0.7310249999999894,-5.061686393279842,-3.8914054309615267,-3.502501047639612,-3.891390593659139,-5.061665871067078,-6.556799424300152,-6.5567812719302765,0.6654252350024076,0.6686619913341257,0.6696855467624674,0.6686620303966445,0.665425289133553,0.0,0.0,0.0,0.0,0.0,0.0,0.0,0.0,0.0,0.0,off,off,off,off,off
17.19999999999988,0.0859999999999994,0.7395999999999892,-5.060544087085816,-3.89116569455814,-3.502233476996821,-3.8911509868601115,-5.060523687829061,-6.554999687712552,-6.554981530786733,0.6653450534193041,0.6685805616277076,0.6696042654731597,0.6685806003518857,0.66534510723026,0.0,0.0,0.0,0.0,0.0,0.0,0.0,0.0,0.0,0.0,off,off,off,off,off
17.299999999999873,0.08649999999999937,0.7482249999999893,-5.059335879472599,-3.890845659798515,-3.5018992371965965,-3.8908310797826857,-5.05931560100106,-6.5532018504799225,-6.553183689350192,0.6652706397289364,0.6685049388404306,0.6695287557466435,0.6685049772312972,0.6652706932254019,0.0,0.0,0.0,0.0,0.0,0.0,0.0,0.0,0.0,0.0,off,off,off,off,off
17.399999999999867,0.08699999999999934,0.7568999999999892,-5.058062834906309,-3.8904457928190936,-3.501498022293106,-3.8904313385831415,-5.058042675100182,-6.551405725284553,-6.551387560296007,0.6652019110457458,0.6684350416124856,0.6694589382271345,0.668435079675017,0.6652019642332864,0.0,0.0,0.0,0.0,0.0,0.0,0.0,0.0,0.0,0.0,off,off,off,off,off
17.49999999999986,0.08749999999999931,0.7656249999999891,-5.056725987666766,-3.8899665575009976,-3.5010295481713456,-3.889952227165793,-5.0567059444472875,-6.549611128264132,-6.549592959754989,0.6651387851797285,0.6683707892083625,0.6693947341208112,0.6683708269474737,0.665138838063801,0.0,0.0,0.0,0.0,0.0,0.0,0.0,0.0,0.0,0.0,off,off,off,off,off
17.599999999999856,0.08799999999999929,0.7743999999999889,-5.055326342794331,-3.889408415410344,-3.500493551845352,-3.8893942071211427,-5.0553064141344635,-6.547817878919034,-6.547799707221145,0.6650811806371427,0.6683121015201284,0.669336065200765,0.6683121389406713,0.6650812332230672,0.0,0.0,0.0,0.0,0.0,0.0,0.0,0.0,0.0,0.0,off,off,off,off,off
17.69999999999985,0.08849999999999925,0.783224999999989,-5.0538648770414625,-3.888771825725769,-3.499889790789666,-3.8887577376513605,-5.053845060953279,-6.546025800023472,-6.546007625461698,0.665029016621038,0.6682588990705843,0.6692828538116994,0.6682589361773479,0.6650290689140319,0.0,0.0,0.0,0.0,0.0,0.0,0.0,0.0,0.0,0.0,off,off,off,off,off
17.799999999999844,0.08899999999999922,0.7920999999999889,-5.052342539761241,-3.8880572451890885,-3.4992180422875094,-3.888043275519294,-5.052322834301265,-6.544234717537677,-6.544216540430796,0.6649822130317867,0.6682111030161908,0.6692350228744208,0.6682111398139093,0.6649822650369507,0.0,0.0,0.0,0.0,0.0,0.0,0.0,0.0,0.0,0.0,off,off,off,off,off
17.89999999999984,0.08949999999999919,0.8010249999999888,-5.050760253780766,-3.8872651280452715,-3.4984781027790177,-3.8872512750008923,-5.050740657050937,-6.542444460524678,-6.5424262811848735,0.6649406904674908,0.6681686351498624,0.6691924958901653,0.668168671643188,0.6649407421898048,0.0,0.0,0.0,0.0,0.0,0.0,0.0,0.0,0.0,0.0,off,off,off,off,off
17.999999999999833,0.08999999999999916,0.8099999999999886,-5.049118916244311,-3.88639592600299,-3.497669787250743,-3.886382187826314,-5.0490994263864195,-6.540654861068617,-6.5406366798020485,0.6649043702242902,0.6681314179035336,0.6691551969446458,0.6681314540970628,0.6649044216686292,0.0,0.0,0.0,0.0,0.0,0.0,0.0,0.0,0.0,0.0,off,off,off,off,off
18.099999999999827,0.09049999999999914,0.8190249999999887,-5.047419399425166,-3.8854500881855074,-3.4967929286241315,-3.8854364631425256,-5.047400014618006,-6.538865754195456,-6.538847571302597,0.664873174296595,0.66809937435059,0.669123050711939,0.6680994102488556,0.6648732254677368,0.0,0.0,0.0,0.0,0.0,0.0,0.0,0.0,0.0,0.0,off,off,off,off,off
18.19999999999982,0.09099999999999911,0.8280999999999886,-5.045662551514283,-3.8844280611022555,-3.4958473771632725,-3.884414547478002,-5.045643269976722,-6.537076977797483,-6.537058793572555,0.6648470253771988,0.6680724282080703,0.6690959824581497,0.668072463815557,0.6648470762798159,0.0,0.0,0.0,0.0,0.0,0.0,0.0,0.0,0.0,0.0,off,off,off,off,off
18.299999999999816,0.09149999999999908,0.8372249999999885,-5.043849197373163,-3.8833302886012007,-3.4948329999012913,-3.8833168847033903,-5.0438300173613015,-6.535288372558,-6.535270187289825,0.6648258468573218,0.6680505038387516,0.6690739180448539,0.6680505391598838,0.6648258974959886,0.0,0.0,0.0,0.0,0.0,0.0,0.0,0.0,0.0,0.0,off,off,off,off,off
18.39999999999981,0.09199999999999905,0.8463999999999883,-5.041980139269754,-3.8821572118448557,-3.493749680083056,-3.8821439160096247,-5.041961059079199,-6.533499781880778,-6.533481595852322,0.6648095628265243,0.6680335262530038,0.6690567839323378,0.6680335612921309,0.6648096132057111,0.0,0.0,0.0,0.0,0.0,0.0,0.0,0.0,0.0,0.0,off,off,off,off,off
18.499999999999805,0.09249999999999903,0.8556249999999883,-5.040056157594336,-3.880909269282256,-3.492597316626302,-3.880896079869956,-5.0400371755523565,-6.531711051819514,-6.531692865308287,0.664798098072501,0.6680214211104829,0.6690445071826087,0.6680214558718907,0.6647981481965933,0.0,0.0,0.0,0.0,0.0,0.0,0.0,0.0,0.0,0.0,off,off,off,off,off
18.5999999999998,0.092999999999999,0.8648999999999882,-5.038078011537323,-3.879586896629462,-3.4913758235833825,-3.879573812018407,-5.0380591260079655,-6.529922031010926,-6.529903844289208,0.664791378080805,0.6680141147216333,0.6690370154622419,0.6680141492095611,0.664791427954093,0.0,0.0,0.0,0.0,0.0,0.0,0.0,0.0,0.0,0.0,off,off,off,off,off
18.699999999999793,0.09349999999999897,0.874224999999988,-5.03604643975234,-3.878190526841479,-3.4900851296300175,-3.8781775454369836,-5.036027649132677,-6.528132570608989,-6.528114383943603,0.6647893290344425,0.6680115340490449,0.6690342370449865,0.6680115682676607,0.6647893786611299,0.0,0.0,0.0,0.0,0.0,0.0,0.0,0.0,0.0,0.0,off,off,off,off,off
18.799999999999788,0.09399999999999895,0.883599999999988,-5.033962160999408,-3.8767205900983868,-3.488725177568824,-3.8767077103228758,-5.033943463723631,-6.5263425242219455,-6.5263243378745415,0.6647918778133479,0.6680136067086052,0.6690361008141644,0.6680136406620331,0.6647919271975398,0.0,0.0,0.0,0.0,0.0,0.0,0.0,0.0,0.0,0.0,off,off,off,off,off
18.899999999999782,0.09449999999999892,0.893024999999988,-5.03182587476897,-3.875177513788401,-3.487295923836996,-3.875164734091129,-5.0318072693006,-6.52455174785041,-6.524533562077579,0.6647989519937415,0.6680202609704902,0.6690425362648894,0.6680202946627828,0.6647990011394651,0.0,0.0,0.0,0.0,0.0,0.0,0.0,0.0,0.0,0.0,off,off,off,off,off
18.999999999999776,0.09499999999999888,0.9024999999999879,-5.029638261870048,-3.8735617224938323,-3.4857973380385374,-3.87354904134736,-5.029619746703588,-6.522760099828247,-6.522741914881578,0.6648104798474138,0.6680314257599832,0.6690534735060606,0.6680314591951331,0.6648105287586157,0.0,0.0,0.0,0.0,0.0,0.0,0.0,0.0,0.0,0.0,off,off,off,off,off
19.09999999999977,0.09549999999999885,0.9120249999999877,-5.027399985018576,-3.871873637989836,-3.4842294024734883,-3.8718610538837197,-5.027381558677803,-6.520967440764366,-6.520949256890447,0.6648263903408443,0.6680470306580961,0.669068843262196,0.6680470638400513,0.664826439021395,0.0,0.0,0.0,0.0,0.0,0.0,0.0,0.0,0.0,0.0,off,off,off,off,off
19.199999999999765,0.09599999999999882,0.9215999999999875,-5.0251116893881544,-3.870113679216672,-3.4825921117115968,-3.87010119066872,-5.025093350434531,-6.519173633486787,-6.519155450927769,0.6648466131342546,0.6680670059020966,0.6690885768749862,0.66806703883473,0.6648466615879233,0.0,0.0,0.0,0.0,0.0,0.0,0.0,0.0,0.0,0.0,off,off,off,off,off
19.29999999999976,0.0964999999999988,0.9312249999999875,-5.022774003165864,-3.8682822623003403,-3.480885472136265,-3.868269867842457,-5.02275575018075,-6.517378542988695,-6.517360361981844,0.664871078580485,0.6680912823857461,0.6691126063047687,0.6680913150728954,0.6648711268109897,0.0,0.0,0.0,0.0,0.0,0.0,0.0,0.0,0.0,0.0,off,off,off,off,off
19.399999999999753,0.09699999999999877,0.9408999999999874,-5.0203875380545355,-3.8663798005231342,-3.4791095015353903,-3.86636749871451,-5.020369369652769,-6.515582036375008,-6.51556385715304,0.6648997177238506,0.668119791659511,0.6691408641317165,0.6681198241049405,0.6648997657348215,0.0,0.0,0.0,0.0,0.0,0.0,0.0,0.0,0.0,0.0,off,off,off,off,off
19.499999999999748,0.09749999999999874,0.9506249999999872,-5.017952889798721,-3.8644067043346126,-3.4772642286831683,-3.864394493753025,-5.017934804627089,-6.513783982812072,-6.513765805603157,0.6649324622987766,0.6681524659305101,0.6691732835568932,0.668152498137938,0.6649325100937593,0.0,0.0,0.0,0.0,0.0,0.0,0.0,0.0,0.0,0.0,off,off,off,off,off
19.599999999999742,0.09799999999999871,0.960399999999987,-5.015470638665761,-3.8623633813489846,-3.4753496929526477,-3.862351260594437,-5.015452635389522,-6.511984253477294,-6.5119660785052815,0.6649692447283964,0.6681892380623429,0.6692097984030758,0.6681892700354262,0.6649692923108883,0.0,0.0,0.0,0.0,0.0,0.0,0.0,0.0,0.0,0.0,off,off,off,off,off
19.699999999999736,0.09849999999999869,0.970224999999987,-5.012941349915707,-3.860250236338686,-3.4733659439150415,-3.860238204033351,-5.0129234272330905,-6.510182721511512,-6.510164548996045,0.665009998123022,0.6682300415747703,0.6692503431154542,0.6682300733171107,0.6650100454964338,0.0,0.0,0.0,0.0,0.0,0.0,0.0,0.0,0.0,0.0,off,off,off,off,off
19.79999999999973,0.09899999999999866,0.9800999999999869,-5.010365574268064,-3.858067671248648,-3.4713130409760993,-3.858055726029363,-5.010347730899468,-6.508379261972095,-6.508361092128496,0.6650546562784716,0.6682748106431966,0.669294852762086,0.6682748421583565,0.6650547034461564,0.0,0.0,0.0,0.0,0.0,0.0,0.0,0.0,0.0,0.0,off,off,off,off,off
19.899999999999725,0.09949999999999863,0.9900249999999866,-5.007743848341136,-3.8558160851861203,-3.4691910529993493,-3.8558042257174066,-5.007726083034129,-6.506573751787698,-6.506555584827254,0.6651031536743209,0.668323480098062,0.6693432630342379,0.6683235113895319,0.6651032006395585,0.0,0.0,0.0,0.0,0.0,0.0,0.0,0.0,0.0,0.0,off,off,off,off,off
19.99999999999972,0.0999999999999986,0.9999999999999866,-5.00507669507175,-3.8534958744351684,-3.467000057961684,-3.8534840993992248,-5.005059006598117,-6.504766069714492,-6.5047479058441695,0.665155425472055,0.6683759854240271,0.6693955102464937,0.66837601649525,0.6651554722380633,0.0,0.0,0.0,0.0,0.0,0.0,0.0,0.0,0.0,0.0,off,off,off,off,off
20.099999999999714,0.10049999999999858,1.0100249999999862,-5.00236462414432,-3.851107432458207,-3.4647401426054216,-3.85109574055582,-5.002347011297616,-6.502956096293019,-6.502937935716034,0.6652114075130555,0.6684322627590457,0.6694515313367297,0.6684322936134169,0.6652114540829943,0.0,0.0,0.0,0.0,0.0,0.0,0.0,0.0,0.0,0.0,off,off,off,off,off
20.199999999999708,0.10099999999999854,1.0200999999999862,-4.999608132383969,-3.8486511499048675,-3.462411402101907,-3.8486395398575155,-4.999590593983271,-6.50114371380721,-6.5011255567228545,0.6652710363165373,0.668492248893278,0.6695112638659214,0.6684922795341391,0.6652710826934994,0.0,0.0,0.0,0.0,0.0,0.0,0.0,0.0,0.0,0.0,off,off,off,off,off
20.299999999999702,0.10149999999999851,1.0302249999999862,-4.9968077041407355,-3.8461274146133633,-3.4600139397279577,-3.846115885162476,-4.996790239033714,-6.499328806244193,-6.499310652847896,0.6653342490773684,0.6685558812678887,0.669574646017774,0.6685559116985282,0.6653342952643724,0.0,0.0,0.0,0.0,0.0,0.0,0.0,0.0,0.0,0.0,off,off,off,off,off
20.399999999999697,0.10199999999999848,1.040399999999986,-4.9939638116763945,-3.8435366116262344,-3.4575478665549326,-3.843525161532,-4.993946418727376,-6.49751125925502,-6.497493109738173,0.6654009836637524,0.668623097973665,0.669641616598191,0.6686231281973235,0.6654010296637715,0.0,0.0,0.0,0.0,0.0,0.0,0.0,0.0,0.0,0.0,off,off,off,off,off
20.49999999999969,0.10249999999999845,1.0506249999999857,-4.991076915517624,-3.8408791231996133,-3.455013301136603,-3.8408677512364306,-4.991059593615489,-6.495690960116519,-6.495672814667216,0.6654711786148578,0.668693837749527,0.6697121150346055,0.6686938677694066,0.6654712244308022,0.0,0.0,0.0,0.0,0.0,0.0,0.0,0.0,0.0,0.0,off,off,off,off,off
20.599999999999685,0.10299999999999843,1.0608999999999855,-4.9881474648136646,-3.838155328804646,-3.452410369221468,-3.8381440337734603,-4.988130212867134,-6.493867797695373,-6.493849656498014,0.6655447731383113,0.668768039980922,0.669786081375128,0.668768069800157,0.6655448187730374,0.0,0.0,0.0,0.0,0.0,0.0,0.0,0.0,0.0,0.0,off,off,off,off,off
20.69999999999968,0.1034999999999984,1.0712249999999854,-4.985175897668739,-3.8353656051459666,-3.4497392034541576,-3.835354385863184,-4.985158714605802,-6.4920416624117365,-6.492023525647085,0.6656217071076241,0.668845644698053,0.6698634562875851,0.6688456743197364,0.6656217525639404,0.0,0.0,0.0,0.0,0.0,0.0,0.0,0.0,0.0,0.0,off,off,off,off,off
20.799999999999674,0.10399999999999837,1.0815999999999852,-4.982162641477089,-3.832510326172212,-3.4469999431045153,-3.8324991814728264,-4.982145526250804,-6.490212446204623,-6.490194314050143,0.6657019210594946,0.6689265925739991,0.6699441810583736,0.668926622001175,0.665701966340141,0.0,0.0,0.0,0.0,0.0,0.0,0.0,0.0,0.0,0.0,off,off,off,off,off
20.899999999999668,0.10449999999999834,1.092024999999985,-4.979108113241182,-3.829589863090405,-3.4441927337990137,-3.8295787918235646,-4.979091064824331,-6.488380042498477,-6.488361915128166,0.6657853561910234,0.66901082492271,0.6700281975911798,0.6690108541583863,0.6657854012986891,0.0,0.0,0.0,0.0,0.0,0.0,0.0,0.0,0.0,0.0,off,off,off,off,off
20.999999999999662,0.10499999999999832,1.102499999999985,-4.976012719878327,-3.8266045843678853,-3.4413177272481903,-3.826593585404396,-4.975995737260973,-6.486544346170149,-6.4865262237547086,0.6658719543568477,0.6690982836969106,0.670115448405592,0.6690983127440394,0.6658719992941768,0.0,0.0,0.0,0.0,0.0,0.0,0.0,0.0,0.0,0.0,off,off,off,off,off
21.099999999999657,0.10549999999999829,1.1130249999999848,-4.972876858521374,-3.8235548557584593,-3.438375080996593,-3.823543927985554,-4.97285994071035,-6.484705253517461,-6.4846871362241245,0.6659616580661729,0.6691889114858313,0.6702058766355481,0.6691889403473199,0.6659617028357658,0.0,0.0,0.0,0.0,0.0,0.0,0.0,0.0,0.0,0.0,off,off,off,off,off
21.19999999999965,0.10599999999999826,1.1235999999999846,-4.9697009167988995,-3.8204410403035354,-3.435364958183527,-3.8204301826290816,-4.969684062824001,-6.482862662227944,-6.482844550220705,0.6660544104797462,0.6692826515128891,0.6702994260276293,0.6692826801915917,0.6660544550841418,0.0,0.0,0.0,0.0,0.0,0.0,0.0,0.0,0.0,0.0,off,off,off,off,off
21.299999999999645,0.10649999999999823,1.1342249999999843,-4.966485273128853,-3.8172634983579314,-3.4322875272841884,-3.8172527097058833,-4.966468482035111,-6.48101647134871,-6.4809983647888885,0.6661501554066834,0.6693794476331957,0.6703960409393124,0.669379476131925,0.6661501998483823,0.0,0.0,0.0,0.0,0.0,0.0,0.0,0.0,0.0,0.0,off,off,off,off,off
21.39999999999964,0.10699999999999821,1.1448999999999843,-4.963230296975951,-3.8140225875961846,-3.4291429619045175,-3.8140118669066965,-4.9632135678316445,-6.479166581258312,-6.47914848030365,0.6662488373012866,0.6694792443310142,0.670495666336961,0.6694792726525397,0.6662488815827261,0.0,0.0,0.0,0.0,0.0,0.0,0.0,0.0,0.0,0.0,off,off,off,off,off
21.499999999999634,0.10749999999999817,1.1556249999999841,-4.959936349119914,-3.810718663032901,-3.425931440534839,-3.810708009263408,-4.9599196810088415,-6.477312893637304,-6.477294798442813,0.6663504012597292,0.6695819867170709,0.6705982477938353,0.6695820148641174,0.6663504453833073,0.0,0.0,0.0,0.0,0.0,0.0,0.0,0.0,0.0,0.0,off,off,off,off,off
21.59999999999963,0.10799999999999814,1.166399999999984,-4.9566037819097915,-3.8073520770276446,-3.4226531463403944,-3.8073414891509856,-4.956587173932519,-6.475455311441181,-6.475437222158462,0.6664547930166776,0.6696876205258145,0.6707037314878954,0.6696876485010673,0.6664548369847482,0.0,0.0,0.0,0.0,0.0,0.0,0.0,0.0,0.0,0.0,off,off,off,off,off
21.699999999999623,0.10849999999999811,1.1772249999999835,-4.953232939509007,-3.8039231793135855,-3.41930826694761,-3.8039126563177774,-4.953216390780312,-6.473593738873376,-6.473575655651757,0.6665619589418387,0.6697960921125105,0.6708120641995281,0.6697961199186148,0.666562002756718,0.0,0.0,0.0,0.0,0.0,0.0,0.0,0.0,0.0,0.0,off,off,off,off,off
21.799999999999617,0.10899999999999808,1.1880999999999835,-4.949824158123533,-3.800432316999263,-3.415896994238892,-3.800421857891024,-4.949807667777691,-6.471728081359856,-6.4717100043453115,0.6666718460364596,0.6699073484503161,0.6709231933091525,0.6699073760898683,0.6666718897004139,0.0,0.0,0.0,0.0,0.0,0.0,0.0,0.0,0.0,0.0,off,off,off,off,off
21.89999999999961,0.10949999999999806,1.1990249999999834,-4.946377766245348,-3.7968798345926302,-3.412419524157201,-3.796869438395049,-4.946361333434766,-6.469858245522971,-6.469840174858803,0.666784401929696,0.6700213371272055,0.6710370667947124,0.6700213646027583,0.6667844454449418,0.0,0.0,0.0,0.0,0.0,0.0,0.0,0.0,0.0,0.0,off,off,off,off,off
21.999999999999606,0.10999999999999803,1.209999999999983,-4.942894084870147,-3.7932660740154347,-3.4088760565093708,-3.7932557397647315,-4.942877708759909,-6.467984139157636,-6.4679660749844174,0.6668995748749549,0.6701380063428337,0.6711536332290827,0.6701380336569069,0.6668996182436775,0.0,0.0,0.0,0.0,0.0,0.0,0.0,0.0,0.0,0.0,off,off,off,off,off
22.0999999999996,0.110499999999998,1.2210249999999827,-4.939373427710734,-3.789591374622944,-3.4052667947835857,-3.7895811013698903,-4.939357107482465,-6.466105671206776,-6.4660876136624665,0.6670173137461732,0.670257304905299,0.671272841777359,0.670257332060374,0.6670173569705131,0.0,0.0,0.0,0.0,0.0,0.0,0.0,0.0,0.0,0.0,off,off,off,off,off
22.199999999999594,0.11099999999999798,1.2320999999999827,-4.93581610140825,-3.785856073207526,-3.40159194596788,-3.7858458600223344,-4.935799836257615,-6.46422275173876,-6.464204700958419,0.6671375680340103,0.6703791822278716,0.6713946421940565,0.6703792092263788,0.6671376111160724,0.0,0.0,0.0,0.0,0.0,0.0,0.0,0.0,0.0,0.0,off,off,off,off,off
22.29999999999959,0.11149999999999795,1.2432249999999825,-4.93222240573408,-3.7820605040298574,-3.3978517203760816,-3.782050349993881,-4.932206194872435,-6.462335291924262,-6.462317248040506,0.6672602878419939,0.6705035883255657,0.6715189848202181,0.6705036151699062,0.667260330783841,0.0,0.0,0.0,0.0,0.0,0.0,0.0,0.0,0.0,0.0,off,off,off,off,off
22.399999999999583,0.11199999999999792,1.2543999999999822,-4.928592633782273,-3.778204998823867,-3.3940463314761473,-3.7781949030338637,-4.9285764764391615,-6.460443204014325,-6.460425167157268,0.6673854238826084,0.6706304738117085,0.6716458205804355,0.6706305005042432,0.6673854666862549,0.0,0.0,0.0,0.0,0.0,0.0,0.0,0.0,0.0,0.0,off,off,off,off,off
22.499999999999577,0.1124999999999979,1.265624999999982,-4.924927072165815,-3.7742898868186785,-3.3901759957261106,-3.7742798483866977,-4.92491096758215,-6.458546401319211,-6.458528371616467,0.6675129274733034,0.6707597898943903,0.6717751009797827,0.6707598164374422,0.6675129701407349,0.0,0.0,0.0,0.0,0.0,0.0,0.0,0.0,0.0,0.0,off,off,off,off,off
22.59999999999957,0.11299999999999787,1.276899999999982,-4.921226001198249,-3.7703154947552093,-3.3862409324180476,-3.7703055128067717,-4.921209948625403,-6.456644798187483,-6.456626775764221,0.6676427505324687,0.6708914883728617,0.6719067781006546,0.6708915147687158,0.667642793065645,0.0,0.0,0.0,0.0,0.0,0.0,0.0,0.0,0.0,0.0,off,off,off,off,off
22.699999999999566,0.11349999999999782,1.2882249999999817,-4.917489695065342,-3.7662821469010055,-3.3822413635274984,-3.7662722205774912,-4.917473693771399,-6.454738309985771,-6.454720294964602,0.667774845575373,0.6710255216338626,0.6720408045995261,0.6710255478847638,0.6677748879762069,0.0,0.0,0.0,0.0,0.0,0.0,0.0,0.0,0.0,0.0,off,off,off,off,off
22.79999999999956,0.1139999999999978,1.2995999999999814,-4.913718422007605,-3.762190165064908,-3.3781775135565795,-3.7621802935228175,-4.91370247127162,-6.452826853078989,-6.4528088455801935,0.6679091657099983,0.6711618426478939,0.6721771337036665,0.6711618687560474,0.6679092079803755,0.0,0.0,0.0,0.0,0.0,0.0,0.0,0.0,0.0,0.0,off,off,off,off,off
22.899999999999554,0.11449999999999777,1.311024999999981,-4.9099124444759354,-3.758039868617459,-3.3740496093942056,-3.7580300510227858,-4.909896543595153,-6.450910344811007,-6.450892344952592,0.6680456646328963,0.6713004049654093,0.6723157192077436,0.6713004309329959,0.668045706774654,0.0,0.0,0.0,0.0,0.0,0.0,0.0,0.0,0.0,0.0,off,off,off,off,off
22.99999999999955,0.11499999999999774,1.322499999999981,-4.906072019304588,-3.753831574507444,-3.3698578801775625,-3.753821810044144,-4.906056167585518,-6.448988703486634,-6.448970711384277,0.6681842966249303,0.671441162712958,0.6724565154703683,0.671441188542111,0.6681843386398838,0.0,0.0,0.0,0.0,0.0,0.0,0.0,0.0,0.0,0.0,off,off,off,off,off
23.099999999999543,0.11549999999999772,1.3340249999999807,-4.902197397860732,-3.7495655972769555,-3.3656025571596615,-3.749555885138818,-4.902181594622334,-6.4470618483525755,-6.447043864119564,0.6683250165470284,0.6715840705892793,0.672599477410569,0.6715840962821068,0.6683250584369563,0.0,0.0,0.0,0.0,0.0,0.0,0.0,0.0,0.0,0.0,off,off,off,off,off
23.199999999999537,0.11599999999999769,1.3455999999999804,-4.898288826200144,-3.7452422490761705,-3.3612838735729724,-3.7452325884723336,-4.898273070777236,-6.445129699580264,-6.445111723327955,0.6684677798358604,0.6717290838613394,0.672744560504219,0.6717291094199096,0.6684678216025033,0.0,0.0,0.0,0.0,0.0,0.0,0.0,0.0,0.0,0.0,off,off,off,off,off
23.29999999999953,0.11649999999999766,1.3572249999999801,-4.8943465452107375,-3.7408618396834754,-3.3569020645084606,-3.7408522298317735,-4.894330836945414,-6.443192178248523,-6.443174210086056,0.6686125424995042,0.6718761583603075,0.6728917207803795,0.6718761837866655,0.6686125841445819,0.0,0.0,0.0,0.0,0.0,0.0,0.0,0.0,0.0,0.0,off,off,off,off,off
23.399999999999526,0.11699999999999763,1.36889999999998,-4.890370790756947,-3.736424676515128,-3.3524573667901905,-3.736415116654655,-4.89035512900648,-6.441249206327086,-6.4412312463612125,0.6687592611130534,0.6720252504775112,0.6730409148175975,0.6720252757736459,0.6687593026382465,0.0,0.0,0.0,0.0,0.0,0.0,0.0,0.0,0.0,0.0,off,off,off,off,off
23.49999999999952,0.1174999999999976,1.3806249999999798,-4.886361793819617,-3.7319310646561235,-3.347950018863287,-3.7319215540267123,-4.886346177953726,-6.439300706659367,-6.43928275499502,0.6689078928141962,0.6721763171602863,0.6731920997401334,0.6721763423281858,0.6689079342211516,0.0,0.0,0.0,0.0,0.0,0.0,0.0,0.0,0.0,0.0,off,off,off,off,off
23.599999999999515,0.11799999999999758,1.3923999999999794,-4.882319780627199,-3.727381306860707,-3.343380260670756,-3.72737184472453,-4.882304210025325,-6.437346602947798,-6.437328659687751,0.6690583952987699,0.6723293159078692,0.673345233214168,0.6723293409494637,0.6690584365891102,0.0,0.0,0.0,0.0,0.0,0.0,0.0,0.0,0.0,0.0,off,off,off,off,off
23.69999999999951,0.11849999999999755,1.4042249999999792,-4.878244972787684,-3.7227757035762465,-3.3387483335524166,-3.72276628920514,-4.87822944684001,-6.435386819737232,-6.435368884982381,0.6692107268162758,0.6724842047671852,0.6735002734439113,0.672484229684379,0.6692107679915947,0.0,0.0,0.0,0.0,0.0,0.0,0.0,0.0,0.0,0.0,off,off,off,off,off
23.799999999999503,0.11899999999999752,1.416099999999979,-4.874137587410871,-3.7181145529613104,-3.3340544801334318,-3.7181051856397858,-4.874122105516847,-6.433421282400616,-6.433403356249812,0.6693648461653785,0.6726409423286114,0.6736571791677063,0.6726409671232746,0.6693648872272456,0.0,0.0,0.0,0.0,0.0,0.0,0.0,0.0,0.0,0.0,off,off,off,off,off
23.899999999999498,0.1194999999999975,1.4280249999999788,-4.869997837232518,-3.7133981508994793,-3.329298944220568,-3.7133888299204045,-4.869982398805121,-6.431449917123928,-6.431431999674146,0.6695207126893655,0.6727994877217165,0.6738159096540709,0.6727995123956988,0.669520753639316,0.0,0.0,0.0,0.0,0.0,0.0,0.0,0.0,0.0,0.0,off,off,off,off,off
23.999999999999492,0.11999999999999746,1.4399999999999784,-4.8658259307346725,-3.708626791017366,-3.324481970707268,-3.7086175156871946,-4.865810535196658,-6.429472650891853,-6.429454742238022,0.669678286271584,0.6729598006109598,0.6739764246976849,0.672959825166075,0.6696783271111252,0.0,0.0,0.0,0.0,0.0,0.0,0.0,0.0,0.0,0.0,off,off,off,off,off
24.099999999999486,0.12049999999999743,1.4520249999999781,-4.861622072255329,-3.7038007646984283,-3.3196038054738892,-3.7037915343334475,-4.861606719040651,-6.427489411473857,-6.427471511709143,0.6698375273308697,0.6731218411913646,0.6741386846153623,0.6731218656294016,0.6698375680614818,0.0,0.0,0.0,0.0,0.0,0.0,0.0,0.0,0.0,0.0,off,off,off,off,off
24.19999999999948,0.1209999999999974,1.464099999999978,-4.85738646210325,-3.6989203610951904,-3.3146646952960737,-3.698911175026808,-4.857371150654501,-6.42550012741043,-6.425482236626294,0.669998396816939,0.6732855701841695,0.6743026502419678,0.673285594506876,0.669998437440078,0.0,0.0,0.0,0.0,0.0,0.0,0.0,0.0,0.0,0.0,off,off,off,off,off
24.299999999999475,0.12149999999999737,1.4762249999999777,-4.853119296662612,-3.6939858671586308,-3.309664887754195,-3.6939767247251893,-4.853104026432959,-6.423504728000125,-6.423486846286096,0.6701608562057763,0.673450948832408,0.674468282926308,0.6734509730415149,0.6701608967228714,0.0,0.0,0.0,0.0,0.0,0.0,0.0,0.0,0.0,0.0,off,off,off,off,off
24.39999999999947,0.12199999999999735,1.4883999999999773,-4.848820768502662,-3.6889975676405697,-3.304604631149857,-3.6889884681939407,-4.848805538956185,-6.421503143286429,-6.4214852707302725,0.6703248674949853,0.6736179388965324,0.6746355445269777,0.6736179629937352,0.6703249079074362,0.0,0.0,0.0,0.0,0.0,0.0,0.0,0.0,0.0,0.0,off,off,off,off,off
24.499999999999464,0.12249999999999732,1.500624999999977,-4.844491066472301,-3.6839557451165206,-3.2994841744168184,-3.6839466880157943,-4.844475877080242,-6.419495304045256,-6.419477440732919,0.6704903931991562,0.6737865026499664,0.6748043974082014,0.6737865266369413,0.6704904335083445,0.0,0.0,0.0,0.0,0.0,0.0,0.0,0.0,0.0,0.0,off,off,off,off,off
24.599999999999458,0.12299999999999729,1.5128999999999768,-4.840130375799845,-3.678860679998877,-3.294303767049655,-3.6788516646161042,-4.840115226042997,-6.417481141772328,-6.417463287787996,0.6706573963451985,0.6739566028746538,0.6749748044356011,0.6739566267530434,0.6706574365524811,0.0,0.0,0.0,0.0,0.0,0.0,0.0,0.0,0.0,0.0,off,off,off,off,off
24.699999999999452,0.12349999999999726,1.5252249999999765,-4.835738878188465,-3.6737126505528295,-3.28906365901247,-3.673703676273874,-4.835723767560808,-6.415460588671408,-6.4154427440977315,0.6708258404676691,0.6741282028565926,0.6751467289720083,0.674128226628003,0.6708258805743669,0.0,0.0,0.0,0.0,0.0,0.0,0.0,0.0,0.0,0.0,off,off,off,off,off
24.799999999999446,0.12399999999999724,1.537599999999976,-4.831316751913164,-3.668511932915237,-3.2837641006779563,-3.668502999132329,-4.831301679912258,-6.41343357764265,-6.413415742560687,0.6709956896040729,0.6743012663813345,0.6753201348731686,0.6743012900473562,0.6709957296114992,0.0,0.0,0.0,0.0,0.0,0.0,0.0,0.0,0.0,0.0,off,off,off,off,off
24.89999999999944,0.12449999999999721,1.550024999999976,-4.826864171902514,-3.6632588011061102,-3.2784053427429285,-3.663249907225463,-4.826849138038085,-6.4114000422711115,-6.411382216760273,0.6711669082901971,0.6744757577294971,0.675494986483504,0.6744757812916826,0.6711669481996317,0.0,0.0,0.0,0.0,0.0,0.0,0.0,0.0,0.0,0.0,off,off,off,off,off
24.999999999999435,0.12499999999999718,1.5624999999999758,-4.822381309832338,-3.6579535270498695,-3.2729876361672154,-3.657944672481392,-4.822366313621217,-6.40935991681539,-6.409342100953609,0.6713394615553944,0.6746516416722317,0.6756712486317954,0.6746516651321255,0.6713395013680994,0.0,0.0,0.0,0.0,0.0,0.0,0.0,0.0,0.0,0.0,off,off,off,off,off
25.09999999999943,0.12549999999999714,1.5750249999999755,-4.817868334201876,-3.652596380582395,-3.2675112321022652,-3.652587564748501,-4.817853375173399,-6.407313136197217,-6.4072953300607765,0.6715133149179053,0.6748288834667231,0.675848886626879,0.6748289068258356,0.6715133546351102,0.0,0.0,0.0,0.0,0.0,0.0,0.0,0.0,0.0,0.0,off,off,off,off,off
25.199999999999424,0.12599999999999711,1.587599999999975,-4.813325410422635,-3.6471876294712615,-3.2619763818296974,-3.647178851804256,-4.813310488107788,-6.40525963599066,-6.405241839654082,0.6716884343801344,0.6750074488516401,0.6760278662533168,0.6750074721114565,0.6716884740030635,0.0,0.0,0.0,0.0,0.0,0.0,0.0,0.0,0.0,0.0,off,off,off,off,off
25.299999999999418,0.1264999999999971,1.600224999999975,-4.808752700893592,-3.6417275394318267,-3.256383336687122,-3.641718799373507,-4.808737814834217,-6.403199352411093,-6.403181565947818,0.6718647864239581,0.6751873040425931,0.6762081537670822,0.6751873272045741,0.6718648259538077,0.0,0.0,0.0,0.0,0.0,0.0,0.0,0.0,0.0,0.0,off,off,off,off,off
25.399999999999412,0.12699999999999706,1.6128999999999747,-4.8041503650764525,-3.6362163741379163,-3.2507323480223818,-3.636207671140312,-4.8041355148275215,-6.401132222306273,-6.401114445788153,0.6720423380060232,0.6753684157275995,0.6763897158911754,0.6753684387931782,0.6720423774439549,0.0,0.0,0.0,0.0,0.0,0.0,0.0,0.0,0.0,0.0,off,off,off,off,off
25.499999999999407,0.12749999999999703,1.6256249999999743,-4.799518559580349,-3.6306543952445622,-3.2450236671325,-3.6306457287678313,-4.799503744693141,-6.399058183145769,-6.39904041664289,0.6722210565530181,0.6755507510625126,0.6765725198112664,0.6755507740331017,0.6722210959002041,0.0,0.0,0.0,0.0,0.0,0.0,0.0,0.0,0.0,0.0,off,off,off,off,off
25.5999999999994,0.127999999999997,1.6383999999999739,-4.794857438215843,-3.6250418623923224,-3.239257545197404,-3.625033231907139,-4.79484265825954,-6.396977173011123,-6.396959416592495,0.6724009099570231,0.6757342776664965,0.676756533171354,0.6757343005434808,0.6724009492145878,0.0,0.0,0.0,0.0,0.0,0.0,0.0,0.0,0.0,0.0,off,off,off,off,off
25.699999999999395,0.12849999999999698,1.6512249999999737,-4.790167152079334,-3.6193790332353615,-3.233434233241269,-3.619370438217402,-4.790152406631876,-6.394889130586989,-6.39487138431997,0.6725818665707752,0.6759189636174375,0.6769417240693519,0.6759189864021884,0.6725819057398199,0.0,0.0,0.0,0.0,0.0,0.0,0.0,0.0,0.0,0.0,off,off,off,off,off
25.79999999999939,0.12899999999999695,1.6640999999999735,-4.785447849622585,-3.6136661634415645,-3.2275539820644212,-3.6136576033775896,-4.785433138263272,-6.3927939951514645,-6.392776259102277,0.6727638952029792,0.6761047774474309,0.6771280610527501,0.6761048001412916,0.672763934284602,0.0,0.0,0.0,0.0,0.0,0.0,0.0,0.0,0.0,0.0,off,off,off,off,off
25.899999999999384,0.12949999999999692,1.6770249999999731,-4.780699676706547,-3.6079035067170935,-3.221617042207697,-3.6078949811036978,-4.7806849990234355,-6.390691706567452,-6.390673980800955,0.6729469651136527,0.6762916881382031,0.6773155131141949,0.6762917107424912,0.6729470041089292,0.0,0.0,0.0,0.0,0.0,0.0,0.0,0.0,0.0,0.0,off,off,off,off,off
25.99999999999938,0.1299999999999969,1.6899999999999726,-4.775922776672758,-3.602091314817301,-3.215623663894803,-3.6020828231574455,-4.775908132264135,-6.388582205273849,-6.388564489853366,0.6731310460094397,0.6764796651165768,0.6775040496871287,0.6764796876325924,0.6731310849194172,0.0,0.0,0.0,0.0,0.0,0.0,0.0,0.0,0.0,0.0,off,off,off,off,off
26.099999999999373,0.13049999999999687,1.7030249999999725,-4.77111729040854,-3.5962298375657156,-3.2095740969930944,-3.5962213793726505,-4.771102678874399,-6.386465432276452,-6.3864477272641125,0.673316108038933,0.6766686782499126,0.6776936406413892,0.6766687006789301,0.6733161468646564,0.0,0.0,0.0,0.0,0.0,0.0,0.0,0.0,0.0,0.0,off,off,off,off,off
26.199999999999367,0.13099999999999684,1.7160999999999722,-4.766283356399924,-3.59031932286166,-3.20346859096054,-3.5903108976542057,-4.766268777348159,-6.384341329140227,-6.384323634596967,0.6735021217880455,0.6768586978415977,0.677884256278847,0.6768587201848749,0.6735021605305375,0.0,0.0,0.0,0.0,0.0,0.0,0.0,0.0,0.0,0.0,off,off,off,off,off
26.29999999999936,0.13149999999999681,1.7292249999999718,-4.76142111079173,-3.5843600166965075,-3.1973073948150272,-3.5843516240046256,-4.761406563840751,-6.382209837980838,-6.38219215396623,0.6736890582753615,0.6770496946265073,0.6780758673289956,0.6770497168852742,0.6736890969356176,0.0,0.0,0.0,0.0,0.0,0.0,0.0,0.0,0.0,0.0,off,off,off,off,off
26.399999999999356,0.1319999999999968,1.7423999999999715,-4.7565306874549265,-3.578352163168404,-3.1910907570794507,-3.578343802529673,-4.756516172226213,-6.380070901456577,-6.380053228029226,0.6738768889474823,0.6772416397664873,0.6782684449446122,0.6772416619419543,0.6738769275264895,0.0,0.0,0.0,0.0,0.0,0.0,0.0,0.0,0.0,0.0,off,off,off,off,off
26.49999999999935,0.13249999999999676,1.7556249999999713,-4.751612218020512,-3.5722960045004584,-3.1848189257531203,-3.5722876754576305,-4.751597734145491,-6.377924462760916,-6.377906799977779,0.6740655856744691,0.6774345048458328,0.6784619606973603,0.6774345269391964,0.674065624173189,0.0,0.0,0.0,0.0,0.0,0.0,0.0,0.0,0.0,0.0,off,off,off,off,off
26.599999999999344,0.13299999999999673,1.768899999999971,-4.746665831957557,-3.566191781048701,-3.1784921482681625,-3.566183483153111,-4.7466513790719205,-6.375770465614039,-6.375752813531278,0.6742551207451783,0.67762826186681,0.678656386573438,0.6776282838792443,0.6742551591645608,0.0,0.0,0.0,0.0,0.0,0.0,0.0,0.0,0.0,0.0,off,off,off,off,off
26.69999999999934,0.1334999999999967,1.7822249999999706,-4.741691656604701,-3.560039731317943,-3.1721106714563234,-3.560031464128201,-4.741677234350902,-6.37360885425619,-6.373591212928659,0.6744454668627337,0.6778228832451617,0.6788516949692215,0.6778229051778216,0.6744455052037114,0.0,0.0,0.0,0.0,0.0,0.0,0.0,0.0,0.0,0.0,off,off,off,off,off
26.799999999999333,0.13399999999999668,1.79559999999997,-4.7366898172338665,-3.553840091975246,-3.1656747415124755,-3.5538318550574672,-4.736675425259875,-6.37143957344,-6.3714219429213585,0.6746365971399251,0.6780183418056394,0.6790478586869187,0.6780183636596605,0.6746366354034159,0.0,0.0,0.0,0.0,0.0,0.0,0.0,0.0,0.0,0.0,off,off,off,off,off
26.899999999999327,0.13449999999999665,1.80902499999997,-4.731660437092501,-3.5475930978623182,-3.1591846039565894,-3.547584890791086,-4.731646075052595,-6.3692625684233235,-6.3692449487659815,0.6748284850946807,0.6782146107775507,0.6792448509302514,0.6782146325540457,0.6748285232815866,0.0,0.0,0.0,0.0,0.0,0.0,0.0,0.0,0.0,0.0,off,off,off,off,off
26.99999999999932,0.13499999999999662,1.8224999999999696,-4.726603637452456,-3.541298982016883,-3.1526405036171923,-3.5412908043711013,-4.726589305008417,-6.367077784961793,-6.3670601762174215,0.6750211046455334,0.6784116637902926,0.679442645300088,0.678411685490364,0.6750211427567351,0.0,0.0,0.0,0.0,0.0,0.0,0.0,0.0,0.0,0.0,off,off,off,off,off
27.099999999999316,0.1354999999999966,1.8360249999999692,-4.721519537660129,-3.534957975672228,-3.1460426845836196,-3.534949827042624,-4.721505234476922,-6.364885169303136,-6.364867571522041,0.6752144301071016,0.6786094748689699,0.679641215790182,0.6786094964936887,0.6752144681434727,0.0,0.0,0.0,0.0,0.0,0.0,0.0,0.0,0.0,0.0,off,off,off,off,off
27.19999999999931,0.13599999999999654,1.8495999999999688,-4.716408255173121,-3.5285703082844293,-3.1393913901810038,-3.5285621882651412,-4.716393980925204,-6.362684668178929,-6.3626670814106205,0.6754084361856247,0.6788080184299475,0.6798405367828615,0.6788080399803755,0.6754084741480137,0.0,0.0,0.0,0.0,0.0,0.0,0.0,0.0,0.0,0.0,off,off,off,off,off
27.299999999999304,0.1364999999999965,1.8632249999999686,-4.711269905613847,-3.5221362075360503,-3.1326868629460023,-3.5221281157267867,-4.711255659978576,-6.360476228799541,-6.360458653092053,0.675603097974468,0.6790072692764879,0.6800405830447416,0.6790072907536735,0.6756031358637158,0.0,0.0,0.0,0.0,0.0,0.0,0.0,0.0,0.0,0.0,off,off,off,off,off
27.3999999999993,0.13699999999999649,1.8768999999999683,-4.706104602800622,-3.5156558993506337,-3.1259293446005927,-3.5156478353637226,-4.706090385462517,-6.3582597988464045,-6.358242234247257,0.6757983909497097,0.6792072025943808,0.6802413297224549,0.6792072239993369,0.6757984287666382,0.0,0.0,0.0,0.0,0.0,0.0,0.0,0.0,0.0,0.0,off,off,off,off,off
27.499999999999293,0.13749999999999646,1.8906249999999678,-4.700912458803771,-3.5091296079127687,-3.1191190760191603,-3.5091215713599127,-4.700898269448999,-6.356035326466554,-6.35601777302179,0.675994290965679,0.6794077939475701,0.6804427523384217,0.6794078152813143,0.6759943287111061,0.0,0.0,0.0,0.0,0.0,0.0,0.0,0.0,0.0,0.0,off,off,off,off,off
27.599999999999287,0.13799999999999643,1.9043999999999675,-4.695693583969501,-3.502557555673718,-3.1122562972116725,-3.502549546175601,-4.695679422292699,-6.353802760265921,-6.35378521802096,0.6761907742506017,0.6796090192738519,0.6806448267866029,0.6796090405373758,0.6761908119253235,0.0,0.0,0.0,0.0,0.0,0.0,0.0,0.0,0.0,0.0,off,off,off,off,off
27.69999999999928,0.1384999999999964,1.9182249999999672,-4.690448086965091,-3.4959399633651174,-3.105341247297247,-3.4959319805527684,-4.690433952666638,-6.351562049303936,-6.351544518302944,0.6763878174022108,0.6798108548805594,0.6808475293282932,0.6798108760748296,0.6763878550070065,0.0,0.0,0.0,0.0,0.0,0.0,0.0,0.0,0.0,0.0,off,off,off,off,off
27.799999999999276,0.13899999999999638,1.9320999999999668,-4.6851760748206175,-3.4892770500163692,-3.0983741644753877,-3.489269093522921,-4.685161967607371,-6.349313143086761,-6.349295623373052,0.6765853973833855,0.680013277440273,0.6810508365879452,0.6800132985662488,0.6765854349190192,0.0,0.0,0.0,0.0,0.0,0.0,0.0,0.0,0.0,0.0,off,off,off,off,off
27.89999999999927,0.13949999999999635,1.9460249999999664,-4.67987765296499,-3.4825690329624877,-3.0913552860164373,-3.48256110242761,-4.679863572542445,-6.347055991562399,-6.3470384831783235,0.6767834915178327,0.6802162639865665,0.6812547255489693,0.6802162850451912,0.6767835289850709,0.0,0.0,0.0,0.0,0.0,0.0,0.0,0.0,0.0,0.0,off,off,off,off,off
27.999999999999265,0.13999999999999632,1.959999999999966,-4.674552925253579,-3.4758161278558077,-3.0842848482324143,-3.4758082229290608,-4.674538871335528,-6.3447905451139945,-6.34477304810116,0.6769820774858096,0.680419791909778,0.6814591735496013,0.6804198129019681,0.6769821148853986,0.0,0.0,0.0,0.0,0.0,0.0,0.0,0.0,0.0,0.0,off,off,off,off,off
28.09999999999926,0.1404999999999963,1.9740249999999657,-4.669201994007665,-3.4690185486853125,-3.0771630864621784,-3.4690106690162565,-4.669187966316429,-6.342516754555277,-6.3424992689542705,0.6771811333198446,0.6806238389527746,0.6816641582787658,0.6806238598794476,0.6771811706525068,0.0,0.0,0.0,0.0,0.0,0.0,0.0,0.0,0.0,0.0,off,off,off,off,off
28.199999999999253,0.14099999999999627,1.9880999999999653,-4.663824960053944,-3.4621765077843634,-3.0699902350525576,-3.4621686530327906,-4.663810958311103,-6.340234571124711,-6.340217096974925,0.6773806374004777,0.6808283832067817,0.6818696577719687,0.680828404068828,0.6773806746669372,0.0,0.0,0.0,0.0,0.0,0.0,0.0,0.0,0.0,0.0,off,off,off,off,off
28.299999999999248,0.14149999999999624,2.0022249999999646,-4.658421922749483,-3.4552902158422967,-3.0627665273360662,-3.455282385669534,-4.658407946683383,-6.337943946479584,-6.337926483819899,0.6775805684520655,0.6810334031072213,0.6820756504072257,0.6810334239055263,0.6775806056530302,0.0,0.0,0.0,0.0,0.0,0.0,0.0,0.0,0.0,0.0,off,off,off,off,off
28.399999999999242,0.1419999999999962,2.0163999999999644,-4.6529929800121295,-3.448359881913916,-3.0554921956200474,-3.4483520759918065,-4.652979029358164,-6.335644832691571,-6.3356273815599025,0.6777809055386033,0.6812388774295839,0.6822821149009872,0.6812388981650069,0.6777809426747609,0.0,0.0,0.0,0.0,0.0,0.0,0.0,0.0,0.0,0.0,off,off,off,off,off
28.499999999999236,0.14249999999999619,2.030624999999964,-4.6475382283611,-3.4413857134452996,-3.048167471162401,-3.4413779314439807,-4.647524302856709,-6.333337182241337,-6.333319742674803,0.6779816280595372,0.6814447852852845,0.6824890303041273,0.6814448059586902,0.6779816651315719,0.0,0.0,0.0,0.0,0.0,0.0,0.0,0.0,0.0,0.0,off,off,off,off,off
28.59999999999923,0.14299999999999616,2.0448999999999637,-4.642057762937156,-3.434367916263568,-3.0407925841679457,-3.4343601578690937,-4.6420438623250675,-6.331020948013418,-6.331003520048114,0.678182715745669,0.681651106117643,0.6826963759979006,0.6816511267298511,0.6781827527542491,0.0,0.0,0.0,0.0,0.0,0.0,0.0,0.0,0.0,0.0,off,off,off,off,off
28.699999999999225,0.14349999999999613,2.0592249999999632,-4.636551677535863,-3.427306694612014,-3.0333677637695473,-3.4272989595091303,-4.636537801561815,-6.328696083290993,-6.328678666962446,0.6783841486550416,0.6818578196977648,0.6829041316899723,0.6818578402496006,0.6783841856008289,0.0,0.0,0.0,0.0,0.0,0.0,0.0,0.0,0.0,0.0,off,off,off,off,off
28.79999999999922,0.1439999999999961,2.0735999999999626,-4.631020064635322,-3.420202251146577,-3.0258932380087344,-3.420194539027591,-4.631006213052785,-6.326362541751621,-6.3263451370944495,0.6785859071688773,0.6820649061205606,0.6831122774104733,0.6820649266128289,0.6785859440525127,0.0,0.0,0.0,0.0,0.0,0.0,0.0,0.0,0.0,0.0,off,off,off,off,off
28.899999999999213,0.14449999999999608,2.0880249999999623,-4.6254630154277265,-3.413054786951477,-3.0183692338315495,-3.4130470975095477,-4.625449187989204,-6.324020277462068,-6.324002884510151,0.6787879719875269,0.6822723458007389,0.6833207935080461,0.6822723662342436,0.6787880088096537,0.0,0.0,0.0,0.0,0.0,0.0,0.0,0.0,0.0,0.0,off,off,off,off,off
28.999999999999208,0.14499999999999605,2.102499999999962,-4.61988061983817,-3.4058645015531965,-3.0107959770763273,-3.405856834491942,-4.619866816303727,-6.321669244873817,-6.321651863660236,0.6789903241264879,0.6824801194688325,0.6835296606459401,0.6824801398443489,0.6789903608877308,0.0,0.0,0.0,0.0,0.0,0.0,0.0,0.0,0.0,0.0,off,off,off,off,off
29.099999999999202,0.14549999999999602,2.1170249999999613,-4.614272966559611,-3.3986315929332136,-3.003173692448911,-3.3986239479569917,-4.614259186691413,-6.319309398818518,-6.319292029375447,0.6791929449124017,0.6826882081672584,0.683738859798171,0.6826882284855601,0.679192981613378,0.0,0.0,0.0,0.0,0.0,0.0,0.0,0.0,0.0,0.0,off,off,off,off,off
29.199999999999196,0.145999999999996,2.131599999999961,-4.60864014306992,-3.3913562575327774,-2.995502603530838,-3.3913486343557793,-4.608626386638889,-6.31694069450316,-6.316923336862033,0.6793958159791367,0.6828965932464289,0.683948372245619,0.6828966135082631,0.6793958526204423,0.0,0.0,0.0,0.0,0.0,0.0,0.0,0.0,0.0,0.0,off,off,off,off,off
29.29999999999919,0.14649999999999597,2.1462249999999607,-4.60298223566474,-3.3840386902711543,-2.9877829327577956,-3.3840310886071165,-4.602968502441001,-6.31456308750586,-6.314545741697714,0.6795989192638512,0.6831052563608533,0.6841581795722406,0.6831052765669693,0.6795989558460829,0.0,0.0,0.0,0.0,0.0,0.0,0.0,0.0,0.0,0.0,off,off,off,off,off
29.399999999999185,0.14699999999999594,2.1608999999999603,-4.59729932947414,-3.3766790845533023,-2.9800149014118347,-3.376671504124829,-4.59728561923248,-6.31217653377189,-6.3121591998267945,0.6798022370031335,0.6833141794653035,0.684368263661268,0.6833141996164275,0.6798022735268759,0.0,0.0,0.0,0.0,0.0,0.0,0.0,0.0,0.0,0.0,off,off,off,off,off
29.49999999999918,0.1474999999999959,2.1756249999999597,-4.591591508491035,-3.369277632282035,-2.972198729616082,-3.3692700728162777,-4.591577821008684,-6.309780989608726,-6.309763667556126,0.6800057517291402,0.6835233448109945,0.6845786066914403,0.6835233649078395,0.6800057881949739,0.0,0.0,0.0,0.0,0.0,0.0,0.0,0.0,0.0,0.0,off,off,off,off,off
29.599999999999174,0.14799999999999588,2.1903999999999595,-4.585858855593358,-3.3618345238708116,-2.964334636324679,-3.3618269850961155,-4.5858451906497635,-6.307376411682355,-6.3073591015510715,0.6802094462657863,0.6837327349417948,0.6847891911332713,0.6837327549850724,0.6802094826742838,0.0,0.0,0.0,0.0,0.0,0.0,0.0,0.0,0.0,0.0,off,off,off,off,off
29.699999999999168,0.14849999999999583,2.205224999999959,-4.580101452559063,-3.3543499482539687,-2.9564228393126086,-3.354342429904648,-4.580087809945894,-6.304962757013072,-6.304945458831014,0.680413303724976,0.6839423326904747,0.6849999997453531,0.6839423526808793,0.6804133400766775,0.0,0.0,0.0,0.0,0.0,0.0,0.0,0.0,0.0,0.0,off,off,off,off,off
29.799999999999162,0.1489999999999958,2.2200999999999587,-4.574319380102736,-3.346824092894394,-2.9484635551742713,-3.34681659471147,-4.574305759608478,-6.302539982971496,-6.302522696765891,0.6806173075028155,0.684152121174993,0.6852110155706644,0.684152141113202,0.68061734379827,0.0,0.0,0.0,0.0,0.0,0.0,0.0,0.0,0.0,0.0,off,off,off,off,off
29.899999999999157,0.14949999999999578,2.235024999999958,-4.568512717882982,-3.3392571438012624,-2.9404569993084806,-3.339249665528712,-4.56849911930027,-6.300108047274307,-6.300090773071872,0.6808214412759331,0.6843620837947899,0.685422221932951,0.6843621036814739,0.6808214775156786,0.0,0.0,0.0,0.0,0.0,0.0,0.0,0.0,0.0,0.0,off,off,off,off,off
29.99999999999915,0.14999999999999575,2.249999999999958,-4.5626815445276065,-3.331649285534013,-2.9324033859248857,-3.3316418269208725,-4.56266796765442,-6.297666907980499,-6.2976496458073825,0.6810256889977804,0.6845722042271439,0.6856336024330764,0.684572224062959,0.6810257251823413,0.0,0.0,0.0,0.0,0.0,0.0,0.0,0.0,0.0,0.0,off,off,off,off,off
30.099999999999145,0.15049999999999572,2.2650249999999574,-4.5568259376522064,-3.324000701219177,-2.924302928027828,-3.3239932620159607,-4.556812382290218,-6.295216523487682,-6.295199273369349,0.6812300348949879,0.6847824664235329,0.685845140945466,0.6847824862091314,0.6812300710248785,0.0,0.0,0.0,0.0,0.0,0.0,0.0,0.0,0.0,0.0,off,off,off,off,off
30.19999999999914,0.1509999999999957,2.280099999999957,-4.550945973886087,-3.316311572555378,-2.916155837414749,-3.3163041525183417,-4.550932439837709,-6.292756852528441,-6.292739614489847,0.6814344634637292,0.684992854606051,0.686056821614548,0.6849928743420708,0.6814344995394622,0.0,0.0,0.0,0.0,0.0,0.0,0.0,0.0,0.0,0.0,off,off,off,off,off
30.299999999999134,0.15149999999999567,2.2952249999999563,-4.54504172887988,-3.3085820798314103,-2.907962324670166,-3.3085746787210724,-4.545028215952357,-6.290287854166422,-6.290270628231724,0.681638959466168,0.6852033532638312,0.6862686288512336,0.6852033729508985,0.6816389954882434,0.0,0.0,0.0,0.0,0.0,0.0,0.0,0.0,0.0,0.0,off,off,off,off,off
30.399999999999128,0.15199999999999564,2.310399999999956,-4.539113277333513,-3.3008124019255547,-2.8997225991642495,-3.3008050195062992,-4.539099785336759,-6.287809487792572,-6.28779227398536,0.6818435079268818,0.685413947149543,0.6864805473294169,0.6854139667882747,0.6818435438957923,0.0,0.0,0.0,0.0,0.0,0.0,0.0,0.0,0.0,0.0,off,off,off,off,off
30.499999999999122,0.1524999999999956,2.3256249999999556,-4.533160693010018,-3.2930027163274076,-2.8914368690529955,-3.292995352370042,-4.533147221757986,-6.285321713121846,-6.285304511464915,0.6820480941293579,0.6856246212758672,0.6866925619825107,0.6856246408668621,0.6820481300455851,0.0,0.0,0.0,0.0,0.0,0.0,0.0,0.0,0.0,0.0,off,off,off,off,off
30.599999999999117,0.15299999999999558,2.340899999999955,-4.527184048749859,-3.285153199143167,-2.8831053412631036,-3.2851458534196354,-4.527170598057296,-6.282824490189341,-6.282807300705201,0.6822527036125183,0.6858353609120454,0.6869046580000452,0.6858353804559002,0.6822527394765433,0.0,0.0,0.0,0.0,0.0,0.0,0.0,0.0,0.0,0.0,off,off,off,off,off
30.69999999999911,0.15349999999999556,2.3562249999999545,-4.52118341649998,-3.27726402510325,-2.8747282214981738,-3.2772566973884523,-4.521169986187317,-6.2803177793472855,-6.280300602057707,0.6824573221672393,0.6860461515804563,0.6871168208242507,0.6860461710777596,0.6824573579795268,0.0,0.0,0.0,0.0,0.0,0.0,0.0,0.0,0.0,0.0,off,off,off,off,off
30.799999999999105,0.15399999999999553,2.371599999999954,-4.515158867313801,-3.269335367578094,-2.8663057142366597,-3.269328057655059,-4.515145457202891,-6.2778015412615105,-6.277784376187697,0.6826619358329804,0.6862569790532026,0.6873290361466907,0.6862569985045216,0.6826619715939927,0.0,0.0,0.0,0.0,0.0,0.0,0.0,0.0,0.0,0.0,off,off,off,off,off
30.8999999999991,0.1544999999999955,2.3870249999999538,-4.509110471379131,-3.2613673985902096,-2.857838022724252,-3.261360106241227,-4.509097081293419,-6.275275736907645,-6.275258584070343,0.682866530894372,0.68646782934874,0.6875412899049435,0.6864678487546438,0.6828665666045659,0.0,0.0,0.0,0.0,0.0,0.0,0.0,0.0,0.0,0.0,off,off,off,off,off
30.999999999999094,0.15499999999999547,2.4024999999999532,-4.503038298031015,-3.253360288815543,-2.8493253489756967,-3.253353013824267,-4.503024927800425,-6.272740327568329,-6.272723186987832,0.6830710938778762,0.6866786887285704,0.6877535682792928,0.6866787080896254,0.6830711295376917,0.0,0.0,0.0,0.0,0.0,0.0,0.0,0.0,0.0,0.0,off,off,off,off,off
31.09999999999909,0.15549999999999545,2.4180249999999526,-4.4969424157629305,-3.2453142075976302,-2.8407678937745118,-3.2453069497589127,-4.496929065218524,-6.270195274829973,-6.27017814652595,0.6832756115484837,0.6868895436939306,0.6879658576894537,0.6868895630106729,0.6832756471583581,0.0,0.0,0.0,0.0,0.0,0.0,0.0,0.0,0.0,0.0,off,off,off,off,off
31.199999999999083,0.15599999999999542,2.4335999999999522,-4.490822892249128,-3.237229322959365,-2.832165856672077,-3.2372220820668076,-4.490809561224239,-6.267640540579521,-6.267623424570843,0.6834800709064144,0.6871003809825199,0.6881781447913384,0.6871004002554891,0.6834801064667791,0.0,0.0,0.0,0.0,0.0,0.0,0.0,0.0,0.0,0.0,off,off,off,off,off
31.299999999999077,0.1564999999999954,2.449224999999952,-4.48467979435253,-3.229105801609478,-2.8235194359778006,-3.2290985774607748,-4.484666482681803,-6.265076087000693,-6.265058983306176,0.6836844591838903,0.687311187565279,0.6883904164738714,0.6873112067950037,0.6836844946951737,0.0,0.0,0.0,0.0,0.0,0.0,0.0,0.0,0.0,0.0,off,off,off,off,off
31.39999999999907,0.15699999999999537,2.4648999999999512,-4.4785131881425855,-3.220943808959987,-2.814828828776399,-3.2209366013579483,-4.478499895664015,-6.262501876572003,-6.262484785209608,0.6838887638419117,0.6875219506431656,0.688602659855772,0.6875219698301616,0.6838887993045326,0.0,0.0,0.0,0.0,0.0,0.0,0.0,0.0,0.0,0.0,off,off,off,off,off
31.499999999999066,0.15749999999999534,2.480624999999951,-4.472323138906177,-3.212743509126824,-2.8060942309074903,-3.212736317874942,-4.47230986546424,-6.259917872062715,-6.259900793050235,0.6840929725670891,0.6877326576440141,0.6888148622824654,0.6877326767887949,0.6840930079814487,0.0,0.0,0.0,0.0,0.0,0.0,0.0,0.0,0.0,0.0,off,off,off,off,off
31.59999999999906,0.1579999999999953,2.4963999999999507,-4.466109711164904,-3.2045050649453515,-2.7973158369832163,-3.204497889850984,-4.466096456605953,-6.2573240365305764,-6.2573069698850645,0.6842970732684849,0.6879432962193857,0.6890270113229284,0.6879433153224546,0.684297108634981,0.0,0.0,0.0,0.0,0.0,0.0,0.0,0.0,0.0,0.0,off,off,off,off,off
31.699999999999054,0.15849999999999528,2.51222499999995,-4.45987296868708,-3.1962286379726947,-2.7884938403740307,-3.196221478849111,-4.459859732856387,-6.254720333318687,-6.254703279056628,0.6845010540745088,0.6881538542414827,0.6892390947666491,0.6881538733033283,0.6845010893935412,0.0,0.0,0.0,0.0,0.0,0.0,0.0,0.0,0.0,0.0,off,off,off,off,off
31.79999999999905,0.15899999999999526,2.5280999999999496,-4.453612974497105,-3.1879143885081476,-2.7796284332225127,-3.1879072451680486,-4.453599757248412,-6.2521067260518635,-6.252089684189571,0.6847049033298466,0.6883643198000566,0.6894511006205484,0.688364338821168,0.684704938601792,0.0,0.0,0.0,0.0,0.0,0.0,0.0,0.0,0.0,0.0,off,off,off,off,off
31.899999999999043,0.15949999999999523,2.544024999999949,-4.447329790896447,-3.179562475594821,-2.7707198064367162,-3.179555347857388,-4.447316592080426,-6.249483178635046,-6.249466149188265,0.6849086095923926,0.688574681199387,0.6896630171059855,0.6885747001802363,0.6849086448176378,0.0,0.0,0.0,0.0,0.0,0.0,0.0,0.0,0.0,0.0,off,off,off,off,off
31.999999999999037,0.1599999999999952,2.5599999999999485,-4.441023479463865,-3.1711730570334,-2.761768149692955,-3.171165944719121,-4.441010298934998,-6.246849655249491,-6.246832638233457,0.6851121616302731,0.6887849269552697,0.6898748326557725,0.6887849458963263,0.6851121968091933,0.0,0.0,0.0,0.0,0.0,0.0,0.0,0.0,0.0,0.0,off,off,off,off,off
32.099999999999035,0.16049999999999517,2.5760249999999476,-4.434694101080083,-3.1627462893854954,-2.7527736514380763,-3.16273919231827,-4.434680938695408,-6.244206120350498,-6.2441891157800455,0.6853155484188309,0.6889950457920606,0.690086535911222,0.6889950646937845,0.6853155835517954,0.0,0.0,0.0,0.0,0.0,0.0,0.0,0.0,0.0,0.0,off,off,off,off,off
32.19999999999903,0.16099999999999515,2.592099999999947,-4.428341715925171,-3.1542823279897334,-2.743736498887017,-3.1542752459948247,-4.42832857154167,-6.24155253866428,-6.241535546553905,0.6855187591377206,0.6892050266397197,0.6902981157192392,0.6892050455025679,0.6855187942250986,0.0,0.0,0.0,0.0,0.0,0.0,0.0,0.0,0.0,0.0,off,off,off,off,off
32.299999999999024,0.16149999999999512,2.6082249999999467,-4.421966383502877,-3.1457813269677786,-2.7346568780270104,-3.1457742598763048,-4.42195325698242,-6.238888875186035,-6.238871895549494,0.6857217831679604,0.6894148586309131,0.6905095611294301,0.6894148774553264,0.685721818210108,0.0,0.0,0.0,0.0,0.0,0.0,0.0,0.0,0.0,0.0,off,off,off,off,off
32.39999999999902,0.1619999999999951,2.6243999999999463,-4.415568162644661,-3.13724343923127,-2.72553497362901,-3.1372363868753723,-4.415555053853382,-6.236215095176192,-6.236198128027013,0.6859246100890711,0.6896245310981449,0.690720861391221,0.6896245498845613,0.6859246450863339,0.0,0.0,0.0,0.0,0.0,0.0,0.0,0.0,0.0,0.0,off,off,off,off,off
32.49999999999901,0.16249999999999507,2.640624999999946,-4.4091471115226,-3.1286688164969974,-2.716370969236891,-3.128661778710864,-4.409134020325951,-6.233531164158421,-6.233514209509849,0.686127229676225,0.6898340335708988,0.6909320059510679,0.6898340523197513,0.6861272646289488,0.0,0.0,0.0,0.0,0.0,0.0,0.0,0.0,0.0,0.0,off,off,off,off,off
32.59999999999901,0.16299999999999504,2.656899999999945,-4.402703287662689,-3.120057609290484,-2.7071650471746693,-3.1200505859137024,-4.402690213926746,-6.230837047917419,-6.230820105781959,0.6863296318974209,0.6900433557728421,0.6911429844496552,0.6900433744845506,0.6863296668059521,0.0,0.0,0.0,0.0,0.0,0.0,0.0,0.0,0.0,0.0,off,off,off,off,off
32.699999999999,0.163499999999995,2.673224999999945,-4.39623674794808,-3.111409966959684,-2.6979173885467844,-3.1114029578306486,-4.396223691547561,-6.228132712495551,-6.228115782885595,0.6865318069107258,0.6902524876190377,0.6913537867191367,0.690252506294024,0.6865318417753857,0.0,0.0,0.0,0.0,0.0,0.0,0.0,0.0,0.0,0.0,off,off,off,off,off
32.799999999998995,0.16399999999999498,2.6895999999999445,-4.389747548635796,-3.1027260376765184,-2.688628173249242,-3.102719042639478,-4.389734509440643,-6.225418124190696,-6.225401207118125,0.686733745061502,0.6904614192132132,0.6915644027803848,0.690461437851884,0.686733779882626,0.0,0.0,0.0,0.0,0.0,0.0,0.0,0.0,0.0,0.0,off,off,off,off,off
32.89999999999899,0.16449999999999496,2.706024999999944,-4.383235745364004,-3.0940059684518246,-2.679297579965123,-3.093998987353814,-4.383222723248991,-6.2226932495541405,-6.222676345030436,0.6869354368796983,0.6906701408450335,0.6917748228403118,0.6906701594477872,0.6869354716576095,0.0,0.0,0.0,0.0,0.0,0.0,0.0,0.0,0.0,0.0,off,off,off,off,off
32.999999999998984,0.16499999999999493,2.7224999999999433,-4.376701393162023,-3.0852499051483164,-2.6699257861633896,-3.0852429378342094,-4.376688388004027,-6.219958055387451,-6.2199411634239254,0.6871368730771638,0.6908786429874031,0.6919850372892119,0.6908786615546456,0.6871369078121777,0.0,0.0,0.0,0.0,0.0,0.0,0.0,0.0,0.0,0.0,off,off,off,off,off
33.09999999999898,0.1654999999999949,2.739024999999943,-4.370144546457539,-3.07645799247166,-2.660512968118212,-3.076451038796961,-4.370131558136109,-6.217212508740829,-6.217195629347998,0.6873380445449954,0.6910869162938631,0.692195036698081,0.6910869348259708,0.6873380792374232,0.0,0.0,0.0,0.0,0.0,0.0,0.0,0.0,0.0,0.0,off,off,off,off,off
33.19999999999897,0.16599999999999487,2.7555999999999425,-4.363565259087068,-3.0676303739994637,-2.651059300895554,-3.067623433818369,-4.36355228748215,-6.214456576909868,-6.214439710098247,0.6875389423509161,0.6912949515959136,0.6924048118160547,0.6912949700932672,0.6875389770010653,0.0,0.0,0.0,0.0,0.0,0.0,0.0,0.0,0.0,0.0,off,off,off,off,off
33.29999999999897,0.16649999999999485,2.772224999999942,-4.356963584310051,-3.0587671921838364,-2.641564958371873,-3.058760265347246,-4.356950629305572,-6.211690227433905,-6.211673373213728,0.6877395577366626,0.691502739900441,0.6926143535677897,0.69150275836343,0.6877395923448318,0.0,0.0,0.0,0.0,0.0,0.0,0.0,0.0,0.0,0.0,off,off,off,off,off
33.39999999999896,0.16699999999999482,2.7888999999999413,-4.35033957481096,-3.049868588348602,-2.6320301132204804,-3.04986167471867,-4.350326636289424,-6.208913428093581,-6.208896586474452,0.6879398821154485,0.6917102723871875,0.6928236530509647,0.6917102908161714,0.6879399166819401,0.0,0.0,0.0,0.0,0.0,0.0,0.0,0.0,0.0,0.0,off,off,off,off,off
33.499999999998956,0.1674999999999948,2.805624999999941,-4.343693282703555,-3.0409347027115246,-2.622454936930808,-3.040927802149497,-4.343680360554686,-6.206126146908218,-6.206109317899461,0.6881399070694435,0.6919175404061851,0.6930327015337223,0.691917558801526,0.6881399415945398,0.0,0.0,0.0,0.0,0.0,0.0,0.0,0.0,0.0,0.0,off,off,off,off,off
33.59999999999895,0.16799999999999476,2.8223999999999405,-4.337024759558062,-3.0319656743898804,-2.6128395998065344,-3.031958786757002,-4.337011853667946,-6.2033283521342355,-6.203311535744831,0.6883396243472203,0.6921245354752653,0.6932414904521953,0.6921245538373251,0.6883396588312146,0.0,0.0,0.0,0.0,0.0,0.0,0.0,0.0,0.0,0.0,off,off,off,off,off
33.699999999998944,0.16849999999999474,2.83922499999994,-4.330334056387414,-3.0229616414045495,-2.603184270968768,-3.022954766564567,-4.33032116664549,-6.200520012262132,-6.20050320850072,0.68853902586135,0.6923312492776,0.693450011408055,0.6923312676067341,0.6885390603045255,0.0,0.0,0.0,0.0,0.0,0.0,0.0,0.0,0.0,0.0,off,off,off,off,off
33.79999999999894,0.16899999999999468,2.8560999999999392,-4.323621223668397,-3.0139227406860414,-2.593489118361674,-3.0139158785103746,-4.323608349964957,-6.197701096014839,-6.197684304889833,0.6887381036859237,0.6925376736592698,0.6936582561660765,0.6925376919558128,0.688738138088562,0.0,0.0,0.0,0.0,0.0,0.0,0.0,0.0,0.0,0.0,off,off,off,off,off
33.89999999999893,0.16949999999999465,2.873024999999939,-4.316886311344604,-3.0048491080958684,-2.5837543087595805,-3.0048422584511627,-4.316873453571816,-6.194871572345278,-6.194854793864749,0.6889368500541577,0.6927438006268176,0.6938662166517352,0.692743818891118,0.6889368844165364,0.0,0.0,0.0,0.0,0.0,0.0,0.0,0.0,0.0,0.0,off,off,off,off,off
33.99999999999893,0.16999999999999463,2.8899999999999384,-4.3101293688363285,-2.9957408784196673,-2.573980007766295,-2.995734041179844,-4.3101165268916475,-6.1920314104343674,-6.192014644606104,0.6891352573560106,0.6929496223449125,0.6940738849488488,0.692949640577299,0.6891352916783916,0.0,0.0,0.0,0.0,0.0,0.0,0.0,0.0,0.0,0.0,off,off,off,off,off
34.09999999999892,0.1704999999999946,2.907024999999938,-4.3033504450448845,-2.9865981853835706,-2.564166379816186,-2.986591360418686,-4.303337618824003,-6.189180579689264,-6.189163826520485,0.68933331813584,0.6931551311339743,0.6942812532972457,0.6931551493347863,0.6893333524184901,0.0,0.0,0.0,0.0,0.0,0.0,0.0,0.0,0.0,0.0,off,off,off,off,off
34.199999999998916,0.17099999999999457,2.924099999999937,-4.296549588365735,-2.9774211616598336,-2.554313588200216,-2.977414348850459,-4.296536777771848,-6.186319049740348,-6.186302309238215,0.6895310250900659,0.6933603194678605,0.6944883140903978,0.6933603376374079,0.6895310593332332,0.0,0.0,0.0,0.0,0.0,0.0,0.0,0.0,0.0,0.0,off,off,off,off,off
34.29999999999891,0.17149999999999455,2.9412249999999367,-4.289726846689803,-2.9682099388749634,-2.5444217950397956,-2.9682031380993408,-4.289714051617466,-6.18344679044003,-6.183430062611421,0.6897283710648999,0.6935651799715716,0.6946950598732177,0.6935651981101721,0.6897284052688545,0.0,0.0,0.0,0.0,0.0,0.0,0.0,0.0,0.0,0.0,off,off,off,off,off
34.399999999998904,0.17199999999999452,2.958399999999936,-4.282882267414038,-2.958964647618643,-2.534491161316737,-2.958957858755184,-4.282869487766504,-6.18056377186042,-6.180547056711816,0.6899253490540681,0.6937697054189856,0.6949014833397354,0.6937697235269561,0.6899253832190575,0.0,0.0,0.0,0.0,0.0,0.0,0.0,0.0,0.0,0.0,off,off,off,off,off
34.4999999999989,0.1724999999999945,2.9756249999999356,-4.276015897445916,-2.9496854174513487,-2.5245218468682538,-2.9496786403842634,-4.276003133126494,-6.177669964291454,-6.177653261828937,0.6901219521965886,0.693973888730623,0.6951075773308989,0.6939739068082653,0.6901219863228598,0.0,0.0,0.0,0.0,0.0,0.0,0.0,0.0,0.0,0.0,off,off,off,off,off
34.59999999999889,0.17299999999999446,2.9928999999999353,-4.269127783209058,-2.9403723769119665,-2.51451401038571,-2.9403656115222816,-4.2691150341220805,-6.174765338238615,-6.174748648468039,0.6903181737745653,0.6941777229714414,0.6953133348323907,0.694177741019065,0.6903182078623633,0.0,0.0,0.0,0.0,0.0,0.0,0.0,0.0,0.0,0.0,off,off,off,off,off
34.69999999999889,0.17349999999999444,3.010224999999935,-4.262217970657389,-2.9310256535208055,-2.504467809432242,-2.9310188996985858,-4.2622052367065635,-6.171849864421006,-6.17183318734817,0.6905140072109951,0.6943812013486654,0.6955187489724234,0.6943812193665574,0.6905140412605661,0.0,0.0,0.0,0.0,0.0,0.0,0.0,0.0,0.0,0.0,off,off,off,off,off
34.79999999999888,0.1739999999999944,3.0275999999999343,-4.255286505270874,-2.921645373798185,-2.4943834004412793,-2.9216386314284364,-4.255273786365819,-6.168923513769926,-6.168906849400173,0.6907094460676432,0.6945843172096113,0.69572381301961,0.6945843351980705,0.6907094800792175,0.0,0.0,0.0,0.0,0.0,0.0,0.0,0.0,0.0,0.0,off,off,off,off,off
34.899999999998876,0.17449999999999438,3.0450249999999337,-4.248333432070297,-2.912231663259604,-2.4842609387229118,-2.9122249322337552,-4.248320728122508,-6.165986257426425,-6.165969605764872,0.6909044840429022,0.6947870640395902,0.6959285203808464,0.6947870819988993,0.6909045180167055,0.0,0.0,0.0,0.0,0.0,0.0,0.0,0.0,0.0,0.0,off,off,off,off,off
34.99999999999887,0.17499999999999435,3.062499999999933,-4.2413587956182255,-2.90278464643643,-2.474100578469347,-2.902777926644376,-4.241346106537833,-6.163038066739546,-6.1630214277910795,0.691099114969713,0.694989435459781,0.6961328645992195,0.6949894533902266,0.6910991489059743,0.0,0.0,0.0,0.0,0.0,0.0,0.0,0.0,0.0,0.0,off,off,off,off,off
35.099999999998865,0.17549999999999433,3.0800249999999325,-4.234362640030611,-2.893304446869479,-2.463902472759912,-2.8932977382049216,-4.234349965729848,-6.16007891326467,-6.160062287033838,0.6912933328134789,0.6951914252251957,0.696336839351943,0.6951914431270549,0.6912933667124227,0.0,0.0,0.0,0.0,0.0,0.0,0.0,0.0,0.0,0.0,off,off,off,off,off
35.19999999999886,0.1759999999999943,3.097599999999932,-4.227345008974794,-2.8837911871264623,-2.453666773567761,-2.883784489484867,-4.227332349365042,-6.157108768761418,-6.157092155252485,0.6914871316700534,0.695393027222611,0.6965404384483193,0.6953930450961548,0.6914871655319059,0.0,0.0,0.0,0.0,0.0,0.0,0.0,0.0,0.0,0.0,off,off,off,off,off
35.29999999999885,0.17649999999999427,3.1152249999999313,-4.22030594568173,-2.874244988805799,-2.443393631760557,-2.874238302085587,-4.220293300679998,-6.154127605192173,-6.15411100440906,0.6916805057637051,0.6955942354685595,0.6967436558277396,0.695594253314053,0.6916805395886767,0.0,0.0,0.0,0.0,0.0,0.0,0.0,0.0,0.0,0.0,off,off,off,off,off
35.39999999999885,0.17699999999999425,3.1328999999999305,-4.213245492949113,-2.8646659725465042,-2.4330831971091698,-2.864659296644902,-4.213232862472012,-6.151135394719574,-6.151118806666091,0.6918734494451413,0.6957950441073355,0.6969464855576899,0.695795061925046,0.6918734832334448,0.0,0.0,0.0,0.0,0.0,0.0,0.0,0.0,0.0,0.0,off,off,off,off,off
35.49999999999884,0.17749999999999422,3.15062499999993,-4.206163693150813,-2.8550542580301226,-2.4227356183001234,-2.85504759284845,-4.20615107711302,-6.148132109705614,-6.148115534385397,0.6920659571895359,0.6959954474090433,0.6971489218317758,0.6959954651992274,0.6920659909413884,0.0,0.0,0.0,0.0,0.0,0.0,0.0,0.0,0.0,0.0,off,off,off,off,off
35.599999999998836,0.1779999999999942,3.1683999999999295,-4.199060588231475,-2.8454099639941433,-2.4123510429326416,-2.8454033094355964,-4.199047986555058,-6.145117722709301,-6.145101160125762,0.692258023594626,0.6961954397676441,0.6973509589678087,0.696195457530553,0.6922580573102246,0.0,0.0,0.0,0.0,0.0,0.0,0.0,0.0,0.0,0.0,off,off,off,off,off
35.69999999999883,0.17849999999999416,3.186224999999929,-4.191936219725733,-2.835733208233478,-2.4019296175254112,-2.8357265642036964,-4.1919236323316795,-6.142092206485245,-6.142075656641396,0.6924496433787641,0.6963950156990576,0.6975525914058982,0.696395033434937,0.6924496770583101,0.0,0.0,0.0,0.0,0.0,0.0,0.0,0.0,0.0,0.0,off,off,off,off,off
35.799999999998825,0.17899999999999414,3.2040999999999284,-4.184790628757355,-2.826024107615126,-2.3914714875231198,-2.8260174740165667,-4.184778055564379,-6.1390555339816615,-6.139038996880458,0.6926408113790535,0.6965941698392559,0.6977538137065643,0.6965941875483583,0.6926408450227542,0.0,0.0,0.0,0.0,0.0,0.0,0.0,0.0,0.0,0.0,off,off,off,off,off
35.89999999999882,0.1794999999999941,3.222024999999928,-4.17762385604027,-2.8162827780740827,-2.3809767973014004,-2.81627615481392,-4.17761129697044,-6.13600767833907,-6.135991153982957,0.6928315225495023,0.6967928969424283,0.697954620548881,0.6967929146249964,0.6928315561575552,0.0,0.0,0.0,0.0,0.0,0.0,0.0,0.0,0.0,0.0,off,off,off,off,off
35.99999999999881,0.17999999999999408,3.2399999999999274,-4.170435941888627,-2.8065093346332333,-2.3704456901780304,-2.8065027216163116,-4.170423396866397,-6.132948612888072,-6.13293210127955,0.6930217719591745,0.6969911918791156,0.6981550067286297,0.6969912095353966,0.6930218055317712,0.0,0.0,0.0,0.0,0.0,0.0,0.0,0.0,0.0,0.0,off,off,off,off,off
36.09999999999881,0.18049999999999405,3.2580249999999267,-4.163226926220204,-2.796703891400398,-2.359878308407758,-2.7966972885398036,-4.163214395173043,-6.129878311148104,-6.129861812289221,0.6932115547903901,0.6971890496344183,0.6983549671565196,0.6971890672646371,0.6932115883277138,0.0,0.0,0.0,0.0,0.0,0.0,0.0,0.0,0.0,0.0,off,off,off,off,off
36.1999999999988,0.18099999999999403,3.2760999999999263,-4.155996848566076,-2.7868665615791315,-2.349274793199811,-2.7868599687870983,-4.15598433141804,-6.126796746825505,-6.126780260718419,0.6934008663369238,0.6973864653062001,0.6985544968563698,0.6973864829105849,0.693400899839168,0.0,0.0,0.0,0.0,0.0,0.0,0.0,0.0,0.0,0.0,off,off,off,off,off
36.299999999998796,0.18149999999999397,3.294224999999926,-4.1487457480643,-2.7769974574747494,-2.338635284724262,-2.7769908746665806,-4.148733244746211,-6.123703893812433,-6.123687420458793,0.6935897020022813,0.6975834341033272,0.6987535909633468,0.6975834516820968,0.6935897354696197,0.0,0.0,0.0,0.0,0.0,0.0,0.0,0.0,0.0,0.0,off,off,off,off,off
36.39999999999879,0.18199999999999394,3.312399999999925,-4.141473663479303,-2.7670966905089927,-2.327959922097307,-2.7670901175956146,-4.1414611739153315,-6.120599726184537,-6.120583265585992,0.6937780572979195,0.6977799513439052,0.6989522447222842,0.6977799688972918,0.6937780907305451,0.0,0.0,0.0,0.0,0.0,0.0,0.0,0.0,0.0,0.0,off,off,off,off,off
36.499999999998785,0.18249999999999392,3.3306249999999245,-4.134180633190624,-2.7571643712120704,-2.317248843413097,-2.7571578081072516,-4.134168157312047,-6.1174842182000475,-6.117467770358019,0.6939659278415815,0.6979760124536036,0.699150453485898,0.697976029981831,0.6939659612396676,0.0,0.0,0.0,0.0,0.0,0.0,0.0,0.0,0.0,0.0,off,off,off,off,off
36.59999999999878,0.1829999999999939,3.3488999999999236,-4.126866695209287,-2.7472006092344827,-2.3065021857369175,-2.7471940558594383,-4.126854232945448,-6.114357344297616,-6.114340909213354,0.694153309355574,0.6981716129639487,0.6993482127131299,0.6981716304672213,0.6941533427193003,0.0,0.0,0.0,0.0,0.0,0.0,0.0,0.0,0.0,0.0,off,off,off,off,off
36.699999999998774,0.18349999999999386,3.367224999999923,-4.119531887176322,-2.7372055133661206,-2.29572008511434,-2.7371989696372907,-4.119519438459861,-6.111219079095179,-6.111202656769592,0.6943401976651205,0.6983667485106198,0.6995455179674707,0.6983667659891539,0.694340230994656,0.0,0.0,0.0,0.0,0.0,0.0,0.0,0.0,0.0,0.0,off,off,off,off,off
36.79999999999877,0.18399999999999384,3.3855999999999224,-4.112176246371121,-2.727179191525181,-2.284902676571903,-2.72717265735929,-4.112163811131893,-6.108069397388249,-6.108052987822134,0.6945265886967074,0.6985614148318494,0.6997423649153299,0.6985614322858612,0.6945266219922297,0.0,0.0,0.0,0.0,0.0,0.0,0.0,0.0,0.0,0.0,off,off,off,off,off
36.89999999999876,0.1844999999999938,3.4040249999999217,-4.104799809711665,-2.717121750774595,-2.2740500941310415,-2.7171152260957,-4.104787387883505,-6.104908274148272,-6.104891877342482,0.6947124784764761,0.698755607766773,0.6999387493243915,0.6987556251964591,0.694712511738152,0.0,0.0,0.0,0.0,0.0,0.0,0.0,0.0,0.0,0.0,off,off,off,off,off
36.99999999999876,0.18499999999999378,3.4224999999999213,-4.097402613758447,-2.707033297326575,-2.263162470805696,-2.7070267820571985,-4.097390205278714,-6.1017356845216,-6.101719300476418,0.6948978631286269,0.6989493232538322,0.7001346670620384,0.6989493406593936,0.6948978963566146,0.0,0.0,0.0,0.0,0.0,0.0,0.0,0.0,0.0,0.0,off,off,off,off,off
37.09999999999875,0.18549999999999375,3.4410249999999207,-4.089984694725274,-2.6969139365479577,-2.2522399386153324,-2.69690743061534,-4.089972299526096,-6.098551603827559,-6.0985352325430995,0.6950827388738298,0.6991425573291976,0.7003301140937493,0.6991425747108223,0.6950827720683006,0.0,0.0,0.0,0.0,0.0,0.0,0.0,0.0,0.0,0.0,off,off,off,off,off
37.199999999998745,0.18599999999999373,3.45959999999992,-4.0825460884768745,-2.6867637729750413,-2.241282628588408,-2.6867572762982377,-4.082533706496861,-6.095356007556916,-6.095339649033235,0.6952671020276843,0.6993353061251896,0.7005250864815569,0.6993353234830878,0.6952671351887926,0.0,0.0,0.0,0.0,0.0,0.0,0.0,0.0,0.0,0.0,off,off,off,off,off
37.29999999999874,0.1864999999999937,3.4782249999999193,-4.075086830533394,-2.6765829103041483,-2.23029067076709,-2.676576422808864,-4.0750744617086525,-6.092148871370682,-6.092132525607724,0.6954509489991914,0.6995275658687822,0.700719580382509,0.6995275832031462,0.6954509821270974,0.0,0.0,0.0,0.0,0.0,0.0,0.0,0.0,0.0,0.0,off,off,off,off,off
37.399999999998734,0.18699999999999367,3.496899999999919,-4.067606956076759,-2.666371451408395,-2.2192641942152704,-2.666364973020393,-4.06759460034948,-6.088930171098639,-6.088913838096062,0.6956342762892366,0.6997193328800627,0.7009135920471558,0.6997193501910854,0.6956343093840854,0.0,0.0,0.0,0.0,0.0,0.0,0.0,0.0,0.0,0.0,off,off,off,off,off
37.49999999999873,0.18749999999999364,3.5156249999999183,-4.0601064999550545,-2.656129498340249,-2.2082033270220336,-2.6561230289921127,-4.06009415726345,-6.085699882737913,-6.085683562495319,0.6958170804891021,0.6999106035707475,0.7011071178180585,0.6999106208586026,0.6958171135510489,0.0,0.0,0.0,0.0,0.0,0.0,0.0,0.0,0.0,0.0,off,off,off,off,off
37.59999999999872,0.18799999999999362,3.5343999999999176,-4.052585496679626,-2.645857152346082,-2.197108196311433,-2.6458506919647675,-4.052573166964294,-6.082457982451444,-6.082441674968095,0.695999358279015,0.7001013744426868,0.701300154128313,0.7001013917075634,0.6959993913082098,0.0,0.0,0.0,0.0,0.0,0.0,0.0,0.0,0.0,0.0,off,off,off,off,off
37.69999999999872,0.1884999999999936,3.553224999999917,-4.045043980439289,-2.6355545138599723,-2.185978928243401,-2.6355480623781204,-4.045031663640145,-6.079204446566507,-6.079188151841777,0.696181106426677,0.7002916420864453,0.701492697500108,0.7002916593285172,0.6961811394232703,0.0,0.0,0.0,0.0,0.0,0.0,0.0,0.0,0.0,0.0,off,off,off,off,off
37.79999999999871,0.18899999999999356,3.5720999999999163,-4.037481985095326,-2.625221682517349,-2.17481564802182,-2.6252152398678277,-4.0374696811525155,-6.075939251573743,-6.075922969606495,0.6963623217858593,0.7004814031798526,0.701684744543291,0.7004814203992935,0.6963623547500009,0.0,0.0,0.0,0.0,0.0,0.0,0.0,0.0,0.0,0.0,off,off,off,off,off
37.899999999998705,0.18949999999999353,3.5910249999999158,-4.029899544185525,-2.61485875716113,-2.1636184799057787,-2.614852323276182,-4.029887253045672,-6.072662374125343,-6.072646104914611,0.6965430012949976,0.7006706544865908,0.7018762919539444,0.7006706716835754,0.6965430342268215,0.0,0.0,0.0,0.0,0.0,0.0,0.0,0.0,0.0,0.0,off,off,off,off,off
37.9999999999987,0.1899999999999935,3.609999999999915,-4.022296690936116,-2.604465835847293,-2.1523875472098553,-2.604459410660013,-4.022284412543684,-6.0693737910340815,-6.069357534578501,0.6967231419757851,0.7008593928548054,0.7020673365130066,0.7008594100295072,0.6967231748754291,0.0,0.0,0.0,0.0,0.0,0.0,0.0,0.0,0.0,0.0,off,off,off,off,off
38.099999999998694,0.19049999999999348,3.6290249999999142,-4.014673458255231,-2.594043015845216,-2.141122972305425,-2.5940365992904617,-4.014661192552865,-6.066073479271381,-6.0660572355696445,0.6969027409318328,0.7010476152157485,0.7022578750849185,0.701047632368336,0.696902773799442,0.0,0.0,0.0,0.0,0.0,0.0,0.0,0.0,0.0,0.0,off,off,off,off,off
38.19999999999869,0.19099999999999345,3.6480999999999137,-4.007029878740809,-2.5835903936516047,-2.129824876639873,-2.5835839856669054,-4.007017625676042,-6.062761415966918,-6.06274518501732,0.6970817953473132,0.7012353185824073,0.7024479046162337,0.7012353357130414,0.6970818281830169,0.0,0.0,0.0,0.0,0.0,0.0,0.0,0.0,0.0,0.0,off,off,off,off,off
38.29999999999868,0.19149999999999343,3.667224999999913,-3.9993659846858804,-2.5731080649907767,-2.11849338072858,-2.5731016655165035,-3.999353744202949,-6.059437578406346,-6.059421360207239,0.6972603024856275,0.7014225000481857,0.7026374221343233,0.7014225171570194,0.6972603352895663,0.0,0.0,0.0,0.0,0.0,0.0,0.0,0.0,0.0,0.0,off,off,off,off,off
38.39999999999868,0.1919999999999934,3.6863999999999124,-3.9916818080791927,-2.562596124825916,-2.107128604177319,-2.5625897337986885,-3.991669580124153,-6.056101944030502,-6.056085738580123,0.6974382596881075,0.7016091567855752,0.7028264247460208,0.7016091738727731,0.6974382924604158,0.0,0.0,0.0,0.0,0.0,0.0,0.0,0.0,0.0,0.0,off,off,off,off,off
38.49999999999867,0.19249999999999337,3.7056249999999116,-3.9839773806034486,-2.5520546673606077,-2.0957306656668493,-2.5520482847178414,-3.983965165126108,-6.052754490433983,-6.052738297730173,0.6976156643727391,0.7017952860448767,0.7030149096363828,0.7017953031105995,0.697615697113542,0.0,0.0,0.0,0.0,0.0,0.0,0.0,0.0,0.0,0.0,off,off,off,off,off
38.599999999998666,0.19299999999999334,3.724899999999911,-3.976252733649744,-2.541483786047081,-2.084299682975711,-2.5414774117297725,-3.9762405305992274,-6.04939519536407,-6.049379015404725,0.6977925140328649,0.7019808851529126,0.703202874067371,0.7019809021973131,0.697792546742289,0.0,0.0,0.0,0.0,0.0,0.0,0.0,0.0,0.0,0.0,off,off,off,off,off
38.69999999999866,0.19349999999999332,3.7442249999999104,-3.968507898311998,-2.5308835735879143,-2.0728357729811364,-2.530877207534786,-3.968495707638567,-6.046024036719018,-6.046007869502091,0.6979688062359551,0.7021659515117846,0.7033903153766045,0.7021659685350219,0.6979688389141239,0.0,0.0,0.0,0.0,0.0,0.0,0.0,0.0,0.0,0.0,off,off,off,off,off
38.799999999998654,0.1939999999999933,3.7635999999999097,-3.960742905392806,-2.5202541219446744,-2.0613390516643335,-2.520247764098883,-3.960730727046723,-6.04264099254749,-6.042624838070481,0.6981445386223665,0.7023504825976267,0.7035772309761237,0.7023504995998459,0.6981445712694034,0.0,0.0,0.0,0.0,0.0,0.0,0.0,0.0,0.0,0.0,off,off,off,off,off
38.89999999999865,0.19449999999999323,3.783024999999909,-3.9529577854078184,-2.509595522345819,-2.0498096341103746,-2.509589172651772,-3.95294561933963,-6.039246041046624,-6.039229899306974,0.6983197089041254,0.7025344759593735,0.7037636183511855,0.7025344929407178,0.6983197415201535,0.0,0.0,0.0,0.0,0.0,0.0,0.0,0.0,0.0,0.0,off,off,off,off,off
38.99999999999864,0.1949999999999932,3.8024999999999083,-3.94515256858665,-2.4989078652878334,-2.038247634530933,-2.4989015236899377,-3.9451404147489484,-6.035839160561125,-6.035823031556106,0.6984943148637374,0.7027179292175748,0.7039494750590155,0.7027179461781875,0.6984943474488743,0.0,0.0,0.0,0.0,0.0,0.0,0.0,0.0,0.0,0.0,off,off,off,off,off
39.09999999999864,0.19549999999999318,3.8220249999999076,-3.937327284877256,-2.488191240543415,-2.026653166251947,-2.488184906986646,-3.9373151432223494,-6.032420329581896,-6.032404213308951,0.6986683543530012,0.7029008400631995,0.7041347987276676,0.7029008570032216,0.6986683869073644,0.0,0.0,0.0,0.0,0.0,0.0,0.0,0.0,0.0,0.0,off,off,off,off,off
39.19999999999863,0.19599999999999315,3.841599999999907,-3.929481963944909,-2.477445737169205,-2.0150263417293672,-2.4774394116008693,-3.9294698344260723,-6.028989526745306,-6.028973423201421,0.6988418252918591,0.7030832062564616,0.7043195870548287,0.7030832231760288,0.6988418578155655,0.0,0.0,0.0,0.0,0.0,0.0,0.0,0.0,0.0,0.0,off,off,off,off,off
39.299999999998626,0.19649999999999312,3.8612249999999064,-3.921616635180385,-2.4666714435072663,-2.0033672725498377,-2.466665125870861,-3.9216045177515184,-6.025546730831252,-6.025530640013528,0.6990147256672372,0.7032650256256802,0.7045038378066841,0.7032650425249383,0.6990147581604003,0.0,0.0,0.0,0.0,0.0,0.0,0.0,0.0,0.0,0.0,off,off,off,off,off
39.39999999999862,0.1969999999999931,3.880899999999906,-3.913731327702976,-2.4558684471886068,-1.9916760694453615,-2.4558621374321206,-3.9137192223153647,-6.022091920762875,-6.022075842667903,0.6991870535319172,0.7034462960661501,0.7046875488167548,0.7034463129452329,0.6991870859946584,0.0,0.0,0.0,0.0,0.0,0.0,0.0,0.0,0.0,0.0,off,off,off,off,off
39.499999999998614,0.19749999999999307,3.900624999999905,-3.9058260703574206,-2.44503683514489,-1.9799528422855701,-2.44503053321921,-3.9058139769674654,-6.018625075604291,-6.018609010228886,0.6993588070034399,0.703627015539008,0.7048707179848167,0.703627032398041,0.6993588394358666,0.0,0.0,0.0,0.0,0.0,0.0,0.0,0.0,0.0,0.0,off,off,off,off,off
39.59999999999861,0.19799999999999304,3.9203999999999044,-3.8979008917205533,-2.4341766936113345,-1.9681977000955726,-2.434170399464108,-3.8978888102839733,-6.015146174560414,-6.0151301219012225,0.6995299842630004,0.7038071820701357,0.705053343275767,0.7038071989092539,0.699530016665222,0.0,0.0,0.0,0.0,0.0,0.0,0.0,0.0,0.0,0.0,off,off,off,off,off
39.6999999999986,0.19849999999999302,3.9402249999999035,-3.889955820104092,-2.423288108131885,-1.9564107510529425,-2.4232818217135446,-3.889943750576265,-6.011655196975312,-6.01163915702881,0.699700583554369,0.703986793749078,0.7052354227185589,0.7039868105684082,0.6997006159264961,0.0,0.0,0.0,0.0,0.0,0.0,0.0,0.0,0.0,0.0,off,off,off,off,off
39.7999999999986,0.198999999999993,3.960099999999903,-3.881990883555318,-2.412371163562227,-1.9445921025038615,-2.4123648848212156,-3.88197882589202,-6.0081521223311825,-6.008136095093846,0.6998706031828342,0.7041658487279777,0.7054169544051079,0.7041658655276527,0.699870635524975,0.0,0.0,0.0,0.0,0.0,0.0,0.0,0.0,0.0,0.0,off,off,off,off,off
39.89999999999859,0.19949999999999296,3.9800249999999022,-3.874006109862137,-2.401425944078312,-1.9327418609536267,-2.4014196729651758,-3.8739940640216446,-6.004636930246988,-6.004620915715236,0.7000400415141488,0.7043443452205155,0.7055979364892753,0.7043443620006624,0.7000400738264063,0.0,0.0,0.0,0.0,0.0,0.0,0.0,0.0,0.0,0.0,off,off,off,off,off
39.999999999998586,0.19999999999999293,3.9999999999999014,-3.8660015265531342,-2.390452533177836,-1.9208601320908656,-2.3904462696462474,-3.865989492494691,-6.00110960047806,-6.001093598648026,0.7002088969735064,0.7045222815008815,0.7057783671857808,0.7045222982616188,0.7002089292559804,0.0,0.0,0.0,0.0,0.0,0.0,0.0,0.0,0.0,0.0,off,off,off,off,off
40.09999999999858,0.2004999999999929,4.0200249999999,-3.8579771609047384,-2.3794510136887084,-1.9089470207749741,-2.3794447576925677,-3.857965138588952,-5.997570112914104,-5.997554123781754,0.7003771680445119,0.7046996559027441,0.7059582447692296,0.70469967264419,0.7003772002972991,0.0,0.0,0.0,0.0,0.0,0.0,0.0,0.0,0.0,0.0,off,off,off,off,off
40.199999999998575,0.20099999999999288,4.0400999999999,-3.84993303993906,-2.368421467776159,-1.8970026310531125,-2.368415219269991,-3.8499210293227293,-5.994018447578469,-5.994002471139936,0.7005448532681964,0.7048764668182391,0.7061375675730723,0.7048764835405097,0.7005448854914029,0.0,0.0,0.0,0.0,0.0,0.0,0.0,0.0,0.0,0.0,off,off,off,off,off
40.29999999999857,0.20149999999999285,4.060224999999899,-3.8418691904250863,-2.3573639769418264,-1.8850270661673676,-2.3573577358801003,-3.841857191469387,-5.990454584627571,-5.990438620878592,0.7007119512420317,0.7050527126969937,0.7063163339886085,0.7050527294002058,0.700711983435753,0.0,0.0,0.0,0.0,0.0,0.0,0.0,0.0,0.0,0.0,off,off,off,off,off
40.39999999999856,0.20199999999999282,4.080399999999899,-3.833785638887832,-2.3462786220327416,-1.8730204285473633,-2.3462723883731087,-3.833773651553031,-5.986878504348795,-5.986862553285164,0.7008784606189449,0.7052283920451377,0.7064945424640444,0.705228408729399,0.7008784927832782,0.0,0.0,0.0,0.0,0.0,0.0,0.0,0.0,0.0,0.0,off,off,off,off,off
40.49999999999856,0.2024999999999928,4.100624999999897,-3.8256824116034522,-2.335165483248659,-1.8609828198327136,-2.335159256940642,-3.8256704358479965,-5.983290187160094,-5.983274248777491,0.7010443801063793,0.7054035034243371,0.7066721915034824,0.7054035200897779,0.7010444122414272,0.0,0.0,0.0,0.0,0.0,0.0,0.0,0.0,0.0,0.0,off,off,off,off,off
40.59999999999855,0.20299999999999277,4.120899999999897,-3.817559534600889,-2.3240246401376794,-1.8489143408647237,-2.3240184211404653,-3.817547570391298,-5.979689613608855,-5.9796736879029595,0.7012097084653597,0.70557804545087,0.7068492796660115,0.7055780620975947,0.7012097405712017,0.0,0.0,0.0,0.0,0.0,0.0,0.0,0.0,0.0,0.0,off,off,off,off,off
40.699999999998546,0.20349999999999274,4.141224999999896,-3.809417033679324,-2.31285617161069,-1.836815091701908,-2.3128499598836925,-3.8094050809767737,-5.976076764370987,-5.976060851337195,0.7013744445095174,0.7057520167946696,0.7070258055647425,0.705752033422781,0.7013744765862492,0.0,0.0,0.0,0.0,0.0,0.0,0.0,0.0,0.0,0.0,off,off,off,off,off
40.79999999999854,0.20399999999999271,4.161599999999895,-3.8012549343918067,-2.301660155946877,-1.824685171613453,-2.301653951445928,-3.801242993156734,-5.972451620249387,-5.972435719882924,0.701538587104233,0.7059254161784001,0.7072017678659229,0.7059254327880111,0.7015386191519516,0.0,0.0,0.0,0.0,0.0,0.0,0.0,0.0,0.0,0.0,off,off,off,off,off
40.899999999998535,0.2044999999999927,4.182024999999895,-3.7930732620546905,-2.2904366707893473,-1.8125246790991696,-2.290430473470906,-3.793061332249863,-5.968814162173203,-5.968798274469748,0.7017021351657164,0.7060982423765778,0.7073771652879891,0.7060982589678003,0.7017021671845127,0.0,0.0,0.0,0.0,0.0,0.0,0.0,0.0,0.0,0.0,off,off,off,off,off
40.99999999999853,0.20499999999999266,4.202499999999894,-3.784872041750475,-2.2791857931546247,-1.8003337118842637,-2.279179602979184,-3.7848601233414456,-5.9651643711970905,-5.965148496151869,0.70186508766012,0.7062704942146684,0.7075519966007033,0.7062705107876034,0.7018651196500774,0.0,0.0,0.0,0.0,0.0,0.0,0.0,0.0,0.0,0.0,off,off,off,off,off
41.09999999999852,0.20549999999999263,4.223024999999893,-3.776651298329739,-2.2679075994389564,-1.7881123669296812,-2.267901416368886,-3.7766393912809804,-5.961502228499967,-5.961486366107977,0.7020274436026652,0.7064421705682012,0.7077262606242584,0.7064421871229436,0.7020274755638704,0.0,0.0,0.0,0.0,0.0,0.0,0.0,0.0,0.0,0.0,off,off,off,off,off
41.19999999999852,0.2059999999999926,4.243599999999892,-3.768411056414891,-2.2566021654266137,-1.7758607404367126,-2.2565959894214984,-3.7683991606904215,-5.957827715383814,-5.95781186564011,0.7021892020567843,0.7066132703618979,0.7078999562284156,0.7066132868985513,0.7021892339893236,0.0,0.0,0.0,0.0,0.0,0.0,0.0,0.0,0.0,0.0,off,off,off,off,off
41.29999999999851,0.20649999999999258,4.264224999999892,-3.760151340400455,-2.2452695662879023,-1.763578927850972,-2.2452633973087472,-3.760139455965998,-5.954140813273,-5.954124976172352,0.702350362133274,0.7067837925688357,0.7080730823316549,0.7067838090874994,0.7023503940372312,0.0,0.0,0.0,0.0,0.0,0.0,0.0,0.0,0.0,0.0,off,off,off,off,off
41.399999999998506,0.20699999999999252,4.284899999999891,-3.7518721744513073,-2.233909876584164,-1.7512670238677401,-2.2339037145906673,-3.751860301273723,-5.950441503712739,-5.950425679250088,0.7025109229894776,0.7069537362096119,0.7082456379003331,0.7069537527103882,0.7025109548649329,0.0,0.0,0.0,0.0,0.0,0.0,0.0,0.0,0.0,0.0,off,off,off,off,off
41.4999999999985,0.2074999999999925,4.305624999999891,-3.7435735825155803,-2.222523170273007,-1.7389251224427085,-2.2225170152287888,-3.743561720558091,-5.9467297683688685,-5.946713956539156,0.7026708838284361,0.7071231003515102,0.7084176219478434,0.7071231168344924,0.7026709156754791,0.0,0.0,0.0,0.0,0.0,0.0,0.0,0.0,0.0,0.0,off,off,off,off,off
41.599999999998495,0.20799999999999247,4.3263999999998894,-3.7352555883126684,-2.21110952072263,-1.7265533167858393,-2.2111033725905713,-3.7352437375429304,-5.943005589026541,-5.942989789824594,0.7028302438981161,0.707291884107669,0.7085890335338313,0.7072919005729511,0.7028302757168245,0.0,0.0,0.0,0.0,0.0,0.0,0.0,0.0,0.0,0.0,off,off,off,off,off
41.69999999999849,0.20849999999999244,4.34722499999989,-3.7269182153480074,-2.1996690006963604,-1.7141516993758614,-2.1996628594451977,-3.7269063757286744,-5.939268947589255,-5.939253161009674,0.7029890024905834,0.7074600866363281,0.7087598717633664,0.7074601030839882,0.7029890342810491,0.0,0.0,0.0,0.0,0.0,0.0,0.0,0.0,0.0,0.0,off,off,off,off,off
41.799999999998484,0.20899999999999241,4.368099999999888,-3.7185614869036954,-2.1882016823810773,-1.7017203619666361,-2.1881955479715884,-3.718549658409131,-5.93551982607778,-5.93550405211505,0.703147158941251,0.7076277071399786,0.7089301357861478,0.7076277235701175,0.7031471907035332,0.0,0.0,0.0,0.0,0.0,0.0,0.0,0.0,0.0,0.0,off,off,off,off,off
41.89999999999848,0.2094999999999924,4.389024999999888,-3.7101854260507707,-2.176707637367997,-1.689259395585566,-2.176701509767895,-3.7101736086495976,-5.9317582066295245,-5.931742445278189,0.7033047126280797,0.7077947448646504,0.7090998247957495,0.7077947612773501,0.7033047443622534,0.0,0.0,0.0,0.0,0.0,0.0,0.0,0.0,0.0,0.0,off,off,off,off,off
41.99999999999847,0.20999999999999236,4.4099999999998865,-3.701790055650463,-2.1651869366797314,-1.6767688905441105,-2.165180815848828,-3.701778249307381,-5.927984071497349,-5.927968322751838,0.7034616629708221,0.7079611990990862,0.7092689380288322,0.7079612154944489,0.7034616946769743,0.0,0.0,0.0,0.0,0.0,0.0,0.0,0.0,0.0,0.0,off,off,off,off,off
42.09999999999847,0.21049999999999233,4.431024999999886,-3.6933753983452675,-2.1536396507540303,-1.6642489364359108,-2.153633536662369,-3.693363603028331,-5.924197403048538,-5.92418166690328,0.7036180094303075,0.7081270691740449,0.7094374747644154,0.7081270855521459,0.7036180411085147,0.0,0.0,0.0,0.0,0.0,0.0,0.0,0.0,0.0,0.0,off,off,off,off,off
42.19999999999846,0.2109999999999923,4.452099999999885,-3.6849414765690085,-2.142065849463563,-1.651699622151682,-2.1420597420756167,-3.6849296922513304,-5.920398183764462,-5.920382460213716,0.7037737515076817,0.7082923544615193,0.7096054343231036,0.708292370822449,0.7037737831580066,0.0,0.0,0.0,0.0,0.0,0.0,0.0,0.0,0.0,0.0,off,off,off,off,off
42.299999999998455,0.21149999999999228,4.473224999999885,-3.676488312550873,-2.130465602113702,-1.6391210358767125,-2.130459501394398,-3.6764765391982905,-5.916586396238927,-5.916570685276838,0.7039288887436795,0.7084570543740232,0.709772816066377,0.7084570707178703,0.703928920366207,0.0,0.0,0.0,0.0,0.0,0.0,0.0,0.0,0.0,0.0,off,off,off,off,off
42.39999999999845,0.21199999999999225,4.494399999999883,-3.6680159283135936,-2.1188389774488883,-1.6265132650997884,-2.1188328833652577,-3.6680041658938194,-5.912762023177777,-5.912746324798604,0.7040834207179231,0.7086211683638692,0.7099396193958611,0.708621184690718,0.7040834523127301,0.0,0.0,0.0,0.0,0.0,0.0,0.0,0.0,0.0,0.0,off,off,off,off,off
42.499999999998444,0.21249999999999222,4.515624999999883,-3.6595243456687285,-2.1071860436521206,-1.6138763966195597,-2.107179956171308,-3.6595125941554443,-5.908925047397702,-5.90890936159559,0.7042373470482368,0.708784695922474,0.7101058437526133,0.708784712232407,0.7042373786153845,0.0,0.0,0.0,0.0,0.0,0.0,0.0,0.0,0.0,0.0,off,off,off,off,off
42.59999999999844,0.2129999999999922,4.536899999999882,-3.651013586234569,-2.0955068683531977,-1.6012105165411867,-2.095500787446383,-3.6510018455987847,-5.905075451825667,-5.905059778594534,0.7043906673899143,0.7089476365796513,0.7102714886164492,0.708947652872741,0.7043906989294726,0.0,0.0,0.0,0.0,0.0,0.0,0.0,0.0,0.0,0.0,off,off,off,off,off
42.69999999999843,0.21349999999999217,4.558224999999881,-3.6424836714264757,-2.0838015186395182,-1.5885157102948142,-2.0837954442713453,-3.642471941637268,-5.901213219497777,-5.901197558831427,0.7045433814350703,0.7091099899029079,0.7104365535052183,0.7091100061792445,0.7045434129471136,0.0,0.0,0.0,0.0,0.0,0.0,0.0,0.0,0.0,0.0,off,off,off,off,off
42.79999999999843,0.21399999999999214,4.57959999999988,-3.6339346224597193,-2.0720700610425524,-1.5757920626252826,-2.0720639931867026,-3.633922903489463,-5.897338333558366,-5.897322685450774,0.7046954889119695,0.7092717554968193,0.7106010379741684,0.709271771756469,0.7046955203965632,0.0,0.0,0.0,0.0,0.0,0.0,0.0,0.0,0.0,0.0,off,off,off,off,off
42.89999999999842,0.2144999999999921,4.601024999999879,-3.6253664603520406,-2.060312561562057,-1.5630396576086127,-2.0603065001865275,-3.6253547521722,-5.893450777259318,-5.893435141704288,0.7048469895843656,0.7094329330023096,0.7107649416152478,0.7094329492453527,0.7048470210415773,0.0,0.0,0.0,0.0,0.0,0.0,0.0,0.0,0.0,0.0,off,off,off,off,off
42.999999999998415,0.2149999999999921,4.622499999999879,-3.61677920592399,-2.0485290856551046,-1.550258578649732,-2.0485230307309052,-3.6167675085093265,-5.889550533959152,-5.889534910950545,0.7049978832508575,0.7095935220960401,0.710928264056473,0.709593538322549,0.7049979146807465,0.0,0.0,0.0,0.0,0.0,0.0,0.0,0.0,0.0,0.0,off,off,off,off,off
43.09999999999841,0.21549999999999206,4.6440249999998775,-3.608172879809956,-2.036719698250579,-1.5374489084954917,-2.0367136497469573,-3.6081611931321618,-5.885637587122176,-5.885621976653567,0.7051481697442263,0.7097535224897346,0.7110910049612559,0.7097535386997879,0.7051482011468605,0.0,0.0,0.0,0.0,0.0,0.0,0.0,0.0,0.0,0.0,off,off,off,off,off
43.199999999998404,0.21599999999999203,4.665599999999878,-3.5995475024445795,-2.02488446374565,-1.524610729229778,-2.0248784216356057,-3.59953582647546,-5.881711920317684,-5.881696322382879,0.7052978489308498,0.709912933929571,0.7112531640277981,0.7099129501232363,0.7052978803062963,0.0,0.0,0.0,0.0,0.0,0.0,0.0,0.0,0.0,0.0,off,off,off,off,off
43.2999999999984,0.216499999999992,4.687224999999876,-3.5909030940777598,-2.0130234460172005,-1.5117441222859611,-2.013017410271118,-3.5908914287888365,-5.877773517218998,-5.877757931811516,0.7054469207100482,0.7100717561955353,0.7114147409884464,0.7100717723728871,0.7054469520583745,0.0,0.0,0.0,0.0,0.0,0.0,0.0,0.0,0.0,0.0,off,off,off,off,off
43.39999999999839,0.21699999999999198,4.708899999999876,-3.5822396747658445,-2.001136708413185,-1.4988491684454743,-2.001130679004916,-3.5822280201323338,-5.873822361602606,-5.873806788716081,0.7055953850135036,0.7102299891008429,0.7115757356090894,0.710230005261946,0.7055954163347683,0.0,0.0,0.0,0.0,0.0,0.0,0.0,0.0,0.0,0.0,off,off,off,off,off
43.49999999999839,0.21749999999999195,4.730624999999875,-3.5735572643799856,-1.989224313773093,-1.4859259478476474,-1.9892182906748985,-3.573545620374034,-5.869858437347659,-5.869842876975497,0.7057432418046468,0.7103876324912891,0.7117361476885427,0.7103876486362141,0.7057432730989158,0.0,0.0,0.0,0.0,0.0,0.0,0.0,0.0,0.0,0.0,off,off,off,off,off
43.59999999999838,0.21799999999999192,4.7523999999998745,-3.564855882607219,-1.9772863244229484,-1.4729745399935155,-1.9772803076043601,-3.5648442492068853,-5.865881728434772,-5.865866180570492,0.7058904910780671,0.7105446862446804,0.7118959770579536,0.710544702373504,0.705890522345391,0.0,0.0,0.0,0.0,0.0,0.0,0.0,0.0,0.0,0.0,off,off,off,off,off
43.699999999998376,0.2184999999999919,4.774224999999873,-3.556135548950351,-1.9653228021750238,-1.4599950237485473,-1.96531679161194,-3.5561239261315336,-5.861892218945343,-5.861876683582295,0.7060371328589375,0.7107011502702607,0.7120552235802168,0.7107011663830433,0.7060371640993728,0.0,0.0,0.0,0.0,0.0,0.0,0.0,0.0,0.0,0.0,off,off,off,off,off
43.79999999999837,0.21899999999999187,4.796099999999873,-3.547396282733189,-1.9533338083440412,-1.446987477348273,-1.9533278040086088,-3.547384670468716,-5.857889893061156,-5.857874370192576,0.7061831672024383,0.7108570245081014,0.7122138871493998,0.710857040604913,0.7061831984160488,0.0,0.0,0.0,0.0,0.0,0.0,0.0,0.0,0.0,0.0,off,off,off,off,off
43.899999999998364,0.2194999999999918,4.818024999999872,-3.5386381030913867,-1.9413194037384756,-1.4339519784022627,-1.9413134056046601,-3.5386265013553384,-5.853874735062732,-5.853859224681912,0.7063285941932207,0.7110123089285687,0.7123719676901695,0.7110123250094742,0.7063286253800681,0.0,0.0,0.0,0.0,0.0,0.0,0.0,0.0,0.0,0.0,off,off,off,off,off
43.99999999999836,0.21999999999999179,4.839999999999871,-3.529861028989842,-1.9292796486695352,-1.420888603901858,-1.9292736567119277,-3.5298494377552174,-5.849846729329158,-5.849831231429505,0.7064734139448134,0.7111670035317533,0.7125294651572306,0.711167019596816,0.706473445104963,0.0,0.0,0.0,0.0,0.0,0.0,0.0,0.0,0.0,0.0,off,off,off,off,off
44.09999999999835,0.22049999999999176,4.86202499999987,-3.521065079207574,-1.9172146029572446,-1.4077974302119287,-1.9172086171506635,-3.521053498452602,-5.845805860337464,-5.845790374912156,0.7066176265991275,0.7113211083469143,0.7126863795348046,0.7113211243961977,0.7066176577326283,0.0,0.0,0.0,0.0,0.0,0.0,0.0,0.0,0.0,0.0,off,off,off,off,off
44.19999999999835,0.22099999999999173,4.8840999999998695,-3.512250272352503,-1.9051243259332864,-1.3946785331010005,-1.905118346253289,-3.5122387020520023,-5.841752112661425,-5.841736639703527,0.7067612323258813,0.711474623431942,0.7128427108360219,0.7114746394655064,0.706761263432793,0.0,0.0,0.0,0.0,0.0,0.0,0.0,0.0,0.0,0.0,off,off,off,off,off
44.29999999999834,0.2214999999999917,4.906224999999869,-3.50341662685895,-1.893008876440831,-1.3815319877214733,-1.8930029028612694,-3.503405066991263,-5.837685470970939,-5.837670010473516,0.7069042313220881,0.7116275488728362,0.7129984591024532,0.7116275648907481,0.70690426240246,0.0,0.0,0.0,0.0,0.0,0.0,0.0,0.0,0.0,0.0,off,off,off,off,off
44.399999999998336,0.22199999999999168,4.9283999999998676,-3.494564160986272,-1.8808683128432335,-1.3683578686226383,-1.880862345339608,-3.4945526115253074,-5.8336059200310615,-5.833590471987236,0.7070466238115451,0.7117798847831727,0.7131536244035604,0.7117799007854924,0.7070466548654394,0.0,0.0,0.0,0.0,0.0,0.0,0.0,0.0,0.0,0.0,off,off,off,off,off
44.49999999999833,0.22249999999999165,4.950624999999867,-3.485692892819486,-1.8687026930236925,-1.3551562497590908,-1.8686967315740617,-3.4856813537455764,-5.829513444701718,-5.829498009104441,0.7071884100443282,0.711931631303595,0.7133082068361712,0.7119316472903775,0.707188441071789,0.0,0.0,0.0,0.0,0.0,0.0,0.0,0.0,0.0,0.0,off,off,off,off,off
44.599999999998325,0.22299999999999162,4.972899999999866,-3.4768028402812092,-1.8565120743894568,-1.341927204489366,-1.8565061189699463,-3.4767913115663305,-5.825408029936682,-5.825392606778678,0.70732959029626,0.7120827886013111,0.713462206523985,0.7120828045726155,0.7073296212973558,0.0,0.0,0.0,0.0,0.0,0.0,0.0,0.0,0.0,0.0,off,off,off,off,off
44.69999999999832,0.2234999999999916,4.9952249999998655,-3.467894021115683,-1.8442965138855243,-1.328670805582476,-1.8442905644685084,-3.4678825027414177,-5.821289660782384,-5.821274250056945,0.7074701648684678,0.7122333568695643,0.713615623617069,0.7122333728254604,0.7074701958432386,0.0,0.0,0.0,0.0,0.0,0.0,0.0,0.0,0.0,0.0,off,off,off,off,off
44.79999999999831,0.22399999999999157,5.017599999999864,-3.4589664529048605,-1.8320560679761684,-1.315387125224163,-1.8320501245424339,-3.458954944849154,-5.817158322378248,-5.817142924078098,0.707610134086855,0.7123833363272053,0.7137684582913579,0.7123833522677401,0.7076101650353522,0.0,0.0,0.0,0.0,0.0,0.0,0.0,0.0,0.0,0.0,off,off,off,off,off
44.89999999999831,0.22449999999999154,5.040024999999864,-3.4500201530678396,-1.819790792671597,-1.3020762350147947,-1.8197848551966445,-3.450008655307215,-5.81301399995516,-5.812998614073081,0.7077494983016319,0.7125327272181449,0.7139207107481913,0.7125327431433804,0.7077495292239102,0.0,0.0,0.0,0.0,0.0,0.0,0.0,0.0,0.0,0.0,off,off,off,off,off
44.9999999999983,0.2249999999999915,5.062499999999862,-3.441055138854381,-1.8075007435162433,-1.2887382059828383,-1.8074948119829628,-3.4410436513666696,-5.8088566788346725,-5.808841305363444,0.707888257886867,0.7126815298109236,0.7140723812138074,0.7126815457209,0.7078882887829776,0.0,0.0,0.0,0.0,0.0,0.0,0.0,0.0,0.0,0.0,off,off,off,off,off
45.099999999998296,0.22549999999999149,5.085024999999862,-3.4320714273503654,-1.795185975601953,-1.2753731085823006,-1.7951800499845376,-3.4320599501136257,-5.804686344428603,-5.8046709833610635,0.7080264132400137,0.7128297443982156,0.7142234699388972,0.7128297602929982,0.7080264441100081,0.0,0.0,0.0,0.0,0.0,0.0,0.0,0.0,0.0,0.0,off,off,off,off,off
45.19999999999829,0.22599999999999146,5.10759999999986,-3.423069035482456,-1.7828465435651992,-1.2619810127015398,-1.782840623841821,-3.4230575684775317,-5.80050298223847,-5.800487633567343,0.7081639647814484,0.7129773712963872,0.7143739771981275,0.7129773871760309,0.7081639956253694,0.0,0.0,0.0,0.0,0.0,0.0,0.0,0.0,0.0,0.0,off,off,off,off,off
45.299999999998285,0.22649999999999143,5.13022499999986,-3.4140479800171306,-1.77048250159163,-1.248561987664175,-1.7704765877420527,-3.414036523222535,-5.7963065778546365,-5.796291241572362,0.7083009129540282,0.7131244108450439,0.7145239032896973,0.7131244267095979,0.7083009437719258,0.0,0.0,0.0,0.0,0.0,0.0,0.0,0.0,0.0,0.0,off,off,off,off,off
45.39999999999828,0.2269999999999914,5.152899999999859,-3.405008277560569,-1.7580939034220364,-1.235116102231757,-1.7580879954253987,-3.404996830955554,-5.792097116955063,-5.792081793054479,0.7084372582226569,0.7132708634065748,0.7146732485348971,0.713270879256091,0.7084372890145786,0.0,0.0,0.0,0.0,0.0,0.0,0.0,0.0,0.0,0.0,off,off,off,off,off
45.49999999999827,0.22749999999999138,5.175624999999858,-3.3959499445608117,-1.7456808023537178,-1.2216434246133758,-1.745674900189897,-3.395938508123038,-5.787874585305474,-5.7878592737791905,0.708573001073849,0.7134167293657246,0.7148220132776498,0.713416745200252,0.7085730318398472,0.0,0.0,0.0,0.0,0.0,0.0,0.0,0.0,0.0,0.0,off,off,off,off,off
45.59999999999827,0.22799999999999135,5.198399999999857,-3.38687299730816,-1.7332432512466767,-1.2081440224641824,-1.7332373548935038,-3.386861571020461,-5.783638968758282,-5.7836236695987395,0.7087081420153089,0.7135620091291521,0.7149701978841008,0.713562024948747,0.708708172755421,0.0,0.0,0.0,0.0,0.0,0.0,0.0,0.0,0.0,0.0,off,off,off,off,off
45.69999999999826,0.22849999999999132,5.221224999999857,-3.3777774519425066,-1.7207813025189012,-1.1946179628929485,-1.720775411958357,-3.377766035783452,-5.779390253251904,-5.779374966451485,0.7088426815754921,0.7137067031250326,0.7151178027421761,0.7137067189297377,0.7088427122897678,0.0,0.0,0.0,0.0,0.0,0.0,0.0,0.0,0.0,0.0,off,off,off,off,off
45.799999999998256,0.2289999999999913,5.244099999999856,-3.368663324446402,-1.7082950081629633,-1.1810653124662167,-1.7082891233737314,-3.368651918394164,-5.7751284248096795,-5.775113150361165,0.7089766203032214,0.7138508118026006,0.7152648282611682,0.7138508275924697,0.7089766509917115,0.0,0.0,0.0,0.0,0.0,0.0,0.0,0.0,0.0,0.0,off,off,off,off,off
45.89999999999825,0.22949999999999127,5.267024999999855,-3.3595306306451107,-1.695784419733286,-1.1674861372118812,-1.6957785406992798,-3.3595192346827503,-5.7708534695401,-5.770838207435872,0.7091099587672802,0.7139943356317873,0.7154112748713244,0.7139943514068587,0.7091099894300226,0.0,0.0,0.0,0.0,0.0,0.0,0.0,0.0,0.0,0.0,off,off,off,off,off
45.999999999998245,0.22999999999999124,5.289999999999854,-3.35037938622213,-1.6832495883677439,-1.1538805026208934,-1.6832437150649184,-3.350368000330093,-5.766565373635501,-5.766550123868001,0.7092426975559795,0.7141372751027666,0.7155571430234486,0.7141372908631006,0.7092427281930187,0.0,0.0,0.0,0.0,0.0,0.0,0.0,0.0,0.0,0.0,off,off,off,off,off
46.09999999999824,0.2304999999999912,5.313024999999853,-3.3412096067043535,-1.6706905647731105,-1.1402484736562428,-1.6706846971850382,-3.3411982308593906,-5.762264123371494,-5.762248885933104,0.7093748372768081,0.7142796307256051,0.7157024331884884,0.7142796464712424,0.7093748678881985,0.0,0.0,0.0,0.0,0.0,0.0,0.0,0.0,0.0,0.0,off,off,off,off,off
46.199999999998234,0.23099999999999118,5.336099999999853,-3.332021307470029,-1.658107399240123,-1.1265901147485806,-1.6581015373475338,-3.332009941656281,-5.7579497051062845,-5.757934479989444,0.7095063785560293,0.7144214030298434,0.7158471458571671,0.7144214187608309,0.7095064091418055,0.0,0.0,0.0,0.0,0.0,0.0,0.0,0.0,0.0,0.0,off,off,off,off,off
46.29999999999823,0.23149999999999116,5.359224999999851,-3.3228145037537615,-1.6455001416418895,-1.1129054898110553,-1.6454942854277306,-3.322803147951504,-5.753622105280215,-5.753606892477251,0.709637322038292,0.714562592564123,0.7159912815395676,0.7145626082805016,0.7096373525984998,0.0,0.0,0.0,0.0,0.0,0.0,0.0,0.0,0.0,0.0,off,off,off,off,off
46.39999999999822,0.2319999999999911,5.382399999999851,-3.3135892106344613,-1.632868841439631,-1.0991946622310707,-1.6328629908805965,-3.3135778648278347,-5.7492813104150855,-5.74926610991821,0.7097676683862951,0.7147031998958012,0.716134840764787,0.7147032155976302,0.7097676989209687,0.0,0.0,0.0,0.0,0.0,0.0,0.0,0.0,0.0,0.0,off,off,off,off,off
46.49999999999822,0.23249999999999107,5.40562499999985,-3.304345443057912,-1.620213547684159,-1.0854576948858607,-1.6202077027634232,-3.304334107224065,-5.744927307113073,-5.7449121189146695,0.7098974182803616,0.7148432256105874,0.7162778240805316,0.7148432412979074,0.7098974487895544,0.0,0.0,0.0,0.0,0.0,0.0,0.0,0.0,0.0,0.0,off,off,off,off,off
46.59999999999821,0.23299999999999105,5.4288999999998495,-3.2950832158146,-1.607534309013431,-1.07169465014357,-1.6075284697156462,-3.2950718899384697,-5.740560082056845,-5.7405449061490685,0.7100265724181422,0.7149826703121909,0.7164202320527566,0.7149826859850388,0.7100266029018871,0.0,0.0,0.0,0.0,0.0,0.0,0.0,0.0,0.0,0.0,off,off,off,off,off
46.699999999998205,0.23349999999999102,5.4522249999998476,-3.285802543559896,-1.5948311736715937,-1.0579055898595584,-1.5948253399773762,-3.2857912276206775,-5.736179622008251,-5.736164458383314,0.7101551315142095,0.7151215346219181,0.7165620652653271,0.7151215502803415,0.7101551619725545,0.0,0.0,0.0,0.0,0.0,0.0,0.0,0.0,0.0,0.0,off,off,off,off,off
46.7999999999982,0.233999999999991,5.475599999999847,-3.2765034408005818,-1.5821041894947712,-1.0440905753839047,-1.5820983613875796,-3.276492134785201,-5.731785913808096,-5.731770762458268,0.7102830962997496,0.715259819178368,0.7167033243196521,0.7152598348224077,0.7102831267327219,0.0,0.0,0.0,0.0,0.0,0.0,0.0,0.0,0.0,0.0,off,off,off,off,off
46.899999999998194,0.23449999999999097,5.499024999999846,-3.2671859219116186,-1.5693534039189103,-1.0302496675689667,-1.5693475813840223,-3.267174625799157,-5.727378944375232,-5.727363805292839,0.710410467522176,0.715397524637072,0.7168440098343262,0.7153975402667624,0.7104104979298248,0.0,0.0,0.0,0.0,0.0,0.0,0.0,0.0,0.0,0.0,off,off,off,off,off
46.99999999999819,0.23499999999999094,5.522499999999845,-3.2578500011197207,-1.556578863994332,-1.016382926772394,-1.5565730470135577,-3.2578387148931256,-5.722958700706556,-5.722943573883526,0.7105372459448426,0.7155346516701173,0.7169841224447862,0.7155346672855037,0.7105372763272053,0.0,0.0,0.0,0.0,0.0,0.0,0.0,0.0,0.0,0.0,off,off,off,off,off
47.09999999999818,0.2354999999999909,5.546024999999844,-3.248495692516144,-1.5437806163752725,-1.0024904128590606,-1.543774804932184,-3.2484844161586466,-5.718525169875306,-5.718510055303852,0.710663432346677,0.7156712009658527,0.7171236628029797,0.7156712165669752,0.7106634627037914,0.0,0.0,0.0,0.0,0.0,0.0,0.0,0.0,0.0,0.0,off,off,off,off,off
47.19999999999818,0.23599999999999088,5.569599999999843,-3.239123010054925,-1.5309587073249986,-0.9885721852014058,-1.5309529014022587,-3.2391117435474825,-5.714078339031687,-5.714063236703794,0.7107890275218657,0.7158071732285478,0.7172626315770424,0.7158071888154491,0.7107890578537758,0.0,0.0,0.0,0.0,0.0,0.0,0.0,0.0,0.0,0.0,off,off,off,off,off
47.29999999999817,0.23649999999999086,5.593224999999842,-3.2297319675566314,-1.5181131827208674,-0.9746283026882452,-1.518107382303981,-3.2297207108805424,-5.709618195401333,-5.709603105309043,0.710914032279526,0.7159425691780666,0.7174010294509562,0.7159425847507813,0.7109140625862735,0.0,0.0,0.0,0.0,0.0,0.0,0.0,0.0,0.0,0.0,off,off,off,off,off
47.399999999998165,0.23699999999999083,5.616899999999841,-3.2203225786988128,-1.5052440880627955,-0.9606588237299434,-1.5052382931356192,-3.220311331841799,-5.705144726284857,-5.705129648420439,0.7110384474434175,0.7160773895495292,0.7175388571242237,0.7160774051080958,0.711038477725028,0.0,0.0,0.0,0.0,0.0,0.0,0.0,0.0,0.0,0.0,off,off,off,off,off
47.49999999999816,0.2374999999999908,5.64062499999984,-3.210894857032315,-1.4923514684626866,-0.9466638062543211,-1.492345679010839,-3.210883619975448,-5.700657919058131,-5.700642853413399,0.7111622738515937,0.716211635093035,0.7176761153115749,0.7162116506374887,0.7111623041081109,0.0,0.0,0.0,0.0,0.0,0.0,0.0,0.0,0.0,0.0,off,off,off,off,off
47.599999999998154,0.23799999999999077,5.664399999999839,-3.201448815975084,-1.479435368660745,-0.9326433077141587,-1.4794295846680257,-3.2014375887015944,-5.6961577611704115,-5.696142707737408,0.7112855123561173,0.7163453065733194,0.7178128047426435,0.7163453221036995,0.7112855425875777,0.0,0.0,0.0,0.0,0.0,0.0,0.0,0.0,0.0,0.0,off,off,off,off,off
47.69999999999815,0.23849999999999075,5.688224999999838,-3.191984468806254,-1.4664958330257605,-0.9185973850981668,-1.466490054474889,-3.191973251301988,-5.691644240144626,-5.69162919891545,0.711408163822777,0.7164784047694541,0.717948926161643,0.7164784202858032,0.7114081940292116,0.0,0.0,0.0,0.0,0.0,0.0,0.0,0.0,0.0,0.0,off,off,off,off,off
47.79999999999814,0.23899999999999072,5.712099999999837,-3.182501828682632,-1.4535329055491957,-0.9045260949206977,-1.4535271324273822,-3.182490620930764,-5.687117343576574,-5.68710231454304,0.7115302291307537,0.7166109304745745,0.7180844803271019,0.7166109459769222,0.7115302593122003,0.0,0.0,0.0,0.0,0.0,0.0,0.0,0.0,0.0,0.0,off,off,off,off,off
47.89999999999814,0.2394999999999907,5.736024999999837,-3.1730009086252835,-1.4405466298571241,-0.8904294932351036,-1.4405408621491347,-3.1729897106076237,-5.682577059134246,-5.682562042288225,0.71165170917237,0.7167428844955578,0.7182194680115442,0.7167428999839418,0.7116517393288698,0.0,0.0,0.0,0.0,0.0,0.0,0.0,0.0,0.0,0.0,off,off,off,off,off
47.99999999999813,0.23999999999999067,5.7599999999998355,-3.1634817215291946,-1.4275370492098887,-0.8763076356345323,-1.4275312869007735,-3.1634705332290878,-5.678023374557313,-5.67800836989062,0.7117726048527806,0.7168742676527476,0.7183538900012029,0.7168742831272038,0.7117726349843708,0.0,0.0,0.0,0.0,0.0,0.0,0.0,0.0,0.0,0.0,off,off,off,off,off
48.099999999998126,0.24049999999999064,5.784024999999835,-3.1539442801598057,-1.4145042065024995,-0.8621605772563612,-1.4144984495791277,-3.153933101561165,-5.673456277656555,-5.673441285161232,0.7118929170897069,0.7170050807796718,0.7184877470957335,0.7170050962402311,0.7118929471964237,0.0,0.0,0.0,0.0,0.0,0.0,0.0,0.0,0.0,0.0,off,off,off,off,off
48.19999999999812,0.2409999999999906,5.8080999999998335,-3.144388597155455,-1.4014481442753208,-0.8479883727822539,-1.4014423927209805,-3.1443774282471395,-5.668875756313412,-5.668860775981216,0.712012646813157,0.7171353247227426,0.7186210401079419,0.7171353401694466,0.7120126768950225,0.0,0.0,0.0,0.0,0.0,0.0,0.0,0.0,0.0,0.0,off,off,off,off,off
48.299999999998114,0.24149999999999058,5.832224999999833,-3.134814685029937,-1.388368904707761,-0.8337910764443563,-1.3883631585084117,-3.1348035257977926,-5.6642817984791805,-5.664266830302097,0.7121317949651507,0.7172650003410095,0.7187537698635008,0.7172650157738912,0.7121318250221951,0.0,0.0,0.0,0.0,0.0,0.0,0.0,0.0,0.0,0.0,off,off,off,off,off
48.39999999999811,0.24199999999999056,5.856399999999832,-3.125222556175345,-1.375266529624696,-0.8195687420319473,-1.3752607887670933,-3.1252114066014656,-5.659674392174907,-5.659659436144693,0.7122503624994493,0.7173941085058749,0.7188859372006682,0.7173941239249659,0.7122503925317143,0.0,0.0,0.0,0.0,0.0,0.0,0.0,0.0,0.0,0.0,off,off,off,off,off
48.4999999999981,0.24249999999999053,5.8806249999998315,-3.115612222855191,-1.3621410604989705,-0.8053214228845036,-1.362135324970268,-3.115601082923831,-5.655053525490359,-5.655038581598774,0.7123683503813176,0.7175226501008318,0.719017542970049,0.7175226655061634,0.7123683803888367,0.0,0.0,0.0,0.0,0.0,0.0,0.0,0.0,0.0,0.0,off,off,off,off,off
48.5999999999981,0.2429999999999905,5.90489999999983,-3.10598369721032,-1.3489925384552066,-0.7910491719067068,-1.3489868082431826,-3.105972566906928,-5.6504191865835764,-5.650404254822547,0.7124857595872485,0.7176506260211998,0.7191485880342993,0.7176506414128001,0.7124857895700543,0.0,0.0,0.0,0.0,0.0,0.0,0.0,0.0,0.0,0.0,off,off,off,off,off
48.69999999999809,0.24349999999999047,5.929224999999829,-3.0963369912651046,-1.3358210042729866,-0.7767520415640661,-1.3358152793609293,-3.0963258705726844,-5.6457713636806375,-5.645756444041979,0.7126025911047023,0.7177780371738649,0.719279073267892,0.717778052551775,0.7126026210628333,0.0,0.0,0.0,0.0,0.0,0.0,0.0,0.0,0.0,0.0,off,off,off,off,off
48.799999999998086,0.24399999999999045,5.953599999999828,-3.086672116916077,-1.322626498386171,-0.7624300838925251,-1.3226207787629392,-3.0866610058244532,-5.6411100450749245,-5.641095137550224,0.7127188459318884,0.7179048844770383,0.719408999556843,0.7179048998412841,0.7127188758653638,0.0,0.0,0.0,0.0,0.0,0.0,0.0,0.0,0.0,0.0,off,off,off,off,off
48.89999999999808,0.24449999999999042,5.978024999999827,-3.0769890859425004,-1.3094090608890383,-0.7480833504934594,-1.3094033465405914,-3.0769779844393383,-5.636435219126497,-5.636420323707512,0.7128345250774962,0.7180311688599988,0.7195383677984853,0.7180311842106146,0.7128345549863425,0.0,0.0,0.0,0.0,0.0,0.0,0.0,0.0,0.0,0.0,off,off,off,off,off
48.999999999998074,0.24499999999999036,6.002499999999826,-3.067287910008588,-1.2961687315362838,-0.7337118925417485,-1.2961630224505711,-3.067276818077687,-5.631746874261751,-5.631731990940011,0.7129496295604528,0.718156891262855,0.7196671789012087,0.7181569065998693,0.7129496594447057,0.0,0.0,0.0,0.0,0.0,0.0,0.0,0.0,0.0,0.0,off,off,off,off,off
49.09999999999807,0.24549999999999034,6.027024999999825,-3.0575686006574188,-1.2829055497444415,-0.7193157607957801,-1.2828998459089007,-3.057557518281442,-5.627044998972565,-5.627030127740113,0.7130641604097044,0.7182820526363081,0.7197954337842036,0.7182820679597508,0.7130641902694044,0.0,0.0,0.0,0.0,0.0,0.0,0.0,0.0,0.0,0.0,off,off,off,off,off
49.19999999999806,0.2459999999999903,6.051599999999825,-3.0478311693121896,-1.2696195546020022,-0.7048950055853993,-1.2696138560010013,-3.0478200964796542,-5.622329581816302,-5.6223147226647825,0.7131781186639866,0.7184066539413992,0.719923133377262,0.7184066692513078,0.7131781484991563,0.0,0.0,0.0,0.0,0.0,0.0,0.0,0.0,0.0,0.0,off,off,off,off,off
49.29999999999806,0.24649999999999028,6.076224999999823,-3.0380756272848544,-1.2563107848628192,-0.6904496768254376,-1.2563050914832274,-3.0380645639801287,-5.617600611414957,-5.61758576433607,0.7132915053715737,0.7185306961492971,0.7200502786205163,0.7185307114457037,0.7132915351822477,0.0,0.0,0.0,0.0,0.0,0.0,0.0,0.0,0.0,0.0,off,off,off,off,off
49.39999999999805,0.24699999999999026,6.100899999999823,-3.028301985769133,-1.2429792789512817,-0.6759798240220789,-1.242973590783265,-3.0282909319793134,-5.612858076454756,-5.612843241440032,0.7134043215900775,0.7186541802410691,0.7201768704642043,0.7186541955239961,0.7134043513762833,0.0,0.0,0.0,0.0,0.0,0.0,0.0,0.0,0.0,0.0,off,off,off,off,off
49.499999999998046,0.24749999999999023,6.125624999999821,-3.01851025584574,-1.2296250749685669,-0.6614854962621166,-1.229619392001041,-3.0184992115557634,-5.608101965685421,-5.608087142726731,0.7135165683862138,0.7187771072074434,0.7203029098684782,0.718777122476916,0.7135165981479856,0.0,0.0,0.0,0.0,0.0,0.0,0.0,0.0,0.0,0.0,off,off,off,off,off
49.59999999999804,0.2479999999999902,6.150399999999821,-3.0087004484797717,-1.2162482106926973,-0.6469667422313705,-1.2162425329152597,-3.008689413678667,-5.603332267920166,-5.60331745700887,0.7136282468355997,0.7188994780485952,0.7204283978031438,0.7188994933046385,0.713628276572959,0.0,0.0,0.0,0.0,0.0,0.0,0.0,0.0,0.0,0.0,off,off,off,off,off
49.699999999998035,0.24849999999999017,6.175224999999819,-2.9988725745282636,-1.2028487235813259,-0.6324236102102532,-1.2028430509815848,-2.998861549201706,-5.59854897203445,-5.598534173162307,0.7137393580225194,0.7190212937739334,0.7205533352474607,0.7190213090165766,0.7137393877354979,0.0,0.0,0.0,0.0,0.0,0.0,0.0,0.0,0.0,0.0,off,off,off,off,off
49.79999999999803,0.24899999999999015,6.200099999999819,-2.9890266447334284,-1.1894266507727025,-0.6178561480767257,-1.1894209833366176,-2.9890156288681737,-5.593752066966374,-5.593737280125026,0.7138499030397394,0.7191425554018884,0.720677723189931,0.7191425706311653,0.7138499327283652,0.0,0.0,0.0,0.0,0.0,0.0,0.0,0.0,0.0,0.0,off,off,off,off,off
49.89999999999802,0.24949999999999012,6.225024999999817,-2.9791626697281686,-1.1759820290894254,-0.603264403307378,-1.175976366808527,-2.9791516633097785,-5.588941541715485,-5.58892676689652,0.7139598829882885,0.7192632639597009,0.7208015626280937,0.7192632791756305,0.7139599126525935,0.0,0.0,0.0,0.0,0.0,0.0,0.0,0.0,0.0,0.0,off,off,off,off,off
49.99999999999802,0.2499999999999901,6.249999999999816,-2.9692806600348263,-1.1625148950408857,-0.588648422988058,-1.1625092379024409,-2.9692696630488626,-5.5841173853426085,-5.584102622537728,0.7140692989772619,0.7193834204832175,0.7209248545682954,0.7193834356858303,0.714069328617278,0.0,0.0,0.0,0.0,0.0,0.0,0.0,0.0,0.0,0.0,off,off,off,off,off
50.09999999999801,0.25049999999999006,6.275024999999815,-2.959380626062341,-1.1490252848245746,-0.5740082538093247,-1.1490196328156799,-2.95936963849681,-5.579279586969392,-5.579264836170012,0.7141781521236364,0.7195030260166903,0.7210476000255099,0.719503041206017,0.7141781817393886,0.0,0.0,0.0,0.0,0.0,0.0,0.0,0.0,0.0,0.0,off,off,off,off,off
50.199999999998006,0.25099999999999,6.300099999999814,-2.9494625781212562,-1.1355132343293235,-0.5593439420711661,-1.1355075874406566,-2.949451599963311,-5.574428135777737,-5.5744133969753875,0.7142864435520347,0.7196220816125766,0.7211698000231328,0.7196220967886386,0.7142864731435505,0.0,0.0,0.0,0.0,0.0,0.0,0.0,0.0,0.0,0.0,off,off,off,off,off
50.299999999998,0.25149999999999,6.325224999999813,-2.9395265264067802,-1.1219787791411022,-0.5446555336938559,-1.1219731373593618,-2.939515557641357,-5.569563021009117,-5.5695482941953856,0.7143941743945829,0.7197405883313357,0.7212914555927622,0.7197406034941658,0.7143942039618958,0.0,0.0,0.0,0.0,0.0,0.0,0.0,0.0,0.0,0.0,off,off,off,off,off
50.399999999997995,0.25199999999998995,6.350399999999812,-2.929572481012201,-1.108421954537505,-0.5299430742046525,-1.108416317851379,-2.9295615216260558,-5.564684231964463,-5.5646695171309375,0.7145013457906892,0.7198585472412586,0.7214125677740526,0.7198585623908828,0.7145013753338277,0.0,0.0,0.0,0.0,0.0,0.0,0.0,0.0,0.0,0.0,off,off,off,off,off
50.49999999999799,0.25249999999998995,6.375624999999811,-2.9196004519214966,-1.094842795495481,-0.515206608757012,-1.0948371638949652,-2.9195895019036584,-5.559791758003598,-5.559777055141751,0.7146079588868813,0.7199759594182621,0.7215331376144783,0.7199759745547036,0.714607988405868,0.0,0.0,0.0,0.0,0.0,0.0,0.0,0.0,0.0,0.0,off,off,off,off,off
50.59999999999798,0.2529999999999899,6.40089999999981,-2.9096104490162134,-1.0812413366932105,-0.500446182125529,-1.0812357101667658,-2.9095995083548587,-5.554885588544721,-5.554870897646026,0.7147140148366097,0.7200928259457103,0.7216531661691699,0.7200928410689966,0.7147140443314692,0.0,0.0,0.0,0.0,0.0,0.0,0.0,0.0,0.0,0.0,off,off,off,off,off
50.69999999999798,0.2534999999999899,6.42622499999981,-2.8996024820737034,-1.0676176125132883,-0.48566183870815394,-1.0676119910523312,-2.8995915507557015,-5.549965713063727,-5.549951034119829,0.7148195148000752,0.7202091479142251,0.7217726545007332,0.720209163024375,0.7148195442708354,0.0,0.0,0.0,0.0,0.0,0.0,0.0,0.0,0.0,0.0,off,off,off,off,off
50.79999999999797,0.25399999999998985,6.451599999999808,-2.88957656076758,-1.0539716570421547,-0.470853622533582,-1.0539660406332132,-2.8895656387800273,-5.54503212109438,-5.545017454096637,0.7149244599440551,0.7203249264215191,0.7218916036790559,0.7203249415185657,0.7149244893907443,0.0,0.0,0.0,0.0,0.0,0.0,0.0,0.0,0.0,0.0,off,off,off,off,off
50.899999999997966,0.25449999999998985,6.4770249999998075,-2.8795326946694786,-1.0403035040736768,-0.45602157725619463,-1.0402978927097024,-2.879521782001177,-5.540084802227341,-5.540070147167228,0.7150288514417293,0.7204401625722147,0.7220100147811522,0.720440177656173,0.7150288808643709,0.0,0.0,0.0,0.0,0.0,0.0,0.0,0.0,0.0,0.0,off,off,off,off,off
50.99999999999796,0.2549999999999898,6.502499999999806,-2.8694708932493427,-1.0266131871115363,-0.4411657461710661,-1.026607580782013,-2.869459989886991,-5.5351237461097185,-5.535109102978652,0.7151326904725142,0.7205548574776715,0.7221278888909566,0.7205548725485661,0.7151327198711366,0.0,0.0,0.0,0.0,0.0,0.0,0.0,0.0,0.0,0.0,off,off,off,off,off
51.099999999997955,0.2554999999999898,6.528024999999806,-2.8593911658754223,-1.0129007393713323,-0.42628617220242404,-1.0128951380665399,-2.859380271806799,-5.530148942444498,-5.530134311234065,0.7152359782218949,0.7206690122558178,0.722245227099191,0.7206690273136714,0.7152360075965247,0.0,0.0,0.0,0.0,0.0,0.0,0.0,0.0,0.0,0.0,off,off,off,off,off
51.19999999999795,0.25599999999998974,6.553599999999804,-2.8492935218179127,-0.999166193786607,-0.4113828979185996,-0.9991605974945514,-2.8492826370322177,-5.525160380990997,-5.5251457616924995,0.715338715881259,0.7207826280309729,0.722362030503164,0.7207826430758133,0.7153387452319176,0.0,0.0,0.0,0.0,0.0,0.0,0.0,0.0,0.0,0.0,off,off,off,off,off
51.299999999997944,0.25649999999998974,6.579224999999804,-2.8391779702481017,-0.9854095830025926,-0.39645596553191353,-0.9854039917137811,-2.8391670947321472,-5.5201580515632145,-5.520143444168127,0.7154409046477381,0.7208957059337061,0.7224783002066143,0.7208957209655564,0.7154409339744547,0.0,0.0,0.0,0.0,0.0,0.0,0.0,0.0,0.0,0.0,off,off,off,off,off
51.39999999999794,0.2569999999999897,6.604899999999802,-2.829044520239222,-0.9716309393846245,-0.3815054168958909,-0.9716253530899621,-2.829033653978911,-5.51514194403029,-5.515127348530029,0.7155425457240515,0.721008247100661,0.7225940373195632,0.7210082621195417,0.715542575026857,0.0,0.0,0.0,0.0,0.0,0.0,0.0,0.0,0.0,0.0,off,off,off,off,off
51.49999999999793,0.2574999999999897,6.630624999999801,-2.8188931807621316,-0.9578302950214379,-0.36653129351060443,-0.9578247137103517,-2.8188823237496194,-5.510112048315477,-5.510097464701573,0.7156436403183659,0.7211202526743928,0.7227092429581465,0.7211202676803286,0.7156436695972744,0.0,0.0,0.0,0.0,0.0,0.0,0.0,0.0,0.0,0.0,off,off,off,off,off
51.59999999999793,0.2579999999999896,6.6563999999998,-2.8087239606961703,-0.9440076817180625,-0.35153363652580083,-0.9440021053824807,-2.808713112919918,-5.505068354396258,-5.505053782660013,0.7157441896441143,0.7212317238032386,0.7228239182444599,0.7212317387962474,0.7157442188991502,0.0,0.0,0.0,0.0,0.0,0.0,0.0,0.0,0.0,0.0,off,off,off,off,off
51.69999999999792,0.2584999999999896,6.682224999999799,-2.7985368688224526,-0.9301631310126481,-0.33651248674863155,-0.9301575596443854,-2.7985260302709776,-5.500010852303376,-5.499996292436322,0.7158441949198706,0.7213426616411247,0.722938064306391,0.7213426766212249,0.7158442241510578,0.0,0.0,0.0,0.0,0.0,0.0,0.0,0.0,0.0,0.0,off,off,off,off,off
51.799999999997915,0.25899999999998957,6.7080999999997974,-2.7883319138308593,-0.9162966741668583,-0.3214678846376273,-0.9162911077518174,-2.7883210844900077,-5.494939532121066,-5.494924984114391,0.7159436573691824,0.7214530673474496,0.7230516822774866,0.7214530823146763,0.7159436865765525,0.0,0.0,0.0,0.0,0.0,0.0,0.0,0.0,0.0,0.0,off,off,off,off,off
51.89999999999791,0.2594999999999896,6.7340249999997965,-2.7781091043088963,-0.902408342169565,-0.3063998703116795,-0.9024027807010953,-2.778098284165992,-5.48985438398563,-5.489839847830979,0.7160425782204641,0.7215629420869325,0.7231647732967956,0.7215629570412994,0.7160426074040441,0.0,0.0,0.0,0.0,0.0,0.0,0.0,0.0,0.0,0.0,off,off,off,off,off
51.999999999997904,0.2599999999999895,6.7599999999997955,-2.767868448756076,-0.8884981657440107,-0.29130848354679983,-0.8884926092143246,-2.7678576378015123,-5.4847553980863495,-5.484740873774967,0.7161409587068137,0.7216722870294542,0.7232773385087321,0.7216723019709786,0.7161409878666235,0.0,0.0,0.0,0.0,0.0,0.0,0.0,0.0,0.0,0.0,off,off,off,off,off
52.0999999999979,0.2604999999999895,6.786024999999794,-2.7576099555766405,-0.8745661753467857,-0.27619376379021787,-0.8745606237480388,-2.757599153799731,-5.479642564663777,-5.479628052187309,0.7162388000659011,0.7217811033499232,0.7233893790629039,0.7217811182786232,0.7162388292019619,0.0,0.0,0.0,0.0,0.0,0.0,0.0,0.0,0.0,0.0,off,off,off,off,off
52.19999999999789,0.26099999999998946,6.812099999999794,-2.7473336330845086,-0.8606124011706697,-0.261055750145772,-0.8606068544912091,-2.7473228404710994,-5.4745158740104785,-5.474501373360113,0.7163361035398154,0.7218893922281373,0.7235008961140184,0.7218894071440397,0.7163361326521591,0.0,0.0,0.0,0.0,0.0,0.0,0.0,0.0,0.0,0.0,off,off,off,off,off
52.29999999999789,0.26149999999998946,6.838224999999793,-2.7370394894992955,-0.8466368731430407,-0.2458944813924404,-0.8466313313747946,-2.7370287060404053,-5.469375316469552,-5.469360827636706,0.7164328703749482,0.7219971548486509,0.7236118908216995,0.7219971697517755,0.7164328994635922,0.0,0.0,0.0,0.0,0.0,0.0,0.0,0.0,0.0,0.0,off,off,off,off,off
52.39999999999788,0.2619999999999894,6.864399999999792,-2.7267275329488143,-0.8326396209336622,-0.23070999597592845,-0.8326340840673083,-2.726716758634609,-5.464220882435029,-5.464206405411062,0.7165291018218554,0.7221043924006308,0.7237223643503842,0.7221044072909979,0.7165291308868192,0.0,0.0,0.0,0.0,0.0,0.0,0.0,0.0,0.0,0.0,off,off,off,off,off
52.499999999997875,0.2624999999999894,6.89062499999979,-2.716397771476636,-0.818620673950079,-0.21550233201941182,-0.8186151419776024,-2.7163870062926208,-5.459052562351133,-5.459038097127291,0.7166247991351098,0.722211106077738,0.7238323178691627,0.722211120955366,0.716624828176427,0.0,0.0,0.0,0.0,0.0,0.0,0.0,0.0,0.0,0.0,off,off,off,off,off
52.59999999999787,0.26299999999998935,6.91689999999979,-2.706050213031574,-0.804580061350066,-0.20027152731938713,-0.8045745342614055,-2.7060394569701884,-5.453870346711881,-5.4538558932796946,0.716719963573207,0.7223172970779705,0.7239417525516701,0.7223173119428831,0.7167199925908895,0.0,0.0,0.0,0.0,0.0,0.0,0.0,0.0,0.0,0.0,off,off,off,off,off
52.699999999997864,0.2634999999999893,6.943224999999789,-2.695684865473652,-0.7905178120316236,-0.18501761935311833,-0.7905122898197305,-2.6956741185242095,-5.4486742260608025,-5.448659784411518,0.7168145963984227,0.7224229666035692,0.724050669575941,0.7224229814557815,0.7168146253924937,0.0,0.0,0.0,0.0,0.0,0.0,0.0,0.0,0.0,0.0,off,off,off,off,off
52.79999999999786,0.2639999999999893,6.969599999999788,-2.6853017365792766,-0.7764339546444603,-0.16974064527664723,-0.7764284372974544,-2.6852909987294993,-5.443464190990653,-5.443449761115517,0.7169086988766823,0.7225281158608655,0.7241590701242958,0.7225281307004073,0.7169087278471683,0.0,0.0,0.0,0.0,0.0,0.0,0.0,0.0,0.0,0.0,off,off,off,off,off
52.89999999999785,0.26449999999998924,6.996024999999786,-2.6749008340336786,-0.7623285175809542,-0.15444064192701035,-0.7623230050907068,-2.6748901052729934,-5.438240232142675,-5.438225814033103,0.7170022722774633,0.7226327460601911,0.7242669553832186,0.7226327608870796,0.7170023012243864,0.0,0.0,0.0,0.0,0.0,0.0,0.0,0.0,0.0,0.0,off,off,off,off,off
52.99999999999785,0.26499999999998924,7.022499999999786,-2.6644821654347197,-0.748201528991217,-0.13911764583338027,-0.7481960213503953,-2.66447144575352,-5.4330023402064285,-5.432987933853781,0.717095317873667,0.7227368584157173,0.724374326543209,0.722736873229969,0.7170953467970456,0.0,0.0,0.0,0.0,0.0,0.0,0.0,0.0,0.0,0.0,off,off,off,off,off
53.09999999999784,0.2654999999999892,7.0490249999997845,-2.654045738302159,-0.734053016777807,-0.12377169321007386,-0.734047513978112,-2.6540350276878826,-5.427750505919448,-5.427736111315085,0.7171878369414811,0.7228404541453594,0.72448118479869,0.722840468946993,0.7171878658413432,0.0,0.0,0.0,0.0,0.0,0.0,0.0,0.0,0.0,0.0,off,off,off,off,off
53.199999999997836,0.2659999999999892,7.075599999999784,-2.6435915600555404,-0.7198830085930581,-0.10840281996325984,-0.7198775106296011,-2.6435808584990923,-5.422484720066677,-5.422470337202071,0.7172798307603291,0.722943534470671,0.7245875313478783,0.7229435492596963,0.7172798596366926,0.0,0.0,0.0,0.0,0.0,0.0,0.0,0.0,0.0,0.0,off,off,off,off,off
53.29999999999783,0.26649999999998913,7.102224999999782,-2.633119638043979,-0.7056915318549954,-0.09301106168862816,-0.7056860387164647,-2.633108945535298,-5.4172049734806365,-5.417190602346977,0.7173713006126771,0.7230461006166924,0.7246933673926802,0.7230461153931368,0.7173713294655627,0.0,0.0,0.0,0.0,0.0,0.0,0.0,0.0,0.0,0.0,off,off,off,off,off
53.399999999997824,0.26699999999998913,7.128899999999781,-2.622629979524504,-0.6914786137359101,-0.07759645368128076,-0.691473125417474,-2.622619296053358,-5.411911257040401,-5.411896897628992,0.7174622477839891,0.7231481538118737,0.7247986941385589,0.7231481685757468,0.7174622766134178,0.0,0.0,0.0,0.0,0.0,0.0,0.0,0.0,0.0,0.0,off,off,off,off,off
53.49999999999782,0.2674999999999891,7.15562499999978,-2.6121225916787125,-0.6772442811716815,-0.062159030930388326,-0.6772387976607206,-2.612111917231914,-5.406603561671261,-5.4065892139734615,0.7175526735625739,0.7232496952879465,0.7249035127944441,0.7232497100392782,0.7175527023685744,0.0,0.0,0.0,0.0,0.0,0.0,0.0,0.0,0.0,0.0,off,off,off,off,off
53.59999999999781,0.2679999999999891,7.182399999999779,-2.601597481596116,-0.6629885608556947,-0.046698828131241044,-0.6629830821473206,-2.6015868161657068,-5.401281878344946,-5.4012675423518886,0.7176425792395259,0.7233507262798329,0.7250078245725952,0.7233507410186341,0.7176426080221138,0.0,0.0,0.0,0.0,0.0,0.0,0.0,0.0,0.0,0.0,off,off,off,off,off
53.69999999999781,0.268499999999989,7.209224999999778,-2.5910546562865306,-0.6487114792502666,-0.03121587967598316,-0.6487060053395908,-2.59104399986569,-5.395946198078775,-5.395931873781706,0.7177319661085935,0.7234512480255184,0.7251116306885264,0.7234512627517984,0.7177319948677807,0.0,0.0,0.0,0.0,0.0,0.0,0.0,0.0,0.0,0.0,off,off,off,off,off
53.7999999999978,0.268999999999989,7.236099999999777,-2.580494122687014,-0.634413062584656,-0.015710219666516423,-0.6344075934617877,-2.5804834752615307,-5.3905965119351436,-5.390582199325536,0.7178208354660575,0.7235512617659542,0.7252149323608712,0.7235512764797359,0.7178208642018755,0.0,0.0,0.0,0.0,0.0,0.0,0.0,0.0,0.0,0.0,off,off,off,off,off
53.899999999997796,0.26949999999998897,7.263024999999776,-2.569915887641855,-0.6200933368567689,-0.00018188190472301358,-0.6200878725121015,-2.569905249201213,-5.385232811021638,-5.385218510090908,0.7179091886106889,0.7236507687449557,0.7253177308113115,0.7236507834462619,0.7179092173231596,0.0,0.0,0.0,0.0,0.0,0.0,0.0,0.0,0.0,0.0,off,off,off,off,off
53.99999999999779,0.26999999999998897,7.289999999999774,-2.5593199579236057,-0.6057523278293502,0.01536910008923087,-0.6057468682585636,-2.559309328459335,-5.379855086490863,-5.379840797230145,0.7179970268435957,0.7237497702091181,0.7254200272644346,0.723749784897957,0.7179970555327361,0.0,0.0,0.0,0.0,0.0,0.0,0.0,0.0,0.0,0.0,off,off,off,off,off
54.099999999997785,0.2704999999999889,7.317024999999774,-2.5487063402194394,-0.5913900610411815,0.030942693093038542,-0.591384606234385,-2.54869571972273,-5.374463329539083,-5.3744490519397345,0.7180843514681661,0.723848267407692,0.7255218229476799,0.7238482820840875,0.7180843801339926,0.0,0.0,0.0,0.0,0.0,0.0,0.0,0.0,0.0,0.0,off,off,off,off,off
54.19999999999778,0.2709999999999889,7.344099999999772,-2.5380750411466124,-0.5770065618074227,0.04653886416616615,-0.577001111757852,-2.5380644296045034,-5.369057531406895,-5.3690432654602205,0.7181711637899328,0.7239462615924902,0.7256231190912061,0.7239462762564567,0.7181711924324754,0.0,0.0,0.0,0.0,0.0,0.0,0.0,0.0,0.0,0.0,off,off,off,off,off
54.29999999999777,0.27149999999998886,7.371224999999772,-2.5274260672317723,-0.5626018552106302,0.062157580650421096,-0.5625964099110092,-2.5274154646376132,-5.363637683378272,-5.3636234290756875,0.7182574651165421,0.7240437540178213,0.7257239169278001,0.7240437686693748,0.7182574937358117,0.0,0.0,0.0,0.0,0.0,0.0,0.0,0.0,0.0,0.0,off,off,off,off,off
54.39999999999777,0.27199999999998886,7.39839999999977,-2.516759424937277,-0.5481759661170713,0.0777988101694973,-0.548170525560181,-2.5167488312795285,-5.35820377678084,-5.358189534113421,0.7183432567575891,0.7241407459403559,0.7258242176927883,0.7241407605795128,0.7183432853536107,0.0,0.0,0.0,0.0,0.0,0.0,0.0,0.0,0.0,0.0,off,off,off,off,off
54.49999999999776,0.2724999999999888,7.425624999999769,-2.5060751206396503,-0.5337289191721766,0.09346252062869098,-0.5337234833495472,-2.506064535907626,-5.352755802984632,-5.352741571943625,0.7184285400245923,0.7242372386190546,0.7259240226239508,0.724237253245835,0.7184285685973888,0.0,0.0,0.0,0.0,0.0,0.0,0.0,0.0,0.0,0.0,off,off,off,off,off
54.599999999997756,0.2729999999999888,7.452899999999768,-2.4953731606388487,-0.5192607387953103,0.10914868021131952,-0.5192553077030766,-2.495362584824136,-5.347293753402425,-5.34727953397919,0.7185133162308821,0.7243332333150954,0.7260233329614221,0.7243332479295059,0.7185133447804694,0.0,0.0,0.0,0.0,0.0,0.0,0.0,0.0,0.0,0.0,off,off,off,off,off
54.69999999999775,0.27349999999998875,7.480224999999767,-2.484653551165252,-0.5047714491975057,0.12485725737383291,-0.5047660228256063,-2.4846429842597786,-5.3418176194894045,-5.341803411675187,0.7185975866914966,0.7244287312917412,0.7261221499475985,0.7244287458938058,0.7185976152178903,0.0,0.0,0.0,0.0,0.0,0.0,0.0,0.0,0.0,0.0,off,off,off,off,off
54.799999999997745,0.27399999999998875,7.507599999999766,-2.473916298370682,-0.4902610743637297,0.14058822085166867,-0.49025565270704874,-2.473905740362568,-5.336327392742362,-5.336313196528522,0.7186813527231249,0.7245237338143073,0.72622047482707,0.7245237484040362,0.7186813812263506,0.0,0.0,0.0,0.0,0.0,0.0,0.0,0.0,0.0,0.0,off,off,off,off,off
54.89999999999774,0.2744999999999887,7.535024999999765,-2.4631614083308477,-0.47572963807363067,0.1563415396414598,-0.47572422112676804,-2.463150859212135,-5.330823064700098,-5.330808880077768,0.7187646156440207,0.7246182421500225,0.726318308846491,0.7246182567274274,0.7187646441240942,0.0,0.0,0.0,0.0,0.0,0.0,0.0,0.0,0.0,0.0,off,off,off,off,off
54.99999999999773,0.2749999999999887,7.562499999999764,-2.4523888870523365,-0.46117716388909,0.17211718301399515,-0.46117175164465607,-2.4523783468119973,-5.325304626942227,-5.325290453902767,0.7188473767739028,0.7247122575679869,0.7264156532545382,0.7247122721330838,0.7188474052308467,0.0,0.0,0.0,0.0,0.0,0.0,0.0,0.0,0.0,0.0,off,off,off,off,off
55.09999999999773,0.27549999999998864,7.590024999999763,-2.4415987404632915,-0.44660367516297583,0.18791512050592019,-0.44659826761301247,-2.441588209092288,-5.31977207108946,-5.319757909624116,0.7189296374339013,0.7248057813390679,0.7265125093018102,0.724805795891876,0.7189296658677352,0.0,0.0,0.0,0.0,0.0,0.0,0.0,0.0,0.0,0.0,off,off,off,off,off
55.19999999999772,0.27599999999998864,7.6175999999997615,-2.4307909744222798,-0.43200919503891555,0.2037353219235456,-0.4320037921761468,-2.430780451909584,-5.314225388803152,-5.314211238903226,0.719011398946462,0.7248988147358271,0.7266088782407618,0.7248988292763624,0.7190114273572095,0.0,0.0,0.0,0.0,0.0,0.0,0.0,0.0,0.0,0.0,off,off,off,off,off
55.299999999997716,0.2764999999999886,7.64522499999976,-2.419965594712835,-0.41739374645106864,0.21957775732977325,-0.4173883482673091,-2.4199550810510004,-5.308664571785016,-5.3086504334417555,0.7190926626352828,0.7249913590324453,0.7267047613255933,0.7249913735607268,0.7190926910229568,0.0,0.0,0.0,0.0,0.0,0.0,0.0,0.0,0.0,0.0,off,off,off,off,off
55.39999999999771,0.27699999999998853,7.67289999999976,-2.4091226070503353,-0.40275735212895825,0.23544239704926895,-0.4027519586189783,-2.409112102229358,-5.303089611776443,-5.3030754849813775,0.7191734298252217,0.7250834155046363,0.7268001598121934,0.7250834300206743,0.7191734581898438,0.0,0.0,0.0,0.0,0.0,0.0,0.0,0.0,0.0,0.0,off,off,off,off,off
55.499999999997705,0.27749999999998853,7.700624999999758,-2.3982620170797873,-0.3881000345976986,0.25132921166857614,-0.3880946457576897,-2.398251521088639,-5.297500500558954,-5.2974863853031025,0.719253701842234,0.7251749854295741,0.7268950749580673,0.7251749999333768,0.7192537301838274,0.0,0.0,0.0,0.0,0.0,0.0,0.0,0.0,0.0,0.0,off,off,off,off,off
55.5999999999977,0.2779999999999885,7.728399999999757,-2.3873838303691173,-0.3734218161791887,0.2672381720297494,-0.37341643199982855,-2.3873733431996698,-5.291897229953065,-5.291883126227788,0.7193334800133171,0.725266070085823,0.7269895080222477,0.7252660845774114,0.7193335083318981,0.0,0.0,0.0,0.0,0.0,0.0,0.0,0.0,0.0,0.0,off,off,off,off,off
55.699999999997694,0.2784999999999885,7.7562249999997555,-2.376488052427078,-0.35872271899393127,0.28316924922444286,-0.35871733947033135,-2.37647757406819,-5.286279791818458,-5.286265699614944,0.719412765666395,0.7253566707532587,0.727083460265213,0.7253566852326433,0.7194127939619874,0.0,0.0,0.0,0.0,0.0,0.0,0.0,0.0,0.0,0.0,off,off,off,off,off
55.79999999999769,0.2789999999999884,7.784099999999755,-2.3655746886837505,-0.34400276496245397,0.2991224146012996,-0.34399739008830466,-2.365564219127009,-5.280648178053411,-5.280634097362849,0.7194915601303018,0.7254467887130006,0.7271769329488378,0.725446803180195,0.7194915884029227,0.0,0.0,0.0,0.0,0.0,0.0,0.0,0.0,0.0,0.0,off,off,off,off,off
55.89999999999768,0.2794999999999884,7.812024999999753,-2.3546437445023685,-0.3292619758111641,0.31509763976322347,-0.32925660557970104,-2.3546332837423734,-5.2750023805946284,-5.274988311408265,0.7195698647346851,0.7255364252473282,0.727269927336319,0.7255364397023477,0.7195698929843427,0.0,0.0,0.0,0.0,0.0,0.0,0.0,0.0,0.0,0.0,off,off,off,off,off
55.99999999999768,0.27999999999998837,7.839999999999753,-2.3436952251828984,-0.3145003730656981,0.33109489655043944,-0.31449500746953163,-2.343684773207542,-5.269342391417183,-5.269328333726378,0.7196476808099309,0.7256255816396362,0.7273624446920683,0.725625596082497,0.7196477090366513,0.0,0.0,0.0,0.0,0.0,0.0,0.0,0.0,0.0,0.0,off,off,off,off,off
56.09999999999767,0.28049999999998837,7.868024999999751,-2.332729135952377,-0.2997179780547299,0.34711415706402704,-0.29971261709107466,-2.332718692751939,-5.263668202533665,-5.263654156329778,0.7197250096871246,0.7257142591743578,0.7274544862817091,0.7257142736050648,0.7197250378909287,0.0,0.0,0.0,0.0,0.0,0.0,0.0,0.0,0.0,0.0,off,off,off,off,off
56.199999999997665,0.2809999999999883,7.89609999999975,-2.321745481974517,-0.28491481191940693,0.3631553936411933,-0.28490945558257863,-2.321735047538482,-5.257979805994637,-5.2579657712687435,0.7198018526979643,0.725802459136879,0.7275460533719488,0.7258024735554445,0.7198018808788752,0.0,0.0,0.0,0.0,0.0,0.0,0.0,0.0,0.0,0.0,off,off,off,off,off
56.29999999999766,0.2814999999999883,7.9242249999997485,-2.310744268344081,-0.27009089560698385,0.3792185788628899,-0.2700855438864096,-2.310733842665229,-5.2522771938872665,-5.25226317063067,0.7198782111747146,0.7258901828134939,0.7276371472305387,0.7258901972199432,0.7198782393327451,0.0,0.0,0.0,0.0,0.0,0.0,0.0,0.0,0.0,0.0,off,off,off,off,off
56.399999999997654,0.28199999999998826,7.952399999999748,-2.2997255000877885,-0.25524624987059497,0.3953036855505161,-0.25524090276195466,-2.2997150831612885,-5.246560358336183,-5.246546346540242,0.7199540864501429,0.7259774314913465,0.7277277691262045,0.7259774458856882,0.7199541145852997,0.0,0.0,0.0,0.0,0.0,0.0,0.0,0.0,0.0,0.0,off,off,off,off,off
56.49999999999765,0.28249999999998826,7.980624999999746,-2.2886891821729023,-0.24038089527624606,0.411410686768761,-0.24037555277413958,-2.2886787739876127,-5.2408292915023935,-5.240815291158469,0.7200294798574387,0.7260642064583521,0.7278179203285949,0.7260642208405974,0.7200295079697464,0.0,0.0,0.0,0.0,0.0,0.0,0.0,0.0,0.0,0.0,off,off,off,off,off
56.59999999999764,0.2829999999999882,8.008899999999743,-2.277635319498245,-0.22549485220611132,0.4275395558175319,-0.22548951430479747,-2.2776249200470033,-5.235083985583458,-5.235069996682682,0.7201043927301799,0.7261505090031305,0.7279076021082056,0.7261505233732924,0.7201044208196518,0.0,0.0,0.0,0.0,0.0,0.0,0.0,0.0,0.0,0.0,off,off,off,off,off
56.69999999999764,0.2834999999999882,8.037224999999742,-2.2665639169002816,-0.21058814085444055,0.44369026623166974,-0.21058280754795078,-2.266553526172231,-5.229324432812803,-5.229310455346592,0.7201788264022594,0.7262363404149625,0.7279968157363182,0.7262363547730543,0.7201788544689199,0.0,0.0,0.0,0.0,0.0,0.0,0.0,0.0,0.0,0.0,off,off,off,off,off
56.79999999999763,0.28399999999998815,8.06559999999974,-2.2554749791462427,-0.1956607812294351,0.4598627917767999,-0.19565545251020922,-2.25546459713388,-5.223550625460064,-5.223536659419608,0.7202527822078502,0.7263217019837288,0.7280855624849369,0.7263217163297672,0.7202528102517133,0.0,0.0,0.0,0.0,0.0,0.0,0.0,0.0,0.0,0.0,off,off,off,off,off
56.899999999997625,0.28449999999998815,8.09402499999974,-2.2443685109470266,-0.18071279315677202,0.47605710645126464,-0.180707469019751,-2.244358137637846,-5.21776255582995,-5.217748601206381,0.720326261481314,0.7264065949998464,0.7281738436267373,0.7264066093338418,0.7203262895024073,0.0,0.0,0.0,0.0,0.0,0.0,0.0,0.0,0.0,0.0,off,off,off,off,off
56.99999999999762,0.2849999999999881,8.122499999999738,-2.23324451694657,-0.16574419628130954,0.49227318448919277,-0.16573887672188903,-2.233234152337616,-5.211960216262469,-5.21194627304709,0.7203992655571781,0.7264910207542102,0.7282616604350242,0.7264910350761724,0.7203992935555036,0.0,0.0,0.0,0.0,0.0,0.0,0.0,0.0,0.0,0.0,off,off,off,off,off
57.099999999997614,0.2854999999999881,8.151024999999736,-2.2221030017271346,-0.1507550100720323,0.508511000344015,-0.15074969507929836,-2.2220926458064696,-5.206143599132815,-5.206129667316873,0.720471795770069,0.7265749805381296,0.7283490141836344,0.7265749948480854,0.7204718237456539,0.0,0.0,0.0,0.0,0.0,0.0,0.0,0.0,0.0,0.0,off,off,off,off,off
57.19999999999761,0.28599999999998804,8.179599999999736,-2.210943969810046,-0.13574525380613522,0.5247705287023905,-0.13573994337912154,-2.210933622567609,-5.2003126968507445,-5.200298776425541,0.7205438534546605,0.7266584756433205,0.7284359061469227,0.7266584899412688,0.7205438814075255,0.0,0.0,0.0,0.0,0.0,0.0,0.0,0.0,0.0,0.0,off,off,off,off,off
57.2999999999976,0.28649999999998804,8.208224999999734,-2.199767425656944,-0.1207149466000601,0.5410517444723268,-0.12070964073006962,-2.1997570870863683,-5.194467501860174,-5.194453592817126,0.7206154399456173,0.7267415073617685,0.7285223375996813,0.7267415216477302,0.7206154678757744,0.0,0.0,0.0,0.0,0.0,0.0,0.0,0.0,0.0,0.0,off,off,off,off,off
57.3999999999976,0.286999999999988,8.236899999999734,-2.1885733736622797,-0.10566410738175591,0.5573546227835777,-0.10565880606435485,-2.188563043756801,-5.188608006639583,-5.188594108970108,0.7206865565775709,0.7268240769857603,0.7286083098170911,0.7268240912597441,0.7206865844850321,0.0,0.0,0.0,0.0,0.0,0.0,0.0,0.0,0.0,0.0,off,off,off,off,off
57.49999999999759,0.287499999999988,8.265624999999732,-2.177361818166162,-0.0905927549132457,0.5736791389892346,-0.09058745814212443,-2.17735149691822,-5.1827342037015,-5.182720317396729,0.7207572046850327,0.7269061858077712,0.7286938240746796,0.7269062000697915,0.7207572325698128,0.0,0.0,0.0,0.0,0.0,0.0,0.0,0.0,0.0,0.0,off,off,off,off,off
57.599999999997586,0.28799999999998793,8.294399999999731,-2.166132763450207,-0.07550090777669993,0.5900252686604404,-0.07549561554765205,-2.1661224508477517,-5.176846085591535,-5.176832210642715,0.7208273856023621,0.7269878351204572,0.7287788816482595,0.7269878493705223,0.7208274134644881,0.0,0.0,0.0,0.0,0.0,0.0,0.0,0.0,0.0,0.0,off,off,off,off,off
57.69999999999758,0.28849999999998793,8.323224999999729,-2.1548862137299807,-0.06038858438677153,0.6063929875856502,-0.060383296692236854,-2.154875909767611,-5.1709436448889505,-5.170929781287327,0.7208971006637377,0.7270690262165762,0.7288634838138809,0.7270690404547034,0.7208971285032187,0.0,0.0,0.0,0.0,0.0,0.0,0.0,0.0,0.0,0.0,off,off,off,off,off
57.799999999997574,0.2889999999999879,8.352099999999728,-2.1436221731693763,-0.045255802986389426,0.6227822717697791,-0.04525051982227524,-2.143611877837486,-5.165026874205807,-5.165013021942855,0.7209663512030763,0.7271497603889546,0.728947631847784,0.7271497746151521,0.7209663790199338,0.0,0.0,0.0,0.0,0.0,0.0,0.0,0.0,0.0,0.0,off,off,off,off,off
57.89999999999757,0.2894999999999878,8.381024999999726,-2.1323406458701015,-0.030102581652158733,0.6391930974335764,-0.03009730301118907,-2.1323303591623244,-5.15909576618742,-5.15908192525427,0.721035138554017,0.7272300389304271,0.7290313270263531,0.7272300531447117,0.7210351663482604,0.0,0.0,0.0,0.0,0.0,0.0,0.0,0.0,0.0,0.0,off,off,off,off,off
57.99999999999756,0.2899999999999878,8.409999999999725,-2.121041635875997,-0.01492893828896058,0.6556254410018028,-0.01492366416744062,-2.1210313577833517,-5.153150313511446,-5.153136483899402,0.7211034640498638,0.7273098631338121,0.7291145706260437,0.7273098773361905,0.7211034918215129,0.0,0.0,0.0,0.0,0.0,0.0,0.0,0.0,0.0,0.0,off,off,off,off,off
58.09999999999756,0.29049999999998777,8.439024999999724,-2.109725147177187,0.00026510936169188426,0.6720792791174404,0.0002703789676274937,-2.109714877686258,-5.147190508887775,-5.147176690588253,0.7211713290235352,0.7273892342918425,0.7291973639233782,0.7273892484823228,0.7211713567726211,0.0,0.0,0.0,0.0,0.0,0.0,0.0,0.0,0.0,0.0,off,off,off,off,off
58.19999999999755,0.29099999999998777,8.468099999999723,-2.0983911837000164,0.015479543725007261,0.6885545886323712,0.015484808823259755,-2.0983809228067685,-5.1412163450586945,-5.141202538062771,0.7212387348075497,0.7274681536971382,0.7292797081948775,0.7274681678757384,0.7212387625340773,0.0,0.0,0.0,0.0,0.0,0.0,0.0,0.0,0.0,0.0,off,off,off,off,off
58.299999999997546,0.2914999999999877,8.497224999999721,-2.08703974932439,0.030714347387743146,0.7050513466051598,0.030719607982518937,-2.0870294970172267,-5.1352278147981565,-5.135214019097191,0.7213056827339366,0.7275466226421486,0.729361604717018,0.7275466368088773,0.7213057104379313,0.0,0.0,0.0,0.0,0.0,0.0,0.0,0.0,0.0,0.0,off,off,off,off,off
58.39999999999754,0.2919999999999877,8.52639999999972,-2.0756708478638757,0.045969503101730425,0.7215695302993481,0.045974759197576986,-2.0756606041343275,-5.129224910911546,-5.1292111264967275,0.7213721741342534,0.7276246424191235,0.7294430547661861,0.72762465657399,0.7213722018157329,0.0,0.0,0.0,0.0,0.0,0.0,0.0,0.0,0.0,0.0,off,off,off,off,off
58.499999999997534,0.29249999999998766,8.55562499999972,-2.0642844830804847,0.061244993776313095,0.7381091171782828,0.061250245377834744,-2.064274247924459,-5.1232076262353985,-5.123193853098314,0.721438210339504,0.7277022143200553,0.7295240596186247,0.7277022284630692,0.7214382379984743,0.0,0.0,0.0,0.0,0.0,0.0,0.0,0.0,0.0,0.0,off,off,off,off,off
58.59999999999753,0.29299999999998766,8.584899999999719,-2.052880658687684,0.0765408024836347,0.7546700849127319,0.07654604959827793,-2.052870432092732,-5.117175953637911,-5.117162191769808,0.7215037926800958,0.7277793396366545,0.7296046205504182,0.7277793537678329,0.7215038203165836,0.0,0.0,0.0,0.0,0.0,0.0,0.0,0.0,0.0,0.0,off,off,off,off,off
58.69999999999752,0.2934999999999876,8.614224999999717,-2.0414593783331156,0.09185691245278349,0.7712524113732115,0.09186215508725581,-2.0414491602946327,-5.1111298860178636,-5.111116135410043,0.7215689224858464,0.7278560196602962,0.7296847388374341,0.7278560337796547,0.7215689500998609,0.0,0.0,0.0,0.0,0.0,0.0,0.0,0.0,0.0,0.0,off,off,off,off,off
58.79999999999752,0.2939999999999876,8.643599999999715,-2.0300206456170145,0.1071933070689397,0.7878560746286212,0.10719854522682226,-2.030010436128407,-5.105069416304616,-5.105055676948211,0.7216336010859002,0.7279322556819843,0.729764415755283,0.7279322697895297,0.7216336286774518,0.0,0.0,0.0,0.0,0.0,0.0,0.0,0.0,0.0,0.0,off,off,off,off,off
58.89999999999751,0.29449999999998755,8.673024999999715,-2.018564464089309,0.12254996987485356,0.8044810529473807,0.122555203563536,-2.0185542631393787,-5.098994537457656,-5.098980809344027,0.7216978298086998,0.7280080489923179,0.7298436525792863,0.728008063088067,0.7216978573778136,0.0,0.0,0.0,0.0,0.0,0.0,0.0,0.0,0.0,0.0,off,off,off,off,off
58.999999999997506,0.29499999999998755,8.702499999999713,-2.0070908372404688,0.13792688456959468,0.8211273247903819,0.137932113791976,-2.007080644822622,-5.092905242466998,-5.092891525587447,0.7217616099819739,0.7280834008814537,0.7299224505844224,0.7280834149654121,0.7217616375286632,0.0,0.0,0.0,0.0,0.0,0.0,0.0,0.0,0.0,0.0,off,off,off,off,off
59.0999999999975,0.2954999999999875,8.732024999999712,-1.9955997685102602,0.15332403500241298,0.8377948688157062,0.15332925976258593,-1.995589584613981,-5.086801524352211,-5.0867878186982125,0.7218249429326853,0.7281583126390574,0.7300008110453075,0.7281583267112332,0.7218249704569729,0.0,0.0,0.0,0.0,0.0,0.0,0.0,0.0,0.0,0.0,off,off,off,off,off
59.199999999997495,0.2959999999999875,8.76159999999971,-1.984091261286494,0.16874140517580827,0.854483663875726,0.1687466254779224,-1.9840810859051885,-5.080683376162824,-5.080669681725681,0.7218878299869959,0.7282327855542756,0.7300787352361532,0.7282327996146769,0.7218878574888935,0.0,0.0,0.0,0.0,0.0,0.0,0.0,0.0,0.0,0.0,off,off,off,off,off
59.29999999999749,0.29649999999998744,8.79122499999971,-1.9725653189064474,0.18417897924109639,0.871193689007498,0.1841841950910066,-1.972555152031191,-5.074550790977582,-5.07453710774854,0.7219502724702308,0.7283068209156959,0.7301562244307079,0.7283068349643355,0.7219502999497588,0.0,0.0,0.0,0.0,0.0,0.0,0.0,0.0,0.0,0.0,off,off,off,off,off
59.39999999999748,0.29699999999998744,8.820899999999709,-1.9610219446551014,0.19963674150255883,0.8879249234435065,0.19964195290555153,-1.9610117862782204,-5.0684037619045625,-5.068390089874981,0.7220122717068572,0.7283804200113217,0.7302332799022548,0.7283804340482115,0.7220122991640295,0.0,0.0,0.0,0.0,0.0,0.0,0.0,0.0,0.0,0.0,off,off,off,off,off
59.49999999999748,0.2974999999999874,8.850624999999708,-1.949461141763038,0.2151146764131795,0.9046773466071159,0.21511988337482535,-1.9494509918779954,-5.062242282080774,-5.0622286212419,0.722073829020451,0.7284535841285344,0.7303099029235715,0.7284535981536869,0.7220738564552811,0.0,0.0,0.0,0.0,0.0,0.0,0.0,0.0,0.0,0.0,off,off,off,off,off
59.59999999999747,0.2979999999999874,8.880399999999705,-1.9378829134158195,0.23061276856827817,0.9214509380997242,0.23061797109289728,-1.9378727720131792,-5.056066344671763,-5.056052695015012,0.7221349457336472,0.7285263145540428,0.7303860947668591,0.7285263285674666,0.7221349731461543,0.0,0.0,0.0,0.0,0.0,0.0,0.0,0.0,0.0,0.0,off,off,off,off,off
59.699999999997466,0.29849999999998733,8.910224999999704,-1.9262872627475076,0.24613100271307076,0.9382456777184416,0.2461362008102128,-1.9262771298185157,-5.049875942872006,-5.0498623043886255,0.7221956231681241,0.7285986125738757,0.7304618567037664,0.728598626575594,0.7221956505583269,0.0,0.0,0.0,0.0,0.0,0.0,0.0,0.0,0.0,0.0,off,off,off,off,off
59.79999999999746,0.29899999999998733,8.940099999999703,-1.9146741928379925,0.26166936374005445,0.9550615454322724,0.26167455740903733,-1.9146640683780447,-5.043671069903951,-5.043657442585356,0.7222558626445852,0.728670479473345,0.7305371900052944,0.7286704934633534,0.7222558900124908,0.0,0.0,0.0,0.0,0.0,0.0,0.0,0.0,0.0,0.0,off,off,off,off,off
59.899999999997455,0.2994999999999873,8.970024999999701,-1.9030437067245884,0.27722783668036755,0.9718985213999645,0.2772330259275009,-1.9030335907264089,-5.037451719018236,-5.037438102855845,0.7223156654826955,0.7287419165369955,0.7306120959418149,0.7287419305153076,0.7223156928283188,0.0,0.0,0.0,0.0,0.0,0.0,0.0,0.0,0.0,0.0,off,off,off,off,off
59.99999999999745,0.2999999999999873,8.9999999999997,-1.8913958073942467,0.29280640670890534,0.9887565859580718,0.2928115915413514,-1.891385699846012,-5.031217883493525,-5.031204278478469,0.7223750330010787,0.7288129250485887,0.730686575783013,0.7288129390152223,0.7223750603244461,0.0,0.0,0.0,0.0,0.0,0.0,0.0,0.0,0.0,0.0,off,off,off,off,off
60.09999999999745,0.3,9.029999999998937,-1.8797651581909918,0.3083703932337585,1.0056011291376308,0.3083755736547005,-1.879755059084573,-5.024969601994769,-5.024956008118522,0.7225989441528818,0.7290475113083881,0.7309246266078863,0.7290475252632654,0.7225989714536889,0.0,0.0,0.0,0.0,0.0,0.0,0.0,0.0,0.0,0.0,off,off,off,off,off
60.199999999997445,0.3,9.059999999998938,-1.8681855788668713,0.32388516612127205,1.022397581535813,0.3238903421360533,-1.8681754881988581,-5.018707038593504,-5.0186934558473695,0.7228214457353025,0.7292806937461859,0.7311612768483734,0.7292807076893212,0.7228214730135594,0.0,0.0,0.0,0.0,0.0,0.0,0.0,0.0,0.0,0.0,off,off,off,off,off
60.29999999999744,0.3,9.08999999999894,-1.8566558232763555,0.3393507949577952,1.0391459813048414,0.33935596657346423,-1.8566457410330486,-5.012430374713119,-5.012416803088399,0.7230425522473561,0.7295124836713615,0.7313965377264394,0.729512497602776,0.7230425795031022,0.0,0.0,0.0,0.0,0.0,0.0,0.0,0.0,0.0,0.0,off,off,off,off,off
60.39999999999743,0.3,9.11999999999894,-1.8451746882919338,0.35476736352251237,1.0558463662976578,0.35477253074378723,-1.845164614460714,-5.00613978785492,-5.006126227343032,0.7232622779426564,0.7297428923024174,0.7316304203341673,0.7297429062221248,0.7232623051759293,0.0,0.0,0.0,0.0,0.0,0.0,0.0,0.0,0.0,0.0,off,off,off,off,off
60.49999999999743,0.3,9.149999999998942,-1.8337410114915542,0.370134969498622,1.0724987751608523,0.3701401323323239,-1.8337309460642928,-4.999835451725517,-4.999821902317649,0.7234806368385752,0.7299719307690603,0.731862935639557,0.7299719446770795,0.7234806640493981,0.0,0.0,0.0,0.0,0.0,0.0,0.0,0.0,0.0,0.0,off,off,off,off,off
60.59999999999742,0.3,9.179999999998943,-1.8223536695005578,0.38545372366883157,1.0891032477852036,0.3854588821207585,-1.8223436124671935,-4.993517536357842,-4.993503998045298,0.7236976427221617,0.7301996101114838,0.7320940944891826,0.7301996240078312,0.7236976699105648,0.0,0.0,0.0,0.0,0.0,0.0,0.0,0.0,0.0,0.0,off,off,off,off,off
60.69999999999742,0.3,9.209999999998944,-1.8110115764569628,0.4007237490823172,1.1056598256930101,0.40072890315866516,-1.811001527810106,-4.987186208228081,-4.987172681002221,0.7239133091556449,0.7304259412794989,0.7323239076106138,0.730425955164192,0.7239133363216492,0.0,0.0,0.0,0.0,0.0,0.0,0.0,0.0,0.0,0.0,off,off,off,off,off
60.79999999999741,0.3,9.239999999998945,-1.7997136825638336,0.41594518025800653,1.1221685523512974,0.41595032996269765,-1.7997036422938208,-4.980841630367877,-4.980828114220344,0.7241276494818407,0.7306509351318966,0.7325523856147591,0.7306509490049466,0.7241276766254748,0.0,0.0,0.0,0.0,0.0,0.0,0.0,0.0,0.0,0.0,off,off,off,off,off
60.899999999997405,0.3,9.269999999998946,-1.7884589727139542,0.43111816241821543,1.1386294734289208,0.4311233077574457,-1.7884489408106674,-4.974483962473016,-4.974470457394943,0.7243406768294671,0.7308746024359863,0.7327795389981656,0.7308746162974111,0.7243407039507592,0.0,0.0,0.0,0.0,0.0,0.0,0.0,0.0,0.0,0.0,off,off,off,off,off
60.9999999999974,0.3,9.299999999998947,-1.7772464651768018,0.4462428507559366,1.155042637054862,0.4462479917359019,-1.7772364416296682,-4.968113361006544,-4.9680998669892915,0.7245524041183335,0.7310969538672745,0.7330053781453598,0.7310969677170915,0.7245524312173144,0.0,0.0,0.0,0.0,0.0,0.0,0.0,0.0,0.0,0.0,off,off,off,off,off
61.099999999997394,0.3,9.329999999998948,-1.7660752103405457,0.4613194097525479,1.1714080940047893,0.4613245463804674,-1.7660651951383102,-4.961729979299378,-4.9617164963342475,0.7247628440644072,0.7313180000092926,0.7332299133310176,0.7313180138475209,0.7247628711411089,0.0,0.0,0.0,0.0,0.0,0.0,0.0,0.0,0.0,0.0,off,off,off,off,off
61.19999999999739,0.3,9.35999999999895,-1.7549442895047491,0.4763480125192814,1.1877258978973373,0.4763531447997025,-1.7549342826419547,-4.9553339676468795,-4.955320495725061,0.7249720091847319,0.7315377513534823,0.7334531547221503,0.7315377651801361,0.7249720362391704,0.0,0.0,0.0,0.0,0.0,0.0,0.0,0.0,0.0,0.0,off,off,off,off,off
61.29999999999738,0.3,9.38999999999895,-1.743852813727699,0.4913288401860427,1.203996105352985,0.49133396812510455,-1.7438428151945118,-4.948925473401232,-4.948912012514143,0.7251799118021923,0.7317562182992036,0.7336751123801807,0.7317562321142996,0.7251799388343959,0.0,0.0,0.0,0.0,0.0,0.0,0.0,0.0,0.0,0.0,off,off,off,off,off
61.39999999999738,0.3,9.419999999998952,-1.7327999227190958,0.5062620813160379,1.2202187761113237,0.5062672049182879,-1.7327899325053977,-4.942504641061987,-4.942491191200759,0.7253865640501291,0.7319734111537781,0.7338957962628849,0.7319734249573298,0.7253865910601255,0.0,0.0,0.0,0.0,0.0,0.0,0.0,0.0,0.0,0.0,off,off,off,off,off
61.49999999999737,0.3,9.449999999998953,-1.7217847837742397,0.521147931351436,1.2363939731703795,0.5211530506238091,-1.7217748018712768,-4.936071612360934,-4.936058173517097,0.7255919778768237,0.732189340132607,0.7341152162263705,0.7321893539246327,0.7255920048646384,0.0,0.0,0.0,0.0,0.0,0.0,0.0,0.0,0.0,0.0,off,off,off,off,off
61.599999999997365,0.3,9.479999999998954,-1.7108065907579544,0.5359865921072924,1.2525217628718792,0.5359917070562688,-1.7107966171573707,-4.9296265263463965,-4.929613098511197,0.725796165049823,0.7324040153593813,0.7343333820268841,0.7324040291398992,0.7257961920154797,0.0,0.0,0.0,0.0,0.0,0.0,0.0,0.0,0.0,0.0,off,off,off,off,off
61.69999999999736,0.3,9.509999999998955,-1.699864563118922,0.550778271271156,1.2686022149828204,0.5507833819000325,-1.6998545978128163,-4.923169519462704,-4.923156102627445,0.7259991371601534,0.7326174468662904,0.7345503033225835,0.73261746063531,0.7259991641036744,0.0,0.0,0.0,0.0,0.0,0.0,0.0,0.0,0.0,0.0,off,off,off,off,off
61.799999999997354,0.3,9.539999999998956,-1.6889579449597818,0.565523181948663,1.2846354027615803,0.5655282882618735,-1.6889479879357623,-4.916700725627493,-4.916687319783534,0.7262009056263607,0.7328296445943252,0.734765989675242,0.7328296583518589,0.7262009325477801,0.0,0.0,0.0,0.0,0.0,0.0,0.0,0.0,0.0,0.0,off,off,off,off,off
61.89999999999735,0.3,9.569999999998958,-1.678086004119507,0.5802215422218637,1.3006214030116325,0.5802266442256041,-1.678076055373765,-4.91022027630612,-4.9102068814448785,0.7264014816984914,0.7330406183935899,0.7349804505518948,0.733040632139655,0.7264015085978206,0.0,0.0,0.0,0.0,0.0,0.0,0.0,0.0,0.0,0.0,off,off,off,off,off
61.99999999999734,0.3,9.599999999998959,-1.6672480313255278,0.5948735747489877,1.3165602961120157,0.5948786724512161,-1.667238090846638,-4.90372830058368,-4.903714916696401,0.7266008764618587,0.7332503780236999,0.7351936953263958,0.7332503917583184,0.7266009033391292,0.0,0.0,0.0,0.0,0.0,0.0,0.0,0.0,0.0,0.0,off,off,off,off,off
62.09999999999734,0.3,9.62999999999896,-1.656443339344662,0.6094795063759761,1.3324521660563846,0.6094845997788525,-1.656433407125519,-4.8972249252336155,-4.897211552311717,0.7267991008407861,0.7334589331541872,0.7354057332809754,0.733458946877365,0.7267991276960184,0.0,0.0,0.0,0.0,0.0,0.0,0.0,0.0,0.0,0.0,off,off,off,off,off
62.19999999999733,0.3,9.659999999998961,-1.6456712621950373,0.624039567768591,1.3482971004466435,0.6240446568789935,-1.6456613382270575,-4.890710274785135,-4.890696912819976,0.7269961656021666,0.7336662933649348,0.7356165736076455,0.7336663070766916,0.7269961924353837,0.0,0.0,0.0,0.0,0.0,0.0,0.0,0.0,0.0,0.0,off,off,off,off,off
62.299999999997326,0.3,9.689999999998962,-1.634931154372282,0.6385539930732307,1.3640951905117618,0.6385590778954224,-1.6349212386452336,-4.884184471587105,-4.884171120570102,0.7271920813589483,0.733872468146668,0.7358262254096571,0.7338724818470153,0.727192108170179,0.0,0.0,0.0,0.0,0.0,0.0,0.0,0.0,0.0,0.0,off,off,off,off,off
62.39999999999732,0.3,9.719999999998963,-1.6242223901163584,0.6530230195930926,1.3798465311054429,0.6530281001352023,-1.6242124826198392,-4.877647635870289,-4.877634295792859,0.7273868585735004,0.7340774669014573,0.7360346977028683,0.7340774805904166,0.7273868853627736,0.0,0.0,0.0,0.0,0.0,0.0,0.0,0.0,0.0,0.0,off,off,off,off,off
62.499999999997314,0.3,9.749999999998964,-1.6135443626915844,0.6674468874894615,1.395551220676623,0.667451963756605,-1.6135344634205921,-4.871099885807439,-4.871086556660771,0.72758050756091,0.7342812989432698,0.7362419994170217,0.7342813126208562,0.7275805343282384,0.0,0.0,0.0,0.0,0.0,0.0,0.0,0.0,0.0,0.0,off,off,off,off,off
62.59999999999731,0.3,9.779999999998966,-1.6028964837192348,0.6818258394911823,1.4112093612640138,0.681830911486486,-1.6028865926645608,-4.864541337570529,-4.864528019345869,0.7277730384921156,0.7344839734985212,0.7364481393970607,0.7344839871647428,0.7277730652375265,0.0,0.0,0.0,0.0,0.0,0.0,0.0,0.0,0.0,0.0,off,off,off,off,off
62.6999999999973,0.3,9.809999999998967,-1.5922781825182142,0.6961601206259616,1.4268210584539815,0.6961651883545414,-1.5922682996707067,-4.857972105387034,-4.857958798075856,0.7279644613970022,0.7346854997066593,0.7366531264043277,0.7346855133615307,0.7279644881205193,0.0,0.0,0.0,0.0,0.0,0.0,0.0,0.0,0.0,0.0,off,off,off,off,off
62.7999999999973,0.3,9.839999999998968,-1.58168890546915,0.7104499779709386,1.4423864213503066,0.7104550414370578,-1.5816790308184636,-4.851392301593819,-4.851379005187368,0.7281547861674037,0.7348858866207819,0.7368569691177682,0.7348859002643147,0.7281548128690554,0.0,0.0,0.0,0.0,0.0,0.0,0.0,0.0,0.0,0.0,off,off,off,off,off
62.89999999999729,0.3,9.869999999998969,-1.5711281154169683,0.7246956604105321,1.4579055625343926,0.7247007196213531,-1.5711182489560542,-4.844802036688691,-4.844788751178385,0.7283440225599835,0.7350851432082491,0.7370596761350922,0.7350851568404627,0.7283440492397891,0.0,0.0,0.0,0.0,0.0,0.0,0.0,0.0,0.0,0.0,off,off,off,off,off
62.999999999997286,0.3,9.89999999999897,-1.5605952910842689,0.7388974184204926,1.4733785980183711,0.7389024733794258,-1.5605854328046576,-4.83820141938088,-4.838188144758078,0.7285321801990658,0.735283278351349,0.7372612559738934,0.7352832919722528,0.7285322068570487,0.0,0.0,0.0,0.0,0.0,0.0,0.0,0.0,0.0,0.0,off,off,off,off,off
63.09999999999728,0.3,9.929999999998971,-1.5500899265167618,0.7530555038494526,1.488805647191782,0.7530605545620119,-1.5500800764130531,-4.831590556639753,-4.831577292895645,0.7287192685793573,0.7354803008479319,0.7374617170727269,0.7354803144575413,0.7287192952155318,0.0,0.0,0.0,0.0,0.0,0.0,0.0,0.0,0.0,0.0,off,off,off,off,off
63.199999999997274,0.3,9.959999999998972,-1.5396115305451303,0.7671701697253752,1.5041868327699603,0.7671752161980407,-1.5396016886037387,-4.8249695537406865,-4.824956300866802,0.728905297068605,0.7356762194120954,0.7376610677921795,0.7356762330104267,0.7289053236830082,0.0,0.0,0.0,0.0,0.0,0.0,0.0,0.0,0.0,0.0,off,off,off,off,off
63.29999999999727,0.3,9.989999999998973,-1.5291596262575808,0.7812416700731433,1.5195222807240611,0.7812467123106899,-1.5291497924704345,-4.818338514311449,-4.818325272299035,0.7290902749102055,0.7358710426748731,0.7378593164158616,0.7358710562619415,0.729090301502859,0.0,0.0,0.0,0.0,0.0,0.0,0.0,0.0,0.0,0.0,off,off,off,off,off
63.39999999999726,0.3,10.019999999998975,-1.5187337505161622,0.7952702597360712,1.5348121202289349,0.795275297741739,-1.5187239248793958,-4.811697540374894,-4.811684309215366,0.7292742112256775,0.7360647791849254,0.7380564711514332,0.7360647927607381,0.7292742377965923,0.0,0.0,0.0,0.0,0.0,0.0,0.0,0.0,0.0,0.0,off,off,off,off,off
63.49999999999726,0.3,10.049999999998976,-1.5083334534710389,0.8092561942164025,1.5500564835944033,0.8092612279953642,-1.5083236359766943,-4.8050467323914745,-4.805033512076193,0.7294571150171175,0.7362574374092484,0.7382525401315657,0.7362574509738201,0.7294571415663142,0.0,0.0,0.0,0.0,0.0,0.0,0.0,0.0,0.0,0.0,off,off,off,off,off
63.59999999999725,0.3,10.079999999998977,-1.4979582981034696,0.823199729518592,1.5652555061941484,0.8232047590763614,-1.4979484887409171,-4.798386189300345,-4.798372979820613,0.7296389951695624,0.7364490257338837,0.7384475314148781,0.7364490392872295,0.7296390216970702,0.0,0.0,0.0,0.0,0.0,0.0,0.0,0.0,0.0,0.0,off,off,off,off,off
63.699999999997246,0.3,10.109999999998978,-1.487607859772936,0.8371011220089599,1.5804093263968184,0.8371061473507098,-1.487598058538083,-4.791716008557955,-4.791702809905189,0.7298198604533231,0.7366395524646459,0.7386414529868558,0.7366395660067795,0.7298198869591527,0.0,0.0,0.0,0.0,0.0,0.0,0.0,0.0,0.0,0.0,off,off,off,off,off
63.79999999999724,0.3,10.13999999999898,-1.4772817258074724,0.8509606282769937,1.595518085495712,0.8509656494084084,-1.4772719326878132,-4.785036286176933,-4.7850230983423785,0.7299997195261781,0.7368290258278412,0.7388343127607575,0.7368290393587781,0.7299997460103624,0.0,0.0,0.0,0.0,0.0,0.0,0.0,0.0,0.0,0.0,off,off,off,off,off
63.899999999997235,0.3,10.16999999999898,-1.4669794950765436,0.8647785050183643,1.6105819276341435,0.8647835219442754,-1.4669697100651433,-4.7783471167623475,-4.778333939737422,0.7301785809356023,0.7370174539710233,0.7390261185784833,0.7370174674907766,0.7301786073981609,0.0,0.0,0.0,0.0,0.0,0.0,0.0,0.0,0.0,0.0,off,off,off,off,off
63.99999999999723,0.3,10.199999999998981,-1.4567007776076935,0.8785550089093022,1.625600999725009,0.8785600216334615,-1.4566910006960256,-4.771648593547468,-4.771635427323417,0.7303564531208577,0.7372048449637107,0.7392168782114149,0.7372048584722903,0.7303564795618128,0.0,0.0,0.0,0.0,0.0,0.0,0.0,0.0,0.0,0.0,off,off,off,off,off
64.09999999999722,0.3,10.229999999998975,-1.4464451942010328,0.8922903964951274,1.6405754513765487,0.8922954050208887,-1.4464354253813667,-4.76494080842798,-4.7649276529963345,0.7305333444150728,0.7373912067981255,0.7394065993612539,0.7373912202955406,0.7305333708344457,0.0,0.0,0.0,0.0,0.0,0.0,0.0,0.0,0.0,0.0,off,off,off,off,off
64.19999999999722,0.3,10.25999999999897,-1.436212376062656,0.9059849240933318,1.6555054348165186,0.9059899284247876,-1.4362026153274883,-4.758223851995524,-4.758210707347644,0.7307092630472549,0.7375765473899527,0.7395952896608395,0.7375765608762143,0.7307092894450646,0.0,0.0,0.0,0.0,0.0,0.0,0.0,0.0,0.0,0.0,off,off,off,off,off
64.29999999999721,0.3,10.289999999998964,-1.426001964456816,0.9196388476908055,1.6703911048169857,0.9196438478378468,-1.4259922117986434,-4.751497813569586,-4.751484679696773,0.7308842171442339,0.7377608745790684,0.7397829566749532,0.737760888054203,0.7308842435205004,0.0,0.0,0.0,0.0,0.0,0.0,0.0,0.0,0.0,0.0,off,off,off,off,off
64.3999999999972,0.3,10.319999999998958,-1.4158136103652055,0.9332524228601642,1.6852326186088362,0.9332574188267131,-1.4158038657772067,-4.744762781228758,-4.744749658122487,0.7310582147325724,0.7379441961303033,0.7399696079010735,0.7379442095943222,0.7310582410873142,0.0,0.0,0.0,0.0,0.0,0.0,0.0,0.0,0.0,0.0,off,off,off,off,off
64.4999999999972,0.3,10.349999999998952,-1.4056469741584579,0.9468259046723233,1.7000301358054344,0.9468308964615062,-1.405637237628241,-4.738018841840983,-4.7380057294924995,0.7312312637404257,0.7381265197341814,0.7401552507701461,0.7381265331870919,0.7312312900736758,0.0,0.0,0.0,0.0,0.0,0.0,0.0,0.0,0.0,0.0,off,off,off,off,off
64.5999999999972,0.3,10.379999999998946,-1.3955017252753237,0.9603595476190776,1.7147838183257704,0.9603645352327135,-1.395491996796295,-4.731266081092201,-4.731252979492865,0.7314033719993692,0.7383078530076668,0.7403398926473369,0.7383078664494743,0.7314033983111446,0.0,0.0,0.0,0.0,0.0,0.0,0.0,0.0,0.0,0.0,off,off,off,off,off
64.69999999999719,0.3,10.40999999999894,-1.3853775419331669,0.9738536055338045,1.7294938303139133,0.9738585889816136,-1.3853678215006084,-4.724504583514715,-4.724491492656057,0.7315745472461178,0.7384882034948939,0.740523540832753,0.7384882169256244,0.7315745735364306,0.0,0.0,0.0,0.0,0.0,0.0,0.0,0.0,0.0,0.0,off,off,off,off,off
64.79999999999718,0.3,10.439999999998934,-1.375274110826524,0.9873083315363829,1.7441603380650577,0.9873133108230832,-1.375264398432023,-4.7177344325149875,-4.717721352388423,0.7317447971242718,0.738667578667946,0.740706202562176,0.7386675920876123,0.7317448233931447,0.0,0.0,0.0,0.0,0.0,0.0,0.0,0.0,0.0,0.0,off,off,off,off,off
64.89999999999718,0.3,10.469999999998928,-1.365191126850334,1.0007239779618544,1.7587835099360518,1.0007289530890375,-1.3651814224855343,-4.7109557103993325,-4.7109426409962225,0.7319141291859769,0.7388459859275763,0.7408878850077315,0.7388459993361821,0.7319141554334312,0.0,0.0,0.0,0.0,0.0,0.0,0.0,0.0,0.0,0.0,off,off,off,off,off
64.99999999999717,0.3,10.499999999998922,-1.3551282928229966,1.014100796297157,1.7733635162817905,1.0141057672698253,-1.3551185964826118,-4.7041684984000085,-4.704155439711599,0.7320825508935693,0.7390234326039337,0.7410685952786158,0.7390234460014924,0.7320825771196193,0.0,0.0,0.0,0.0,0.0,0.0,0.0,0.0,0.0,0.0,off,off,off,off,off
65.09999999999717,0.3,10.529999999998916,-1.3450853192333625,1.0274390371411641,1.7879005293616501,1.0274440039614774,-1.3450756309064786,-4.697372876699205,-4.697359828716969,0.7322500696211452,0.7391999259573419,0.7412483404217299,0.7391999393438596,0.7322500958258196,0.0,0.0,0.0,0.0,0.0,0.0,0.0,0.0,0.0,0.0,off,off,off,off,off
65.19999999999716,0.3,10.55999999999891,-1.3350619239819252,1.0407389501343118,1.8023947232824753,1.0407439128119336,-1.3350522436588221,-4.690568924453828,-4.690555887169182,0.7324166926561295,0.739375473178978,0.7414271274223966,0.7393754865544807,0.732416718839454,0.0,0.0,0.0,0.0,0.0,0.0,0.0,0.0,0.0,0.0,off,off,off,off,off
65.29999999999715,0.3,10.589999999998904,-1.3250578321367357,1.054000783934498,1.8168462739038205,1.0540057424709062,-1.3250481598138322,-4.683756719818518,-4.683743693222709,0.7325824272007931,0.7395500813916666,0.7416049632049615,0.7395500947561576,0.7325824533627763,0.0,0.0,0.0,0.0,0.0,0.0,0.0,0.0,0.0,0.0,off,off,off,off,off
65.39999999999715,0.3,10.619999999998898,-1.3150727757124514,1.06722478615535,1.8312553587770708,1.0672297405574795,-1.3150631113829832,-4.6769363399673125,-4.676923324052041,0.7327472803736926,0.7397237576505531,0.7417818546334729,0.7397237710040514,0.7327473065143516,0.0,0.0,0.0,0.0,0.0,0.0,0.0,0.0,0.0,0.0,off,off,off,off,off
65.49999999999714,0.3,10.649999999998892,-1.3051064934311967,1.0804112033369506,1.8456221570683056,1.0804161536062793,-1.305096837086353,-4.67010786111706,-4.670094855873572,0.7329112592111467,0.7398965089438587,0.7419578085123043,0.7398965222863675,0.7329112853305054,0.0,0.0,0.0,0.0,0.0,0.0,0.0,0.0,0.0,0.0,off,off,off,off,off
65.59999999999714,0.3,10.679999999998886,-1.2951587305098542,1.093560280899851,1.8599468494769553,1.0935652270412106,-1.2951490821413358,-4.663271358546922,-4.663258363966577,0.7330743706686298,0.740068342193571,0.7421328315867536,0.7400683555251034,0.7330743967667095,0.0,0.0,0.0,0.0,0.0,0.0,0.0,0.0,0.0,0.0,off,off,off,off,off
65.69999999999713,0.3,10.70999999999888,-1.2852292384520183,1.1066722631228458,1.8742296181705456,1.1066772051404428,-1.2852195980543684,-4.656426906619345,-4.656413922693673,0.733236621622137,0.7402392642561901,0.7423069305436717,0.7402392775767573,0.7332366476989515,0.0,0.0,0.0,0.0,0.0,0.0,0.0,0.0,0.0,0.0,off,off,off,off,off
65.79999999999713,0.3,10.739999999998874,-1.2753177748472808,1.1197473931035802,1.8884706467172805,1.1197523310023598,-1.2753081424095853,-4.649574578800241,-4.64956160552066,0.7333980188695204,0.7404092819234146,0.7424801120120736,0.7404092952330298,0.7333980449250984,0.0,0.0,0.0,0.0,0.0,0.0,0.0,0.0,0.0,0.0,off,off,off,off,off
65.89999999999712,0.3,10.769999999998868,-1.2654241031688684,1.132785912732004,1.9026701200099865,1.1327908465152063,-1.265414478686239,-4.642714447678031,-4.6427014850359,0.7335585691318148,0.7405784019228495,0.7426523825637141,0.7405784152215207,0.7335585951661691,0.0,0.0,0.0,0.0,0.0,0.0,0.0,0.0,0.0,0.0,off,off,off,off,off
65.99999999999712,0.3,10.799999999998862,-1.2555479925948703,1.145788062666952,1.9168282241977863,1.1457929923413417,-1.2555383760616792,-4.635846584981891,-4.63583363296857,0.7337182790544917,0.7407466309187113,0.7428237487136701,0.7407466442064565,0.7337183050676356,0.0,0.0,0.0,0.0,0.0,0.0,0.0,0.0,0.0,0.0,off,off,off,off,off
66.09999999999711,0.3,10.829999999998856,-1.2456892178246903,1.1587540823087465,1.9309451466261294,1.1587590078785297,-1.245679609228148,-4.628971061599998,-4.628958120207017,0.7338771552087078,0.7409139755125095,0.7429942169209394,0.74091398878934,0.7338771812006758,0.0,0.0,0.0,0.0,0.0,0.0,0.0,0.0,0.0,0.0,off,off,off,off,off
66.1999999999971,0.3,10.85999999999885,-1.2358475588958413,1.1716842097815174,1.945021075758632,1.1716891312514122,-1.2358379582317411,-4.622087947597322,-4.622075016816268,0.7340352040925476,0.7410804422437459,0.7431637935889727,0.7410804555096745,0.7340352300633507,0.0,0.0,0.0,0.0,0.0,0.0,0.0,0.0,0.0,0.0,off,off,off,off,off
66.2999999999971,0.3,10.889999999998844,-1.226022801024044,1.1845786819116029,1.9590562011212,1.1845835992874072,-1.2260132082878954,-4.615197312232453,-4.6151843920547435,0.734192432132191,0.7412460375905874,0.7433324850662553,0.741246050845629,0.7341924580818389,0.0,0.0,0.0,0.0,0.0,0.0,0.0,0.0,0.0,0.0,off,off,off,off,off
66.39999999999709,0.3,10.919999999998838,-1.2162147344449181,1.1974377342088474,1.9730507132386492,1.1974426474915845,-1.216205149626262,-4.608299223973916,-4.608286314390909,0.7343488456830576,0.7414107679705393,0.7435002976468617,0.741410781214696,0.734348871611579,0.0,0.0,0.0,0.0,0.0,0.0,0.0,0.0,0.0,0.0,off,off,off,off,off
66.49999999999709,0.3,10.949999999998832,-1.206423154241179,1.2102616008561426,1.9870048035646164,1.2102665100501895,-1.2064135773308067,-4.601393750516195,-4.60138085151948,0.7345044510309916,0.741574639741126,0.7436672375709774,0.7415746529744104,0.7345044769384096,0.0,0.0,0.0,0.0,0.0,0.0,0.0,0.0,0.0,0.0,off,off,off,off,off
66.59999999999708,0.3,10.979999999998826,-1.1966478602057578,1.223050514688282,2.000918664429946,1.223055419799266,-1.1966382911983828,-4.594480958795316,-4.594468070376365,0.7346592543933287,0.7417376592005381,0.7438333110254597,0.741737672422964,0.734659280279657,0.0,0.0,0.0,0.0,0.0,0.0,0.0,0.0,0.0,0.0,off,off,off,off,off
66.69999999999708,0.3,11.00999999999882,-1.1868886566880406,1.235804707183604,2.014792488979026,1.2358096082190855,-1.186879095575705,-4.587560915004133,-4.587548037154193,0.734813261920003,0.741899832588297,0.7439985241443577,0.7418998457998845,0.7348132877852619,0.0,0.0,0.0,0.0,0.0,0.0,0.0,0.0,0.0,0.0,off,off,off,off,off
66.79999999999707,0.3,11.039999999998814,-1.1771453524553408,1.2485244084547844,2.0286264711067474,1.248529305416639,-1.1771357992316211,-4.580633684606312,-4.580620817316856,0.7349664796946015,0.742061166085909,0.744162883009421,0.7420611792866634,0.7349665055388066,0.0,0.0,0.0,0.0,0.0,0.0,0.0,0.0,0.0,0.0,off,off,off,off,off
66.89999999999706,0.3,11.069999999998808,-1.1674177605553382,1.2612098472336015,2.042420805409563,1.2612147401272296,-1.1674082152128449,-4.573699332350998,-4.573686475613613,0.7351189137354036,0.742221665817497,0.744326393650638,0.7422216790074319,0.7351189395585749,0.0,0.0,0.0,0.0,0.0,0.0,0.0,0.0,0.0,0.0,off,off,off,off,off
66.99999999999706,0.3,11.099999999998802,-1.1577056981839178,1.2738612508741767,2.056175687122675,1.2738661396998054,-1.1576961607176486,-4.56675792228657,-4.566745076092616,0.7352705699964025,0.7423813378504647,0.7444890620467259,0.7423813510295804,0.7352705957985516,0.0,0.0,0.0,0.0,0.0,0.0,0.0,0.0,0.0,0.0,off,off,off,off,off
67.09999999999705,0.3,11.129999999998796,-1.1480089865628997,1.286478845327565,2.0698913120729685,1.2864837300935505,-1.1479994569654082,-4.559809517773772,-4.559796682114779,0.7354214543682795,0.7425401881960804,0.7446508941256547,0.7425402013643992,0.735421480149426,0.0,0.0,0.0,0.0,0.0,0.0,0.0,0.0,0.0,0.0,off,off,off,off,off
67.19999999999705,0.3,11.15999999999879,-1.1383274508133354,1.299062855151476,2.0835678766180763,1.299067735861854,-1.1383179290763223,-4.552854181498901,-4.5528413563663435,0.7355715726793914,0.7426982228101412,0.7448118957651223,0.7426982359676736,0.7355715984395568,0.0,0.0,0.0,0.0,0.0,0.0,0.0,0.0,0.0,0.0,off,off,off,off,off
67.29999999999704,0.3,11.189999999998784,-1.1286609198375572,1.3116135035059528,2.0972055775995386,1.3116183801625994,-1.1286514059511887,-4.5458919754861995,-4.545879160871607,0.7357209306967176,0.742855447593592,0.744972072793058,0.7428554607403431,0.7357209564359269,0.0,0.0,0.0,0.0,0.0,0.0,0.0,0.0,0.0,0.0,off,off,off,off,off
67.39999999999704,0.3,11.219999999998779,-1.1190092261986138,1.3241310121366041,2.110804612293748,1.3241358847440665,-1.1189997201578308,-4.538922961110472,-4.538910157005262,0.7358695341268081,0.7430118683931028,0.7451314309881126,0.7430118815290835,0.7358695598450739,0.0,0.0,0.0,0.0,0.0,0.0,0.0,0.0,0.0,0.0,off,off,off,off,off
67.49999999999703,0.3,11.249999999998773,-1.1093722060260234,1.3366156013811974,2.1243651783589144,1.3366204699443074,-1.1093627078241752,-4.531947199108629,-4.53193440550433,0.7360173886166496,0.7431674910016954,0.7452899760801278,0.7431675041269188,0.7360174143139886,0.0,0.0,0.0,0.0,0.0,0.0,0.0,0.0,0.0,0.0,off,off,off,off,off
67.59999999999702,0.3,11.279999999998767,-1.0997496988948114,1.3490674901700004,2.1378874737882256,1.3490723546929644,-1.0997402085241106,-4.5249647495913905,-4.5249519664794775,0.7361644997545961,0.743322321159349,0.7454477137506127,0.7433223342738257,0.7361645254310288,0.0,0.0,0.0,0.0,0.0,0.0,0.0,0.0,0.0,0.0,off,off,off,off,off
67.69999999999702,0.3,11.30999999999876,-1.090141547725409,1.361486896018846,2.1513716968631797,1.3614917565044493,-1.0901320651803417,-4.517975672054661,-4.5179628994267205,0.7363108730712352,0.7434763645535757,0.7456046496332102,0.7434763776573131,0.7363108987267746,0.0,0.0,0.0,0.0,0.0,0.0,0.0,0.0,0.0,0.0,off,off,off,off,off
67.79999999999701,0.3,11.339999999998755,-1.0805475986902593,1.3738740350298144,2.1648180461082234,1.3738788914824909,-1.0805381239625262,-4.51098002539004,-4.510967263237774,0.7364565140402235,0.7436296268200059,0.7457607893141631,0.7436296399130154,0.7364565396748909,0.0,0.0,0.0,0.0,0.0,0.0,0.0,0.0,0.0,0.0,off,off,off,off,off
67.89999999999701,0.3,11.369999999998749,-1.0709677011091117,1.3862291218917449,2.178226720251928,1.3862339743164966,-1.0709582341908686,-4.503977867896197,-4.50396511621102,0.7366014280791479,0.7437821135429677,0.7459161383327847,0.7437821266252623,0.7366014536929636,0.0,0.0,0.0,0.0,0.0,0.0,0.0,0.0,0.0,0.0,off,off,off,off,off
67.999999999997,0.3,11.399999999998743,-1.0614017073610285,1.3985523698876818,2.191597918175262,1.398557218287408,-1.0613922482470457,-4.49696925728847,-4.4969565160618,0.7367456205503322,0.7439338302560742,0.7460707021818891,0.7439338433276618,0.7367456461433094,0.0,0.0,0.0,0.0,0.0,0.0,0.0,0.0,0.0,0.0,off,off,off,off,off
68.099999999997,0.3,11.429999999998737,-1.051849472795709,1.4108439908866899,2.204931838875382,1.4108488352648578,-1.0518400214780854,-4.489954250709218,-4.489941519932586,0.7368890967616387,0.7440847824427625,0.7462244863082518,0.7440847955036513,0.7368891223337969,0.0,0.0,0.0,0.0,0.0,0.0,0.0,0.0,0.0,0.0,off,off,off,off,off
68.19999999999699,0.3,11.45999999999873,-1.0423108556413467,1.4231041953513568,2.2182286814263534,1.4231090357148446,-1.0423014121122378,-4.482932904737709,-4.482920184402531,0.7370318619672654,0.7442349755368648,0.7463774961130565,0.744234988587073,0.7370318875186253,0.0,0.0,0.0,0.0,0.0,0.0,0.0,0.0,0.0,0.0,off,off,off,off,off
68.29999999999698,0.3,11.489999999998725,-1.0327857169259573,1.4353331923417159,2.231488644930778,1.4353380286921151,-1.032776281179224,-4.4759052753992705,-4.4758925654971335,0.7371739213685076,0.744384414923163,0.7465297369523103,0.7443844279626946,0.7371739468990837,0.0,0.0,0.0,0.0,0.0,0.0,0.0,0.0,0.0,0.0,off,off,off,off,off
68.39999999999698,0.3,11.519999999998719,-1.023273920398367,1.4475311895167806,2.2447119284983046,1.4475360218601168,-1.0232644924241754,-4.4688714181747855,-4.4688587186973905,0.7373152801145039,0.7445331059379284,0.74668121413732,0.7445331189667991,0.7373153056243223,0.0,0.0,0.0,0.0,0.0,0.0,0.0,0.0,0.0,0.0,off,off,off,off,off
68.49999999999697,0.3,11.549999999998713,-1.013775332438911,1.459698393137785,2.2578987311923697,1.4597032214774117,-1.0137659122360674,-4.4618313880101255,-4.461818698948889,0.73745594330301,0.7446810538694605,0.7468319329350781,0.7446810668876788,0.7374559687920723,0.0,0.0,0.0,0.0,0.0,0.0,0.0,0.0,0.0,0.0,off,off,off,off,off
68.59999999999697,0.3,11.579999999998707,-1.0042898219961103,1.4718350080751748,2.2710492520054117,1.4718398324116606,-1.0042804095567703,-4.454785239324224,-4.454772560670676,0.7375959159810886,0.7448282639586236,0.7469818985687168,0.7448282769661903,0.737595941449414,0.0,0.0,0.0,0.0,0.0,0.0,0.0,0.0,0.0,0.0,off,off,off,off,off
68.69999999999696,0.3,11.609999999998701,-0.9948172605073182,1.4839412378091765,2.284163689815614,1.4839460581476942,-0.9948078558244902,-4.447733026017602,-4.447720357763444,0.7377352031458378,0.744974741399364,0.7471311162179034,0.7449747543962927,0.7377352285934443,0.0,0.0,0.0,0.0,0.0,0.0,0.0,0.0,0.0,0.0,off,off,off,off,off
68.79999999999696,0.3,11.639999999998695,-0.9853575218309061,1.4960172844351405,2.2972422433602446,1.496022100780067,-0.9853481248948697,-4.440674801481578,-4.440662143618283,0.7378738097450804,0.7451204913392293,0.7472795910192761,0.7451205043255312,0.7378738351719937,0.0,0.0,0.0,0.0,0.0,0.0,0.0,0.0,0.0,0.0,off,off,off,off,off
68.89999999999695,0.3,11.669999999998689,-0.9759104821691835,1.5080633486745114,2.3102851112040526,1.5080681610286888,-0.9759010929751639,-4.433610618605201,-4.43359797112447,0.738011740678074,0.7452655188798964,0.7474273280668572,0.7452655318555784,0.7380117660843054,0.0,0.0,0.0,0.0,0.0,0.0,0.0,0.0,0.0,0.0,off,off,off,off,off
68.99999999999694,0.3,11.699999999998683,-0.9664760200172964,1.520079629876136,2.3232924916971456,1.520084438244794,-0.9664666385556302,-4.426540529783779,-4.4265278926772,0.7381490007961385,0.7454098290776666,0.7475743324124298,0.7454098420427432,0.7381490261817126,0.0,0.0,0.0,0.0,0.0,0.0,0.0,0.0,0.0,0.0,off,off,off,off,off
69.09999999999694,0.3,11.729999999998677,-0.9570540160856922,1.5320663260231981,2.336264582958279,1.5320711304089514,-0.9570446423508656,-4.419464586926949,-4.419451960186109,0.7382855949033509,0.74555342694397,0.7477206090659814,0.7455534398984469,0.7382856202682815,0.0,0.0,0.0,0.0,0.0,0.0,0.0,0.0,0.0,0.0,off,off,off,off,off
69.19999999999693,0.3,11.759999999998671,-0.9476443532408325,1.5440236337329907,2.349201582831199,1.544028434144309,-0.9476349872265928,-4.412382841465103,-4.4123702250814745,0.7384215277571858,0.7456963174458412,0.7478661629960577,0.7456963303897409,0.7384215531014885,0.0,0.0,0.0,0.0,0.0,0.0,0.0,0.0,0.0,0.0,off,off,off,off,off
69.29999999999693,0.3,11.789999999998665,-0.9382469164568761,1.5559517482811884,2.362103688869581,1.5559565447211412,-0.9382375581566293,-4.405295344357512,-4.405282738322683,0.7385568040691145,0.7458385055064549,0.7480109991301997,0.7458385184397857,0.7385568293928055,0.0,0.0,0.0,0.0,0.0,0.0,0.0,0.0,0.0,0.0,off,off,off,off,off
69.39999999999692,0.3,11.81999999999866,-0.9288615927388832,1.5678508635919002,2.374971098307128,1.5678556560604875,-0.9288522421449557,-4.3982021460992655,-4.398189550404652,0.7386914285052811,0.7459799960055675,0.748155122355323,0.745980008928328,0.7386914538083796,0.0,0.0,0.0,0.0,0.0,0.0,0.0,0.0,0.0,0.0,off,off,off,off,off
69.49999999999692,0.3,11.849999999998653,-0.9194882710825709,1.5797211722429552,2.3878040080197707,1.579725960745293,-0.9194789281881981,-4.391103296727806,-4.391090711365052,0.7388254056870648,0.7461207937799842,0.748298537518076,0.7461208066921878,0.7388254309695885,0.0,0.0,0.0,0.0,0.0,0.0,0.0,0.0,0.0,0.0,off,off,off,off,off
69.59999999999691,0.3,11.879999999998647,-0.9101268424110458,1.591562865490289,2.400602614514014,1.5915676500291056,-0.9101175072103729,-4.383998845830263,-4.383986270790956,0.738958740191709,0.7462609036240787,0.7484412494252584,0.7462609165257327,0.7389587654536717,0.0,0.0,0.0,0.0,0.0,0.0,0.0,0.0,0.0,0.0,off,off,off,off,off
69.6999999999969,0.3,11.909999999998641,-0.9007771995286475,1.6033761332579388,2.4133671138916384,1.6033809138378388,-0.900767872014967,-4.37688884254959,-4.376876277825659,0.7390914365528847,0.7464003302902114,0.7485832628441735,0.7464003431813268,0.7390914617943036,0.0,0.0,0.0,0.0,0.0,0.0,0.0,0.0,0.0,0.0,off,off,off,off,off
69.7999999999969,0.3,11.939999999998635,-0.8914392370695623,1.6151611641535624,2.4260977018317362,1.6151659407782404,-0.8914299172329834,-4.36977333559156,-4.369760781174421,0.7392234992612752,0.7465390784892091,0.7487245825030157,0.7465390913697959,0.7392235244821757,0.0,0.0,0.0,0.0,0.0,0.0,0.0,0.0,0.0,0.0,off,off,off,off,off
69.8999999999969,0.3,11.96999999999863,-0.8821128514359771,1.626918145477248,2.438794573568714,1.6269229181498872,-0.8821035392725207,-4.3626523732303895,-4.362639829111686,0.7393549327651731,0.7466771528908223,0.7488652130912478,0.7466771657608884,0.7393549579655642,0.0,0.0,0.0,0.0,0.0,0.0,0.0,0.0,0.0,0.0,off,off,off,off,off
69.99999999999689,0.3,11.999999999998623,-0.8727979407671569,1.638647263225323,2.4514579238641545,1.63865203194905,-0.8727886362712525,-4.355526003315049,-4.355513469486482,0.739485741470991,0.7468145581241625,0.7490051592599475,0.7468145709837155,0.7394857666508866,0.0,0.0,0.0,0.0,0.0,0.0,0.0,0.0,0.0,0.0,off,off,off,off,off
70.09999999999688,0.3,12.029999999998617,-0.863494404889309,1.650348702097233,2.4640879469957326,1.6503534668786415,-0.8634851080522026,-4.348394273275346,-4.348381749728617,0.7396159297438201,0.7469512987781395,0.7491444256222032,0.7469513116271969,0.7396159549032421,0.0,0.0,0.0,0.0,0.0,0.0,0.0,0.0,0.0,0.0,off,off,off,off,off
70.19999999999688,0.3,12.059999999998611,-0.8542021452631161,1.6620226455083866,2.476684836721688,1.6620274063502052,-0.854192856080374,-4.341257230127951,-4.341244716854646,0.7397455019079857,0.7470873794019137,0.7492830167534283,0.7470873922404823,0.7397455270469451,0.0,0.0,0.0,0.0,0.0,0.0,0.0,0.0,0.0,0.0,off,off,off,off,off
70.29999999999687,0.3,12.089999999998605,-0.8449210649541214,1.6736692755943068,2.489248786270821,1.6736740324991501,-0.8449117834164781,-4.334114920481625,-4.334102417473389,0.7398744622475384,0.7472228045053156,0.7494209371917482,0.7472228173334023,0.739874487366059,0.0,0.0,0.0,0.0,0.0,0.0,0.0,0.0,0.0,0.0,off,off,off,off,off
70.39999999999687,0.3,12.1199999999986,-0.8356510685740659,1.685288773219554,2.501779988330668,1.6852935261944708,-0.8356417946759507,-4.326967390543302,-4.326954897791836,0.7400028150068181,0.7473575785592741,0.7495581914383689,0.7473575913768961,0.7400028401049131,0.0,0.0,0.0,0.0,0.0,0.0,0.0,0.0,0.0,0.0,off,off,off,off,off
70.49999999999686,0.3,12.149999999998593,-0.8263920622545129,1.6968813179916538,2.5142786350075426,1.6968860670364734,-0.8263827959901278,-4.319814686122925,-4.3198022036197585,0.7401305643909211,0.7474917059962498,0.7496947839578688,0.7474917188034066,0.7401305894686049,0.0,0.0,0.0,0.0,0.0,0.0,0.0,0.0,0.0,0.0,off,off,off,off,off
70.59999999999685,0.3,12.179999999998588,-0.8171439536029084,1.7084470882564347,2.5267449178335255,1.7084518333746814,-0.8171346949649774,-4.3126568526391225,-4.3126443803759,0.7402577145662127,0.7476251912106169,0.7498307191786115,0.7476252040073176,0.7402577396235038,0.0,0.0,0.0,0.0,0.0,0.0,0.0,0.0,0.0,0.0,off,off,off,off,off
70.69999999999685,0.3,12.209999999998582,-0.8079066516632452,1.7199862611162757,2.5391790277330983,1.719991002313293,-0.8078974006443786,-4.305493935124275,-4.305481473092755,0.7403842696608248,0.747758038559102,0.7499660014930399,0.7477580513453602,0.7403842946977414,0.0,0.0,0.0,0.0,0.0,0.0,0.0,0.0,0.0,0.0,off,off,off,off,off
70.79999999999684,0.3,12.239999999998576,-0.7986800668798537,1.7314990124366432,2.5515811550102967,1.7315037497180015,-0.7986708234734579,-4.298325978229798,-4.298313526421566,0.7405102337651306,0.7478902523611796,0.7501006352580264,0.7478902651370101,0.7405102587816895,0.0,0.0,0.0,0.0,0.0,0.0,0.0,0.0,0.0,0.0,off,off,off,off,off
70.89999999999684,0.3,12.26999999999857,-0.7894641110619318,1.742985516855299,2.5639514893407522,1.7429902502231016,-0.7894548752636297,-4.291153026230745,-4.291140584637503,0.7406356109322243,0.7480218368994764,0.7502346247952277,0.7480218496648838,0.7406356359284353,0.0,0.0,0.0,0.0,0.0,0.0,0.0,0.0,0.0,0.0,off,off,off,off,off
70.99999999999683,0.3,12.299999999998564,-0.7802586973564303,1.7544459477888381,2.5762902197492394,1.7544506772444493,-0.7802494691579227,-4.2839751230307,-4.283962691644092,0.7407604051783605,0.7481527964201595,0.7503679743913956,0.748152809175147,0.7407604301542451,0.0,0.0,0.0,0.0,0.0,0.0,0.0,0.0,0.0,0.0,off,off,off,off,off
71.09999999999683,0.3,12.329999999998558,-0.7710637402012708,1.765880477437804,2.5885975345956354,1.765885202988727,-0.7710545195961345,-4.2767923121667195,-4.276779890978503,0.7408846204834524,0.7482831351333185,0.7505006882987074,0.7482831478779056,0.7408846454390264,0.0,0.0,0.0,0.0,0.0,0.0,0.0,0.0,0.0,0.0,off,off,off,off,off
71.19999999999682,0.3,12.359999999998552,-0.7618791553009032,1.777289276800218,2.6008736215639487,1.7772939984498066,-0.7618699422831696,-4.269604636813938,-4.2695922258157,0.7410082607914998,0.7484128572133613,0.7506327707350946,0.748412869947557,0.7410082857267781,0.0,0.0,0.0,0.0,0.0,0.0,0.0,0.0,0.0,0.0,off,off,off,off,off
71.29999999999681,0.3,12.389999999998546,-0.7527048595980546,1.788672515677888,2.6131186676481093,1.7886772334300645,-0.7526956541593108,-4.262412139789831,-4.262399738973272,0.7411313300110196,0.7485419667993912,0.7507642258845642,0.7485419795232048,0.7411313549260234,0.0,0.0,0.0,0.0,0.0,0.0,0.0,0.0,0.0,0.0,off,off,off,off,off
71.39999999999681,0.3,12.41999999999854,-0.7435407712334836,1.8000303626884602,2.625332859140997,1.8000350765464646,-0.7435315733680454,-4.255214863558706,-4.255202472915698,0.7412538320155111,0.7486704679955882,0.7508950578975231,0.7486704807090282,0.7412538569102541,0.0,0.0,0.0,0.0,0.0,0.0,0.0,0.0,0.0,0.0,off,off,off,off,off
71.4999999999968,0.3,12.449999999998534,-0.734386809525347,1.8113629852691702,2.6375163816236977,1.8113676952334572,-0.7343776192251426,-4.248012850236137,-4.248000469758324,0.7413757706438577,0.7487983648715694,0.751025270891092,0.7487983775746362,0.7413757955183606,0.0,0.0,0.0,0.0,0.0,0.0,0.0,0.0,0.0,0.0,off,off,off,off,off
71.5999999999968,0.3,12.479999999998528,-0.7252428949371392,1.8226705496832665,2.6496694199480544,1.8226752557598047,-0.7252337121958021,-4.240806141593282,-4.240793771272479,0.7414971497007568,0.7489256614627475,0.7511548689494039,0.7489256741554556,0.7414971745550356,0.0,0.0,0.0,0.0,0.0,0.0,0.0,0.0,0.0,0.0,off,off,off,off,off
71.69999999999679,0.3,12.509999999998522,-0.716108949052682,1.833953221034733,2.661792158232913,1.8339579232252845,-0.7160997738636752,-4.233594779060979,-4.23358241888883,0.741617972957128,0.7490523617707083,0.7512838561239327,0.7490523744530632,0.7416179977911987,0.0,0.0,0.0,0.0,0.0,0.0,0.0,0.0,0.0,0.0,off,off,off,off,off
71.79999999999679,0.3,12.539999999998516,-0.7069848945417334,1.845211163271415,2.6738847798524716,1.845215861581437,-0.7069757269023285,-4.2263788037333825,-4.226366453701758,0.741738244150538,0.7491784697635546,0.7514122364337922,0.7491784824355705,0.7417382689644061,0.0,0.0,0.0,0.0,0.0,0.0,0.0,0.0,0.0,0.0,off,off,off,off,off
71.89999999999678,0.3,12.56999999999851,-0.6978706551475398,1.856444539200993,2.685947467418316,1.856449233629803,-0.6978614950506881,-4.219158256372566,-4.21914591647311,0.741857966985565,0.7493039893762782,0.7515400138660214,0.7493040020379517,0.7418579917792482,0.0,0.0,0.0,0.0,0.0,0.0,0.0,0.0,0.0,0.0,off,off,off,off,off
71.99999999999677,0.3,12.599999999998504,-0.688766155649887,1.86765351048615,2.697980402785788,1.8676582010394895,-0.6887570030875736,-4.211933177412163,-4.21192084763652,0.7419771451342242,0.74942892451107,0.7516671923759236,0.749428937162416,0.7419771699077429,0.0,0.0,0.0,0.0,0.0,0.0,0.0,0.0,0.0,0.0,off,off,off,off,off
72.09999999999677,0.3,12.629999999998498,-0.6796713218436139,1.8788382376620802,2.7099837670305646,1.878842924346145,-0.6796621768080513,-4.20470360696072,-4.204691287300648,0.7420957822363471,0.7495532790376888,0.7517937758873239,0.749553291678724,0.7420958069897209,0.0,0.0,0.0,0.0,0.0,0.0,0.0,0.0,0.0,0.0,off,off,off,off,off
72.19999999999676,0.3,12.659999999998492,-0.6705860805185466,1.8899988801488803,2.7219577404508755,1.8900035629656031,-0.6705769430032547,-4.197469584806356,-4.1974572752533845,0.7422138818999527,0.7496770567938129,0.7519197682928925,0.749677069424541,0.742213906633198,0.0,0.0,0.0,0.0,0.0,0.0,0.0,0.0,0.0,0.0,off,off,off,off,off
72.29999999999676,0.3,12.689999999998486,-0.6615103594300535,1.9011355962491052,2.733902502550052,1.9011402752020103,-0.6615012294313374,-4.190231150419436,-4.190218850965323,0.7423314477016394,0.7498002615853432,0.7520451734544109,0.749800274205774,0.7423314724147644,0.0,0.0,0.0,0.0,0.0,0.0,0.0,0.0,0.0,0.0,off,off,off,off,off
72.39999999999675,0.3,12.71999999999848,-0.6524440872856303,1.912248543159592,2.7458182320391415,1.9122532182519194,-0.652434964795134,-4.182988342956605,-4.182976053593336,0.7424484831869304,0.749922897186745,0.7521699952030839,0.7499229097968859,0.7424485078799563,0.0,0.0,0.0,0.0,0.0,0.0,0.0,0.0,0.0,0.0,off,off,off,off,off
72.49999999999675,0.3,12.749999999998474,-0.6433871937164213,1.9233378769858405,2.7577051068209926,1.9233425482229904,-0.6433780787273236,-4.1757412012646,-4.175728921983989,0.7425649918706552,0.7500449673413898,0.7522942373398035,0.7500449799412549,0.7425650165435986,0.0,0.0,0.0,0.0,0.0,0.0,0.0,0.0,0.0,0.0,off,off,off,off,off
72.59999999999674,0.3,12.779999999998468,-0.634339609258177,1.9344037527417868,2.769563303989912,1.9344084201282499,-0.6343305017648504,-4.168489763883258,-4.16847749467712,0.742680977237301,0.7501664757618545,0.752417903635446,0.7501664883514558,0.7426810018901763,0.0,0.0,0.0,0.0,0.0,0.0,0.0,0.0,0.0,0.0,off,off,off,off,off
72.69999999999673,0.3,12.809999999998462,-0.6253012653322116,1.9454463243628197,2.7813929998237654,1.945450987900017,-0.6252921653283465,-4.161234069049215,-4.1612218099091365,0.7427964427413624,0.750287426130257,0.7525409978311514,0.7502874387095966,0.7427964673741854,0.0,0.0,0.0,0.0,0.0,0.0,0.0,0.0,0.0,0.0,off,off,off,off,off
72.79999999999673,0.3,12.839999999998456,-0.6162720942226656,1.956465744710158,2.793194369774028,1.9564704044009318,-0.6162630017000197,-4.153974154698574,-4.153961905616427,0.7429113918076955,0.7504078220985523,0.7526635236385816,0.7504078346676379,0.7429114164204867,0.0,0.0,0.0,0.0,0.0,0.0,0.0,0.0,0.0,0.0,off,off,off,off,off
72.89999999999672,0.3,12.86999999999845,-0.6072520290570651,1.9674621655815372,2.8049675884655585,1.9674668214294115,-0.6072429440135352,-4.146710058471001,-4.146697819438657,0.7430258278318588,0.7505276672888579,0.7527854847402143,0.750527679847698,0.7430258524246217,0.0,0.0,0.0,0.0,0.0,0.0,0.0,0.0,0.0,0.0,off,off,off,off,off
72.99999999999672,0.3,12.899999999998444,-0.5982410038013768,1.9784357377193373,2.8167128296930173,1.9784403897290304,-0.5982319262234341,-4.139441817712338,-4.139429588721498,0.7431397541804108,0.7506469652937565,0.7529068847896166,0.7506469778423633,0.7431397787531813,0.0,0.0,0.0,0.0,0.0,0.0,0.0,0.0,0.0,0.0,off,off,off,off,off
73.09999999999671,0.3,12.929999999998438,-0.5892389532157836,1.9893866108146767,2.828430266408418,1.9893912589897695,-0.5892298831032576,-4.132169469477617,-4.132157250520322,0.7432531741913144,0.7507657196765889,0.7530277274116922,0.7507657322149716,0.7432531987440915,0.0,0.0,0.0,0.0,0.0,0.0,0.0,0.0,0.0,0.0,off,off,off,off,off
73.1999999999967,0.3,12.959999999998432,-0.5802458128607668,2.000314933522759,2.840120070729597,2.0003195778618874,-0.5802367502075754,-4.1248930505351495,-4.124880841602817,0.743366091174197,0.7508839339717723,0.7531480162029801,0.7508839464999271,0.7433661157069952,0.0,0.0,0.0,0.0,0.0,0.0,0.0,0.0,0.0,0.0,off,off,off,off,off
73.2999999999967,0.3,12.989999999998426,-0.5712615190705037,2.011220853459406,2.851782413916567,2.0112254939689365,-0.5712524638727245,-4.117612597367781,-4.117600398452453,0.7434785084106956,0.7510016116850692,0.7532677547318685,0.7510016242030113,0.7434785329235238,0.0,0.0,0.0,0.0,0.0,0.0,0.0,0.0,0.0,0.0,off,off,off,off,off
73.3999999999967,0.3,13.01999999999842,-0.5622860089372921,2.022104517221919,2.863417466386636,2.0221091539033864,-0.5622769611860576,-4.110328146177494,-4.110315957271098,0.7435904291547717,0.7511187562939072,0.7533869465389021,0.7511187688016401,0.7435904536476535,0.0,0.0,0.0,0.0,0.0,0.0,0.0,0.0,0.0,0.0,off,off,off,off,off
73.49999999999669,0.3,13.049999999998414,-0.5533192202975101,2.0329660703836794,2.8750253977021885,2.0329707032439046,-0.5533101799848623,-4.103039732887453,-4.103027553981747,0.7437018566330165,0.7512353712476364,0.753505595137021,0.7512353837451786,0.7437018811059715,0.0,0.0,0.0,0.0,0.0,0.0,0.0,0.0,0.0,0.0,off,off,off,off,off
73.59999999999668,0.3,13.079999999998408,-0.5443610917116075,2.0438056575099495,2.886606376565453,2.0438102865537644,-0.5443520588296451,-4.095747393145302,-4.095735224231987,0.743812794044968,0.751351459967835,0.7536237040118027,0.7513514724551991,0.7438128184980167,0.0,0.0,0.0,0.0,0.0,0.0,0.0,0.0,0.0,0.0,off,off,off,off,off
73.69999999999668,0.3,13.109999999998402,-0.535411562448985,2.054623422168902,2.8981605708263487,2.054628047398694,-0.5354025369946385,-4.088451162325214,-4.088439003396331,0.7439232445634151,0.7514670258485988,0.7537412766217519,0.7514670383257899,0.7439232689965631,0.0,0.0,0.0,0.0,0.0,0.0,0.0,0.0,0.0,0.0,off,off,off,off,off
73.79999999999667,0.3,13.139999999998397,-0.5264705724837313,2.0654195069248544,2.9096881474633847,2.0654241283452848,-0.5264615544487015,-4.081151075531579,-4.0811389265788875,0.7440332113346632,0.7515820722567795,0.7538583163985,0.7515820847238097,0.7440332357479323,0.0,0.0,0.0,0.0,0.0,0.0,0.0,0.0,0.0,0.0,off,off,off,off,off
73.89999999999667,0.3,13.16999999999839,-0.5175380624677928,2.076194053363679,2.921189272596507,2.0761986709765665,-0.5175290518459974,-4.073847167601002,-4.073835028616372,0.7441426974788634,0.7516966025323071,0.7539748267470958,0.7516966149891808,0.7441427218722686,0.0,0.0,0.0,0.0,0.0,0.0,0.0,0.0,0.0,0.0,off,off,off,off,off
73.99999999999666,0.3,13.199999999998385,-0.5086139737219924,2.0869472020815465,2.9326641114783456,2.0869518158920073,-0.508604970509225,-4.066539473105365,-4.066527344080612,0.7442517060902879,0.7518106199884118,0.7540908110462318,0.7518106324351417,0.7442517304638389,0.0,0.0,0.0,0.0,0.0,0.0,0.0,0.0,0.0,0.0,off,off,off,off,off
74.09999999999665,0.3,13.229999999998379,-0.49969824822449027,2.097679092709427,2.94411282849444,2.0976837027193938,-0.4996892524121108,-4.059228026354276,-4.059215907281327,0.7443602402376068,0.7519241279119335,0.7542062726484926,0.7519241403485246,0.7443602645913259,0.0,0.0,0.0,0.0,0.0,0.0,0.0,0.0,0.0,0.0,off,off,off,off,off
74.19999999999665,0.3,13.259999999998373,-0.49079082859589107,2.1083898639096788,2.9555355871564757,2.1083944701226756,-0.49078184017838566,-4.051912861397398,-4.051900752268125,0.7444683029641759,0.7520371295635628,0.7543212148805798,0.7520371419900235,0.7444683272980759,0.0,0.0,0.0,0.0,0.0,0.0,0.0,0.0,0.0,0.0,off,off,off,off,off
74.29999999999664,0.3,13.289999999998367,-0.481891658087477,2.1190796533865637,2.9669325501058097,2.119084255804921,-0.4818826770558644,-4.044594012027403,-4.044581912833621,0.7445758972883075,0.7521496281781043,0.7544356410435635,0.7521496405944404,0.7445759216024117,0.0,0.0,0.0,0.0,0.0,0.0,0.0,0.0,0.0,0.0,off,off,off,off,off
74.39999999999664,0.3,13.31999999999836,-0.4730006805646667,2.12974859789216,2.978303879119551,2.1297531965187204,-0.47299170691673,-4.037271511782194,-4.037259422515831,0.7446830262035563,0.7522616269647348,0.7545495544131365,0.7522616393709535,0.7446830504978691,0.0,0.0,0.0,0.0,0.0,0.0,0.0,0.0,0.0,0.0,off,off,off,off,off
74.49999999999663,0.3,13.349999999998355,-0.4641178405054234,2.140396833236423,2.9896497350891877,2.1404014280747674,-0.46410887423240865,-4.029945393947457,-4.029933314600385,0.7447896926789567,0.752373129107265,0.7546629582397912,0.7523731415033751,0.7447897169535004,0.0,0.0,0.0,0.0,0.0,0.0,0.0,0.0,0.0,0.0,off,off,off,off,off
74.59999999999663,0.3,13.379999999998349,-0.45524308297513016,2.1510244942870713,3.0009702780420184,2.151029085342145,-0.4552341240721489,-4.022615691559054,-4.0226036221231425,0.7448958996593256,0.7524841377643694,0.7547758557491121,0.7524841501503834,0.744895923914112,0.0,0.0,0.0,0.0,0.0,0.0,0.0,0.0,0.0,0.0,off,off,off,off,off
74.69999999999662,0.3,13.409999999998343,-0.446376353628807,2.161631714988687,3.0122656671233585,2.161636302262764,-0.44636740208648007,-4.015282437405176,-4.015270377872298,0.745001650065486,0.75259465606987,0.7548882501419522,0.7525946684457936,0.7450016743005387,0.0,0.0,0.0,0.0,0.0,0.0,0.0,0.0,0.0,0.0,off,off,off,off,off
74.79999999999661,0.3,13.439999999998337,-0.43751759868285944,2.17221862836044,3.023536060615072,2.172223211855396,-0.43750865449783305,-4.0079456640289095,-4.007933614390936,0.745106946794568,0.7527046871329548,0.7550001445947142,0.7527046994987922,0.7451069710098955,0.0,0.0,0.0,0.0,0.0,0.0,0.0,0.0,0.0,0.0,off,off,off,off,off
74.89999999999661,0.3,13.46999999999833,-0.4286667649247988,2.1827853665022303,3.0347816159110153,2.1827899462209075,-0.42865782809036546,-4.000605403730049,-4.000593363979078,0.745211792720211,0.7528142340384189,0.7551115422595053,0.7528142463941773,0.7452118169158292,0.0,0.0,0.0,0.0,0.0,0.0,0.0,0.0,0.0,0.0,off,off,off,off,off
74.9999999999966,0.3,13.499999999998325,-0.41982379968931127,2.193332060606224,3.046002489541195,2.19333663655118,-0.41981487019893393,-3.9932616885683956,-3.993249658696186,0.7453161906928447,0.752923299846916,0.7552224462644248,0.7529233121926013,0.7453162148687701,0.0,0.0,0.0,0.0,0.0,0.0,0.0,0.0,0.0,0.0,off,off,off,off,off
75.0999999999966,0.3,13.529999999998319,-0.4109886508518912,2.203858840960322,3.0571988371553402,2.203863413138663,-0.41097972869874866,-3.985914550364953,-3.9859025303634326,0.7454201435399289,0.7530318875951868,0.7553328597137363,0.7530318999308175,0.7454201676961786,0.0,0.0,0.0,0.0,0.0,0.0,0.0,0.0,0.0,0.0,off,off,off,off,off
75.19999999999659,0.3,13.559999999998313,-0.4021612668197463,2.214365836959928,3.0683708135306915,2.214370405370971,-0.4021523519959942,-3.9785640207043116,-3.9785520105654655,0.7455236540661929,0.7531400002963052,0.7554427856881046,0.7531400126218788,0.7455236782027868,0.0,0.0,0.0,0.0,0.0,0.0,0.0,0.0,0.0,0.0,off,off,off,off,off
75.29999999999659,0.3,13.589999999998307,-0.3933415965184963,2.224853177105956,3.079518572577456,2.2248577417574324,-0.3933326890170292,-3.9712101309369814,-3.9711981306527946,0.7456267250538833,0.7532476409398865,0.755552227244824,0.7532476532554239,0.7456267491708392,0.0,0.0,0.0,0.0,0.0,0.0,0.0,0.0,0.0,0.0,off,off,off,off,off
75.39999999999658,0.3,13.619999999998301,-0.38452958938688653,2.235320989022057,3.090642267322778,2.2353255499132842,-0.3845206892038391,-3.9638529121816646,-3.9638409217440653,0.7457293592629914,0.7533548124923457,0.7556611874179849,0.7533548247978433,0.7457293833603176,0.0,0.0,0.0,0.0,0.0,0.0,0.0,0.0,0.0,0.0,off,off,off,off,off
75.49999999999658,0.3,13.649999999998295,-0.3757251953701939,2.245769399454389,3.1017420499312607,2.245773956589119,-0.3757163025000523,-3.956492395327018,-3.9564804147279915,0.7458315594314773,0.7534615178971008,0.755769669218737,0.7534615301925687,0.7458315835091879,0.0,0.0,0.0,0.0,0.0,0.0,0.0,0.0,0.0,0.0,off,off,off,off,off
75.59999999999657,0.3,13.679999999998289,-0.366928364903913,2.2561985342733806,3.112818071689219,2.256203087656047,-0.3669194793400834,-3.9491286110338137,-3.9491166402651743,0.7459333282755206,0.7535677600747859,0.7558776756354497,0.7535677723602353,0.7459333523336319,0.0,0.0,0.0,0.0,0.0,0.0,0.0,0.0,0.0,0.0,off,off,off,off,off
75.69999999999656,0.3,13.709999999998283,-0.3581390489105729,2.266608518491296,3.123870483025655,2.266613068127299,-0.3581301706481099,-3.9417615897368705,-3.9417496287904896,0.7460346684897323,0.7536735419235007,0.7559852096339756,0.7536735541989451,0.746034692528256,0.0,0.0,0.0,0.0,0.0,0.0,0.0,0.0,0.0,0.0,off,off,off,off,off
75.79999999999656,0.3,13.739999999998277,-0.34935719879166527,2.276999476264109,3.1348994334902045,2.277004022155495,-0.3493483278233498,-3.9343913616470445,-3.934379410515021,0.7461355827473756,0.7537788663190146,0.7560922741577862,0.7537788785844595,0.74613560676633,0.0,0.0,0.0,0.0,0.0,0.0,0.0,0.0,0.0,0.0,off,off,off,off,off
75.89999999999655,0.3,13.769999999998271,-0.34058276641292196,2.287371530892358,3.1459050717739956,2.287376073042253,-0.3405739027345476,-3.9270179567535592,-3.927006015427935,0.7462360737006062,0.753883736114968,0.7561988721282309,0.753883748370421,0.7462360977000015,0.0,0.0,0.0,0.0,0.0,0.0,0.0,0.0,0.0,0.0,off,off,off,off,off
75.99999999999655,0.3,13.799999999998265,-0.3318157041051677,2.2977248048367187,3.1568875456960086,2.2977293432491024,-0.33180684771156166,-3.9196414048255406,-3.9196294732982437,0.7463361439806648,0.7539881541431105,0.7563050064446901,0.7539881663885809,0.746336167960513,0.0,0.0,0.0,0.0,0.0,0.0,0.0,0.0,0.0,0.0,off,off,off,off,off
76.09999999999654,0.3,13.82999999999826,-0.3230559646523261,2.308059419718404,3.1678470022170018,2.308063954394413,-0.3230471155362693,-3.912261735414063,-3.912249813676908,0.7464357961981012,0.7540921232134913,0.7564106799848106,0.7540921354489826,0.7464358201584207,0.0,0.0,0.0,0.0,0.0,0.0,0.0,0.0,0.0,0.0,off,off,off,off,off
76.19999999999654,0.3,13.859999999998253,-0.3143035012839732,2.3183754963251317,3.1787835874376356,2.3183800272678354,-0.31429465943591595,-3.9048789778536843,-3.904867065898941,0.746535032942989,0.7541956461146709,0.7565158956046881,0.7541956583401899,0.746535056883805,0.0,0.0,0.0,0.0,0.0,0.0,0.0,0.0,0.0,0.0,off,off,off,off,off
76.29999999999653,0.3,13.889999999998247,-0.30555826767010785,2.3286731546189117,3.1896974465963694,2.3286776818318344,-0.3055494330852184,-3.8974931612651176,-3.8974812590847137,0.746633856785126,0.7542987256139275,0.756620656139052,0.7542987378294834,0.7466338807064491,0.0,0.0,0.0,0.0,0.0,0.0,0.0,0.0,0.0,0.0,off,off,off,off,off
76.39999999999652,0.3,13.919999999998241,-0.2968202179076229,2.338952513741731,3.2005887240761695,2.338957037228397,-0.2968113905791938,-3.8901043145564813,-3.8900924221422883,0.7467322702742583,0.7544013644574591,0.7567249644014666,0.7544013766630604,0.7467322941761056,0.0,0.0,0.0,0.0,0.0,0.0,0.0,0.0,0.0,0.0,off,off,off,off,off
76.49999999999652,0.3,13.949999999998235,-0.2880893065188843,2.349213692020271,3.2114575634062135,2.3492182117851144,-0.2880804864423112,-3.882712466424948,-3.8827005837691217,0.7468302759402684,0.7545035653705806,0.756828823184523,0.7545035775662385,0.7468302998226515,0.0,0.0,0.0,0.0,0.0,0.0,0.0,0.0,0.0,0.0,off,off,off,off,off
76.59999999999651,0.3,13.97999999999823,-0.2793654884487182,2.3594568069777893,3.222304107259504,2.3594613230237087,-0.27935667562127264,-3.8753176453587344,-3.8753057724533733,0.7469278762933648,0.7546053310579366,0.756932235260012,0.7546053432436587,0.7469279001562892,0.0,0.0,0.0,0.0,0.0,0.0,0.0,0.0,0.0,0.0,off,off,off,off,off
76.6999999999965,0.3,14.009999999998223,-0.2706487190510529,2.369681975329968,3.233128497463497,2.369686487661056,-0.27063991346579996,-3.867919879639487,-3.867908016476406,0.7470250738243,0.754706664203672,0.7570352033791319,0.7547066763794684,0.7470250976677827,0.0,0.0,0.0,0.0,0.0,0.0,0.0,0.0,0.0,0.0,off,off,off,off,off
76.7999999999965,0.3,14.039999999998217,-0.2619389540833481,2.3798893130023657,3.2439308749926,2.379893821620499,-0.2619301557357403,-3.8605191973426827,-3.860507343914037,0.7471218710045603,0.7548075674716543,0.7571377302726495,0.7548075796375294,0.7471218948286124,0.0,0.0,0.0,0.0,0.0,0.0,0.0,0.0,0.0,0.0,off,off,off,off,off
76.8999999999965,0.3,14.069999999998211,-0.2532361497026159,2.390078935125075,3.2547113799792555,2.390083440031617,-0.25322735858600254,-3.8531156263406388,-3.8531037826383,0.7472182702865555,0.7549080435056351,0.7572398186510984,0.7549080556615921,0.7472182940911936,0.0,0.0,0.0,0.0,0.0,0.0,0.0,0.0,0.0,0.0,off,off,off,off,off
76.99999999999649,0.3,14.099999999998206,-0.24454026246183957,2.400250956040452,3.265470151714112,2.4002554572420536,-0.2445314785679784,-3.84570919430314,-3.8456973603193205,0.7473142741037989,0.7550080949294443,0.7573414712049611,0.7550081070755009,0.7473142978890442,0.0,0.0,0.0,0.0,0.0,0.0,0.0,0.0,0.0,0.0,off,off,off,off,off
77.09999999999648,0.3,14.1299999999982,-0.23585124929445556,2.4104054893196007,3.2762073286431814,2.4104099868171716,-0.2358424726157864,-3.838299928700053,-3.8382881044268515,0.7474098848711257,0.7551077243472076,0.7574426906048239,0.7551077364833644,0.7474099086369971,0.0,0.0,0.0,0.0,0.0,0.0,0.0,0.0,0.0,0.0,off,off,off,off,off
77.19999999999648,0.3,14.159999999998194,-0.2271690675189575,2.420542647756406,3.286923048378469,2.4205471415523334,-0.2271602980504781,-3.830887856802235,-3.83087604223158,0.7475051049848442,0.7552069343434961,0.7575434795015812,0.7552069464697594,0.7475051287313543,0.0,0.0,0.0,0.0,0.0,0.0,0.0,0.0,0.0,0.0,off,off,off,off,off
77.29999999999647,0.3,14.189999999998188,-0.21849367482553816,2.430662543375661,3.2976174476957567,2.4306670334780733,-0.21848491256133684,-3.8234730056835247,-3.8234612008075715,0.7475999368229442,0.7553057274835182,0.757643840526594,0.7553057395999098,0.7475999605501072,0.0,0.0,0.0,0.0,0.0,0.0,0.0,0.0,0.0,0.0,off,off,off,off,off
77.39999999999647,0.3,14.219999999998182,-0.20982502927734004,2.4407652874439236,3.3082906625411965,2.4407697738539014,-0.20981627421087978,-3.8160554022222755,-3.8160436070332366,0.747694382745257,0.7554041063133133,0.7577437762918715,0.7554041184198349,0.7476944064530893,0.0,0.0,0.0,0.0,0.0,0.0,0.0,0.0,0.0,0.0,off,off,off,off,off
77.49999999999646,0.3,14.249999999998176,-0.20116308929971183,2.4508509904691778,3.3189428280314246,2.4508554731871186,-0.2011543414230914,-3.8086350731032326,-3.8086232875930364,0.747788445093648,0.7555020733599142,0.7578432893902386,0.755502085456566,0.7477884687821695,0.0,0.0,0.0,0.0,0.0,0.0,0.0,0.0,0.0,0.0,off,off,off,off,off
77.59999999999646,0.3,14.27999999999817,-0.19250781367628633,2.460919762204867,3.3295740784566874,2.460924241235375,-0.19249907298529934,-3.801212044818328,-3.80120026897913,0.7478821261921909,0.7555996311315195,0.7579423823955009,0.7555996432183141,0.7478821498614115,0.0,0.0,0.0,0.0,0.0,0.0,0.0,0.0,0.0,0.0,off,off,off,off,off
77.69999999999645,0.3,14.309999999998164,-0.18385916154454662,2.470971711662912,3.340184547281467,2.470976187009285,-0.18385042803316765,-3.793786343669126,-3.7937745774928544,0.7479754283473372,0.7556967821176883,0.7580410578626097,0.7556967941946329,0.7479754519972722,0.0,0.0,0.0,0.0,0.0,0.0,0.0,0.0,0.0,0.0,off,off,off,off,off
77.79999999999644,0.3,14.339999999998158,-0.17521709239434813,2.481006947115361,3.350774367158408,2.4810114187792465,-0.17520836605865497,-3.786357995767503,-3.786346239246427,0.7480683538480802,0.7557935287895023,0.7581393183278551,0.7557935408566008,0.7480683774787384,0.0,0.0,0.0,0.0,0.0,0.0,0.0,0.0,0.0,0.0,off,off,off,off,off
77.89999999999644,0.3,14.369999999998152,-0.16658156605683416,2.4910255760927953,3.361343669922121,2.4910300440773767,-0.16657284688977825,-3.7789270270379234,-3.7789152801640284,0.7481609049661396,0.7558898735997168,0.7582371663090064,0.7558898856569772,0.748160928577539,0.0,0.0,0.0,0.0,0.0,0.0,0.0,0.0,0.0,0.0,off,off,off,off,off
77.99999999999643,0.3,14.399999999998146,-0.15795254270136638,2.5010277054033736,3.3718925865901497,2.5010321697124027,-0.15794383069749074,-3.7714934632184054,-3.7714817259839037,0.7482530839561252,0.7559858189829666,0.7583346043054656,0.7559858310303991,0.7482531075482798,0.0,0.0,0.0,0.0,0.0,0.0,0.0,0.0,0.0,0.0,off,off,off,off,off
78.09999999999643,0.3,14.42999999999814,-0.14932998283467214,2.511013441123964,3.3824212473730313,2.5110179017620453,-0.14932127798584816,-3.7640573298623963,-3.76404560225933,0.7483448930556916,0.7560813673558953,0.7584316347984514,0.7560813793935116,0.7483449166286216,0.0,0.0,0.0,0.0,0.0,0.0,0.0,0.0,0.0,0.0,off,off,off,off,off
78.19999999999642,0.3,14.459999999998134,-0.1407138472883389,2.5209828886190735,3.3929297816710005,2.520987345589049,-0.14070514959075808,-3.7566186523399665,-3.7566069343602635,0.7484363344857236,0.7561765211173558,0.7585282602511364,0.7561765331451621,0.7484363580394375,0.0,0.0,0.0,0.0,0.0,0.0,0.0,0.0,0.0,0.0,off,off,off,off,off
78.29999999999642,0.3,14.489999999998128,-0.13210409722341865,2.5309361525302165,3.4034183180864943,2.5309406058398167,-0.13209540667105557,-3.7491774558390603,-3.749165747475047,0.7485274104504702,0.7562712826485288,0.758624483108833,0.7562712946665462,0.7485274339849832,0.0,0.0,0.0,0.0,0.0,0.0,0.0,0.0,0.0,0.0,off,off,off,off,off
78.39999999999641,0.3,14.519999999998122,-0.12350069412622133,2.5408733368010985,3.413886984423698,2.5408777864488457,-0.12349201071185689,-3.741733765367428,-3.741722066611203,0.7486181231377064,0.7563656543131431,0.7587203057991359,0.756365666321366,0.7486181466530368,0.0,0.0,0.0,0.0,0.0,0.0,0.0,0.0,0.0,0.0,off,off,off,off,off
78.4999999999964,0.3,14.549999999998116,-0.11490359978904507,2.550794544664086,3.4243359076844513,2.5507989906533908,-0.11489492350602859,-3.734287605753593,-3.7342759165974257,0.7487084747189292,0.7564596384575778,0.7588157307320591,0.7564596504560152,0.748708498215094,0.0,0.0,0.0,0.0,0.0,0.0,0.0,0.0,0.0,0.0,off,off,off,off,off
78.5999999999964,0.3,14.57999999999811,-0.10631277632609226,2.560699878652372,3.4347652140835407,2.560704320986872,-0.10630410716629513,-3.7268390016486137,-3.726827322084432,0.7487984673494603,0.756553237411043,0.7589107603002183,0.7565532493997041,0.7487984908264801,0.0,0.0,0.0,0.0,0.0,0.0,0.0,0.0,0.0,0.0,off,off,off,off,off
78.6999999999964,0.3,14.609999999998104,-0.09772818615454071,2.570589440602987,3.44517502904273,2.570593879287003,-0.09771952411614393,-3.7193879775271057,-3.7193763075471793,0.7488881031686373,0.7566464534857289,0.7590053968789603,0.7566464654646248,0.7488881266265149,0.0,0.0,0.0,0.0,0.0,0.0,0.0,0.0,0.0,0.0,off,off,off,off,off
78.79999999999639,0.3,14.639999999998098,-0.08914979199852269,2.5804633316721493,3.455565477199798,2.5804677667061924,-0.08914113707544402,-3.7119345576890055,-3.7119228972852625,0.7489773842999453,0.7567392889769889,0.759099642826523,0.7567393009461202,0.7489774077386967,0.0,0.0,0.0,0.0,0.0,0.0,0.0,0.0,0.0,0.0,off,off,off,off,off
78.89999999999638,0.3,14.669999999998092,-0.08057755688395218,2.5903216523248602,3.4659366824088806,2.590326083713137,-0.08056890907153047,-3.7044787662603085,-3.7044671154249613,0.7490663128511703,0.7568317461634482,0.7591935004841786,0.7568317581228252,0.7490663362708067,0.0,0.0,0.0,0.0,0.0,0.0,0.0,0.0,0.0,0.0,off,off,off,off,off
78.99999999999638,0.3,14.699999999998086,-0.07201144413534166,2.6001645023476954,3.476288767753317,2.600168930093048,-0.0720028034245388,-3.697020627195002,-3.69700898592032,0.7491548909145437,0.7569238273071773,0.7592869721764062,0.7569238392568077,0.7491549143150882,0.0,0.0,0.0,0.0,0.0,0.0,0.0,0.0,0.0,0.0,off,off,off,off,off
79.09999999999637,0.3,14.72999999999808,-0.06345141736665028,2.6099919808559093,3.486621855533258,2.6099964049592472,-0.06344278375070189,-3.6895601642762017,-3.6895485325543405,0.7492431205669061,0.7570155346538455,0.7593800602109896,0.7570155465937307,0.7492431439483751,0.0,0.0,0.0,0.0,0.0,0.0,0.0,0.0,0.0,0.0,off,off,off,off,off
79.19999999999636,0.3,14.759999999998074,-0.054897440481283866,2.6198041862891728,3.4969360672824905,2.6198086067582267,-0.054888813955699334,-3.6820974011172325,-3.682085778940518,0.749331003869838,0.7571068704328455,0.7594727668792006,0.7571068823630056,0.749331027232243,0.0,0.0,0.0,0.0,0.0,0.0,0.0,0.0,0.0,0.0,off,off,off,off,off
79.29999999999636,0.3,14.789999999998068,-0.04634947767101494,2.629601216428341,3.5072315237655403,2.629605633263168,-0.0463408582285183,-3.6746323611634466,-3.674620748523921,0.749418542869798,0.7571978368574697,0.7595650944559226,0.7571978487779044,0.7494185662131574,0.0,0.0,0.0,0.0,0.0,0.0,0.0,0.0,0.0,0.0,off,off,off,off,off
79.39999999999635,0.3,14.819999999998062,-0.03780749340847933,2.6393831683910776,3.5175083449843783,2.6393875815956562,-0.03779888104543261,-3.6671650676928493,-3.667153464582725,0.7495057395982752,0.7572884361250295,0.7596570451998005,0.757288448035749,0.7495057629225972,0.0,0.0,0.0,0.0,0.0,0.0,0.0,0.0,0.0,0.0,off,off,off,off,off
79.49999999999635,0.3,14.849999999998056,-0.02927145244757412,2.6491501386412324,3.527766650179217,2.6491545482149377,-0.029262847157667693,-3.6596955438177474,-3.659683950229123,0.7495925960719161,0.757378670417013,0.759748621353371,0.7573786823180146,0.7495926193772167,0.0,0.0,0.0,0.0,0.0,0.0,0.0,0.0,0.0,0.0,off,off,off,off,off
79.59999999999634,0.3,14.87999999999805,-0.020741319817147996,2.6589022229878765,3.5380065578394237,2.658906628935597,-0.020732721594526993,-3.652223812485886,-3.652212228410974,0.7496791142926724,0.7574685418992066,0.7598398251432206,0.7574685537905035,0.7496791375789658,0.0,0.0,0.0,0.0,0.0,0.0,0.0,0.0,0.0,0.0,off,off,off,off,off
79.69999999999634,0.3,14.909999999998044,-0.012217060818954906,2.6686395165958174,3.5482281856967006,2.668643918920509,-0.01220846965935607,-3.644749896481585,-3.6447383219128255,0.7497652962479305,0.7575580527218537,0.759930658780096,0.7575580646034527,0.7497653195152273,0.0,0.0,0.0,0.0,0.0,0.0,0.0,0.0,0.0,0.0,off,off,off,off,off
79.79999999999633,0.3,14.939999999998038,-0.0036986410230497313,2.678362113988328,3.5584316507412836,2.6783665126933442,-0.0036900569177191755,-3.637273818427616,-3.6372622533571075,0.7498511439106536,0.7576472050197856,0.7600211244590706,0.7576472168916943,0.7498511671589768,0.0,0.0,0.0,0.0,0.0,0.0,0.0,0.0,0.0,0.0,off,off,off,off,off
79.89999999999633,0.3,14.969999999998032,0.004813973735224408,2.688070109051125,3.56861706920796,2.688074504140502,0.0048225507894130715,-3.629795600785428,-3.6297840452053265,0.749936659239512,0.7577360009125557,0.7601112243596305,0.7577360127747856,0.7499366824688676,0.0,0.0,0.0,0.0,0.0,0.0,0.0,0.0,0.0,0.0,off,off,off,off,off
79.97499999999634,0.3,14.992499999998033,0.011194645648117785,2.6953415786890105,3.5762443595001514,2.6953459710671837,0.011203217419733846,-3.62418554687099,-3.6241739984035917,0.7500005788123175,0.7578023652077434,0.760178560545374,0.7578023770627151,0.7500006020274627,0.0,0.0,0.0,0.0,0.0,0.0,0.0,0.0,0.0,0.0,off,off,off,off,off
