time_s,current_A_cm2,charge_C_cm2,T1_C,T2_C,T3_C,T4_C,T5_C,left_plate_C,right_plate_C,V1_V,V2_V,V3_V,V4_V,V5_V,ice1,ice2,ice3,ice4,ice5,q1_W_cm2,q2_W_cm2,q3_W_cm2,q4_W_cm2,q5_W_cm2,mode1,mode2,mode3,mode4,mode5
0.0,0.0,0.0,-20.3257595792451,-20.251053750057793,-20.22610936587492,-20.251053750057793,-20.3257595792451,-20.423877734143076,-20.423877734143076,1.259026761651112,1.2589607500322433,1.2589387086574335,1.2589607500322433,1.259026761651112,0.0,0.0,0.0,0.0,0.0,0.0,0.0,0.0,0.0,0.0,off,off,off,off,off
0.25,0.00125,0.00015625,-20.32737136590663,-20.252676419674913,-20.227736550508354,-20.252676419675282,-20.32737136590339,-20.42561647053529,-20.42561647053529,0.8765194061282653,0.876754024213309,0.8768316288349538,0.8767540242133081,0.8765194061282752,0.0,0.0,0.0,0.0,0.0,0.0,0.0,0.0,0.0,0.0,off,off,off,off,off
0.49999999999999994,0.0024999999999999996,0.000625,-20.328668569605924,-20.25397044064036,-20.22903478144019,-20.253970440640785,-20.32866856960274,-20.427352581640093,-20.427352581640122,0.8439608167563741,0.8441891380568337,0.8442638924186492,0.844189138056832,0.8439608167563839,0.0,0.0,0.0,0.0,0.0,0.0,0.0,0.0,0.0,0.0,off,off,off,off,off
0.75,0.00375,0.0014062499999999997,-20.329644900174486,-20.254916839604164,-20.229984384509038,-20.254916839606835,-20.329644900171076,-20.429083865186442,-20.429083865186357,0.823953288141552,0.8241790970224403,0.8242522420153978,0.8241790970224327,0.8239532881415617,0.0,0.0,0.0,0.0,0.0,0.0,0.0,0.0,0.0,0.0,off,off,off,off,off
1.0,0.005,0.002499999999999999,-20.33030164834196,-20.255505121803566,-20.23057382908499,-20.255505121804305,-20.330301648339287,-20.43080812908093,-20.43080812908076,0.8090961933224435,0.8093211175580902,0.8093931663509274,0.8093211175580879,0.8090961933224512,0.0,0.0,0.0,0.0,0.0,0.0,0.0,0.0,0.0,0.0,off,off,off,off,off
1.25,0.00625,0.003906249999999998,-20.330642311942,-20.25572797787737,-20.230794500124006,-20.255727977877598,-20.330642311937652,-20.432523216378797,-20.432523216378627,0.7970716822725146,0.7972966920384295,0.7973679323217747,0.7972966920384292,0.7970716822725272,0.0,0.0,0.0,0.0,0.0,0.0,0.0,0.0,0.0,0.0,off,off,off,off,off
1.5,0.0075,0.005624999999999996,-20.330671264521186,-20.255579931549676,-20.230639405162634,-20.255579931549676,-20.330671264517974,-20.434227014072718,-20.43422701407249,0.7868484564877557,0.7870742418073315,0.7871448632867759,0.7870742418073312,0.7868484564877647,0.0,0.0,0.0,0.0,0.0,0.0,0.0,0.0,0.0,0.0,off,off,off,off,off
1.75,0.00875,0.007656249999999995,-20.33039321393474,-20.25505674691243,-20.23010263365444,-20.255056746910043,-20.330393213929938,-20.43591745636965,-20.435917456369452,0.7778773224849734,0.7781044332177439,0.7781745755875877,0.7781044332177505,0.7778773224849873,0.0,0.0,0.0,0.0,0.0,0.0,0.0,0.0,0.0,0.0,off,off,off,off,off
2.0,0.01,0.009999999999999993,-20.329812940834472,-20.254155105505532,-20.22917907897397,-20.254155105502775,-20.329812940829754,-20.437592525485798,-20.43759252548554,0.7698312439524002,0.7700601532098156,0.7701299283591366,0.7700601532098234,0.7698312439524138,0.0,0.0,0.0,0.0,0.0,0.0,0.0,0.0,0.0,0.0,off,off,off,off,off
2.249999999999999,0.011249999999999996,0.012656249999999992,-20.328935162165465,-20.252872406337218,-20.22786427671258,-20.252872406332187,-20.32893516215833,-20.439250251189122,-20.439250251188895,0.7624999426168897,0.7627310792534931,0.7628005829746947,0.7627310792535068,0.7624999426169097,0.0,0.0,0.0,0.0,0.0,0.0,0.0,0.0,0.0,0.0,off,off,off,off,off
2.4999999999999982,0.012499999999999992,0.015624999999999991,-20.327764458314846,-20.25120663100472,-20.226154302206282,-20.251206631000656,-20.32776445830953,-20.44088870968497,-20.440888709684742,0.7557404147439529,0.7559741814250174,0.7560435001589529,0.7559741814250285,0.7557404147439674,0.0,0.0,0.0,0.0,0.0,0.0,0.0,0.0,0.0,0.0,off,off,off,off,off
2.7499999999999973,0.013749999999999986,0.018906249999999986,-20.32630523545305,-20.249156247165047,-20.224045701108878,-20.249156247162546,-20.326305235448388,-20.44250602216036,-20.44250602216016,0.7494511562948751,0.7496879401254147,0.7497571550968715,0.7496879401254214,0.7494511562948887,0.0,0.0,0.0,0.0,0.0,0.0,0.0,0.0,0.0,0.0,off,off,off,off,off
2.9999999999999964,0.014999999999999982,0.022499999999999982,-20.324561708391855,-20.246720136360977,-20.221535439738176,-20.24672013635592,-20.324561708388188,-20.44410035316858,-20.444100353168437,0.7435576489363039,0.7437978279599484,0.743867017826607,0.7437978279599619,0.7435576489363137,0.0,0.0,0.0,0.0,0.0,0.0,0.0,0.0,0.0,0.0,off,off,off,off,off
3.2499999999999956,0.01624999999999998,0.02640624999999998,-20.32253789575506,-20.243897538299564,-20.21862086786038,-20.243897538294334,-20.322537895748383,-20.445669908961634,-20.44566990896149,0.7380036740416486,0.7382476213142165,0.7383168639143438,0.7382476213142313,0.7380036740416669,0.0,0.0,0.0,0.0,0.0,0.0,0.0,0.0,0.0,0.0,off,off,off,off,off
3.4999999999999947,0.017499999999999974,0.03062499999999997,-20.320237622684118,-20.240688006753516,-20.21529968962861,-20.240688006746296,-20.32023762267579,-20.447212935834017,-20.447212935833903,0.7327458535419584,0.7329939397178431,0.7330633132437339,0.7329939397178626,0.7327458535419811,0.0,0.0,0.0,0.0,0.0,0.0,0.0,0.0,0.0,0.0,off,off,off,off,off
3.749999999999994,0.018749999999999968,0.035156249999999965,-20.31766452811192,-20.23709137397708,-20.21156994003414,-20.237091373972447,-20.317664528104785,-20.448727718518086,-20.448727718517915,0.7277500776951868,0.7280026726703931,0.7280722564610622,0.7280026726704057,0.7277500776952065,0.0,0.0,0.0,0.0,0.0,0.0,0.0,0.0,0.0,0.0,off,off,off,off,off
3.999999999999993,0.019999999999999966,0.03999999999999996,-20.314822074696593,-20.23310772155574,-20.207429965242284,-20.23310772155247,-20.31482207468926,-20.450212578653122,-20.45021257865278,0.7229890872258774,0.723246561166469,0.723316436239595,0.7232465611664777,0.7229890872258974,0.0,0.0,0.0,0.0,0.0,0.0,0.0,0.0,0.0,0.0,off,off,off,off,off
4.249999999999992,0.02124999999999996,0.04515624999999995,-20.311713560270533,-20.22873735620658,-20.2028784056796,-20.228737356201208,-20.311713560265332,-20.4516658733412,-20.45166587334083,0.7184407890636141,0.718703513025589,0.718773762426289,0.7187035130256036,0.718440789063628,0.0,0.0,0.0,0.0,0.0,0.0,0.0,0.0,0.0,0.0,off,off,off,off,off
4.499999999999991,0.022499999999999958,0.05062499999999994,-20.308342129951967,-20.223980789467305,-20.19791418117333,-20.223980789463866,-20.308342129947647,-20.453085993796947,-20.453085993796577,0.7140870536892737,0.7143553999624934,0.714426108980723,0.7143553999625027,0.7140870536892854,0.0,0.0,0.0,0.0,0.0,0.0,0.0,0.0,0.0,0.0,off,off,off,off,off
4.74999999999999,0.02374999999999995,0.05640624999999993,-20.3047107884056,-20.21883872051697,-20.192536477631194,-20.21883872051029,-20.30471078840094,-20.454471364091205,-20.454471364090807,0.7099128376808794,0.7101871799444863,0.7102584362368259,0.7101871799445043,0.7099128376808922,0.0,0.0,0.0,0.0,0.0,0.0,0.0,0.0,0.0,0.0,off,off,off,off,off
4.999999999999989,0.024999999999999946,0.06249999999999992,-20.300822411923377,-20.213312021452595,-20.186744734882865,-20.21331202144671,-20.300822411920677,-20.4558204399886,-20.455820439988173,0.7059055313194876,0.7061862446678878,0.7062581383088548,0.7061862446679036,0.7059055313194948,0.0,0.0,0.0,0.0,0.0,0.0,0.0,0.0,0.0,0.0,off,off,off,off,off
5.2499999999999885,0.026249999999999944,0.0689062499999999,-20.296679760090285,-20.207401724630728,-20.180538635462426,-20.20740172462564,-20.29667976008801,-20.457131707876385,-20.457131707875845,0.7020544653751606,0.7023419262548009,0.7024145497359464,0.7023419262548141,0.7020544653751664,0.0,0.0,0.0,0.0,0.0,0.0,0.0,0.0,0.0,0.0,off,off,off,off,off
5.499999999999988,0.027499999999999938,0.07562499999999989,-20.292285486861545,-20.201109011648242,-20.173918094136837,-20.20110901164219,-20.292285486858844,-20.458403683778556,-20.458403683777874,0.6983505326782697,0.6986451187631643,0.6987185669532671,0.6986451187631809,0.6983505326782767,0.0,0.0,0.0,0.0,0.0,0.0,0.0,0.0,0.0,0.0,off,off,off,off,off
5.749999999999987,0.028749999999999935,0.08265624999999988,-20.28764215101259,-20.19443520368074,-20.166883248023026,-20.194435203670537,-20.287642151009493,-20.459634912452685,-20.459634912451975,0.694785893912479,0.6950879839381802,0.6951623540145625,0.6950879839382079,0.6947858939124874,0.0,0.0,0.0,0.0,0.0,0.0,0.0,0.0,0.0,0.0,off,off,off,off,off
5.999999999999986,0.02999999999999993,0.08999999999999986,-20.28275222587203,-20.18738175294743,-20.159434447236833,-20.18738175293373,-20.282752225866233,-20.460823966562486,-20.460823966561662,0.6913537461803452,0.691663719750188,0.6917391111086519,0.6916637197502252,0.6913537461803609,0.0,0.0,0.0,0.0,0.0,0.0,0.0,0.0,0.0,0.0,off,off,off,off,off
6.249999999999985,0.031249999999999924,0.09765624999999985,-20.277618108332945,-20.179950235086636,-20.15157224594296,-20.179950235071345,-20.277618108324447,-20.46196944592029,-20.461969445919465,0.6880481390255465,0.688366376399101,0.6884428905482963,0.6883663763991428,0.6880481390255699,0.0,0.0,0.0,0.0,0.0,0.0,0.0,0.0,0.0,0.0,off,off,off,off,off
6.499999999999984,0.03249999999999992,0.10562499999999982,-20.272242127146257,-20.1721423422982,-20.14329739378644,-20.17214234228061,-20.27224212713611,-20.46306997679588,-20.463069976795026,0.6848638268017183,0.6851907086725442,0.6852684491171895,0.6851907086725917,0.6848638268017457,0.0,0.0,0.0,0.0,0.0,0.0,0.0,0.0,0.0,0.0,off,off,off,off,off
6.749999999999983,0.03374999999999992,0.1139062499999998,-20.266626550503986,-20.163959877106464,-20.134610827630638,-20.16395987708981,-20.266626550493385,-20.464124211283945,-20.46412421128298,0.6817961492121246,0.6821320564799502,0.6822111285963827,0.6821320564799946,0.6817961492121535,0.0,0.0,0.0,0.0,0.0,0.0,0.0,0.0,0.0,0.0,off,off,off,off,off
6.999999999999982,0.03499999999999991,0.12249999999999978,-20.2607735929339,-20.155404746644507,-20.125513663585735,-20.15540474662933,-20.260773592922135,-20.465130826726238,-20.465130826725215,0.6788409339236895,0.6791862474646866,0.6792667583714181,0.6791862474647274,0.6788409339237212,0.0,0.0,0.0,0.0,0.0,0.0,0.0,0.0,0.0,0.0,off,off,off,off,off
7.249999999999981,0.03624999999999991,0.13140624999999972,-20.254685421522396,-20.146478957349757,-20.116007189282016,-20.146478957337308,-20.254685421508697,-20.466088525183494,-20.4660885251823,0.6759944166536885,0.6763495170915057,0.6764315755168749,0.676349517091539,0.6759944166537255,0.0,0.0,0.0,0.0,0.0,0.0,0.0,0.0,0.0,0.0,off,off,off,off,off
7.4999999999999805,0.0374999999999999,0.14062499999999975,-20.248364161529565,-20.137184610014202,-20.10609285635394,-20.13718461000252,-20.24836416151527,-20.466996032950732,-20.466996032949424,0.6732531752160583,0.6736184426955565,0.6737021588441938,0.6736184426955883,0.6732531752160972,0.0,0.0,0.0,0.0,0.0,0.0,0.0,0.0,0.0,0.0,off,off,off,off,off
7.74999999999998,0.038749999999999896,0.15015624999999974,-20.241811901389696,-20.127523895109732,-20.09577227316143,-20.12752389509936,-20.241811901377048,-20.467852100113646,-20.467852100112253,0.670614074817251,0.6709898887822976,0.6710753742015755,0.6709898887823251,0.670614074817285,0.0,0.0,0.0,0.0,0.0,0.0,0.0,0.0,0.0,0.0,off,off,off,off,off
7.999999999999979,0.0399999999999999,0.1599999999999997,-20.235030697174807,-20.11749908836157,-20.085047197664636,-20.117499088352048,-20.235030697161903,-20.46865550014016,-20.468655500138738,0.6680742224899573,0.6684609614662673,0.6685483289138973,0.6684609614662922,0.6680742224899916,0.0,0.0,0.0,0.0,0.0,0.0,0.0,0.0,0.0,0.0,off,off,off,off,off
8.249999999999979,0.04124999999999989,0.1701562499999995,-20.2280225765181,-20.107112546492772,-20.07391953048537,-20.107112546480664,-20.228022576505936,-20.469405029503406,-20.46940502950204,0.6656309290043154,0.6660289703880459,0.6661183337015228,0.6660289703880788,0.6656309290043481,0.0,0.0,0.0,0.0,0.0,0.0,0.0,0.0,0.0,0.0,off,off,off,off,off
8.499999999999979,0.04249999999999989,0.1806249999999994,-20.2207895420527,-20.09636670311366,-20.06239130812733,-20.09636670310374,-20.22078954203988,-20.47009950733363,-20.470099507332094,0.6632816769393397,0.663691396791948,0.6637828707604368,0.6636913967919752,0.6632816769393751,0.0,0.0,0.0,0.0,0.0,0.0,0.0,0.0,0.0,0.0,off,off,off,off,off
8.749999999999979,0.04374999999999989,0.19140624999999928,-20.21333357441199,-20.085264064768182,-20.050464696353373,-20.085264064757922,-20.2133335743963,-20.470737775092914,-20.47073777509135,0.661024093860929,0.6614458667105787,0.6615395669497992,0.6614458667106061,0.6610240938609708,0.0,0.0,0.0,0.0,0.0,0.0,0.0,0.0,0.0,0.0,off,off,off,off,off
8.999999999999979,0.044999999999999894,0.20249999999999913,-20.205656634807895,-20.07380720704583,-20.038141983710176,-20.073807207035713,-20.205656634792774,-20.4713186962735,-20.47131869627185,0.6588559297571429,0.659290128406975,0.659386171237327,0.6592901284070023,0.6588559297571839,0.0,0.0,0.0,0.0,0.0,0.0,0.0,0.0,0.0,0.0,off,off,off,off,off
9.249999999999979,0.046249999999999895,0.21390624999999894,-20.19776066722426,-20.061998770801438,-20.025425575172164,-20.061998770792712,-20.19776066720877,-20.47184115611276,-20.471841156110997,0.6567750380408951,0.6572220333842257,0.6573205357125378,0.657222033384249,0.6567750380409367,0.0,0.0,0.0,0.0,0.0,0.0,0.0,0.0,0.0,0.0,off,off,off,off,off
9.499999999999979,0.047499999999999896,0.22562499999999883,-20.18964760026168,-20.04984145842033,-20.01231798594003,-20.049841458410867,-20.18964760024528,-20.47230406132502,-20.47230406132317,0.6547793595557416,0.6552395203983634,0.6553405996033285,0.6552395203983884,0.6547793595557858,0.0,0.0,0.0,0.0,0.0,0.0,0.0,0.0,0.0,0.0,off,off,off,off,off
9.749999999999979,0.0487499999999999,0.23765624999999868,-20.181319348650135,-20.03733803016422,-19.998821835358058,-20.037338030155155,-20.181319348636208,-20.472706339846184,-20.47270633984425,0.6528669091201375,0.6533406020096538,0.6534443758311823,0.6533406020096779,0.6528669091201751,0.0,0.0,0.0,0.0,0.0,0.0,0.0,0.0,0.0,0.0,off,off,off,off,off
9.999999999999979,0.04999999999999989,0.2499999999999985,-20.17277781450349,-20.024491300554388,-19.984939840947305,-20.0244913005468,-20.172777814489166,-20.473046940590137,-20.473046940588176,0.651035764224851,0.6515233532872095,0.6516299397197661,0.6515233532872298,0.65103576422489,0.0,0.0,0.0,0.0,0.0,0.0,0.0,0.0,0.0,0.0,off,off,off,off,off
10.249999999999979,0.05124999999999989,0.26265624999999837,-20.164024888256506,-20.011304134797854,-19.970674812587305,-20.011304134790407,-20.16402488824258,-20.473324833213866,-20.473324833211876,0.6492840555626304,0.6497859023456816,0.6498954195355822,0.6497859023457014,0.6492840555626677,0.0,0.0,0.0,0.0,0.0,0.0,0.0,0.0,0.0,0.0,off,off,off,off,off
10.499999999999979,0.052499999999999894,0.2756249999999982,-20.155062449421507,-19.997779445259624,-19.956029646789887,-19.99777944525306,-20.155062449406643,-20.473539007890054,-20.473539007887922,0.6476099591204074,0.6481264224446261,0.6482389885913976,0.6481264224446437,0.6476099591204478,0.0,0.0,0.0,0.0,0.0,0.0,0.0,0.0,0.0,0.0,off,off,off,off,off
10.749999999999979,0.053749999999999895,0.288906249999998,-20.145892367083746,-19.983920187975457,-19.94100732112591,-19.983920187967726,-20.14589236706965,-20.47368847508571,-20.473688475083435,0.6460116896071914,0.6465431254233701,0.646658858685095,0.6465431254233909,0.6460116896072293,0.0,0.0,0.0,0.0,0.0,0.0,0.0,0.0,0.0,0.0,off,off,off,off,off
10.999999999999979,0.054999999999999896,0.3024999999999978,-20.136516500241925,-19.96972935919692,-19.925610888737452,-19.969729359188875,-20.136516500227316,-20.473772265344905,-20.473772265342546,0.6444874950248498,0.6450342562788483,0.64515327468152,0.6450342562788703,0.6444874950248892,0.0,0.0,0.0,0.0,0.0,0.0,0.0,0.0,0.0,0.0,off,off,off,off,off
11.249999999999979,0.0562499999999999,0.31640624999999767,-20.126936697952175,-19.955209991988028,-19.909843473005367,-19.955209991978307,-20.126936697936628,-20.47378942907494,-20.47378942907247,0.6430356522179959,0.6435980887223616,0.6437205100731597,0.6435980887223876,0.6430356522180377,0.0,0.0,0.0,0.0,0.0,0.0,0.0,0.0,0.0,0.0,off,off,off,off,off
11.499999999999979,0.05749999999999989,0.33062499999999745,-20.117154799341677,-19.940365152839973,-19.893708262307484,-19.940365152831305,-20.117154799326045,-20.47373903633394,-20.473739036331466,0.6416544632625611,0.6422329215750886,0.6423588633795319,0.6422329215751124,0.6416544632626031,0.0,0.0,0.0,0.0,0.0,0.0,0.0,0.0,0.0,0.0,off,off,off,off,off
11.749999999999979,0.05874999999999989,0.3451562499999972,-20.10717263348306,-19.92519793836911,-19.87720850491661,-19.925197938359588,-20.107172633468764,-20.473620176620386,-20.473620176617857,0.6403422525726936,0.640937075881702,0.6410666552646631,0.6409370758817283,0.6403422525727323,0.0,0.0,0.0,0.0,0.0,0.0,0.0,0.0,0.0,0.0,off,off,off,off,off
11.999999999999979,0.059999999999999894,0.35999999999999704,-20.096992019163935,-19.90971147202336,-19.860347504015408,-19.909711472014692,-20.096992019146512,-20.473431958661735,-20.473431958659177,0.6390973646220832,0.6397088926384659,0.6398422262688934,0.6397088926384894,0.6390973646221303,0.0,0.0,0.0,0.0,0.0,0.0,0.0,0.0,0.0,0.0,off,off,off,off,off
12.249999999999979,0.061249999999999895,0.37515624999999686,-20.086614764544265,-19.893908900859344,-19.843128612834306,-19.89390890085187,-20.086614764528548,-20.473173510203395,-20.473173510200724,0.6379181621900032,0.6385467310458659,0.6386839350651871,0.6385467310458859,0.6379181621900458,0.0,0.0,0.0,0.0,0.0,0.0,0.0,0.0,0.0,0.0,off,off,off,off,off
12.499999999999979,0.062499999999999896,0.39062499999999667,-20.07604266675591,-19.877793392376617,-19.825555229912084,-19.877793392365646,-20.07604266673937,-20.472843977796146,-20.472843977793303,0.6368030250541131,0.6374489672079635,0.6375901571620969,0.6374489672079937,0.6368030250541581,0.0,0.0,0.0,0.0,0.0,0.0,0.0,0.0,0.0,0.0,off,off,off,off,off
12.749999999999979,0.06374999999999989,0.4064062499999964,-20.06527751141013,-19.861368131385632,-19.807630794482293,-19.861368131376764,-20.065277511394328,-20.4724425265818,-20.47244252657876,0.6357503490624749,0.6364139932108686,0.6365592839856979,0.6364139932108924,0.6357503490625181,0.0,0.0,0.0,0.0,0.0,0.0,0.0,0.0,0.0,0.0,off,off,off,off,off
12.999999999999979,0.06499999999999989,0.42249999999999627,-20.054321072066642,-19.844636316975823,-19.78935878198783,-19.844636316965875,-20.0543210720503,-20.471968340077296,-20.47196834007417,0.6347585455257575,0.6354402165212287,0.6355897222815512,0.6354402165212555,0.6347585455258015,0.0,0.0,0.0,0.0,0.0,0.0,0.0,0.0,0.0,0.0,off,off,off,off,off
13.249999999999979,0.06624999999999989,0.43890624999999606,-20.043175109653276,-19.82760115951268,-19.770742699722973,-19.827601159501256,-20.04317510963628,-20.47142061995615,-20.471420619953022,0.633826040878283,0.6345260596535497,0.6346798937853078,0.6345260596535808,0.6338260408783291,0.0,0.0,0.0,0.0,0.0,0.0,0.0,0.0,0.0,0.0,off,off,off,off,off
13.499999999999979,0.0674999999999999,0.45562499999999584,-20.03184137185255,-19.810265877724703,-19.751786082600262,-19.810265877709668,-20.031841371835867,-20.47079858582734,-20.4707985858241,0.6329512765630512,0.6336699600613062,0.6338282351170865,0.6336699600613471,0.6329512765630964,0.0,0.0,0.0,0.0,0.0,0.0,0.0,0.0,0.0,0.0,off,off,off,off,off
13.749999999999979,0.0687499999999999,0.47265624999999556,-20.020321592458856,-19.792633695856324,-19.732492489043494,-19.79263369584271,-20.02032159244237,-20.470101475011177,-20.470101475007823,0.6321327091015523,0.6328703702127337,0.6330331978604304,0.6328703702127706,0.6321327091015972,0.0,0.0,0.0,0.0,0.0,0.0,0.0,0.0,0.0,0.0,off,off,off,off,off
13.999999999999979,0.0699999999999999,0.48999999999999533,-20.008617490738317,-19.774707840901243,-19.71286549702336,-19.77470784088851,-20.008617490721832,-20.46932854231264,-20.469328542309142,0.6313688103140866,0.6321257578170333,0.632293248791566,0.6321257578170675,0.6313688103141315,0.0,0.0,0.0,0.0,0.0,0.0,0.0,0.0,0.0,0.0,off,off,off,off,off
14.249999999999979,0.0712499999999999,0.5076562499999951,-19.996730770761474,-19.756491539908183,-19.69290870021493,-19.75649153989471,-19.996730770742204,-20.468479059791633,-20.46847905978808,0.6306580676608012,0.6314346061711259,0.6316068702291333,0.6314346061711619,0.6306580676608535,0.0,0.0,0.0,0.0,0.0,0.0,0.0,0.0,0.0,0.0,off,off,off,off,off
14.499999999999979,0.0724999999999999,0.5256249999999949,-19.98466312074089,-19.73798801736919,-19.672625704278857,-19.737988017356912,-19.98466312072216,-20.467552316530487,-20.467552316526877,0.6299989846773189,0.6307954146008712,0.6309725604783117,0.6307954146009045,0.6299989846773697,0.0,0.0,0.0,0.0,0.0,0.0,0.0,0.0,0.0,0.0,off,off,off,off,off
14.749999999999979,0.0737499999999999,0.5439062499999946,-19.972416212392005,-19.719200492700736,-19.6520201232926,-19.719200492690703,-19.97241621237049,-20.466547618398465,-20.466547618394657,0.6293900814822195,0.6302066989740327,0.6303888343465762,0.6302066989740599,0.6293900814822778,0.0,0.0,0.0,0.0,0.0,0.0,0.0,0.0,0.0,0.0,off,off,off,off,off
14.999999999999979,0.0749999999999999,0.5624999999999943,-19.959991700273065,-19.700132177804733,-19.631095576292864,-19.700132177792256,-19.959991700254704,-20.465464287812864,-20.465464287808913,0.6288298953368048,0.6296669922652969,0.6298542237114652,0.6296669922653305,0.6288298953368542,0.0,0.0,0.0,0.0,0.0,0.0,0.0,0.0,0.0,0.0,off,off,off,off,off
15.249999999999979,0.0762499999999999,0.5814062499999941,-19.947391221179345,-19.680786274710783,-19.609855683959324,-19.680786274699898,-19.94739122116215,-20.464301663498617,-20.46430166349461,0.6283169812398708,0.629174845156288,0.6293672781232017,0.6291748451563175,0.6283169812399175,0.0,0.0,0.0,0.0,0.0,0.0,0.0,0.0,0.0,0.0,off,off,off,off,off
15.499999999999979,0.07749999999999989,0.6006249999999939,-19.934616393523697,-19.661165973329048,-19.588304065432425,-19.661165973316855,-19.93461639350741,-20.463059100244806,-20.463059100240685,0.6278499125429503,0.6287288266557408,0.6289265654274473,0.6287288266557735,0.6278499125429942,0.0,0.0,0.0,0.0,0.0,0.0,0.0,0.0,0.0,0.0,off,off,off,off,off
15.749999999999979,0.07874999999999989,0.6201562499999935,-19.92166881675982,-19.641274449265126,-19.566444335254147,-19.641274449253018,-19.92166881674234,-20.461735968658132,-20.461735968653898,0.6274272815732188,0.6283275247273208,0.6285306723955532,0.6283275247273533,0.6274272815732668,0.0,0.0,0.0,0.0,0.0,0.0,0.0,0.0,0.0,0.0,off,off,off,off,off
15.999999999999979,0.07999999999999989,0.6399999999999934,-19.908550070830245,-19.621114861758826,-19.54428010044026,-19.621114861748197,-19.908550070813874,-20.460331654915535,-20.460331654911187,0.6270477002533279,0.6279695469141161,0.6281782053514832,0.6279695469141451,0.6270477002533729,0.0,0.0,0.0,0.0,0.0,0.0,0.0,0.0,0.0,0.0,off,off,off,off,off
16.24999999999998,0.08124999999999989,0.6601562499999931,-19.895261715644466,-19.60069035169431,-19.521814957688804,-19.600690351684392,-19.89526171562693,-20.458845560513794,-20.458845560509303,0.6267098007089785,0.627653520950773,0.6278677907862246,0.6276535209508,0.6267098007090263,0.0,0.0,0.0,0.0,0.0,0.0,0.0,0.0,0.0,0.0,off,off,off,off,off
16.49999999999998,0.08249999999999989,0.6806249999999928,-19.881805290576494,-19.580004039708115,-19.499052490692378,-19.580004039698395,-19.881805290556713,-20.457277102018082,-20.45727710201342,0.6264122358565861,0.6273780953555098,0.6275980759520715,0.6273780953555362,0.6264122358566401,0.0,0.0,0.0,0.0,0.0,0.0,0.0,0.0,0.0,0.0,off,off,off,off,off
16.74999999999998,0.0837499999999999,0.7014062499999926,-19.868182314011648,-19.55905902439423,-19.475996267612288,-19.55905902438539,-19.86818231399343,-20.45562571080859,-20.455625710803844,0.626153679964552,0.6271419399956173,0.627367729430227,0.6271419399956412,0.6261536799646015,0.0,0.0,0.0,0.0,0.0,0.0,0.0,0.0,0.0,0.0,off,off,off,off,off
16.99999999999998,0.0849999999999999,0.7224999999999924,-19.854394282922158,-19.53785838060014,-19.452649838643282,-19.53785838059062,-19.854394282905332,-20.453890832826403,-20.453890832821514,0.6259328291829676,0.6269437466212041,0.6271754416666697,0.62694374662123,0.6259328291830136,0.0,0.0,0.0,0.0,0.0,0.0,0.0,0.0,0.0,0.0,off,off,off,off,off
17.24999999999998,0.0862499999999999,0.7439062499999921,-19.84044267247782,-19.51640515781159,-19.429016733730435,-19.5164051578019,-19.840442672463553,-20.452071928317906,-20.452071928312847,0.6257484020375147,0.6267822293629965,0.6270199254718948,0.6267822293630227,0.6257484020375534,0.0,0.0,0.0,0.0,0.0,0.0,0.0,0.0,0.0,0.0,off,off,off,off,off
17.49999999999998,0.0874999999999999,0.7656249999999918,-19.826328935691322,-19.494702378639715,-19.405100460375508,-19.494702378627807,-19.82632893567819,-20.45016847157845,-20.450168471573335,0.6255991398842558,0.6266561251908231,0.6268999164813919,0.6266561251908559,0.6255991398842914,0.0,0.0,0.0,0.0,0.0,0.0,0.0,0.0,0.0,0.0,off,off,off,off,off
17.74999999999998,0.0887499999999999,0.7876562499999915,-19.812054503097045,-19.472753037379164,-19.380904501592624,-19.472753037366658,-19.812054503085335,-20.448179950696385,-20.44817995069127,0.6254838073228227,0.6265641943303831,0.6268141735741887,0.6265641943304174,0.6254838073228547,0.0,0.0,0.0,0.0,0.0,0.0,0.0,0.0,0.0,0.0,off,off,off,off,off
17.99999999999998,0.0899999999999999,0.8099999999999912,-19.797620782470574,-19.45056009868665,-19.35643231395744,-19.45056009867156,-19.797620782460086,-20.44610586729584,-20.44610586729067,0.625401192566176,0.6265052206363453,0.6267614792478046,0.6265052206363863,0.625401192566204,0.0,0.0,0.0,0.0,0.0,0.0,0.0,0.0,0.0,0.0,off,off,off,off,off
18.24999999999998,0.0912499999999999,0.8326562499999909,-19.78302915858913,-19.428126496317333,-19.331687325786817,-19.428126496302127,-19.783029158578955,-20.443945736280313,-20.44394573627511,0.6253501077657565,0.6264780119207841,0.6267406399483395,0.626478011920825,0.6253501077657843,0.0,0.0,0.0,0.0,0.0,0.0,0.0,0.0,0.0,0.0,off,off,off,off,off
18.49999999999998,0.0924999999999999,0.8556249999999906,-19.768280993021733,-19.405455131963834,-19.30667293542504,-19.40545513194769,-19.768280993011444,-20.441699085575834,-20.441699085570633,0.625329389291434,0.6264814002361809,0.6267504863551203,0.6264814002362248,0.6253293892914623,0.0,0.0,0.0,0.0,0.0,0.0,0.0,0.0,0.0,0.0,off,off,off,off,off
18.74999999999998,0.09374999999999989,0.8789062499999903,-19.753377623940366,-19.38254887417486,-19.281392509632298,-19.382548874160932,-19.75337762392735,-20.43936545587559,-20.439365455870217,0.6253378979661094,0.6265142421128982,0.6267898736197515,0.6265142421129356,0.6253378979661451,0.0,0.0,0.0,0.0,0.0,0.0,0.0,0.0,0.0,0.0,off,off,off,off,off
18.99999999999998,0.09499999999999989,0.90249999999999,-19.73832036599805,-19.359410557365806,-19.255849382088,-19.359410557352504,-19.7383203659856,-20.43694440038408,-20.43694440037862,0.625374519255079,0.6265754187513305,0.626857681559785,0.6265754187513662,0.6253745192551132,0.0,0.0,0.0,0.0,0.0,0.0,0.0,0.0,0.0,0.0,off,off,off,off,off
19.24999999999998,0.09624999999999989,0.9264062499999897,-19.723110510214724,-19.336042980900174,-19.230046851995354,-19.33604298088906,-19.723110510203043,-20.43443548456392,-20.434435484558378,0.6254381634109422,0.6266638361693947,0.6269528148076333,0.6266638361694247,0.6254381634109741,0.0,0.0,0.0,0.0,0.0,0.0,0.0,0.0,0.0,0.0,off,off,off,off,off
19.49999999999998,0.09749999999999989,0.9506249999999894,-19.707749323905176,-19.31244890824982,-19.203988182792756,-19.312448908239958,-19.70774932389523,-20.43183828588218,-20.431838285876637,0.6255277655748358,0.6267784253062236,0.6270742029156133,0.6267784253062505,0.625527765574863,0.0,0.0,0.0,0.0,0.0,0.0,0.0,0.0,0.0,0.0,off,off,off,off,off
19.74999999999998,0.0987499999999999,0.9751562499999891,-19.69223805063342,-19.288631066240242,-19.17767660095066,-19.28863106623382,-19.69223805062566,-20.429152393559377,-20.429152393553892,0.6256422858351942,0.6269181420832041,0.6272208004183228,0.6269181420832214,0.6256422858352158,0.0,0.0,0.0,0.0,0.0,0.0,0.0,0.0,0.0,0.0,off,off,off,off,off
19.99999999999998,0.0999999999999999,0.9999999999999888,-19.676577910198773,-19.264592144366844,-19.15111529488084,-19.264592144360904,-19.676577910191497,-20.42637740831958,-20.426377408314096,0.6257807092453851,0.6270819674237512,0.6273915868536419,0.6270819674237674,0.6257807092454043,0.0,0.0,0.0,0.0,0.0,0.0,0.0,0.0,0.0,0.0,off,off,off,off,off
20.24999999999998,0.1012499999999999,1.0251562499999887,-19.660770098657736,-19.240334794177954,-19.12430741392393,-19.240334794174544,-19.66077009864867,-20.423512942142253,-20.423512942136796,0.625942045801729,0.6272689072333675,0.6275855667439748,0.6272689072333767,0.6259420458017537,0.0,0.0,0.0,0.0,0.0,0.0,0.0,0.0,0.0,0.0,off,off,off,off,off
20.49999999999998,0.1024999999999999,1.0506249999999882,-19.644815788362024,-19.215861628740043,-19.097256067423615,-19.215861628734245,-19.64481578835361,-20.420558618016514,-20.42055861801103,0.6261253303836477,0.6274779923416144,0.6278017695393915,0.6274779923416298,0.6261253303836708,0.0,0.0,0.0,0.0,0.0,0.0,0.0,0.0,0.0,0.0,off,off,off,off,off
20.74999999999998,0.1037499999999999,1.0764062499999878,-19.628716128034085,-19.19117522215251,-19.06996432390895,-19.191175222148445,-19.62871612802789,-20.417514069697262,-20.417514069691748,0.6263296226576448,0.6277082784078677,0.6280392495243862,0.6277082784078787,0.6263296226576616,0.0,0.0,0.0,0.0,0.0,0.0,0.0,0.0,0.0,0.0,off,off,off,off,off
20.99999999999998,0.1049999999999999,1.1024999999999876,-19.612472242865977,-19.166278109152046,-19.04243521033348,-19.166278109147896,-19.612472242855944,-20.41437894146378,-20.41437894145821,0.6265540069470311,0.6279588457926139,0.6282970856902597,0.6279588457926248,0.6265540069470589,0.0,0.0,0.0,0.0,0.0,0.0,0.0,0.0,0.0,0.0,off,off,off,off,off
21.24999999999998,0.1062499999999999,1.1289062499999871,-19.596085234622734,-19.14117278474569,-19.014671711412518,-19.141172784740945,-19.59608523461094,-20.411152887880746,-20.411152887875176,0.6267975920693676,0.628228799396368,0.6285743815749285,0.6282287993963808,0.6267975920693999,0.0,0.0,0.0,0.0,0.0,0.0,0.0,0.0,0.0,0.0,off,off,off,off,off
21.49999999999998,0.1074999999999999,1.1556249999999868,-19.579556181799575,-19.11586170393403,-18.98667676902832,-19.115861703931984,-19.579556181788433,-20.40783557356218,-20.407835573556554,0.6270595111434418,0.6285172684680121,0.6288702650722098,0.6285172684680176,0.6270595111434721,0.0,0.0,0.0,0.0,0.0,0.0,0.0,0.0,0.0,0.0,off,off,off,off,off
21.74999999999998,0.1087499999999999,1.1826562499999866,-19.562886139781142,-19.090347281484497,-18.958453281715293,-19.090347281482593,-19.562886139772644,-20.40442667293769,-20.404426672932004,0.6273389213679013,0.6288234063846377,0.6291838882125189,0.6288234063846431,0.6273389213679244,0.0,0.0,0.0,0.0,0.0,0.0,0.0,0.0,0.0,0.0,off,off,off,off,off
21.99999999999998,0.10999999999999989,1.2099999999999862,-19.546076141020905,-19.064631891740277,-18.93000410421041,-19.064631891738628,-19.546076141012747,-20.40092587002198,-20.400925870016266,0.627635003773473,0.6291463904049072,0.6295144269170078,0.6291463904049117,0.6276350037734953,0.0,0.0,0.0,0.0,0.0,0.0,0.0,0.0,0.0,0.0,off,off,off,off,off
22.24999999999998,0.11124999999999989,1.237656249999986,-19.529127195235304,-19.03871786850354,-18.901332047075982,-19.03871786850206,-19.529127195228284,-20.39733285818727,-20.397332858181613,0.6279469629507494,0.6294854213978038,0.6298610807270816,0.6294854213978082,0.6279469629507685,0.0,0.0,0.0,0.0,0.0,0.0,0.0,0.0,0.0,0.0,off,off,off,off,off
22.49999999999998,0.11249999999999989,1.2656249999999858,-19.51204028963386,-19.012607504964507,-18.87243987638425,-19.012607504963313,-19.512040289627492,-20.39364733993881,-20.393647339933068,0.628274026755419,0.6298397235487844,0.6302230725112756,0.6298397235487876,0.6282740267554366,0.0,0.0,0.0,0.0,0.0,0.0,0.0,0.0,0.0,0.0,off,off,off,off,off
22.74999999999998,0.11374999999999989,1.2939062499999852,-19.494816389140652,-18.986303053671605,-18.843330313462076,-18.986303053668138,-19.494816389134286,-20.389869026693304,-20.38986902668762,0.6286154459929812,0.6302085440452574,0.6305996481513987,0.6302085440452668,0.628615445992999,0.0,0.0,0.0,0.0,0.0,0.0,0.0,0.0,0.0,0.0,off,off,off,off,off
22.99999999999998,0.1149999999999999,1.322499999999985,-19.477456436643962,-18.95980672653758,-18.81400603471033,-18.959806726533174,-19.477456436636743,-20.38599763856132,-20.385997638555608,0.6289704940847011,0.6305911527432682,0.6309900762097708,0.6305911527432806,0.628970494084721,0.0,0.0,0.0,0.0,0.0,0.0,0.0,0.0,0.0,0.0,off,off,off,off,off
23.24999999999998,0.1162499999999999,1.3514062499999846,-19.45996135325703,-18.93312069491219,-18.78446967145038,-18.933120694907615,-19.459961353250264,-20.38203290413216,-20.38203290412642,0.6293384667166635,0.6309868418171171,0.6313936475794999,0.6309868418171302,0.6293384667166818,0.0,0.0,0.0,0.0,0.0,0.0,0.0,0.0,0.0,0.0,off,off,off,off,off
23.49999999999998,0.1174999999999999,1.380624999999984,-19.442332038588773,-18.90624708967411,-18.754723809858802,-18.906247089668426,-19.442332038583174,-20.37797456026277,-20.37797456025703,0.6297186814736871,0.6313949253937969,0.6318096751193815,0.6313949253938121,0.629718681473702,0.0,0.0,0.0,0.0,0.0,0.0,0.0,0.0,0.0,0.0,off,off,off,off,off
23.74999999999998,0.1187499999999999,1.4101562499999838,-19.424569371029122,-18.87918800137072,-18.7247709909237,-18.879188001366373,-19.4245693710225,-20.37382235186982,-20.373822351864078,0.6301104774597762,0.6318147391738647,0.6322374932753013,0.6318147391738765,0.6301104774597944,0.0,0.0,0.0,0.0,0.0,0.0,0.0,0.0,0.0,0.0,off,off,off,off,off
23.99999999999998,0.1199999999999999,1.4399999999999833,-19.406674208034218,-18.851945480393397,-18.694613710461482,-18.851945480390924,-19.40667420802353,-20.369576031725416,-20.36957603171959,0.6305132149067803,0.6322456400404108,0.6326764576896667,0.6322456400404175,0.63051321490681,0.0,0.0,0.0,0.0,0.0,0.0,0.0,0.0,0.0,0.0,off,off,off,off,off
24.24999999999998,0.1212499999999999,1.4701562499999827,-19.388647386431387,-18.824521537175997,-18.664254419179684,-18.824521537174803,-19.388647386421155,-20.365235360256122,-20.365235360250324,0.6309262747727579,0.6326870056577162,0.6331259448004499,0.6326870056577192,0.630926274772786,0.0,0.0,0.0,0.0,0.0,0.0,0.0,0.0,0.0,0.0,off,off,off,off,off
24.49999999999998,0.1224999999999999,1.5006249999999826,-19.37048972272831,-18.79691814243472,-18.633695522788003,-18.796918142436255,-19.370489722718872,-20.360800105345874,-20.360800105340218,0.6313490583315775,0.6331382340610323,0.6335853514313415,0.6331382340610278,0.6313490583316033,0.0,0.0,0.0,0.0,0.0,0.0,0.0,0.0,0.0,0.0,off,off,off,off,off
24.74999999999998,0.1237499999999999,1.531406249999982,-19.352202013422783,-18.769137227438364,-18.60293938213701,-18.76913722744041,-19.35220201341346,-20.356270042142597,-20.356270042136885,0.6317809867551789,0.6335987432389308,0.6340540943744724,0.6335987432389251,0.6317809867552046,0.0,0.0,0.0,0.0,0.0,0.0,0.0,0.0,0.0,0.0,off,off,off,off,off
24.99999999999998,0.1249999999999999,1.5624999999999816,-19.333785035331573,-18.741180684292743,-18.571988313399032,-18.741180684295756,-19.333785035319522,-20.351644952867417,-20.351644952861676,0.6322215006897826,0.6340679707096046,0.6345316099670092,0.6340679707095964,0.6322215006898161,0.0,0.0,0.0,0.0,0.0,0.0,0.0,0.0,0.0,0.0,off,off,off,off,off
25.24999999999998,0.1262499999999999,1.5939062499999814,-19.315239545898635,-18.71305036626606,-18.540844588293197,-18.7130503662695,-19.315239545888062,-20.346924626628777,-20.34692462662298,0.6326700598274175,0.634545373092317,0.635017353662884,0.6345453730923072,0.6326700598274467,0.0,0.0,0.0,0.0,0.0,0.0,0.0,0.0,0.0,0.0,off,off,off,off,off
25.49999999999998,0.1274999999999999,1.625624999999981,-19.29656628354391,-18.68474808813059,-18.50951043433099,-18.68474808813474,-19.29656628353348,-20.3421088592396,-20.34210885923372,0.6331261424737974,0.6350304256752536,0.6355107996009173,0.6350304256752421,0.633126142473826,0.0,0.0,0.0,0.0,0.0,0.0,0.0,0.0,0.0,0.0,off,off,off,off,off
25.74999999999998,0.1287499999999999,1.6576562499999805,-19.277765967980315,-18.656275626521477,-18.47798803510807,-18.65627562652446,-19.27776596797065,-20.337197453037646,-20.33719745303179,0.6335892451138594,0.635522621980902,0.6360114401703755,0.6355226219808934,0.6335892451138863,0.0,0.0,0.0,0.0,0.0,0.0,0.0,0.0,0.0,0.0,off,off,off,off,off
25.99999999999998,0.1299999999999999,1.6899999999999802,-19.258839300557298,-18.6276347203206,-18.446279530613708,-18.627634720324437,-19.25883930054667,-20.332190216710586,-20.33219021670476,0.6340588819758566,0.6360214733299758,0.6365187855751072,0.636021473329966,0.634058881975886,0.0,0.0,0.0,0.0,0.0,0.0,0.0,0.0,0.0,0.0,off,off,off,off,off
26.24999999999998,0.1312499999999999,1.7226562499999798,-19.239786964584454,-18.598827071062516,-18.41438701757116,-18.598827071065557,-19.23978696457678,-20.3270869651235,-20.327086965117644,0.6345345845951038,0.6365265084048863,0.6370323633971819,0.636526508404878,0.6345345845951247,0.0,0.0,0.0,0.0,0.0,0.0,0.0,0.0,0.0,0.0,off,off,off,off,off
26.49999999999998,0.1324999999999999,1.7556249999999793,-19.220609625683693,-18.56985434334581,-18.382312549801014,-18.569854343351352,-19.220609625676218,-20.321887519150437,-20.321887519144553,0.6350159013781573,0.6370372728136915,0.6375517181609762,0.6370372728136764,0.6350159013781775,0.0,0.0,0.0,0.0,0.0,0.0,0.0,0.0,0.0,0.0,off,off,off,off,off
26.74999999999998,0.1337499999999999,1.788906249999979,-19.201307932116606,-18.54071816527386,-18.35005813861315,-18.540718165279003,-19.20130793210717,-20.316591705509666,-20.31659170550381,0.6355023971684178,0.6375533286553279,0.638076410898524,0.6375533286553138,0.6355023971684439,0.0,0.0,0.0,0.0,0.0,0.0,0.0,0.0,0.0,0.0,off,off,off,off,off
26.99999999999998,0.1349999999999999,1.8224999999999785,-19.18188251511964,-18.511420128891018,-18.317625753222643,-18.51142012889784,-19.18188251510847,-20.3111993566026,-20.311199356596745,0.6359936528138422,0.6380742540869786,0.638606018716937,0.63807425408696,0.6359936528138727,0.0,0.0,0.0,0.0,0.0,0.0,0.0,0.0,0.0,0.0,off,off,off,off,off
27.24999999999998,0.1362499999999999,1.856406249999978,-19.162333989249845,-18.4819617906532,-18.285017321167004,-18.48196179065988,-19.162333989239215,-20.30571031035558,-20.30571031034964,0.6364892647374725,0.6385996428941935,0.6391401343686589,0.6385996428941751,0.6364892647375023,0.0,0.0,0.0,0.0,0.0,0.0,0.0,0.0,0.0,0.0,off,off,off,off,off
27.49999999999998,0.1374999999999999,1.8906249999999778,-19.14266295271426,-18.45234467189144,-18.252234728767434,-18.452344671898942,-19.14266295270437,-20.30012441006548,-20.30012441005954,0.6369888445115228,0.6391291040645325,0.6396783658251066,0.639129104064512,0.6369888445115501,0.0,0.0,0.0,0.0,0.0,0.0,0.0,0.0,0.0,0.0,off,off,off,off,off
27.74999999999998,0.1387499999999999,1.9251562499999773,-19.122869987702785,-18.422570259291376,-18.219279821586667,-18.422570259296037,-19.122869987694344,-20.294441504249193,-20.294441504243167,0.6374920184355486,0.6396622613652678,0.6402203358544174,0.6396622613652551,0.6374920184355718,0.0,0.0,0.0,0.0,0.0,0.0,0.0,0.0,0.0,0.0,off,off,off,off,off
27.99999999999998,0.1399999999999999,1.9599999999999769,-19.10295566072122,-18.392640005375767,-18.186154404911832,-18.392640005379747,-19.102955660709796,-20.288661446495496,-20.2886614464895,0.6379984271192747,0.6401987529257261,0.6407656816037797,0.6401987529257154,0.6379984271193064,0.0,0.0,0.0,0.0,0.0,0.0,0.0,0.0,0.0,0.0,off,off,off,off,off
28.24999999999998,0.1412499999999999,1.9951562499999766,-19.082920522916226,-18.36255532901484,-18.15286024424711,-18.36255532901521,-19.082920522904175,-20.282784095321375,-20.282784095315378,0.6385077250705811,0.6407382308246937,0.6413140541868717,0.6407382308246928,0.6385077250706142,0.0,0.0,0.0,0.0,0.0,0.0,0.0,0.0,0.0,0.0,off,off,off,off,off
28.49999999999998,0.1424999999999999,2.0306249999999766,-19.06276511040994,-18.33231761590966,-18.11939906581955,-18.332317615913013,-19.062765110396896,-20.276809314031055,-20.27680931402506,0.6390195802890465,0.6412803606834813,0.641865118276851,0.6412803606834716,0.6390195802890822,0.0,0.0,0.0,0.0,0.0,0.0,0.0,0.0,0.0,0.0,off,off,off,off,off
28.74999999999998,0.1437499999999999,2.066406249999976,-19.04248994461804,-18.301928219118906,-18.085772557104747,-18.301928219122942,-19.042489944604625,-20.270736970578326,-20.270736970572244,0.6395336738655186,0.6418248212648461,0.6424185517052653,0.6418248212648344,0.6395336738655557,0.0,0.0,0.0,0.0,0.0,0.0,0.0,0.0,0.0,0.0,off,off,off,off,off
28.99999999999998,0.1449999999999999,2.102499999999975,-19.02209553256435,-18.271388459553293,-18.05198236733372,-18.271388459558096,-19.02209553255483,-20.264566937431795,-20.26456693742577,0.6400496995880203,0.6423713040783362,0.6429740450673483,0.6423713040783224,0.6400496995880465,0.0,0.0,0.0,0.0,0.0,0.0,0.0,0.0,0.0,0.0,off,off,off,off,off
29.24999999999998,0.1462499999999999,2.1389062499999754,-19.001582367210887,-18.24069962650131,-18.01803010805341,-18.24069962650691,-19.00158236720108,-20.258299091444485,-20.258299091438488,0.6405673635542586,0.6429195129921886,0.6435313013338063,0.6429195129921732,0.6405673635542858,0.0,0.0,0.0,0.0,0.0,0.0,0.0,0.0,0.0,0.0,off,off,off,off,off
29.49999999999998,0.1474999999999999,2.175624999999975,-18.980950927755828,-18.209862978130758,-17.983917353649275,-18.209862978137465,-18.980950927746136,-20.251933313725033,-20.251933313719093,0.6410863837911221,0.6434691638522039,0.6440900354696174,0.6434691638521853,0.6410863837911489,0.0,0.0,0.0,0.0,0.0,0.0,0.0,0.0,0.0,0.0,off,off,off,off,off
29.74999999999998,0.1487499999999999,2.212656249999974,-18.960201679945897,-18.17887974203012,-17.949645641893767,-18.178879742035832,-18.96020167993808,-20.245469489513425,-20.245469489507343,0.6416064898812891,0.644019984107648,0.6446499740599034,0.6440199841076326,0.6416064898813101,0.0,0.0,0.0,0.0,0.0,0.0,0.0,0.0,0.0,0.0,off,off,off,off,off
29.99999999999998,0.14999999999999988,2.2499999999999742,-18.939335076383003,-18.14775111570944,-17.915216474518587,-18.147751115713987,-18.93933507637678,-20.238907508057963,-20.23890750805188,0.6421274225971798,0.6445717124446151,0.6452108549430765,0.6445717124446027,0.6421274225971968,0.0,0.0,0.0,0.0,0.0,0.0,0.0,0.0,0.0,0.0,off,off,off,off,off
30.24999999999998,0.15124999999999988,2.2876562499999737,-18.918351556821676,-18.11647826713019,-17.88063131775405,-18.1164782671338,-18.91835155681548,-20.232247262497282,-20.2322472624912,0.6426489335424457,0.6451240984268037,0.6457724268515758,0.6451240984267937,0.6426489335424629,0.0,0.0,0.0,0.0,0.0,0.0,0.0,0.0,0.0,0.0,off,off,off,off,off
30.49999999999998,0.15249999999999989,2.3256249999999725,-18.897251548465164,-18.085062335224166,-17.845891602902213,-18.08506233522698,-18.897251548459366,-20.22548864974374,-20.225488649737628,0.6431707848010916,0.6456769021439698,0.646334449060158,0.6456769021439618,0.6431707848011076,0.0,0.0,0.0,0.0,0.0,0.0,0.0,0.0,0.0,0.0,off,off,off,off,off
30.74999999999998,0.1537499999999999,2.363906249999973,-18.876035466250272,-18.05350443040541,-17.810998726888073,-18.053504430409617,-18.876035466242968,-20.21863157037032,-20.21863157036421,0.6436927485943778,0.6462298938681413,0.6468966910419869,0.6462298938681298,0.6436927485943977,0.0,0.0,0.0,0.0,0.0,0.0,0.0,0.0,0.0,0.0,off,off,off,off,off
30.99999999999998,0.1549999999999999,2.4024999999999723,-18.854703713138406,-18.021805635099298,-17.775954052836113,-18.021805635103362,-18.85470371312843,-20.211675928500227,-20.21167592849406,0.6442146069455229,0.6467828537176096,0.6474589321324776,0.646782853717598,0.6442146069455505,0.0,0.0,0.0,0.0,0.0,0.0,0.0,0.0,0.0,0.0,off,off,off,off,off
31.24999999999998,0.1562499999999999,2.441406249999971,-18.83325668039089,-17.98996700424405,-17.740758910636032,-17.989967004247035,-18.833256680380032,-20.20462163169921,-20.204621631692987,0.6447361513523309,0.6473355713288738,0.6480209612010566,0.6473355713288655,0.6447361513523607,0.0,0.0,0.0,0.0,0.0,0.0,0.0,0.0,0.0,0.0,off,off,off,off,off
31.49999999999998,0.1574999999999999,2.4806249999999714,-18.8116947478494,-17.957989565814643,-17.705414597502852,-17.957989565818167,-18.81169474783917,-20.1974685908705,-20.197468590864275,0.6452571824677138,0.647887845536444,0.6485825763308442,0.6478878455364345,0.6452571824677423,0.0,0.0,0.0,0.0,0.0,0.0,0.0,0.0,0.0,0.0,off,off,off,off,off
31.74999999999998,0.1587499999999999,2.520156249999971,-18.790018284200045,-17.92587432132808,-17.669922378545778,-17.925874321331463,-18.79001828419024,-20.19021672015282,-20.190216720146594,0.6457775097881819,0.6484394840606147,0.6491435845062437,0.6484394840606046,0.6457775097882089,0.0,0.0,0.0,0.0,0.0,0.0,0.0,0.0,0.0,0.0,off,off,off,off,off
31.99999999999998,0.1599999999999999,2.55999999999997,-18.76822764724747,-17.893622246343853,-17.63428348733757,-17.893622246346183,-18.76822764723829,-20.18286593682018,-20.18286593681404,0.6462969513502227,0.6489903032031672,0.6497038013084433,0.648990303203161,0.6462969513502477,0.0,0.0,0.0,0.0,0.0,0.0,0.0,0.0,0.0,0.0,off,off,off,off,off
32.249999999999964,0.16124999999999984,2.6001562499999706,-18.746323184159365,-17.86123429097023,-17.59849912646345,-17.861234290971765,-18.74632318415371,-20.175416161185268,-20.175416161179157,0.6468153334346551,0.6495401275509638,0.6502630506188739,0.6495401275509597,0.6468153334346706,0.0,0.0,0.0,0.0,0.0,0.0,0.0,0.0,0.0,0.0,off,off,off,off,off
32.49999999999995,0.16249999999999976,2.6406249999999707,-18.724305231745006,-17.828711380369043,-17.562570468107197,-17.828711380373107,-18.72430523173736,-20.167867316504413,-20.167867316498302,0.6473324902787387,0.6500887896873813,0.650821164330413,0.6500887896873699,0.6473324902787597,0.0,0.0,0.0,0.0,0.0,0.0,0.0,0.0,0.0,0.0,off,off,off,off,off
32.749999999999936,0.16374999999999967,2.68140624999997,-18.702174116680197,-17.796054415242793,-17.52649865459003,-17.79605441524629,-18.702174116672523,-20.16021932888532,-20.160219328879208,0.6478482637962308,0.6506361299116095,0.6513779820665276,0.6506361299115998,0.6478482637962524,0.0,0.0,0.0,0.0,0.0,0.0,0.0,0.0,0.0,0.0,off,off,off,off,off
32.99999999999992,0.16499999999999962,2.7224999999999704,-18.679930155768517,-17.763264272318196,-17.490284798925472,-17.763264272323227,-18.67993015575874,-20.1524721271974,-20.15247212719126,0.6483625033050736,0.6511819959656826,0.6519333509080968,0.6511819959656693,0.6483625033051005,0.0,0.0,0.0,0.0,0.0,0.0,0.0,0.0,0.0,0.0,off,off,off,off,off
33.24999999999991,0.16624999999999954,2.7639062499999705,-18.6575736561702,-17.730341804836797,-17.45392998537676,-17.73034180484416,-18.657573656161674,-20.144625642983897,-20.144625642977815,0.6488750652628168,0.6517262427691498,0.6524871251278894,0.6517262427691297,0.6488750652628407,0.0,0.0,0.0,0.0,0.0,0.0,0.0,0.0,0.0,0.0,off,off,off,off,off
33.49999999999989,0.16749999999999948,2.80562499999997,-18.635104915645172,-17.6972878430297,-17.417435270007985,-17.69728784303635,-18.635104915638834,-20.136679810377103,-20.13667981037102,0.649385813009571,0.6522687321613457,0.6530391659326154,0.6522687321613276,0.6493858130095886,0.0,0.0,0.0,0.0,0.0,0.0,0.0,0.0,0.0,0.0,off,off,off,off,off
33.74999999999988,0.1687499999999994,2.84765624999997,-18.612524222779854,-17.66410319459243,-17.380801681219253,-17.664103194597146,-18.612524222774027,-20.128634566014796,-20.128634566008742,0.6498946165184595,0.6528093326511336,0.6535893412124911,0.6528093326511205,0.6498946165184754,0.0,0.0,0.0,0.0,0.0,0.0,0.0,0.0,0.0,0.0,off,off,off,off,off
33.999999999999865,0.16999999999999932,2.88999999999997,-18.58983185720757,-17.630788645141166,-17.344030220286555,-17.630788645146282,-18.589831857202427,-20.120489848959608,-20.120489848953525,0.6504013521534442,0.6533479191740488,0.6541375252981473,0.6533479191740343,0.6504013521534585,0.0,0.0,0.0,0.0,0.0,0.0,0.0,0.0,0.0,0.0,off,off,off,off,off
34.24999999999985,0.17124999999999926,2.9326562499999693,-18.567028089834764,-17.597344958688154,-17.30712186189558,-17.597344958695487,-18.56702808982817,-20.112245600620327,-20.112245600614244,0.6509059024343785,0.653884372856635,0.6546835987247952,0.6538843728566146,0.6509059024343965,0.0,0.0,0.0,0.0,0.0,0.0,0.0,0.0,0.0,0.0,off,off,off,off,off
34.49999999999984,0.17249999999999918,2.9756249999999693,-18.544113183045027,-17.563772878089225,-17.270077554671303,-17.56377287809792,-18.544113183038462,-20.103901764675214,-20.103901764669075,0.6514081558092333,0.6544185807879764,0.6552274480035242,0.6544185807879522,0.6514081558092515,0.0,0.0,0.0,0.0,0.0,0.0,0.0,0.0,0.0,0.0,off,off,off,off,off
34.74999999999982,0.17374999999999913,3.0189062499999695,-18.521087390920627,-17.53007312549076,-17.232898221698434,-17.530073125500195,-18.521087390914772,-20.095458286996887,-20.095458286990834,0.6519080064332705,0.6549504357982243,0.6557689653996203,0.6549504357981981,0.6519080064332868,0.0,0.0,0.0,0.0,0.0,0.0,0.0,0.0,0.0,0.0,off,off,off,off,off
34.99999999999981,0.17499999999999905,3.062499999999969,-18.497950959445404,-17.496246402771988,-17.195584761039953,-17.496246402783328,-18.49795095944299,-20.086915115580325,-20.086915115574328,0.652405353955124,0.6554798362439961,0.6563080487177491,0.6554798362439649,0.6524053539551302,0.0,0.0,0.0,0.0,0.0,0.0,0.0,0.0,0.0,0.0,off,off,off,off,off
35.249999999999794,0.17624999999999896,3.1064062499999685,-18.47470408566508,-17.462293391521484,-17.15813804623022,-17.46229339153146,-18.47470408566457,-20.078272200379587,-20.07827220037356,0.6529000758799708,0.6560066858017872,0.6568446010939382,0.65600668580176,0.6529000758799719,8.261059980409384e-07,0.0,0.0,0.0,8.26105998081538e-07,0.0,0.0,0.0,0.0,0.0,off,off,off,off,off
35.49999999999978,0.1774999999999989,3.1506249999999687,-18.45134671794986,-17.428214747755533,-17.120558926559113,-17.42821474776386,-18.451346717949093,-20.069529492078885,-20.06952949207286,0.6533918948692726,0.656530893282459,0.6573785307947175,0.6565308932824362,0.6533918948692744,5.336617004401233e-06,0.0,0.0,0.0,5.33661700445981e-06,0.0,0.0,0.0,0.0,0.0,off,off,off,off,off
35.749999999999766,0.17874999999999883,3.195156249999968,-18.427878751911067,-17.3940110976759,-17.082848226917008,-17.394011097682096,-18.427878751911976,-20.06068694099264,-20.0606869409867,0.6538805050774855,0.6570523724493151,0.6579097510239172,0.6570523724492981,0.6538805050774827,1.450682656652394e-05,0.0,0.0,0.0,1.4506826566626142e-05,0.0,0.0,0.0,0.0,0.0,off,off,off,off,off
35.99999999999975,0.17999999999999877,3.2399999999999674,-18.404300118414568,-17.359683039802206,-17.04500674767411,-17.359683039809937,-18.404300118418035,-20.05174449722378,-20.051744497217896,0.654365628132219,0.6575710418249148,0.6584381797356716,0.6575710418248933,0.654365628132209,2.889058068673537e-05,0.0,0.0,0.0,2.8890580686978665e-05,0.0,0.0,0.0,0.0,0.0,off,off,off,off,off
36.24999999999974,0.1812499999999987,3.2851562499999676,-18.380610772094883,-17.325231147143,-17.007035264716194,-17.325231147149083,-18.38061077209653,-20.042702110856965,-20.04270211085114,0.6548470065940166,0.6580868245039279,0.6589637394531482,0.6580868245039103,0.6548470065940125,4.886554024652992e-05,0.0,0.0,0.0,4.886554024688554e-05,0.0,0.0,0.0,0.0,0.0,off,off,off,off,off
36.49999999999972,0.1824999999999986,3.330624999999967,-18.35681068473326,-17.290655968920305,-16.968934529612795,-17.290655968926757,-18.356810684736843,-20.033559732095824,-20.033559732090055,0.6553244005263542,0.6585996479732236,0.6594863570929197,0.658599647973206,0.6553244005263441,7.471013275916231e-05,0.0,0.0,0.0,7.47101327596878e-05,0.0,0.0,0.0,0.0,0.0,off,off,off,off,off
36.74999999999971,0.18374999999999855,3.3764062499999663,-18.332899840901035,-17.255958032035863,-16.930705269872533,-17.255958032041036,-18.332899840904503,-20.02431731136278,-20.024317311357038,0.6557975853395853,0.6591094439385374,0.6600059637949617,0.6591094439385232,0.6557975853395754,0.00010664389015564698,0.0,0.0,0.0,0.00010664389015637221,0.0,0.0,0.0,0.0,0.0,off,off,off,off,off
36.999999999999694,0.18499999999999847,3.4224999999999666,-18.308878235205583,-17.221137842314505,-16.89234818927548,-17.221137842317148,-18.30887823520959,-20.014974799374414,-20.014974799368787,0.6562663505154576,0.6596161481574538,0.6605224947581432,0.6596161481574465,0.656266350515446,0.00014487127237028524,0.0,0.0,0.0,0.00014487127237121104,0.0,0.0,0.0,0.0,0.0,off,off,off,off,off
37.24999999999968,0.18624999999999842,3.468906249999966,-18.28474586955437,-17.18619588555549,-16.853863968261862,-17.186195885556543,-18.284745869555906,-20.005532147192298,-20.005532147186756,0.6567304982261654,0.6601197002784905,0.6610358890811372,0.6601197002784873,0.6567304982261604,0.00018957116605880313,0.0,0.0,0.0,0.0001895711660599379,0.0,0.0,0.0,0.0,0.0,off,off,off,off,off
37.499999999999666,0.18749999999999833,3.515624999999965,-18.26050274914121,-17.151132628468332,-16.815253264339617,-17.15113262846961,-18.26050274914428,-19.995989306261407,-19.995989306255893,0.6571898409562362,0.6606200436859142,0.661546089608692,0.6606200436859105,0.6571898409562275,0.00024083448658350615,0.0,0.0,0.0,0.0002408344865848559,0.0,0.0,0.0,0.0,0.0,off,off,off,off,off
37.74999999999965,0.18874999999999825,3.562656249999965,-18.23614888450325,-17.11594850710418,-16.776516712332523,-17.115948507105713,-18.23614888450163,-19.986346228439714,-19.986346228434144,0.6576442031140673,0.6611171171540039,0.6620530427836189,0.6611171171539993,0.6576442031140712,0.0002988229605662387,3.164858891375008e-07,0.0,3.164858891105058e-07,0.0002988229605677358,0.0,0.0,0.0,0.0,0.0,off,off,off,off,off
37.99999999999964,0.1899999999999982,3.609999999999965,-18.211684283418265,-17.080643758808264,-16.73765491781029,-17.080643758809003,-18.211684283421107,-19.97660286598807,-19.976602865982585,0.6580934182142524,0.6616107436553431,0.6625566985226969,0.6616107436553411,0.6580934182142442,0.00036363093612110163,3.474760025981074e-06,0.0,3.4747600259415977e-06,0.00036363093612278393,0.0,0.0,0.0,0.0,0.0,off,off,off,off,off
38.24999999999962,0.19124999999999812,3.6576562499999636,-18.18710894435233,-17.04521850783152,-16.69866844660305,-17.045218507831407,-18.18710894435293,-19.966759171541412,-19.966759171535898,0.6585373280708171,0.6621006851516714,0.6630570101083667,0.6621006851516714,0.6585373280708151,0.0004353317141474697,1.0754763809604546e-05,0.0,1.0754763809607987e-05,0.0004353317141493707,0.0,0.0,0.0,0.0,0.0,off,off,off,off,off
38.49999999999961,0.19249999999999806,3.705624999999964,-18.16242286038954,-17.009672896741733,-16.6595578269592,-17.009672896738152,-18.162422860390393,-19.956815098028187,-19.956815098022787,0.6589757849742987,0.6625867277069735,0.6635539340504241,0.6625867277069835,0.658975784974296,0.0005140490638751139,2.2667678781901653e-05,0.0,2.266767878185056e-05,0.0005140490638771909,0.0,0.0,0.0,0.0,0.0,off,off,off,off,off
38.749999999999595,0.19374999999999798,3.7539062499999636,-18.137626012735126,-16.97400707739098,-16.62032352522118,-16.97400707738518,-18.137626012735723,-19.946770598631332,-19.946770598626017,0.6594086461329575,0.6630686761245705,0.6640474114947591,0.6630686761245871,0.6594086461329554,0.0005998119594312634,3.9566361904632436e-05,6.258588754020258e-07,3.956636190443026e-05,0.0005998119594334719,0.0,0.0,0.0,0.0,0.0,off,off,off,off,off
38.99999999999958,0.1949999999999979,3.8024999999999625,-18.112718380514366,-16.938221200393286,-16.580965783724366,-16.938221200391183,-18.112718380514195,-19.936625626717728,-19.9366256267123,0.6598357795313704,0.6635463504722117,0.6645372593430922,0.6635463504722175,0.6598357795313704,0.000692732391829517,6.171744170674799e-05,4.4060777652626435e-06,6.171744170634302e-05,0.0006927323918317933,0.0,0.0,0.0,0.0,0.0,off,off,off,off,off
39.24999999999957,0.19624999999999784,3.8514062499999624,-18.087699931122756,-16.902315407324295,-16.54148477269848,-16.902315407324352,-18.08769993112105,-19.92638013581157,-19.9263801358062,0.6602570567824689,0.6640195838646619,0.665023267515941,0.6640195838646618,0.6602570567824729,0.0007928459569746621,8.931608483230205e-05,1.2258178184961254e-05,8.93160848317887e-05,0.0007928459569770277,0.0,0.0,0.0,0.0,0.0,off,off,off,off,off
39.49999999999955,0.19749999999999776,3.900624999999962,-18.06257062787941,-16.86628982919973,-16.501880668204876,-16.866289829202685,-18.06257062787907,-19.91603407951095,-19.91603407950555,0.6606723579900444,0.6644882209172164,0.6655052482995143,0.6644882209172079,0.6606723579900443,0.0009002028588710602,0.000122500020187468,2.4618195318863033e-05,0.00012250002018689482,0.0009002028588735056,0.0,0.0,0.0,0.0,0.0,off,off,off,off,off
39.74999999999954,0.1987499999999977,3.950156249999961,-18.03733044225342,-16.83014458832224,-16.462153644840384,-16.830144588324004,-18.037330442251772,-19.90558741152438,-19.905587411519008,0.6610815792537413,0.6649521178531435,0.6659830310717058,0.6649521178531385,0.6610815792537457,0.001014895043290048,0.00016146423585518694,4.181079151214103e-05,0.00016146423585465986,0.0010148950432925313,0.0,0.0,0.0,0.0,0.0,off,off,off,off,off
39.999999999999524,0.19999999999999762,3.9999999999999605,-18.011979370061425,-16.79387979458187,-16.422303871148642,-16.793879794585507,-18.011979370063557,-19.89504008579226,-19.89504008578683,0.661484643179487,0.6654111388738567,0.6664564589634512,0.6654111388738468,0.6614846431794807,0.0011368140874474834,0.0002062849974071678,6.407457036753353e-05,0.00020628499740672337,0.0011368140874501759,0.0,0.0,0.0,0.0,0.0,off,off,off,off,off
40.24999999999951,0.20124999999999754,4.050156249999959,-17.98651741347163,-16.757495549086286,-16.382331507185768,-16.757495549086798,-17.986517413474132,-19.884392056599808,-19.884392056594407,0.6618814871293813,0.6658651574549124,0.6669253867545036,0.6658651574549114,0.661881487129374,0.0012660235465955707,0.0002570497575470004,9.157046251964875e-05,0.0002570497575465965,0.0012660235465983634,0.0,0.0,0.0,0.0,0.0,off,off,off,off,off
40.499999999999496,0.2024999999999975,4.100624999999959,-17.96094456821885,-16.720991944263062,-16.342236703567266,-16.72099194425448,-17.960944568217684,-19.873643278550702,-19.87364327854536,0.6622720546820149,0.6663140558879804,0.667389679890721,0.6663140558880049,0.6622720546820174,0.0014026148006046815,0.0003138895972818963,0.00012442295244765854,0.0003138895972814496,0.0014026148006074726,0.0,0.0,0.0,0.0,0.0,off,off,off,off,off
40.74999999999948,0.2037499999999974,4.151406249999958,-17.935260823007468,-16.6843690594265,-16.3020196019894,-16.684369059423375,-17.935260823001983,-19.86279370651684,-19.862793706511525,0.662656294758976,0.6667577219270965,0.6678492143092458,0.6667577219271051,0.6626562947589903,0.0015466713307260888,0.00037681145951157035,0.00016282249763041061,0.0003768114595110027,0.0015466713307287806,0.0,0.0,0.0,0.0,0.0,off,off,off,off,off
40.99999999999947,0.20499999999999735,4.202499999999957,-17.909466159348085,-16.64762696747232,-16.26168032970361,-16.64762696746618,-17.9094661593422,-19.851843295586463,-19.85184329558126,0.6630341611352859,0.6671960528289756,0.6683038724636995,0.6671960528289925,0.6630341611353014,0.0016982682655288022,0.000445949295458899,0.00020678434080966703,0.0004459492954581946,0.0016982682655314113,0.0,0.0,0.0,0.0,0.0,off,off,off,off,off
41.24999999999945,0.20624999999999727,4.253906249999957,-17.883560551081132,-16.610765726466752,-16.221219006320382,-16.610765726459647,-17.883560551073202,-19.84079200101249,-19.84079200100726,0.6634056332488099,0.667628949381213,0.6687535472588659,0.6676289493812333,0.6634056332488312,0.001857459703728621,0.0005212946873581393,0.00025646779707051346,0.0005212946873571981,0.001857459703731089,0.0,0.0,0.0,0.0,0.0,off,off,off,off,off
41.49999999999944,0.2074999999999972,4.3056249999999565,-17.857544006743723,-16.573785387749467,-16.180635735372675,-16.573785387741566,-17.8575440067348,-19.829639778259917,-19.82963977825463,0.6637711106609492,0.6680563207048991,0.6691981362664621,0.6680563207049212,0.663771110660973,0.0020236329851049248,0.0006029338375904426,0.00031188188595288,0.0006029338375892255,0.0020236329851071396,0.0,0.0,0.0,0.0,0.0,off,off,off,off,off
41.749999999999424,0.20874999999999713,4.357656249999955,-17.8314166998463,-16.536685995671462,-16.139930612612545,-16.53668599566248,-17.831416699838485,-19.818386583858683,-19.81838658385334,0.6641309335219697,0.6684780806041168,0.6696375463946493,0.6684780806041417,0.6641309335219904,0.002195627890535934,0.0006909145785130099,0.0003731473737608045,0.0006909145785114534,0.00219562789053795,0.0,0.0,0.0,0.0,0.0,off,off,off,off,off
41.99999999999941,0.20999999999999705,4.409999999999955,-17.805178837351946,-16.499467589326855,-16.099103717327807,-16.49946758932049,-17.80517883734271,-19.807032376085346,-19.807032376079945,0.6644852110469406,0.6688941464418545,0.6700716878095935,0.6688941464418724,0.6644852110469661,0.002372941576662064,0.0007852149117233102,0.00044024639691595983,0.0007852149117213938,0.0023729415766638954,0.0,0.0,0.0,0.0,0.0,off,off,off,off,off
42.249999999999396,0.211249999999997,4.462656249999954,-17.77883058531245,-16.46213021153318,-16.058155123740164,-16.46213021152454,-17.77883058530682,-19.795577114794213,-19.795577114788784,0.6648340084138792,0.6693044453174293,0.6705004804116645,0.6693044453174538,0.6648340084138937,0.0025553266583783745,0.0008859725007677041,0.0005133172464163721,0.0008859725007654055,0.0025553266583800806,0.0,0.0,0.0,0.0,0.0,off,off,off,off,off
42.49999999999938,0.2124999999999969,4.515624999999953,-17.752372049669674,-16.424673889039752,-16.01708488728542,-16.42467388903856,-17.752372049666633,-19.784020761061953,-19.784020761056496,0.6651773938443846,0.669708901934486,0.6709238444111864,0.6697089019344897,0.6651773938443923,0.00274259377084618,0.0009931023313012163,0.0005922842434607376,0.0009931023312985678,0.0027425937708477955,0.0,0.0,0.0,0.0,0.0,off,off,off,off,off
42.74999999999937,0.21374999999999683,4.568906249999952,-17.72580320114301,-16.387098647593234,-15.975893061132467,-16.387098647591927,-17.72580320113815,-19.772363276418645,-19.77236327641316,0.6655155296975719,0.6701074509810525,0.6713417109041303,0.670107450981057,0.6655155296975848,0.002934374457431933,0.0011066834221519738,0.0006772960752140629,0.001106683422148989,0.0029343744574334618,0.0,0.0,0.0,0.0,0.0,off,off,off,off,off
42.99999999999935,0.21499999999999678,4.622499999999952,-17.69912400451898,-16.3494045109818,-15.934579680257059,-16.34940451097782,-17.699124004515397,-19.760604622364582,-19.760604622359068,0.6658484904745672,0.6705000374025398,0.6717540104884242,0.6705000374025513,0.6658484904745768,0.003130346163745829,0.001226777238094595,0.0007682947894325425,0.0012267772380912469,0.003130346163747271,0.0,0.0,0.0,0.0,0.0,off,off,off,off,off
43.24999999999934,0.2162499999999967,4.676406249999951,-17.672334442695643,-16.311591518235275,-15.893144774002224,-16.31159151822635,-17.67233444269536,-19.748744760527785,-19.748744760522413,0.6661762896639297,0.6708866268177645,0.6721606807018022,0.6708866268177902,0.6661762896639299,0.0033304106587951116,0.0013532355256570209,0.0008653178103463634,0.001353235525653286,0.0033304106587965653,0.0,0.0,0.0,0.0,0.0,off,off,off,off,off
43.499999999999325,0.21749999999999664,4.73062499999995,-17.645434497920718,-16.273659712034544,-15.851588367579211,-16.273659712022322,-17.64543449791489,-19.736783652695692,-19.736783652690292,0.6664989273883362,0.671267197625352,0.6725616657159346,0.6712671976253872,0.6664989273883521,0.0035345467733839714,0.0014860635064114637,0.0009684629936487699,0.001486063506407074,0.003534546773385295,0.0,0.0,0.0,0.0,0.0,off,off,off,off,off
43.74999999999931,0.21874999999999656,4.785156249999949,-17.618424147293155,-16.235609125644544,-15.809910468635792,-16.235609125635165,-17.618424147289147,-19.72472126078685,-19.724721260781507,0.6668164012384081,0.6716417321904433,0.6729569070774846,0.6716417321904704,0.6668164012384189,0.003742753465923431,0.0016253022543160913,0.001077626871697506,0.0016253022543111183,0.0037427534659246415,0.0,0.0,0.0,0.0,0.0,off,off,off,off,off
43.9999999999993,0.21999999999999648,4.839999999999948,-17.591303361813914,-16.197439782453102,-15.768111085567568,-16.197439782442302,-17.59130336181613,-19.71255754680982,-19.71255754680456,0.6671287090475254,0.6720102161358308,0.673346355968837,0.6720102161358624,0.6671287090475188,0.003955034738243404,0.0017709885034851332,0.0011928859751632716,0.0017709885034796027,0.00395503473824478,0.0,0.0,0.0,0.0,0.0,off,off,off,off,off
44.24999999999928,0.22124999999999642,4.895156249999947,-17.564072091061746,-16.159151696128333,-15.726190226095468,-16.159151696117192,-17.56407209105987,-19.700292472784867,-19.700292472779665,0.6674358621626428,0.6723726380481482,0.673729971905167,0.6723726380481807,0.6674358621626477,0.004171383734970466,0.0019231536030210011,0.0013143005762571369,0.0019231536030147806,0.0041713837349720475,0.0,0.0,0.0,0.0,0.0,off,off,off,off,off
44.49999999999927,0.22249999999999634,4.950624999999946,-17.53673021276279,-16.120744869467956,-15.684147912132232,-16.120744869460907,-17.536730212758073,-19.68792600034095,-19.687926000335835,0.6677379316962256,0.6727289892326109,0.6741077323774968,0.6727289892326326,0.667737931696239,0.004391670252372931,0.002081824009186208,0.001441713598166692,0.0020818240091794106,0.004391670252374378,0.0,0.0,0.0,0.0,0.0,off,off,off,off,off
44.749999999999254,0.22374999999999629,5.006406249999945,-17.509277623146943,-16.082219294852734,-15.641984171511183,-16.08221929484756,-17.509277623141656,-19.67545809057458,-19.675458090569578,0.6680349518258661,0.6730792634912218,0.6744796278505665,0.6730792634912386,0.6680349518258809,0.004615763007085863,0.002247021764962038,0.001575102227343059,0.0022470217649547663,0.004615763007087119,0.0,0.0,0.0,0.0,0.0,off,off,off,off,off
44.99999999999924,0.2249999999999962,5.062499999999944,-17.481714237528394,-16.043574957634746,-15.599699023800838,-16.043574957629005,-17.48171423752109,-19.662888704233126,-19.662888704228124,0.6683269260281952,0.6734235693657257,0.6748456522136825,0.673423569365744,0.668326926028216,0.004843636498018963,0.0024186498299990675,0.0017144897018474938,0.002418649829991289,0.004843636498019978,0.0,0.0,0.0,0.0,0.0,off,off,off,off,off
45.249999999999226,0.22624999999999612,5.118906249999943,-17.45403997989453,-16.004811929141113,-15.557292482505773,-16.004811929139237,-17.454039979890013,-19.650217801795378,-19.650217801790376,0.668613850589763,0.6737623642302759,0.6752058019840237,0.6737623642302835,0.668613850589776,0.0050753059379526535,0.002595767761271872,0.0018598965055999514,0.0025957677612638433,0.005075305937953512,0.0,0.0,0.0,0.0,0.0,off,off,off,off,off
45.49999999999921,0.22749999999999607,5.175624999999942,-17.42625478323552,-15.965930396352519,-15.514764564179131,-15.965930396350586,-17.426254783226284,-19.637445343533756,-19.63744534352881,0.6688957211974805,0.6740958450132513,0.6755600760449735,0.6740958450132594,0.6688957211975066,0.005310796400277763,0.0027775923613511245,0.002011338718745171,0.0027775923613429267,0.0053107964002785165,0.0,0.0,0.0,0.0,0.0,off,off,off,off,off
45.7499999999992,0.22874999999999598,5.232656249999941,-17.398358588408854,-15.926930534150813,-15.47211529037304,-15.926930534145185,-17.398358588401635,-19.624571289575215,-19.624571289570213,0.6691725348483317,0.6744241074530448,0.6759084754458711,0.674424107453063,0.6691725348483524,0.005550133256611074,0.002963800733533571,0.0021688283709099376,0.0029638007335250904,0.005550133256611552,0.0,0.0,0.0,0.0,0.0,off,off,off,off,off
45.99999999999918,0.22999999999999593,5.2899999999999405,-17.37035134162599,-15.887812479206445,-15.429344685056776,-15.887812479204797,-17.370351341618004,-19.611595599946526,-19.611595599941467,0.6694442903061308,0.6747472226160001,0.6762510032360703,0.6747472226160072,0.6694442903061528,0.005793339502938089,0.003154195652720411,0.0023323738132395157,0.00315419565271167,0.005793339502938323,0.0,0.0,0.0,0.0,0.0,off,off,off,off,off
46.24999999999917,0.23124999999999585,5.34765624999994,-17.342232991563748,-15.848576332472021,-15.386452771895165,-15.848576332471964,-17.342232991558802,-19.598518234601613,-19.59851823459661,0.6697109883430419,0.6750652491601307,0.6765876643180309,0.6750652491601336,0.669710988343056,0.006040435102255243,0.003348626901929156,0.0025019800454487797,0.0033486269019203764,0.00604043510225539,0.0,0.0,0.0,0.0,0.0,off,off,off,off,off
46.499999999999154,0.23249999999999577,5.405624999999938,-17.314003447334727,-15.809222148915694,-15.343439577435163,-15.809222148918309,-17.314003447327934,-19.58533915330281,-19.585339153297753,0.6699726551654616,0.6753782567815806,0.676918627999765,0.6753782567815763,0.6699726551654802,0.006291407024152759,0.0035469546173691412,0.0026774629038440927,0.0035469546173603674,0.006291407024152763,0.0,0.0,0.0,0.0,0.0,off,off,off,off,off
46.74999999999914,0.2337499999999957,5.463906249999938,-17.285662593259218,-15.769749880615791,-15.300305229755338,-15.769749880615962,-17.285662593253818,-19.57205831530709,-19.572058315301945,0.6702293408900338,0.6756863910370652,0.6772443195344164,0.6756863910370676,0.6702293408900488,0.006546157233367146,0.003748877115002029,0.002857847863143344,0.003748877114993177,0.006546157233366996,0.0,0.0,0.0,0.0,0.0,off,off,off,off,off
46.999999999999126,0.23499999999999563,5.522499999999937,-17.257210340073897,-15.730159490476012,-15.25704994017616,-15.730159490476467,-17.257210340069037,-19.558675679480473,-19.558675679475243,0.6704810659205388,0.6759897198740967,0.6775648975535884,0.6759897198740985,0.6704810659205526,0.006804628270331068,0.003954151896670896,0.003042500457620042,0.003954151896661923,0.006804628270330701,0.0,0.0,0.0,0.0,0.0,off,off,off,off,off
47.24999999999911,0.23624999999999557,5.581406249999935,-17.22864660890943,-15.690450961551619,-15.213673897224794,-15.690450961555314,-17.228646608904853,-19.545191204412276,-19.545191204407132,0.6707278374091513,0.6762882672391805,0.6778804528026579,0.6762882672391733,0.6707278374091648,0.007066816160691096,0.004162706738535069,0.0032311445991427858,0.004162706738526165,0.007066816160690638,0.0,0.0,0.0,0.0,0.0,off,off,off,off,off
47.4999999999991,0.2374999999999955,5.640624999999934,-17.199971326304933,-15.65062428133649,-15.17017725185923,-15.650624281338708,-17.199971326304563,-19.531604848466543,-19.531604848461456,0.6709696591653537,0.6765820476703238,0.678191056105205,0.6765820476703209,0.6709696591653553,0.00733273595305702,0.004374522756090744,0.0034235990752027475,0.004374522756081935,0.007332735953056492,0.0,0.0,0.0,0.0,0.0,off,off,off,off,off
47.74999999999908,0.2387499999999954,5.700156249999933,-17.171184421889222,-15.610679437001977,-15.126560120980514,-15.610679437003341,-17.17118442188834,-19.51791656981024,-19.51791656980518,0.6712065349540538,0.6768710740839725,0.6784967673273546,0.6768710740839718,0.6712065349540569,0.007602407168411122,0.0045895937340378985,0.003619722022270934,0.004589593734029184,0.007602407168410668,0.0,0.0,0.0,0.0,0.0,off,off,off,off,off
47.99999999999907,0.23999999999999536,5.759999999999931,-17.14228582706147,-15.570616413537778,-15.082822592397292,-15.57061641353431,-17.142285827058856,-19.50412632643048,-19.504126326425393,0.6714384695581345,0.6771553597095787,0.6787976387514199,0.6771553597095913,0.6714384695581426,0.007875848819134917,0.004807915669993851,0.003819397076265099,0.004807915669984885,0.007875848819134348,0.0,0.0,0.0,0.0,0.0,off,off,off,off,off
48.249999999999055,0.24124999999999527,5.820156249999931,-17.11327547409911,-15.530435192094785,-15.038964685878966,-15.530435192096547,-17.11327547409411,-19.49023407614419,-19.490234076139217,0.6716654690568109,0.6774349185316714,0.6790937711375549,0.6774349185316694,0.6716654690568257,0.008153077869293595,0.005029484191902713,0.004022456260270077,0.005029484191893669,0.008153077869292915,0.0,0.0,0.0,0.0,0.0,off,off,off,off,off
48.49999999999904,0.24249999999999522,5.88062499999993,-17.08415329543044,-15.490135747488694,-14.994986362121324,-15.490135747490456,-17.084153295426177,-19.47623977660254,-19.476239776597538,0.671887540835287,0.6777097653566668,0.679385279943409,0.677709765356665,0.6718875408352992,0.00843410889538052,0.005254293988585969,0.0042286072611996866,0.005254293988577078,0.008434108895379735,0.0,0.0,0.0,0.0,0.0,off,off,off,off,off
48.74999999999903,0.24374999999999514,5.941406249999928,-17.05491922238093,-15.449718045008069,-14.95088760418929,-15.449718045011195,-17.054919222375418,-19.462143385289522,-19.46214338528449,0.6721046936307268,0.6779799185552151,0.6796722060555105,0.6779799185552092,0.672104693630743,0.008718954081244666,0.005482336780771369,0.004437713569008583,0.00548233678076255,0.008718954081243837,0.0,0.0,0.0,0.0,0.0,off,off,off,off,off
48.99999999999901,0.24499999999999506,6.002499999999928,-17.025573146218846,-15.409181995101392,-14.90666839766277,-15.409181995102244,-17.025573146211457,-19.44794485938891,-19.447944859383796,0.6723169519440569,0.6782454412120118,0.679954570619749,0.6782454412120126,0.6723169519440779,0.009007605431273626,0.005713532635722513,0.00464973765727961,0.005713532635713787,0.009007605431272487,0.0,0.0,0.0,0.0,0.0,off,off,off,off,off
49.249999999999,0.246249999999995,6.063906249999927,-16.996114937827258,-15.36852749954113,-14.86232872135406,-15.368527499545223,-16.996114937816003,-19.433644155492857,-19.433644155487713,0.6725243607144057,0.6785063903571363,0.6802323907172136,0.6785063903571278,0.672524360714438,0.009299993758129534,0.005947744866340654,0.004864667228908426,0.005947744866331926,0.009299993758127983,0.0,0.0,0.0,0.0,0.0,off,off,off,off,off
49.499999999998984,0.24749999999999492,6.125624999999925,-16.96654449382214,-15.327754478627071,-14.817868547126409,-15.327754478625707,-16.96654449381066,-19.41924122972793,-19.41924122972273,0.6727269464360086,0.6787627887810862,0.6805056831639956,0.6787627887810929,0.6727269464360413,0.00959606708310294,0.006184922981079842,0.0050824950127249776,0.006184922981071094,0.009596067083100955,0.0,0.0,0.0,0.0,0.0,off,off,off,off,off
49.74999999999897,0.24874999999999486,6.1876562499999235,-16.936861719344677,-15.28686285865291,-14.773287840491093,-15.286862858654274,-16.936861719332683,-19.40473603785759,-19.404736037852388,0.6729247243470179,0.6790146500044901,0.6807744654058501,0.6790146500044892,0.6729247243470523,0.009895812849520392,0.006425061739881433,0.005303213747386355,0.006425061739872748,0.00989581284951795,0.0,0.0,0.0,0.0,0.0,off,off,off,off,off
49.999999999998956,0.24999999999999478,6.249999999999923,-16.90706652365145,-15.245852567947566,-14.72858656107121,-15.245852567946997,-16.907066523645426,-19.390128535323242,-19.390128535318013,0.6731177061315636,0.6792619859046233,0.6810387556791904,0.6792619859046279,0.6731177061315815,0.010199235383925077,0.006668167706486704,0.0055268150460913,0.006668167706478095,0.010199235383922308,0.0,0.0,0.0,0.0,0.0,off,off,off,off,off
50.24999999999894,0.2512499999999947,6.312656249999921,-16.87715881821464,-15.204723535099276,-14.683764662953877,-15.204723535096832,-16.87715881820793,-19.375418677266453,-19.375418677261337,0.6733059028252154,0.6795048089393323,0.6812985729931074,0.6795048089393422,0.6733059028252351,0.010506344066606313,0.006914248585835636,0.005753289233062655,0.0069142485858268024,0.010506344066603524,0.0,0.0,0.0,0.0,0.0,off,off,off,off,off
50.49999999999893,0.2524999999999946,6.3756249999999195,-16.847138515653455,-15.16347568805395,-14.638822094995135,-15.163475688046276,-16.847138515645156,-19.360606418541863,-19.360606418536747,0.6734893258708564,0.6797431327217774,0.6815539370732966,0.6797431327218021,0.6734893258708811,0.010817148779574692,0.007163310183541065,0.005982625408847255,0.007163310183532062,0.010817148779571616,0.0,0.0,0.0,0.0,0.0,off,off,off,off,off
50.74999999999891,0.2537499999999946,6.438906249999919,-16.817005529105188,-15.122108953464874,-14.593758796221778,-15.122108953461009,-16.817005529098026,-19.345691713724335,-19.345691713719162,0.6736679874661157,0.6799769720920718,0.6818048721852621,0.6799769720920857,0.6736679874661365,0.011131658283984311,0.007415355728257236,0.006214808538117497,0.0074153557282479665,0.011131658283980947,0.0,0.0,0.0,0.0,0.0,off,off,off,off,off
50.9999999999989,0.2549999999999945,6.502499999999917,-16.786759771741288,-15.080623255273508,-14.548574655348432,-15.080623255276862,-16.78675977173208,-19.330674517112527,-19.330674517107326,0.67384190064264,0.6802063430471978,0.6820514445177914,0.6802063430471915,0.6738419006426672,0.011449879720809318,0.0076703858991228726,0.006449751143261456,0.007670385899113787,0.011449879720805646,0.0,0.0,0.0,0.0,0.0,off,off,off,off,off
51.249999999998884,0.2562499999999944,6.566406249999916,-16.756401156333993,-15.039018513679707,-14.503269561660886,-15.039018513680162,-16.75640115632143,-19.31555478272935,-19.315554782724092,0.6740110792473577,0.6804312626371423,0.682293707199312,0.6804312626371442,0.6740110792473942,0.011771818531726916,0.007928399040945723,0.006687330157585706,0.00792839904093696,0.011771818531722947,0.0,0.0,0.0,0.0,0.0,off,off,off,off,off
51.49999999999887,0.25749999999999434,6.630624999999915,-16.725929594944887,-14.997294645711122,-14.457843420317374,-14.997294645710781,-16.725929594929084,-19.300332464319695,-19.300332464314323,0.6741755378908014,0.6806517488572051,0.682531685176845,0.6806517488572097,0.674175537890847,0.012097478529038658,0.008189391408950149,0.0069275007209452346,0.00818939140894131,0.012097478529034039,0.0,0.0,0.0,0.0,0.0,off,off,off,off,off
51.749999999998856,0.25874999999999426,6.695156249999913,-16.695344993245385,-14.955451555323691,-14.412296141347042,-14.955451555320678,-16.695344993228616,-19.285007515336105,-19.285007515330705,0.6743352926368013,0.6808678257043632,0.682765396151002,0.6808678257043745,0.6743352926368499,0.012426861451901677,0.008453352687126069,0.007170253781550653,0.008453352687117095,0.01242686145189633,0.0,0.0,0.0,0.0,0.0,off,off,off,off,off
51.99999999999884,0.25999999999999424,6.759999999999911,-16.664647207662767,-14.913489100312404,-14.36662763385658,-14.913489100308198,-16.664647207647704,-19.269579888716237,-19.269579888710837,0.6744903755697453,0.6810795485034665,0.6829948566353558,0.6810795485034813,0.6744903755697899,0.012759945192521339,0.008720211936946214,0.0074155891223798565,0.008720211936937106,0.012759945192515335,0.0,0.0,0.0,0.0,0.0,off,off,off,off,off
52.24999999999883,0.26124999999999415,6.82515624999991,-16.633836104859597,-14.87140715180567,-14.320837804075836,-14.871407151799417,-16.633836104842658,-19.254049536738194,-19.254049536732765,0.6746408263521058,0.6812869599892782,0.6832200837118038,0.6812869599892986,0.6746408263521553,0.013096670642703624,0.008989882137672786,0.007663506961779713,0.008989882137663477,0.013096670642697062,0.0,0.0,0.0,0.0,0.0,off,off,off,off,off
52.49999999999881,0.26249999999999407,6.8906249999999085,-16.60291156980776,-14.829205592072697,-14.274926555995933,-14.829205592064,-16.602911569793605,-19.238416411188183,-19.23841641118284,0.6747866714774876,0.6814900847455209,0.6834410954668367,0.6814900847455486,0.674786671477529,0.013436999062471663,0.009262328462269296,0.007914005605712943,0.009262328462259528,0.01343699906246442,0.0,0.0,0.0,0.0,0.0,off,off,off,off,off
52.7499999999988,0.263749999999994,6.956406249999906,-16.571873493181954,-14.786884307418006,-14.228893791523092,-14.786884307414141,-16.57187349316348,-19.222680463426485,-19.222680463421113,0.674927930399157,0.6816889418812513,0.683657911032071,0.6816889418812647,0.6749279303992108,0.013780916474952274,0.009537540983465355,0.008167080961820488,0.0095375409834554,0.013780916474944395,0.0,0.0,0.0,0.0,0.0,off,off,off,off,off
52.999999999998785,0.2649999999999939,7.022499999999906,-16.540721768463186,-14.744443185891953,-14.182739410463569,-14.74444318588553,-16.540721768446133,-19.206841644416613,-19.206841644411128,0.6750646200731251,0.6818835493258614,0.683870550513463,0.6818835493258822,0.6750646200731756,0.014128419760903763,0.009815516928703217,0.008422726602477237,0.009815516928693157,0.014128419760895133,0.0,0.0,0.0,0.0,0.0,off,off,off,off,off
53.24999999999877,0.2662499999999939,7.088906249999904,-16.509456290663366,-14.701882116167837,-14.136463310521947,-14.701882116162892,-16.50945629064671,-19.1908999047416,-19.19089990473603,0.6751967568500333,0.6820739252595586,0.6840790348965307,0.6820739252595752,0.6751967568500827,0.014479509321594584,0.010096254370090518,0.008680933969583367,0.010096254370080205,0.014479509321585362,0.0,0.0,0.0,0.0,0.0,off,off,off,off,off
53.49999999999876,0.2674999999999938,7.155624999999902,-16.478076955600443,-14.659200986931637,-14.09006538724583,-14.659200986930045,-16.47807695558845,-19.17485519461451,-19.174855194608853,0.6753243572201436,0.6822600885490281,0.6842833859538083,0.6822600885490354,0.6753243572201801,0.014834186036953178,0.010379750168182938,0.008941692597607815,0.01037975016817253,0.01483418603694338,0.0,0.0,0.0,0.0,0.0,off,off,off,off,off
53.74999999999874,0.2687499999999937,7.222656249999901,-16.44658365946134,-14.616399686476484,-14.043545534014527,-14.616399686471482,-16.446583659453722,-19.158707463884355,-19.158707463878756,0.6754474380856068,0.6824420588389073,0.6844836261610852,0.6824420588389246,0.6754474380856308,0.015192450088399161,0.01066599940471964,0.00920499031989215,0.010665999404709338,0.015192450088389096,0.0,0.0,0.0,0.0,0.0,off,off,off,off,off
53.99999999999873,0.26999999999999363,7.2899999999999,-16.41497629847038,-14.573478102357058,-13.996903642019163,-14.573478102352851,-16.414976298459635,-19.14245666204056,-19.142456662034903,0.6755660168408313,0.6826198565288513,0.6846797786235923,0.6826198565288664,0.6755660168408649,0.01555430054858368,0.010954995322694071,0.009470813450465482,0.010954995322683663,0.015554300548573454,0.0,0.0,0.0,0.0,0.0,off,off,off,off,off
54.249999999998714,0.27124999999999355,7.357656249999898,-16.383254768651227,-14.530436121038008,-13.950139587249453,-14.530436121032892,-16.383254768641166,-19.126102738213802,-19.12610273820809,0.6756801113767018,0.6827935027168255,0.6848718739900962,0.6827935027168431,0.6756801113767339,0.015919735279810023,0.011246729428147613,0.009739139903095117,0.011246729428136988,0.015919735279799337,0.0,0.0,0.0,0.0,0.0,off,off,off,off,off
54.4999999999987,0.2724999999999935,7.425624999999896,-16.351418965625385,-14.487273626607305,-13.903253210655748,-14.48727362659946,-16.351418965618564,-19.10964564117714,-19.109645641171483,0.6757897400563153,0.6829630191388936,0.6850599688047448,0.6829630191389191,0.6757897400563382,0.016288750952335413,0.011541191633457574,0.010009890737878042,0.01154119163344663,0.016288750952324398,0.0,0.0,0.0,0.0,0.0,off,off,off,off,off
54.749999999998685,0.27374999999999344,7.4939062499998945,-16.31946878440948,-14.443990500744917,-13.856244370114496,-14.443990500736504,-16.319468784397316,-19.093085319344738,-19.093085319339053,0.6758949216816772,0.6831284281085422,0.6852441037730623,0.6831284281085692,0.6758949216817155,0.016661343105362148,0.011838370401549368,0.010282987543758797,0.011838370401538009,0.016661343105350713,0.0,0.0,0.0,0.0,0.0,off,off,off,off,off
54.99999999999867,0.27499999999999336,7.5624999999998925,-16.287404119271912,-14.400586623237928,-13.809112932291669,-14.400586623230708,-16.28740411926765,-19.07642172076936,-19.076421720763705,0.6759956754588957,0.6832897524600677,0.6854243057793671,0.6832897524600918,0.675995675458912,0.01703750621959755,0.01213825287848343,0.010558395786476018,0.012138252878471787,0.017037506219585642,0.0,0.0,0.0,0.0,0.0,off,off,off,off,off
55.24999999999866,0.2762499999999933,7.631406249999891,-16.255224855691665,-14.357061870943198,-13.761858767363663,-14.357061870937855,-16.2552248556878,-19.05965479312289,-19.059654793117232,0.6760920216787009,0.6834470157338867,0.6856005976236621,0.6834470157339051,0.6760920216787158,0.017417233203541292,0.01244082487915,0.010836099522746525,0.012440824879138116,0.017417233203529166,0.0,0.0,0.0,0.0,0.0,off,off,off,off,off
55.49999999999864,0.2774999999999932,7.7006249999998895,-16.222930834647798,-14.313416086040434,-13.714481745860382,-14.313416086038217,-16.222930834645354,-19.04278448346824,-19.042784483462697,0.6761839920545285,0.6836002551830868,0.6857730012669967,0.6836002551830969,0.6761839920545397,0.01780049950511278,0.012746053762343619,0.01111608788481856,0.012746053762331615,0.017800499505100622,0.0,0.0,0.0,0.0,0.0,off,off,off,off,off
55.74999999999863,0.27874999999999317,7.7701562499998875,-16.19052191442256,-14.269649103298605,-13.66698173601418,-14.269649103296274,-16.190521914420685,-19.02581073818746,-19.025810738181974,0.6762716236479542,0.6837495190341994,0.6859415389097108,0.68374951903421,0.6762716236479641,0.01818725516639695,0.013053865059731646,0.011398350368672058,0.013053865059719698,0.018187255166384766,0.0,0.0,0.0,0.0,0.0,off,off,off,off,off
55.999999999998614,0.2799999999999931,7.839999999999886,-16.157997968489326,-14.22576077431654,-13.619358604510808,-14.225760774315972,-16.15799796848796,-19.008733503139638,-19.008733503134152,0.6763549448077886,0.6838948406346744,0.6861062333094247,0.6838948406346798,0.6763549448077966,0.0185774625060067,0.013364204745141337,0.0116828753214252,0.013364204745129409,0.018577462505994354,0.0,0.0,0.0,0.0,0.0,off,off,off,off,off
56.2499999999986,0.281249999999993,7.9101562499998845,-16.125358875166228,-14.181750955952396,-13.57161221692985,-14.181750955956545,-16.125358875157588,-18.99155272371641,-18.991552723710896,0.6764339783989206,0.6840362456794091,0.6862671078417957,0.6840362456794015,0.6764339783989491,0.018971101361583788,0.013677046044611976,0.011969649540729401,0.013677046044600082,0.01897110136157108,0.0,0.0,0.0,0.0,0.0,off,off,off,off,off
56.499999999998586,0.2824999999999929,7.980624999999883,-16.092604515177925,-14.13761950760761,-13.523742437836347,-14.137619507616535,-16.092604515169228,-18.974268344867994,-18.974268344862367,0.6765087450291923,0.6841737573723538,0.6864241864773099,0.6841737573723333,0.6765087450292214,0.019368160262891718,0.01399237304456769,0.012258658249814102,0.013992373044556179,0.01936816026287847,0.0,0.0,0.0,0.0,0.0,off,off,off,off,off
56.74999999999857,0.28374999999999284,8.05140624999988,-16.059734770631508,-14.093366290047129,-13.475749130810186,-14.093366290058157,-16.059734770624345,-18.956880311118084,-18.9568803111124,0.676579264562288,0.6843073983593884,0.6865774937336893,0.6843073983593618,0.6765792645623132,0.019768630965551988,0.014310172949417615,0.012549885190359388,0.014310172949406699,0.019768630965538343,0.0,0.0,0.0,0.0,0.0,off,off,off,off,off
56.99999999999856,0.2849999999999928,8.12249999999988,-16.026749524422883,-14.048991164811014,-13.427632158463723,-14.048991164817608,-16.026749524412025,-18.939388566574195,-18.93938856656851,0.6766455567654998,0.684437191430761,0.6867270546244245,0.6844371914307464,0.676645556765535,0.02017250596265919,0.014630433154642603,0.012843312744103804,0.01463043315463214,0.020172505962645058,0.0,0.0,0.0,0.0,0.0,off,off,off,off,off
57.24999999999854,0.28624999999999273,8.193906249999877,-15.993648659907251,-14.004493993819722,-13.379391382443941,-14.004493993825406,-15.993648659898156,-18.92179305493454,-18.92179305492877,0.6767076415722754,0.6845631597556339,0.6868728946101249,0.6845631597556224,0.6767076415723057,0.020579777437424496,0.014953140213262009,0.0131389220534152,0.01495314021325169,0.02057977743740983,0.0,0.0,0.0,0.0,0.0,off,off,off,off,off
57.49999999999853,0.28749999999999265,8.265624999999876,-15.960432060689811,-13.959874639155828,-13.331026663430237,-13.959874639162138,-15.960432060681853,-18.904093719493176,-18.90409371948732,0.6767655391779434,0.6846853269403879,0.6870150395544955,0.6846853269403742,0.6767655391779703,0.020990436852057353,0.015278279521214392,0.013436693131769147,0.015278279521204266,0.020990436852042355,0.0,0.0,0.0,0.0,0.0,off,off,off,off,off
57.749999999998515,0.28874999999999257,8.337656249999874,-15.927099610429366,-13.915132962859673,-13.282537861144249,-13.915132962863083,-15.927099610420385,-18.886290503143755,-18.886290503137957,0.6768192700646315,0.6848037170228667,0.6871535156850913,0.6848037170228612,0.6768192700646624,0.02140447481026185,0.015605835269576002,0.013736604962209905,0.015605835269566033,0.021404474810246404,0.0,0.0,0.0,0.0,0.0,off,off,off,off,off
57.9999999999985,0.2899999999999925,8.409999999999872,-15.893651192730204,-13.870268826767301,-13.233924834366746,-13.870268826774634,-15.893651192720597,-18.868383348382736,-18.86838334837688,0.6768688549967748,0.6849183544450903,0.6872883495585252,0.6849183544450737,0.676868854996807,0.0218218810346774,0.015935790490842133,0.014038635584212065,0.01593579049083237,0.021821881034661452,0.0,0.0,0.0,0.0,0.0,off,off,off,off,off
58.24999999999849,0.29124999999999246,8.48265624999987,-15.860086691022332,-13.82528209243958,-13.185187440960192,-13.825282092445377,-15.860086691014317,-18.850372197310747,-18.850372197304807,0.6769143150054981,0.6850292640202911,0.6874195680296777,0.685029264020279,0.6769143150055265,0.02224264439047672,0.016268127133857346,0.014342762170049412,0.01626812713384797,0.022242644390460375,0.0,0.0,0.0,0.0,0.0,off,off,off,off,off
58.49999999999847,0.2924999999999924,8.55562499999987,-15.826405988501165,-13.780172621026963,-13.13632553762585,-13.780172621029124,-15.826405988496617,-18.83225699163424,-18.832256991628384,0.6769556713693502,0.6851364709005614,0.6875471982733662,0.6851364709005593,0.6769556713693685,0.022666752925560956,0.01660282614314745,0.014648961066477752,0.016602826143138013,0.022666752925544337,0.0,0.0,0.0,0.0,0.0,off,off,off,off,off
58.74999999999846,0.2937499999999923,8.628906249999867,-15.79260896805556,-13.734940272883193,-13.087338959328406,-13.73494027288325,-15.792608968050274,-18.8140376726667,-18.814037672660817,0.6769929455947997,0.6852400005475573,0.687671275783776,0.6852400005475608,0.6769929455948206,0.023094193914854583,0.016939867534128062,0.014957198296831953,0.01693986753411862,0.023094193914837823,0.0,0.0,0.0,0.0,0.0,off,off,off,off,off
58.999999999998444,0.2949999999999922,8.702499999999864,-15.75869551217346,-13.689584906764082,-13.038227528839798,-13.689584906761354,-15.758695512171528,-18.79571418132832,-18.795714181322552,0.6770261593977931,0.6853398787072155,0.6877918482935261,0.6853398787072269,0.6770261593978047,0.023524953903600144,0.017279230461606298,0.01526740462711367,0.01727923046159665,0.023524953903583314,0.0,0.0,0.0,0.0,0.0,off,off,off,off,off
59.24999999999843,0.29624999999999213,8.776406249999862,-15.724665502899256,-13.644106380240316,-12.988991084904058,-13.644106380236678,-15.724665502901075,-18.77728645814659,-18.777286458140907,0.677055334686607,0.6854361313839739,0.6879089521957548,0.6854361313839874,0.6770553346866078,0.023959018747738092,0.017620893281209,0.015579520889963025,0.017620893281199274,0.02395901874772142,0.0,0.0,0.0,0.0,0.0,off,off,off,off,off
59.499999999998415,0.2974999999999921,8.85062499999986,-15.690518816812926,-13.598504550015036,-12.939629471750777,-13.59850455000543,-15.690518816813665,-18.758754443245408,-18.75875444323978,0.6770804937504425,0.6855287848178616,0.6880226165638172,0.6855287848178918,0.6770804937504465,0.02439637348205309,0.017964833604159337,0.01589351196503619,0.01796483360414935,0.02439637348203668,0.0,0.0,0.0,0.0,0.0,off,off,off,off,off
59.7499999999984,0.298749999999992,8.925156249999858,-15.65625529140192,-13.55277927117038,-12.89014253629739,-13.55277927115759,-15.656255291404591,-18.740118076164265,-18.740118076158694,0.6771016650862725,0.6856178654669052,0.6881328680004399,0.685617865466944,0.677101665086271,0.024836994488224417,0.018311028346018787,0.016209353001339345,0.018311028346008163,0.024836994488208038,0.0,0.0,0.0,0.0,0.0,off,off,off,off,off
59.99999999999839,0.29999999999999194,8.999999999999858,-15.62187477726809,-13.50693038938141,-12.840530126754913,-13.506930389375043,-15.621874777269284,-18.721377295769344,-18.7213772957638,0.6771188836123673,0.6857034013648355,0.6882397324667568,0.6857034013648565,0.67711888361237,0.025280838487182964,0.01865945259749101,0.016527022251756392,0.01865945259748008,0.025280838487166765,0.0,0.0,0.0,0.0,0.0,off,off,off,off,off
60.24999999999839,0.3,9.07499999999938,-15.587602911268107,-13.461185499452995,-12.791019252137914,-13.46118549944947,-15.587602911275553,-18.702532733788388,-18.702532733782817,0.6775460326257996,0.6861961455075447,0.6887537159398156,0.6861961455075581,0.6775460326257849,0.025727698309722005,0.019009916958175156,0.01684636152493982,0.019009916958164185,0.02572769830970609,0.0,0.0,0.0,0.0,0.0,off,off,off,off,off
60.49999999999837,0.3,9.149999999999382,-15.553652426755832,-13.415771562999907,-12.74183663402141,-13.415771562996895,-15.553652426766405,-18.683587040766923,-18.68358704076155,0.6779633866618033,0.6866794538873684,0.6892583888573806,0.6866794538873805,0.6779633866617797,0.026177008255085562,0.019361896809400588,0.0171669088571009,0.01936189680938961,0.026177008255070123,0.0,0.0,0.0,0.0,0.0,off,off,off,off,off
60.74999999999836,0.3,9.224999999999385,-15.52000485611319,-13.370687030441388,-12.692981666365597,-13.370687030439115,-15.520004856119897,-18.664543101070194,-18.664543101064908,0.6783712946535744,0.6871536201316351,0.6897540330846552,0.6871536201316459,0.6783712946535617,0.026628361903912014,0.019715016540979895,0.017488324436998205,0.019715016540968855,0.026628361903897075,0.0,0.0,0.0,0.0,0.0,off,off,off,off,off
60.999999999998344,0.3,9.299999999999388,-15.486643216716004,-13.325929840768993,-12.644453657021984,-13.325929840761319,-15.48664321672112,-18.64540365620914,-18.64540365620408,0.6787700564466694,0.6876188977801638,0.6902408961990942,0.6876188977801891,0.6787700564466609,0.027081495187972073,0.020069031676671414,0.01781037581232131,0.020069031676660052,0.02708149518795728,0.0,0.0,0.0,0.0,0.0,off,off,off,off,off
61.24999999999833,0.3,9.37499999999939,-15.453551866223222,-13.281497493185157,-12.596251796599972,-13.281497493181291,-15.45355186622919,-18.626171315572265,-18.626171315567348,0.679159942597966,0.6880755184816771,0.6907192059560534,0.6880755184816916,0.6791599425979554,0.02753621550645903,0.02042376146583688,0.018132883106416836,0.02042376146582507,0.027536215506444386,0.0,0.0,0.0,0.0,0.0,off,off,off,off,off
61.499999999998316,0.3,9.449999999999394,-15.420716378664395,-13.237387115205536,-12.548375139666348,-13.237387115207014,-15.420716378670477,-18.606848566166548,-18.606848566161744,0.6795412038076821,0.688523699803783,0.6911891763966894,0.6885236998037829,0.679541203807671,0.02799236931717734,0.020779059550214824,0.01845569653994879,0.020779059550203108,0.027992369317163042,0.0,0.0,0.0,0.0,0.0,off,off,off,off,off
61.7499999999983,0.3,9.524999999999396,-15.388123434856197,-13.193595523412966,-12.500822592845907,-13.193595523413421,-15.388123434861711,-18.587437781489825,-18.58743778148508,0.679914075702481,0.6889636487659724,0.691651010712053,0.6889636487659753,0.6799140757024711,0.02844982678518591,0.02113480101738465,0.018778686683959465,0.021134801017373004,0.028449826785172234,0.0,0.0,0.0,0.0,0.0,off,off,off,off,off
61.99999999999829,0.3,9.5999999999994,-15.355760724325705,-13.150119276782448,-12.453592907785605,-13.150119276785745,-15.355760724335653,-18.567941229625973,-18.567941229621283,0.6802787814613165,0.6893955635908791,0.692104902807133,0.6893955635908742,0.6802787814612945,0.02890847417101496,0.02149087629034925,0.0191017397156134,0.02149087629033778,0.028908474171001636,0.0,0.0,0.0,0.0,0.0,off,off,off,off,off
62.24999999999827,0.3,9.674999999999402,-15.323616856990668,-13.10695472312591,-12.406684677887199,-13.106954723135573,-15.32361685700306,-18.548361080642053,-18.54836108063739,0.680635533416279,0.6898196346998081,0.6925510383153161,0.6898196346997857,0.6806355334162499,0.029368209804180454,0.021847187906893432,0.019424754705161435,0.021847187906882157,0.02936820980416775,0.0,0.0,0.0,0.0,0.0,off,off,off,off,off
62.49999999999826,0.3,9.749999999999405,-15.291681283359253,-13.064098039320015,-12.360096337973744,-13.064098039331725,-15.291681283366927,-18.528699413354133,-18.528699413349585,0.6809845341488621,0.6902360453756017,0.6929895953567559,0.6902360453755737,0.6809845341488462,0.02982894175159697,0.022203648561969342,0.019747641784628924,0.0222036485619589,0.0298289417515849,0.0,0.0,0.0,0.0,0.0,off,off,off,off,off
62.749999999998245,0.3,9.824999999999408,-15.259944222287231,-13.021545266105363,-12.313826166282013,-13.0215452661173,-15.259944222298259,-18.508958221522136,-18.5089582215177,0.681325977323075,0.6906449722681478,0.6934207451583974,0.6906449722681192,0.6813259773230496,0.03029058631275793,0.02256017973826661,0.020070320746572515,0.02256017973825672,0.03029058631274621,0.0,0.0,0.0,0.0,0.0,off,off,off,off,off
62.99999999999823,0.3,9.89999999999941,-15.228396595521076,-12.979292338122207,-12.267872288341835,-12.979292338134371,-15.22839659552784,-18.489139419526282,-18.489139419521905,0.6816600483688925,0.6910465858164104,0.6938446525853585,0.691046585816381,0.6816600483688792,0.030753066939631393,0.02291671064079696,0.02039271988932459,0.02291671064078757,0.03075306693962008,0.0,0.0,0.0,0.0,0.0,off,off,off,off,off
63.24999999999822,0.3,9.974999999999413,-15.197029968253673,-12.937335109810022,-12.22223268224866,-12.937335109824573,-15.197029968256686,-18.469244847573094,-18.469244847568774,0.6819869250711033,0.6914410506189619,0.6942614766072668,0.6914410506189252,0.6819869250710998,0.031216313392561597,0.02327317731211719,0.020714775028851835,0.023273177312108408,0.031216313392550342,0.0,0.0,0.0,0.0,0.0,off,off,off,off,off
63.4999999999982,0.3,10.049999999999416,-15.165836495150472,-12.895669377631691,-12.176905185077658,-12.895669377648119,-15.165836495146493,-18.449276276473967,-18.449276276469675,0.6823067780910129,0.6918285257679564,0.6946713707119535,0.6918285257679141,0.682306778091029,0.03168026104144015,0.02362952187139315,0.021036428638123463,0.023629521871385034,0.031680261041428716,0.0,0.0,0.0,0.0,0.0,off,off,off,off,off
63.74999999999819,0.3,10.12499999999942,-15.134808871303107,-12.854290899202852,-12.131887500094706,-12.854290899220587,-15.134808871303107,-18.429235412035382,-18.429235412031176,0.6826197714359754,0.692209165153714,0.6950744832748182,0.6922091651536684,0.6826197714359803,0.032144850266670535,0.023985691848471696,0.021357629091487938,0.02398569184846448,0.03214485026665884,0.0,0.0,0.0,0.0,0.0,off,off,off,off,off
63.999999999998174,0.3,10.199999999999422,-15.103940287628575,-12.813195409637672,-12.0871772045341,-12.813195409653304,-15.10394028763676,-18.40912389909471,-18.40912389909056,0.6829260628856574,0.6925831177445714,0.6954709578898265,0.6925831177445315,0.6829260628856387,0.03261002593555384,0.02434163959619023,0.021678329998795546,0.024341639596183646,0.03261002593554235,0.0,0.0,0.0,0.0,0.0,off,off,off,off,off
64.24999999999817,0.3,10.274999999999425,-15.073224390233406,-12.77237863554177,-12.042771757772414,-12.772378635554958,-15.073224390246708,-18.388943325234266,-18.3889433252302,0.6832258043811164,0.6929505278447665,0.6958609336668921,0.692950527844733,0.6832258043810839,0.03307573693975234,0.024697321769652895,0.021998489617568614,0.024697321769646872,0.03307573693974168,0.0,0.0,0.0,0.0,0.0,off,off,off,off,off
64.49999999999815,0.3,10.349999999999428,-15.042655243440947,-12.731836306906928,-11.998668509744448,-12.73183630692023,-15.04265524345368,-18.368695224201247,-18.36869522419724,0.6835191423808415,0.6933115353327989,0.6962445454996833,0.6933115353327648,0.6835191423808109,0.03354193578442293,0.025052698863947363,0.022318070333587816,0.025052698863941878,0.033541935784413106,0.0,0.0,0.0,0.0,0.0,off,off,off,off,off
64.74999999999814,0.3,10.42499999999943,-15.012227296056096,-12.69156416723979,-11.95486470938522,-12.691564167254171,-15.01222729606775,-18.348381079060005,-18.34838107905611,0.683806218187476,0.6936662758819955,0.6966219243075845,0.6936662758819583,0.6838062181874478,0.03400857822216839,0.025407734803340607,0.02263703820166169,0.025407734803335722,0.03400857822215933,0.0,0.0,0.0,0.0,0.0,off,off,off,off,off
64.99999999999812,0.3,10.499999999999433,-14.981935350622393,-12.6515579821056,-11.91135751310793,-12.651557982125098,-14.981935350632455,-18.328002325099675,-18.32800232509595,0.6840871682479865,0.6940148811650814,0.6969931972545267,0.6940148811650296,0.684087168247963,0.034475622926405276,0.02576239657602383,0.022955362539429775,0.02576239657601983,0.03447562292639663,0.0,0.0,0.0,0.0,0.0,off,off,off,off,off
65.24999999999811,0.3,10.574999999999436,-14.951774535391223,-12.61181354634607,-11.868143993128058,-12.611813546361873,-14.95177453539992,-18.30756035251875,-18.307560352515168,0.6843621244298481,0.6943574790440551,0.6973584879476469,0.6943574790440137,0.6843621244298281,0.034943031199650254,0.026116653909245384,0.023273015567940127,0.026116653909242296,0.03494303119964196,0.0,0.0,0.0,0.0,0.0,off,off,off,off,off
65.4999999999981,0.3,10.649999999999439,-14.921740278669517,-12.572326690097043,-11.825221145651085,-12.572326690114096,-14.92174027867776,-18.287056508905494,-18.287056508902026,0.6846312142757176,0.6946941937468353,0.6977179166178625,0.6946941937467894,0.6846312142756987,0.03541076671285979,0.026470478980292093,0.0235899720934992,0.026470478980289747,0.03541076671285174,0.0,0.0,0.0,0.0,0.0,off,off,off,off,off
65.74999999999808,0.3,10.724999999999442,-14.891828285426186,-12.533093283825451,-11.78258589877538,-12.533093283843584,-14.89182828542772,-18.266492101531327,-18.266492101527888,0.6848945612383223,0.6950251460316592,0.6980716002846803,0.6950251460316108,0.6848945612383217,0.035878795272441595,0.02682384615930722,0.023906209225956467,0.026823846159305782,0.03587879527243372,0.0,0.0,0.0,0.0,0.0,off,off,off,off,off
65.99999999999807,0.3,10.799999999999445,-14.862034515865844,-12.494109242480022,-11.740235120174248,-12.49410924249895,-14.862034515863456,-18.245868399474233,-18.245868399470766,0.6851522848976024,0.6953504533404204,0.6984196529067406,0.6953504533403693,0.6851522848976127,0.03634708461195104,0.027176731780393523,0.02422170612915814,0.027176731780393162,0.03634708461194297,0.0,0.0,0.0,0.0,0.0,off,off,off,off,off
66.24999999999805,0.3,10.874999999999448,-14.832355165876834,-12.45537052888443,-11.698165624425599,-12.4553705288983,-14.83235516587456,-18.225186635584947,-18.225186635581395,0.6854045011614761,0.6956702299418555,0.6987621855199622,0.6956702299418183,0.6854045011614862,0.0368156042058241,0.027529113937849355,0.02453644379981602,0.02752911393784967,0.03681560420581578,0.0,0.0,0.0,0.0,0.0,off,off,off,off,off
66.49999999999804,0.3,10.94999999999945,-14.802786649105258,-12.416873156470956,-11.656374180045646,-12.416873156481927,-14.802786649096788,-18.204448008310862,-18.204448008307224,0.6856513224519146,0.6959845870654657,0.6990993063644623,0.6959845870654365,0.6856513224519416,0.037284325102785315,0.027880972304737805,0.02485040487147925,0.02788097230473866,0.03728432510277665,0.0,0.0,0.0,0.0,0.0,off,off,off,off,off
66.74999999999802,0.3,11.024999999999453,-14.773325580525182,-12.37861319148368,-11.61485751616516,-12.37861319149431,-14.773325580513358,-18.18365368338766,-18.18365368338405,0.6858928578775771,0.6962936330268444,0.6994311210015947,0.6962936330268157,0.6858928578776131,0.03775321977682993,0.028232287971312487,0.02516357344069121,0.028232287971313857,0.03775321977682044,0.0,0.0,0.0,0.0,0.0,off,off,off,off,off
66.99999999999801,0.3,11.099999999999456,-14.743968761418046,-12.340586754672302,-11.573612328868478,-12.340586754677076,-14.743968761406165,-18.162804795411233,-18.16280479540751,0.6861292133940654,0.696597473345268,0.6997577324221158,0.6965974733452548,0.686129213394102,0.03822226199389957,0.028583043301091553,0.02547593491275662,0.028583043301093243,0.03822226199388932,0.0,0.0,0.0,0.0,0.0,off,off,off,off,off
67.249999999998,0.3,11.174999999999459,-14.714713165587,-12.302790022563443,-11.53263528716758,-12.302790022570605,-14.714713165574665,-18.1419024492985,-18.141902449294776,0.6863604919530051,0.6968962108541378,0.7000792411464776,0.6968962108541179,0.6863604919530434,0.038691426692584525,0.028933221802623154,0.025787475864850758,0.02893322180262545,0.038691426692573874,0.0,0.0,0.0,0.0,0.0,off,off,off,off,off
67.49999999999798,0.3,11.249999999999462,-14.685555926697532,-12.265219228424712,-11.491923038624975,-12.265219228437559,-14.685555926683037,-18.120947721647127,-18.12094772164329,0.6865867936409108,0.6971899458046992,0.7003957453180549,0.6971899458046633,0.6865867936409549,0.03916068987735144,0.02928280801520663,0.026098183924464256,0.02928280801520943,0.039160689877340185,0.0,0.0,0.0,0.0,0.0,off,off,off,off,off
67.74999999999797,0.3,11.324999999999465,-14.656494326672316,-12.22787066288447,-11.451472214645776,-12.227870662893167,-14.656494326653842,-18.099941662001328,-18.099941661997406,0.6868082158086352,0.6974787759638056,0.7007073407899891,0.697478775963781,0.6868082158086907,0.039630028522963226,0.029631787407022533,0.026408047661419538,0.02963178740702607,0.039630028522951,0.0,0.0,0.0,0.0,0.0,off,off,off,off,off
67.99999999999795,0.3,11.399999999999467,-14.6275257850412,-12.19074067429915,-11.411279435411643,-12.190740674305687,-14.627525785022328,-18.078885294032887,-18.078885294028936,0.6870248531922144,0.6977627967060723,0.7010141212063904,0.6977627967060535,0.687024853192271,0.040099420488902256,0.029980146284302556,0.02671705649189687,0.02998014628430643,0.040099420488889134,0.0,0.0,0.0,0.0,0.0,off,off,off,off,off
68.24999999999794,0.3,11.47499999999947,-14.598647849132306,-12.15382566891492,-11.37134131449136,-12.153825668923389,-14.598647849115935,-18.057779616642136,-18.057779616638044,0.6872367980259062,0.6980421011008261,0.7013161780783994,0.6980421011008019,0.6872367980259563,0.04056884444273023,0.030327871710317623,0.027025200593094066,0.030327871710322113,0.04056884444271627,0.0,0.0,0.0,0.0,0.0,off,off,off,off,off
68.49999999999793,0.3,11.549999999999473,-14.56985818510293,-12.117122110845628,-11.331654463143025,-12.117122110852051,-14.56985818508457,-18.036625604986995,-18.03662560498273,0.687444140147872,0.6983167799942853,0.7016136008555923,0.6983167799942664,0.6874441401479275,0.041038279791433256,0.03067495143310527,0.027332470827302804,0.03067495143311047,0.04103827979141857,0.0,0.0,0.0,0.0,0.0,off,off,off,off,off
68.74999999999791,0.3,11.624999999999476,-14.541154569627167,-12.080626521860381,-11.292215494283255,-12.080626521871125,-14.541154569607613,-18.01542421144478,-18.015424211440404,0.6876469670994043,0.6985869220874169,0.7019064769932792,0.6985869220873858,0.6876469670994638,0.04150770661990689,0.03102137382097108,0.02763885867432761,0.031021373820976812,0.0415077066198912,0.0,0.0,0.0,0.0,0.0,off,off,off,off,off
68.9999999999979,0.3,11.699999999999479,-14.512534882287127,-12.044335481099552,-11.253021026163708,-12.044335481105009,-14.512534882271666,-17.994176366512505,-17.994176366507986,0.6878453642179391,0.6988526140095398,0.7021948920160126,0.6988526140095235,0.6878453642179874,0.04197710563581524,0.031367127804908856,0.027944356171298427,0.03136712780491526,0.04197710563579857,0.0,0.0,0.0,0.0,0.0,off,off,off,off,off
69.24999999999788,0.3,11.774999999999482,-14.483997098579664,-12.00824562461645,-11.214067685802206,-12.008245624622305,-14.48399709856659,-17.972882979650052,-17.972882979645448,0.6880394147244129,0.6991139403883218,0.7024789295775443,0.6991139403883035,0.6880394147244548,0.042446458120155156,0.03171220282718335,0.02824895585903761,0.03171220282719024,0.04244645812013794,0.0,0.0,0.0,0.0,0.0,off,off,off,off,off
69.49999999999787,0.3,11.849999999999485,-14.455539283429118,-11.972353644878467,-11.175352112094458,-11.97235364488347,-14.455539283421501,-17.951544940071386,-17.95154494006667,0.6882291998055795,0.6993709839161085,0.7027586715178059,0.6993709839160925,0.6882291998056063,0.04291574588291479,0.03205658879539445,0.02855265073424183,0.03205658879540161,0.042915745882897316,0.0,0.0,0.0,0.0,0.0,off,off,off,off,off
69.74999999999785,0.3,11.924999999999487,-14.427159585275831,-11.93665629015328,-11.136870958709494,-11.936656290153508,-14.427159585268157,-17.930163117486586,-17.93016311748184,0.6884147986913596,0.6996238254130959,0.7030341979169085,0.6996238254130934,0.6884147986913874,0.04338495122328597,0.03240027604142509,0.02885543420682086,0.0324002760414325,0.04338495122326826,0.0,0.0,0.0,0.0,0.0,off,off,off,off,off
69.99999999999784,0.3,11.99999999999949,-14.398856230548517,-11.901150363864474,-11.098620896703494,-11.901150363863337,-14.398856230532658,-17.90873836279991,-17.908738362795106,0.6885962887279976,0.6998725438873697,0.7033055871466412,0.6998725438873706,0.6885962887280478,0.04385405689394963,0.03274325528473837,0.029157300061814388,0.03274325528474579,0.04385405689393121,0.0,0.0,0.0,0.0,0.0,off,off,off,off,off
70.24999999999783,0.3,12.074999999999493,-14.37062751859196,-11.865832721078334,-11.060598616896698,-11.865832721077311,-14.370627518573713,-17.887271508765792,-17.887271508760904,0.6887737454470584,0.7001172171051727,0.703572915919588,0.7001172171051733,0.6887737454471153,0.0443230460689979,0.03308551720124497,0.029458242425374315,0.03308551720125245,0.044323046068978356,0.0,0.0,0.0,0.0,0.0,off,off,off,off,off
70.49999999999781,0.3,12.149999999999496,-14.34247181668269,-11.830700258877073,-11.022800820937391,-11.830700258878778,-14.342471816656428,-17.865763370605663,-17.865763370600575,0.6889472426314696,0.7003579260689958,0.7038362634004443,0.7003579260689888,0.6889472426315498,0.04479190231510792,0.033427044876019496,0.029758251322197518,0.03342704487602735,0.04479190231508708,0.0,0.0,0.0,0.0,0.0,off,off,off,off,off
70.7499999999978,0.3,12.224999999999499,-14.314387555702808,-11.79574993377554,-10.985224227552521,-11.79574993377986,-14.314387555679161,-17.84421474658751,-17.84421474658228,0.6891168523772521,0.7005947496880396,0.7040957139756309,0.7005947496880253,0.6891168523773255,0.04526060956561489,0.033767815902312405,0.030057298622292065,0.03376781590232059,0.04526060956559255,0.0,0.0,0.0,0.0,0.0,off,off,off,off,off
70.99999999999778,0.3,12.299999999999502,-14.286373226384796,-11.760978757493433,-10.947865590467416,-11.76097875749548,-14.286373226361434,-17.82262641857477,-17.822626418569456,0.6892826451513391,0.7008277617076178,0.7043513436620933,0.7008277617076096,0.6892826451514116,0.04572915209718969,0.0341078158866879,0.030355362975552316,0.03410781588669659,0.04572915209716619,0.0,0.0,0.0,0.0,0.0,off,off,off,off,off
71.24999999999777,0.3,12.374999999999504,-14.258427375688086,-11.726383794192827,-10.910721693506957,-11.726383794195442,-14.258427375666031,-17.80099915254499,-17.80099915253956,0.689444689846839,0.7010570328978717,0.7046032232074161,0.7010570328978611,0.6894446898469084,0.046197514508847,0.034447035934654806,0.030652436183092685,0.03444703593466394,0.046197514508822354,0.0,0.0,0.0,0.0,0.0,off,off,off,off,off
71.49999999999775,0.3,12.449999999999507,-14.230548603432396,-11.691962159230059,-10.873789350835352,-11.691962159229433,-14.230548603409318,-17.779333699081093,-17.779333699075494,0.6896030538355525,0.7012826320415086,0.7048514207670284,0.7012826320415075,0.689603053835625,0.04666568170303415,0.03478546935448172,0.030948515166119798,0.034785469354491075,0.046665681703008374,0.0,0.0,0.0,0.0,0.0,off,off,off,off,off
71.74999999999774,0.3,12.52499999999951,-14.202735559167309,-11.65771101812112,-10.837065407800935,-11.657711018117936,-14.202735559144344,-17.757630793836086,-17.757630793830316,0.6897578030179229,0.7015046263278337,0.7050960028094361,0.7015046263278398,0.6897578030179954,0.04713363886857902,0.03512311028650238,0.031243598446650502,0.035123110286511806,0.04713363886855201,0.0,0.0,0.0,0.0,0.0,off,off,off,off,off
71.99999999999773,0.3,12.599999999999513,-14.174986939282576,-11.623627585608006,-10.800546741845665,-11.623627585608801,-14.174986939257622,-17.735891157974464,-17.735891157968638,0.6899090018705328,0.7017230815221907,0.7053370344392799,0.7017230815221854,0.689909001870611,0.04760137146530237,0.0354599531843623,0.03153768493933719,0.035459953184371715,0.04760137146527421,0.0,0.0,0.0,0.0,0.0,off,off,off,off,off
72.24999999999771,0.3,12.674999999999516,-14.147301484307093,-11.589709124767865,-10.764230263408422,-11.589709124772412,-14.147301484279069,-17.71411549859087,-17.714115498584846,0.6900567134914053,0.7019380620495866,0.7055745795195797,0.7019380620495713,0.6900567134914924,0.048068865210117794,0.035795992623387646,0.031830773556743255,0.035795992623397485,0.04806886521008834,0.0,0.0,0.0,0.0,0.0,off,off,off,off,off
72.4999999999977,0.3,12.749999999999519,-14.119677976435526,-11.555952946147897,-10.728112916720022,-11.555952946145965,-14.119677976410287,-17.69230450910726,-17.692304509101064,0.6902009996430959,0.7021496310452466,0.7058087007250089,0.702149631045249,0.6902009996431755,0.048536106064461314,0.03613122323279563,0.03212286309416231,0.036131223232805515,0.04853610606443019,0.0,0.0,0.0,0.0,0.0,off,off,off,off,off
72.74999999999768,0.3,12.824999999999521,-14.092115237206883,-11.522356406853362,-10.692191680496421,-11.522356406853078,-14.09211523718426,-17.670458869651753,-17.670458869645472,0.6903419207938851,0.7023578503923497,0.7060394595717656,0.7023578503923472,0.6903419207939587,0.04900308022291213,0.03646563967435852,0.03241395220868276,0.03646563967436832,0.049003080222880094,0.0,0.0,0.0,0.0,0.0,off,off,off,off,off
72.99999999999767,0.3,12.899999999999524,-14.064612125371468,-11.488916909750856,-10.65646356857053,-11.488916909749946,-14.064612125352824,-17.64857924741864,-17.648579247412158,0.6904795361570542,0.7025627807541388,0.7062669164396913,0.702562780754138,0.6904795361571165,0.04946977410287954,0.0367992366381598,0.032704039428486445,0.03679923663816963,0.04946977410284648,0.0,0.0,0.0,0.0,0.0,off,off,off,off,off
73.24999999999766,0.3,12.974999999999527,-14.037167534886066,-11.455631902610946,-10.62092563040892,-11.455631902606456,-14.037167534863556,-17.626666297011667,-17.626666297005073,0.6906139037284874,0.7027644816037893,0.7064911305921429,0.7027644816037988,0.6906139037285611,0.04993617433524068,0.03713200884433668,0.032993123170467036,0.037132008844346434,0.049936174335206286,0.0,0.0,0.0,0.0,0.0,off,off,off,off,off
73.49999999999764,0.3,13.04999999999953,-14.00978039306625,-11.422498877264502,-10.585574951524734,-11.422498877263877,-14.00978039304124,-17.60472066077176,-17.604720660765082,0.6907450803226026,0.7029630112529339,0.7067121601953843,0.7029630112529325,0.6907450803226837,0.05040226775583089,0.03746395104664513,0.033281201758834346,0.03746395104665479,0.05040226775579517,0.0,0.0,0.0,0.0,0.0,off,off,off,off,off
73.74999999999763,0.3,13.124999999999533,-13.982449658881649,-11.389515368833202,-10.55040865385638,-11.389515368831496,-13.982449658857036,-17.582742969090276,-17.58274296908351,0.6908731216067081,0.7031584268790984,0.7069300623378603,0.7031584268790999,0.6908731216067884,0.05086804139769972,0.03779505803632013,0.03356827344240526,0.037795058036329945,0.050868041397662496,0.0,0.0,0.0,0.0,0.0,off,off,off,off,off
73.99999999999761,0.3,13.199999999999536,-13.9551743213338,-11.356678954888025,-10.515423896043671,-11.35667895488092,-13.955174321309244,-17.56073384070774,-17.56073384070089,0.6909980821340231,0.7033507845526179,0.7071448930496695,0.7033507845526341,0.6909980821341042,0.05133348248404706,0.03812532464569769,0.03385433640999477,0.0381253246457074,0.0513334824840085,0.0,0.0,0.0,0.0,0.0,off,off,off,off,off
74.2499999999976,0.3,13.274999999999539,-13.927953397981412,-11.323987254696533,-10.48061787365151,-11.323987254688348,-13.927953397954752,-17.538693883000832,-17.53869388299381,0.691120015375236,0.7035401392626485,0.7073567073220987,0.7035401392626675,0.6911200153753229,0.05179857842177297,0.03845474575143558,0.0341393888038887,0.03845474575144495,0.051798578421732785,0.0,0.0,0.0,0.0,0.0,off,off,off,off,off
74.49999999999758,0.3,13.349999999999541,-13.900785933557927,-11.291437928449852,-10.445987819315633,-11.29143792843962,-13.900785933533939,-17.516623692256474,-17.516623692249368,0.6912389737488099,0.7037265449426106,0.7075655591272461,0.7037265449426359,0.6912389737488902,0.05226331679557423,0.03878331627731233,0.034423428731553345,0.03878331627732145,0.05226331679553272,0.0,0.0,0.0,0.0,0.0,off,off,off,off,off
74.74999999999757,0.3,13.424999999999544,-13.873670998680097,-11.259028676499554,-10.411531002830884,-11.259028676494097,-13.873670998653552,-17.49452385393539,-17.49452385392817,0.691355008650091,0.7039100544949948,0.7077715014376342,0.7039100544950064,0.6913550086501787,0.052727685362532466,0.03911103119662566,0.034706454275777475,0.03911103119663443,0.05272768536248969,0.0,0.0,0.0,0.0,0.0,off,off,off,off,off
74.99999999999756,0.3,13.499999999999547,-13.846607688610277,-11.226757238634946,-10.377244731219491,-11.226757238627897,-13.846607688589984,-17.472394942924865,-17.472394942917504,0.691468170479365,0.7040907198154542,0.7079745862456545,0.7040907198154703,0.6914681704794361,0.05319167204714111,0.03943788553422802,0.034988463503439746,0.03943788553423674,0.053191672047097044,0.0,0.0,0.0,0.0,0.0,off,off,off,off,off
75.24999999999754,0.3,13.57499999999955,-13.81959512219106,-11.19462139334371,-10.343126348697865,-11.194621393338252,-13.819595122179294,-17.450237523781425,-17.450237523774007,0.6915785086685825,0.7042685918163617,0.7081748645830354,0.7042685918163735,0.6915785086686307,0.05365526493672606,0.03976387436824183,0.0352694544730734,0.03976387436825045,0.05365526493668138,0.0,0.0,0.0,0.0,0.0,off,off,off,off,off
75.49999999999753,0.3,13.649999999999553,-13.792632440747582,-11.162618957124153,-10.309173236651986,-11.162618957116877,-13.79263244073502,-17.42805215096476,-17.428052150957285,0.6916860717073574,0.7044437204496449,0.7083723865399998,0.7044437204496621,0.6916860717074076,0.05411845227722131,0.04008899283148887,0.03554942524138359,0.04008899283149723,0.0541184522771762,0.0,0.0,0.0,0.0,0.0,off,off,off,off,off
75.74999999999751,0.3,13.724999999999556,-13.765718807118787,-11.130747783770346,-10.27538281352804,-11.130747783759318,-13.765718807109977,-17.405839369062676,-17.405839369055172,0.69179090716783,0.7046161547291363,0.708567201284335,0.7046161547291636,0.6917909071678704,0.05458122246925913,0.04041323611267073,0.035828373868853486,0.04041323611267865,0.05458122246921341,0.0,0.0,0.0,0.0,0.0,off,off,off,off,off
75.9999999999975,0.3,13.799999999999558,-13.738853404761358,-11.099005763697221,-10.24175253472464,-11.099005763684602,-13.738853404750614,-17.383599713007726,-17.383599713000223,0.6918930617285937,0.7047859427522563,0.7087593570801302,0.7047859427522882,0.69189306172864,0.05504356406454601,0.040736599457328486,0.036106298424557454,0.040736599457335834,0.055043564064499874,0.0,0.0,0.0,0.0,0.0,off,off,off,off,off
76.24999999999748,0.3,13.874999999999561,-13.712035436857263,-11.067390823293806,-10.208279892406267,-11.067390823283688,-13.712035436849135,-17.36133370828668,-17.361333708279233,0.6919925811978942,0.7049531317210849,0.7089489013063689,0.7049531317211097,0.6919925811979337,0.05550546576249427,0.04105907816861124,0.036383196990283306,0.04105907816861803,0.055505465762447255,0.0,0.0,0.0,0.0,0.0,off,off,off,off,off
76.49999999999747,0.3,13.949999999999564,-13.685264125540186,-11.0359009242473,-10.174962415329958,-11.035900924239115,-13.685264125531091,-17.339041871142086,-17.339041871134555,0.6920895105358336,0.7051177679629834,0.7091358804751268,0.7051177679630038,0.6920895105358763,0.055966916407080736,0.04138066760787553,0.03665906766405694,0.04138066760788173,0.05596691640703321,0.0,0.0,0.0,0.0,0.0,off,off,off,off,off
76.74999999999746,0.3,14.024999999999567,-13.658538711110623,-11.004534062920584,-10.141797668622019,-11.004534062912398,-13.65853871110744,-17.31672470876731,-17.31672470875978,0.6921838938759516,0.7052798969505585,0.7093203402495305,0.7052798969505788,0.6921838938759777,0.056427904983913334,0.04170136319513662,0.0369339085631458,0.041701363195142456,0.056427904983865775,0.0,0.0,0.0,0.0,0.0,off,off,off,off,off
76.99999999999744,0.3,14.09999999999957,-13.631858451377411,-10.973288269725288,-10.10878325354139,-10.973288269715908,-13.63185845137707,-17.29438271949553,-17.29438271948797,0.6922757745458409,0.7054395633211332,0.7095023254613742,0.7054395633211569,0.6922757745458596,0.05688842061748336,0.04202116040939303,0.037207717826612724,0.04202116040939846,0.05688842061743557,0.0,0.0,0.0,0.0,0.0,off,off,off,off,off
77.24999999999743,0.3,14.174999999999573,-13.605222620950997,-10.942161608503739,-10.075916807198325,-10.94216160849004,-13.605222620946563,-17.27201639298181,-17.272016392974223,0.6923651950873052,0.7055968108957117,0.709681880128475,0.7055968108957479,0.6923651950873353,0.05734845256858304,0.04234005478883639,0.037480493617477253,0.0423400547888412,0.05734845256853529,0.0,0.0,0.0,0.0,0.0,off,off,off,off,off
77.49999999999741,0.3,14.249999999999575,-13.578630510618893,-10.911152175933182,-10.04319600226205,-10.911152175921586,-13.578630510618495,-17.249626210380058,-17.249626210372526,0.6924521972757186,0.7057516826974038,0.7098590474716799,0.7057516826974342,0.6924521972757373,0.05780799023187363,0.04265804193096524,0.037752234124536904,0.042658041930969275,0.057807990231825694,0.0,0.0,0.0,0.0,0.0,off,off,off,off,off
77.7499999999974,0.3,14.324999999999578,-13.552081426804705,-10.880258100950641,-10.010618546679495,-10.880258100941376,-13.552081426812947,-17.227212644514566,-17.227212644507063,0.6925368221386092,0.7059042209693308,0.7100338699314476,0.7059042209693549,0.6925368221386045,0.05826702313358865,0.042975117492613325,0.03802293756389733,0.04297511749261681,0.0582670231335412,0.0,0.0,0.0,0.0,0.0,off,off,off,off,off
77.99999999999739,0.3,14.399999999999581,-13.525574690977464,-10.849477544156912,-9.978182183330262,-10.849477544155036,-13.52557469098241,-17.204776160045782,-17.20477616003845,0.6926191099738626,0.7060544671921414,0.7102063891842383,0.7060544671921448,0.6926191099738669,0.058725540929361865,0.043291277189904026,0.038292602180247264,0.043291277189907315,0.058725540929315014,0.0,0.0,0.0,0.0,0.0,off,off,off,off,off
78.24999999999737,0.3,14.474999999999584,-13.499109639126061,-10.818808697278769,-9.945884689703803,-10.818808697279621,-13.499109639132826,-17.18231721363182,-17.182317213624685,0.6926991003672345,0.7062024621009311,0.7103766461584513,0.7062024621009276,0.6926991003672339,0.05918353340216154,0.04360651679814139,0.03856122624791535,0.04360651679814486,0.05918353340211452,0.0,0.0,0.0,0.0,0.0,off,off,off,off,off
78.49999999999736,0.3,14.549999999999587,-13.472685621301935,-10.78824978260451,-9.913723877531822,-10.788249782602577,-13.472685621310063,-17.159836254085235,-17.159836254078186,0.6927768322092003,0.7063482457018075,0.7105446810501206,0.7063482457018123,0.6927768322091955,0.05964099046032612,0.04392083215164685,0.038828808071737005,0.04392083215164999,0.0596409904602796,0.0,0.0,0.0,0.0,0.0,off,off,off,off,off
78.74999999999734,0.3,14.62499999999959,-13.44630200113977,-10.757799052439907,-9.881697592449427,-10.7577990524332,-13.446302001147387,-17.137333722524716,-17.137333722517724,0.6928523437113957,0.7064918572879921,0.7107105333381564,0.7064918572880102,0.6928523437113927,0.060097902135692695,0.044234219143546416,0.03909534598775907,0.04423421914354917,0.06009790213564648,0.0,0.0,0.0,0.0,0.0,off,off,off,off,off
78.99999999999733,0.3,14.699999999999593,-13.41995815541128,-10.727454788585817,-9.849803713619224,-10.72745478858161,-13.419958155417419,-17.11481005252341,-17.114810052516532,0.6929256724225261,0.7066333354554573,0.7108742417993299,0.706633335455468,0.6929256724225271,0.06055425858180381,0.0445466737255196,0.0393608383638059,0.04454667372552177,0.06055425858175786,0.0,0.0,0.0,0.0,0.0,off,off,off,off,off
79.24999999999731,0.3,14.774999999999595,-13.393653473631389,-10.697215301831932,-9.81804015333887,-10.69721530182511,-13.393653473633776,-17.092265670253028,-17.09226567024632,0.6929968552436963,0.7067727181181322,0.711035844522944,0.7067727181181501,0.6929968552437074,0.06101005007219063,0.044858191907512834,0.03962528359992223,0.04485819190751477,0.061010050072144516,0.0,0.0,0.0,0.0,0.0,off,off,off,off,off
79.4999999999973,0.3,14.849999999999598,-13.367387357645157,-10.667078931434332,-9.786404856669094,-10.667078931425237,-13.367387357646464,-17.0697009946237,-17.069700994617165,0.6930659284433803,0.7069100425227797,0.7111953789250995,0.7069100425228042,0.6930659284433945,0.06146526699872231,0.0451687697574251,0.03988868012871734,0.04516876975742666,0.061465266998676465,0.0,0.0,0.0,0.0,0.0,off,off,off,off,off
79.74999999999729,0.3,14.924999999999601,-13.34115922127387,-10.637044044617767,-9.75489580103607,-10.637044044612708,-13.34115922127853,-17.047116437420755,-17.04711643741433,0.6931329276718367,0.7070453452634348,0.7113528817626897,0.7070453452634482,0.6931329276718412,0.06191989987001974,0.0454784034007662,0.040151026415617325,0.04547840340076713,0.06191989986997393,0.0,0.0,0.0,0.0,0.0,off,off,off,off,off
79.99999999999727,0.3,14.999999999999604,-13.314968489973865,-10.607109036098677,-9.723510995830168,-10.607109036095835,-13.31496848997483,-17.024512403437768,-17.024512403431345,0.693197887975094,0.7071786622954304,0.7115083891470667,0.7071786622954377,0.6931978879751087,0.06237393930992199,0.045787089020295955,0.040412320959045823,0.04578708902029669,0.062373939309876336,0.0,0.0,0.0,0.0,0.0,off,off,off,off,off
80.24999999999726,0.3,15.074999999999607,-13.288814600466537,-10.57727232760709,-9.6922484820239,-10.577272327604078,-13.288814600460682,-17.00188929060613,-17.001889290599536,0.693260843808656,0.7073100289490852,0.7116619365573318,0.7073100289490935,0.6932608438086904,0.06282737605600736,0.04609482285564762,0.040672562290538776,0.04609482285564825,0.06282737605596143,0.0,0.0,0.0,0.0,0.0,off,off,off,off,off
80.49999999999724,0.3,15.14999999999961,-13.26269700044196,-10.547532367367694,-9.661106327948403,-10.547532367368376,-13.262697000439573,-16.979247490121566,-16.979247490114858,0.6933218290506411,0.7074394799431671,0.7118135609382465,0.7074394799431655,0.693321829050665,0.06328020095815899,0.046401601202935024,0.040931747335501374,0.046401601202935634,0.06328020095811258,0.0,0.0,0.0,0.0,0.0,off,off,off,off,off
80.74999999999723,0.3,15.224999999999612,-13.236615148271483,-10.517887629176244,-9.630082614993,-10.517887629171241,-13.236615148263809,-16.956587386567946,-16.95658738656124,0.6933808770145519,0.7075670493991209,0.7119633125782835,0.707567049399135,0.6933808770145905,0.06373240497717457,0.04670742041434386,0.04118984851722025,0.04670742041434431,0.063732404977128,0.0,0.0,0.0,0.0,0.0,off,off,off,off,off
80.99999999999721,0.3,15.299999999999615,-13.210568512640805,-10.488336611894397,-9.5991754635441,-10.48833661189019,-13.210568512644159,-16.933909358037226,-16.933909358030462,0.6934380204619344,0.7076927708538617,0.7121112338582266,0.7076927708538733,0.6934380204619429,0.06418397918341696,0.04701227689770203,0.041446833816740754,0.04701227689770182,0.06418397918337033,0.0,0.0,0.0,0.0,0.0,off,off,off,off,off
81.2499999999972,0.3,15.374999999999618,-13.184556572337726,-10.458877839366608,-9.56838302983357,-10.458877839355125,-13.184556572336817,-16.911213776247223,-16.911213776240515,0.6934932916142901,0.7078166772711145,0.7122573581187803,0.7078166772711464,0.6934932916143102,0.06463491475549789,0.047316167116046394,0.04170269529622855,0.04731616711604565,0.0646349147554515,0.0,0.0,0.0,0.0,0.0,off,off,off,off,off
81.49999999999719,0.3,15.449999999999621,-13.158578815937915,-10.42950986007844,-9.537703502098452,-10.429509860068833,-13.158578815929047,-16.888501006656554,-16.888501006649904,0.693546722164955,0.7079388010531632,0.7124017160102354,0.7079388010531898,0.6935467221649968,0.06508520297899852,0.047619087587193305,0.04195743463096641,0.04761908758719182,0.06508520297895194,0.0,0.0,0.0,0.0,0.0,off,off,off,off,off
81.74999999999717,0.3,15.524999999999624,-13.132634741562242,-10.400231246849614,-9.507135099191373,-10.400231246841372,-13.132634741558434,-16.86577140857645,-16.865771408569856,0.6935983432904883,0.7080591740522062,0.712544337237762,0.7080591740522296,0.6935983432905164,0.06553483524521911,0.0479210348833065,0.04221105581648816,0.047921034883304604,0.06553483524517208,0.0,0.0,0.0,0.0,0.0,off,off,off,off,off
81.99999999999716,0.3,15.599999999999627,-13.106723856672716,-10.371040596418538,-9.476676069744656,-10.371040596405578,-13.106723856669078,-16.8430253352808,-16.84302533527398,0.6936481856616604,0.7081778275817374,0.7126852510620444,0.708177827581774,0.6936481856616883,0.06598380304995823,0.048222005630465976,0.04246356300029817,0.04822200563046366,0.06598380304991118,0.0,0.0,0.0,0.0,0.0,off,off,off,off,off
82.24999999999714,0.3,15.67499999999963,-13.080845677806053,-10.341936529077941,-9.446324691496159,-10.341936529066743,-13.080845677804291,-16.820263134112906,-16.820263134106312,0.6936962794543378,0.7082947924275111,0.7128244864295714,0.708294792427543,0.6936962794543607,0.06643209799232123,0.04852199650823646,0.042714959900400785,0.04852199650823326,0.06643209799227427,0.0,0.0,0.0,0.0,0.0,off,off,off,off,off
82.49999999999713,0.3,15.749999999999632,-13.054999730393718,-10.312917688295272,-9.416079270744206,-10.312917688282539,-13.054999730396446,-16.79748514659144,-16.797485146584904,0.6937426543598522,0.7084100988582883,0.7129620719939754,0.7084100988583242,0.6937426543598629,0.06687971177355186,0.04882100424923608,0.04296524969581894,0.04882100424923233,0.06687971177350517,0.0,0.0,0.0,0.0,0.0,off,off,off,off,off
82.74999999999712,0.3,15.824999999999635,-13.029185548543808,-10.28398274033492,-9.38593814178381,-10.28398274031997,-13.029185548548924,-16.774691708512478,-16.774691708506055,0.6937873395952191,0.708523776636322,0.7130980361077177,0.708523776636364,0.6937873395952232,0.06732663619588945,0.04911902563871028,0.04321443505140908,0.04911902563870581,0.0673266361958432,0.0,0.0,0.0,0.0,0.0,off,off,off,off,off
82.9999999999971,0.3,15.899999999999638,-13.003402674809081,-10.255130370653319,-9.355899666337677,-10.25513037064053,-13.003402674812833,-16.751883150050446,-16.751883150044137,0.6938303639131346,0.7086358560621695,0.713232406807603,0.7086358560622059,0.693830363913142,0.06777286316144923,0.04941605675351675,0.04346251817559501,0.0494160567535116,0.06777286316140343,0.0,0.0,0.0,0.0,0.0,off,off,off,off,off
83.24999999999709,0.3,15.97499999999964,-12.977650659570259,-10.226359270876742,-9.325962232232143,-10.226359270867476,-12.977650659576113,-16.729059795855164,-16.72905979584891,0.6938717556127626,0.7087463763092637,0.7133652118028974,0.7087463763092906,0.6938717556127648,0.0682183846711157,0.04971207894333295,0.04370950088128137,0.04971207894332709,0.0682183846710703,0.0,0.0,0.0,0.0,0.0,off,off,off,off,off
83.49999999999707,0.3,16.049999999999642,-12.951929060844861,-10.197668162436003,-9.296124252856316,-10.197668162425202,-12.951929060841167,-16.706221965144266,-16.70622196513807,0.6939115425491436,0.7088553736113326,0.7134964784635978,0.7088553736113637,0.6939115425491716,0.06866319282344556,0.050007065670415275,0.043955384641831324,0.05000706567040876,0.06866319282340021,0.0,0.0,0.0,0.0,0.0,off,off,off,off,off
83.74999999999706,0.3,16.124999999999645,-12.926237444398907,-10.169055793156872,-9.266384167321178,-10.169055793144537,-12.92623744439436,-16.683369971796424,-16.68336997179017,0.6939497521415583,0.7089628771758801,0.7136262338093,0.7089628771759161,0.6939497521415882,0.069107279813594,0.050301005843220684,0.04420017064047517,0.0503010058432134,0.0691072798135483,0.0,0.0,0.0,0.0,0.0,off,off,off,off,off
83.99999999999704,0.3,16.199999999999648,-12.900575383702062,-10.140520933778191,-9.236740440221809,-10.14052093376938,-12.900575383693024,-16.660504124443264,-16.660504124436898,0.6939864113820874,0.7090689136369165,0.7137545045014242,0.7090689136369434,0.69398641138213,0.06955063793226869,0.05059389671286974,0.044443859813333965,0.050593896712861776,0.0695506379322228,0.0,0.0,0.0,0.0,0.0,off,off,off,off,off
84.24999999999703,0.3,16.27499999999965,-12.87494245980804,-10.112062376819438,-9.207191561334355,-10.11206237681563,-12.87494245979775,-16.637624726559977,-16.637624726553724,0.6940215468441552,0.7091735085977305,0.7138813168376205,0.7091735085977433,0.6940215468442011,0.06999325956470208,0.050885738174493635,0.04468645288670684,0.05088573817448526,0.06999325956465545,0.0,0.0,0.0,0.0,0.0,off,off,off,off,off
84.49999999999702,0.3,16.349999999999653,-12.849338261233072,-10.083678935852504,-9.177736045278266,-10.08367893585023,-12.849338261225114,-16.614732076555754,-16.614732076549558,0.6940551846908647,0.7092766871469915,0.714006696748005,0.7092766871470008,0.6940551846909045,0.07043513718964062,0.051176530746002744,0.044927950409335615,0.051176530745994125,0.07043513718959364,0.0,0.0,0.0,0.0,0.0,off,off,off,off,off
84.749999999997,0.3,16.424999999999656,-12.823762383826136,-10.055369444973167,-9.148372431125154,-10.055369444968392,-12.823762383808003,-16.591826467860358,-16.591826467854105,0.6940873506831554,0.7093784740275105,0.7141306697930175,0.7093784740275266,0.6940873506832229,0.07087626337835344,0.05146627490691995,0.04516835278030289,0.051466274906911164,0.0708762633783058,0.0,0.0,0.0,0.0,0.0,off,off,off,off,off
84.99999999999699,0.3,16.49999999999966,-12.798214430620249,-10.027132758329458,-9.119099282057562,-10.027132758323376,-12.79821443060007,-16.56890818901104,-16.56890818900456,0.6941180701878148,0.7094788936866312,0.7142532611624048,0.7094788936866512,0.6941180701878885,0.07131663079365402,0.051754970904285956,0.045407660273152996,0.05175497090427671,0.07131663079360526,0.0,0.0,0.0,0.0,0.0,off,off,off,off,off
85.24999999999697,0.3,16.574999999999662,-12.772694011726799,-9.998967749688006,-9.0899151849963,-9.99896774968579,-12.772694011707415,-16.545977523736838,-16.545977523730187,0.6941473681851779,0.7095779702871462,0.7143744956753653,0.7095779702871551,0.6941473681852492,0.0717562321889388,0.05204261871589816,0.045645873056744064,0.05204261871588858,0.07175623218888892,0.0,0.0,0.0,0.0,0.0,off,off,off,off,off
85.49999999999696,0.3,16.649999999999665,-12.747200742949815,-9.97087331203221,-9.060818750236365,-9.970873312033973,-12.747200742929579,-16.523034751039916,-16.52303475103338,0.694175269324105,0.7096757277058295,0.7144943977815709,0.7096757277058275,0.6941752693241788,0.07219506037585274,0.05232921806423311,0.045882991213273196,0.05232921806422357,0.07219506037580205,0.0,0.0,0.0,0.0,0.0,off,off,off,off,off
85.74999999999694,0.3,16.724999999999667,-12.721734234000337,-9.94284835689706,-9.031808611078532,-9.942848356900129,-12.72173423397885,-16.500080145220466,-16.50008014521387,0.6942018000249144,0.7097721895295911,0.7146129915629712,0.709772189529586,0.6942018000249923,0.07263310586912013,0.05261476844461133,0.04611901475385707,0.05261476844460194,0.0726331058690684,0.0,0.0,0.0,0.0,0.0,off,off,off,off,off
85.99999999999693,0.3,16.79999999999967,-12.696294106182336,-9.914891813858674,-9.002883423432195,-9.914891813858901,-12.696294106155221,-16.47711397592559,-16.477113975918883,0.6942269886358862,0.7098673790511598,0.7147303007363232,0.7098673790511629,0.6942269886359803,0.07307035300577423,0.05289926915540047,0.046353943631999406,0.05289926915539115,0.07307035300572118,0.0,0.0,0.0,0.0,0.0,off,off,off,off,off
86.24999999999692,0.3,16.874999999999673,-12.670879993039762,-9.887002630492816,-8.974041865452023,-9.887002630489803,-12.670879993017081,-16.454136508284023,-16.454136508277315,0.6942508610361562,0.7099613192643576,0.7148463486561607,0.7099613192643691,0.6942508610362377,0.07350678763481108,0.05318271932640292,0.04658777775522871,0.053182719326393416,0.07350678763475663,0.0,0.0,0.0,0.0,0.0,off,off,off,off,off
86.4999999999969,0.3,16.949999999999676,-12.645491536052191,-9.859179772119035,-8.945282637181663,-9.859179772115567,-12.645491536031216,-16.431148003001795,-16.431148002994973,0.6942734411080879,0.7100540328610084,0.7149611583182037,0.7100540328610213,0.6942734411081651,0.07394240000122679,0.05346511794440597,0.04682051699515623,0.0534651179443961,0.07394240000117111,0.0,0.0,0.0,0.0,0.0,off,off,off,off,off
86.74999999999689,0.3,17.02499999999968,-12.620128383792007,-9.83142222151821,-8.916604460196936,-9.831422221514572,-12.620128383770066,-16.408148716445055,-16.408148716438006,0.6942947516629142,0.7101455422289418,0.7150747523631372,0.7101455422289553,0.6942947516629954,0.07437718284398347,0.053746463875806165,0.047052161196165974,0.05374646387579607,0.07437718284392654,0.0,0.0,0.0,0.0,0.0,off,off,off,off,off
86.99999999999687,0.3,17.09999999999968,-12.594790191494155,-9.803728978635604,-8.888006077277566,-9.803728978634524,-12.594790191479149,-16.385138900718175,-16.385138900711127,0.6943148148890038,0.7102358694509571,0.7151871530806175,0.7102358694509637,0.6943148148890668,0.07481113000821324,0.05402675588651614,0.047282710182923245,0.05402675588650585,0.07481113000815531,0.0,0.0,0.0,0.0,0.0,off,off,off,off,off
87.24999999999686,0.3,17.174999999999685,-12.569476620834621,-9.77609906027999,-8.859486252056854,-9.776099060278852,-12.569476620818875,-16.362118803740714,-16.362118803733495,0.694333652549484,0.7103250363046094,0.7152983824135919,0.7103250363046163,0.6943336525495488,0.07524423579632775,0.054305992659436746,0.047512163766860016,0.054305992659426205,0.07524423579626921,0.0,0.0,0.0,0.0,0.0,off,off,off,off,off
87.49999999999685,0.3,17.249999999999687,-12.544187339670202,-9.748531499827948,-8.831043768714778,-9.748531499823969,-12.54418733965531,-16.339088669320233,-16.3390886693129,0.6943512860687234,0.7104130642626832,0.715408461962692,0.710413064262698,0.6943512860687863,0.07567649468958013,0.05458417280977261,0.04774052175177743,0.05458417280976203,0.07567649468952085,0.0,0.0,0.0,0.0,0.0,off,off,off,off,off
87.74999999999683,0.3,17.32499999999969,-12.518922021913113,-9.721025346942383,-8.802677431604593,-9.721025346940507,-12.518922021899982,-16.316048737225174,-16.316048737217727,0.6943677365702745,0.7104999744942304,0.7155174129909766,0.7104999744942393,0.6943677365703328,0.07610790123362131,0.054861294898451145,0.04796778393868244,0.05486129489844038,0.07610790123356122,0.0,0.0,0.0,0.0,0.0,off,off,off,off,off
87.99999999999682,0.3,17.399999999999693,-12.49368034735761,-9.693579667303538,-8.774386064966109,-9.693579667305414,-12.493680347343002,-16.292999243254656,-16.292999243247323,0.6943830248942889,0.710585787866094,0.715625256428547,0.7105857878660928,0.6943830248943516,0.07653844999464664,0.05513735744387269,0.04819395012996264,0.05513735744386207,0.07653844999458571,0.0,0.0,0.0,0.0,0.0,off,off,off,off,off
88.2499999999968,0.3,17.474999999999696,-12.468462001540331,-9.666193542310225,-8.746168512612996,-9.666193542312556,-12.46846200152953,-16.269940419308284,-16.269940419300895,0.694397171606082,0.7106705249449591,0.7157320128773373,0.710670524944957,0.6943971716061351,0.07696813554545645,0.05541235893219878,0.04841902013299076,0.05541235893218845,0.07696813554539475,0.0,0.0,0.0,0.0,0.0,off,off,off,off,off
88.49999999999679,0.3,17.5499999999997,-12.443266675607902,-9.638866068827951,-8.718023637576835,-9.638866068832272,-12.44326667559642,-16.246872493452372,-16.246872493444982,0.6944101970010477,0.7107542059996498,0.7158377026160766,0.7107542059996418,0.6944101970011031,0.07739695246388786,0.055686297826352066,0.0486429937632335,0.05568629782634187,0.07739695246382579,0.0,0.0,0.0,0.0,0.0,off,off,off,off,off
88.74999999999677,0.3,17.6249999999997,-12.41809406619592,-9.611596358926533,-8.689950321834942,-9.611596358926874,-12.418094066189212,-16.22379568998707,-16.223795689979795,0.6944221211080981,0.710836851003775,0.7159423456050742,0.7108368510037782,0.6944221211081408,0.07782489533609148,0.05595917257389043,0.048865870846931586,0.055959172573880354,0.07782489533602877,0.0,0.0,0.0,0.0,0.0,off,off,off,off,off
88.99999999999676,0.3,17.699999999999704,-12.392943875317144,-9.58438353956376,-8.66194746180821,-9.584383539562282,-12.3929438753064,-16.200710229510605,-16.200710229503215,0.6944329636925737,0.7109184796387921,0.7160459654444433,0.7109184796388001,0.6944329636926273,0.0782519587614535,0.05623098161389043,0.049087648117066604,0.0562309816138802,0.0782519587613903,0.0,0.0,0.0,0.0,0.0,off,off,off,off,off
89.24999999999675,0.3,17.774999999999707,-12.367815810205002,-9.5572267518059,-8.634013951356053,-9.557226751804649,-12.367815810197044,-16.17761632898248,-16.177616328975148,0.6944427442591502,0.7109991112985351,0.7161486065589469,0.7109991112985422,0.6944427442591966,0.07867813735782649,0.0565017233829551,0.049308283072502755,0.056501723382944576,0.07867813735776262,0.0,0.0,0.0,0.0,0.0,off,off,off,off,off
89.49999999999673,0.3,17.84999999999971,-12.342709583217527,-9.530125150464812,-8.606148711608625,-9.530125150465267,-12.342709583206386,-16.154514201786753,-16.154514201779307,0.69445148205461,0.711078765092821,0.7162502969600946,0.711078765092824,0.6944514820546654,0.07910342576653431,0.05677139632044312,0.04952773671424796,0.05677139632043263,0.0791034257664698,0.0,0.0,0.0,0.0,0.0,off,off,off,off,off
89.74999999999672,0.3,17.924999999999713,-12.3176249117123,-9.503077904297527,-8.578350689039326,-9.503077904293264,-12.317624911701387,-16.131404057791144,-16.131404057783698,0.6944591960707741,0.7111574598496935,0.7163510533168004,0.7111574598497092,0.694459196070829,0.07952781865695807,0.05703999887303603,0.04974600659076205,0.057039998873025424,0.07952781865689287,0.0,0.0,0.0,0.0,0.0,off,off,off,off,off
89.9999999999967,0.3,17.999999999999716,-12.29256151792697,-9.47608419589426,-8.550618850642024,-9.476084195888177,-12.292561517913725,-16.108286103408034,-16.108286103400644,0.6944659050475123,0.7112352141186288,0.7164508902097497,0.7112352141186492,0.6944659050475738,0.07995131073065197,0.05730752949872307,0.04996310060108852,0.05730752949871222,0.07995131073058583,0.0,0.0,0.0,0.0,0.0,off,off,off,off,off
90.24999999999669,0.3,18.07499999999972,-12.267519128907395,-9.44914322154375,-8.522952182447284,-9.449143221538804,-12.267519128893184,-16.085160541652442,-16.08516054164494,0.6944716274757092,0.7113120461738981,0.7165498220022463,0.7113120461739153,0.694471627475774,0.08037389672499784,0.0575739866702741,0.05017902789598165,0.05757398667026286,0.08037389672493075,0.0,0.0,0.0,0.0,0.0,off,off,off,off,off
90.49999999999667,0.3,18.14999999999972,-12.242497476404935,-9.422254191058641,-8.495349688697615,-9.422254191059437,-12.24249747640124,-16.0620275721991,-16.06202757219171,0.6944763816003934,0.7113879740181185,0.7166478632193412,0.7113879740181202,0.6944763816004295,0.0807955714164316,0.05783936887826174,0.050393796844821086,0.05783936887825068,0.08079557141636408,0.0,0.0,0.0,0.0,0.0,off,off,off,off,off
90.74999999999666,0.3,18.224999999999724,-12.217496296807894,-9.395416327588691,-8.467810391253636,-9.395416327588237,-12.217496296794081,-16.038887391440028,-16.03888739143258,0.6944801854238268,0.7114630153858872,0.7167450285778626,0.7114630153858928,0.6944801854238907,0.0812163296232759,0.0581036746336904,0.05060741471144965,0.05810367463367933,0.08121632962320799,0.0,0.0,0.0,0.0,0.0,off,off,off,off,off
90.99999999999665,0.3,18.299999999999727,-12.192515331031302,-9.368628867405732,-8.44033332912312,-9.368628867398456,-12.192515331016068,-16.015740192538487,-16.015740192530984,0.6944830567087663,0.7115371877475424,0.7168413329414858,0.7115371877475662,0.6944830567088346,0.081636166208219,0.05836690247027369,0.05081988771942672,0.05836690247026245,0.08163616620814998,0.0,0.0,0.0,0.0,0.0,off,off,off,off,off
91.24999999999663,0.3,18.37499999999973,-12.167554324462401,-9.341891059707564,-8.41291755798261,-9.341891059699094,-12.16755432444927,-15.992586165484965,-15.992586165477348,0.6944850129816041,0.7116105083128911,0.7169367912662322,0.7116105083129186,0.6944850129816669,0.0820550760804745,0.05862905094641104,0.05103122118975114,0.058629050946399204,0.08205507608040481,0.0,0.0,0.0,0.0,0.0,off,off,off,off,off
91.49999999999662,0.3,18.449999999999733,-12.142613026887659,-9.31520216643355,-8.38556214980764,-9.315202166421386,-12.142613026874017,-15.969425497149246,-15.969425497141685,0.6944860715355856,0.7116829940349273,0.7170314185505858,0.7116829940349647,0.6944860715356507,0.08247305419765663,0.058890118646894585,0.05124141967741926,0.05889011864688224,0.08247305419758616,0.0,0.0,0.0,0.0,0.0,off,off,off,off,off
91.7499999999966,0.3,18.524999999999736,-12.117691192396535,-9.288561462032703,-8.358266192459155,-9.288561462018663,-12.1176911923813,-15.946258371334523,-15.94625837132702,0.6944862494341085,0.7117546616136791,0.7171252297930392,0.7117546616137219,0.6944862494341776,0.08289009556739926,0.059150104184383254,0.051450487091815954,0.05915010418437025,0.08289009556732789,0.0,0.0,0.0,0.0,0.0,off,off,off,off,off
91.99999999999659,0.3,18.59999999999974,-12.092788579329692,-9.261968233266202,-8.331028789373875,-9.261968233258358,-12.092788579312867,-15.923084968828505,-15.923084968820888,0.6944855635139049,0.7118255274999616,0.7172182399563061,0.7118255274999871,0.6944855635139786,0.08330619524874465,0.059409006200668885,0.05165842679974536,0.05940900620065546,0.08330619524867243,0.0,0.0,0.0,0.0,0.0,off,off,off,off,off
92.24999999999658,0.3,18.67499999999974,-12.067904950200898,-9.235421779022374,-8.303849059207948,-9.235421779017145,-12.067904950181344,-15.899905467454118,-15.899905467446445,0.6944840303883009,0.7118956078990798,0.717310463937713,0.7118956078990986,0.694484030388382,0.08372134835333095,0.059666823367763716,0.05186524171287989,0.059666823367750144,0.08372134835325729,0.0,0.0,0.0,0.0,0.0,off,off,off,off,off
92.49999999999656,0.3,18.749999999999744,-12.043040071636142,-9.208921410091932,-8.276726135542106,-9.20892141008909,-12.043040071624375,-15.876720042120098,-15.876720042112424,0.694481666450419,0.7119649187746252,0.7174019165445884,0.7119649187746374,0.6944816664504799,0.08413555004639309,0.05992355438882873,0.052070934361813176,0.059923554388815116,0.08413555004631863,0.0,0.0,0.0,0.0,0.0,off,off,off,off,off
92.74999999999655,0.3,18.824999999999747,-12.018193714269444,-9.182466445982243,-8.249659166543438,-9.182466445982584,-12.018193714259269,-15.8535288648701,-15.85352886486237,0.6944784878764861,0.7120334775241941,0.7174926124741332,0.712033477524198,0.6944784878765429,0.08454879554760304,0.06017919684318173,0.05227550695872874,0.06017919684316797,0.0845487955475283,0.0,0.0,0.0,0.0,0.0,off,off,off,off,off
92.99999999999653,0.3,18.89999999999975,-11.99336565221222,-9.156056198923011,-8.222647313743153,-9.156056198925683,-11.993365652201078,-15.830332104928914,-15.830332104921183,0.6944745106302573,0.7121013162243124,0.7175825662993593,0.7121013162243099,0.6944745106303171,0.0849610801317573,0.0604337250117283,0.05247896145041604,0.0604337250117146,0.08496108013168195,0.0,0.0,0.0,0.0,0.0,off,off,off,off,off
93.24999999999652,0.3,18.974999999999753,-11.96855566287951,-9.129689999902553,-8.19568975154192,-9.129689999902325,-11.968555662869562,-15.807129928745951,-15.80712992873822,0.6944697504664782,0.7121684604563937,0.7176717924561967,0.712168460456399,0.6944697504665351,0.08537239912931618,0.06068710461023452,0.052681299563100206,0.060687104610220935,0.08537239912924029,0.0,0.0,0.0,0.0,0.0,off,off,off,off,off
93.4999999999965,0.3,19.049999999999756,-11.943763527280964,-9.10336719775313,-8.168785667667862,-9.103367197748014,-11.943763527271301,-15.783922500039637,-15.783922500031736,0.6944642229330822,0.7122349257153269,0.7177603052306656,0.7122349257153462,0.6944642229331389,0.08578274792683507,0.060939326607982826,0.05288252284037271,0.060939326607968955,0.0857827479267585,0.0,0.0,0.0,0.0,0.0,off,off,off,off,off
93.74999999999649,0.3,19.12499999999976,-11.918989030126852,-9.077087154885476,-8.141934263267444,-9.077087154875642,-11.91898903012492,-15.760709979842034,-15.760709979834076,0.6944579433738504,0.7123007247976977,0.7178481187492464,0.7123007247977299,0.6944579433738861,0.08619212196729947,0.0611903927758662,0.053082632675290425,0.06119039277585165,0.08619212196722276,0.0,0.0,0.0,0.0,0.0,off,off,off,off,off
93.99999999999648,0.3,19.19999999999976,-11.894231959829881,-9.050849246016753,-8.115134752747224,-9.050849246005441,-11.894231959826527,-15.737492526544713,-15.737492526536869,0.6944509269313158,0.7123658698175799,0.7179352469717858,0.7123658698176162,0.6944509269313558,0.08660051675037281,0.06144030753338249,0.0532816303375367,0.06144030753336726,0.08660051675029601,0.0,0.0,0.0,0.0,0.0,off,off,off,off,off
94.24999999999646,0.3,19.274999999999764,-11.869492108458246,-9.024652857524302,-8.088386363682105,-9.024652857516116,-11.869492108449947,-15.714270295942754,-15.71427029593491,0.6944431885497658,0.7124303727764938,0.7180217036857891,0.7124303727765211,0.6944431885498195,0.08700792783256107,0.061689075515439125,0.05347951699640153,0.06168907551542352,0.08700792783248366,0.0,0.0,0.0,0.0,0.0,off,off,off,off,off
94.49999999999645,0.3,19.349999999999767,-11.844769271739324,-8.998497387013856,-8.061688336633779,-8.99849738700874,-11.844769271735174,-15.691043441278737,-15.69104344127095,0.6944347429780718,0.7124942457058226,0.7181075025022803,0.7124942457058424,0.6944347429781143,0.08741435082730628,0.061936700917183306,0.05367629374022814,0.06193670091716741,0.0874143508272285,0.0,0.0,0.0,0.0,0.0,off,off,off,off,off
94.74999999999643,0.3,19.42499999999977,-11.820063249014822,-8.972382242958588,-8.035039924992304,-8.972382242949436,-11.820063249013515,-15.667812113287084,-15.667812113279354,0.694425604772609,0.7125575006840474,0.7181926568527034,0.7125575006840783,0.6944256047726441,0.08781978140501734,0.06218318736679888,0.053871961592865863,0.062183187366782605,0.08781978140493947,0.0,0.0,0.0,0.0,0.0,off,off,off,off,off
94.99999999999642,0.3,19.499999999999773,-11.79537384319434,-8.946306844359583,-8.008440394769195,-8.94630684435566,-11.795373843195307,-15.644576460236465,-15.644576460228848,0.6944157883001476,0.7126201498198328,0.7182771799868877,0.7126201498198493,0.6944157883001769,0.08822421529304378,0.062428537948617684,0.05406652152759029,0.06242853794860086,0.08822421529296588,0.0,0.0,0.0,0.0,0.0,off,off,off,off,off
95.2499999999964,0.3,19.574999999999775,-11.770700860687668,-8.920270620526992,-7.981889024436384,-8.920270620523297,-11.770700860685167,-15.621336627972426,-15.621336627964808,0.6944053077407569,0.7126822052277367,0.71836108497167,0.7126822052277526,0.6944053077407955,0.08862764827559717,0.06267275526344152,0.05425997447888199,0.06267275526342479,0.08862764827551924,0.0,0.0,0.0,0.0,0.0,off,off,off,off,off
95.49999999999639,0.3,19.64999999999978,-11.746044111380968,-8.894273010783252,-7.955385104714367,-8.894273010778363,-11.746044111385743,-15.59809275995866,-15.5980927599511,0.6943941770905505,0.712743679004834,0.7184443846903072,0.7127436790048535,0.6943941770905698,0.08903007619362831,0.06291584149293829,0.054452321352390136,0.06291584149292112,0.08903007619355036,0.0,0.0,0.0,0.0,0.0,off,off,off,off,off
95.74999999999638,0.3,19.72499999999978,-11.721403408584479,-8.868313464227356,-7.928927938404968,-8.868313464223775,-11.721403408578169,-15.574844997318678,-15.574844997311004,0.6943824101644723,0.7128045832098299,0.7185270918423107,0.7128045832098461,0.6943824101645216,0.08943149494466697,0.06315779845904633,0.05464356303336226,0.06315779845902891,0.08943149494458885,0.0,0.0,0.0,0.0,0.0,off,off,off,off,off
95.99999999999636,0.3,19.799999999999784,-11.696778568934917,-8.842391439530275,-7.902516840162889,-8.842391439530275,-11.69677856893037,-15.551593478875247,-15.551593478867687,0.694370020599156,0.7128649298450108,0.7186092189439042,0.7128649298450171,0.6943700205992003,0.08983190048262292,0.06339862767648582,0.05483370039377412,0.06339862767646823,0.08983190048254439,0.0,0.0,0.0,0.0,0.0,off,off,off,off,off
96.24999999999635,0.3,19.874999999999787,-11.672169412396727,-8.81650640472833,-7.876151135908913,-8.816506404724635,-11.672169412388428,-15.528338341191045,-15.528338341183542,0.694357021855481,0.7129247308409158,0.7186907790150476,0.7129247308409322,0.6943570218555362,0.09023128881755867,0.06363833039852419,0.05502273399204314,0.06363833039850648,0.09023128881747945,0.0,0.0,0.0,0.0,0.0,off,off,off,off,off
96.49999999999633,0.3,19.94999999999979,-11.647575762156407,-8.790657836645892,-7.849830141652717,-8.790657836644073,-11.647575762147994,-15.505079718607192,-15.505079718599518,0.6943434272213762,0.7129839980443966,0.7187718152662034,0.712983998044408,0.6943434272214314,0.0906296560154333,0.0638769076566666,0.05521062570663072,0.06387690765664865,0.09062965601535376,0.0,0.0,0.0,0.0,0.0,off,off,off,off,off
96.74999999999632,0.3,20.024999999999793,-11.622997444565215,-8.764845220108896,-7.823553178977988,-8.764845220108896,-11.62299744455271,-15.481817743280828,-15.481817743273268,0.6943292498144432,0.7130427432093328,0.718852362378341,0.7130427432093394,0.6943292498145093,0.09102699819782273,0.0641143602950014,0.05539730152058493,0.06411436029498335,0.09102699819774265,0.0,0.0,0.0,0.0,0.0,off,off,off,off,off
96.9999999999963,0.3,20.099999999999795,-11.598434289053387,-8.739068048265665,-7.7973195967101105,-8.739068048266063,-11.59843428903622,-15.458552545223597,-15.45855254521615,0.6943145025846228,0.7131009779861961,0.7189324268671313,0.713100977986202,0.6943145025847017,0.09142331154161787,0.06435068899991002,0.0555827574073219,0.06435068899989195,0.09142331154153692,0.0,0.0,0.0,0.0,0.0,off,off,off,off,off
97.24999999999629,0.3,20.174999999999798,-11.573886128057666,-8.713325822749027,-7.7711287596213765,-8.713325822749596,-11.57388612804084,-15.43528425233768,-15.435284252330177,0.6942991983167798,0.7131587139136025,0.7190120129207471,0.7131587139136072,0.6942991983168578,0.09181859227870381,0.06458589432577382,0.05576701029790712,0.06458589432575598,0.09181859227862199,0.0,0.0,0.0,0.0,0.0,off,off,off,off,off
97.49999999999628,0.3,20.2499999999998,-11.549352796985886,-8.687618053662845,-7.744980045810848,-8.687618053658753,-11.549352796976905,-15.412012990451558,-15.412012990443998,0.6942833496331506,0.71321596241167,0.7190911254612662,0.7132159624116885,0.6942833496332078,0.09221283669562187,0.06481997671721208,0.055950077252278595,0.064819976717194,0.09221283669553934,0.0,0.0,0.0,0.0,0.0,off,off,off,off,off
97.74999999999626,0.3,20.324999999999804,-11.524834134165587,-8.66194425945963,-7.718872845718465,-8.661944259454458,-11.524834134165815,-15.388738883355131,-15.388738883347628,0.6942669689957893,0.7132727347768468,0.7191697703575508,0.7132727347768678,0.6942669689958217,0.09260604113321937,0.06505293652831086,0.056131972837876624,0.06505293652829243,0.09260604113313696,0.0,0.0,0.0,0.0,0.0,off,off,off,off,off
97.99999999999625,0.3,20.399999999999807,-11.500329980803315,-8.636303966870173,-7.692806561496127,-8.636303966864148,-11.500329980800473,-15.365462052835596,-15.365462052828093,0.6942500687089459,0.7133290421775821,0.7192479542765217,0.7133290421776056,0.6942500687089874,0.0929982019862886,0.06528477403925229,0.05631270921267018,0.06528477403923331,0.09299820198620624,0.0,0.0,0.0,0.0,0.0,off,off,off,off,off
98.24999999999623,0.3,20.47499999999981,-11.475840180903333,-8.610696710774505,-7.666780606480302,-8.610696710763193,-11.475840180895545,-15.342182618710297,-15.342182618702907,0.6942326609215168,0.713384895651031,0.719325684515016,0.7133848956510686,0.6942326609215721,0.09338931570319284,0.06551548947068886,0.05649229651850728,0.06551548947066924,0.09338931570311022,0.0,0.0,0.0,0.0,0.0,off,off,off,off,off
98.49999999999622,0.3,20.549999999999812,-11.451364581265466,-8.58512203408634,-7.640794404790427,-8.585122034077017,-11.45136458125694,-15.318900698861626,-15.318900698854065,0.6942147576292339,0.7134403061004556,0.7194029688559854,0.713440306100488,0.694214757629291,0.09377937878548555,0.06574508299616956,0.05667074324954839,0.06574508299614946,0.09377937878540207,0.0,0.0,0.0,0.0,0.0,off,off,off,off,off
98.7499999999962,0.3,20.624999999999815,-11.426903031426718,-8.559579487631652,-7.614847390909517,-8.559579487622216,-11.426903031422796,-15.295616409268632,-15.295616409260901,0.6941963706769755,0.7134952842932856,0.7194798154507752,0.7134952842933179,0.6941963706770206,0.0941683877875225,0.06597355475287818,0.05684805655966967,0.06597355475285767,0.09416838778743897,0.0,0.0,0.0,0.0,0.0,off,off,off,off,off
98.99999999999619,0.3,20.699999999999818,-11.402455383610231,-8.534068630011461,-7.588939009380454,-8.534068630003844,-11.40245538361603,-15.272329864040614,-15.272329864032997,0.6941775117610113,0.7135498408597637,0.7195562327231683,0.7135498408597919,0.6941775117610303,0.09455633931606919,0.06620090485090901,0.05702424251414743,0.06620090485088825,0.09455633931598598,0.0,0.0,0.0,0.0,0.0,off,off,off,off,off
99.24999999999618,0.3,20.77499999999982,-11.37802149271323,-8.508589027481378,-7.563068714522672,-8.508589027472226,-11.378021492714538,-15.249041175449122,-15.249041175441675,0.6941581924311059,0.7136039862920197,0.719632229291516,0.7136039862920521,0.6941581924311366,0.09494323002990172,0.0664271333812794,0.057199306295039824,0.06642713338125798,0.09494323002981861,0.0,0.0,0.0,0.0,0.0,off,off,off,off,off
99.49999999999616,0.3,20.849999999999824,-11.353601216211928,-8.483140253825354,-7.53723597016733,-8.483140253815804,-11.353601216214372,-15.225750453959336,-15.225750453952003,0.6941384240928111,0.7136577309435608,0.7197078139056358,0.7136577309435944,0.694138424092839,0.09532905663940545,0.06665224042284604,0.05737325236868757,0.06665224042282414,0.09532905663932255,0.0,0.0,0.0,0.0,0.0,off,off,off,off,off
99.74999999999615,0.3,20.924999999999827,-11.329194414126675,-8.457721890209712,-7.511440249411464,-8.45772189019641,-11.329194414126732,-15.202457808260704,-15.202457808253428,0.6941182180122258,0.7137110850291593,0.7197829953957239,0.7137110850292031,0.6941182180122604,0.09571381590483044,0.06687622604827433,0.05754608462230656,0.06687622604825172,0.09571381590474773,0.0,0.0,0.0,0.0,0.0,off,off,off,off,off
99.99999999999613,0.3,20.99999999999983,-11.304800935643641,-8.432333524848616,-7.485681034422498,-8.432333524841397,-11.30480093564006,-15.179163345255517,-15.179163345248242,0.6940975878011767,0.7137640586255379,0.7198577826309894,0.7137640586255657,0.694097587801221,0.09609750247707893,0.06709909032918421,0.05771780647537636,0.06709909032916099,0.09609750247699599,0.0,0.0,0.0,0.0,0.0,off,off,off,off,off
100.24999999999612,0.3,21.074999999999832,-11.280420628514435,-8.406974752477083,-7.459957816205758,-8.406974752456563,-11.28042062851108,-15.155867169998203,-15.155867169990984,0.694076552760842,0.7138166616728211,0.7199321844864122,0.7138166616728853,0.6940765527608854,0.09648009977731146,0.06732083334057663,0.057888420970474704,0.06732083334055271,0.09648009977722805,0.0,0.0,0.0,0.0,0.0,off,off,off,off,off
100.4999999999961,0.3,21.149999999999835,-11.256053354014739,-8.381645174545554,-7.434270094365672,-8.381645174523555,-11.256053354017524,-15.132569385791896,-15.132569385784791,0.6940551282634375,0.7138689039742785,0.7200062098160648,0.7138689039743471,0.6940551282634643,0.09686159147788713,0.0675414551646406,0.058057930847349254,0.0675414551646154,0.09686159147780359,0.0,0.0,0.0,0.0,0.0,off,off,off,off,off
100.74999999999609,0.3,21.224999999999838,-11.231698978548707,-8.356344399313514,-7.4086173769833295,-8.356344399296177,-11.231698978549502,-15.109270094254214,-15.109270094247108,0.6940333261017309,0.713920795196512,0.7200798674314545,0.7139207951965677,0.6940333261017634,0.0972419696088159,0.06776095589403403,0.058226338603321576,0.06776095589400799,0.09724196960873267,0.0,0.0,0.0,0.0,0.0,off,off,off,off,off
100.99999999999608,0.3,21.29999999999984,-11.207357372140734,-8.331072032646716,-7.382999180180548,-8.331072032633756,-11.207357372147271,-15.085969395358006,-15.0859693953509,0.6940111565736728,0.7139723542170904,0.7201531660850513,0.7139723542171345,0.6940111565736897,0.0976212307659003,0.06797932708050199,0.058393646542542234,0.06797932708047534,0.09762123076581711,0.0,0.0,0.0,0.0,0.0,off,off,off,off,off
101.24999999999606,0.3,21.374999999999844,-11.18302840726136,-8.305827669299106,-7.357415026688614,-8.305827669280802,-11.183028407268978,-15.06266738746291,-15.062667387455974,0.6939886293686303,0.7140236172980022,0.7202261144600309,0.7140236172980617,0.6939886293686448,0.09799937334286084,0.068196516427712,0.05855985681613818,0.0681965164276844,0.09799937334277832,0.0,0.0,0.0,0.0,0.0,off,off,off,off,off
101.49999999999605,0.3,21.449999999999847,-11.158711958719323,-8.28061092415544,-7.331864446103623,-8.280610924136397,-11.158711958718925,-15.039364167343706,-15.039364167336885,0.6939657539203137,0.7140745978786373,0.7202987211583843,0.7140745978786991,0.6939657539203494,0.09837639634156047,0.06841249611499785,0.05872497145492412,0.06841249611496901,0.09837639634147818,0.0,0.0,0.0,0.0,0.0,off,off,off,off,off
101.74999999999604,0.3,21.52499999999985,-11.134407903821398,-8.255421424308622,-7.306346975434565,-8.255421424287476,-11.134407903823671,-15.016059830217955,-15.016059830211361,0.6939425395436641,0.7141253018272227,0.7203709946906006,0.7141253018272903,0.6939425395436928,0.09875229890026953,0.06862726867131948,0.058888992396078456,0.06862726867128961,0.09875229890018695,0.0,0.0,0.0,0.0,0.0,off,off,off,off,off
101.99999999999602,0.3,21.599999999999852,-11.110116122390082,-8.230258805899325,-7.280862159270612,-8.230258805872268,-11.110116122390139,-14.992754469775264,-14.992754469768954,0.6939189954852739,0.7141757338342409,0.72044294346827,0.7141757338343253,0.6939189954853084,0.09912708011631029,0.068840843461808,0.059051921504896986,0.0688408434617767,0.09912708011622773,0.0,0.0,0.0,0.0,0.0,off,off,off,off,off
102.249999999996,0.3,21.674999999999855,-11.085836496711636,-8.20512271303221,-7.255409549807098,-8.205122713008734,-11.085836496715103,-14.969448178205482,-14.969448178199116,0.6938951309393296,0.7142258987384481,0.7205145757986191,0.7142258987385226,0.693895130939355,0.0995007389869732,0.06905323022140118,0.05921376059252913,0.06905323022136868,0.099500738986891,0.0,0.0,0.0,0.0,0.0,off,off,off,off,off
102.49999999999599,0.3,21.749999999999858,-11.061568911500501,-8.180012797231882,-7.229988706805955,-8.18001279720977,-11.06156891150522,-14.946141046226046,-14.94614104621968,0.6938709550500091,0.7142758017675805,0.7205858998804844,0.7142758017676517,0.6938709550500314,0.09987327439709305,0.06926443768371632,0.05937451143043877,0.06926443768368265,0.09987327439701135,0.0,0.0,0.0,0.0,0.0,off,off,off,off,off
102.74999999999598,0.3,21.82499999999986,-11.037313253838988,-8.154928717018038,-7.204599197433936,-8.154928717001553,-11.037313253838022,-14.922833163109715,-14.922833163103405,0.6938464769089633,0.7143254485288422,0.7206569284144275,0.7143254485288992,0.6938464769090005,0.10024468512432473,0.06947447342014637,0.059534173746243084,0.06947447342011166,0.10024468512424298,0.0,0.0,0.0,0.0,0.0,off,off,off,off,off
102.99999999999596,0.3,21.899999999999864,-11.013069413116568,-8.129870137708679,-7.179240605953851,-8.129870137697083,-11.013069413116739,-14.899524616710892,-14.899524616704639,0.6938217055512449,0.7143748449488593,0.7207277739403286,0.7143748449489032,0.6938217055512789,0.10061496985048789,0.06968334394608615,0.05969260643363336,0.06968334394605061,0.10061496985040602,0.0,0.0,0.0,0.0,0.0,off,off,off,off,off
103.24999999999595,0.3,21.974999999999866,-10.98883728101066,-8.104836732122692,-7.153912559483388,-8.104836732107401,-10.988837281012025,-14.876215493491884,-14.876215493485859,0.6937966499509002,0.714423997208196,0.7207985031817966,0.71442399720825,0.6937966499509314,0.10098412717437814,0.06989105486953406,0.05984960667363679,0.06989105486949776,0.10098412717429663,0.0,0.0,0.0,0.0,0.0,off,off,off,off,off
103.49999999999594,0.3,22.04999999999987,-10.964616751466622,-8.079828180857987,-7.128614696632894,-8.079828180846391,-10.964616751469919,-14.852905878549052,-14.852905878543197,0.6937713190168444,0.7144729116839373,0.7208691478893322,0.7144729116839824,0.6937713190168704,0.10135215562427921,0.07009761103102882,0.06000510530347543,0.07009761103099182,0.10135215562419801,0.0,0.0,0.0,0.0,0.0,off,off,off,off,off
103.74999999999592,0.3,22.124999999999872,-10.94040772071196,-8.054844171907462,-7.103346658939472,-8.05484417189217,-10.94040772070906,-14.829595855637933,-14.829595855632022,0.6937457215890764,0.7145215949022055,0.7209397369852016,0.714521594902261,0.6937457215891187,0.10171905366955716,0.07030301662544784,0.060159052261509874,0.07030301662540978,0.1017190536694758,0.0,0.0,0.0,0.0,0.0,off,off,off,off,off
103.99999999999591,0.3,22.199999999999875,-10.916210087185732,-8.029884400215735,-7.078108091125898,-8.029884400197773,-10.916210087184538,-14.806285507198538,-14.806285507192797,0.6937198664355951,0.7145700534983088,0.7210102965857822,0.7145700534983717,0.693719866435633,0.10208481973116891,0.07050727530584212,0.06031140440652264,0.07050727530580313,0.10208481973108743,0.0,0.0,0.0,0.0,0.0,off,off,off,off,off
104.2499999999959,0.3,22.274999999999878,-10.892023751568388,-8.004948567324675,-7.0528986414474275,-8.004948567309157,-10.892023751567649,-14.78297491438093,-14.782974914375131,0.6936937622494922,0.7146182941831091,0.7210808503210177,0.7146182941831655,0.6936937622495291,0.10244945219109457,0.07071039027144663,0.0604621244302632,0.07071039027140677,0.10244945219101317,0.0,0.0,0.0,0.0,0.0,off,off,off,off,off
104.49999999999588,0.3,22.34999999999988,-10.867848616722938,-7.980036381070931,-7.02771796200409,-7.980036381062405,-10.86784861671589,-14.759664157068983,-14.759664157063185,0.6936674176466918,0.714666323714744,0.7211514196223439,0.7146663237147818,0.6936674176467454,0.1028129494007643,0.070912364342154,0.060611180142271404,0.07091236434211351,0.10281294940068275,0.0,0.0,0.0,0.0,0.0,off,off,off,off,off
104.74999999999586,0.3,22.424999999999883,-10.84368458764061,-7.955147555292854,-7.002565708948168,-7.955147555281087,-10.84368458762134,-14.73635331390517,-14.736353313899315,0.6936408411640532,0.7147141488749792,0.7212220239759789,0.7147141488750258,0.6936408411641403,0.1031753096885679,0.07111320002150175,0.060758543848131244,0.07111320002146083,0.10317530968848558,0.0,0.0,0.0,0.0,0.0,off,off,off,off,off
104.99999999999585,0.3,22.499999999999886,-10.819531571414586,-7.930281809561961,-6.977441542717543,-7.930281809552923,-10.81953157139867,-14.713042462313865,-14.713042462307897,0.6936140412577302,0.7147617764494308,0.7212926811453007,0.7147617764494707,0.6936140412578077,0.10353653136653884,0.07131289954993714,0.06090419180405511,0.07131289954989552,0.10353653136645564,0.0,0.0,0.0,0.0,0.0,off,off,off,off,off
105.24999999999584,0.3,22.57499999999989,-10.795389477202377,-7.905438869016052,-6.952345128144827,-7.905438868997919,-10.795389477193908,-14.689731678524481,-14.689731678518456,0.6935870263018526,0.7148092132108448,0.7213634073664686,0.7148092132109096,0.6935870263019096,0.10389661273629783,0.07151146494985532,0.06104810373831365,0.07151146494981282,0.10389661273621409,0.0,0.0,0.0,0.0,0.0,off,off,off,off,off
105.49999999999582,0.3,22.649999999999892,-10.771258216167155,-7.880618464097665,-6.92727613462813,-7.880618464079305,-10.771258216168178,-14.666421037594546,-14.666421037588464,0.6935598045875327,0.7148564659054458,0.721434217520099,0.7148564659055117,0.693559804587565,0.10425555209433332,0.07170889806368035,0.06119026243131627,0.07170889806363676,0.10425555209424994,0.0,0.0,0.0,0.0,0.0,off,off,off,off,off
105.74999999999581,0.3,22.724999999999895,-10.747137701435577,-7.855820330432039,-6.902234236184881,-7.855820330412655,-10.747137701436998,-14.643110613431304,-14.643110613425279,0.6935323843220601,0.7149035412412899,0.7215051252823717,0.7149035412413582,0.6935323843220919,0.10461334773669084,0.0719052005860582,0.061330653347154464,0.07190520058601356,0.10461334773660753,0.0,0.0,0.0,0.0,0.0,off,off,off,off,off
105.9999999999958,0.3,22.799999999999898,-10.723027848046172,-7.831044208634751,-6.877219111527722,-7.8310442086148555,-10.723027848048048,-14.619800478814227,-14.619800478808202,0.6935047736283273,0.7149504458788186,0.7215761432577428,0.7149504458788887,0.6935047736283577,0.10496999796312913,0.07210037409107484,0.06146926431029942,0.07210037409102898,0.10496999796304601,0.0,0.0,0.0,0.0,0.0,off,off,off,off,off
106.24999999999578,0.3,22.8749999999999,-10.698928572910404,-7.806289844184619,-6.852230444144652,-7.80628984416461,-10.698928572911825,-14.59649070541559,-14.596490705409678,0.6934769805444037,0.7149971864229382,0.7216472830955514,0.7149971864230088,0.6934769805444357,0.10532550108080707,0.07229442005525902,0.061606085221918995,0.07229442005521196,0.10532550108072408,0.0,0.0,0.0,0.0,0.0,off,off,off,off,off
106.49999999999577,0.3,22.949999999999903,-10.674839794759805,-7.781556987269994,-6.827267922270153,-7.781556987251861,-10.674839794771003,-14.573181363821732,-14.57318136381582,0.6934490130233152,0.7150437694166026,0.7217185555927921,0.7150437694166687,0.6934490130233203,0.10567985540754486,0.07248733987702471,0.06174110781095568,0.07248733987697664,0.10567985540746241,0.0,0.0,0.0,0.0,0.0,off,off,off,off,off
106.74999999999575,0.3,23.024999999999906,-10.650761434120568,-7.756845392695027,-6.802331238922932,-7.756845392680191,-10.65076143412233,-14.54987252355295,-14.549872523547037,0.6934208789328865,0.7150902013354515,0.7217899707842957,0.7150902013355092,0.6934208789329173,0.10603305927470963,0.07267913489309934,0.061874325415701655,0.07267913489305032,0.10603305927462772,0.0,0.0,0.0,0.0,0.0,off,off,off,off,off
106.99999999999574,0.3,23.09999999999991,-10.626693413232829,-7.732154819739151,-6.777420091925649,-7.732154819730681,-10.626693413229816,-14.52656425308362,-14.526564253077709,0.6933925860558638,0.7151364885835947,0.7218615380220679,0.715136488583636,0.6933925860559067,0.10638511102976254,0.07286980639240191,0.06200573279213469,0.07286980639235212,0.10638511102968046,0.0,0.0,0.0,0.0,0.0,off,off,off,off,off
107.24999999999572,0.3,23.174999999999912,-10.602635656046687,-7.707485032070167,-6.752534183861201,-7.707485032063801,-10.602635656041116,-14.50325661986136,-14.503256619855563,0.6933641420899401,0.7151826374901198,0.721933266045235,0.7151826374901558,0.6933641420899901,0.10673600903850398,0.0730593556277643,0.062135325945731526,0.07305935562771405,0.10673600903842168,0.0,0.0,0.0,0.0,0.0,off,off,off,off,off
107.49999999999571,0.3,23.249999999999915,-10.57858808814359,-7.682835797637779,-6.727673222075111,-7.682835797637836,-10.578588088144102,-14.479949690326748,-14.479949690321007,0.6933355546480816,0.7152286543063759,0.7220051630414683,0.715228654306395,0.6933355546481155,0.10708575168705152,0.07324778382582892,0.06226310198388042,0.07324778382577858,0.1070857516869693,0.0,0.0,0.0,0.0,0.0,off,off,off,off,off
107.7499999999957,0.3,23.324999999999918,-10.554550636740998,-7.658206888579457,-6.702836918633409,-7.65820688857184,-10.554550636738384,-14.45664352993083,-14.456643529925259,0.6933068312587128,0.715274545203845,0.7220772367011503,0.7152745452038848,0.6933068312587555,0.10743433738357562,0.07343509219540081,0.06238905898636759,0.07343509219535006,0.10743433738349335,0.0,0.0,0.0,0.0,0.0,off,off,off,off,off
107.99999999999568,0.3,23.39999999999992,-10.53052323059643,-7.633598078646571,-6.678024990239692,-7.633598078636169,-10.530523230598135,-14.433338203154221,-14.43333820314848,0.6932779793662518,0.7153203203508256,0.7221494942651797,0.7153203203508732,0.6932779793662828,0.107781764559823,0.07362127951592408,0.06251319589172191,0.07362127951587241,0.1077817645597408,0.0,0.0,0.0,0.0,0.0,off,off,off,off,off
108.24999999999567,0.3,23.474999999999923,-10.50650579941049,-7.609009118548045,-6.653237157048636,-7.609009118539973,-10.50650579940384,-14.410033773521832,-14.410033773516261,0.6932490063330142,0.7153660267442009,0.7222219425700361,0.7153660267442428,0.6932490063330676,0.10812803167244034,0.07380628666615786,0.06263551239746658,0.07380628666610553,0.10812803167235799,0.0,0.0,0.0,0.0,0.0,off,off,off,off,off
108.49999999999565,0.3,23.549999999999926,-10.482498273418912,-7.584439769502467,-6.628473141890993,-7.584439769489904,-10.482498273407145,-14.386730303614968,-14.386730303609397,0.6932199194406963,0.7154116820887257,0.7222945880867595,0.7154116820887796,0.6932199194407631,0.10847313720410451,0.0739900555407455,0.06275600887254991,0.0739900555406924,0.10847313720402164,0.0,0.0,0.0,0.0,0.0,off,off,off,off,off
108.74999999999564,0.3,23.62499999999993,-10.45850058398355,-7.559889809574543,-6.603732671429384,-7.559889809564481,-10.4585005839632,-14.363427855083444,-14.36342785507776,0.693190725889282,0.715457284943778,0.7223674369504,0.7154572849438253,0.6931907258893717,0.1088170796645053,0.07417259295318493,0.06287468628048257,0.07417259295313114,0.1088170796644215,0.0,0.0,0.0,0.0,0.0,off,off,off,off,off
108.99999999999562,0.3,23.699999999999932,-10.434512663786052,-7.535359024719412,-6.5790154766028195,-7.535359024716172,-10.434512663760358,-14.340126488661326,-14.340126488655528,0.6931614327970392,0.7155028332037755,0.7224404949875055,0.7155028332038045,0.6931614327971436,0.10915985759120497,0.07435391750520924,0.06299154611188879,0.07435391750515505,0.10915985759111985,0.0,0.0,0.0,0.0,0.0,off,off,off,off,off
109.24999999999561,0.3,23.774999999999935,-10.410534446925396,-7.510847206960989,-6.5543212927728405,-7.510847206952576,-10.410534446901067,-14.316826264183248,-14.31682626417728,0.6931320472007948,0.7155483258423415,0.722513767741026,0.7155483258423849,0.6931320472008953,0.10950146955038306,0.0745340465061632,0.06310659032531314,0.07453404650610865,0.10950146955029672,0.0,0.0,0.0,0.0,0.0,off,off,off,off,off
109.4999999999956,0.3,23.849999999999937,-10.386565868936259,-7.486354153599962,-6.5296498597977575,-7.486354153583022,-10.386565868916705,-14.293527240600554,-14.293527240594585,0.6931025760564498,0.7155937629337721,0.7225872604924274,0.7155937629338386,0.6931025760565381,0.10984191413747572,0.07471299459763328,0.06321982129527254,0.07471299459757795,0.10984191413738857,0.0,0.0,0.0,0.0,0.0,off,off,off,off,off
109.74999999999558,0.3,23.92499999999994,-10.36260686679725,-7.461879666755351,-6.505000922070224,-7.461879666731477,-10.362606866775252,-14.270229475998178,-14.270229475992267,0.6930730262395549,0.7156391454683961,0.7226609782812963,0.7156391454684813,0.6930730262396503,0.11018118997772008,0.07489077401652794,0.06333124176666753,0.0748907740164713,0.11018118997763215,0.0,0.0,0.0,0.0,0.0,off,off,off,off,off
109.99999999999557,0.3,23.999999999999943,-10.338657378924381,-7.4374235529724615,-6.480374228511778,-7.43742355294421,-10.338657378908351,-14.246933027610794,-14.246933027604769,0.6930434045459336,0.7156844751728388,0.7227349259227608,0.7156844751729359,0.6930434045460135,0.11051929572661223,0.07506739501170977,0.06344085481477295,0.07506739501165184,0.11051929572652355,0.0,0.0,0.0,0.0,0.0,off,off,off,off,off
110.24999999999555,0.3,24.074999999999946,-10.314717345160147,-7.412985622930137,-6.455769532544423,-7.412985622901829,-10.314717345150484,-14.223637951838441,-14.223637951832302,0.6930137176923461,0.7157297543593563,0.7228091080229535,0.7157297543594544,0.6930137176924094,0.11085623007029191,0.07524286621284515,0.06354866381012796,0.07524286621278586,0.11085623007020284,0.0,0.0,0.0,0.0,0.0,off,off,off,off,off
110.49999999999554,0.3,24.14999999999995,-10.290786706761196,-7.388565691176268,-6.431186592040717,-7.388565691146823,-10.290786706756762,-14.200344304262217,-14.200344304256248,0.6929839723171667,0.7157749858026848,0.7228835289837651,0.7157749858027863,0.6929839723172166,0.1111919917258585,0.07541719493506721,0.06365467235188003,0.0754171949350065,0.11119199172576932,0.0,0.0,0.0,0.0,0.0,off,off,off,off,off
110.74999999999552,0.3,24.22499999999995,-10.266865405791464,-7.364163575919861,-6.406625169526137,-7.364163575890814,-10.266865405787485,-14.177052139660418,-14.177052139654677,0.6929541750581437,0.7158201726397384,0.7229581893763196,0.7158201726398387,0.6929541750581923,0.1115265794118869,0.07559038742768165,0.06375884800147952,0.07559038742761955,0.11152657941179774,0.0,0.0,0.0,0.0,0.0,off,off,off,off,off
110.99999999999551,0.3,24.299999999999955,-10.242953368241729,-7.339779098637393,-6.382085036107696,-7.33977909861045,-10.242953368244628,-14.153761511958862,-14.153761511953292,0.6929243387331949,0.71586531828863,0.7230330936988789,0.7158653182887258,0.6929243387332259,0.11185998603520894,0.0757624490767677,0.0638611278011812,0.07576244907670412,0.11185998603511986,0.0,0.0,0.0,0.0,0.0,off,off,off,off,off
111.2499999999955,0.3,24.374999999999957,-10.219050522236614,-7.315412083644901,-6.357565968553786,-7.315412083625063,-10.219050522244004,-14.130472474165344,-14.13047247415983,0.6928944815430294,0.7159104263831287,0.7231082506463874,0.7159104263832057,0.6928944815430486,0.11219218863250315,0.07593338457014925,0.06396149868415443,0.07593338457008449,0.11219218863241454,0.0,0.0,0.0,0.0,0.0,off,off,off,off,off
111.49999999999548,0.3,24.44999999999996,-10.195156807372769,-7.2910623584061796,-6.3330677471572585,-7.291062358380259,-10.195156807382034,-14.107185078461896,-14.107185078456553,0.6928646138297732,0.7159555007176545,0.7231836682942674,0.7159555007177487,0.6928646138297875,0.11252317168596361,0.07610319803172173,0.06405995400786119,0.07610319803165579,0.11252317168587553,0.0,0.0,0.0,0.0,0.0,off,off,off,off,off
111.74999999999547,0.3,24.524999999999963,-10.171272167348945,-7.266729753543302,-6.3085901557365105,-7.266729753520735,-10.171272167355369,-14.083899376253498,-14.083899376248155,0.6928347420169381,0.7160005452032546,0.7232593540508646,0.7160005452033398,0.6928347420169599,0.11285293082757822,0.07627189313082954,0.06415648874192872,0.0762718931307622,0.11285293082749036,0.0,0.0,0.0,0.0,0.0,off,off,off,off,off
111.99999999999545,0.3,24.599999999999966,-10.147396548669462,-7.242414102821442,-6.284132981557036,-7.242414102803195,-10.147396548667643,-14.060615418195312,-14.060615418190139,0.6928048711774857,0.7160455638319339,0.7233353147211723,0.7160455638320079,0.6928048711775285,0.11318146631137715,0.07643947317132176,0.0642510992265581,0.07643947317125331,0.11318146631128935,0.0,0.0,0.0,0.0,0.0,off,off,off,off,off
112.24999999999544,0.3,24.67499999999997,-10.123529900080484,-7.21811524308805,-6.259696015346208,-7.218115243064858,-10.12352990007912,-14.03733325421581,-14.03733325421075,0.6927750059575216,0.7160905606478619,0.7234115565648463,0.7160905606479501,0.6927750059575642,0.11350877989653302,0.07660594116406201,0.06434378302215767,0.07660594116399234,0.11350877989644485,0.0,0.0,0.0,0.0,0.0,off,off,off,off,off
112.49999999999542,0.3,24.74999999999997,-10.099672172285182,-7.193833014183667,-6.23527905128617,-7.19383301416201,-10.09967217227512,-14.014052933535538,-14.014052933530422,0.6927451509103215,0.716135539724162,0.7234880853478401,0.7161355397242466,0.6927451509103867,0.113834873678098,0.0767712998859591,0.06443453877698846,0.07677129988588818,0.11383487367800942,0.0,0.0,0.0,0.0,0.0,off,off,off,off,off
112.74999999999541,0.3,24.824999999999974,-10.075823317699076,-7.169567258903442,-6.210881886433299,-7.169567258884683,-10.075823317696972,-13.990774504685135,-13.990774504679962,0.6927153106105829,0.7161805051440402,0.7235649054025004,0.7161805051441175,0.692715310610627,0.1141597496729731,0.07693555192802456,0.06452336175676353,0.07693555192795251,0.11415974967288427,0.0,0.0,0.0,0.0,0.0,off,off,off,off,off
112.9999999999954,0.3,24.899999999999977,-10.05198329034522,-7.145317822791469,-6.186504314541935,-7.145317822773279,-10.051983290346584,-13.967498015521642,-13.967498015516583,0.6926854896867316,0.7162254609860084,0.7236420110221896,0.7162254609860847,0.6926854896867667,0.11448340968870191,0.0770986997344902,0.06461018624550552,0.077098699734417,0.11448340968861347,0.0,0.0,0.0,0.0,0.0,off,off,off,off,off
113.24999999999538,0.3,24.97499999999998,-10.028152045689012,-7.121084553928199,-6.162146131178986,-7.121084553909839,-10.028152045682816,-13.944223513244367,-13.944223513239137,0.6926556928238079,0.7162704113121031,0.7237193994405167,0.7162704113121804,0.6926556928238633,0.11480585529629107,0.07726074563464232,0.06469498721443652,0.07726074563456797,0.11480585529620253,0.0,0.0,0.0,0.0,0.0,off,off,off,off,off
113.49999999999537,0.3,25.049999999999983,-10.004329540526726,-7.096867302936005,-6.137807136617141,-7.096867302917417,-10.004329540521383,-13.920951044408014,-13.920951044402784,0.6926259247561537,0.7163153601579386,0.7237970702805651,0.7163153601580166,0.6926259247562068,0.11512708783979005,0.07742169186872479,0.06477777842938766,0.0774216918686494,0.11512708783970114,0.0,0.0,0.0,0.0,0.0,off,off,off,off,off
113.74999999999535,0.3,25.124999999999986,-9.980515732895185,-7.072665922977819,-6.113487135037303,-7.0726659229566735,-9.98051573289149,-13.897680654937346,-13.897680654932003,0.6925961902572497,0.7163603115247535,0.7238750234248831,0.7163603115248385,0.6925961902572983,0.11544710845750714,0.07758154060901498,0.06485857380969356,0.07758154060893846,0.11544710845741817,0.0,0.0,0.0,0.0,0.0,off,off,off,off,off
113.99999999999534,0.3,25.19999999999999,-9.956710581995765,-7.048480269724564,-6.089185934413763,-7.0484802697069995,-9.956710581987352,-13.874412390139355,-13.874412390134125,0.6925664941293315,0.7164052693731394,0.7239532589570158,0.7164052693732155,0.6925664941293928,0.11576591810562241,0.07774029397696693,0.06493738652858756,0.07774029397688924,0.11576591810553323,0.0,0.0,0.0,0.0,0.0,off,off,off,off,off
114.24999999999532,0.3,25.27499999999999,-9.93291404810708,-7.024310201291826,-6.0649033464071636,-7.024310201279604,-9.932914048105943,-13.851146294715932,-13.851146294710588,0.6925368411937637,0.7164502393592949,0.7240317771281838,0.7164502393593567,0.6925368411938054,0.1160835175809329,0.0778979533415469,0.06501422910062399,0.07789795334146836,0.11608351758084351,0.0,0.0,0.0,0.0,0.0,off,off,off,off,off
114.49999999999531,0.3,25.349999999999994,-9.90912609262216,-7.0001555849246415,-6.040639186385647,-7.000155584918673,-9.909126092622785,-13.827882412774898,-13.827882412769611,0.6925072362820488,0.7164953260138731,0.7241105782878718,0.7164953260139194,0.6925072362820864,0.11639990754169915,0.07805440199872568,0.06508911327306226,0.07805440199864645,0.1163999075416098,0.0,0.0,0.0,0.0,0.0,off,off,off,off,off
114.7499999999953,0.3,25.424999999999997,-9.885346678832263,-6.976016326400952,-6.016393270384981,-6.976016326396177,-9.885346678833912,-13.804620787845636,-13.80462078784035,0.6924776842258845,0.7165406040604062,0.7241896556392626,0.7165406040604493,0.6924776842259196,0.11671508852638998,0.07820942285894918,0.06516199838230101,0.07820942285886924,0.11671508852630082,0.0,0.0,0.0,0.0,0.0,off,off,off,off,off
114.99999999999528,0.3,25.5,-9.861575772566482,-6.951892341010648,-5.99216541610042,-6.951892341010364,-9.86157577256688,-13.781361462899326,-13.781361462894267,0.6924481898484954,0.7165861018709542,0.7242690002429973,0.7165861018709857,0.6924481898485337,0.11702906097042573,0.07836294226402628,0.06523283799849731,0.0783629422639456,0.11702906097033669,0.0,0.0,0.0,0.0,0.0,off,off,off,off,off
115.24999999999527,0.3,25.575000000000003,-9.83781334191832,-6.927783542040402,-5.967955449202236,-6.927783542038696,-9.837813341915421,-13.75810448036998,-13.758104480364807,0.6924187579591785,0.7166318451637901,0.7243486076845467,0.7166318451638263,0.6924187579592258,0.11734182522106423,0.07851491067047406,0.06530165562338337,0.07851491067039292,0.11734182522097503,0.0,0.0,0.0,0.0,0.0,off,off,off,off,off
115.49999999999525,0.3,25.650000000000006,-9.81405935698109,-6.903689841106427,-5.943763201856939,-6.903689841106939,-9.814059356977452,-13.734849882172227,-13.734849882167055,0.6923893933485705,0.7166778567533979,0.7244284743241898,0.716677856753428,0.6923893933486196,0.11765338155060302,0.07866528570075186,0.06536847569957868,0.07866528570067013,0.11765338155051341,0.0,0.0,0.0,0.0,0.0,off,off,off,off,off
115.74999999999524,0.3,25.72500000000001,-9.790313789587174,-6.879611148694892,-5.919588512109044,-6.879611148695517,-9.790313789585127,-13.71159770971866,-13.711597709713544,0.6923601007845693,0.7167241568877261,0.7245085971423222,0.7167241568877564,0.6923601007846142,0.1179637301680807,0.07881403090061156,0.06543332058293591,0.07881403090052941,0.11796373016799096,0.0,0.0,0.0,0.0,0.0,off,off,off,off,off
115.99999999999523,0.3,25.80000000000001,-9.766576613110033,-6.855547374530715,-5.895431223373237,-6.855547374529635,-9.766576613113216,-13.688348003934323,-13.688348003929207,0.6923308850086857,0.7167707635574296,0.7245889736512954,0.7167707635574643,0.6923308850087173,0.11827287122964025,0.07896111499617252,0.0654962108030877,0.07896111499608999,0.11827287122955078,0.0,0.0,0.0,0.0,0.0,off,off,off,off,off
116.24999999999521,0.3,25.875000000000014,-9.742847802280494,-6.831498427949214,-5.871291182541881,-6.83149842795018,-9.742847802289361,-13.665100805269788,-13.665100805264842,0.6923017507328815,0.7168176927669316,0.7246695995281324,0.7168176927669611,0.6923017507328976,0.11858080484770595,0.07910651125210134,0.06555714586124985,0.07910651125201852,0.1185808048476169,0.0,0.0,0.0,0.0,0.0,off,off,off,off,off
116.4999999999952,0.3,25.950000000000017,-9.719127333050437,-6.80746421802894,-5.847168233260618,-6.807464218030248,-9.719127333058907,-13.641856153714286,-13.641856153709341,0.692272702636748,0.7168649587723701,0.7247504623892833,0.7168649587723991,0.6922727026367652,0.1188875310991076,0.07925019691011152,0.06561605129856968,0.07925019691002852,0.11888753109901906,0.0,0.0,0.0,0.0,0.0,off,off,off,off,off
116.74999999999518,0.3,26.02500000000002,-9.695415182424199,-6.783444653722427,-5.823062223665772,-6.783444653726008,-9.695415182432043,-13.618614088805884,-13.618614088801053,0.6922437453651846,0.7169125742899841,0.7248315547209603,0.716912574290007,0.6922437453652033,0.11919305003226717,0.07939215269756052,0.06567294306130643,0.07939215269747735,0.11919305003217893,0.0,0.0,0.0,0.0,0.0,off,off,off,off,off
116.99999999999517,0.3,26.100000000000023,-9.671711328369213,-6.759439644147562,-5.798973007054201,-6.7594396441518825,-9.671711328372737,-13.595374649642508,-13.595374649637563,0.6922148835262346,0.7169605506781743,0.72491287071527,0.7169605506781952,0.6922148835262646,0.11949736167355607,0.07953236239739139,0.06572785399603018,0.07953236239730813,0.11949736167346797,0.0,0.0,0.0,0.0,0.0,off,off,off,off,off
117.24999999999515,0.3,26.175000000000026,-9.648015749714148,-6.735449098821505,-5.774900441260911,-6.73544909882321,-9.64801574971409,-13.57213787489053,-13.572137874885527,0.6921861216892781,0.7170088980970485,0.7249944055121746,0.7170088980970766,0.6921861216893176,0.11980046603291644,0.07967081247176643,0.06578081364965656,0.07967081247168295,0.11980046603282835,0.0,0.0,0.0,0.0,0.0,off,off,off,off,off
117.49999999999514,0.3,26.25000000000003,-9.6243284260633,-6.711472927851503,-5.7508443882857705,-6.711472927850139,-9.624328426062448,-13.548903802794257,-13.548903802789312,0.69215746438347,0.7170576256482261,0.7250761550596233,0.7170576256482621,0.6921574643835117,0.12010236310882834,0.07980749173268543,0.06583184866318714,0.07980749173260203,0.12010236310873997,0.0,0.0,0.0,0.0,0.0,off,off,off,off,off
117.74999999999513,0.3,26.32500000000003,-9.600649337732762,-6.687511042037215,-5.726804710525869,-6.687511042036363,-9.600649337737252,-13.525672471183611,-13.525672471178666,0.6921289160963787,0.7171067414974911,0.7251581112629234,0.7171067414975256,0.6921289160964063,0.1204030528926951,0.07994239105372344,0.0658809303967396,0.07994239105363991,0.12040305289260692,0.0,0.0,0.0,0.0,0.0,off,off,off,off,off
117.99999999999511,0.3,26.400000000000034,-9.576978465686125,-6.6635633527769755,-5.702781267115597,-6.663563352782887,-9.576978465693003,-13.502443917481969,-13.502443917477024,0.6921004812728445,0.7171562529827467,0.7252402615522016,0.7171562529827633,0.6921004812728662,0.12070253537271719,0.08007550311774736,0.06592800124157665,0.08007550311766393,0.12070253537262954,0.0,0.0,0.0,0.0,0.0,off,off,off,off,off
118.2499999999951,0.3,26.475000000000037,-9.553315791485886,-6.639629772147316,-5.678773922138532,-6.639629772159765,-9.553315791490604,-13.479218178713552,-13.479218178708493,0.692072164314005,0.7172061667081859,0.7253225979908262,0.7172061667081848,0.6920721643140324,0.1210008105373061,0.08020682219611623,0.06597309932715212,0.08020682219603326,0.12100081053721877,0.0,0.0,0.0,0.0,0.0,off,off,off,off,off
118.49999999999508,0.3,26.55000000000004,-9.529661297219889,-6.615710213055763,-5.654782543993576,-6.615710213067814,-9.52966129722654,-13.455995291509566,-13.455995291504564,0.6920439695765567,0.7172564886266007,0.7254051140246028,0.7172564886266011,0.6920439695765788,0.1212978783780943,0.08033634395543533,0.06601626275462982,0.08033634395535293,0.12129787837800725,0.0,0.0,0.0,0.0,0.0,off,off,off,off,off
118.74999999999507,0.3,26.625000000000043,-9.506014965494785,-6.591804589344292,-5.6308070050238825,-6.591804589362312,-9.506014965500242,-13.432775292115195,-13.43277529211042,0.6920159013719989,0.7173072241116016,0.7254878042237359,0.7173072241115854,0.6920159013720237,0.12159373889258461,0.08046406528842286,0.06605752524780867,0.08046406528834109,0.12159373889249794,0.0,0.0,0.0,0.0,0.0,off,off,off,off,off
118.99999999999505,0.3,26.700000000000045,-9.482376779388574,-6.567912815877833,-5.606847178234375,-6.567912815892726,-9.482376779395452,-13.409558216395908,-13.409558216391247,0.691987963966122,0.7173583780209307,0.7255706603428,0.717358378020923,0.6919879639661431,0.12188839208648193,0.08058998416587702,0.06609686315073908,0.08058998416579609,0.1218883920863956,0.0,0.0,0.0,0.0,0.0,off,off,off,off,off
119.24999999999504,0.3,26.77500000000005,-9.458746722421779,-6.544034808342758,-5.582902932329205,-6.5440348083610616,-9.458746722429055,-13.386344099842745,-13.386344099838198,0.6919601615785725,0.7174099547527141,0.7256536689330998,0.7174099547526964,0.6919601615785925,0.1221818379757404,0.08071409950710712,0.06613421012509947,0.08071409950702689,0.12218183797565443,0.0,0.0,0.0,0.0,0.0,off,off,off,off,off
119.49999999999503,0.3,26.85000000000005,-9.435124778532781,-6.520170483295715,-5.558974140538282,-6.520170483315894,-9.435124778532384,-13.363132977578573,-13.363132977574026,0.691932498382511,0.717461958294185,0.7257368209801485,0.7174619582941627,0.691932498382551,0.12247407658836032,0.08083641106651816,0.06616961265660257,0.08083641106643905,0.12247407658827444,0.0,0.0,0.0,0.0,0.0,off,off,off,off,off
119.74999999999501,0.3,26.925000000000054,-9.4115109320349,-6.496319758266054,-5.535060680414233,-6.496319758287029,-9.411510932038254,-13.339924884362972,-13.339924884358538,0.6919049785044123,0.7175143922642686,0.7258201091391291,0.7175143922642437,0.6919049785044422,0.12276510796596156,0.08095691933433685,0.06620311573435732,0.08095691933425896,0.122765107965876,0.0,0.0,0.0,0.0,0.0,off,off,off,off,off
119.999999999995,0.3,27.000000000000057,-9.387905167621057,-6.472482551844621,-5.511162432787046,-6.472482551858377,-9.387905167620886,-13.31671985459775,-13.316719854593373,0.6918776060238292,0.7175672599509347,0.7259035266426762,0.7175672599509288,0.6918776060238682,0.12305493216515984,0.08107562544971274,0.06623474382755237,0.08107562544963595,0.12305493216507431,0.0,0.0,0.0,0.0,0.0,off,off,off,off,off
120.24999999999498,0.3,27.07500000000006,-9.3643074582169,-6.448658783395729,-5.487279274213961,-6.448658783408916,-9.364307458213887,-13.293517922297212,-13.293517922292779,0.6918503909870172,0.7176205643449454,0.7259870602515969,0.7176205643449405,0.6918503909870637,0.12334354464328001,0.0811925311246493,0.06626440283215632,0.08119253112457345,0.12334354464319439,0.0,0.0,0.0,0.0,0.0,off,off,off,off,off
120.49999999999497,0.3,27.150000000000063,-9.340717766211185,-6.424848372394422,-5.463411082063146,-6.424848372410111,-9.340717766213743,-13.270319120974307,-13.270319120969873,0.6918233547207666,0.71767430817056,0.7260706983766682,0.7176743081705474,0.6918233547207985,0.12363091792968671,0.0813076385774017,0.06629211699461718,0.081307638577327,0.12363091792960135,0.0,0.0,0.0,0.0,0.0,off,off,off,off,off
120.74999999999496,0.3,27.225000000000065,-9.317136067593708,-6.401051238809885,-5.439557738629219,-6.4010512388189795,-9.317136067597517,-13.247123483701216,-13.247123483696669,0.6917965069434515,0.7177284939099466,0.7261544322697557,0.7177284939099517,0.6917965069434802,0.12391703111673592,0.08142095047416108,0.06631794310394197,0.08142095047408747,0.12391703111665099,0.0,0.0,0.0,0.0,0.0,off,off,off,off,off
120.99999999999494,0.3,27.300000000000068,-9.293562342669418,-6.377267303470546,-5.415719129133038,-6.377267303474071,-9.293562342677319,-13.223931043164441,-13.223931043159837,0.691769851288579,0.7177831238245465,0.7262382535649482,0.717783123824566,0.6917698512885965,0.12420188040442262,0.08153246987800299,0.06634189524309987,0.08153246987793025,0.12420188040433801,0.0,0.0,0.0,0.0,0.0,off,off,off,off,off
121.24999999999493,0.3,27.37500000000007,-9.269996574152572,-6.353496488042197,-5.391895133554726,-6.35349648805078,-9.269996574160302,-13.200741831689186,-13.200741831684638,0.6917433896424116,0.7178381999747487,0.7263221477609946,0.7178381999747537,0.6917433896424288,0.12448546856875999,0.08164220020419445,0.06636387190477061,0.0816422002041225,0.12448546856867601,0.0,0.0,0.0,0.0,0.0,off,off,off,off,off
121.49999999999491,0.3,27.450000000000074,-9.24643874639321,-6.329738714977623,-5.36808563411887,-6.3297387149817155,-9.246438746406739,-13.177555881254818,-13.17755588125027,0.6917171234824819,0.7178937242372643,0.7264061028673223,0.7178937242372814,0.6917171234824843,0.12476780020832455,0.08175014518106216,0.06638392733528974,0.08175014518099097,0.12476780020824119,0.0,0.0,0.0,0.0,0.0,off,off,off,off,off
121.7499999999949,0.3,27.525000000000077,-9.222888845000568,-6.305993907657182,-5.344290517975992,-6.305993907662753,-9.222888845019611,-13.154373223506639,-13.154373223502148,0.6916910543096803,0.7179496983199252,0.7264901094199718,0.7179496983199377,0.6916910543096682,0.12504888014222082,0.08185630881573072,0.06640211565183038,0.08185630881566006,0.12504888014213825,0.0,0.0,0.0,0.0,0.0,off,off,off,off,off
121.99999999999488,0.3,27.60000000000008,-9.199346856601892,-6.282261990375503,-5.320509668832983,-6.282261990372433,-9.199346856622697,-13.131193889766507,-13.131193889762244,0.6916651837737511,0.7180061236180325,0.7265741531650637,0.7180061236180683,0.6916651837737342,0.1253287129094632,0.0819606948934706,0.06641832467500973,0.08196069489340062,0.12532871290938194,0.0,0.0,0.0,0.0,0.0,off,off,off,off,off
122.24999999999487,0.3,27.675000000000082,-9.17581276863541,-6.258542888366094,-5.296742969497359,-6.258542888362058,-9.175812768658261,-13.10801791104143,-13.10801791103711,0.6916395136960698,0.7180629960408667,0.726658219556379,0.7180629960409044,0.6916395136960474,0.12560730264190276,0.08206326538459618,0.06643258975821764,0.08206326538452655,0.1256073026418224,0.0,0.0,0.0,0.0,0.0,off,off,off,off,off
122.49999999999486,0.3,27.750000000000085,-9.152286569350622,-6.2348365316289005,-5.272990307685461,-6.234836531621852,-9.152286569373246,-13.084845318030602,-13.08484531802651,0.6916140460590614,0.7181203168641535,0.7267422965750338,0.7181203168641992,0.6916140460590389,0.12588465306030433,0.08216396476898126,0.0664449392902466,0.08216396476891182,0.12588465306022512,0.0,0.0,0.0,0.0,0.0,off,off,off,off,off
122.74999999999484,0.3,27.825000000000088,-9.128768247725986,-6.211142852023215,-5.249251565731129,-6.211142852013211,-9.128768247752191,-13.061676141134114,-13.061676141130135,0.691588782986776,0.7181780917993876,0.7268263665743537,0.7181780917994408,0.6915887829867436,0.12616076750797045,0.0822627829574666,0.06645525315340531,0.08226278295739724,0.12616076750789249,0.0,0.0,0.0,0.0,0.0,off,off,off,off,off
122.99999999999483,0.3,27.90000000000009,-9.105257793387864,-6.187461781572495,-5.22552662881418,-6.187461781566299,-9.10525779341259,-13.038510410458798,-13.038510410455103,0.6915637267243074,0.7182363259812895,0.7269104138969786,0.7182363259813327,0.6915637267242788,0.12643564899300488,0.08235971494198636,0.06646359505846869,0.08235971494191685,0.12643564899292853,0.0,0.0,0.0,0.0,0.0,off,off,off,off,off
123.24999999999481,0.3,27.975000000000094,-9.081755196481652,-6.163793252499829,-5.201815377816047,-6.1637932524978964,-9.081755196497681,-13.015348155824995,-13.01534815582147,0.6915388796186724,0.7182950239277567,0.7269944183231731,0.7182950239277883,0.691538879618666,0.12670930022978877,0.08245475721296217,0.06646981568815634,0.08245475721289268,0.12670930022971338,0.0,0.0,0.0,0.0,0.0,off,off,off,off,off
123.4999999999948,0.3,28.050000000000097,-9.058260447555938,-6.140137197042122,-5.178117691291561,-6.140137197045021,-9.058260447570092,-12.992189406771331,-12.992189406768034,0.6915142441016452,0.7183541896037072,0.7270783576878281,0.7183541896037264,0.6915142441016427,0.12698172367687857,0.08254790754298702,0.06647385454872803,0.0825479075429177,0.1269817236768039,0.0,0.0,0.0,0.0,0.0,off,off,off,off,off
123.74999999999478,0.3,28.1250000000001,-9.034773537512251,-6.116493547255629,-5.154433435485089,-6.116493547257846,-9.03477353751731,-12.969034192559604,-12.969034192556535,0.691489822674433,0.7184138264792067,0.7271622004128049,0.7184138264792277,0.6914898226744547,0.12725292157077486,0.08263916484234458,0.06647535538587325,0.08263916484227553,0.12725292157070064,0.0,0.0,0.0,0.0,0.0,off,off,off,off,off
123.99999999999477,0.3,28.200000000000102,-9.011294457438908,-6.092862233011317,-5.130762370648711,-6.092862233010578,-9.011294457449594,-12.945882542178481,-12.945882542175582,0.6914656178945339,0.7184739375857839,0.7272458410045569,0.7184739375858129,0.69146561789454,0.12752289595572294,0.08272852903200185,0.06647535538587325,0.08272852903193299,0.12752289595564928,0.0,0.0,0.0,0.0,0.0,off,off,off,off,off
124.24999999999476,0.3,28.275000000000105,-8.987823198470778,-6.069243180093395,-5.107104322522048,-6.069243180094759,-8.987823198483397,-12.922734484346051,-12.92273448434338,0.6914416323641865,0.7185345241040066,0.7273292224054865,0.7185345241040294,0.6914416323641871,0.1277916487099116,0.08281599563594318,0.06647535538587325,0.0828159956358744,0.127791648709839,0.0,0.0,0.0,0.0,0.0,off,off,off,off,off
124.49999999999474,0.3,28.350000000000108,-8.96435975153986,-6.045636307944164,-5.083459205617089,-6.04563630794155,-8.964359751551626,-12.899590047511538,-12.89959004750881,0.6914178687206015,0.7185955751470685,0.7274123473297508,0.7185955751471022,0.6914178687206043,0.12805918156847,0.08290149931150076,0.06647535538587325,0.08290149931143194,0.12805918156839835,0.0,0.0,0.0,0.0,0.0,off,off,off,off,off
124.74999999999473,0.3,28.42500000000011,-8.940904107241977,-6.0220415363803,-5.059826935386184,-6.022041536384108,-8.940904107242432,-12.876449259854155,-12.87644925985154,0.6913943296271877,0.7186570847816658,0.7274952184356658,0.7186570847816824,0.6913943296272204,0.12832549614363564,0.08298502222879844,0.06647535538587325,0.08298502222872975,0.12832549614356453,0.0,0.0,0.0,0.0,0.0,off,off,off,off,off
124.99999999999471,0.3,28.500000000000114,-8.917456255922616,-5.998458788201958,-5.036207428093746,-5.9984587882145775,-8.917456255917898,-12.853312149284307,-12.853312149281805,0.6913710177653682,0.7187190497223221,0.7275778383522731,0.7187190497223147,0.6913710177654138,0.12859059394244238,0.08306658012379314,0.06647535538587325,0.08306658012372486,0.12859059394237118,0.0,0.0,0.0,0.0,0.0,off,off,off,off,off
125.2499999999947,0.3,28.575000000000117,-8.894016187751276,-5.974887988435285,-5.012600600868325,-5.974887988448984,-8.894016187746047,-12.830178743443241,-12.830178743440797,0.6913479358274255,0.7187814670487686,0.7276602096787829,0.7187814670487584,0.6913479358274718,0.1288544763822317,0.08314618840333028,0.06647535538587325,0.08314618840326261,0.12885447638216038,0.0,0.0,0.0,0.0,0.0,off,off,off,off,off
125.49999999999469,0.3,28.65000000000012,-8.870583892772231,-5.951329064176548,-4.989006371771268,-5.951329064182062,-8.870583892762056,-12.807049069704306,-12.807049069701918,0.691325086510298,0.7188443341385057,0.727742334984523,0.7188443341385173,0.6913250865103576,0.12911714480425418,0.08322386156296081,0.06647535538587325,0.08322386156289364,0.12911714480418265,0.0,0.0,0.0,0.0,0.0,off,off,off,off,off
125.74999999999467,0.3,28.725000000000122,-8.847159360946762,-5.927781944445201,-4.965424659864425,-5.927781944452022,-8.847159360941703,-12.783923155174023,-12.783923155171692,0.691302472510175,0.7189076486240282,0.7278242168090375,0.7189076486240362,0.6913024725102213,0.12937860048559313,0.08329961329889576,0.06647535538587325,0.08329961329882897,0.12937860048552133,0.0,0.0,0.0,0.0,0.0,off,off,off,off,off
125.99999999999466,0.3,28.800000000000125,-8.823742582187379,-5.904246560091167,-4.9418553852596006,-5.904246560091849,-8.823742582186867,-12.760801026693741,-12.760801026691468,0.6912800965177885,0.7189714083554356,0.7279058576622761,0.7189714083554595,0.6912800965178227,0.1296388446496154,0.08337345661170793,0.06647535538587325,0.08337345661164165,0.129638844649544,0.0,0.0,0.0,0.0,0.0,off,off,off,off,off
126.24999999999464,0.3,28.875000000000128,-8.800333546359298,-5.880722839040857,-4.918298469030901,-5.880722839043074,-8.800333546360491,-12.737682710841227,-12.737682710838953,0.691257961214392,0.7190356032158536,0.7279872600251546,0.719035603215873,0.6912579612144213,0.12989787847513254,0.08344535683359484,0.06647535538587325,0.08344535683352887,0.12989787847506143,0.0,0.0,0.0,0.0,0.0,off,off,off,off,off
126.49999999999463,0.3,28.95000000000013,-8.77693224304761,-5.8572107050825934,-4.894753832767606,-5.85721070508248,-8.77693224303897,-12.714568233931288,-12.71456823392873,0.6912360692688683,0.7191002202163772,0.728068426351074,0.7191002202164032,0.691236069268924,0.1301557031044215,0.08351526816078801,0.06647535538587325,0.0835152681607225,0.13015570310435037,0.0,0.0,0.0,0.0,0.0,off,off,off,off,off
126.74999999999461,0.3,29.025000000000134,-8.753538661578148,-5.833710085333735,-4.871221398653006,-5.83371008532788,-8.753538661574737,-12.691457622015378,-12.691457622012877,0.6912144233346507,0.7191652522026055,0.7281493590660321,0.7191652522026466,0.6912144233346924,0.13041231965024605,0.08358321518259887,0.06647535538587325,0.0835832151825336,0.13041231965017455,0.0,0.0,0.0,0.0,0.0,off,off,off,off,off
126.9999999999946,0.3,29.100000000000136,-8.730152791164585,-5.810220909268651,-4.847701089567295,-5.810220909259499,-8.730152791157138,-12.6683509008829,-12.668350900880341,0.6911930260467133,0.7192306929664865,0.7282300605686719,0.7192306929665362,0.6911930260467657,0.1306677292020046,0.08364922368931667,0.06647535538587325,0.08364922368925146,0.13066772920193293,0.0,0.0,0.0,0.0,0.0,off,off,off,off,off
127.24999999999459,0.3,29.17500000000014,-8.706774620921806,-5.786743108488224,-4.824192829222454,-5.78674310847714,-8.706774620917827,-12.645248096061835,-12.645248096059277,0.6911718800192684,0.7192965370448029,0.7283105332302396,0.7192965370448579,0.6911718800193122,0.1309219328311158,0.08371331717153252,0.06647535538587325,0.0837133171714672,0.1309219328310441,0.0,0.0,0.0,0.0,0.0,off,off,off,off,off
127.49999999999457,0.3,29.250000000000142,-8.683404139945992,-5.763276616575638,-4.800696542219498,-5.763276616564383,-8.6834041399473,-12.622149232820902,-12.622149232818344,0.6911509878436015,0.7193627796145731,0.7283907793947428,0.7193627796146286,0.6911509878436314,0.13117493159572977,0.08377551711418402,0.06647535538587325,0.08377551711411849,0.13117493159565843,0.0,0.0,0.0,0.0,0.0,off,off,off,off,off
127.74999999999456,0.3,29.325000000000145,-8.660041337343898,-5.739821368141861,-4.777212154115375,-5.73982136812117,-8.660041337351629,-12.599054336170695,-12.599054336168194,0.6911303520863078,0.7194294149242767,0.7284708013790793,0.7194294149243575,0.6911303520863207,0.1314267265448504,0.08383583357102212,0.06647535538587325,0.08383583357095621,0.13142672654477933,0.0,0.0,0.0,0.0,0.0,off,off,off,off,off
127.99999999999454,0.3,29.400000000000148,-8.636686202106091,-5.71637729169214,-4.753739591126362,-5.716377291670426,-8.63668620211513,-12.57596343086584,-12.57596343086351,0.6911099752881728,0.7194964274438889,0.7285506014741329,0.7194964274439724,0.6911099752881817,0.13167731872193794,0.0838941983370257,0.06647535538587325,0.08389419833695902,0.1316773187218675,0.0,0.0,0.0,0.0,0.0,off,off,off,off,off
128.24999999999454,0.3,29.475000000000136,-8.613338722978312,-5.692944316053399,-4.7302787798480495,-5.692944316028161,-8.613338722983144,-12.552876541404942,-12.552876541402725,0.6910898599632672,0.7195638062449866,0.7286301819458157,0.7195638062450793,0.6910898599632873,0.13192670916805233,0.08395061659280935,0.06647535538587325,0.08395061659274174,0.1319267091679824,0.0,0.0,0.0,0.0,0.0,off,off,off,off,off
128.49999999999454,0.3,29.550000000000125,-8.589998873994887,-5.66952237286506,-4.70682964741178,-5.669522372845961,-8.589998874001083,-12.529793691987493,-12.529793691985333,0.6910700205297808,0.7196315431056497,0.7287095450349448,0.7196315431057265,0.6910700205297977,0.1321748894560339,0.08400512252049833,0.06647535538587325,0.08400512252042971,0.13217488945596403,0.0,0.0,0.0,0.0,0.0,off,off,off,off,off
128.74999999999454,0.3,29.625000000000114,-8.566666619914031,-5.646111395296259,-4.683392121595773,-5.6461113952823325,-8.566666619916532,-12.506714906393313,-12.506714906391267,0.6910504817086647,0.7196996309037174,0.728788692957243,0.7196996309037802,0.6910504817086912,0.13242182055472584,0.08405774681820374,0.06647535538587325,0.08405774681813415,0.1324218205546561,0.0,0.0,0.0,0.0,0.0,off,off,off,off,off
128.99999999999454,0.3,29.700000000000102,-8.543341938538504,-5.622711318193694,-4.659966130868952,-5.622711318178915,-8.543341938540891,-12.483640208045983,-12.48364020804405,0.6910312495150343,0.7197680634507699,0.728867627903503,0.7197680634508359,0.6910312495150608,0.13266748287578023,0.08410851702730938,0.06647535538587325,0.08410851702723879,0.13266748287571073,0.0,0.0,0.0,0.0,0.0,off,off,off,off,off
129.24999999999454,0.3,29.77500000000009,-8.520024812166866,-5.599322076791395,-4.6365516044285755,-5.59932207677906,-8.520024812171584,-12.460569620066849,-12.460569620064746,0.6910123240614487,0.7198368331252922,0.7289463520397779,0.7198368331253513,0.6910123240614688,0.13291187746625588,0.08415743775166247,0.06647535538587325,0.0841574377515908,0.1329118774661865,0.0,0.0,0.0,0.0,0.0,off,off,off,off,off
129.49999999999454,0.3,29.85000000000008,-8.496715225375056,-5.575943599826132,-4.613148471877366,-5.5759435998188565,-8.496715225378694,-12.437503165297585,-12.437503165295482,0.6909937041911927,0.7199059238989671,0.7290248675085115,0.7199059238990133,0.6909937041912159,0.13315501132684582,0.08420443596096255,0.06647535538587325,0.0842044359608899,0.1331550113267768,0.0,0.0,0.0,0.0,0.0,off,off,off,off,off
129.74999999999454,0.3,29.925000000000068,-8.473413164080682,-5.552575817455022,-4.589756663026378,-5.552575817442516,-8.473413164084604,-12.414440866314294,-12.414440866312134,0.6909753887202988,0.7199753247526647,0.7291031764293451,0.7199753247527255,0.6909753887203207,0.13339689247140676,0.0842495353939258,0.06647535538587325,0.08424953539385212,0.13339689247133793,0.0,0.0,0.0,0.0,0.0,off,off,off,off,off
129.99999999999454,0.3,30.000000000000057,-8.450118615241934,-5.529218662870392,-4.566376108083375,-5.529218662863116,-8.450118615246652,-12.391382745436829,-12.391382745434782,0.6909573767607128,0.7200450268705824,0.7291812808988821,0.7200450268706298,0.6909573767607325,0.13363752853725594,0.08429277579262695,0.06647535538587325,0.08429277579255225,0.13363752853718733,0.0,0.0,0.0,0.0,0.0,off,off,off,off,off
130.24999999999454,0.3,30.075000000000045,-8.426831566676412,-5.505872071801491,-4.543006737811822,-5.505872071791316,-8.426831566677834,-12.368328824737546,-12.368328824735556,0.690939667773465,0.7201150227290103,0.7292591829905372,0.7201150227290656,0.6909396677734936,0.13387692645990315,0.08433419213351079,0.06647535538587325,0.08433419213343522,0.13387692645983487,0.0,0.0,0.0,0.0,0.0,off,off,off,off,off
130.49999999999454,0.3,30.150000000000034,-8.403552006926702,-5.482535981758701,-4.519648483641902,-5.482535981749891,-8.403552006920108,-12.34527912604824,-12.34527912604608,0.6909222615462632,0.7201853051249577,0.7293368847545056,0.7201853051250093,0.6909222615463133,0.13411509245676326,0.08437380654401735,0.06647535538587325,0.0843738065439409,0.13411509245669487,0.0,0.0,0.0,0.0,0.0,off,off,off,off,off
130.74999999999454,0.3,30.225000000000023,-8.380279925007983,-5.459210324948913,-4.496301277486907,-5.459210324943172,-8.380279924997183,-12.322233670965602,-12.322233670963499,0.6909051581538513,0.7202558591934469,0.7294143882185087,0.7202558591934908,0.6909051581539121,0.13435203209307736,0.08441154338902737,0.06647535538587325,0.08441154338895006,0.13435203209300844,0.0,0.0,0.0,0.0,0.0,off,off,off,off,off
130.99999999999454,0.3,30.30000000000001,-8.35701531012245,-5.435895032698056,-4.472965051403321,-5.435895032689359,-8.357015310121255,-12.299192480855709,-12.299192480853662,0.6908883579177235,0.7203266721268122,0.7294916953889587,0.7203266721268644,0.6908883579177592,0.13458775036298953,0.08444741216464108,0.06647535538587325,0.08444741216456306,0.13458775036292026,0.0,0.0,0.0,0.0,0.0,off,off,off,off,off
131.24999999999454,0.3,30.375,-8.333758151683924,-5.412590039931672,-4.449639737800624,-5.412590039924851,-8.33375815168489,-12.276155576856354,-12.27615557685425,0.6908718613687655,0.7203977342633895,0.7295688082506521,0.7203977342634363,0.6908718613687955,0.13482225176683832,0.08448146034790661,0.06647535538587325,0.0844814603478279,0.13482225176676935,0.0,0.0,0.0,0.0,0.0,off,off,off,off,off
131.49999999999454,0.3,30.44999999999999,-8.310508439291198,-5.389295284453851,-4.426325269598124,-5.389295284443733,-8.31050843928989,-12.253122979880175,-12.253122979878128,0.6908556692145624,0.7204690375202977,0.7296457287666052,0.7204690375203537,0.6908556692145986,0.13505554038008447,0.08451372897093144,0.06647535538587325,0.084513728970852,0.13505554038001558,0.0,0.0,0.0,0.0,0.0,off,off,off,off,off
131.74999999999454,0.3,30.524999999999977,-8.287266162716776,-5.3660107044131,-4.403021580341942,-5.366010704395933,-8.287266162708931,-12.230094710618005,-12.230094710615845,0.6908397823109823,0.7205405723391873,0.7297224588779868,0.720540572339262,0.6908397823110353,0.13528761991347332,0.08454421011921417,0.06647535538587325,0.08454421011913384,0.1352876199134043,0.0,0.0,0.0,0.0,0.0,off,off,off,off,off
131.99999999999454,0.3,30.599999999999966,-8.264031311688427,-5.342736231583785,-4.379728603835019,-5.342736231567869,-8.264031311681322,-12.207070789539955,-12.207070789537795,0.6908242016381373,0.7206123227952304,0.7297990005053517,0.7206123227953022,0.6908242016381889,0.13551849376516834,0.0845728290210841,0.06647535538587325,0.08457282902100273,0.1355184937650989,0.0,0.0,0.0,0.0,0.0,off,off,off,off,off
132.24999999999454,0.3,30.674999999999955,-8.240803875796928,-5.31947180028061,-4.356446274044799,-5.31947180026134,-8.240803875779648,-12.184051236897062,-12.184051236894788,0.690808928279387,0.7206842772658677,0.729875355549117,0.7206842772659482,0.6908089282794647,0.13574816506580595,0.08459963637873609,0.06647535538587325,0.08459963637865361,0.13574816506573595,0.0,0.0,0.0,0.0,0.0,off,off,off,off,off
132.49999999999454,0.3,30.749999999999943,-8.217583844560295,-5.296217348372181,-4.333174525323557,-5.29621734835797,-8.217583844544095,-12.161036072721856,-12.161036072719412,0.6907939634028489,0.7207564264134481,0.7299515258892245,0.7207564264135153,0.6907939634029242,0.13597663671740218,0.08462468419029413,0.06647535538587325,0.0846246841902105,0.1359766367173314,0.0,0.0,0.0,0.0,0.0,off,off,off,off,off
132.74999999999454,0.3,30.824999999999932,-8.194371207503593,-5.27297281481799,-4.309913292585691,-5.272972814802358,-8.194371207478355,-12.138025316829442,-12.138025316826884,0.6907793082453924,0.7208287603730065,0.7300275133848929,0.7208287603730784,0.6907793082454913,0.13620391142694224,0.08464797025668334,0.06647535538587325,0.08464797025659854,0.1362039114268705,0.0,0.0,0.0,0.0,0.0,off,off,off,off,off
132.99999999999454,0.3,30.89999999999992,-8.171165953932416,-5.249738131978916,-4.286662510937219,-5.249738131961635,-8.17116595391201,-12.115018988818974,-12.115018988816246,0.6907649640995943,0.7209012629888848,0.7301033198758416,0.7209012629889606,0.6907649640996811,0.13642999173537243,0.0846694103790902,0.06647535538587325,0.08466941037900412,0.1364299917352997,0.0,0.0,0.0,0.0,0.0,off,off,off,off,off
133.24999999999454,0.3,30.97499999999991,-8.14796807291458,-5.226513234602294,-4.263422115587275,-5.226513234582285,-8.147968072896163,-12.092017108072753,-12.092017108069797,0.6907509323020437,0.7209739218290027,0.73017894718275,0.7209739218290864,0.6907509323021253,0.13665488004261686,0.08468906645627554,0.06647535538587325,0.08468906645618825,0.13665488004254342,0.0,0.0,0.0,0.0,0.0,off,off,off,off,off
133.49999999999454,0.3,31.049999999999898,-8.124777553354306,-5.2032980613748805,-4.24019204208895,-5.203298061359533,-8.124777553330773,-12.069019693756957,-12.069019693753773,0.6907372142230377,0.7210467269758659,0.7302543971068425,0.7210467269759373,0.6907372142231333,0.13687857862916925,0.0847069932293345,0.06647535538587325,0.08470699322924602,0.13687857862909472,0.0,0.0,0.0,0.0,0.0,off,off,off,off,off
133.74999999999454,0.3,31.124999999999886,-8.101594383999327,-5.180092547124957,-4.216972226332757,-5.180092547112963,-8.101594383976362,-12.046026764821818,-12.046026764818464,0.6907238112578492,0.721119663787002,0.7303296714301273,0.7211196637870638,0.6907238112579435,0.13710108967472473,0.08472309225567348,0.06647535538587325,0.08472309225558376,0.13710108967464923,0.0,0.0,0.0,0.0,0.0,off,off,off,off,off
133.99999999999454,0.3,31.199999999999875,-8.078418553232211,-5.156896623920375,-4.193762604144922,-5.156896623913383,-8.078418553207484,-12.023038340001506,-12.023038339997925,0.6907107248197657,0.7211927167717175,0.7304047719166851,0.7211927167717669,0.6907107248198654,0.13732241527425537,0.08473738670959284,0.06647535538587325,0.08473738670950207,0.13732241527417874,0.0,0.0,0.0,0.0,0.0,off,off,off,off,off
134.24999999999454,0.3,31.274999999999864,-8.05525004919133,-5.133710228573648,-4.170563111514696,-5.133710228578991,-8.055250049169274,-12.00005443781339,-12.000054437809638,0.6906979563333288,0.7212658740798549,0.7304797003122762,0.721265874079872,0.6906979563334219,0.13754255745187652,0.084749938459855,0.06647535538587325,0.08474993845976349,0.1375425574517988,0.0,0.0,0.0,0.0,0.0,off,off,off,off,off
134.49999999999454,0.3,31.349999999999852,-8.032088859740213,-5.110533293096296,-4.147373684553486,-5.110533293103515,-8.032088859727253,-11.977075076558037,-11.977075076554115,0.6906855072288686,0.7213391190371731,0.7305544583446687,0.7213391190371851,0.6906855072289381,0.1377615181728102,0.0847606289235158,0.06647535538587325,0.08476062892342402,0.13776151817273158,0.0,0.0,0.0,0.0,0.0,off,off,off,off,off
134.74999999999454,0.3,31.42499999999984,-8.008934972339432,-5.087365748447098,-4.124194259173009,-5.087365748454317,-8.00893497232505,-11.954100274317852,-11.95410027431393,0.6906733789380708,0.7214124352981321,0.730629047724697,0.721412435298145,0.6906733789381448,0.13797929935370068,0.08476952493572643,0.06647535538587325,0.08476952493563468,0.13797929935362163,0.0,0.0,0.0,0.0,0.0,off,off,off,off,off
134.99999999999454,0.3,31.49999999999983,-7.985788374068136,-5.064207525595236,-4.101024771221034,-5.064207525596203,-7.985788374058245,-11.931130048956732,-11.931130048952696,0.6906615728898361,0.7214858058998536,0.7307034701461145,0.7214858058998826,0.6906615728898989,0.13819590287150937,0.08477653460822925,0.06647535538587325,0.08477653460813768,0.13819590287142958,0.0,0.0,0.0,0.0,0.0,off,off,off,off,off
135.24999999999454,0.3,31.574999999999818,-7.962649051506901,-5.0410585498217415,-4.077865156119344,-5.041058549816626,-7.962649051501387,-11.908164418117678,-11.908164418113643,0.6906500905070797,0.7215592101488123,0.7307777272867567,0.7215592101488578,0.6906500905071317,0.13841133057117944,0.08478164933227057,0.06647535538587325,0.08478164933217897,0.13841133057109906,0.0,0.0,0.0,0.0,0.0,off,off,off,off,off
135.49999999999454,0.3,31.649999999999807,-7.939516990621485,-5.017918742254096,-4.0547153486997445,-5.017918742248753,-7.939516990617108,-11.88520339922104,-11.885203399217005,0.6906389332040336,0.7216326243715966,0.7308518208091791,0.7216326243716423,0.6906389332040825,0.13862558427224028,0.08478471210842149,0.06647535538587325,0.08478471210832957,0.13862558427215968,0.0,0.0,0.0,0.0,0.0,off,off,off,off,off
135.74999999999454,0.3,31.724999999999795,-7.916392175157398,-4.9947880029774865,-4.03157528240888,-4.99478800297527,-7.916392175143642,-11.8622470094586,-11.86224700945445,0.6906281039061012,0.7217060102456878,0.7309257523629706,0.7217060102457251,0.6906281039061749,0.13883866519716093,0.08478544215272132,0.06647535538587325,0.08478544215262909,0.13883866519707985,0.0,0.0,0.0,0.0,0.0,off,off,off,off,off
135.99999999999454,0.3,31.799999999999784,-7.89327456353891,-4.971666135951068,-4.008444884552603,-4.971666135945668,-7.893274563529985,-11.839295265693295,-11.839295265689032,0.690617633535437,0.7217792636790159,0.7309995235975818,0.7217792636790614,0.6906176335354989,0.13905054510970127,0.08478544215272132,0.06647535538587325,0.08478544215262909,0.13905054510961953,0.0,0.0,0.0,0.0,0.0,off,off,off,off,off
136.24999999999454,0.3,31.874999999999773,-7.870164112960481,-4.948553054944512,-3.985324077852283,-4.948553054930073,-7.870164112944622,-11.816348184343553,-11.816348184339176,0.6906075416386321,0.7218523607868044,0.7310731361583847,0.7218523607868744,0.6906075416387115,0.13926117463250307,0.08478544215272132,0.06647535538587325,0.08478544215262909,0.13926117463242046,0.0,0.0,0.0,0.0,0.0,off,off,off,off,off
136.49999999999454,0.3,31.94999999999976,-7.847060793225467,-4.925448711312754,-3.9622127868545363,-4.925448711291551,-7.847060793210176,-11.793405781471904,-11.79340578146747,0.6905978270343229,0.7219253031172872,0.7311465916698332,0.7219253031173748,0.6905978270344014,0.13947054698888475,0.08478544215272132,0.06647535538587325,0.08478544215262909,0.13947054698880115,0.0,0.0,0.0,0.0,0.0,off,off,off,off,off
136.74999999999454,0.3,32.02499999999975,-7.823964579272115,-4.9023530566355475,-3.939110938132444,-4.902353056608376,-7.8239645792559145,-11.770468072838412,-11.770468072833978,0.6905884854264699,0.721998092204425,0.7312198917351194,0.7219980922045288,0.6905884854265509,0.13967867218209234,0.08478544215272132,0.06647535538587325,0.08478544215262909,0.139678672182008,0.0,0.0,0.0,0.0,0.0,off,off,off,off,off
136.99999999999454,0.3,32.09999999999974,-7.800875449173077,-4.879266042766574,-3.9160184601628316,-4.879266042735253,-7.8008754491638115,-11.7475350739291,-11.747535073924666,0.6905795125404345,0.7220707295664608,0.7312930379366875,0.7220707295665754,0.6905795125404979,0.13988556275694264,0.08478544215272132,0.06647535538587325,0.08478544215262909,0.13988556275685757,0.0,0.0,0.0,0.0,0.0,off,off,off,off,off
137.24999999999454,0.3,32.17499999999973,-7.777793383346761,-4.8561876219337705,-3.8929352832197424,-4.8561876218983,-7.77779338333545,-11.72460679997647,-11.724606799971866,0.6905709047459337,0.722143216705358,0.7313660318367017,0.7221432167054832,0.6905709047460032,0.1400912305021906,0.08478544215272132,0.06647535538587325,0.08478544215262909,0.14009123050210498,0.0,0.0,0.0,0.0,0.0,off,off,off,off,off
137.49999999999454,0.3,32.249999999999716,-7.75471836405103,-4.833117746830965,-3.869861339277861,-4.833117746790947,-7.754718364030225,-11.70168326597468,-11.701683265969962,0.6905626591042994,0.7222155551066055,0.731438874977484,0.7222155551067431,0.6905626591043934,0.14029568586847144,0.08478544215272132,0.06647535538587325,0.08478544215262909,0.14029568586838498,0.0,0.0,0.0,0.0,0.0,off,off,off,off,off
137.74999999999454,0.3,32.324999999999704,-7.7316503750489005,-4.810056370689267,-3.846796561915369,-4.810056370646976,-7.7316503750273,-11.678764486693069,-11.678764486688294,0.6905547732922777,0.7222877462391707,0.7315115688819569,0.722287746239314,0.6905547732923742,0.1404989380114944,0.08478544215272132,0.06647535538587325,0.08478544215262909,0.14049893801140684,0.0,0.0,0.0,0.0,0.0,off,off,off,off,off
137.99999999999454,0.3,32.39999999999969,-7.708589401377708,-4.78700344734375,-3.823740886266876,-4.787003447296229,-7.7085894013491725,-11.655850476687363,-11.65585047668253,0.6905472455096368,0.7223597915554855,0.7315841150539419,0.7223597915556424,0.690547245509752,0.14070099495783642,0.08478544215272132,0.06647535538587325,0.08478544215262909,0.1407009949577475,0.0,0.0,0.0,0.0,0.0,off,off,off,off,off
138.24999999999454,0.3,32.47499999999968,-7.6855354290671585,-4.763958931284492,-3.8006942489435005,-4.763958931233276,-7.685535429043625,-11.632941250308704,-11.632941250303759,0.6905400743947863,0.722431692491482,0.7316565149785483,0.7224316924916485,0.6905400743948886,0.14090186377590264,0.08478544215272132,0.06647535538587325,0.08478544215262909,0.14090186377581257,0.0,0.0,0.0,0.0,0.0,off,off,off,off,off
138.49999999999454,0.3,32.54999999999967,-7.662488445026611,-4.740922777675621,-3.7776565879709665,-4.7409227776166745,-7.662488445007682,-11.61003682171139,-11.610036821706387,0.6905332589517549,0.7225034504667158,0.7317287701225149,0.7225034504669033,0.6905332589518459,0.14110155072743968,0.08478544215272132,0.06647535538587325,0.08478544215262909,0.1411015507273488,0.0,0.0,0.0,0.0,0.0,off,off,off,off,off
138.74999999999454,0.3,32.62499999999966,-7.6394484368573785,-4.717894942381918,-3.754627842744185,-4.7178949423202425,-7.639448436835721,-11.5871372048598,-11.587137204854628,0.6905267984885584,0.7225750668844656,0.731800881934497,0.7225750668846602,0.6905267984886571,0.14130006139690762,0.08478544215272132,0.06647535538587325,0.08478544215262909,0.14130006139681592,0.0,0.0,0.0,0.0,0.0,off,off,off,off,off
138.99999999999454,0.3,32.69999999999965,-7.616415392747626,-4.694875382001044,-3.7316079539864973,-4.6948753819361855,-7.616415392726935,-11.564242413534032,-11.564242413528689,0.6905206925650781,0.7226465431318125,0.7318728518453458,0.7226465431320157,0.6905206925651745,0.1414974008008153,0.08478544215272132,0.06647535538587325,0.08478544215262909,0.1414974008007227,0.0,0.0,0.0,0.0,0.0,off,off,off,off,off
139.24999999999454,0.3,32.774999999999636,-7.5933893013672105,-4.671864053866102,-3.708596863690218,-4.67186405379573,-7.593389301347997,-11.541352461334895,-11.541352461329495,0.6905149409492088,0.7227178805798034,0.7319446812684347,0.7227178805800208,0.6905149409493019,0.14169357347985326,0.08478544215272132,0.06647535538587325,0.08478544215262909,0.14169357347975964,0.0,0.0,0.0,0.0,0.0,off,off,off,off,off
139.49999999999454,0.3,32.849999999999625,-7.5703701518104936,-4.64886091604717,-3.6855945151081073,-4.648860915971511,-7.570370151794009,-11.518467361688238,-11.51846736168278,0.6905095435798625,0.7227890805836077,0.7320163715998433,0.7227890805838394,0.6905095435799489,0.14188858357646641,0.08478544215272132,0.06647535538587325,0.08478544215262909,0.141888583576372,0.0,0.0,0.0,0.0,0.0,off,off,off,off,off
139.74999999999454,0.3,32.92499999999961,-7.547357933517446,-4.625865927357495,-3.6626008526814076,-4.625865927278653,-7.547357933499711,-11.495587127848921,-11.49558712784335,0.690504500535909,0.7228601444826676,0.732087924218714,0.7228601444829076,0.6905045005359989,0.14208243490015282,0.08478544215272132,0.06647535538587325,0.08478544215262909,0.14208243490005779,0.0,0.0,0.0,0.0,0.0,off,off,off,off,off
139.99999999999454,0.3,32.9999999999996,-7.524352636221465,-4.602879047352815,-3.63961582202694,-4.60287904727079,-7.524352636205833,-11.472711772904233,-11.472711772898606,0.6904998120100039,0.7229310736008554,0.7321593404874471,0.7229310736011035,0.6904998120100888,0.1422751309824241,0.08478544215272132,0.06647535538587325,0.08478544215262909,0.14227513098232822,0.0,0.0,0.0,0.0,0.0,off,off,off,off,off
140.24999999999454,0.3,33.07499999999959,-7.501354249909923,-4.579900236321862,-3.6166393699053287,-4.579900236241031,-7.5013542498955985,-11.449841309776787,-11.449841309771102,0.6904954782865588,0.7230018692466597,0.7322306217519405,0.7230018692469046,0.6904954782866405,0.14246667512306443,0.08478544215272132,0.06647535538587325,0.08478544215262909,0.14246667512296807,0.0,0.0,0.0,0.0,0.0,off,off,off,off,off
140.49999999999454,0.3,33.14999999999958,-7.478362764804842,-4.556929455292334,-3.5936714441834283,-4.556929455212639,-7.478362764789779,-11.426975751227587,-11.42697575122179,0.6904914997231707,0.723072532713325,0.7323017693418495,0.7230725327135666,0.690491499723255,0.14265707042906736,0.08478544215272132,0.06647535538587325,0.08478544215262909,0.14265707042897027,0.0,0.0,0.0,0.0,0.0,off,off,off,off,off
140.74999999999454,0.3,33.22499999999957,-7.455378171304574,-4.533966666013555,-3.570711993811642,-4.533966665933008,-7.455378171292978,-11.404115109858537,-11.404115109852569,0.690487876735117,0.7231430652790517,0.7323727845707999,0.7231430652792955,0.690487876735193,0.14284631984740392,0.08478544215272132,0.06647535538587325,0.08478544215262909,0.14284631984730628,0.0,0.0,0.0,0.0,0.0,off,off,off,off,off
140.99999999999454,0.3,33.29999999999956,-7.432400460011365,-4.5110118309460745,-3.547760968801242,-4.511011830864561,-7.432400459996757,-11.381259398114764,-11.381259398108796,0.6904846097821192,0.7232134682071768,0.7324436687366006,0.7232134682074233,0.6904846097822028,0.14303442619260334,0.08478544215272132,0.06647535538587325,0.08478544215262909,0.1430344261925052,0.0,0.0,0.0,0.0,0.0,off,off,off,off,off
141.24999999999454,0.3,33.374999999999545,-7.409429621668835,-4.4880649132628605,-3.5248183201892402,-4.488064913180892,-7.409429621654851,-11.35840862828718,-11.358408628281211,0.6904816993574392,0.7232837427463193,0.7325144231214894,0.7232837427465674,0.6904816993575219,0.1432213921699641,0.08478544215272132,0.06647535538587325,0.08478544215262909,0.14322139216986524,0.0,0.0,0.0,0.0,0.0,off,off,off,off,off
141.49999999999454,0.3,33.449999999999534,-7.386465647191926,-4.465125876831223,-3.5018840000140585,-4.46512587674971,-7.386465647174532,-11.33556281251441,-11.335562812508442,0.6904791459785085,0.7233538901305798,0.7325850489923454,0.7233538901308265,0.6904791459786003,0.14340722039508658,0.08478544215272132,0.06647535538587325,0.08478544215262909,0.143407220394987,0.0,0.0,0.0,0.0,0.0,off,off,off,off,off
141.74999999999454,0.3,33.52499999999952,-7.363508527616375,-4.442194686204459,-3.4789579613051274,-4.442194686121525,-7.363508527592671,-11.312721962785304,-11.312721962779051,0.6904769501792534,0.7234239115797055,0.732655547600861,0.7234239115799556,0.6904769501793615,0.1435919134103112,0.08478544215272132,0.06647535538587325,0.08478544215262909,0.14359191341021077,0.0,0.0,0.0,0.0,0.0,off,off,off,off,off
141.99999999999454,0.3,33.59999999999951,-7.340558254116559,-4.4192713066091756,-3.4560401580536677,-4.419271306528515,-7.340558254090695,-11.289886090940115,-11.289886090933805,0.6904751125034948,0.7234938082992706,0.7327259201837695,0.7234938082995148,0.6904751125036092,0.14377547369854857,0.08478544215272132,0.06647535538587325,0.08478544215262909,0.14377547369844704,0.0,0.0,0.0,0.0,0.0,off,off,off,off,off
142.24999999999454,0.3,33.6749999999995,-7.317614818006689,-4.396355703944721,-3.4331305451821095,-4.396355703863833,-7.3176148179734355,-11.267055208673469,-11.267055208666989,0.6904736334994556,0.7235635814808213,0.7327961679630659,0.7235635814810659,0.6904736334995895,0.14395790369491696,0.08478544215272132,0.06647535538587325,0.08478544215262909,0.14395790369481398,0.0,0.0,0.0,0.0,0.0,off,off,off,off,off
142.49999999999454,0.3,33.74999999999949,-7.294678210379686,-4.373447844743737,-3.4102290785301648,-4.373447844663701,-7.29467821034774,-11.244229327535209,-11.244229327528558,0.6904725144555447,0.7236332323021206,0.7328662921461878,0.7236332323023633,0.6904725144556755,0.14413920557864032,0.08478544215272132,0.06647535538587325,0.08478544215262909,0.144139205578536,0.0,0.0,0.0,0.0,0.0,off,off,off,off,off
142.74999999999454,0.3,33.82499999999948,-7.27174840079158,-4.350547695844796,-3.387335714832261,-4.350547695761293,-7.271748400759748,-11.221408458861163,-11.221408458854285,0.6904717965697967,0.7237027619281489,0.7329362939262122,0.7237027619284011,0.6904717965699281,0.14431934536082217,0.08478544215272132,0.06647535538587325,0.08478544215262909,0.1443193453607164,0.0,0.0,0.0,0.0,0.0,off,off,off,off,off
142.99999999999454,0.3,33.899999999999466,-7.248825351584003,-4.327655223654858,-3.3644504116312532,-4.3276552235698205,-7.2488253515525685,-11.198592613628193,-11.198592613621202,0.6904715064045304,0.723772171513185,0.7330061744822239,0.7237721715134411,0.6904715064046615,0.14449825054694543,0.08478544215272132,0.06647535538587325,0.08478544215262909,0.1444982505468382,0.0,0.0,0.0,0.0,0.0,off,off,off,off,off
143.24999999999454,0.3,33.974999999999454,-7.225909043082936,-4.304770394702928,-3.3415731272058906,-4.304770394616298,-7.22590904305315,-11.175781802556457,-11.175781802549352,0.6904716355278455,0.7238414621994856,0.7330759349796467,0.7238414621997454,0.6904716355279725,0.144675919103798,0.08478544215272132,0.06647535538587325,0.08478544215262909,0.14467591910368935,0.0,0.0,0.0,0.0,0.0,off,off,off,off,off
143.49999999999454,0.3,34.04999999999944,-7.2029994613299095,-4.281893175989012,-3.3187038205658723,-4.281893175903178,-7.2029994612961445,-11.1529760361787,-11.152976036171367,0.6904721742986811,0.7239106351164958,0.7331455765703878,0.7239106351167536,0.6904721742988199,0.1448523709206403,0.08478544215272132,0.06647535538587325,0.08478544215262909,0.14485237092053016,0.0,0.0,0.0,0.0,0.0,off,off,off,off,off
143.74999999999454,0.3,34.12499999999943,-7.180096595298949,-4.259023535107815,-3.295842451417627,-4.259023535021754,-7.180096595257908,-11.13017532486765,-11.130175324860147,0.6904731145857909,0.7239796913806616,0.7332151003930617,0.7239796913809204,0.6904731145859493,0.1450276257639884,0.08478544215272132,0.06647535538587325,0.08478544215262909,0.14502762576387657,0.0,0.0,0.0,0.0,0.0,off,off,off,off,off
143.99999999999454,0.3,34.19999999999942,-7.157200435967695,-4.236161440291653,-3.2729889801572085,-4.236161440204398,-7.157200435930065,-11.10737967885342,-11.107379678845746,0.6904744498208407,0.7240486320954463,0.7332845075731436,0.724048632095708,0.6904744498209905,0.1452017005429088,0.08478544215272132,0.06647535538587325,0.08478544215262909,0.14520170054279521,0.0,0.0,0.0,0.0,0.0,off,off,off,off,off
144.24999999999454,0.3,34.27499999999941,-7.134310975852202,-4.213306860461785,-3.250143367888427,-4.213306860373564,-7.134310975806159,-11.084589108236628,-11.084589108228784,0.6904761747455067,0.7241174583513218,0.7333537992230458,0.7241174583515863,0.6904761747456785,0.14537460945377903,0.08478544215272132,0.06647535538587325,0.08478544215262909,0.1453746094536636,0.0,0.0,0.0,0.0,0.0,off,off,off,off,off
144.49999999999454,0.3,34.3499999999994,-7.111428208569919,-4.19045976523978,-3.2273055763937464,-4.190459765153662,-7.111428208528366,-11.061803622997616,-11.061803622989544,0.6904782851639076,0.7241861712258721,0.733422976442328,0.7241861712261308,0.6904782851640691,0.1455463644438412,0.08478544215272132,0.06647535538587325,0.08478544215262909,0.14554636444372357,0.0,0.0,0.0,0.0,0.0,off,off,off,off,off
144.74999999999454,0.3,34.424999999999386,-7.088552128604306,-4.167620124963776,-3.204475568155601,-4.167620124877601,-7.088552128563606,-11.039023233004457,-11.0390232329961,0.690480777735828,0.724254771783872,0.7334920403177643,0.7242547717841308,0.6904807777359879,0.1457169756366916,0.08478544215272132,0.06647535538587325,0.08478544215262909,0.1457169756365721,0.0,0.0,0.0,0.0,0.0,off,off,off,off,off
144.99999999999454,0.3,34.499999999999375,-7.065682731053585,-4.1447879106731875,-3.181653306350313,-4.144787910586842,-7.0656827310140216,-11.01624794801819,-11.016247948009664,0.6904836498088089,0.7243232610774553,0.7335609919234843,0.7243232610777149,0.690483649808967,0.14588645168355638,0.08478544215272132,0.06647535538587325,0.08478544215262909,0.1458864516834352,0.0,0.0,0.0,0.0,0.0,off,off,off,off,off
145.24999999999454,0.3,34.57499999999936,-7.042820011456229,-4.121963094110072,-3.15883875484451,-4.121963094019236,-7.042820011416609,-10.993477777697649,-10.993477777688895,0.6904868992822205,0.724391640146235,0.7336298323211069,0.7243916401465064,0.6904868992823795,0.14605480004821278,0.08478544215272132,0.06647535538587325,0.08478544215262909,0.1460548000480898,0.0,0.0,0.0,0.0,0.0,off,off,off,off,off
145.49999999999454,0.3,34.64999999999935,-7.019963965680461,-4.0991456476943995,-3.136031878188817,-4.0991456476032795,-7.0199639656405,-10.970712731602362,-10.97071273159338,0.6904905244973046,0.7244599100174871,0.7336985625598799,0.7244599100177587,0.6904905244974647,0.14622202723736324,0.08478544215272132,0.06647535538587325,0.08478544215262909,0.1462220272372386,0.0,0.0,0.0,0.0,0.0,off,off,off,off,off
145.74999999999454,0.3,34.72499999999934,-6.997114589810508,-4.07633554452741,-3.1132326416222327,-4.076335544433675,-6.997114589769126,-10.94795281919528,-10.947952819186185,0.690494524148362,0.7245280717062634,0.7337671836767858,0.7245280717065427,0.6904945241485272,0.14638813898680003,0.08478544215272132,0.06647535538587325,0.08478544215262909,0.14638813898667358,0.0,0.0,0.0,0.0,0.0,off,off,off,off,off
145.99999999999454,0.3,34.79999999999933,-6.974271880054346,-4.053532758351764,-3.0904410110719027,-4.053532758261554,-6.974271880013816,-10.925198049844767,-10.92519804983533,0.6904988972109891,0.724596126215619,0.733835696696664,0.7245961262158884,0.6904988972111527,0.14655314041182593,0.08478544215272132,0.06647535538587325,0.08478544215262909,0.14655314041169756,0.0,0.0,0.0,0.0,0.0,off,off,off,off,off
146.24999999999454,0.3,34.87499999999932,-6.951435832721813,-4.030737263551771,-3.0676569531426026,-4.030737263460992,-6.951435832679351,-10.902448432825338,-10.902448432815731,0.6905036428839383,0.7246640745367233,0.7339041026323555,0.7246640745369943,0.6905036428841074,0.14671703612879486,0.08478544215272132,0.06647535538587325,0.08478544215262909,0.14671703612866469,0.0,0.0,0.0,0.0,0.0,off,off,off,off,off
146.49999999999454,0.3,34.94999999999931,-6.928606444163961,-4.0079490351157006,-3.0448804351094054,-4.007949035025661,-6.928606444117747,-10.87970397731965,-10.879703977309816,0.6905087605422614,0.7247319176490788,0.7339724024848374,0.7247319176493482,0.6905087605424416,0.14687983035331514,0.08478544215272132,0.06647535538587325,0.08478544215262909,0.14687983035318283,0.0,0.0,0.0,0.0,0.0,off,off,off,off,off
146.74999999999454,0.3,35.024999999999295,-6.905783710726553,-3.9851680486319765,-3.022111424918762,-3.9851680485385828,-6.905783710687217,-10.8569646924185,-10.85696469240861,0.690514249699445,0.724799656520646,0.7340405972433361,0.7247996565209237,0.6905142496996088,0.14704152697959413,0.08478544215272132,0.06647535538587325,0.08478544215262909,0.14704152697945988,0.0,0.0,0.0,0.0,0.0,off,off,off,off,off
146.99999999999454,0.3,35.099999999999284,-6.882967628780705,-3.9623942802610372,-2.9993498911775305,-3.962394280165256,-6.882967628742392,-10.834230587122136,-10.834230587112188,0.6905201099766466,0.7248672921080275,0.7341086878854693,0.7248672921083115,0.6905201099768078,0.1472021296445474,0.08478544215272132,0.06647535538587325,0.08478544215262909,0.1472021296444115,0.0,0.0,0.0,0.0,0.0,off,off,off,off,off
147.24999999999454,0.3,35.17499999999927,-6.860158194662176,-3.939627706722092,-2.976595803146836,-3.9396277066268226,-6.860158194627502,-10.81150167034076,-10.811501670330642,0.69052634107807,0.7249348253566182,0.7341766753773731,0.724934825356901,0.6905263410782231,0.14736164177959615,0.08478544215272132,0.06647535538587325,0.08478544215262909,0.14736164177945854,0.0,0.0,0.0,0.0,0.0,off,off,off,off,off
147.49999999999454,0.3,35.24999999999926,-6.837355404687173,-3.916868305268963,-2.9538491307281447,-3.916868305171647,-6.837355404653749,-10.788777950894655,-10.788777950884366,0.6905329427709191,0.7250022572007779,0.7342445606738507,0.7250022572010663,0.6905329427710696,0.14752006665251388,0.08478544215272132,0.06647535538587325,0.08478544215262909,0.1475200666523746,0.0,0.0,0.0,0.0,0.0,off,off,off,off,off
147.74999999999454,0.3,35.32499999999925,-6.814559255140182,-3.894116053671439,-2.9311098444532036,-3.8941160535736685,-6.814559255100562,-10.766059437514627,-10.766059437504225,0.6905399148692744,0.7250695885639892,0.7343123447185077,0.7250695885642789,0.6905399148694418,0.14767740740123556,0.08478544215272132,0.06647535538587325,0.08478544215262909,0.14767740740109453,0.0,0.0,0.0,0.0,0.0,off,off,off,off,off
147.99999999999454,0.3,35.39999999999924,-6.791769742278632,-3.871370930216983,-2.9083779154869376,-3.871370930118985,-6.791769742237307,-10.743346138843094,-10.743346138832578,0.6905472572210529,0.7251368203589611,0.7343800284438539,0.7251368203592513,0.6905472572212261,0.1478336670611701,0.08478544215272132,0.06647535538587325,0.08478544215262909,0.14783366706102716,0.0,0.0,0.0,0.0,0.0,off,off,off,off,off
148.24999999999454,0.3,35.47499999999923,-6.768986862335055,-3.8486329136723043,-2.8856533156042588,-3.848632913574079,-6.7689868622876475,-10.720638063433967,-10.720638063422882,0.6905549696974896,0.7252039534878367,0.7344476127714678,0.7252039534881273,0.6905549696976792,0.1479888485872634,0.08478544215272132,0.06647535538587325,0.08478544215262909,0.14798884858711836,0.0,0.0,0.0,0.0,0.0,off,off,off,off,off
148.49999999999454,0.3,35.549999999999216,-6.7462106115123674,-3.8259019832754575,-2.8629360171875646,-3.8259019831796195,-6.7462106114647895,-10.697935219752594,-10.697935219741396,0.6905630521846794,0.7252709888423192,0.7345150986121114,0.7252709888426031,0.6905630521848699,0.14814295487181972,0.08478544215272132,0.06647535538587325,0.08478544215262909,0.14814295487167237,0.0,0.0,0.0,0.0,0.0,off,off,off,off,off
148.74999999999454,0.3,35.624999999999204,-6.723440985997172,-3.803178118736355,-2.8402259932110496,-3.8031781186406874,-6.723440985955165,-10.675237616177924,-10.675237616166555,0.6905715045767152,0.7253379273037741,0.7345824868658767,0.7253379273040579,0.6905715045768921,0.14829598875889463,0.08478544215272132,0.06647535538587325,0.08478544215262909,0.1482959887587455,0.0,0.0,0.0,0.0,0.0,off,off,off,off,off
148.99999999999454,0.3,35.69999999999919,-6.700677985826189,-3.7804613002402334,-2.817523217231212,-3.780461300144111,-6.700677985787252,-10.652545261008186,-10.652545260996703,0.690580439183421,0.7254047697433241,0.7346497784223102,0.7254047697436087,0.6905804391835912,0.1484478607296786,0.08478544215272132,0.06647535538587325,0.08478544215262909,0.14844786072952723,0.0,0.0,0.0,0.0,0.0,off,off,off,off,off
149.24999999999454,0.3,35.77499999999918,-6.6779216452823675,-3.757751509198499,-2.794827663406693,-3.757751509098796,-6.677921645250194,-10.62985816261596,-10.629858162604307,0.6905899390216577,0.7254715170199728,0.7347169741604637,0.725471517020267,0.6905899390218112,0.14859835969339347,0.08478544215272132,0.06647535538587325,0.08478544215262909,0.1485983596932399,0.0,0.0,0.0,0.0,0.0,off,off,off,off,off
149.49999999999454,0.3,35.84999999999917,-6.655172008913837,-3.735048729006337,-2.772139306570921,-3.7350487288994145,-6.655172008871489,-10.607176329615186,-10.60717632960342,0.6906000273198404,0.7255381699787133,0.734784074948804,0.7255381699790271,0.6906000273200221,0.14874741531103314,0.08478544215272132,0.06647535538587325,0.08478544215262909,0.14874741531087737,0.0,0.0,0.0,0.0,0.0,off,off,off,off,off
149.74999999999454,0.3,35.92499999999916,-6.63242911688053,-3.7123529448806494,-2.7494581223233467,-3.7123529447673604,-6.632429116833691,-10.584499770849845,-10.584499770837795,0.6906107261353999,0.7256047294510547,0.7348510816450661,0.7256047294513854,0.6906107261355938,0.14889498585539934,0.08478544215272132,0.06647535538587325,0.08478544215262909,0.14889498585524086,0.0,0.0,0.0,0.0,0.0,off,off,off,off,off
149.99999999999454,0.3,35.99999999999915,-6.609693005198665,-3.689664143603636,-2.7267840870825353,-3.6896641434913136,-6.609693005155236,-10.561828495361226,-10.561828495349118,0.690622054359548,0.7256711962557945,0.734917995096213,0.7256711962561221,0.6906220543597352,0.14904103660134854,0.08478544215272132,0.06647535538587325,0.08478544215262909,0.14904103660118734,0.0,0.0,0.0,0.0,0.0,off,off,off,off,off
150.24999999999454,0.3,36.074999999999136,-6.586963706233917,-3.6669823133266277,-2.7041171781337994,-3.666982313213282,-6.586963706191739,-10.539162512360917,-10.539162512348526,0.6906340280952065,0.7257375711996306,0.7349848161384057,0.7257375711999605,0.6906340280953921,0.14918553838823714,0.08478544215272132,0.06647535538587325,0.08478544215262909,0.1491855383880731,0.0,0.0,0.0,0.0,0.0,off,off,off,off,off
150.49999999999454,0.3,36.149999999999125,-6.564241249063002,-3.6443074433789207,-2.681457373644605,-3.6443074432683034,-6.564241249015254,-10.516501831204721,-10.516501831191931,0.6906466610314572,0.7258038550777621,0.7350515455970584,0.7258038550780851,0.6906466610316583,0.14932846684935766,0.08478544215272132,0.06647535538587325,0.08478544215262909,0.1493284668491907,0.0,0.0,0.0,0.0,0.0,off,off,off,off,off
150.74999999999454,0.3,36.22499999999911,-6.541525659880733,-3.6216395241189616,-2.658804652690378,-3.6216395240078327,-6.541525659834463,-10.493846461370822,-10.493846461357919,0.690659964767998,0.7258700486743748,0.7351181842868632,0.7258700486746987,0.6906599647681966,0.14946980175856234,0.08478544215272132,0.06647535538587325,0.08478544215262909,0.14946980175839228,0.0,0.0,0.0,0.0,0.0,off,off,off,off,off
150.99999999999454,0.3,36.2999999999991,-6.518816962354492,-3.598978546795763,-2.6361589952491045,-3.598978546685032,-6.51881696230663,-10.471196412440918,-10.471196412427844,0.6906739490954477,0.7259361527630993,0.7351847330118998,0.7259361527634225,0.6906739490956522,0.14960952646649234,0.08478544215272132,0.06647535538587325,0.08478544215262909,0.14960952646631906,0.0,0.0,0.0,0.0,0.0,off,off,off,off,off
151.24999999999454,0.3,36.37499999999909,-6.496115177853937,-3.5763245034451074,-2.613520382188824,-3.5763245033293174,-6.496115177803631,-10.448551694082653,-10.448551694069181,0.6906886222376815,0.7260021681073758,0.7352511925657603,0.726002168107713,0.690688622237894,0.1497476274138806,0.08478544215272132,0.06647535538587325,0.08478544215262909,0.149747627413704,0.0,0.0,0.0,0.0,0.0,off,off,off,off,off
151.49999999999454,0.3,36.44999999999908,-6.473420325750794,-3.5536773867809757,-2.5908887952663804,-3.5536773866710973,-6.473420325703614,-10.425912316033418,-10.425912316019549,0.6907039910609066,0.7260680954608335,0.7353175637316439,0.726068095461154,0.6907039910611119,0.14988409371139236,0.08478544215272132,0.06647535538587325,0.08478544215262909,0.14988409371121253,0.0,0.0,0.0,0.0,0.0,off,off,off,off,off
151.74999999999454,0.3,36.52499999999907,-6.4507324236204795,-3.5310371901256303,-2.568264217093599,-3.531037190017969,-6.450732423576937,-10.403278288087677,-10.40327828807358,0.6907200612544169,0.7261339355675593,0.7353838472825357,0.7261339355678746,0.6907200612546148,0.15001891677691231,0.08478544215272132,0.06647535538587325,0.08478544215262909,0.1500189167767293,0.0,0.0,0.0,0.0,0.0,off,off,off,off,off
151.99999999999454,0.3,36.599999999999056,-6.428051487461175,-3.508403907334184,-2.545646631130694,-3.5084039072301607,-6.4280514874113805,-10.380649620085194,-10.38064962007087,0.69073683748663,0.7261996891623921,0.7354500439813153,0.7261996891626973,0.6907368374868454,0.15015209002242375,0.08478544215272132,0.06647535538587325,0.08478544215262909,0.1501520900222375,0.0,0.0,0.0,0.0,0.0,off,off,off,off,off
152.24999999999454,0.3,36.674999999999045,-6.405377531827696,-3.4857775327364493,-2.5230360216579584,-3.485777532630607,-6.405377531774718,-10.358026321899786,-10.358026321885177,0.690754323540018,0.7262653569711572,0.7355161545809183,0.7262653569714679,0.6907543235402432,0.15028360858370313,0.08478544215272132,0.06647535538587325,0.08478544215262909,0.15028360858351336,0.0,0.0,0.0,0.0,0.0,off,off,off,off,off
152.49999999999454,0.3,36.749999999999034,-6.382710570012023,-3.4631580610777064,-2.5004323737501295,-3.4631580609728303,-6.382710569955691,-10.335408403429597,-10.335408403414817,0.690772522427514,0.7263309397109143,0.7355821798244924,0.7263309397112219,0.6907725224277496,0.15041346908697326,0.08478544215272132,0.06647535538587325,0.08478544215262909,0.15041346908677977,0.0,0.0,0.0,0.0,0.0,off,off,off,off,off
152.74999999999454,0.3,36.82499999999902,-6.360050614170348,-3.440545487487384,-2.477835673239497,-3.440545487383247,-6.3600506141148685,-10.312795874589881,-10.31279587457459,0.6907914364931502,0.7263964380901208,0.7356481204455808,0.7263964380904273,0.6907914364933853,0.15054166944746464,0.08478544215272132,0.06647535538587325,0.08478544215262909,0.15054166944726738,0.0,0.0,0.0,0.0,0.0,off,off,off,off,off
152.99999999999454,0.3,36.89999999999901,-6.337397675450802,-3.417939807437449,-2.455245906689754,-3.4179398073271727,-6.337397675390719,-10.290188745303567,-10.290188745288106,0.6908110674989604,0.7264618528088316,0.7357139771682751,0.7264618528091539,0.6908110674992092,0.1506682086955193,0.08478544215272132,0.06647535538587325,0.08478544215262909,0.15066820869531827,0.0,0.0,0.0,0.0,0.0,off,off,off,off,off
153.24999999999454,0.3,36.974999999999,-6.314751764075197,-3.395341016698353,-2.43266306137059,-3.3953410165817104,-6.314751764007269,-10.267587025496539,-10.26758702548085,0.6908314167001389,0.7265271845588934,0.7357797507073706,0.7265271845592323,0.6908314167004098,0.15079308682647327,0.08478544215272132,0.06647535538587325,0.08478544215262909,0.15079308682626802,0.0,0.0,0.0,0.0,0.0,off,off,off,off,off
153.49999999999454,0.3,37.04999999999899,-6.292112889442819,-3.3727491113249926,-2.4100871252308025,-3.3727491112103394,-6.292112889381542,-10.244990725090645,-10.244990725074672,0.6908524849098939,0.7265924340240675,0.735845441768515,0.7265924340244005,0.6908524849101494,0.150916304671063,0.08478544215272132,0.06647535538587325,0.08478544215262909,0.15091630467085362,0.0,0.0,0.0,0.0,0.0,off,off,off,off,off
153.74999999999454,0.3,37.12499999999898,-6.269481060236899,-3.350164087628741,-2.387518086858506,-3.3501640875171006,-6.269481060179146,-10.222399853998468,-10.22239985398204,0.6908742725554462,0.7266576018801841,0.735911051048401,0.7266576018805092,0.6908742725556951,0.15103786378355463,0.08478544215272132,0.06647535538587325,0.08478544215262909,0.15103786378334108,0.0,0.0,0.0,0.0,0.0,off,off,off,off,off
153.99999999999454,0.3,37.199999999998965,-6.2468562844637745,-3.32758594216358,-2.3649559354694816,-3.327585942055407,-6.246856284411251,-10.19981442211838,-10.19981442210161,0.6908967797265565,0.72672268879526,0.735976579234875,0.7267226887955761,0.6908967797267942,0.15115776634516792,0.08478544215272132,0.06647535538587325,0.08478544215262909,0.15115776634495032,0.0,0.0,0.0,0.0,0.0,off,off,off,off,off
154.24999999999454,0.3,37.274999999998954,-6.224238569539068,-3.305014671696256,-2.342400660863177,-3.3050146715904134,-6.224238569483077,-10.177234439330903,-10.177234439313906,0.6909200062173291,0.7267876954296567,0.7360420270071356,0.726787695429967,0.6909200062175781,0.1512760150807071,0.08478544215272132,0.06647535538587325,0.08478544215262909,0.15127601508048547,0.0,0.0,0.0,0.0,0.0,off,off,off,off,off
154.49999999999454,0.3,37.34999999999894,-6.201627922328157,-3.2824502731944563,-2.319852253394231,-3.2824502730891254,-6.201627922274497,-10.154659915494733,-10.154659915477282,0.6909439515624289,0.7268526224361921,0.7361073950358867,0.726852622436501,0.6909439515626735,0.1513926131865928,0.08478544215272132,0.06647535538587325,0.08478544215262909,0.15139261318636707,0.0,0.0,0.0,0.0,0.0,off,off,off,off,off
154.74999999999454,0.3,37.42499999999893,-6.179024349210579,-3.259892743818739,-2.2973107039696856,-3.2598927437118164,-6.179024349159818,-10.132090860442872,-10.132090860425194,0.690968615068312,0.7269174704602354,0.7361726839834235,0.7269174704605487,0.6909686150685508,0.15150756426873577,0.08478544215272132,0.06647535538587325,0.08478544215262909,0.15150756426850612,0.0,0.0,0.0,0.0,0.0,off,off,off,off,off
154.99999999999454,0.3,37.49999999999892,-6.156427856124424,-3.237342080903659,-2.2747760040030016,-3.237342080801511,-6.156427856073321,-10.109527283980356,-10.109527283962336,0.6909939958402516,0.7269822401398396,0.7362378945038328,0.72698224014014,0.6909939958404936,0.15162087228891016,0.08478544215272132,0.06647535538587325,0.08478544215262909,0.15162087228867666,0.0,0.0,0.0,0.0,0.0,off,off,off,off,off
155.24999999999454,0.3,37.57499999999891,-6.133838448610447,-3.2147982819533922,-2.2522481453872842,-3.2147982818511878,-6.1338384485598,-10.08696919588067,-10.08696919586248,0.6910200928056907,0.7270469321058237,0.7363030272431392,0.7270469321061244,0.6910200928059331,0.1517325415184622,0.08478544215272132,0.06647535538587325,0.08478544215262909,0.15173254151822474,0.0,0.0,0.0,0.0,0.0,off,off,off,off,off
155.49999999999454,0.3,37.6499999999989,-6.1112561318389,-3.1922613446332093,-2.229727120492896,-3.1922613445328807,-6.111256131791322,-10.064416605884503,-10.0644166058662,0.6910469047344585,0.7271115469818747,0.7363680828393868,0.7271115469821703,0.6910469047346954,0.15184257649835417,0.08478544215272132,0.06647535538587325,0.08478544215262909,0.15184257649811303,0.0,0.0,0.0,0.0,0.0,off,off,off,off,off
155.74999999999454,0.3,37.724999999998886,-6.088680910630501,-3.169731266750489,-2.207212922124029,-3.1697312666525477,-6.088680910585765,-10.041869523696619,-10.041869523677917,0.6910744302562674,0.7271760853846696,0.7364330619228302,0.7271760853849589,0.6910744302564988,0.15195098200467783,0.08478544215272132,0.06647535538587325,0.08478544215262909,0.1519509820044329,0.0,0.0,0.0,0.0,0.0,off,off,off,off,off
155.99999999999454,0.3,37.799999999998875,-6.066112789538408,-3.1472080462670533,-2.1847055435050606,-3.147208046170306,-6.066112789495378,-10.019327958983638,-10.019327958964936,0.6911026678756728,0.7272405479239169,0.7364979651160422,0.7272405479242031,0.6911026678759018,0.15205776301889087,0.08478544215272132,0.06647535538587325,0.08478544215262909,0.1520577630186425,0.0,0.0,0.0,0.0,0.0,off,off,off,off,off
156.24999999999454,0.3,37.87499999999886,-6.043551772813487,-3.1246916812742143,-2.162204978257023,-3.1246916811746246,-6.043551772760509,-9.99679192137387,-9.996791921354998,0.6911316159852939,0.727304935202495,0.7365627930340513,0.727304935202789,0.6911316159855503,0.15216292470213227,0.08478544215272132,0.06647535538587325,0.08478544215262909,0.15216292470188034,0.0,0.0,0.0,0.0,0.0,off,off,off,off,off
156.49999999999454,0.3,37.94999999999885,-6.020997864447793,-3.1021821699918064,-2.1397112203983397,-3.1021821698915346,-6.020997864393166,-9.974261420454127,-9.97426142043497,0.6911612728770623,0.7273692478165285,0.7366275462844093,0.7273692478168241,0.6911612728773243,0.15226647237305732,0.08478544215272132,0.06647535538587325,0.08478544215262909,0.1522664723728016,0.0,0.0,0.0,0.0,0.0,off,off,off,off,off
156.74999999999454,0.3,38.02499999999884,-5.998451068213342,-3.0796795107692674,-2.117224264299921,-3.0796795106643913,-5.998451068156669,-9.951736465769159,-9.951736465749661,0.6911916367519486,0.7274334863554524,0.7366922254673831,0.7274334863557603,0.6911916367522177,0.15236841148871583,0.08478544215272132,0.06647535538587325,0.08478544215262909,0.1523684114884562,0.0,0.0,0.0,0.0,0.0,off,off,off,off,off
156.99999999999454,0.3,38.09999999999883,-5.9759113876014,-3.0571837020774524,-2.0947441046748168,-3.057183701973088,-5.975911387541487,-9.929217066820001,-9.92921706680039,0.6912227052622539,0.7274976514021061,0.7367568311760535,0.7274976514024125,0.6912227052625334,0.15246874695517357,0.08478544215272132,0.06647535538587325,0.08478544215262909,0.1524687469549101,0.0,0.0,0.0,0.0,0.0,off,off,off,off,off
157.24999999999454,0.3,38.17499999999882,-5.953378824724041,-3.0346947424743007,-2.0722707365764563,-3.034694742367492,-5.953378824669926,-9.906703233058579,-9.906703233038684,0.6912544630431281,0.7275617435328945,0.7368213639963859,0.7275617435332077,0.6912544630433943,0.15256744397665517,0.08478544215272132,0.06647535538587325,0.08478544215262909,0.15256744397638772,0.0,0.0,0.0,0.0,0.0,off,off,off,off,off
157.49999999999454,0.3,38.249999999998806,-5.9308533833235515,-3.012212630621491,-2.0498041553664734,-3.012212630511442,-5.9308533832665375,-9.884194973887702,-9.884194973867523,0.6912869026283528,0.7276257633178105,0.7368858245073872,0.727625763318132,0.6912869026286286,0.1526644615983556,0.08478544215272132,0.06647535538587325,0.08478544215262909,0.1526644615980841,0.0,0.0,0.0,0.0,0.0,off,off,off,off,off
157.74999999999454,0.3,38.324999999998795,-5.908335067894711,-2.989737365330825,-2.027344356696915,-2.9897373652209467,-5.908335067840767,-9.86169229867329,-9.861692298652997,0.6913200250201565,0.7276897113203805,0.7369502132812206,0.7276897113207017,0.6913200250204257,0.15275979648858576,0.08478544215272132,0.06647535538587325,0.08478544215262909,0.15275979648831012,0.0,0.0,0.0,0.0,0.0,off,off,off,off,off
157.99999999999454,0.3,38.39999999999878,-5.88582388255071,-2.967268945573892,-2.004891336517062,-2.9672689454615693,-5.885823882498357,-9.839195216743633,-9.83919521672317,0.6913538309152522,0.7277535880977086,0.7370145308832527,0.7277535880980361,0.6913538309155195,0.1528534487971485,0.08478544215272132,0.06647535538587325,0.08478544215262909,0.15285344879686882,0.0,0.0,0.0,0.0,0.0,off,off,off,off,off
158.24999999999454,0.3,38.47499999999877,-5.863319831036279,-2.944807370444096,-1.9824450910485893,-2.9448073703327964,-5.863319830984381,-9.816703737386717,-9.816703737366197,0.6913883205545536,0.7278173942006407,0.737078777872187,0.7278173942009649,0.6913883205548214,0.1529454196727286,0.08478544215272132,0.06647535538587325,0.08478544215262909,0.15294541967244488,0.0,0.0,0.0,0.0,0.0,off,off,off,off,off
158.49999999999454,0.3,38.54999999999876,-5.840822916774471,-2.922352639173994,-1.9600056167866455,-2.9223526390597385,-5.8408229167215495,-9.794217869848637,-9.794217869827719,0.6914234937761423,0.7278811301737835,0.7371429548001266,0.727881130174116,0.6914234937764148,0.15303571110187777,0.08478544215272132,0.06647535538587325,0.08478544215262909,0.1530357111015901,0.0,0.0,0.0,0.0,0.0,off,off,off,off,off
158.74999999999454,0.3,38.62499999999875,-5.818333142875474,-2.8999047510920946,-1.9375729104763764,-2.899904750978976,-5.818333142822212,-9.77173762333075,-9.771737623309605,0.6914593500644319,0.7279447965556866,0.7372070622127023,0.7279447965560157,0.691459350064707,0.1531243258020394,0.08478544215272132,0.06647535538587325,0.08478544215262909,0.15312432580174767,0.0,0.0,0.0,0.0,0.0,off,off,off,off,off
158.99999999999454,0.3,38.69999999999874,-5.795850512204765,-2.877463705647699,-1.9151469691094007,-2.8774637055299763,-5.7958505121451935,-9.749263006989338,-9.749263006967851,0.6914958885928543,0.7280083938788354,0.7372711006491421,0.7280083938791772,0.6914958885931476,0.15321126712904853,0.08478544215272132,0.06647535538587325,0.08478544215262909,0.15321126712875272,0.0,0.0,0.0,0.0,0.0,off,off,off,off,off
159.24999999999454,0.3,38.77499999999873,-5.773375027379984,-2.8550295023655963,-1.8927277899076103,-2.855029502250602,-5.773375027329109,-9.726794029933217,-9.726794029911332,0.6915331082611771,0.7280719226698401,0.7373350706423821,0.7280719226701742,0.6915331082614498,0.15329653899669612,0.08478544215272132,0.06647535538587325,0.08478544215262909,0.1532965389963963,0.0,0.0,0.0,0.0,0.0,off,off,off,off,off
159.49999999999454,0.3,38.849999999998715,-5.750906689260546,-2.832602140861013,-1.8703153703249313,-2.8326021407451663,-5.75090668921132,-9.704330701219419,-9.704330701197478,0.6915710028438191,0.7281353834494528,0.7373989727191206,0.728135383449789,0.6915710028440893,0.15338013594893174,0.08478544215272132,0.06647535538587325,0.08478544215262909,0.15338013594862804,0.0,0.0,0.0,0.0,0.0,off,off,off,off,off
159.74999999999454,0.3,38.924999999998704,-5.728445489043224,-2.810181620576202,-1.8479097080095244,-2.810181620462231,-5.728445488991554,-9.681873029806752,-9.681873029784867,0.6916095469828268,0.7281987767333242,0.7374628073999848,0.7281987767336559,0.6916095469831052,0.1534620057823626,0.08478544215272132,0.06647535538587325,0.08478544215262909,0.15346200578205493,0.0,0.0,0.0,0.0,0.0,off,off,off,off,off
159.99999999999454,0.3,38.99999999999869,-5.705991417325151,-2.787767940633614,-1.825510800779341,-2.787767940524134,-5.705991417273822,-9.659421024520157,-9.659421024498101,0.6916487289232623,0.728262103032453,0.7375265751996504,0.7282621030327723,0.6916487289235418,0.15354215130810364,0.08478544215272132,0.06647535538587325,0.08478544215262909,0.15354215130779195,0.0,0.0,0.0,0.0,0.0,off,off,off,off,off
160.24999999999454,0.3,39.07499999999868,-5.683544466099761,-2.7653610999287253,-1.8031186466035933,-2.765361099818392,-5.6835444660421786,-9.636974694062474,-9.636974694040134,0.6916885405645341,0.7283253628529953,0.7375902766269551,0.7283253628533176,0.6916885405648313,0.15362059293484343,0.08478544215272132,0.06647535538587325,0.08478544215262909,0.15362059293452776,0.0,0.0,0.0,0.0,0.0,off,off,off,off,off
160.49999999999454,0.3,39.14999999999867,-5.661104628235364,-2.742961097159366,-1.7807332435464787,-2.7429610970437466,-5.661104628176304,-9.614534047021209,-9.614534046998642,0.6917289745834162,0.7283885566962549,0.7376539121851087,0.728388556696591,0.6917289745837183,0.15369734955060776,0.08478544215272132,0.06647535538587325,0.08478544215262909,0.15369734955028796,0.0,0.0,0.0,0.0,0.0,off,off,off,off,off
160.74999999999454,0.3,39.22499999999866,-5.638671897385564,-2.720567930883135,-1.7583545897895192,-2.7205679307627975,-5.638671897323718,-9.592099091876378,-9.592099091853584,0.6917700243021441,0.7284516850585857,0.7377174823716879,0.7284516850589341,0.6917700243024549,0.1537724384726516,0.08478544215272132,0.06647535538587325,0.08478544215262909,0.15377243847232763,0.0,0.0,0.0,0.0,0.0,off,off,off,off,off
160.99999999999454,0.3,39.29999999999865,-5.616246267873919,-2.69818159954076,-1.7359826835746048,-2.698181599420195,-5.616246267807583,-9.569669837005677,-9.569669836982484,0.6918116835951277,0.7285147484313916,0.737780987678851,0.7285147484317404,0.691811683595452,0.15384587566852329,0.08478544215272132,0.06647535538587325,0.08478544215262909,0.15384587566819502,0.0,0.0,0.0,0.0,0.0,off,off,off,off,off
161.24999999999454,0.3,39.374999999998636,-5.5938277346112955,-2.6758021015135114,-1.7136175232181472,-2.675802101392378,-5.59382773454081,-9.547246290689145,-9.547246290665669,0.6918539468089552,0.7285777473010306,0.7378444285933556,0.7285777473013814,0.6918539468092915,0.1539176759485266,0.08478544215272132,0.06647535538587325,0.08478544215262909,0.15391767594819383,0.0,0.0,0.0,0.0,0.0,off,off,off,off,off
161.49999999999454,0.3,39.449999999998624,-5.571416292856156,-2.653429435119108,-1.6912591070978351,-2.653429434998827,-5.571416292788911,-9.524828461114055,-9.524828461090294,0.6918968082050595,0.728640682148886,0.7379078055966481,0.7286406821492342,0.6918968082053893,0.15398785208680557,0.08478544215272132,0.06647535538587325,0.08478544215262909,0.15398785208646834,0.0,0.0,0.0,0.0,0.0,off,off,off,off,off
161.74999999999454,0.3,39.52499999999861,-5.54901193145497,-2.6310635985345243,-1.6689074336405838,-2.631063598412368,-5.549011931380676,-9.502416356355127,-9.502416356331139,0.6919402462506407,0.7287035534516221,0.7379711191649576,0.7287035534519749,0.6919402462509904,0.15405636831099054,0.08478544215272132,0.06647535538587325,0.08478544215262909,0.15405636831064842,0.0,0.0,0.0,0.0,0.0,off,off,off,off,off
161.99999999999454,0.3,39.5999999999986,-5.526614634478221,-2.6087045895434358,-1.6465625012902478,-2.608704589420313,-5.526614634408759,-9.480009984323772,-9.480009984299329,0.6919842413569076,0.7287663616819043,0.7380343697694322,0.7287663616822599,0.6919842413572465,0.1541232081238415,0.08478544215272132,0.06647535538587325,0.08478544215262909,0.1541232081234944,0.0,0.0,0.0,0.0,0.0,off,off,off,off,off
162.24999999999454,0.3,39.67499999999859,-5.504224388415764,-2.5863524055882294,-1.624224308490227,-2.586352405466471,-5.504224388342436,-9.457609352773943,-9.457609352749103,0.6920287826474237,0.7288291073083201,0.7380975578762425,0.728829107308672,0.6920287826477749,0.15418839996229786,0.08478544215272132,0.06647535538587325,0.08478544215262909,0.15418839996194586,0.0,0.0,0.0,0.0,0.0,off,off,off,off,off
162.49999999999454,0.3,39.74999999999858,-5.481841181287734,-2.5640070438619205,-1.6018928536580574,-2.5640070437424356,-5.4818411812201475,-9.435214469316406,-9.435214469291338,0.6920738606099511,0.7288917907951877,0.7381606839467038,0.7288917907955332,0.6920738606102887,0.15425197038645996,0.08478544215272132,0.06647535538587325,0.08478544215262909,0.1542519703861031,0.0,0.0,0.0,0.0,0.0,off,off,off,off,off
162.74999999999454,0.3,39.82499999999857,-5.45946500245185,-2.5416685013624374,-1.5795681351660278,-2.5416685012448283,-5.459465002380568,-9.412825341429766,-9.412825341404414,0.6921194668031058,0.728954412602468,0.7382237484373799,0.7289544126028095,0.6921194668034548,0.15431394308558563,0.08478544215272132,0.06647535538587325,0.08478544215262909,0.1543139430852241,0.0,0.0,0.0,0.0,0.0,off,off,off,off,off
162.99999999999454,0.3,39.899999999998556,-5.437095842396275,-2.5193367749679396,-1.5572501513528323,-2.51933677484692,-5.4370958423226625,-9.39044197646956,-9.39044197644381,0.6921655936902142,0.7290169731856236,0.7382867518001041,0.729016973185974,0.6921655936905713,0.15437433931370545,0.08478544215272132,0.06647535538587325,0.08478544215262909,0.15437433931333902,0.0,0.0,0.0,0.0,0.0,off,off,off,off,off
163.24999999999454,0.3,39.974999999998545,-5.414733692575339,-2.4970118614367607,-1.5349389004938416,-2.4970118613155705,-5.414733692511447,-9.368064381676106,-9.368064381650129,0.6922122344990325,0.7290794729956673,0.7383496944821138,0.7290794729960182,0.6922122344993662,0.1544331782650995,0.08478544215272132,0.06647535538587325,0.08478544215262909,0.15443317826472835,0.0,0.0,0.0,0.0,0.0,off,off,off,off,off
163.49999999999454,0.3,40.04999999999853,-5.39237854434873,-2.4746937574744265,-1.5126343808241245,-2.4746937573506784,-5.392378544285691,-9.345692564180126,-9.345692564153978,0.69225938061658,0.7291419124790391,0.7384125769260406,0.729141912479397,0.6922593806169132,0.154490468677154,0.08478544215272132,0.06647535538587325,0.08478544215262909,0.15449046867677826,0.0,0.0,0.0,0.0,0.0,off,off,off,off,off
163.74999999999454,0.3,40.12499999999852,-5.370030381018125,-2.4523824595478345,-1.4903365905055352,-2.452382459425621,-5.37003038095753,-9.323326530970348,-9.32332653094403,0.6923070083994242,0.7292042920781471,0.7384753995700475,0.7292042920785001,0.6923070083997523,0.1545461613767743,0.08478544215272132,0.06647535538587325,0.08478544215262909,0.154546161376394,0.0,0.0,0.0,0.0,0.0,off,off,off,off,off
163.99999999999454,0.3,40.19999999999851,-5.347689185078252,-2.4300779637349024,-1.468045527624156,-2.4300779636182597,-5.347689185017543,-9.300966288859115,-9.300966288832456,0.6923551029021159,0.72926661223181,0.7385381628478866,0.7292666122321484,0.6923551029024464,0.1546002691286365,0.08478544215272132,0.06647535538587325,0.08478544215262909,0.1546002691282517,0.0,0.0,0.0,0.0,0.0,off,off,off,off,off
164.24999999999454,0.3,40.2749999999985,-5.32535494147379,-2.4077802658304677,-1.4457611901679002,-2.407780265712802,-5.32535494141581,-9.278611844498698,-9.278611844471868,0.6924036535217405,0.7293288733750326,0.7386008671890095,0.729328873375374,0.6924036535220657,0.15465282459512622,0.08478544215272132,0.06647535538587325,0.08478544215262909,0.15465282459473717,0.0,0.0,0.0,0.0,0.0,off,off,off,off,off
164.49999999999454,0.3,40.34999999999849,-5.303027636939078,-2.3854893614117714,-1.4234835760136662,-2.3854893612896717,-5.3030276368723435,-9.2562632043971,-9.25626320436993,0.6924526510582104,0.7293910759388819,0.7386635130186512,0.729391075939235,0.6924526510585596,0.1547038564082001,0.08478544215272132,0.06647535538587325,0.08478544215262909,0.15470385640780687,0.0,0.0,0.0,0.0,0.0,off,off,off,off,off
164.74999999999454,0.3,40.42499999999848,-5.280707259678422,-2.3632052459108763,-1.4012126829243812,-2.3632052457847976,-5.2807072596144735,-9.23392037492897,-9.23392037490163,0.6925020874710496,0.7294532203503448,0.7387261007578863,0.7294532203507086,0.6925020874713926,0.15475338971411154,0.08478544215272132,0.06647535538587325,0.08478544215262909,0.15475338971371408,0.0,0.0,0.0,0.0,0.0,off,off,off,off,off
164.99999999999454,0.3,40.499999999998465,-5.258393799195801,-2.340927914671795,-1.3789485085532647,-2.3409279145460005,-5.2583937991255425,-9.211583362347028,-9.211583362319288,0.6925519556836713,0.7295153070322286,0.738788630823666,0.7295153070325905,0.6925519556840319,0.1548014467593547,0.08478544215272132,0.06647535538587325,0.08478544215262909,0.1548014467589529,0.0,0.0,0.0,0.0,0.0,off,off,off,off,off
165.24999999999454,0.3,40.574999999998454,-5.236087245485692,-2.318657362980616,-1.3566910504387124,-2.3186573628569818,-5.236087245420492,-9.189252172789054,-9.189252172761087,0.6926022480747124,0.7295773364031275,0.7388511036288808,0.7295773364034848,0.6926022480750613,0.15484804111277312,0.08478544215272132,0.06647535538587325,0.08478544215262909,0.15484804111236694,0.0,0.0,0.0,0.0,0.0,off,off,off,off,off
165.49999999999454,0.3,40.64999999999844,-5.213787581482961,-2.2963935859424964,-1.3344403060063428,-2.296393585818123,-5.213787581411623,-9.16692681225436,-9.166926812225995,0.6926529441179051,0.7296393088777969,0.7389135195824013,0.7296393088781555,0.6926529441182714,0.15489312254310697,0.08478544215272132,0.06647535538587325,0.08478544215262909,0.15489312254269627,0.0,0.0,0.0,0.0,0.0,off,off,off,off,off
165.74999999999454,0.3,40.72499999999843,-5.191494788358398,-2.274136578305388,-1.3121962725669505,-2.2741365781788545,-5.191494788284274,-9.144607286565702,-9.144607286536996,0.6927040287109574,0.7297012248676575,0.73897587908913,0.729701224868022,0.6927040287113322,0.15493670152829925,0.08478544215272132,0.06647535538587325,0.08478544215262909,0.15493670152788394,0.0,0.0,0.0,0.0,0.0,off,off,off,off,off
165.99999999999454,0.3,40.79999999999842,-5.169208850050552,-2.2518863345372324,-1.289958947271714,-2.2518863344091073,-5.169208849983022,-9.122293601385365,-9.122293601356319,0.692755491477711,0.7297630847806443,0.7390381825501702,0.7297630847810135,0.6927554914780694,0.15497881407045838,0.08478544215272132,0.06647535538587325,0.08478544215262909,0.1549788140700386,0.0,0.0,0.0,0.0,0.0,off,off,off,off,off
166.24999999999454,0.3,40.87499999999841,-5.146929752535016,-2.229642848935498,-1.2677283271464717,-2.2296428488049855,-5.146929752466406,-9.099985762231881,-9.09998576220255,0.6928073235887817,0.7298248890209622,0.7391004303627752,0.7298248890213374,0.6928073235891445,0.15501949111302404,0.08478544215272132,0.06647535538587325,0.08478544215262909,0.15501949111259997,0.0,0.0,0.0,0.0,0.0,off,off,off,off,off
166.49999999999454,0.3,40.9499999999984,-5.124657483439137,-2.207406115680783,-1.2455044090598335,-2.207406115554079,-5.124657483371095,-9.077683774493494,-9.077683774463992,0.6928595174700959,0.7298866379889898,0.7391626229204827,0.7298866379893548,0.6928595174704587,0.15505875934476557,0.08478544215272132,0.06647535538587325,0.08478544215262909,0.15505875934433724,0.0,0.0,0.0,0.0,0.0,off,off,off,off,off
166.74999999999454,0.3,41.024999999998386,-5.102392031796512,-2.1851761288988314,-1.223287189746486,-2.185176128766841,-5.102392031733018,-9.055387643440156,-9.05538764341037,0.6929120665706073,0.7299483320811633,0.7392247606130952,0.7299483320815421,0.6929120665709596,0.15509664198534953,0.08478544215272132,0.06647535538587325,0.08478544215262909,0.15509664198491702,0.0,0.0,0.0,0.0,0.0,off,off,off,off,off
166.99999999999454,0.3,41.099999999998374,-5.080133384602107,-2.162952882653883,-1.2010766658094667,-2.1629528825178,-5.080133384542137,-9.033097374223587,-9.03309737419363,0.6929649592726113,0.7300099716900371,0.73928684382672,0.7300099716904266,0.6929649592729558,0.15513312211294356,0.08478544215272132,0.06647535538587325,0.08478544215262909,0.15513312211250682,0.0,0.0,0.0,0.0,0.0,off,off,off,off,off
167.24999999999454,0.3,41.17499999999836,-5.057881521732099,-2.140736370729428,-1.178872833706805,-2.1407363705934017,-5.057881521675881,-9.010812971834923,-9.010812971804796,0.6930181766429478,0.7300715572049036,0.7393488729438475,0.730071557205293,0.693018176643284,0.1551681614508341,0.08478544215272132,0.06647535538587325,0.08478544215262909,0.15516816145039333,0.0,0.0,0.0,0.0,0.0,off,off,off,off,off
167.49999999999454,0.3,41.24999999999835,-5.0356364255283665,-2.1185265866210443,-1.1566756897507844,-2.1185265864834264,-5.035636425469534,-8.988534441097045,-8.988534441066918,0.6930717076705943,0.7301330890118554,0.7394108483433974,0.7301330890122486,0.6930717076709384,0.15520179915992077,0.08478544215272132,0.06647535538587325,0.08478544215262909,0.15520179915947618,0.0,0.0,0.0,0.0,0.0,off,off,off,off,off
167.74999999999454,0.3,41.32499999999834,-5.013398080813602,-2.0963235236197306,-1.1344852300939579,-2.096323523486717,-5.013398080753859,-8.966261786686914,-8.966261786656673,0.6931255433711336,0.7301945674936078,0.7394727704007972,0.730194567493989,0.6931255433714811,0.15523407100063022,0.08478544215272132,0.06647535538587325,0.08478544215262909,0.1552340710001819,0.0,0.0,0.0,0.0,0.0,off,off,off,off,off
167.99999999999454,0.3,41.39999999999833,-4.991166474406555,-2.0741271749178054,-1.1123014507317066,-2.0741271747845076,-4.991166474344425,-8.943995013150243,-8.943995013119888,0.6931796762348207,0.7302559930292675,0.7395346394880183,0.7302559930296492,0.6931796762351753,0.15526500704611912,0.08478544215272132,0.06647535538587325,0.08478544215262909,0.1552650070456671,0.0,0.0,0.0,0.0,0.0,off,off,off,off,off
168.24999999999454,0.3,41.47499999999832,-4.9689415947488556,-2.0519375336609187,-1.0901243475148021,-2.0519375335325094,-4.968941594684225,-8.921734124915645,-8.92173412488495,0.693234099925319,0.7303173659942305,0.7395964559735848,0.7303173659945995,0.6932340999256805,0.1552946328418897,0.08478544215272132,0.06647535538587325,0.08478544215262909,0.15529463284143402,0.0,0.0,0.0,0.0,0.0,off,off,off,off,off
168.49999999999454,0.3,41.549999999998306,-4.946723427838037,-2.0297545929445278,-1.0679539161417324,-2.0297545928178806,-4.946723427771644,-8.899479126294352,-8.899479126263373,0.6932888029838361,0.7303786867602416,0.7396582202226363,0.7303786867606058,0.6932888029842028,0.15532292106490514,0.08478544215272132,0.06647535538587325,0.08478544215262909,0.1553229210644454,0.0,0.0,0.0,0.0,0.0,off,off,off,off,off
168.74999999999454,0.3,41.624999999998295,-4.924511953284707,-2.007578345591128,-1.0457901521747885,-2.0075783454622638,-4.924511953212914,-8.877230021438322,-8.877230021407115,0.6933437686596767,0.730439955696012,0.739719932596924,0.7304399556963826,0.6933437686600589,0.15534984154111678,0.08478544215272132,0.06647535538587325,0.08478544215262909,0.155349841540653,0.0,0.0,0.0,0.0,0.0,off,off,off,off,off
168.99999999999454,0.3,41.69999999999828,-4.902307153510037,-1.9854087841546288,-1.0236330510182938,-1.985408784030028,-4.902307153440347,-8.854986814337678,-8.85498681430613,0.6933989866611004,0.730501173167255,0.7397815934549097,0.730501173167614,0.6933989866614777,0.15537543881099874,0.08478544215272132,0.06647535538587325,0.08478544215262909,0.15537543881053092,0.0,0.0,0.0,0.0,0.0,off,off,off,off,off
169.24999999999454,0.3,41.77499999999827,-4.88010901363441,-1.9632459010496177,-1.0014826079120098,-1.9632459009183663,-4.880109013559206,-8.832749508843335,-8.83274950881156,0.6934544487556362,0.7305623395363811,0.7398432031518252,0.730562339536758,0.6934544487560292,0.15539975066488143,0.08478544215272132,0.06647535538587325,0.08478544215262909,0.15539975066440967,0.0,0.0,0.0,0.0,0.0,off,off,off,off,off
169.49999999999454,0.3,41.84999999999826,-4.857917520892158,-1.9410896886085425,-0.9793388179484737,-1.9410896884774047,-4.857917520811554,-8.81051810868422,-8.810518108652161,0.6935101482422905,0.7306234551623911,0.739904762039663,0.7306234551627676,0.6935101482426975,0.1554228080918705,0.08478544215272132,0.06647535538587325,0.08478544215262909,0.15542280809139453,0.0,0.0,0.0,0.0,0.0,off,off,off,off,off
169.74999999999454,0.3,41.92499999999825,-4.835732662807686,-1.9189401391475371,-0.9572016760660631,-1.9189401390215153,-4.835732662731743,-8.788292617477794,-8.788292617445506,0.6935660774504898,0.7306845204007424,0.7399662704672364,0.7306845204011052,0.693566077450886,0.15544461205025392,0.08478544215272132,0.06647535538587325,0.08478544215262909,0.15544461204977356,0.0,0.0,0.0,0.0,0.0,off,off,off,off,off
169.99999999999454,0.3,41.99999999999824,-4.813554419620061,-1.896797244811637,-0.9350711770621274,-1.8967972446855015,-4.81355441954139,-8.76607303869963,-8.766073038667002,0.6936222203071595,0.7307455356037901,0.7400277287801812,0.7307455356041532,0.6936222203075639,0.15546510183856313,0.08478544215272132,0.06647535538587325,0.08478544215262909,0.15546510183807832,0.0,0.0,0.0,0.0,0.0,off,off,off,off,off
170.24999999999454,0.3,42.07499999999823,-4.791382772443228,-1.8746609974434136,-0.9129473155820165,-1.8746609973192676,-4.791382772369673,-8.743859375661032,-8.743859375628006,0.6936785656229816,0.7308065011211765,0.7400891373210239,0.7308065011215346,0.6936785656233729,0.15548432042542973,0.08478544215272132,0.06647535538587325,0.08478544215262909,0.15548432042494056,0.0,0.0,0.0,0.0,0.0,off,off,off,off,off
170.49999999999454,0.3,42.149999999998215,-4.769217705818278,-1.8525313887441257,-0.8908300861050975,-1.8525313886157164,-4.769217705737958,-8.721651631533064,-8.721651631499753,0.6937351051629065,0.7308674172994397,0.740150496429259,0.7308674172998092,0.6937351051633163,0.15550231193829642,0.08478544215272132,0.06647535538587325,0.08478544215262909,0.15550231193780306,0.0,0.0,0.0,0.0,0.0,off,off,off,off,off
170.74999999999454,0.3,42.224999999998204,-4.747059206763254,-1.8304084103428409,-0.8687194829672649,-1.8304084102097704,-4.747059206669064,-8.699449809367536,-8.6994498093336,0.6937918324792289,0.7309282844818735,0.7402118064413223,0.7309282844822556,0.6937918324796754,0.155519111232435,0.08478544215272132,0.06647535538587325,0.08478544215262909,0.15551911123193732,0.0,0.0,0.0,0.0,0.0,off,off,off,off,off
170.99999999999454,0.3,42.29999999999819,-4.7249072604659546,-1.8082920538356007,-0.8466155003535505,-1.8082920537011091,-4.724907260377677,-8.677253912101548,-8.677253912067329,0.6938487376397178,0.7309891030084602,0.7402730676906497,0.7309891030088458,0.6938487376401494,0.15553468122187314,0.08478544215272132,0.06647535538587325,0.08478544215262909,0.15553468122137035,0.0,0.0,0.0,0.0,0.0,off,off,off,off,off
171.24999999999454,0.3,42.37499999999818,-4.70276184573089,-1.786182310564186,-0.8245181323065367,-1.7861823104315704,-4.702761845650116,-8.655063942517472,-8.655063942482968,0.6939058058899852,0.7310498732164885,0.7403342805076939,0.7310498732168687,0.6939058058903983,0.1555489946521072,0.08478544215272132,0.06647535538587325,0.08478544215262909,0.15554899465159955,0.0,0.0,0.0,0.0,0.0,off,off,off,off,off
171.49999999999454,0.3,42.44999999999817,-4.680622944863558,-1.7640791716469835,-0.8024273727030504,-1.7640791715160162,-4.680622944781078,-8.632879903242554,-8.632879903207595,0.6939630277497664,0.7311105954405065,0.7403954452200182,0.7311105954408829,0.6939630277501848,0.1555621104107864,0.08478544215272132,0.06647535538587325,0.08478544215262909,0.15556211041027423,0.0,0.0,0.0,0.0,0.0,off,off,off,off,off
171.74999999999454,0.3,42.52499999999816,-4.6584905436201325,-1.7419826280965367,-0.7803432152746268,-1.7419826279667632,-4.658490543534697,-8.610701796776766,-8.61070179674158,0.6940203962266956,0.7311712700120531,0.7404565621522804,0.7311712700124259,0.6940203962271224,0.1555740733676257,0.08478544215272132,0.06647535538587325,0.08478544215262909,0.155574073367109,0.0,0.0,0.0,0.0,0.0,off,off,off,off,off
171.99999999999454,0.3,42.59999999999815,-4.636364626507316,-1.719892670872639,-0.7582656535973911,-1.7198926707445708,-4.636364626425802,-8.58852962550435,-8.588529625469107,0.6940779016778216,0.7312318972595504,0.7405176316262957,0.7312318972599186,0.6940779016782391,0.1555848422926231,0.08478544215272132,0.06647535538587325,0.08478544215262909,0.15558484229210126,0.0,0.0,0.0,0.0,0.0,off,off,off,off,off
172.24999999999454,0.3,42.674999999998136,-4.614245171428081,-1.6978092906921347,-0.7361946811043367,-1.6978092905652034,-4.6142451713425885,-8.566363391652771,-8.566363391617301,0.6941355295978101,0.7312924775088386,0.7405786539610353,0.7312924775092042,0.6941355295982382,0.1555943910336386,0.08478544215272132,0.06647535538587325,0.08478544215262909,0.1555943910331119,0.0,0.0,0.0,0.0,0.0,off,off,off,off,off
172.49999999999454,0.3,42.749999999998124,-4.592132160452081,-1.6757324780325007,-0.7141302910559375,-1.6757324779048872,-4.59213216036818,-8.544203097294087,-8.544203097258276,0.6941932707340317,0.7313530110832033,0.7406396294727451,0.7313530110835705,0.6941932707344566,0.15560279057709764,0.08478544215272132,0.06647535538587325,0.08478544215262909,0.1556027905765663,0.0,0.0,0.0,0.0,0.0,off,off,off,off,off
172.74999999999454,0.3,42.82499999999811,-4.570025578265131,-1.6536622232819695,-0.6920724765749355,-1.6536622231575961,-4.570025578183561,-8.52204874437598,-8.522048744339884,0.694251116973829,0.7314134983030124,0.7407005584748815,0.7314134983033709,0.6942511169742487,0.15561004787617752,0.08478544215272132,0.06647535538587325,0.08478544215262909,0.15561004787564123,0.0,0.0,0.0,0.0,0.0,off,off,off,off,off
172.99999999999454,0.3,42.8999999999981,-4.5479254021209385,-1.631598516628742,-0.6700212306076878,-1.63159851649948,-4.547925402039596,-8.499900334696804,-8.499900334660651,0.6943090533823768,0.7314739394860431,0.7407614412782524,0.7314739394864147,0.6943090533827966,0.1556160860820747,0.08478544215272132,0.06647535538587325,0.08478544215262909,0.1556160860815336,0.0,0.0,0.0,0.0,0.0,off,off,off,off,off
173.24999999999454,0.3,42.97499999999809,-4.525831611686272,-1.6095413479474132,-0.6479765459523605,-1.6095413478170713,-4.525831611603394,-8.477757869886489,-8.477757869850109,0.6943670692094568,0.7315343349478132,0.7408222781909726,0.7315343349481873,0.694367069209881,0.15562099184550635,0.08478544215272132,0.06647535538587325,0.08478544215262909,0.15562099184496087,0.0,0.0,0.0,0.0,0.0,off,off,off,off,off
173.49999999999454,0.3,43.04999999999808,-4.503744186545646,-1.5874907069541564,-0.6259384152265852,-1.5874907068187554,-4.503744186456061,-8.455621351431091,-8.45562135139437,0.6944251521225128,0.7315946850012055,0.740883069518585,0.7315946850015933,0.6944251521229542,0.15562469186516728,0.08478544215272132,0.06647535538587325,0.08478544215262909,0.1556246918646166,0.0,0.0,0.0,0.0,0.0,off,off,off,off,off
173.74999999999454,0.3,43.12499999999807,-4.481663100506637,-1.5654465829856576,-0.603906830869505,-1.5654465828523598,-4.4816631004196665,-8.433490780631985,-8.433490780594866,0.6944832864656973,0.7316549899570819,0.7409438155640863,0.731654989957464,0.6944832864661327,0.15562720423180104,0.08478544215272132,0.06647535538587325,0.08478544215262909,0.15562720423124535,0.0,0.0,0.0,0.0,0.0,off,off,off,off,off
173.99999999999454,0.3,43.199999999998056,-4.45958832582653,-1.5434089650061082,-0.5818817851390463,-1.5434089648709914,-4.459588325744107,-8.411366158601538,-8.411366158563965,0.6945414549130124,0.7317152501242973,0.7410045166279668,0.731715250124684,0.6945414549134364,0.15562843081191133,0.08478544215272132,0.06647535538587325,0.08478544215262909,0.15562843081135028,0.0,0.0,0.0,0.0,0.0,off,off,off,off,off
174.24999999999454,0.3,43.274999999998045,-4.4375198094488155,-1.521377841135802,-0.5598632700651365,-1.52137784100222,-4.437519809363437,-8.389247486168529,-8.389247486130841,0.6945996189518405,0.7317754658109663,0.7410651730083683,0.7317754658113489,0.6945996189522723,0.15562850208620146,0.08478544215272132,0.06647535538587325,0.08478544215262909,0.15562850208563747,0.0,0.0,0.0,0.0,0.0,off,off,off,off,off
174.49999999999454,0.3,43.34999999999803,-4.4154574855738815,-1.4993531976642203,-0.5378512773734769,-1.499353197533253,-4.415457485479351,-8.367134763666797,-8.367134763628826,0.6946577395000347,0.7318356373270868,0.7411257850013132,0.7318356373274624,0.6946577395004899,0.15562850208620146,0.08478544215272132,0.06647535538587325,0.08478544215262909,0.15562850208563747,0.0,0.0,0.0,0.0,0.0,off,off,off,off,off
174.74999999999454,0.3,43.42499999999802,-4.393401345509346,-1.4773350206483542,-0.515845798426767,-1.4773350205181828,-4.393401345402481,-8.345027991238567,-8.345027991200254,0.6947158174127424,0.7318957649803746,0.7411863529008957,0.7318957649807478,0.6947158174132287,0.15562850208620146,0.08478544215272132,0.06647535538587325,0.08478544215262909,0.15562850208563747,0.0,0.0,0.0,0.0,0.0,off,off,off,off,off
174.99999999999454,0.3,43.49999999999801,-4.371351383521585,-1.4553232966279666,-0.4938468242946783,-1.455323296496033,-4.371351383404885,-8.322927168984677,-8.322927168945967,0.6947738529714332,0.7319558490744194,0.7412468769991234,0.7319558490747975,0.6947738529719448,0.15562850208620146,0.08478544215272132,0.06647535538587325,0.08478544215262909,0.15562850208563747,0.0,0.0,0.0,0.0,0.0,off,off,off,off,off
175.24999999999454,0.3,43.574999999998,-4.349307593948765,-1.4333180125948388,-0.47185434577585283,-1.4333180124635305,-4.3493075938245624,-8.300832296966007,-8.300832296926501,0.6948318464552581,0.7320158899087984,0.7413073575858937,0.7320158899091747,0.6948318464557885,0.15562850208620146,0.08478544215272132,0.06647535538587325,0.08478544215262909,0.15562850208563747,0.0,0.0,0.0,0.0,0.0,off,off,off,off,off
175.49999999999454,0.3,43.64999999999799,-4.327269971184251,-1.411319155956562,-0.4498683534699808,-1.4113191558266749,-4.327269971053795,-8.278743375203248,-8.278743375163003,0.6948897981406401,0.7320758877791986,0.7413677949488302,0.7320758877795718,0.6948897981411861,0.15562850208620146,0.08478544215272132,0.06647535538587325,0.08478544215262909,0.15562850208563747,0.0,0.0,0.0,0.0,0.0,off,off,off,off,off
175.74999999999454,0.3,43.724999999997976,-4.30523850966307,-1.3893267144946435,-0.42788883780326614,-1.38932671436379,-4.305238509527555,-8.256660403678495,-8.256660403637625,0.6949477083012,0.7321358429775594,0.741428189373248,0.7321358429779347,0.6949477083017591,0.15562850208620146,0.08478544215272132,0.06647535538587325,0.08478544215262909,0.15562850208563747,0.0,0.0,0.0,0.0,0.0,off,off,off,off,off
175.99999999999454,0.3,43.799999999997965,-4.283213203875505,-1.3673406763379035,-0.40591578907242365,-1.3673406762044351,-4.2832132037318615,-8.234583382335586,-8.234583382294147,0.69500557720771,0.7321957557921698,0.741488541142064,0.7321957557925524,0.6950055772082898,0.15562850208620146,0.08478544215272132,0.06647535538587325,0.08478544215262909,0.15562850208563747,0.0,0.0,0.0,0.0,0.0,off,off,off,off,off
176.24999999999454,0.3,43.874999999997954,-4.261194048362881,-1.3453610299422394,-0.3839491974712246,-1.3453610298065541,-4.2611940482156,-8.21251231108073,-8.212512311038552,0.6950634051281211,0.7322556265077531,0.7415488505357598,0.732255626508141,0.69506340512871,0.15562850208620146,0.08478544215272132,0.06647535538587325,0.08478544215262909,0.15562850208563747,0.0,0.0,0.0,0.0,0.0,off,off,off,off,off
176.49999999999454,0.3,43.94999999999794,-4.239181037730077,-1.3233877640661262,-0.3619890531185206,-1.3233877639314642,-4.239181037576941,-8.190447189783015,-8.190447189740098,0.6951211923275561,0.7323154554055589,0.7416091178323324,0.7323154554059439,0.6951211923281595,0.15562850208620146,0.08478544215272132,0.06647535538587325,0.08478544215262909,0.15562850208563747,0.0,0.0,0.0,0.0,0.0,off,off,off,off,off
176.74999999999454,0.3,44.02499999999793,-4.217174166648476,-1.3014208677490728,-0.34003534608751806,-1.3014208676106591,-4.217174166487439,-8.168388018275095,-8.168388018231326,0.6951789390683264,0.7323752427634491,0.7416693433072495,0.732375242763844,0.6951789390689498,0.15562850208620146,0.08478544215272132,0.06647535538587325,0.08478544215262909,0.15562850208563747,0.0,0.0,0.0,0.0,0.0,off,off,off,off,off
176.99999999999454,0.3,44.09999999999792,-4.195173429842953,-1.2794603302761516,-0.3180880664201027,-1.2794603301393863,-4.195173429677425,-8.14633479635421,-8.146334796309702,0.6952366456099962,0.73243498885602,0.7417295272334373,0.7324349888564108,0.6952366456106307,0.15562850208620146,0.08478544215272132,0.06647535538587325,0.08478544215262909,0.15562850208563747,0.0,0.0,0.0,0.0,0.0,off,off,off,off,off
177.24999999999454,0.3,44.17499999999791,-4.17317882211978,-1.2575061411894808,-0.2961472041519073,-1.2575061410472017,-4.17317882194817,-8.124287523782698,-8.124287523737394,0.695294312209335,0.7324946939545983,0.741789669881243,0.732494693955004,0.6952943122099853,0.15562850208620146,0.08478544215272132,0.06647535538587325,0.08478544215262909,0.15562850208563747,0.0,0.0,0.0,0.0,0.0,off,off,off,off,off
177.49999999999454,0.3,44.2499999999979,-4.151190338341735,-1.2355582902613378,-0.2742127493289104,-1.2355582901183766,-4.151190338164156,-8.10224620028879,-8.102246200242575,0.6953519391204109,0.7325543583273425,0.7418497715184185,0.7325543583277496,0.6953519391210762,0.15562850208620146,0.08478544215272132,0.06647535538587325,0.08478544215262909,0.15562850208563747,0.0,0.0,0.0,0.0,0.0,off,off,off,off,off
177.74999999999454,0.3,44.324999999997885,-4.129207973441453,-1.2136167674715352,-0.25228469200885684,-1.2136167673285172,-4.12920797326143,-8.080210825567121,-8.080210825519941,0.6954095265945829,0.7326139822393267,0.741909832410146,0.7326139822397341,0.6954095265952542,0.15562850208620146,0.08478544215272132,0.06647535538587325,0.08478544215262909,0.15562850208563747,0.0,0.0,0.0,0.0,0.0,off,off,off,off,off
177.99999999999454,0.3,44.399999999997874,-4.107231722432289,-1.1916815630126507,-0.23036302229002104,-1.191681562870201,-4.107231722246638,-8.05818139927976,-8.058181399231557,0.6954670748804993,0.7326735659525564,0.7419698528189863,0.7326735659529618,0.695467074881185,0.15562850208620146,0.08478544215272132,0.06647535538587325,0.08478544215262909,0.15562850208563747,0.0,0.0,0.0,0.0,0.0,off,off,off,off,off
178.24999999999454,0.3,44.47499999999786,-4.085261580378244,-1.169752667271382,-0.20844773031575414,-1.1697526671256924,-4.085261580191741,-8.036157921056713,-8.0361579210076,0.6955245842242027,0.7327331097260427,0.7420298330048954,0.732733109726457,0.6955245842248898,0.15562850208620146,0.08478544215272132,0.06647535538587325,0.08478544215262909,0.15562850208563747,0.0,0.0,0.0,0.0,0.0,off,off,off,off,off
178.49999999999454,0.3,44.54999999999785,-4.063297542426255,-1.1478300708121765,-0.18653880629153718,-1.1478300706617688,-4.063297542241912,-8.01414039049672,-8.014140390446642,0.6955820548690731,0.7327926138158738,0.7420897732252056,0.7327926138163003,0.695582054869755,0.15562850208620146,0.08478544215272132,0.06647535538587325,0.08478544215262909,0.15562850208563747,0.0,0.0,0.0,0.0,0.0,off,off,off,off,off
178.74999999999454,0.3,44.62499999999784,-4.041339603787321,-1.1259137643824033,-0.16463624046821224,-1.1259137642305745,-4.0413396035944515,-7.992128807167887,-7.992128807116785,0.6956394870559016,0.7328520784752255,0.7421496737346974,0.732852078475656,0.6956394870566058,0.15562850208620146,0.08478544215272132,0.06647535538587325,0.08478544215262909,0.15562850208563747,0.0,0.0,0.0,0.0,0.0,off,off,off,off,off
178.99999999999454,0.3,44.69999999999783,-4.019387759733604,-1.1040037388873998,-0.14274002318063594,-1.104003738738811,-4.019387759536869,-7.970123170608474,-7.970123170556292,0.6956968810229268,0.7329115039544556,0.7422095347855198,0.7329115039548773,0.6956968810236408,0.15562850208620146,0.08478544215272132,0.06647535538587325,0.08478544215262909,0.15562850208563747,0.0,0.0,0.0,0.0,0.0,off,off,off,off,off
179.24999999999454,0.3,44.77499999999782,-3.9974420056017266,-1.0820999854084334,-0.12085014482488532,-1.082099985256491,-3.997442005403684,-7.948123480327183,-7.948123480274091,0.6957542370058475,0.7329708905010783,0.7422693566272813,0.7329708905015091,0.6957542370065646,0.15562850208620146,0.08478544215272132,0.06647535538587325,0.08478544215262909,0.15562850208563747,0.0,0.0,0.0,0.0,0.0,off,off,off,off,off
179.49999999999454,0.3,44.849999999997806,-3.975502336796012,-1.0602024951681983,-0.09896659589685441,-1.0602024950156306,-3.975502336602972,-7.926129735804523,-7.926129735750578,0.6958115552378429,0.7330302383598851,0.7423291395069691,0.7330302383603177,0.6958115552385467,0.15562850208620146,0.08478544215272132,0.06647535538587325,0.08478544215262909,0.15562850208563747,0.0,0.0,0.0,0.0,0.0,off,off,off,off,off
179.74999999999454,0.3,44.924999999997794,-3.9535687487899622,-1.0383112595480952,-0.07708936696320734,-1.0383112593909232,-3.9535687485927724,-7.904141936493033,-7.904141936438236,0.6958688359495931,0.7330895477729213,0.7423888836690529,0.7330895477733657,0.6958688359503074,0.15562850208620146,0.08478544215272132,0.06647535538587325,0.08478544215262909,0.15562850208563747,0.0,0.0,0.0,0.0,0.0,off,off,off,off,off
179.99999999999454,0.3,44.99999999999778,-3.931641237102383,-1.0164262700645281,-0.05521844868741255,-1.016426269901956,-3.931641236908149,-7.882160081817858,-7.882160081762095,0.6959260793693649,0.7331488189795743,0.7424485893554417,0.7331488189800327,0.6959260793700716,0.15562850208620146,0.08478544215272132,0.06647535538587325,0.08478544215262909,0.15562850208563747,0.0,0.0,0.0,0.0,0.0,off,off,off,off,off
180.24999999999454,0.3,45.07499999999777,-3.9097197973223956,-0.9945475183745884,-0.033353831826502756,-0.9945475182072414,-3.9097197971282185,-7.860184171177366,-7.860184171120693,0.6959832857229724,0.7332080522165828,0.7425082568055148,0.7332080522170538,0.6959832857236793,0.15562850208620146,0.08478544215272132,0.06647535538587325,0.08478544215262909,0.15562850208563747,0.0,0.0,0.0,0.0,0.0,off,off,off,off,off
180.49999999999454,0.3,45.14999999999776,-3.8878044250985795,-0.9726749962698591,-0.011495507228062252,-0.9726749961033647,-3.8878044249040613,-7.838214203943835,-7.838214203886196,0.6960404552338301,0.7332672477180784,0.742567886256157,0.7332672477185471,0.6960404552345376,0.15562850208620146,0.08478544215272132,0.06647535538587325,0.08478544215262909,0.15562850208563747,0.0,0.0,0.0,0.0,0.0,off,off,off,off,off
180.74999999999454,0.3,45.22499999999775,-3.8658951161614254,-0.9508086993779443,0.01035607439132491,-0.950808699208892,-3.8658951159632693,-7.816250179464021,-7.816250179405586,0.6960975881229168,0.7333264057059055,0.7426277497095437,0.733326405706381,0.6960975881236339,0.15562850208620146,0.08478544215272132,0.06647455340450613,0.08478544215262909,0.15562850208563747,0.0,0.0,0.0,0.0,0.0,off,off,off,off,off
180.99999999999454,0.3,45.29999999999774,-3.8439918684064196,-0.9289487470083486,0.03219500224793137,-0.92894874684157,-3.8439918682053644,-7.794292097066261,-7.79429209700686,0.6961546846035476,0.7333855260755059,0.7426913680346107,0.7333855260759748,0.6961546846042718,0.15562850208620146,0.08478544215272132,0.06646238853339131,0.08478544215262909,0.15562850208563747,0.0,0.0,0.0,0.0,0.0,off,off,off,off,off
181.24999999999454,0.3,45.374999999997726,-3.8220946872646664,-0.9070953935067223,0.054019488519770675,-0.9070953933451165,-3.822094687058609,-7.772339956098449,-7.772339956038024,0.6962117448678385,0.7334446083662239,0.7427597789893178,0.7334446083666798,0.6962117448685757,0.15562850208620146,0.08478544215272132,0.06643572815735464,0.08478544215262909,0.15562850208563747,0.0,0.0,0.0,0.0,0.0,off,off,off,off,off
181.49999999999454,0.3,45.449999999997715,-3.8002035862903085,-0.8852488846951019,0.07582950219489248,-0.8852488845317339,-3.800203586086809,-7.750393755985272,-7.750393755923881,0.6962687690852556,0.7335036521376653,0.7428329739078386,0.7335036521381256,0.696268769085986,0.15562850208620146,0.08478544215272132,0.0663946005775587,0.08478544215262909,0.15562850208563747,0.0,0.0,0.0,0.0,0.0,off,off,off,off,off
181.74999999999454,0.3,45.5249999999977,-3.7783185860265576,-0.8634094512449337,0.09762501103392651,-0.8634094510777572,-3.778318585824138,-7.72845349627994,-7.728453496217639,0.6963257574054972,0.733562656987084,0.742910940841821,0.7335626569875541,0.6963257574062246,0.15562850208620146,0.08478544215272132,0.06633904261669012,0.08478544215262909,0.15562850208563747,0.0,0.0,0.0,0.0,0.0,off,off,off,off,off
181.99999999999454,0.3,45.59999999999769,-3.756439712971087,-0.8415773100507522,0.11940597816970921,-0.8415773098836326,-3.7564397127708844,-7.706519176706763,-7.70651917664361,0.6963827099611353,0.7336216225457993,0.7429936644192473,0.7336216225462697,0.6963827099618574,0.15562850208620146,0.08478544215272132,0.06626910024786649,0.08478544215262909,0.15562850208563747,0.0,0.0,0.0,0.0,0.0,off,off,off,off,off
182.24999999999454,0.3,45.67499999999768,-3.7345669987041106,-0.8197526655389424,0.14117236248245035,-0.8197526653661384,-3.7345669985018617,-7.684590797198155,-7.684590797134035,0.6964396268698388,0.7336805484757842,0.7430811258208392,0.7336805484762696,0.696439626870566,0.15562850208620146,0.08478544215272132,0.06618482871235695,0.08478544215262909,0.15562850208563747,0.0,0.0,0.0,0.0,0.0,off,off,off,off,off
182.49999999999454,0.3,45.74999999999767,-3.7127004790775686,-0.7979357107821556,0.16292411974387733,-0.7979357106077032,-3.7127004788754334,-7.662668357924417,-7.662668357859445,0.6964965082364445,0.73373943446676,0.7431733028028086,0.7337394344672497,0.6964965082371715,0.15562850208620146,0.08478544215272132,0.0660862925004423,0.08478544215262909,0.15562850208563747,0.0,0.0,0.0,0.0,0.0,off,off,off,off,off
182.74999999999454,0.3,45.82499999999766,-3.6908401935596657,-0.7761266285021975,0.18466120384323403,-0.7761266283213217,-3.6908401933586674,-7.640751859319664,-7.640751859253726,0.6965533541546337,0.7337982802335874,0.7432701697286643,0.7337982802340938,0.6965533541553578,0.15562850208620146,0.08478544215272132,0.06597356528685519,0.08478544215262909,0.15562850208563747,0.0,0.0,0.0,0.0,0.0,off,off,off,off,off
182.99999999999454,0.3,45.89999999999765,-3.668986184622213,-0.754325591908696,0.20638356789197587,-0.7543255917301508,-3.6689861844258758,-7.6188413021016,-7.618841302034923,0.6966101647085013,0.7338570855140858,0.7433716976057375,0.7338570855145857,0.6966101647092137,0.15562850208620146,0.08478544215272132,0.06584672984587146,0.08478544215262909,0.15562850208563747,0.0,0.0,0.0,0.0,0.0,off,off,off,off,off
183.24999999999454,0.3,45.974999999997635,-3.6471384972221585,-0.7325327654780267,0.22809116524138062,-0.7325327652983447,-3.6471384970196823,-7.596936687289201,-7.596936687221671,0.6966669399738888,0.7339158500670095,0.7434778541296706,0.7339158500675128,0.6966669399746169,0.15562850208620146,0.08478544215272132,0.06570587795323143,0.08478544215262909,0.15562850208563747,0.0,0.0,0.0,0.0,0.0,off,off,off,off,off
183.49999999999454,0.3,46.049999999997624,-3.625297178327571,-0.710748305581717,0.249783950366691,-0.7107483053997612,-3.6252971781198653,-7.575038016214933,-7.5750380161463795,0.6967236800196001,0.7339745736704211,0.7435886037311378,0.7339745736709307,0.6967236800203411,0.15562850208620146,0.08478544215272132,0.06555111027703499,0.08478544215262909,0.15562850208563747,0.0,0.0,0.0,0.0,0.0,off,off,off,off,off
183.74999999999454,0.3,46.12499999999761,-3.6034622765153017,-0.6889723610398732,0.27146187961238866,-0.6889723608576332,-3.6034622763008883,-7.5531452905348715,-7.553145290465295,0.6967803849084395,0.7340332561202568,0.7437039076289692,0.7340332561207671,0.6967803849091975,0.15562850208620146,0.08478544215272132,0.06538253625847468,0.08478544215262909,0.15562850208563747,0.0,0.0,0.0,0.0,0.0,off,off,off,off,off
183.99999999999454,0.3,46.1999999999976,-3.5816338416291273,-0.6672050736272013,0.29312491187488376,-0.6672050734455297,-3.5816338414112465,-7.531258512236718,-7.531258512165948,0.696837054698096,0.7340918972290194,0.7438237238853131,0.734091897229528,0.6968370546988627,0.15562850208620146,0.08478544215272132,0.0652002739828742,0.08478544215262909,0.15562850208563747,0.0,0.0,0.0,0.0,0.0,off,off,off,off,off
184.24999999999454,0.3,46.27499999999759,-3.559811924449832,-0.6454465784778449,0.3147730091934591,-0.6454465782953207,-3.5598119242263806,-7.509377683643947,-7.509377683572097,0.6968936894419963,0.7341504968247351,0.7439480074634216,0.7341504968252459,0.6968936894427774,0.15562850208620146,0.08478544215272132,0.06500445004132709,0.08478544215262909,0.15562850208563747,0.0,0.0,0.0,0.0,0.0,off,off,off,off,off
184.49999999999454,0.3,46.34999999999758,-3.5379965764299754,-0.6236970044587338,0.33640613722911894,-0.6236970042781422,-3.537996576201465,-7.487502807419446,-7.487502807346516,0.6969502891899944,0.7342090547499938,0.7440767102910443,0.7342090547504992,0.6969502891907883,0.15562850208620146,0.08478544215272132,0.06479519938327025,0.08478544215262909,0.15562850208563747,0.0,0.0,0.0,0.0,0.0,off,off,off,off,off
184.74999999999454,0.3,46.42499999999757,-3.5161878494395182,-0.6019564744821082,0.3580242657245094,-0.6019564742956618,-3.5161878492125993,-7.465633886566366,-7.465633886492469,0.6970068539890337,0.7342675708611475,0.7442097813267191,0.7342675708616686,0.6970068539898235,0.15562850208620146,0.08478544215272132,0.06457266516033651,0.08478544215262909,0.15562850208563747,0.0,0.0,0.0,0.0,0.0,off,off,off,off,off
184.99999999999454,0.3,46.499999999997556,-3.4943857955704516,-0.5802251057695571,0.3796273688562337,-0.5802251055781085,-3.4943857953409747,-7.443770924428122,-7.443770924353032,0.6970633838836615,0.7343260450276367,0.7443471666292968,0.7343260450281709,0.6970633838844573,0.15562850208620146,0.08478544215272132,0.06433699856176305,0.08478544215262909,0.15562850208563747,0.0,0.0,0.0,0.0,0.0,off,off,off,off,off
185.24999999999454,0.3,46.574999999997544,-3.4725904669224406,-0.5585030100826316,0.40121542556465783,-0.5585030098911261,-3.4725904666941005,-7.421913924685725,-7.421913924609669,0.697119878916586,0.7343844771314035,0.7444888094307679,0.7343844771319376,0.6971198789173789,0.15562850208620146,0.08478544215272132,0.06408835864167216,0.08478544215262909,0.15562850208563747,0.0,0.0,0.0,0.0,0.0,off,off,off,off,off
185.49999999999454,0.3,46.64999999999753,-3.450801915452189,-0.536790293951583,0.42278841981107007,-0.536790293758429,-3.450801915222314,-7.400062891355731,-7.400062891278708,0.6971763391290811,0.7344428670663083,0.7446346502120874,0.7344428670668471,0.6971763391298775,0.15562850208620146,0.08478544215272132,0.06382691213857643,0.08478544215262909,0.15562850208563747,0.0,0.0,0.0,0.0,0.0,off,off,off,off,off
185.74999999999454,0.3,46.72499999999752,-3.429020192815017,-0.5150870588213365,0.44434634081147806,-0.5150870586251131,-3.429020192593839,-7.378217828785523,-7.378217828707534,0.6972327645613988,0.7345012147377685,0.744784626781984,0.7345012147383151,0.6972327645621734,0.15562850208620146,0.08478544215272132,0.06355283328738454,0.08478544215262909,0.15562850208563747,0.0,0.0,0.0,0.0,0.0,off,off,off,off,off
185.99999999999454,0.3,46.79999999999751,-3.4072453502428175,-0.4933934012111081,0.4658891832273184,-0.4933934010190342,-3.4072453500224924,-7.356378741648541,-7.356378741569699,0.6972891552531012,0.7345595200623531,0.7449386743585055,0.7345595200628887,0.6972891552538737,0.15562850208620146,0.08478544215272132,0.06326630362427846,0.08478544215262909,0.15562850208563747,0.0,0.0,0.0,0.0,0.0,off,off,off,off,off
186.24999999999454,0.3,46.8749999999975,-3.3854774384226403,-0.4717094128657777,0.48741694728687435,-0.47170941267137323,-3.3854774381999277,-7.334545634938422,-7.334545634858728,0.6973455112433833,0.7346177829674059,0.7450967256530852,0.7346177829679478,0.6973455112441619,0.15562850208620146,0.08478544215272132,0.06296751178477919,0.08478544215262909,0.15562850208563747,0.0,0.0,0.0,0.0,0.0,off,off,off,off,off
186.49999999999454,0.3,46.94999999999749,-3.363716507385618,-0.4500351808334244,0.5089296389207334,-0.45003518063981574,-3.3637165071601203,-7.312718513962807,-7.312718513882089,0.6974018325713706,0.7346760033908591,0.7452587109571513,0.7346760033913985,0.6974018325721565,0.15562850208620146,0.08478544215272132,0.06265665329537529,0.08478544215262909,0.15562850208563747,0.0,0.0,0.0,0.0,0.0,off,off,off,off,off
186.74999999999454,0.3,47.024999999997476,-3.3419626064134036,-0.42837078759595215,0.5304272698566592,-0.42837078739984236,-3.341962606186712,-7.290897384335267,-7.290897384253697,0.6974581192763761,0.734734181280907,0.7454245582309896,0.7347341812814533,0.6974581192771656,0.15562850208620146,0.08478544215272132,0.06233393035897997,0.08478544215262909,0.15562850208563747,0.0,0.0,0.0,0.0,0.0,off,off,off,off,off
186.99999999999454,0.3,47.099999999997465,-3.3202157839689903,-0.40671631114366846,0.55190985766626,-0.4067163109516514,-3.3202157837377513,-7.269082251968484,-7.269082251885834,0.6975143713980911,0.7347923165958268,0.7455941931946342,0.7347923165963618,0.6975143713988916,0.15562850208620146,0.08478544215272132,0.061999551634648646,0.08478544215262909,0.15562850208563747,0.0,0.0,0.0,0.0,0.0,off,off,off,off,off
187.24999999999454,0.3,47.17499999999745,-3.2984760876065593,-0.38507182506481286,0.5733774258206381,-0.38507182486881675,-3.2984760873720234,-7.24727312306544,-7.247273122981824,0.6975705889768279,0.7348504093037623,0.7457675394207743,0.7348504093043081,0.6975705889776364,0.15562850208620146,0.08478544215272132,0.06165373201186287,0.08478544215262909,0.15562850208563747,0.0,0.0,0.0,0.0,0.0,off,off,off,off,off
187.49999999999454,0.3,47.24999999999744,-3.2767435639111113,-0.36343739858506297,0.5948300036860701,-0.36343739838514466,-3.2767435636815208,-7.2254700041110596,-7.225470004026533,0.6976267720536939,0.7349084593826358,0.7459445184293083,0.7349084593831922,0.6976267720544901,0.15562850208620146,0.08478544215272132,0.06129669237975607,0.08478544215262909,0.15562850208563747,0.0,0.0,0.0,0.0,0.0,off,off,off,off,off
187.74999999999454,0.3,47.32499999999743,-3.2550182584477056,-0.3418130966566082,0.6162676265410028,-0.34181309645572355,-3.2550182582128855,-7.203672901863399,-7.203672901777736,0.6976829206707343,0.7349664668199293,0.7461250497835815,0.7349664668204886,0.6976829206715437,0.15562850208620146,0.08478544215272132,0.060928659391631765,0.08478544215262909,0.15562850208563747,0.0,0.0,0.0,0.0,0.0,off,off,off,off,off
187.99999999999454,0.3,47.39999999999742,-3.2333002156893826,-0.3201989800147089,0.6376903355315449,-0.32019897981376744,-3.2333002154530277,-7.181881823343531,-7.181881823256788,0.6977390348711314,0.7350244316125563,0.7463090511879062,0.7350244316131148,0.6977390348719451,0.15562850208620146,0.08478544215272132,0.06054986522514792,0.08478544215262909,0.15562850208563747,0.0,0.0,0.0,0.0,0.0,off,off,off,off,off
188.24999999999454,0.3,47.47499999999741,-3.2115894789827166,-0.298595105205095,0.6590981776802209,-0.2985951050092126,-3.211589478743292,-7.160096775826673,-7.160096775738737,0.6977951146993082,0.7350823537668001,0.7464964385864996,0.7350823537673452,0.6977951147001292,0.15562850208620146,0.08478544215272132,0.06016054733848659,0.08478544215262909,0.15562850208563747,0.0,0.0,0.0,0.0,0.0,off,off,off,off,off
188.49999999999454,0.3,47.5499999999974,-3.1898860905021706,-0.2770015246621824,0.6804912057892807,-0.27700152446544735,-3.189886090260984,-7.138317766832188,-7.138317766743114,0.6978511602010606,0.735140233298129,0.7466871262629184,0.7351402332986768,0.6978511602018858,0.15562850208620146,0.08478544215272132,0.05976094822293436,0.08478544215262909,0.15562850208563747,0.0,0.0,0.0,0.0,0.0,off,off,off,off,off
188.74999999999454,0.3,47.624999999997385,-3.1681900912123524,-0.25541828672908196,0.7018694784017612,-0.25541828653439325,-3.168190090970313,-7.116544804113005,-7.116544804022908,0.6979071714236683,0.7351980702311589,0.7468810269416252,0.7351980702317014,0.6979071714244962,0.15562850208620146,0.08478544215272132,0.0593513151521919,0.08478544215262909,0.15562850208563747,0.0,0.0,0.0,0.0,0.0,off,off,off,off,off
188.99999999999454,0.3,47.699999999997374,-3.1465015208265186,-0.23384543570699634,0.7232330597204282,-0.23384543551503612,-3.1465015205800455,-7.094777895646303,-7.094777895555012,0.6979631484160167,0.7352558645995376,0.7470780518889141,0.7352558646000729,0.6979631484168564,0.15562850208620146,0.08478544215272132,0.0589318999288087,0.08478544215262909,0.15562850208563747,0.0,0.0,0.0,0.0,0.0,off,off,off,off,off
189.24999999999454,0.3,47.77499999999736,-3.124820417787191,-0.21228301192252275,0.7445820195240458,-0.21228301172391184,-3.12482041752952,-7.07301704962174,-7.073017049529483,0.698019091228661,0.7353136164457837,0.7472781110147694,0.7353136164463362,0.6980190912295285,0.15562850208620146,0.08478544215272132,0.05850295862806372,0.08478544215262909,0.15562850208563747,0.0,0.0,0.0,0.0,0.0,off,off,off,off,off
189.49999999999454,0.3,47.84999999999735,-3.103146819227561,-0.19073105172020632,0.7659164330665362,-0.19073105152205017,-3.1031468189653992,-7.0512622744328155,-7.051262274339365,0.6980749999139393,0.735371325821322,0.7474811129753157,0.7353713258218735,0.6980749999148179,0.15562850208620146,0.08478544215272132,0.05806475133970138,0.08478544215262909,0.15562850208563747,0.0,0.0,0.0,0.0,0.0,off,off,off,off,off
189.74999999999454,0.3,47.92499999999734,-3.0814807609497734,-0.16918958755218227,0.7872363809624403,-0.1691895873495355,-3.081480760685963,-7.029513578664137,-7.029513578569606,0.6981308745260439,0.735428992786264,0.7476869652753015,0.735428992786827,0.6981308745269262,0.15562850208620146,0.08478544215272132,0.05761754190786508,0.08478544215262909,0.15562850208563747,0.0,0.0,0.0,0.0,0.0,off,off,off,off,off
189.99999999999454,0.3,47.99999999999733,-3.059822277408273,-0.14765864798749817,0.8085419491070525,-0.1476586477816113,-3.0598222771459405,-7.00777097108238,-7.007770970986655,0.6981867151210773,0.7354866174093959,0.7478955743707281,0.7354866174099676,0.698186715121956,0.15562850208620146,0.08478544215272132,0.057161597669556814,0.08478544215262909,0.15562850208563747,0.0,0.0,0.0,0.0,0.0,off,off,off,off,off
190.24999999999454,0.3,48.07499999999732,-3.0381714016883734,-0.12613825777009424,0.829833228507141,-0.12613825756085362,-3.038171401430759,-6.98603446062458,-6.986034460527719,0.6982425217571235,0.7355441997680444,0.7481068457711157,0.7355441997686251,0.6982425217579902,0.15562850208620146,0.08478544215272132,0.05669718919203446,0.08478544215262909,0.15562850208563747,0.0,0.0,0.0,0.0,0.0,off,off,off,off,off
190.49999999999454,0.3,48.149999999997306,-3.016528165496652,-0.10462843785256837,0.8511103151849397,-0.10462843764264562,-3.0165281652402314,-6.964304056387618,-6.96430405628962,0.6982982944942856,0.7356017399479996,0.7483206841416906,0.7356017399485819,0.6982982944951488,0.15562850208620146,0.08478544215272132,0.05622459000947003,0.08478544215262909,0.15562850208563747,0.0,0.0,0.0,0.0,0.0,off,off,off,off,off
190.74999999999454,0.3,48.224999999997294,-2.9948925991279793,-0.08312920544489089,0.872373310031378,-0.08312920523496814,-2.994892598868205,-6.9425797676175875,-6.942579767518339,0.6983540333947845,0.7356592380434036,0.748536993405,0.7356592380439858,0.6983540333956573,0.15562850208620146,0.08478544215272132,0.05574407635920087,0.08478544215262909,0.15562850208563747,0.0,0.0,0.0,0.0,0.0,off,off,off,off,off
190.99999999999454,0.3,48.29999999999728,-2.9732647314655765,-0.061640574067155285,0.8936223186763073,-0.061640573853196656,-2.9732647312052336,-6.920861603698199,-6.920861603597928,0.698409738522975,0.7357166941566256,0.7487556768419921,0.7357166941572183,0.6984097385238487,0.15562850208620146,0.08478544215272132,0.05525592691793923,0.08478544215262909,0.15562850208563747,0.0,0.0,0.0,0.0,0.0,off,off,off,off,off
191.24999999999454,0.3,48.37499999999727,-2.9516445899780024,-0.04016255357271348,0.9148574513145604,-0.04016255335864116,-2.951644589714874,-6.899149574140893,-6.899149574039541,0.6984654099453651,0.735774108398215,0.7489766371922316,0.7357741083988075,0.6984654099462462,0.15562850208620146,0.08478544215272132,0.05476042253829002,0.08478544215262909,0.15562850208563747,0.0,0.0,0.0,0.0,0.0,off,off,off,off,off
191.49999999999454,0.3,48.44999999999726,-2.93003220069113,-0.018695150221446966,0.9360788225851024,-0.018695150008795736,-2.930032200430219,-6.877443688573351,-6.877443688470919,0.6985210477307032,0.7358314808867241,0.749199776753387,0.7358314808873131,0.6985210477315781,0.15562850208620146,0.08478544215272132,0.054257845985895115,0.08478544215262909,0.15562850208563747,0.0,0.0,0.0,0.0,0.0,off,off,off,off,off
191.74999999999454,0.3,48.52499999999725,-2.908427588214579,0.0027616332782258723,0.9572865514064688,0.0027616334917297536,-2.908427587949518,-6.855743956728816,-6.85574395662519,0.6985766519499251,0.7358888117486113,0.7494249974795848,0.7358888117492027,0.6985766519508111,0.15562850208620146,0.08478544215272132,0.0537484816775144,0.08478544215262909,0.15562850208563747,0.0,0.0,0.0,0.0,0.0,off,off,off,off,off
191.99999999999454,0.3,48.59999999999724,-2.886830859726274,0.024202249488155303,0.9784805921574957,0.024202249690517874,-2.8868308594581436,-6.834050388659136,-6.834050388554203,0.6986322224645054,0.7359492580492102,0.7496522006253541,0.7359492580498345,0.6986322224653994,0.15562850208620146,0.08477649457666499,0.05323261543673583,0.08477649457639526,0.15562850208563747,0.0,0.0,0.0,0.0,0.0,off,off,off,off,off
192.24999999999454,0.3,48.674999999997226,-2.865242365197446,0.045621038413344195,0.9996604106815425,0.04562103860649813,-2.8652423649279513,-6.812362996154718,-6.812362996048535,0.6986877585227075,0.7360160383012039,0.749881285920605,0.7360160383018631,0.6986877585236043,0.15562850208620146,0.08474939577152295,0.0527105344185026,0.08474939577108744,0.15562850208563747,0.0,0.0,0.0,0.0,0.0,off,off,off,off,off
192.49999999999454,0.3,48.749999999997215,-2.8436624746131542,0.06701796201622301,1.020825428105809,0.06701796220340839,-2.8436624743425227,-6.790681793526687,-6.79068179341931,0.6987432593211214,0.7360891394573069,0.7501121527910578,0.7360891394580075,0.698743259322021,0.15562850208620146,0.08470418532998317,0.05218252701179918,0.08470418532938595,0.15562850208563747,0.0,0.0,0.0,0.0,0.0,off,off,off,off,off
192.74999999999454,0.3,48.8249999999972,-2.822091531419403,0.08839297855337236,1.04197511476724,0.0883929787369766,-2.8220915311465546,-6.769006797442216,-6.769006797333873,0.6987987241220036,0.7361685445752698,0.7503447007103811,0.7361685445760149,0.6987987241229089,0.15562850208620146,0.08464091168103133,0.051648882557789245,0.08464091168028132,0.15562850208563747,0.0,0.0,0.0,0.0,0.0,off,off,off,off,off
192.99999999999454,0.3,48.89999999999719,-2.800529855037894,0.10974603329452748,1.0631089858777045,0.10974603346977574,-2.8005298547685697,-6.74733802673461,-6.747338026625187,0.698854152246941,0.7362542322175698,0.7505788292946562,0.7362542322183456,0.6988541522478371,0.15562850208620146,0.08455963412179479,0.05110989105576782,0.08455963412089725,0.15562850208563747,0.0,0.0,0.0,0.0,0.0,off,off,off,off,off
193.24999999999454,0.3,48.97499999999718,-2.7789777432494134,0.13107705963153649,1.0842265974860084,0.13107705980746687,-2.778977742979805,-6.7256755022297625,-6.725675502119202,0.6989095430708492,0.736346176351904,0.7508144383948516,0.7363461763527334,0.6989095430717469,0.15562850208620146,0.08446042322356923,0.05056584287491571,0.08446042322252652,0.15562850208563747,0.0,0.0,0.0,0.0,0.0,off,off,off,off,off
193.49999999999454,0.3,49.04999999999717,-2.7574354742733362,0.15238598175852758,1.1053275427416906,0.15238598192991049,-2.7574354740066838,-6.704019246590576,-6.704019246479049,0.6989648960167393,0.7364443463613274,0.7510514281872678,0.7364443463621947,0.698964896017629,0.15562850208620146,0.08434336087774928,0.05001702847196618,0.08434336087656336,0.15562850208563747,0.0,0.0,0.0,0.0,0.0,off,off,off,off,off
193.74999999999454,0.3,49.12499999999716,-2.7359033086254385,0.17367271741431978,1.126411448705369,0.17367271757819935,-2.7359033083596955,-6.682369284176048,-6.682369284063327,0.699020210551039,0.7365487070918155,0.751289699262619,0.7365487070927126,0.6990202105519264,0.15562850208620146,0.08420854023360563,0.049463738114769874,0.0842085402322792,0.15562850208563747,0.0,0.0,0.0,0.0,0.0,off,off,off,off,off
193.99999999999454,0.3,49.19999999999715,-2.7143814907051365,0.1949371803982558,1.1474779734700746,0.194937180559009,-2.714381490438143,-6.660725640912062,-6.6607256407983755,0.699075486179604,0.7366592189034851,0.7515291527131029,0.7366592189044199,0.6990754861804951,0.15562850208620146,0.08405606559581999,0.04890626161177917,0.08405606559436297,0.15562850208563747,0.0,0.0,0.0,0.0,0.0,off,off,off,off,off
194.24999999999454,0.3,49.274999999997135,-2.69287025019338,0.2161792827955651,1.1685268036620187,0.21617928295512456,-2.6928702499260453,-6.639088344174809,-6.639088344060042,0.6991307224441999,0.7367758377362345,0.7517696902176332,0.7367758377372111,0.6991307224450912,0.15562850208620146,0.08388605230087112,0.04834488804751532,0.08388605229928664,0.15562850208563747,0.0,0.0,0.0,0.0,0.0,off,off,off,off,off
194.49999999999454,0.3,49.349999999997124,-2.67136980326444,0.23739893695238834,1.1895576522659326,0.23739893711183413,-2.671369803000175,-6.617457422682492,-6.617457422566645,0.6991859189194551,0.7368985151795574,0.7520112141250911,0.736898515180578,0.6991859189203389,0.15562850208620146,0.08369862657786362,0.04777990552400913,0.08369862657615125,0.15562850208563747,0.0,0.0,0.0,0.0,0.0,off,off,off,off,off
194.74999999999454,0.3,49.42499999999711,-2.6498803536389346,0.25859605714049394,1.2105702566752825,0.258596057294767,-2.6498803533747832,-6.595832906396595,-6.595832906279668,0.69924107521022,0.7370271985475139,0.7522536275352923,0.7370271985485648,0.6992410752111033,0.15562850208620146,0.08349392539588307,0.04721160090836834,0.08349392539404688,0.15562850208563747,0.0,0.0,0.0,0.0,0.0,off,off,off,off,off
194.99999999999454,0.3,49.4999999999971,-2.6284020934974137,0.2797705610443586,1.231564377000268,0.2797705611921515,-2.628402093233035,-6.574214826430193,-6.574214826312186,0.6992961909492681,0.737161830963036,0.7524968343777518,0.7371618309641105,0.6992961909501525,0.15562850208620146,0.08327209629883864,0.04664025958650186,0.08327209629688707,0.15562850208563747,0.0,0.0,0.0,0.0,0.0,off,off,off,off,off
195.24999999999454,0.3,49.57499999999709,-2.6069352042819673,0.30092237102343233,1.2525397945717032,0.3009223711676441,-2.606935204009119,-6.552603214962801,-6.552603214843714,0.6993512657952881,0.7373023514402822,0.7527407394880614,0.7373023514413862,0.6993512657961937,0.15562850208620146,0.0830332972283234,0.04606616522313241,0.08303329722626063,0.15562850208563747,0.0,0.0,0.0,0.0,0.0,off,off,off,off,off
195.49999999999454,0.3,49.64999999999708,-2.585479857362202,0.32205141519852987,1.2734963106236137,0.32205141533910364,-2.58547985709248,-6.53099810516062,-6.530998105040737,0.6994062994312131,0.7374486949770069,0.752985248681814,0.7374486949781394,0.6994062994321102,0.15562850208620146,0.08277769633519165,0.045489599528178694,0.08277769633302155,0.15562850208563747,0.0,0.0,0.0,0.0,0.0,off,off,off,off,off
195.74999999999454,0.3,49.72499999999707,-2.5640362146753546,0.34315762840111574,1.2944337451193633,0.3431576285465212,-2.5640362144073947,-6.509399531103213,-6.509399530982364,0.699461291562616,0.7376007926503519,0.7532302688259601,0.7376007926515363,0.6994612915635087,0.15562850208620146,0.08250547178022821,0.04491084202964078,0.08250547177794561,0.15562850208563747,0.0,0.0,0.0,0.0,0.0,off,off,off,off,off
195.99999999999454,0.3,49.799999999997056,-2.542604429214691,0.3642409529814472,1.3153519357310302,0.3642409531238968,-2.542604428949346,-6.487807527712107,-6.487807527590405,0.6995162419164894,0.7377585717171128,0.7534757079076151,0.7377585717183303,0.6995162419173757,0.15562850208620146,0.08221681152447023,0.044330169853064094,0.08221681152207021,0.15562850208563747,0.0,0.0,0.0,0.0,0.0,off,off,off,off,off
196.24999999999454,0.3,49.874999999997044,-2.521184645501819,0.38530133945380385,1.336250736892623,0.38530133960381363,-2.5211846452351097,-6.466222130685196,-6.466222130562585,0.699571150240063,0.737921955718158,0.7537214751000847,0.7379219557194343,0.6995711502409528,0.15562850208620146,0.08191191310965097,0.0437478575077338,0.08191191310714066,0.15562850208563747,0.0,0.0,0.0,0.0,0.0,off,off,off,off,off
196.49999999999454,0.3,49.94999999999703,-2.4997769999681623,0.4063387471070996,1.3571300190156421,0.4063387472489808,-2.4997769997016803,-6.44464337643376,-6.444643376310353,0.6996260162998527,0.7380908645870604,0.7539674808263328,0.7380908645883553,0.6996260163007416,0.15562850208620146,0.0815909834292891,0.04316417667967769,0.08159098342666078,0.15562850208563747,0.0,0.0,0.0,0.0,0.0,off,off,off,off,off
196.74999999999454,0.3,50.02499999999702,-2.478381621314952,0.4273531444403602,1.3779896677397119,0.42735314458047924,-2.4783816210497776,-6.423071302023175,-6.423071301898744,0.6996808398807599,0.7382652147623207,0.7542136368195576,0.7382652147636458,0.6996808398816459,0.15562850208620146,0.08125423849080417,0.04257939603158107,0.08125423848807654,0.15562850208563747,0.0,0.0,0.0,0.0,0.0,off,off,off,off,off
196.99999999999454,0.3,50.09999999999701,-2.456998630809494,0.448344509588253,1.3988295832851918,0.4483445097263825,-2.4569986305457974,-6.401505945114479,-6.401505944989083,0.6997356207853381,0.7384449193033322,0.7544598561810261,0.7384449193046853,0.6997356207862208,0.15562850208620146,0.08090190316924262,0.04199378100973071,0.08090190316642057,0.15562850208563747,0.0,0.0,0.0,0.0,0.0,off,off,off,off,off
197.24999999999454,0.3,50.174999999997,-2.4356281425426687,0.46931283061093154,1.4196496798569456,0.46931283076003183,-2.4356281422806205,-6.379947343910828,-6.379947343784522,0.6997903588331505,0.7386298880094875,0.7547060534350578,0.7386298880109072,0.6997903588340286,0.15562850208620146,0.08053421095298946,0.0414075936580695,0.08053421095005962,0.15562850208563747,0.0,0.0,0.0,0.0,0.0,off,off,off,off,off
197.49999999999454,0.3,50.24999999999699,-2.414270263665685,0.49025810575909645,1.4404498851228027,0.49025810590978836,-2.414270263407957,-6.358395537104002,-6.358395536976673,0.699845053860182,0.7388200275424557,0.7549521445812014,0.7388200275439172,0.6998450538610492,0.15562850208620146,0.08015140368199755,0.0408210924394496,0.08015140367895654,0.15562850208563747,0.0,0.0,0.0,0.0,0.0,off,off,off,off,off
197.74999999999454,0.3,50.324999999996976,-2.392925094607392,0.511180343644412,1.4612301397030478,0.5111803437868616,-2.392925094350744,-6.336850563823361,-6.336850563695293,0.6998997057183023,0.739015241551149,0.7551980471434508,0.7390152415526254,0.6998997057191667,0.15562850208620146,0.07975373127900251,0.040234532064165725,0.07975373127585572,0.15562850208563747,0.0,0.0,0.0,0.0,0.0,off,off,off,off,off
197.99999999999454,0.3,50.399999999996965,-2.3715927292410015,0.5320795633675175,1.481990396762626,0.5320795635010995,-2.3715927289828187,-6.315312463587418,-6.315312463458554,0.6999543142748533,0.7392154307992709,0.7554436802167551,0.739215430800754,0.6999543142757212,0.15562850208620146,0.07934145147416309,0.039648163325835616,0.07934145147092993,0.15562850208563747,0.0,0.0,0.0,0.0,0.0,off,off,off,off,off
198.24999999999454,0.3,50.47499999999695,-2.3502732550446126,0.5529557946192085,1.502730621588853,0.5529557947577359,-2.350273254783417,-6.293781276256027,-6.293781276126083,0.7000088794122534,0.7394204932951818,0.7556889645105268,0.7394204932967106,0.7000088794131295,0.15562850208620146,0.07891482952366041,0.03906223294466761,0.07891482952033356,0.15562850208563747,0.0,0.0,0.0,0.0,0.0,off,off,off,off,off
198.49999999999454,0.3,50.54999999999694,-2.3289667532584417,0.573809077729095,1.523450791216419,0.5738090778672813,-2.328966752999179,-6.272257041982982,-6.272257041852129,0.7000634010276129,0.7396303244237944,0.7559338223893227,0.7396303244253515,0.7000634010284835,0.15562850208620146,0.07847413792257812,0.03847698341821465,0.07847413791916721,0.15562850208563747,0.0,0.0,0.0,0.0,0.0,off,off,off,off,off
198.74999999999454,0.3,50.62499999999693,-2.307673299011128,0.5946394636524133,1.5441508940496647,0.5946394637881554,-2.307673298750103,-6.250739801172585,-6.250739801041107,0.7001178790324203,0.7398448170801347,0.7561781779105919,0.7398448170817148,0.7001178790332956,0.15562850208620146,0.07801965611274435,0.0378926528796078,0.07801965610924613,0.15562850208563747,0.0,0.0,0.0,0.0,0.0,off,off,off,off,off
198.99999999999454,0.3,50.69999999999692,-2.286392961444051,0.615447013937569,1.5648309295934268,0.6154470140673425,-2.286392961180468,-6.229229594435367,-6.229229594303092,0.7001723133522408,0.7400638618044737,0.7564219568598182,0.7400638618060659,0.7001723133531224,0.15562850208620146,0.07755167018579869,0.037309474963335164,0.07755167018221877,0.15562850208563747,0.0,0.0,0.0,0.0,0.0,off,off,off,off,off
199.24999999999454,0.3,50.77499999999691,-2.2651258038178526,0.6362318006713394,1.585490908098052,0.6362318008015109,-2.2651258035576802,-6.207726462545111,-6.20772646241187,0.7002267039264547,0.7402873469187167,0.7566650867825596,0.7402873469203357,0.7002267039273273,0.15562850208620146,0.07707047258208932,0.03672767867853923,0.07707047257843498,0.15562850208563747,0.0,0.0,0.0,0.0,0.0,off,off,off,off,off
199.49999999999454,0.3,50.849999999996896,-2.2438718836166913,0.656993906391449,1.6061308502916631,0.6569939065193466,-2.243871883356462,-6.186230446397417,-6.186230446263323,0.7002810507080038,0.7405151586637797,0.7569074970138879,0.7405151586654174,0.7002810507088774,0.15562850208620146,0.07657636178578647,0.03614748828989804,0.07657636178205662,0.15562850208563747,0.0,0.0,0.0,0.0,0.0,off,off,off,off,off
199.74999999999454,0.3,50.924999999996885,-2.2226312526482843,0.6777334239581592,1.6267507870845748,0.677733424088899,-2.2226312523914658,-6.164741586969001,-6.1647415868340545,0.7003353536631493,0.7407471813376655,0.7571491187049497,0.7407471813393329,0.7003353536640139,0.15562850208620146,0.07606964201667334,0.03556912320605504,0.07606964201287587,0.15562850208563747,0.0,0.0,0.0,0.0,0.0,off,off,off,off,off
199.99999999999454,0.3,50.999999999996874,-2.2014039571422472,0.6984504564542249,1.6473507593360637,0.6984504565867269,-2.2014039568830412,-6.143259925278528,-6.143259925142843,0.7003896127712291,0.740983297434176,0.7573898848469417,0.7409832974358738,0.7003896127721001,0.15562850208620146,0.07555062291908811,0.034992797875586526,0.07555062291521449,0.15562850208563747,0.0,0.0,0.0,0.0,0.0,off,off,off,off,off
200.24999999999454,0.3,51.07499999999686,-2.1801900378167716,0.7191451169794618,1.6679308175352503,0.719145117109008,-2.180190037553416,-6.121785502347393,-6.121785502210855,0.700443828024501,0.7412233877815755,0.757629730292129,0.7412233877832906,0.7004438280253827,0.15562850208620146,0.07501961924843711,0.03441872169050959,0.07501961924448936,0.15562850208563747,0.0,0.0,0.0,0.0,0.0,off,off,off,off,off
200.49999999999454,0.3,51.14999999999685,-2.158989529989867,0.7398175284969284,1.6884910216316484,0.7398175286272703,-2.158989529728501,-6.1003183591616335,-6.1003183590243,0.7004979994278705,0.7414673316814425,0.7578685917726137,0.741467331683181,0.700497999428747,0.15562850208620146,0.07447695055579086,0.03384709889725909,0.07447695055177853,0.15562850208563747,0.0,0.0,0.0,0.0,0.0,off,off,off,off,off
200.74999999999454,0.3,51.22499999999684,-2.1378024636460395,0.7604678236380664,1.7090314407178653,0.7604678237707958,-2.1378024633890504,-6.078858536635664,-6.078858536497478,0.7005521269987284,0.7417150070480077,0.7581064079160652,0.741715007049775,0.7005521269995935,0.15562850208620146,0.07392294087090873,0.03327812851512262,0.07392294086682798,0.15562850208563747,0.0,0.0,0.0,0.0,0.0,off,off,off,off,off
200.99999999999454,0.3,51.29999999999683,-2.1166288635345722,0.7810961445005091,1.7295521528287168,0.7810961446337501,-2.1166288632788905,-6.057406075575727,-6.057406075436575,0.7006062107667135,0.7419662905455222,0.7583431192592125,0.7419662905473149,0.7006062107675753,0.15562850208620146,0.07335791838417177,0.03271200426208136,0.07335791838002072,0.15562850208563747,0.0,0.0,0.0,0.0,0.0,off,off,off,off,off
201.24999999999454,0.3,51.37499999999682,-2.095468749236261,0.8017026424194,1.75005324470618,0.8017026425511062,-2.0954687489815456,-6.03596101664408,-6.035961016504189,0.7006602507735519,0.7422210577260878,0.7585786682587238,0.7422210577278959,0.7006602507744115,0.15562850208620146,0.07278221512784334,0.03214891448796194,0.07278221512363046,0.15562850208563747,0.0,0.0,0.0,0.0,0.0,off,off,off,off,off
201.49999999999454,0.3,51.449999999996805,-2.0743221352537944,0.8222874777442826,1.7705348115733273,0.8222874778731466,-2.074322135000102,-6.014523400325402,-6.0145234001846575,0.7007142470728381,0.7424791831663253,0.7588129992996594,0.7424791831681442,0.7007142470736951,0.15562850208620146,0.07219616665709308,0.03158904211485345,0.07219616665282425,0.15562850208563747,0.0,0.0,0.0,0.0,0.0,off,off,off,off,off
201.74999999999454,0.3,51.524999999996794,-2.053189031094689,0.8428508195823952,1.7909969568795532,0.8428508197152382,-2.0531890308436687,-5.993093266892458,-5.993093266750805,0.7007681997298327,0.7427405406029032,0.7590460587014447,0.7427405406047511,0.7007681997306829,0.15562850208620146,0.07160011173114948,0.031032564584709373,0.07160011172682335,0.15562850208563747,0.0,0.0,0.0,0.0,0.0,off,off,off,off,off
201.99999999999454,0.3,51.59999999999678,-2.032069441356441,0.863392845570047,1.811439792101453,0.8633928456984563,-2.0320694411036015,-5.97167065637359,-5.97167065623114,0.7008221088212551,0.7430050030668648,0.7592777947216628,0.7430050030687195,0.7008221088221099,0.15562850208620146,0.07099439199502892,0.030479653814037357,0.07099439199064628,0.15562850208563747,0.0,0.0,0.0,0.0,0.0,off,off,off,off,off
202.24999999999454,0.3,51.67499999999677,-2.0109633657959876,0.8839137415772029,1.831863436503454,0.883913741706408,-2.010963365540249,-5.950255608520422,-5.9502556083771765,0.7008759744351195,0.7432724430163185,0.7595081575574621,0.7432724430181924,0.7008759744359818,0.15562850208620146,0.07037935166221104,0.02993047615556684,0.07037935165777429,0.15562850208563747,0.0,0.0,0.0,0.0,0.0,off,off,off,off,off
202.49999999999454,0.3,51.74999999999676,-1.9898707994323672,0.9044137014662397,1.8522680169219257,0.9044137015988554,-1.9898707991731044,-5.92884816277666,-5.928848162632789,0.7009297966704807,0.7435427324676093,0.7597370993448236,0.7435427324695092,0.700929796671352,0.15562850208620146,0.06975533719867306,0.029385192366808078,0.06975533719418264,0.15562850208563747,0.0,0.0,0.0,0.0,0.0,off,off,off,off,off
202.74999999999454,0.3,51.82499999999675,-1.9687917326240836,0.9248929268147208,1.8726536675296757,0.9248929269433006,-1.968791732363968,-5.907448358248018,-5.907448358103352,0.7009835756372477,0.7438157431245833,0.759964574155625,0.7438157431264868,0.7009835756381207,0.15562850208620146,0.06912269700861194,0.028843957585374454,0.0691226970040743,0.15562850208563747,0.0,0.0,0.0,0.0,0.0,off,off,off,off,off
202.99999999999454,0.3,51.89999999999674,-1.94772615116392,0.9453516266162296,1.8930205296372833,0.9453516267423652,-1.9477261508989159,-5.88605623367215,-5.886056233526801,0.7010373114559533,0.7440913465057768,0.7601905379927384,0.7440913465076878,0.7010373114568389,0.15562850208620146,0.06848178112228014,0.028306921310940383,0.06848178111769875,0.15562850208563747,0.0,0.0,0.0,0.0,0.0,off,off,off,off,off
203.24999999999454,0.3,51.974999999996726,-1.9266740363623853,0.9657900170103062,1.9133687514351436,0.9657900171354754,-1.926674036094255,-5.864671827390509,-5.864671827244308,0.7010910042575507,0.7443694140695292,0.7604149487829551,0.7443694140714504,0.7010910042584441,0.15562850208620146,0.06783294088624697,0.027774227393720166,0.06783294088162452,0.15562850208563747,0.0,0.0,0.0,0.0,0.0,off,off,off,off,off
203.49999999999454,0.3,52.049999999996714,-1.9056353651367317,0.986208320999026,1.9336984877916734,0.9862083211270942,-1.9056353648693403,-5.843295177319646,-5.843295177172706,0.7011446541831987,0.7446498173367492,0.7606377663681197,0.7446498173386912,0.7011446541840897,0.15562850208620146,0.06717652865644612,0.027246014029329902,0.06717652865178252,0.15562850208563747,0.0,0.0,0.0,0.0,0.0,off,off,off,off,off
203.74999999999454,0.3,52.1249999999967,-1.8846101101152044,1.006606768139875,1.9540099000371924,1.0066067682672042,-1.8846101098511667,-5.821926320924717,-5.821926320776981,0.7011982613840014,0.7449324280111577,0.7608589524943696,0.7449324280131089,0.7011982613848843,0.15562850208620146,0.06651289749435124,0.026722413759857927,0.0665128974896494,0.15562850208563747,0.0,0.0,0.0,0.0,0.0,off,off,off,off,off
203.99999999999454,0.3,52.19999999999669,-1.86359823972316,1.0269855942497088,1.9743031557225095,1.0269855943822677,-1.863598239456735,-5.800565295193337,-5.800565295045033,0.7012518260208057,0.7452171180969598,0.7610784707994968,0.745217118098936,0.701251826021695,0.15562850208620146,0.0658424008666268,0.02620355348104073,0.06584240086188847,0.15562850208563747,0.0,0.0,0.0,0.0,0.0,off,off,off,off,off
204.24999999999454,0.3,52.27499999999668,-1.8425997182771994,1.0473450411258227,1.9945784283996773,1.0473450412617353,-1.842599718003271,-5.779212136610113,-5.779212136461126,0.7013053482639666,0.745503760013862,0.7612962867986435,0.7455037600158579,0.7013053482648749,0.15562850208620146,0.06516539234851562,0.025689554455360253,0.06516539234373939,0.15562850208563747,0.0,0.0,0.0,0.0,0.0,off,off,off,off,off
204.49999999999454,0.3,52.34999999999667,-1.821614506082767,1.0676853562283668,2.014835897408773,1.0676853563657573,-1.8216145058107145,-5.757866881131747,-5.757866880982078,0.7013588282931108,0.7457922267091457,0.7615123678683638,0.745792226711156,0.7013588282940141,0.15562850208620146,0.06448222533129444,0.025180532330910377,0.06448222532648305,0.15562850208563747,0.0,0.0,0.0,0.0,0.0,off,off,off,off,off
204.74999999999454,0.3,52.42499999999666,-1.8006425595506244,1.088006792377314,2.0350757476479657,1.088006792516694,-1.800642559279197,-5.736529564163959,-5.736529564013495,0.7014122662968488,0.7460823917668377,0.7617266832290489,0.746082391768864,0.7014122662977502,0.15562850208620146,0.06379325273412588,0.024676597165861566,0.0637932527292764,0.15562850208563747,0.0,0.0,0.0,0.0,0.0,off,off,off,off,off
204.99999999999454,0.3,52.499999999996646,-1.7796838312800105,1.1083096074665377,2.0552981693338097,1.1083096076129095,-1.7796838310071053,-5.715200220538179,-5.715200220386862,0.7014656624725744,0.7463741295138893,0.7619392039258109,0.7463741295159467,0.7014656624734796,0.15562850208620146,0.06309882672052738,0.024177853458375555,0.0630988267156372,0.15562850208563747,0.0,0.0,0.0,0.0,0.0,off,off,off,off,off
205.24999999999454,0.3,52.574999999996635,-1.7587382701593697,1.1285940641652132,2.075503357797402,1.1285940643093113,-1.7587382698897045,-5.693878884490232,-5.693878884337948,0.7015190170262184,0.7466673151232085,0.7621499028080243,0.746667315125271,0.7015190170271155,0.15562850208620146,0.062399298419737695,0.023684400181771755,0.062399298414807354,0.15562850208563747,0.0,0.0,0.0,0.0,0.0,off,off,off,off,off
205.49999999999454,0.3,52.64999999999662,-1.7378058214869725,1.14886042960552,2.0956915132575205,1.1488604297439906,-1.7378058212191831,-5.672565589638623,-5.672565589485714,0.701572330171951,0.7469618247134315,0.7623587545074275,0.7469618247154879,0.7015723301728433,0.15562850208620146,0.06169501765328147,0.02319633082478179,0.061695017648319805,0.15562850208563747,0.0,0.0,0.0,0.0,0.0,off,off,off,off,off
205.74999999999454,0.3,52.72499999999661,-1.716886427056238,1.1691089750774495,2.115862840603995,1.169108975218478,-1.7168864267893014,-5.651260368965154,-5.651260368811677,0.7016256021319738,0.7472575354454505,0.7625657354149546,0.7472575354475216,0.7016256021328642,0.15562850208620146,0.06098633266692371,0.022713733436705994,0.060986332661934865,0.15562850208563747,0.0,0.0,0.0,0.0,0.0,off,off,off,off,off
205.99999999999454,0.3,52.7999999999966,-1.6959800252836317,1.1893399757576049,2.136017549142423,1.1893399758966439,-1.6959800250157286,-5.6299632547954275,-5.629963254641211,0.7016788331362049,0.7475543256156829,0.7627708236560407,0.7475543256177563,0.7016788331370978,0.15562850208620146,0.060273589868284926,0.02223669067730655,0.06027358986326987,0.15562850208563747,0.0,0.0,0.0,0.0,0.0,off,off,off,off,off
206.24999999999454,0.3,52.87499999999659,-1.6750865512952373,1.2095537103802485,2.1561558524014117,1.2095537105171275,-1.6750865510272206,-5.608674278779972,-5.60867427862496,0.7017320234220701,0.7478520747458035,0.7629739990655182,0.7478520747478762,0.7017320234229629,0.15562850208620146,0.05955713357029213,0.02176527987123958,0.05955713356525601,0.15562850208563747,0.0,0.0,0.0,0.0,0.0,off,off,off,off,off
206.49999999999454,0.3,52.94999999999658,-1.6542059370484594,1.2297504609702514,2.1762779678945208,1.2297504611045724,-1.6542059367805564,-5.587393471877363,-5.587393471721555,0.7017851732341999,0.7481506636691927,0.7631752431607823,0.7481506636712628,0.701785173235092,0.15562850208620146,0.05883730574073278,0.021299573066833645,0.0588373057356789,0.15562850208563747,0.0,0.0,0.0,0.0,0.0,off,off,off,off,off
206.74999999999454,0.3,53.02499999999657,-1.6333381114332042,1.249930512546996,2.196384116911986,1.2499305126777358,-1.6333381111664949,-5.566120864337222,-5.566120864180675,0.7018382828241833,0.7484499746138387,0.7633745391138705,0.748449974615902,0.7018382828250728,0.15562850208620146,0.05811444575803841,0.020839637099044062,0.058114445752969375,0.15562850208563747,0.0,0.0,0.0,0.0,0.0,off,off,off,off,off
206.99999999999454,0.3,53.099999999996555,-1.6124830003865327,1.2700941528278804,2.216474524285047,1.270094152958734,-1.6124830001284636,-5.544856485684875,-5.544856485527475,0.701891352450288,0.7487498912817294,0.7635718717228985,0.7487498912837954,0.7018913524511555,0.15562850208620146,0.05738889017353241,0.02038553365637717,0.0573888901684538,0.15562850208563747,0.0,0.0,0.0,0.0,0.0,off,off,off,off,off
207.24999999999454,0.3,53.174999999996544,-1.5916405270107248,1.290241671951037,2.236549418179436,1.2902416720841074,-1.5916405267454934,-5.523600364705715,-5.523600364547576,0.7019443823771657,0.7490502989247673,0.7637672273825372,0.7490502989268413,0.7019443823780518,0.15562850208620146,0.05666097248030067,0.01993731935161518,0.05666097247521018,0.15562850208563747,0.0,0.0,0.0,0.0,0.0,off,off,off,off,off
207.49999999999454,0.3,53.24999999999653,-1.5708106116612157,1.3103733621776996,2.256609029854019,1.3103733623154312,-1.5708106113941085,-5.5023525294324145,-5.50235252927348,0.7019973728756419,0.7493510844170801,0.7639605940535587,0.749351084419168,0.7019973728765331,0.15562850208620146,0.05593102288882569,0.01949504579612597,0.055931022883726554,0.15562850208563747,0.0,0.0,0.0,0.0,0.0,off,off,off,off,off
207.74999999999454,0.3,53.32499999999652,-1.5499931720808604,1.33048951763908,2.2766535934807735,1.3304895177838034,-1.5499931718110247,-5.481113007130716,-5.481113006971043,0.7020503242223827,0.7496521363239077,0.7641519612317893,0.7496521363260172,0.70205032422328,0.15562850208620146,0.055199368109554246,0.019058759677594683,0.0551993681044403,0.15562850208563747,0.0,0.0,0.0,0.0,0.0,off,off,off,off,off
207.99999999999454,0.3,53.39999999999651,-1.5291881234986704,1.350590434059086,2.2966833458862084,1.3505904341996597,-1.5291881232318474,-5.459881824288061,-5.4598818241274785,0.7021032366996507,0.7499533449668694,0.7643413199161357,0.7499533449689689,0.7021032367005402,0.15562850208620146,0.05446633114248644,0.018628502840966222,0.054466331137363225,0.15562850208563747,0.0,0.0,0.0,0.0,0.0,off,off,off,off,off
208.24999999999454,0.3,53.4749999999965,-1.5083953787549262,1.3706764084607812,2.316698526370544,1.3706764085930558,-1.5083953784873074,-5.438659006601085,-5.438659006439991,0.7021561105950007,0.7502546024856339,0.7645286625761818,0.7502546024877098,0.7021561105958929,0.15562850208620146,0.05373223107397766,0.01820431237241919,0.053732231068852186,0.15562850208563747,0.0,0.0,0.0,0.0,0.0,off,off,off,off,off
208.49999999999454,0.3,53.54999999999649,-1.4876148483860447,1.3907477389238352,2.3366993764688573,1.3907477390573604,-1.4876148481182554,-5.417444578966695,-5.417444578804975,0.7022089462010725,0.7505558028961967,0.7647139831190419,0.7505558028982746,0.7022089462019648,0.15562850208620146,0.052997382880805445,0.017786220686184868,0.05299738287567958,0.15562850208563747,0.0,0.0,0.0,0.0,0.0,off,off,off,off,off
208.74999999999454,0.3,53.624999999996476,-1.4668464407710076,1.4108047243199167,2.3566861397628145,1.4108047244554314,-1.4668464405065151,-5.396238565471208,-5.3962385653087495,0.7022617438152244,0.7508568421455818,0.7648972768558246,0.7508568421476629,0.7022617438161082,0.15562850208620146,0.05226209724160103,0.01737425561401539,0.05226209723647592,0.15562850208563747,0.0,0.0,0.0,0.0,0.0,off,off,off,off,off
208.99999999999454,0.3,53.699999999996464,-1.4460900622103736,1.430847664066448,2.3766590616633607,1.4308476642032133,-1.4460900619505992,-5.375040989381716,-5.375040989218576,0.7023145037393475,0.7511576181630883,0.7650785404675523,0.7511576181651708,0.7023145037402193,0.15562850208620146,0.05152668035578295,0.016968440497123916,0.05152668035065756,0.15562850208563747,0.0,0.0,0.0,0.0,0.0,off,off,off,off,off
209.24999999999454,0.3,53.77499999999645,-1.4253456170615664,1.4508768578600097,2.396618389209152,1.4508768579976845,-1.4253456168025878,-5.353851873138353,-5.353851872974474,0.7023672262795251,0.751458030908029,0.7652577719707035,0.7514580309101111,0.7023672262803952,0.15562850208620146,0.05079143376998269,0.016568794280406158,0.05079143376485946,0.15562850208563747,0.0,0.0,0.0,0.0,0.0,off,off,off,off,off
209.49999999999454,0.3,53.84999999999644,-1.404613007829937,1.4708926054420317,2.4165643708489597,1.4708926055723168,-1.4046130075737437,-5.3326712383468475,-5.3326712381823995,0.7024199117458152,0.7517579824141112,0.7654349706823577,0.7517579824161699,0.7024199117466783,0.15562850208620146,0.050056654212117836,0.01617533160876957,0.05005665420700215,0.15562850208563747,0.0,0.0,0.0,0.0,0.0,off,off,off,off,off
209.74999999999454,0.3,53.92499999999643,-1.3838921352921716,1.4908952063564698,2.4364972562559046,1.4908952064806158,-1.3838921350405826,-5.311499105772725,-5.311499105607652,0.7024725604519445,0.7520573768304116,0.7656101371851195,0.7520573768324454,0.7024725604527962,0.15562850208620146,0.04932263343308289,0.01578806292538274,0.0493226334279851,0.15562850208563747,0.0,0.0,0.0,0.0,0.0,off,off,off,off,off
209.99999999999454,0.3,53.99999999999642,-1.3631828986028722,1.51088495972715,2.4564172961173085,1.5108849598543088,-1.3631828983417904,-5.290335495335228,-5.290335495169586,0.702525172715046,0.7523561204590437,0.7657832732917199,0.752356120461079,0.7025251727159214,0.15562850208620146,0.048589658056155303,0.015406994571669982,0.048589658051073126,0.15562850208563747,0.0,0.0,0.0,0.0,0.0,off,off,off,off,off
210.24999999999454,0.3,54.07499999999641,-1.3424851953918733,1.530862164024029,2.4763247419523964,1.5308621641486297,-1.3424851951241976,-5.269180426102764,-5.269180425936327,0.702577748855421,0.752654121789506,0.7659543820094883,0.752654121791527,0.7025777488563132,0.15562850208620146,0.047858009434087335,0.015032128888879268,0.04785800942902223,0.15562850208563747,0.0,0.0,0.0,0.0,0.0,off,off,off,off,off
210.49999999999454,0.3,54.149999999996396,-1.321798921875768,1.5508271168426973,2.496219845914311,1.550827116969117,-1.321798921608547,-5.248033916288591,-5.2480339161214715,0.7026302891962654,0.7529512915297983,0.7661234675046287,0.7529512915318154,0.7026302891971566,0.15562850208620146,0.047127963513973914,0.014663464321046999,0.04712796350892959,0.15562850208563747,0.0,0.0,0.0,0.0,0.0,off,off,off,off,off
210.74999999999454,0.3,54.224999999996385,-1.3011239729780186,1.570780114693548,2.516102860598039,1.5707801148162162,-1.301123972713242,-5.226895983248369,-5.226895983080567,0.7026827940633734,0.7532475426343739,0.7662905350663956,0.7532475426363724,0.7026827940642586,0.15562850208620146,0.046399790709848045,0.014300995519196738,0.04639979070482421,0.15562850208563747,0.0,0.0,0.0,0.0,0.0,off,off,off,off,off
210.99999999999454,0.3,54.29999999999637,-1.2804602424185418,1.5907214527684914,2.535974038849929,1.5907214528904206,-1.2804602421548452,-5.205766643477034,-5.205766643308664,0.7027352637849187,0.7535427903288886,0.7664555910712174,0.7535427903308755,0.7027352637858005,0.15562850208620146,0.04567375578302673,0.013944713446603722,0.04567375577802666,0.15562850208563747,0.0,0.0,0.0,0.0,0.0,off,off,off,off,off
211.24999999999454,0.3,54.37499999999636,-1.2598076228212562,1.6106514247920813,2.5558336336032994,1.6106514249067914,-1.2598076225569912,-5.184645912607493,-5.184645912438384,0.7027876986911886,0.7538369521321011,0.7666186429468611,0.7538369521340571,0.7027876986920721,0.15562850208620146,0.04495011773017824,0.013594605484960724,0.044950117725209245,0.15562850208563747,0.0,0.0,0.0,0.0,0.0,off,off,off,off,off
211.49999999999454,0.3,54.44999999999635,-1.2391660058131038,1.6305703227583876,2.5756818976765317,1.6305703228731545,-1.2391660055510556,-5.163533805409088,-5.163533805239467,0.7028400991143445,0.7541299478744464,0.7667796991365239,0.7541299478763905,0.7028400991152219,0.15562850208620146,0.044229129679109705,0.013250655541295417,0.044229129674171835,0.15562850208563747,0.0,0.0,0.0,0.0,0.0,off,off,off,off,off
211.74999999999454,0.3,54.52499999999634,-1.2185352821380206,1.6504784368084415,2.595519083624481,1.6504784369267895,-1.2185352818685828,-5.142430335788276,-5.1424303356179735,0.7028924653881367,0.7544216997140435,0.766938769063127,0.7544216997159852,0.7028924653890334,0.15562850208620146,0.04351103879222056,0.012912844155472135,0.0435110387873123,0.15562850208563747,0.0,0.0,0.0,0.0,0.0,off,off,off,off,off
211.99999999999454,0.3,54.59999999999633,-1.1979153417365183,1.670376054994506,2.6153454435399226,1.670376055117174,-1.1979153414666257,-5.121335516788122,-5.1213355166172505,0.7029447978477147,0.7547121321495167,0.7670958630935741,0.7547121321514587,0.7029447978486129,0.15562850208620146,0.0427960861775948,0.012581148608141354,0.042796086172717275,0.15562850208563747,0.0,0.0,0.0,0.0,0.0,off,off,off,off,off
212.24999999999454,0.3,54.67499999999632,-1.177306073859313,1.6902634631437081,2.635161228907407,1.6902634632662625,-1.1773060735865215,-5.100249360590112,-5.100249360418559,0.702997096829346,0.7550011720302751,0.7672509925032968,0.7550011720322056,0.7029970968302512,0.15562850208620146,0.042084506807688424,0.012255543028981184,0.04208450680283884,0.15562850208563747,0.0,0.0,0.0,0.0,0.0,off,off,off,off,off
212.49999999999454,0.3,54.749999999996305,-1.1567073671571393,1.7101409446519256,2.6549666904265905,1.7101409447729452,-1.1567073668866783,-5.07917187851524,-5.079171878343118,0.7030493626701947,0.7552887485638679,0.7674041694408809,0.7552887485657828,0.7030493626710936,0.15562850208620146,0.04137652944552636,0.011935998505092619,0.04137652944070723,0.15562850208563747,0.0,0.0,0.0,0.0,0.0,off,off,off,off,off
212.74999999999454,0.3,54.824999999996294,-1.1361191097793721,1.7300087803369593,2.6747620778553483,1.730008780463379,-1.1361191095094796,-5.058103081027241,-5.058103080854437,0.7031015957080813,0.7555747933208337,0.7675554068929665,0.7555747933227508,0.7031015957089788,0.15562850208620146,0.04067237657838744,0.011622483189407621,0.0406723765736003,0.15562850208563747,0.0,0.0,0.0,0.0,0.0,off,off,off,off,off
212.99999999999454,0.3,54.89999999999628,-1.1155411894582699,1.7498672483043833,2.694547639852715,1.7498672484294957,-1.1155411891902531,-5.037042977734927,-5.037042977561555,0.7031537962812766,0.7558592402370035,0.7677047186493807,0.7558592402389046,0.7031537962821691,0.15562850208620146,0.039972264358841436,0.011314962408981175,0.03997226435408639,0.15562850208563747,0.0,0.0,0.0,0.0,0.0,off,off,off,off,off
213.24999999999454,0.3,54.97499999999627,-1.094973493609757,1.769716623759109,2.714323623837288,1.769716623884733,-1.094973493343673,-5.015991577396221,-5.01599157722228,0.7032059647282534,0.7561420256131407,0.7678521192685926,0.7561420256150311,0.703205964729141,0.15562850208620146,0.039276402553106715,0.011013398773030128,0.03927640254838336,0.15562850208563747,0.0,0.0,0.0,0.0,0.0,off,off,off,off,off
213.49999999999454,0.3,55.04999999999626,-1.0744159094150518,1.789557178881239,2.7340902758272136,1.7895571790051008,-1.0744159091487973,-4.99494888792259,-4.994948887747967,0.7032581013874878,0.756423088112323,0.7679976240434156,0.7564230881141953,0.7032581013883763,0.15562850208620146,0.03858499449662346,0.010717752280602446,0.03858499449193589,0.15562850208563747,0.0,0.0,0.0,0.0,0.0,off,off,off,off,off
213.74999999999454,0.3,55.12499999999625,-1.053868323914628,1.8093891826895288,2.753847840304843,1.8093891828062851,-1.0538683236482598,-4.973914916383194,-4.973914916208116,0.7033102065972299,0.7567023687549354,0.7681412489671129,0.7567023687567741,0.7033102065981182,0.15562850208620146,0.037898237056732544,0.01042798042774951,0.037898237052084616,0.15562850208563747,0.0,0.0,0.0,0.0,0.0,off,off,off,off,off
213.99999999999454,0.3,55.19999999999624,-1.033330624089274,1.8292129009030305,2.7735965600725194,1.8292129010238796,-1.0333306238225077,-4.952889669011483,-4.952889668835724,0.7033622806953022,0.7569798109113811,0.768283010699837,0.7569798109132164,0.7033622806961916,0.15562850208620146,0.03721632060236328,0.01014403831409291,0.03721632059775606,0.15562850208563747,0.0,0.0,0.0,0.0,0.0,off,off,off,off,off
214.24999999999454,0.3,55.274999999996226,-1.0128026969418897,1.8490285958262689,2.7933366761239995,1.8490285959551898,-1.0128026966699508,-4.931873151209913,-4.931873151033642,0.7034143240189038,0.757255360292663,0.7684229265354944,0.7572553602945058,0.7034143240198066,0.15562850208620146,0.03653942898062291,0.009865878748664753,0.03653942897605414,0.15562850208563747,0.0,0.0,0.0,0.0,0.0,off,off,off,off,off
214.49999999999454,0.3,55.349999999996214,-0.9922844295685991,1.8688365262344178,2.813068427511837,1.8688365263694777,-0.9922844292979676,-4.910865367557278,-4.910865367380495,0.7034663369044364,0.7575289649388398,0.7685610143690113,0.7575289649406867,0.7034663369053358,0.15562850208620146,0.03586773950016721,0.009593452354922621,0.03586773949563127,0.15562850208563747,0.0,0.0,0.0,0.0,0.0,off,off,off,off,off
214.74999999999454,0.3,55.4249999999962,-0.9717757092747661,1.8886369472534739,2.8327920512186324,1.888636947389557,-0.9717757090056693,-4.8898663218153615,-4.889866321637953,0.7035183196872156,0.7578005752054385,0.7686972926640394,0.7578005752072753,0.7035183196881113,0.15562850208620146,0.03520142292121512,0.009326707674836789,0.035201422916713375,0.15562850208563747,0.0,0.0,0.0,0.0,0.0,off,off,off,off,off
214.99999999999454,0.3,55.49999999999619,-0.9512764236058047,1.9084301102558356,2.85250778203698,1.9084301103812322,-0.951276423337049,-4.8688760169362695,-4.868876016758293,0.7035702727014034,0.7580701437479411,0.7688317804211392,0.7580701437497347,0.7035702727022979,0.15562850208620146,0.034540643452112975,0.009065591271947315,0.03454064344765203,0.15562850208563747,0.0,0.0,0.0,0.0,0.0,off,off,off,off,off
215.24999999999454,0.3,55.57499999999618,-0.9307864604465976,1.9282162627453658,2.8722158524647625,1.9282162628769015,-0.9307864601808546,-4.8478944550709,-4.847894454892241,0.7036221962797603,0.7583376255043659,0.7689644971464811,0.7583376255061611,0.7036221962806473,0.15562850208620146,0.03388555875228208,0.008810047833300914,0.03388555874786196,0.15562850208563747,0.0,0.0,0.0,0.0,0.0,off,off,off,off,off
215.49999999999454,0.3,55.64999999999617,-0.9103057080995427,1.9479956483144747,2.8919164925759446,1.947995648453798,-0.9103057078320376,-4.826921637576675,-4.826921637397447,0.7036740907534567,0.7586029776762427,0.7690954628209679,0.7586029776780449,0.7036740907543483,0.15562850208620146,0.03323631994141106,0.008560020270181653,0.03323631993703066,0.15562850208563747,0.0,0.0,0.0,0.0,0.0,off,off,off,off,off
215.74999999999454,0.3,55.72499999999616,-0.8898340553329831,1.9677685065104242,2.9116099299222924,1.967768506655318,-0.8898340550637727,-4.805957565027256,-4.80595756484729,0.7037259564519563,0.7588661597076194,0.769224697869956,0.7588661597094238,0.7037259564528523,0.15562850208620146,0.03259307161476293,0.008315449817548198,0.03259307161041847,0.15562850208563747,0.0,0.0,0.0,0.0,0.0,off,off,off,off,off
215.99999999999454,0.3,55.799999999996146,-0.8693713914632326,1.9875350727777459,2.931296389426109,1.9875350729240608,-0.8693713911924306,-4.785002237220681,-4.785002237040089,0.7037777937028168,0.7591271332626294,0.7693522231334767,0.7591271332644239,0.7037777937037165,0.15562850208620146,0.031955951864438295,0.008076276132101245,0.03195595186012826,0.15562850208563747,0.0,0.0,0.0,0.0,0.0,off,off,off,off,off
216.24999999999454,0.3,55.874999999996135,-0.8489176064221624,2.0072955783751354,2.950976093281895,2.007295578525259,-0.848917606150053,-4.764055653189985,-4.764055653008882,0.7038296028315221,0.7593858622014161,0.7694780598370226,0.7593858622032078,0.7038296028324251,0.15562850208620146,0.03132509230644829,0.007842437388904803,0.03132509230217752,0.15562850208563747,0.0,0.0,0.0,0.0,0.0,off,off,off,off,off
216.49999999999454,0.3,55.94999999999612,-0.8284725908131918,2.027050250311504,2.97064926087603,2.0270502504608316,-0.8284725905377854,-4.743117811212869,-4.743117811031027,0.7038813841613497,0.7596423125544324,0.7696022295629406,0.7596423125562077,0.7038813841622616,0.15562850208620146,0.030700618113442647,0.007613870376492359,0.030700618109209724,0.15562850208563747,0.0,0.0,0.0,0.0,0.0,off,off,off,off,off
216.74999999999454,0.3,56.02499999999611,-0.8080362359751803,2.046799311286634,2.990316108667912,2.0467993114367005,-0.8080362356998876,-4.722188708821932,-4.7221887086394645,0.7039331380132171,0.7598964524959849,0.7697247542222868,0.7598964524977488,0.7039331380141284,0.15562850208620146,0.03008264805290529,0.007390510590392094,0.03008264804871264,0.15562850208563747,0.0,0.0,0.0,0.0,0.0,off,off,off,off,off
216.99999999999454,0.3,56.0999999999961,-0.7876084340459784,2.066542979625069,3.009976850132489,2.066542979774283,-0.7876084337693214,-4.701268342815695,-4.701268342632545,0.7039848647055227,0.7601482523157101,0.7698456560269257,0.7601482523174566,0.7039848647064373,0.15562850208620146,0.02947129453069285,0.007172292325010666,0.02947129452654028,0.15562850208563747,0.0,0.0,0.0,0.0,0.0,off,off,off,off,off
217.24999999999454,0.3,56.17499999999609,-0.7671890780118247,2.0862814692332563,3.0296316956570877,2.086281469380424,-0.7671890777392036,-4.680356709269347,-4.680356709085572,0.7040365645540316,0.7603976843889557,0.7699649574639957,0.760397684390682,0.704036564554936,0.15562850208620146,0.028866663639721356,0.006959148763818157,0.028866663635610156,0.15562850208563747,0.0,0.0,0.0,0.0,0.0,off,off,off,off,off
217.49999999999454,0.3,56.24999999999608,-0.7467780617720337,2.106014989538039,3.049280852494121,2.1060149896870826,-0.7467780614992421,-4.659453803546512,-4.6594538033619415,0.7040882378717166,0.7606447231461573,0.7700826812685744,0.7606447231478736,0.704088237872621,0.15562850208620146,0.028268855213646027,0.006751012067779256,0.0282688552095776,0.15562850208563747,0.0,0.0,0.0,0.0,0.0,off,off,off,off,off
217.74999999999454,0.3,56.324999999996066,-0.7263752801799797,2.1257437454802925,3.068924524655529,2.125743745629734,-0.7263752799028111,-4.638559620310275,-4.638559620125079,0.7041398849686592,0.7608893450411275,0.7701988503980882,0.7608893450428298,0.704139884969575,0.15562850208620146,0.027677962885342935,0.0065478134619878295,0.027677962881318716,0.15562850208563747,0.0,0.0,0.0,0.0,0.0,off,off,off,off,off
217.99999999999454,0.3,56.399999999996055,-0.705980629093176,2.1454679374427883,3.0885629128697474,2.1454679375992782,-0.7059806288150412,-4.617674153535972,-4.6176741533500945,0.7041915061519328,0.7611315285181129,0.7703134880074916,0.7611315285198194,0.7041915061528506,0.15562850208620146,0.027094074150047512,0.006349483320456586,0.027094074146064316,0.15562850208563747,0.0,0.0,0.0,0.0,0.0,off,off,off,off,off
218.24999999999454,0.3,56.474999999996044,-0.6855940054273333,2.1651877612426347,3.1081962145130433,2.165187761402251,-0.6855940051523817,-4.596797396522447,-4.596797396336058,0.7042431017254667,0.7613712539780388,0.7704266174248785,0.7613712539797398,0.7042431017263767,0.15562850208620146,0.02651727043294444,0.006155951249021037,0.0265172704290023,0.15562850208563747,0.0,0.0,0.0,0.0,0.0,off,off,off,off,off
218.49999999999454,0.3,56.54999999999603,-0.6652153072078022,2.184903408102457,3.12782462353465,2.1849034082604817,-0.6652153069347833,-4.57592934190518,-4.575929341718108,0.7042946719899281,0.7616085037437754,0.7705382621276997,0.7616085037454577,0.7042946719908332,0.15562850208620146,0.025947627161049407,0.0059671461663251945,0.025947627157148552,0.15562850208563747,0.0,0.0,0.0,0.0,0.0,off,off,off,off,off
218.74999999999454,0.3,56.62499999999602,-0.64484443360368,2.204615064610323,3.147448330425391,2.2046150647706213,-0.6448444333258863,-4.555069981668396,-4.555069981480813,0.7043462172426355,0.7618432620245202,0.7706484457197316,0.7618432620261935,0.7043462172435532,0.15562850208620146,0.02538521383920506,0.005782996382853767,0.02538521383534752,0.15562850208563747,0.0,0.0,0.0,0.0,0.0,off,off,off,off,off
218.99999999999454,0.3,56.69999999999601,-0.6244812849564596,2.2243229127306563,3.1670675221514557,2.2243229128869757,-0.6244812846754257,-4.534219307158196,-4.534219306969987,0.704397737777498,0.7620755148795261,0.7707571919085864,0.7620755148811731,0.7043977377784237,0.15562850208620146,0.024830094129997864,0.0056034296779832495,0.024830094126185382,0.15562850208563747,0.0,0.0,0.0,0.0,0.0,off,off,off,off,off
219.24999999999454,0.3,56.774999999996,-0.6041257628451149,2.2440271297912204,3.1866823821090406,2.2440271299450387,-0.6041257625606136,-4.513377309095517,-4.5133773089066835,0.7044492338848511,0.7623052501810467,0.7708645244839166,0.762305250182671,0.7044492338857856,0.15562850208620146,0.024282325937421505,0.0054283733750269715,0.024282325933655334,0.15562850208563747,0.0,0.0,0.0,0.0,0.0,off,off,off,off,off
219.49999999999454,0.3,56.84999999999599,-0.5837777701052005,2.2637278884516263,3.206293090090753,2.263727888599817,-0.5837777698222908,-4.492543977588866,-4.492543977399464,0.7045007058514186,0.7625324575765576,0.7709704672962896,0.7625324575781506,0.7045007058523481,0.15562850208620146,0.023741961494110536,0.0052577544142536955,0.023741961490391955,0.15562850208563747,0.0,0.0,0.0,0.0,0.0,off,off,off,off,off
219.74999999999454,0.3,56.924999999995975,-0.563437210875577,2.283425356727321,3.225899822242013,2.283425356875398,-0.5634372105910757,-4.471719302148529,-4.471719301958615,0.7045521539601951,0.762757128450533,0.7710750442366782,0.7627571284521097,0.7045521539611295,0.15562850208620146,0.023209047451961083,0.00509149942386001,0.02320904744829151,0.15562850208563747,0.0,0.0,0.0,0.0,0.0,off,off,off,off,off
219.99999999999454,0.3,56.999999999995964,-0.543103990614668,2.303119697980719,3.245502751017625,2.3031196981251014,-0.5431039903273813,-4.450903271699303,-4.4509032715086505,0.7046035784904163,0.7629792558855846,0.7711782792165899,0.7629792558871339,0.7046035784913578,0.15562850208620146,0.02268362497595049,0.004929534788885394,0.022683624972331156,0.15562850208563747,0.0,0.0,0.0,0.0,0.0,off,off,off,off,off
220.24999999999454,0.3,57.07499999999595,-0.5227780161415012,2.322811070927287,3.265102045161143,2.32281107106985,-0.5227780158547262,-4.430095874594315,-4.430095874403037,0.704654979717456,0.7631988346231522,0.7712801961488979,0.7631988346246794,0.7046549797183959,0.15562850208620146,0.02216572984098263,0.0047717867180558015,0.022165729837414848,0.15562850208563747,0.0,0.0,0.0,0.0,0.0,off,off,off,off,off
220.49999999999454,0.3,57.14999999999594,-0.5024591956683366,2.342499629643328,3.284697869677302,2.342499629786289,-0.5024591953824142,-4.409297098628656,-4.409297098436582,0.7047063579127509,0.7634158610237736,0.7713808189292931,0.7634158610252846,0.7047063579136884,0.15562850208620146,0.021655392531577968,0.0046181813085500074,0.021655392528061625,0.15562850208563747,0.0,0.0,0.0,0.0,0.0,off,off,off,off,off
220.74999999999454,0.3,57.22499999999593,-0.4821474388161846,2.362185523594121,3.304290385805814,2.362185523736457,-0.48214743852872743,-4.388506931052916,-4.388506930860274,0.7047577133437662,0.76363033302703,0.7714801714183798,0.7636303330285221,0.7047577133447078,0.15562850208620146,0.021152638344220487,0.004468644608683037,0.021152638340756542,0.15562850208563747,0.0,0.0,0.0,0.0,0.0,off,off,off,off,off
220.99999999999454,0.3,57.29999999999592,-0.4618426566473772,2.381868897635229,3.323879751002835,2.381868897773643,-0.46184265636173905,-4.367725358587961,-4.367725358394637,0.7048090462739186,0.7638422501110962,0.771578277424417,0.7638422501125597,0.7048090462748554,0.15562850208620146,0.02065748749219311,0.004323102678505588,0.02065748748878143,0.15562850208563747,0.0,0.0,0.0,0.0,0.0,off,off,off,off,off
221.24999999999454,0.3,57.37499999999591,-0.4415447616844972,2.4015498920334153,3.3434661189276085,2.401549892172625,-0.44154476139561893,-4.3469523674374955,-4.346952367243659,0.7048603569625336,0.7640516132520724,0.7716751606867126,0.764051613253521,0.7048603569634788,0.15562850208620146,0.020169955212721868,0.004181481648320112,0.020169955209363186,0.15562850208563747,0.0,0.0,0.0,0.0,0.0,off,off,off,off,off
221.49999999999454,0.3,57.449999999995896,-0.4212536679249297,2.421228642504616,3.36304963941285,2.4212286426457013,-0.42125366764093997,-4.326187943303125,-4.326187943108835,0.7049116456648146,0.7642584248831428,0.7717708448595954,0.7642584248845788,0.7049116456657474,0.15562850208620146,0.019690051876245406,0.00404370777511872,0.01969005187293927,0.15562850208563747,0.0,0.0,0.0,0.0,0.0,off,off,off,off,off
221.74999999999454,0.3,57.524999999995885,-0.40096929087388844,2.4409052802340057,3.3826304584805484,2.4409052803697477,-0.4009692905901261,-4.305432071398059,-4.305432071202972,0.7049629126317617,0.7644626888535113,0.7718653534971344,0.764462688854915,0.7049629126326941,0.15562850208620146,0.01921778309764331,0.003909707496948025,0.01921778309439036,0.15562850208563747,0.0,0.0,0.0,0.0,0.0,off,off,off,off,off
221.99999999999454,0.3,57.59999999999587,-0.38069154755351065,2.460579931900554,3.40220871832139,2.460579932029816,-0.38069154726838406,-4.284684736460633,-4.284684736264921,0.7050141581101578,0.7646644103872258,0.771958710038373,0.7646644103885937,0.7050141581110935,0.15562850208620146,0.018753149849247034,0.00377940748521009,0.018753149846049578,0.15562850208563747,0.0,0.0,0.0,0.0,0.0,off,off,off,off,off
222.24999999999454,0.3,57.67499999999586,-0.36042035651774995,2.4802527197131212,3.4217845572959504,2.4802527198452253,-0.3604203562226189,-4.263945922768698,-4.263945922572418,0.705065382342532,0.7648635960419515,0.7720509377925965,0.7648635960433097,0.7050653823434934,0.15562850208620146,0.018296148575470315,0.0036527346949127132,0.018296148572326913,0.15562850208563747,0.0,0.0,0.0,0.0,0.0,off,off,off,off,off
222.49999999999454,0.3,57.74999999999585,-0.34015563785197855,2.4999237614688923,3.4413581099333896,2.499923761601451,-0.3401556375599739,-4.243215614153996,-4.243215613957261,0.7051165855671684,0.765060253667778,0.7721420599276415,0.7650602536691199,0.7051165855681213,0.15562850208620146,0.017846771308867585,0.0035296164128819445,0.01784677130577759,0.15562850208563747,0.0,0.0,0.0,0.0,0.0,off,off,off,off,off
222.74999999999454,0.3,57.82499999999584,-0.31989731320788906,2.5195931705594035,3.460929506928778,2.519593170695316,-0.3198973129149749,-4.222493794015634,-4.222493793818273,0.7051677680180196,0.7652543923658801,0.7722320994554182,0.7652543923672132,0.705167768018975,0.15562850208620146,0.017405005787487122,0.0034099803039536088,0.01740500578445037,0.15562850208563747,0.0,0.0,0.0,0.0,0.0,off,off,off,off,off
222.99999999999454,0.3,57.89999999999583,-0.29964530580554083,2.539261056036594,3.4804988751652672,2.5392610561720517,-0.2996453055114898,-4.20178044533418,-4.201780445136251,0.7052189299247094,0.7654460224474007,0.7723210792199481,0.765446022448716,0.7052189299256673,0.15562850208620146,0.016970835573332302,0.003293754455161098,0.016970835570347648,0.15562850208563747,0.0,0.0,0.0,0.0,0.0,off,off,off,off,off
223.24999999999454,0.3,57.974999999995816,-0.2793995404354632,2.5589275226461154,3.5000663377067553,2.558927522776628,-0.27939954014357227,-4.181075550685591,-4.181075550487037,0.7052700715125286,0.7656351553923314,0.772409021885742,0.7656351553936155,0.7052700715134814,0.15562850208620146,0.016544240171775224,0.0031808674179411357,0.01654424016884426,0.15562850208563747,0.0,0.0,0.0,0.0,0.0,off,off,off,off,off
223.49999999999454,0.3,58.049999999995805,-0.25915994347053584,2.578592670871558,3.5196320138212513,2.578592671005424,-0.2591599431772238,-4.160379092255255,-4.160379092056246,0.7053211930024139,0.7658218038085483,0.7724959499267184,0.7658218038098241,0.70532119300337,0.15562850208620146,0.016125195151771354,0.003071248248379159,0.01612519514889436,0.15562850208563747,0.0,0.0,0.0,0.0,0.0,off,off,off,off,off
223.74999999999454,0.3,58.124999999995794,-0.23892644286763698,2.598256597000841,3.5391960189901397,2.5982565971377767,-0.23892644257358597,-4.139691051851855,-4.139691051652278,0.705372294610944,0.7660059813910756,0.772581885615641,0.7660059813923428,0.7053722946119021,0.15562850208620146,0.0157136722667097,0.0029648265455178378,0.015713672263884083,0.15562850208563747,0.0,0.0,0.0,0.0,0.0,off,off,off,off,off
223.99999999999454,0.3,58.19999999999578,-0.2186989681752607,2.6179193931632767,3.558758464914945,2.61791939329828,-0.21869896788103915,-4.119011410920905,-4.119011410720589,0.7054233765503262,0.7661877028814743,0.7726668510141133,0.7661877028827192,0.705423376551285,0.15562850208620146,0.015309639575753145,0.002861532487756385,0.015309639572979405,0.15562850208563747,0.0,0.0,0.0,0.0,0.0,off,off,off,off,off
224.24999999999454,0.3,58.27499999999577,-0.1984774505307314,2.6375811473860153,3.5783194595662167,2.6375811475163573,-0.19847745023923835,-4.098340150558158,-4.098340150357274,0.7054744390284101,0.7663669840275104,0.7727508679632322,0.7663669840287256,0.7054744390293618,0.15562850208620146,0.014913061565523996,0.0027612968673658153,0.014913061562802709,0.15562850208563747,0.0,0.0,0.0,0.0,0.0,off,off,off,off,off
224.49999999999454,0.3,58.34999999999576,-0.17826182266725255,2.6572419436401447,3.5978791071823366,2.6572419437727604,-0.17826182237371313,-4.0776772515238235,-4.077677251322541,0.70552548224867,0.7665438415430718,0.7728339580746463,0.7665438415442767,0.7055254822496264,0.15562850208620146,0.014523899271980832,0.0026640511231500455,0.01452389926931203,0.15562850208563747,0.0,0.0,0.0,0.0,0.0,off,off,off,off,off
224.74999999999454,0.3,58.42499999999575,-0.1580520189007757,2.676901861916349,3.617437508292369,2.676901862053228,-0.15805201860757734,-4.057022694255863,-4.0570226940539555,0.705576506410245,0.7667182930684638,0.7729161427222031,0.7667182930696631,0.7055765064112008,0.15562850208620146,0.014142110402352569,0.0025697273712839155,0.014142110399734578,0.15562850208563747,0.0,0.0,0.0,0.0,0.0,off,off,off,off,off
224.99999999999454,0.3,58.49999999999574,-0.13784797514671254,2.6965609782792512,3.636994759758636,2.6965609784119238,-0.13784797485487843,-4.036376458883126,-4.036376458680536,0.7056275117079004,0.7668903571309744,0.7729974430341733,0.7668903571321464,0.7056275117088527,0.15562850208620146,0.013767649456983057,0.002478258434358724,0.013767649454415675,0.15562850208563747,0.0,0.0,0.0,0.0,0.0,off,off,off,off,off
225.24999999999454,0.3,58.574999999995725,-0.11764962890168817,2.716219364903509,3.6565509548006503,2.716219365037375,-0.11764962861013828,-4.015738525238703,-4.015738525035545,0.7056784983320774,0.7670600531057564,0.773077879885929,0.7670600531069146,0.7056784983330294,0.15562850208620146,0.013400467850965095,0.0023895778686677488,0.013400467848448368,0.15562850208563747,0.0,0.0,0.0,0.0,0.0,off,off,off,off,off
225.49999999999454,0.3,58.649999999995714,-0.09745691924172206,2.735877090170902,3.6761061830185895,2.735877090305337,-0.09745691894886477,-3.9951088728732884,-3.9951088726693342,0.7057294664689029,0.7672274011772583,0.7731574738930379,0.7672274011784022,0.7057294664698581,0.15562850208620146,0.013040514035420732,0.002303619989767001,0.013040514032954163,0.15562850208563747,0.0,0.0,0.0,0.0,0.0,off,off,off,off,off
225.74999999999454,0.3,58.7249999999957,-0.07726978682183017,2.7555342187083056,3.695660530420298,2.755534218846833,-0.07726978652908656,-3.9744874810676265,-3.974487480863047,0.7057804163001934,0.767392422300911,0.7732362454044249,0.7673924223020502,0.7057804163011482,0.15562850208620146,0.01268773361830733,0.002220319896344868,0.012687733615889962,0.15562850208563747,0.0,0.0,0.0,0.0,0.0,off,off,off,off,off
225.99999999999454,0.3,58.79999999999569,-0.057088173863803604,2.775190811468974,3.7152140794871684,2.7751908116086383,-0.05708817357282214,-3.9538743288458136,-3.9538743286407225,0.7058313480034883,0.7675551381653745,0.7733142144986613,0.7675551381665009,0.7058313480044386,0.15562850208620146,0.012342069484627355,0.002139613492437577,0.012342069482258576,0.15562850208563747,0.0,0.0,0.0,0.0,0.0,off,off,off,off,off
226.24999999999454,0.3,58.87499999999568,-0.03691202414762529,2.794846925775687,3.7347669091786884,2.794846925919842,-0.03691202385414272,-3.933269394988315,-3.9332693947827124,0.7058822617520798,0.7677155711551403,0.7733914009762953,0.7677155711562633,0.7058822617530367,0.15562850208620146,0.01200346191592195,0.002061437508025675,0.01200346191360088,0.15562850208563747,0.0,0.0,0.0,0.0,0.0,off,off,off,off,off
226.49999999999454,0.3,58.94999999999567,-0.01674128300663824,2.8145026154073207,3.7543190949820087,2.814502615550282,-0.016741282711109307,-3.912672658043732,-3.9126726578376747,0.7059331577150254,0.7678737443137447,0.7734678243557506,0.7678737443148489,0.7059331577159875,0.15562850208620146,0.011671848708934895,0.00198572951805071,0.011671848706660779,0.15562850208563747,0.0,0.0,0.0,0.0,0.0,off,off,off,off,off
226.74999999999454,0.3,59.02499999999566,0.0034241026859263,2.834157930663025,3.773870708960544,2.834157930803883,0.0034241029823647295,-3.892084096342103,-3.89208409613542,0.7059840360571854,0.7680296813074248,0.7735435038688917,0.7680296813085082,0.7059840360581496,0.15562850208620146,0.011347165293332873,0.0019124279598890476,0.011347165291106008,0.15562850208563747,0.0,0.0,0.0,0.0,0.0,off,off,off,off,off
226.84999999999457,0.3,59.05499999999566,0.01148639985291311,2.842019941171202,3.781691209568919,2.842019941310241,0.01148640015037472,-3.883850960095458,-3.883850959888491,0.7060056248231201,0.7680914353347745,0.7735735716432751,0.7680914353358465,0.7060056248241676,0.1556255982138175,0.011219217373910222,0.001883767514412649,0.011219217371702294,0.15562559821306274,0.0,0.0,0.0,0.0,0.0,off,off,off,off,off
