time_s,current_A_cm2,charge_C_cm2,T1_C,T2_C,T3_C,T4_C,T5_C,left_plate_C,right_plate_C,V1_V,V2_V,V3_V,V4_V,V5_V,ice1,ice2,ice3,ice4,ice5,q1_W_cm2,q2_W_cm2,q3_W_cm2,q4_W_cm2,q5_W_cm2,mode1,mode2,mode3,mode4,mode5
0.0,0.0,0.0,-30.00000000000017,-30.00000000000017,-30.00000000000017,-30.00000000000017,-30.000000000000085,-30.0,-30.0,1.26757512097522,1.26757512097522,1.26757512097522,1.26757512097522,1.26757512097522,0.0,0.0,0.0,0.0,0.0,0.0,0.0,0.0,0.0,0.0,off,off,off,off,off
0.1,0.0005,2.5e-05,-29.838582134275185,-29.836790164384865,-29.836777607658462,-29.836790164384865,-29.838582134275015,-29.99971807642376,-29.999718076423733,0.8867930073060628,0.8867997297235254,0.8867997707451666,0.8867997297235254,0.8867930073060635,0.0,0.0,0.0,0.0,0.0,1.0,1.0,1.0,1.0,1.0,hold,hold,hold,hold,hold
0.19999999999999998,0.001,0.00010000000000000002,-29.67992689586626,-29.67357850170194,-29.673504847033172,-29.673578501700973,-29.679926895867027,-29.998991868609494,-29.99899186860955,0.8572570076331351,0.8572787443180333,0.8572789763588782,0.8572787443180365,0.8572570076331332,0.0,0.0,0.0,0.0,0.0,1.0,1.0,1.0,1.0,1.0,hold,hold,hold,hold,hold
0.3,0.0015,0.00022500000000000002,-29.52393685096149,-29.51039943609021,-29.51018099507371,-29.510399436090864,-29.523936850960695,-29.9978301892657,-29.997830189265727,0.8397565427366025,0.8398008900558025,0.8398015636030515,0.8398008900558007,0.8397565427366053,0.0,0.0,0.0,0.0,0.0,1.0,1.0,1.0,1.0,1.0,hold,hold,hold,hold,hold
0.4,0.002,0.00039999999999999996,-29.37051946833077,-29.347286326465422,-29.346807500724083,-29.34728632646653,-29.370519468330627,-29.996241563010898,-29.996241563010955,0.8271779069684013,0.8272519350168364,0.8272533890883639,0.8272519350168329,0.8271779069684017,0.0,0.0,0.0,0.0,0.0,1.0,1.0,1.0,1.0,1.0,hold,hold,hold,hold,hold
0.5,0.0025,0.0006249999999999998,-29.219586156259368,-29.184270792613546,-29.18338709624453,-29.184270792616303,-29.219586156258572,-29.994234238887884,-29.99423423888797,0.8172928931863704,0.8174032248985532,0.8174058770140221,0.8174032248985448,0.8172928931863729,0.0,0.0,0.0,0.0,0.0,1.0,1.0,1.0,1.0,1.0,hold,hold,hold,hold,hold
0.6,0.003,0.0008999999999999994,-29.071051911402918,-29.02138263346822,-29.019923513457172,-29.021382633471006,-29.071051911401355,-29.9918162014836,-29.991816201483687,0.8091095810894425,0.8092624423404629,0.8092667797081601,0.8092624423404543,0.8091095810894474,0.0,0.0,0.0,0.0,0.0,1.0,1.0,1.0,1.0,1.0,hold,hold,hold,hold,hold
0.7,0.0034999999999999996,0.001224999999999999,-28.924835092179364,-28.85864985485378,-28.856421321469412,-28.858649854856026,-28.92483509217979,-29.988995181285333,-29.988995181285333,0.8020992134565662,0.8023004696597732,0.8023070412804956,0.8023004696597665,0.8020992134565652,0.0,0.0,0.0,0.0,0.0,1.0,1.0,1.0,1.0,1.0,hold,hold,hold,hold,hold
0.7999999999999999,0.004,0.0015999999999999986,-28.780857240123424,-28.69609873192175,-28.692885810405755,-28.696098731924252,-28.780857240122657,-29.98577866446678,-29.98577866446678,0.7959464232518141,0.7962016083064576,0.7962110178263321,0.7962016083064505,0.7959464232518169,0.0,0.0,0.0,0.0,0.0,1.0,1.0,1.0,1.0,1.0,hold,hold,hold,hold,hold
0.8999999999999999,0.0045,0.002024999999999998,-28.63904292593668,-28.53375388412971,-28.529322898321823,-28.533753884135223,-28.639042925934916,-29.982173902194347,-29.982173902194347,0.7904479828402654,0.7907623231867814,0.7907752223889309,0.7907623231867652,0.7904479828402702,0.0,0.0,0.0,0.0,0.0,1.0,1.0,1.0,1.0,1.0,hold,hold,hold,hold,hold
0.9999999999999999,0.004999999999999999,0.002499999999999998,-28.499319610920736,-28.37163835421876,-28.365739052191458,-28.371638354225524,-28.49931961091869,-29.978187919504762,-29.978187919504734,0.7854652798800702,0.7858437151543571,0.7858607980098734,0.7858437151543375,0.7854652798800762,0.0,0.0,0.0,0.0,0.0,1.0,1.0,1.0,1.0,1.0,hold,hold,hold,hold,hold
1.0999999999999996,0.005499999999999998,0.0030249999999999977,-28.36161751932346,-28.20977368743192,-28.202141218643504,-28.209773687440247,-28.36161751932383,-29.9738275237911,-29.973827523791073,0.780899570080337,0.7813467712548792,0.7813687684717713,0.781346771254855,0.7808995700803358,0.0,0.0,0.0,0.0,0.0,1.0,1.0,1.0,1.0,1.0,hold,hold,hold,hold,hold
1.1999999999999993,0.005999999999999997,0.0035999999999999973,-28.22586951920681,-28.04818000917706,-28.038536762058385,-28.048180009186666,-28.225869519205332,-29.969099312923788,-29.96909931292373,0.7766780464357904,0.7771984320157004,0.7772261060364964,0.7771984320156725,0.776678046435795,0.0,0.0,0.0,0.0,0.0,1.0,1.0,1.0,1.0,1.0,hold,hold,hold,hold,hold
1.299999999999999,0.0064999999999999945,0.004224999999999996,-28.0920110103674,-27.886876100201135,-27.874933408645347,-27.8868761002104,-28.09201101036507,-29.96400968302808,-29.964009683027996,0.7727455054683652,0.7733432561269075,0.7733773965335762,0.7733432561268808,0.7727455054683717,0.0,0.0,0.0,0.0,0.0,1.0,1.0,1.0,1.0,1.0,hold,hold,hold,hold,hold
1.3999999999999986,0.006999999999999993,0.0048999999999999955,-27.959979818383886,-27.725879468827998,-27.71133919555183,-27.7258794688359,-27.95997981838218,-29.958564835938063,-29.958564835938006,0.7690591118118837,0.7697381837380308,0.7697796030289187,0.769738183738008,0.769059111811889,0.0,0.0,0.0,0.0,0.0,1.0,1.0,1.0,1.0,1.0,hold,hold,hold,hold,hold
1.4999999999999982,0.007499999999999991,0.005624999999999995,-27.829716094121636,-27.565206420101163,-27.547762424381148,-27.56520642011003,-27.829716094119988,-29.952770786343166,-29.952770786343024,0.7655849741574505,0.7663491113158925,0.7663986410239655,0.7663491113158672,0.7655849741574553,0.0,0.0,0.0,0.0,0.0,1.0,1.0,1.0,1.0,1.0,hold,hold,hold,hold,hold
1.5999999999999979,0.00799999999999999,0.006399999999999994,-27.70116221817375,-27.404872121712685,-27.3842116185846,-27.404872121722548,-27.70116221817446,-29.94663336864238,-29.94663336864224,0.7622958290450093,0.763148574500956,0.7632070616261635,0.7631485745009282,0.7622958290450073,0.0,0.0,0.0,0.0,0.0,1.0,1.0,1.0,1.0,1.0,boost,hold,hold,hold,boost
1.6999999999999975,0.008499999999999988,0.007224999999999993,-27.574262709870425,-27.244890666770885,-27.220695484385203,-27.244890666777735,-27.574262709870254,-29.940158243521154,-29.94015824352107,0.7591694284555036,0.7601141348831472,0.7601824386145942,0.7601141348831282,0.7591694284555044,0.0,0.0,0.0,0.0,0.0,1.0,1.0,1.0,1.0,1.0,boost,hold,hold,hold,boost
1.7999999999999972,0.008999999999999985,0.008099999999999991,-27.44896414052269,-27.085275133462062,-27.057222874890442,-27.085275133467178,-27.448964140520474,-29.93335090426214,-29.933350904262028,0.7561873892591121,0.7572272287287226,0.7573062174347992,0.7572272287287083,0.7561873892591188,0.0,0.0,0.0,0.0,0.0,1.0,1.0,1.0,1.0,1.0,boost,hold,hold,hold,boost
1.8999999999999968,0.009499999999999984,0.00902499999999999,-27.32521505062607,-26.926037641706984,-26.893802757140293,-26.926037641712384,-27.32521505062377,-29.92621668280347,-29.9262166828033,0.7533343543661906,0.7544723274872374,0.7545628759538556,0.7544723274872228,0.7533343543661976,0.0,0.0,0.0,0.0,0.0,1.0,1.0,1.0,1.0,1.0,boost,hold,hold,hold,boost
1.9999999999999964,0.009999999999999983,0.009999999999999988,-27.20296587080415,-26.767189406910717,-26.730444181845286,-26.767189406916515,-27.20296587080267,-29.91876075555487,-29.9187607555547,0.7505973694588474,0.7518363139434378,0.7519393008422819,0.7518363139434217,0.7505973694588518,0.0,0.0,0.0,0.0,0.0,1.0,1.0,1.0,1.0,1.0,boost,hold,hold,hold,boost
2.099999999999996,0.01049999999999998,0.011024999999999986,-27.08216884624781,-26.60874079092264,-26.567156255629556,-26.608740790927186,-27.082168846246418,-29.910988148983392,-29.910988148983165,0.7479654120757065,0.749308010776421,0.7494243163465818,0.7493080107764084,0.7479654120757105,0.0,0.0,0.0,0.0,0.0,1.0,1.0,1.0,1.0,1.0,boost,hold,hold,hold,boost
2.1999999999999957,0.010999999999999979,0.012099999999999984,-26.962777964480864,-26.450701350338164,-26.40394811557428,-26.450701350344872,-26.962777964480267,-29.90290374497755,-29.90290374497738,0.7454290304497473,0.7468778189180705,0.7470083228458528,0.7468778189180519,0.7454290304497492,0.0,0.0,0.0,0.0,0.0,1.0,1.0,1.0,1.0,1.0,boost,hold,hold,hold,boost
2.2999999999999954,0.011499999999999977,0.013224999999999982,-26.84474888629424,-26.29307988225935,-26.24082890590256,-26.293079882265772,-26.84474888629296,-29.894512286000577,-29.894512286000463,0.7429800627774427,0.7445374363827587,0.7446830158656201,0.7445374363827408,0.7429800627774465,0.0,0.0,0.0,0.0,0.0,1.0,1.0,1.0,1.0,1.0,boost,hold,hold,hold,boost
2.399999999999995,0.011999999999999976,0.014399999999999979,-26.728038879634283,-26.13588446761574,-26.07780775666194,-26.135884467620087,-26.728038879633942,-29.885818380041513,-29.885818380041428,0.7406114163471691,0.7422796369911151,0.7424411649726718,0.742279636991103,0.74061141634717,0.0,0.0,0.0,0.0,0.0,1.0,1.0,1.0,1.0,1.0,boost,hold,hold,hold,boost
2.4999999999999947,0.012499999999999973,0.015624999999999976,-26.612606756377573,-25.97912251219583,-25.914893764269635,-25.979122512200718,-26.61260675637709,-29.876826505372208,-29.876826505372208,0.7383168918420174,0.7400980942989712,0.7402764378630506,0.7400980942989575,0.7383168918420188,0.0,0.0,0.0,0.0,0.0,1.0,1.0,1.0,1.0,1.0,boost,hold,hold,hold,boost
2.5999999999999943,0.012999999999999972,0.016899999999999974,-26.49841281176367,-25.82280078548351,-25.752095973757577,-25.82280078548868,-26.49841281176515,-29.86754101511991,-29.867541015119855,0.7360910421700929,0.7379872400809235,0.7381832589935579,0.7379872400809091,0.7360910421700887,0.0,0.0,0.0,0.0,0.0,1.0,1.0,1.0,1.0,1.0,boost,hold,hold,hold,boost
2.699999999999994,0.01349999999999997,0.018224999999999967,-26.385418766440125,-25.666925457390562,-25.589423362648603,-25.666925457395507,-26.38541876644061,-29.85796614166145,-29.857966141661308,0.733929057991597,0.7359421495352154,0.7361566949240644,0.7359421495352015,0.7339290579915956,0.0,0.0,0.0,0.0,0.0,1.0,1.0,1.0,1.0,1.0,boost,hold,hold,hold,boost
2.7999999999999936,0.013999999999999969,0.019599999999999968,-26.27358771092736,-25.5115021330418,-25.42688482630544,-25.511502133045582,-26.27358771092827,-29.84810600084805,-29.848106000847906,0.7318266741085646,0.7339584473730234,0.7341923605347167,0.733958447373013,0.731826674108562,0.0,0.0,0.0,0.0,0.0,1.0,1.0,1.0,1.0,1.0,boost,hold,hold,hold,boost
2.8999999999999932,0.014499999999999966,0.021024999999999964,-26.162884052446657,-25.35653588566123,-25.26448916469198,-25.356535885662936,-26.162884052448362,-29.837964596067394,-29.837964596067224,0.7297800923177762,0.7320322303908812,0.7322863417171707,0.7320322303908764,0.7297800923177715,0.0,0.0,0.0,0.0,0.0,1.0,1.0,1.0,1.0,1.0,boost,hold,hold,hold,boost
2.999999999999993,0.014999999999999965,0.02249999999999996,-26.053273463957424,-25.20203128767926,-25.102245070414966,-25.2020312876825,-26.053273463957595,-29.827545822149006,-29.827545822148835,0.7277859173730117,0.7301600031704186,0.7304351311848054,0.73016000317041,0.7277859173730117,0.0,0.0,0.0,0.0,0.0,1.0,1.0,1.0,1.0,1.0,boost,hold,hold,hold,boost
3.0999999999999925,0.015499999999999963,0.02402499999999996,-25.94472283533372,-25.047992440169708,-24.940161117982086,-25.04799244017218,-25.94472283533321,-29.816853469120502,-29.816853469120304,0.7258411034734127,0.7283386243206467,0.7286355748176894,0.72833862432064,0.7258411034734145,0.0,0.0,0.0,0.0,0.0,1.0,1.0,1.0,1.0,1.0,boost,hold,hold,hold,boost
3.199999999999992,0.015999999999999962,0.025599999999999953,-25.837200226567916,-24.894423000658605,-24.77824575417671,-24.894423000659685,-25.837200226568427,-29.805891225820375,-29.805891225820233,0.7239429092696359,0.7265652612531928,0.7268848265331402,0.7265652612531898,0.7239429092696342,0.0,0.0,0.0,0.0,0.0,1.0,1.0,1.0,1.0,1.0,boost,hold,hold,hold,boost
3.299999999999992,0.01649999999999996,0.02722499999999995,-25.730674822917592,-24.74132620943999,-24.616507289481746,-24.741326209442292,-25.730674822918274,-29.794662683373275,-29.79466268337316,0.7220888598125973,0.7248373519139383,0.72518031010593,0.7248373519139321,0.7220888598125951,0.0,0.0,0.0,0.0,0.0,1.0,1.0,1.0,1.0,1.0,boost,hold,hold,hold,boost
3.3999999999999915,0.016999999999999956,0.028899999999999947,-25.625116891887473,-24.58870491444725,-24.45495389047042,-24.588704914447618,-25.62511689188875,-29.783171338533435,-29.78317133853332,0.7202767141992383,0.7231525722244523,0.7235196866919097,0.723152572224451,0.7202767141992348,0.0,0.0,0.0,0.0,0.0,1.0,1.0,1.0,1.0,1.0,boost,hold,hold,hold,boost
3.499999999999991,0.017499999999999957,0.03062499999999994,-25.520497742000515,-24.436561594746962,-24.29359357310608,-24.43656159474847,-25.520497742001112,-29.771420596901606,-29.771420596901464,0.7185044379226866,0.7215088082397466,0.7219008270619531,0.7215088082397426,0.7185044379226853,0.0,0.0,0.0,0.0,0.0,1.0,1.0,1.0,1.0,1.0,boost,hold,hold,hold,boost
3.5999999999999908,0.017999999999999954,0.03239999999999993,-25.416789683245725,-24.284898382781307,-24.132434196875778,-24.28489838278182,-25.41678968324814,-29.759413776020835,-29.75941377602075,0.7167701791303345,0.7199041322247879,0.7203217877492132,0.7199041322247866,0.716770179130328,0.0,0.0,0.0,0.0,0.0,1.0,1.0,1.0,1.0,1.0,boost,hold,hold,hold,boost
3.6999999999999904,0.018499999999999954,0.034224999999999936,-25.313965989150034,-24.13371708534285,-23.97148345969927,-24.13371708534305,-25.313965989153616,-29.747154108355915,-29.747154108355858,0.715072248146206,0.7183367820056306,0.7187807904656882,0.71833678200563,0.7150722481461956,0.0,0.0,0.0,0.0,0.0,1.0,1.0,1.0,1.0,1.0,boost,hold,hold,hold,boost
3.79999999999999,0.01899999999999995,0.03609999999999994,-25.21200086038712,-23.983019203433656,-23.810748893567677,-23.983019203434623,-25.21200086039147,-29.734644744161102,-29.734644744161074,0.7134090997343631,0.7168051430709583,0.7172762042644252,0.716805143070956,0.7134090997343508,0.0,0.0,0.0,0.0,0.0,1.0,1.0,1.0,1.0,1.0,boost,hold,hold,hold,boost
3.8999999999999897,0.019499999999999948,0.038024999999999934,-25.11086938986179,-23.832805951000893,-23.65023786084288,-23.83280595100166,-25.11086938986554,-29.721888754240695,-29.721888754240695,0.7117793176753507,0.7153077329955844,0.7158065300190807,0.715307732995582,0.711779317675341,0.0,0.0,0.0,0.0,0.0,1.0,1.0,1.0,1.0,1.0,boost,hold,hold,hold,boost
3.9999999999999893,0.01999999999999995,0.039999999999999925,-25.01054752921857,-23.683078272653603,-23.48995755118338,-23.68307827265548,-25.010547529220702,-29.708889132607,-29.708889132606913,0.710181601303594,0.7138431878331529,0.7143703868684781,0.7138431878331479,0.7101816013035882,0.0,0.0,0.0,0.0,0.0,1.0,1.0,1.0,1.0,1.0,boost,hold,hold,hold,boost
4.099999999999989,0.020499999999999945,0.04202499999999988,-24.911012056688094,-23.533836860391546,-23.32991497903822,-23.533836860394985,-24.911012056690822,-29.695648799039105,-29.69564879903899,0.7086147537147179,0.7124102501864986,0.7129665003348238,0.7124102501864894,0.7086147537147106,0.0,0.0,0.0,0.0,0.0,1.0,1.0,1.0,1.0,1.0,boost,hold,hold,hold,boost
4.199999999999989,0.020999999999999942,0.04409999999999985,-24.81224054623118,-23.385082169401556,-23.170116981676358,-23.385082169404313,-24.81224054623229,-29.682170601547767,-29.682170601547597,0.7070776714008309,0.7110077587132179,0.7115936918734137,0.7110077587132102,0.7070776714008279,0.0,0.0,0.0,0.0,0.0,1.0,1.0,1.0,1.0,1.0,boost,hold,hold,hold,boost
4.299999999999988,0.021499999999999943,0.046224999999999815,-24.714211337914122,-23.23681443298244,-23.01057021768824,-23.23681443298355,-24.714211337917817,-29.668457318748494,-29.66845731874838,0.7055693351117697,0.7096346388639823,0.710250869651663,0.7096346388639795,0.7055693351117597,0.0,0.0,0.0,0.0,0.0,1.0,1.0,1.0,1.0,1.0,boost,hold,hold,hold,boost
4.399999999999988,0.02199999999999994,0.04839999999999978,-24.61690350948379,-23.089033676636603,-22.851281165964707,-23.08903367663683,-24.61690350948865,-29.654511662147627,-29.654511662147627,0.7040888017728196,0.7082898946837463,0.7089370203877098,0.7082898946837456,0.7040888017728059,0.0,0.0,0.0,0.0,0.0,1.0,1.0,1.0,1.0,1.0,boost,hold,hold,hold,boost
4.499999999999988,0.022499999999999937,0.05062499999999974,-24.520296849054432,-22.941739731371428,-22.69225612506378,-22.94173973137069,-24.520296849060372,-29.640336278344876,-29.640336278344932,0.7026351973162472,0.7069726015327242,0.7076512021058159,0.7069726015327266,0.702635197316231,0.0,0.0,0.0,0.0,0.0,1.0,1.0,1.0,1.0,1.0,boost,hold,hold,hold,boost
4.599999999999987,0.022999999999999937,0.0528999999999997,-24.42437182888608,-22.794932246255854,-22.533501212979047,-22.794932246255115,-24.424371828890486,-29.625933751154662,-29.62593375115472,0.7012077103058395,0.7056818996060283,0.7063925376875373,0.7056818996060304,0.7012077103058275,0.0,0.0,0.0,0.0,0.0,1.0,1.0,1.0,1.0,1.0,boost,hold,hold,hold,boost
4.699999999999987,0.023499999999999934,0.055224999999999656,-24.32910958020622,-22.64861070027996,-22.375022367250182,-22.648610700279335,-24.329109580209405,-29.611306603650405,-29.611306603650405,0.6998055862519003,0.7044169881490798,0.7051602091160576,0.704416988149081,0.699805586251892,0.0,0.0,0.0,0.0,0.0,1.0,1.0,1.0,1.0,1.0,boost,hold,hold,hold,boost
4.7999999999999865,0.023999999999999935,0.057599999999999624,-24.234491869015812,-22.502774413540294,-22.216825345385416,-22.502774413539242,-24.23449186901567,-29.596457300134233,-29.59645730013426,0.6984281225293707,0.7031771202811353,0.7039534523261645,0.7031771202811387,0.698428122529371,0.0,0.0,0.0,0.0,0.0,1.0,1.0,1.0,1.0,1.0,boost,hold,hold,hold,boost
4.899999999999986,0.02449999999999993,0.060024999999999586,-24.140501072860815,-22.357422557791097,-22.058915725598496,-22.357422557788823,-24.14050107285766,-29.58138824803578,-29.581388248035836,0.6970746638242332,0.7019615983518788,0.7027715525849065,0.7019615983518851,0.6970746638242418,0.0,0.0,0.0,0.0,0.0,1.0,1.0,1.0,1.0,1.0,boost,hold,hold,hold,boost
4.999999999999986,0.02499999999999993,0.06249999999999954,-24.047120158495204,-22.212554166414918,-21.901298907787435,-22.212554166411877,-24.04712015849418,-29.5661017997418,-29.56610179974183,0.6957445980441489,0.7007697697665823,0.7016138403387832,0.7007697697665908,0.6957445980441516,0.0,0.0,0.0,0.0,0.0,1.0,1.0,1.0,1.0,1.0,boost,hold,hold,hold,boost
5.099999999999985,0.02549999999999993,0.0650249999999995,-23.954332660446,-22.068168143805423,-21.743980114783426,-22.068168143802183,-23.95433266044722,-29.550600254359892,-29.550600254359892,0.6944373526379274,0.6996010232244689,0.7004796874719693,0.6996010232244777,0.694437352637924,0.0,0.0,0.0,0.0,0.0,1.0,1.0,1.0,1.0,1.0,boost,hold,hold,hold,boost
5.199999999999985,0.025999999999999926,0.06759999999999945,-23.862122660382397,-21.924263274242662,-21.586964393795796,-21.92426327424144,-23.862122660385438,-29.534885859418836,-29.534885859418836,0.6931523912762878,0.6984547853221653,0.6993685039279054,0.698454785322169,0.6931523912762788,0.0,0.0,0.0,0.0,0.0,1.0,1.0,1.0,1.0,1.0,boost,hold,hold,hold,boost
5.299999999999985,0.026499999999999923,0.0702249999999994,-23.770474767311327,-21.780838230245536,-21.430256618087384,-21.780838230243717,-23.770474767314596,-29.518960812508226,-29.518960812508197,0.6918892108523944,0.697330517480816,0.6982797346526461,0.6973305174808206,0.691889210852385,0.0,0.0,0.0,0.0,0.0,1.0,1.0,1.0,1.0,1.0,boost,hold,hold,hold,boost
5.399999999999984,0.026999999999999923,0.07289999999999934,-23.679374098528314,-21.637891580450855,-21.273861488792164,-21.637891580449804,-23.679374098534936,-29.502827262858972,-29.502827262858943,0.6906473387663613,0.6962277131606579,0.6972128568241681,0.6962277131606608,0.6906473387663428,0.0,0.0,0.0,0.0,0.0,1.0,1.0,1.0,1.0,1.0,boost,hold,hold,hold,boost
5.499999999999984,0.02749999999999992,0.07562499999999929,-23.5888062613125,-21.495421797044372,-21.117783536934724,-21.495421797041928,-23.58880626131966,-29.486487312867865,-29.486487312867922,0.6894263304623602,0.6951458953315861,0.6961673773360312,0.6951458953315929,0.6894263304623401,0.0,0.0,0.0,0.0,0.0,1.0,1.0,1.0,1.0,1.0,boost,hold,hold,hold,boost
5.599999999999984,0.027999999999999917,0.07839999999999925,-23.498757335318004,-21.353427262761812,-20.962027125570472,-21.353427262761045,-23.498757335324967,-29.469943019567978,-29.469943019568063,0.6882257671910369,0.6940846141721881,0.6951428305081567,0.6940846141721906,0.6882257671910177,0.0,0.0,0.0,0.0,0.0,1.0,1.0,1.0,1.0,1.0,boost,hold,hold,hold,boost
5.699999999999983,0.028499999999999918,0.0812249999999992,-23.40921385565494,-21.211906277494194,-20.806596452066515,-21.211906277490442,-23.40921385566469,-29.453196396046394,-29.45319639604645,0.68704525397324,0.6930434449731161,0.6941387760006134,0.6930434449731262,0.6870452539732137,0.0,0.0,0.0,0.0,0.0,1.0,1.0,1.0,1.0,1.0,boost,hold,hold,hold,boost
5.799999999999983,0.028999999999999915,0.08409999999999915,-23.32016279661272,-21.070857064493282,-20.651495550494104,-21.070857064488735,-23.320162796621503,-29.4362494128124,-29.4362494128124,0.6858844177440788,0.6920219862236794,0.6931547969093533,0.6920219862236919,0.685884417744055,0.0,0.0,0.0,0.0,0.0,1.0,1.0,1.0,1.0,1.0,boost,hold,hold,hold,boost
5.899999999999983,0.029499999999999915,0.08702499999999909,-23.231591555995465,-20.930277776244395,-20.49672829412532,-20.930277776236863,-23.23159155600476,-29.419103999117112,-29.419103999117112,0.6847429056588245,0.6910198578628862,0.6921904980253234,0.6910198578629063,0.6847429056587991,0.0,0.0,0.0,0.0,0.0,1.0,1.0,1.0,1.0,1.0,boost,hold,hold,hold,boost
5.999999999999982,0.029999999999999912,0.08999999999999903,-23.14348794007543,-20.790166499969956,-20.342298398016823,-20.790166499960606,-23.14348794008501,-29.401762044226757,-29.401762044226842,0.6836203835442508,0.6900366996786184,0.6912455042405743,0.6900366996786433,0.6836203835442248,0.0,0.0,0.0,0.0,0.0,1.0,1.0,1.0,1.0,1.0,boost,hold,hold,hold,boost
6.099999999999982,0.03049999999999991,0.09302499999999898,-23.055840149104057,-20.650521262827226,-20.188209421672013,-20.650521262821314,-23.05584014911389,-29.38422539865178,-29.38422539865192,0.6825165344810826,0.6890721698402702,0.6903194590868923,0.6890721698402861,0.6825165344810561,0.0,0.0,0.0,0.0,0.0,1.0,1.0,1.0,1.0,1.0,boost,hold,hold,hold,boost
6.1999999999999815,0.03099999999999991,0.09609999999999894,-22.968636763373297,-20.511340036804768,-20.034464771771837,-20.511340036800505,-22.96863676338316,-29.366495875331964,-29.366495875332106,0.6814310575047269,0.688125943551971,0.689412023394098,0.688125943551983,0.6814310575047009,0.0,0.0,0.0,0.0,0.0,1.0,1.0,1.0,1.0,1.0,boost,hold,hold,hold,boost
6.299999999999981,0.0314999999999999,0.09922499999999888,-22.881866729809445,-20.372620743315167,-19.881067704951334,-20.37262074331275,-22.88186672982053,-29.348575250781124,-29.348575250781295,0.6803636664129342,0.687197711814986,0.688522874056664,0.6871977118149925,0.6803636664129041,0.0,0.0,0.0,0.0,0.0,1.0,1.0,1.0,1.0,1.0,boost,hold,hold,hold,boost
6.399999999999981,0.031999999999999904,0.10239999999999883,-22.795519349068854,-20.234361257532555,-19.72802133064451,-20.23436125752974,-22.795519349079484,-29.33046526619154,-29.330465266191737,0.6793140886703072,0.6862871802889962,0.687651702898409,0.6862871802890042,0.6793140886702786,0.0,0.0,0.0,0.0,0.0,1.0,1.0,1.0,1.0,1.0,boost,hold,hold,hold,boost
6.4999999999999805,0.032499999999999904,0.10562499999999876,-22.709584263116795,-20.096559412460522,-19.57532861393966,-20.096559412454923,-22.70958426312717,-29.31216762850039,-29.312167628500674,0.6782820644006815,0.6853940682432467,0.6867982156263794,0.6853940682432624,0.6782820644006535,0.0,0.0,0.0,0.0,0.0,1.0,1.0,1.0,1.0,1.0,boost,hold,hold,hold,boost
6.59999999999998,0.032999999999999904,0.10889999999999872,-22.62405144328241,-19.959213002765182,-19.42299237848823,-19.9592130027589,-22.624051443291506,-29.29368401141909,-29.293684011419344,0.6772673454592867,0.6845181075893682,0.6859621308656803,0.6845181075893852,0.6772673454592624,0.0,0.0,0.0,0.0,0.0,1.0,1.0,1.0,1.0,1.0,boost,hold,hold,hold,boost
6.69999999999998,0.0334999999999999,0.11222499999999867,-22.538911178739085,-19.822319788371175,-19.271015309417095,-19.822319788365974,-22.53891117874778,-29.275016056426892,-29.275016056427177,0.6762696945776066,0.6836590419886341,0.6851431792681669,0.683659041988648,0.6762696945775832,0.0,0.0,0.0,0.0,0.0,1.0,1.0,1.0,1.0,1.0,boost,hold,hold,hold,boost
6.799999999999979,0.0339999999999999,0.11559999999999862,-22.454154065440378,-19.685877497860332,-19.119399956275174,-19.68587749785459,-22.45415406544896,-29.25616537373105,-29.25616537373125,0.6752888845743593,0.6828166260270588,0.6843411026883928,0.6828166260270742,0.6752888845743361,0.0,0.0,0.0,0.0,0.0,1.0,1.0,1.0,1.0,1.0,boost,hold,hold,hold,boost
6.899999999999979,0.0344999999999999,0.11902499999999856,-22.36977099544916,-19.549883831635782,-18.96814873597134,-19.54988383163257,-22.36977099545888,-29.237133543193096,-29.237133543193266,0.674324697626945,0.6819906244526026,0.6835556534211151,0.6819906244526108,0.6743246976269188,0.0,0.0,0.0,0.0,0.0,1.0,1.0,1.0,1.0,1.0,boost,hold,hold,hold,boost
6.999999999999979,0.03499999999999989,0.1224999999999985,-22.285753146671226,-19.41433646492237,-18.817263935727453,-19.414336464917,-22.28575314668143,-29.217922115224155,-29.217922115224383,0.6733769245980866,0.6811808114690397,0.6827865934950278,0.6811808114690545,0.6733769245980589,0.0,0.0,0.0,0.0,0.0,1.0,1.0,1.0,1.0,1.0,boost,hold,hold,hold,boost
7.099999999999978,0.03549999999999989,0.12602499999999844,-22.202091972964467,-19.279233050557536,-18.66674771603084,-19.279233050551824,-22.202091972975865,-29.19853261164954,-29.198532611649767,0.6724453644130131,0.6803869700818997,0.6820336940180365,0.680386970081915,0.6724453644129821,0.0,0.0,0.0,0.0,0.0,1.0,1.0,1.0,1.0,1.0,boost,hold,hold,hold,boost
7.199999999999978,0.03599999999999989,0.1295999999999984,-22.11877919461523,-19.14457122163131,-18.51660211356696,-19.14457122162503,-22.118779194626086,-29.178966526543604,-29.17896652654389,0.671529823482951,0.679608891492037,0.6812967345698623,0.6796088914920542,0.6715298234829216,0.0,0.0,0.0,0.0,0.0,1.0,1.0,1.0,1.0,1.0,boost,hold,hold,hold,boost
7.299999999999978,0.03649999999999989,0.13322499999999837,-22.035806789162393,-19.01034859395955,-18.36682904415244,-19.010348593952727,-22.03580678917467,-29.159225327036665,-29.159225327036893,0.6706301151711193,0.6788463745330318,0.6805755026380526,0.67884637453305,0.6706301151710858,0.0,0.0,0.0,0.0,0.0,1.0,1.0,1.0,1.0,1.0,boost,hold,hold,hold,boost
7.399999999999977,0.03699999999999989,0.13689999999999833,-21.953166982561925,-18.876562768393256,-18.21743030564903,-18.8765627683851,-21.953166982576704,-29.139310454094073,-29.139310454094414,0.6697460592977494,0.6780992251489116,0.6798697930939585,0.6780992251489344,0.6697460592977095,0.0,0.0,0.0,0.0,0.0,1.0,1.0,1.0,1.0,1.0,boost,hold,hold,hold,boost
7.499999999999977,0.03749999999999989,0.14062499999999828,-21.87085224067718,-18.743211332987016,-18.068407580853147,-18.743211332979627,-21.870852240692386,-29.11922332326995,-29.119223323270347,0.6688774816810211,0.6773672559089727,0.6791794077055238,0.6773672559089929,0.6688774816809799,0.0,0.0,0.0,0.0,0.0,1.0,1.0,1.0,1.0,1.0,boost,hold,hold,hold,boost
7.5999999999999766,0.03799999999999988,0.14439999999999822,-21.78885526107186,-18.61029186504294,-17.919762440376815,-18.610291865035578,-21.788855261087406,-29.098965325434364,-29.09896532543476,0.6680242137110842,0.67665028555677,0.6785041546839647,0.6766502855567897,0.6680242137110419,0.0,0.0,0.0,0.0,0.0,1.0,1.0,1.0,1.0,1.0,boost,hold,hold,hold,boost
7.699999999999976,0.03849999999999988,0.14822499999999816,-21.70716896510416,-18.477801933005935,-17.771496345485758,-18.477801932998233,-21.707168965120758,-29.078537827476794,-29.07853782747722,0.6671860919545698,0.6759481385907394,0.6778438482618153,0.6759481385907605,0.667186091954525,0.0,0.0,0.0,0.0,0.0,1.0,1.0,1.0,1.0,1.0,boost,hold,hold,hold,boost
7.799999999999976,0.03899999999999988,0.1520999999999981,-21.625786490317154,-18.345739098255052,-17.623610650924917,-18.345739098247748,-21.62578649033088,-29.057942172986003,-29.057942172986458,0.6663629577872203,0.6752606448739455,0.6771983082998738,0.6752606448739655,0.6663629577871837,0.0,0.0,0.0,0.0,0.0,1.0,1.0,1.0,1.0,1.0,boost,hold,hold,hold,boost
7.8999999999999755,0.039499999999999875,0.15602499999999803,-21.544701183087625,-18.2141009167633,-17.476106607699165,-18.21410091675395,-21.54470118310266,-29.037179682906952,-29.037179682907464,0.6655546570525652,0.6745876392708553,0.6765673599209664,0.6745876392708805,0.6655546570525247,0.0,0.0,0.0,0.0,0.0,1.0,1.0,1.0,1.0,1.0,boost,hold,hold,hold,boost
7.999999999999975,0.039999999999999876,0.15999999999999795,-21.463906591564296,-18.082884940661188,-17.32898536582357,-18.082884940650985,-21.46390659158027,-29.016251656176024,-29.016251656176507,0.6647610397445815,0.673928961309063,0.6759508331684977,0.6739289613090907,0.6647610397445383,0.0,0.0,0.0,0.0,0.0,1.0,1.0,1.0,1.0,1.0,boost,hold,hold,hold,boost
8.099999999999975,0.040499999999999876,0.1640249999999979,-21.38339645884193,-17.95208871969581,-17.182247977052185,-17.952088719687453,-21.383396458854037,-28.995159370334903,-28.995159370335443,0.6639819597126748,0.6732844548641814,0.6753485626879634,0.6732844548642039,0.6639819597126416,0.0,0.0,0.0,0.0,0.0,1.0,1.0,1.0,1.0,1.0,boost,hold,hold,hold,boost
8.199999999999974,0.04099999999999987,0.16809999999999783,-21.30316471637505,-17.821709802594853,-17.035895397550235,-17.821709802587037,-21.30316471638733,-28.973904082124392,-28.97390408212496,0.6632172743873005,0.6726539678662052,0.6747603874298418,0.672653967866226,0.663217274387267,0.0,0.0,0.0,0.0,0.0,1.0,1.0,1.0,1.0,1.0,boost,hold,hold,hold,boost
8.299999999999974,0.04149999999999987,0.17222499999999777,-21.223205477658468,-17.691745738325835,-16.889928490536647,-17.691745738319412,-21.223205477671883,-28.95248702805847,-28.95248702805904,0.6624668445246431,0.6720373520258625,0.6741861503722879,0.6720373520258797,0.6624668445246068,0.0,0.0,0.0,0.0,0.0,1.0,1.0,1.0,1.0,1.0,boost,hold,hold,hold,boost
8.399999999999974,0.04199999999999987,0.1763999999999977,-21.143513032105176,-17.562194077289206,-16.74434802889334,-17.562194077283834,-21.143513032117994,-28.930909424979234,-28.930909424979745,0.6617305339691366,0.6714344625794484,0.6736256982622263,0.6714344625794629,0.6617305339691018,0.0,0.0,0.0,0.0,0.0,1.0,1.0,1.0,1.0,1.0,boost,hold,hold,hold,boost
8.499999999999973,0.042499999999999864,0.18062499999999762,-21.06408183915113,-17.433052372418047,-16.599154697721133,-17.433052372412817,-21.06408183916571,-28.909172470593887,-28.909172470594513,0.6610082094324687,0.6708451580509331,0.6730788813736284,0.6708451580509476,0.6610082094324295,0.0,0.0,0.0,0.0,0.0,1.0,1.0,1.0,1.0,1.0,boost,hold,hold,hold,boost
8.599999999999973,0.042999999999999865,0.18489999999999754,-20.984906522577944,-17.30431818020594,-16.45434909685798,-17.304318180203268,-20.984906522589995,-28.887277343994214,-28.887277343994754,0.6602997402879103,0.6702693000301159,0.6725455532817403,0.6702693000301227,0.6602997402878779,0.0,0.0,0.0,0.0,0.0,1.0,1.0,1.0,1.0,1.0,boost,hold,hold,hold,boost
8.699999999999973,0.043499999999999865,0.18922499999999748,-20.905981865020323,-17.17598906166296,-16.309931743355833,-17.17598906166117,-20.90598186503277,-28.86522520615827,-28.86522520615887,0.6596049983789739,0.6697067529657199,0.6720255706521906,0.6697067529657246,0.6596049983789403,0.0,0.0,0.0,0.0,0.0,1.0,1.0,1.0,1.0,1.0,boost,hold,hold,hold,boost
8.799999999999972,0.043999999999999866,0.1935999999999974,-20.827302802693993,-17.048062583205194,-16.1659030739188,-17.04806258320508,-20.827302802705162,-28.843017200436776,-28.84301720043743,0.658923857841305,0.6691573839724388,0.6715187930439643,0.6691573839724392,0.6589238578412748,0.0,0.0,0.0,0.0,0.0,1.0,1.0,1.0,1.0,1.0,boost,hold,hold,hold,boost
8.899999999999972,0.04449999999999986,0.19802499999999734,-20.748864420280853,-16.92053631747467,-16.02226344727751,-16.920536317477,-20.74886442029151,-28.820654453022968,-28.82065445302365,0.6582561949370441,0.6686210626509954,0.6710250827253945,0.6686210626509888,0.6582561949370157,0.0,0.0,0.0,0.0,0.0,1.0,1.0,1.0,1.0,1.0,boost,hold,hold,hold,boost
8.999999999999972,0.04499999999999986,0.20249999999999727,-20.670661946015855,-16.79340784410465,-15.879013146542661,-16.793407844108742,-20.670661946025945,-28.79813807340733,-28.79813807340807,0.6576018879006986,0.6680976609203315,0.6705443045021865,0.66809766092032,0.6576018879006715,0.0,0.0,0.0,0.0,0.0,1.0,1.0,1.0,1.0,1.0,boost,hold,hold,hold,boost
9.099999999999971,0.04549999999999986,0.20702499999999718,-20.592690746937848,-16.666674750431866,-15.736152381500744,-16.66667475043505,-20.59269074695092,-28.775469154817984,-28.775469154818637,0.6569608167958163,0.667587052861134,0.6700763255567979,0.6675870528611251,0.656960816795781,0.0,0.0,0.0,0.0,0.0,1.0,1.0,1.0,1.0,1.0,boost,hold,hold,hold,boost
9.19999999999997,0.045999999999999854,0.21159999999999712,-20.514946324312263,-16.540334632141082,-15.593681290855386,-16.540334632146823,-20.514946324327525,-28.75264877464585,-28.752648774646616,0.6563328633817263,0.6670891145700012,0.6696210152984251,0.6670891145699857,0.6563328633816846,0.0,0.0,0.0,0.0,0.0,1.0,1.0,1.0,1.0,1.0,boost,hold,hold,hold,boost
9.29999999999997,0.046499999999999854,0.21622499999999706,-20.43742430920753,-16.414385093878934,-15.45159994445146,-16.414385093886153,-20.43742430922262,-28.729677994857724,-28.72967799485849,0.6557179109897008,0.6666037240234737,0.6691782452228201,0.6666037240234539,0.6557179109896604,0.0,0.0,0.0,0.0,0.0,1.0,1.0,1.0,1.0,1.0,boost,hold,hold,hold,boost
9.39999999999997,0.046999999999999854,0.220899999999997,-20.360120458231307,-16.288823749807534,-15.309908345417341,-16.288823749815037,-20.36012045824637,-28.70655786239442,-28.706557862395158,0.6551158444079067,0.6661307609513824,0.6687478887814835,0.6661307609513626,0.6551158444078662,0.0,0.0,0.0,0.0,0.0,1.0,1.0,1.0,1.0,1.0,boost,hold,hold,hold,boost
9.49999999999997,0.04749999999999985,0.2256249999999969,-20.283030649411586,-16.1636482241168,-15.168606432291199,-16.16364822412146,-20.283030649425996,-28.683289409557148,-28.683289409557887,0.6545265497745851,0.66567010671888,0.6683298212594686,0.6656701067188673,0.6545265497745464,0.0,0.0,0.0,0.0,0.0,1.0,1.0,1.0,1.0,1.0,boost,hold,hold,hold,boost
9.59999999999997,0.04799999999999985,0.23039999999999683,-20.206150878226254,-16.03885615149244,-15.027694081085144,-16.03885615149659,-20.206150878240067,-28.659873654381528,-28.65987365438224,0.6539499144789193,0.6652216442166112,0.6679239196613811,0.6652216442166006,0.6539499144788821,0.0,0.0,0.0,0.0,0.0,1.0,1.0,1.0,1.0,1.0,boost,hold,hold,hold,boost
9.699999999999969,0.04849999999999985,0.23522499999999674,-20.129477253767845,-15.914445177556331,-14.887171107308632,-15.914445177560935,-20.12947725377947,-28.63631160099908,-28.63631160099979,0.6533858270691111,0.6647852577584882,0.667530062605008,0.6647852577584761,0.6533858270690798,0.0,0.0,0.0,0.0,0.0,1.0,1.0,1.0,1.0,1.0,boost,hold,hold,hold,boost
9.799999999999969,0.04899999999999984,0.24009999999999665,-20.053005995039456,-15.790412959254866,-14.747037267944961,-15.790412959261744,-20.053005995051876,-28.612604239987746,-28.612604239988542,0.6528341771672123,0.6643608329866487,0.6671481302221228,0.6643608329866302,0.6528341771671793,0.0,0.0,0.0,0.0,0.0,1.0,1.0,1.0,1.0,1.0,boost,hold,hold,hold,boost
9.899999999999968,0.04949999999999984,0.24502499999999655,-19.976733427379884,-15.666757165223373,-14.607292263387137,-15.666757165231218,-19.976733427395118,-28.588752548711398,-28.588752548712193,0.6522948553902683,0.6639482567830998,0.6667780040660126,0.6639482567830788,0.652294855390227,0.0,0.0,0.0,0.0,0.0,1.0,1.0,1.0,1.0,1.0,boost,hold,hold,hold,boost
9.999999999999968,0.04999999999999984,0.24999999999999645,-19.90065597901878,-15.543475476110757,-14.467935739323252,-15.543475476115987,-19.900655979033672,-28.564757491647896,-28.56475749164872,0.651767753277365,0.6635474171876645,0.6664195670253399,0.6635474171876505,0.651767753277325,0.0,0.0,0.0,0.0,0.0,1.0,1.0,1.0,1.0,1.0,boost,hold,hold,hold,boost
10.099999999999968,0.05049999999999984,0.2550249999999964,-19.82477017773644,-15.420565584875987,-14.328967288584636,-15.420565584878204,-19.824770177752583,-28.540620020707564,-28.540620020708445,0.6512527632222672,0.6631582033218283,0.6660727032439252,0.6631582033218226,0.651252763222223,0.0,0.0,0.0,0.0,0.0,1.0,1.0,1.0,1.0,1.0,boost,hold,hold,hold,boost
10.199999999999967,0.05099999999999984,0.2600999999999963,-19.749072647652383,-15.298025197060156,-14.190386452944665,-15.298025197064703,-19.74907264766651,-28.516341075541476,-28.5163410755423,0.6507497784112168,0.6627805053181179,0.6657372980461241,0.662780505318106,0.6507497784111791,0.0,0.0,0.0,0.0,0.0,1.0,1.0,1.0,1.0,1.0,boost,hold,hold,hold,boost
10.299999999999967,0.05149999999999984,0.26522499999999627,-19.673560106109164,-15.175852031033912,-14.052192724868803,-15.175852031039938,-19.673560106123062,-28.491921583839456,-28.491921583840252,0.6502586927656583,0.6624142142546732,0.6654132378674625,0.6624142142546569,0.6502586927656209,0.0,0.0,0.0,0.0,0.0,1.0,1.0,1.0,1.0,1.0,boost,hold,hold,hold,boost
10.399999999999967,0.05199999999999983,0.27039999999999614,-19.59822936068639,-15.05404381820415,-13.91438554923775,-15.05404381820938,-19.598229360698497,-28.467362461619757,-28.46736246162061,0.6497794008894642,0.6620592220947464,0.6651004101901585,0.6620592220947324,0.6497794008894318,0.0,0.0,0.0,0.0,0.0,1.0,1.0,1.0,1.0,1.0,boost,hold,hold,hold,boost
10.499999999999966,0.05249999999999983,0.2756249999999961,-19.52307730628894,-14.932598303211364,-13.7769643250125,-14.932598303215514,-19.523077306300365,-28.44266461350901,-28.442664613509834,0.6493117980205393,0.661715421630754,0.6647987034833218,0.6617154216307429,0.6493117980205085,0.0,0.0,0.0,0.0,0.0,1.0,1.0,1.0,1.0,1.0,boost,hold,hold,hold,boost
10.599999999999966,0.05299999999999983,0.280899999999996,-19.448100922353518,-14.81151324409916,-13.639928406869728,-14.811513244103367,-19.448100922364517,-28.41782893301351,-28.41782893301439,0.6488557799863913,0.6613827064326482,0.6645080071474789,0.6613827064326373,0.6488557799863616,0.0,0.0,0.0,0.0,0.0,1.0,1.0,1.0,1.0,1.0,boost,hold,hold,hold,boost
10.699999999999966,0.053499999999999825,0.28622499999999595,-19.373297270142842,-14.690786412468128,-13.50327710678232,-14.690786412473244,-19.37329727015222,-28.392856302782604,-28.392856302783457,0.6484112431634995,0.6610609708003279,0.6642282114632371,0.6610609708003145,0.6484112431634744,0.0,0.0,0.0,0.0,0.0,1.0,1.0,1.0,1.0,1.0,boost,hold,hold,hold,boost
10.799999999999965,0.053999999999999826,0.2915999999999958,-19.298663490134658,-14.570415593603684,-13.36700969557387,-14.570415593605503,-19.298663490142303,-28.36774759486312,-28.367747594864056,0.6479780844402206,0.6607501097198658,0.6639592075437599,0.6607501097198609,0.6479780844402004,0.0,0.0,0.0,0.0,0.0,1.0,1.0,1.0,1.0,1.0,boost,hold,hold,hold,boost
10.899999999999965,0.054499999999999826,0.29702499999999576,-19.224196799494365,-14.450398586587028,-13.231125404423267,-14.450398586588506,-19.224196799500277,-28.342503670946684,-28.342503670947565,0.6475562011830248,0.6604500188233049,0.6637008872909026,0.6604500188233013,0.6475562011830093,0.0,0.0,0.0,0.0,0.0,1.0,1.0,1.0,1.0,1.0,boost,hold,hold,hold,boost
10.999999999999964,0.05499999999999983,0.3024999999999956,-19.149894489639394,-14.330733204394448,-13.0956234263341,-14.330733204397745,-19.149894489647124,-28.31712538260888,-28.317125382609845,0.6471454912058346,0.660160594351798,0.6634531433547423,0.6601605943517892,0.6471454912058142,0.0,0.0,0.0,0.0,0.0,1.0,1.0,1.0,1.0,1.0,boost,hold,hold,hold,boost
11.099999999999964,0.05549999999999982,0.30802499999999555,-19.075753923884292,-14.211417273976451,-12.960502917565861,-14.211417273984182,-19.075753923890716,-28.291613571541603,-28.291613571542598,0.6467458527422904,0.6598817331219059,0.6632158690963204,0.6598817331218852,0.6467458527422733,0.0,0.0,0.0,0.0,0.0,1.0,1.0,1.0,1.0,1.0,boost,hold,hold,hold,boost
11.199999999999964,0.05599999999999982,0.31359999999999544,-19.00177253515804,-14.09244863632307,-12.82576299901757,-14.092448636329152,-19.001772535165657,-28.265969069777896,-28.265969069778862,0.6463571844207718,0.6596133324948553,0.6629889585534225,0.659613332494839,0.6463571844207514,0.0,0.0,0.0,0.0,0.0,1.0,1.0,1.0,1.0,1.0,boost,hold,hold,hold,boost
11.299999999999963,0.05649999999999982,0.3192249999999954,-18.927947823808694,-13.973825146509341,-12.691402757593437,-13.973825146512524,-18.927947823821597,-28.240192699909898,-28.240192699910864,0.6459793852419613,0.6593552903485875,0.66277230640915,0.6593552903485792,0.6459793852419263,0.0,0.0,0.0,0.0,0.0,1.0,1.0,1.0,1.0,1.0,boost,hold,hold,hold,boost
11.399999999999963,0.056999999999999815,0.32489999999999525,-18.854277355476654,-13.85554467373396,-12.5574212475139,-13.855544673736858,-18.85427735549274,-28.21428527530037,-28.214285275301393,0.6456123545588254,0.6591075050524016,0.6625658079632013,0.659107505052394,0.6456123545587815,0.0,0.0,0.0,0.0,0.0,1.0,1.0,1.0,1.0,1.0,boost,hold,hold,hold,boost
11.499999999999963,0.057499999999999815,0.3306249999999952,-18.780758759039685,-13.737605101354063,-12.423817491597788,-13.737605101356905,-18.780758759053953,-28.188247600288065,-28.18824760028906,0.6452559920588489,0.6588698754440211,0.6623693591056505,0.6588698754440133,0.6452559920588103,0.0,0.0,0.0,0.0,0.0,1.0,1.0,1.0,1.0,1.0,boost,hold,hold,hold,boost
11.599999999999962,0.057999999999999816,0.33639999999999504,-18.70738972462013,-13.620004326892797,-12.290590482508946,-13.620004326897345,-18.707389724632407,-28.162080470386115,-28.16208047038714,0.6449101977483989,0.6586423008089993,0.6621828562930729,0.6586423008089869,0.6449101977483659,0.0,0.0,0.0,0.0,0.0,1.0,1.0,1.0,1.0,1.0,boost,hold,hold,hold,boost
11.699999999999962,0.05849999999999981,0.34222499999999495,-18.63416800167093,-13.502740262043687,-12.15773918396792,-13.502740262047155,-18.63416800168244,-28.135784672475268,-28.135784672476262,0.6445748719390257,0.6584246808622585,0.6620061965268951,0.6584246808622494,0.6445748719389949,0.0,0.0,0.0,0.0,0.0,1.0,1.0,1.0,1.0,1.0,boost,hold,hold,hold,boost
11.799999999999962,0.05899999999999981,0.34809999999999486,-18.561091397117195,-13.385810832664788,-12.02526253192866,-13.385810832666664,-18.56109139712777,-28.109360984990644,-28.10936098499164,0.6442499152356367,0.6582169157316483,0.6618392773338198,0.6582169157316434,0.6442499152356084,0.0,0.0,0.0,0.0,0.0,1.0,1.0,1.0,1.0,1.0,boost,hold,hold,hold,boost
11.899999999999961,0.05949999999999981,0.35402499999999476,-18.488157773563785,-13.269213978762991,-11.893159435725352,-13.269213978765094,-18.488157773574585,-28.082810178103472,-28.082810178104438,0.6439352285263833,0.658018905943395,0.6616819967481985,0.6580189059433896,0.6439352285263544,0.0,0.0,0.0,0.0,0.0,1.0,1.0,1.0,1.0,1.0,boost,hold,hold,hold,boost
11.999999999999961,0.059999999999999803,0.35999999999999466,-18.415365047558538,-13.152947654476861,-11.761428779182324,-13.152947654479362,-18.415365047570702,-28.05613301389681,-28.056133013897863,0.6436307129741716,0.6578305524093027,0.6615342532962447,0.6578305524092961,0.6436307129741387,0.0,0.0,0.0,0.0,0.0,1.0,1.0,1.0,1.0,1.0,boost,hold,hold,hold,boost
12.09999999999996,0.060499999999999804,0.36602499999999455,-18.34271118791645,-13.037009828038606,-11.630069421695055,-13.037009828042017,-18.342711187926426,-28.029330246536688,-28.02933024653771,0.6433362700096669,0.6576517564156471,0.6613959459819561,0.6576517564156373,0.6433362700096401,0.0,0.0,0.0,0.0,0.0,1.0,1.0,1.0,1.0,1.0,boost,hold,hold,hold,boost
12.19999999999996,0.060999999999999804,0.37209999999999444,-18.270194214092584,-12.921398481741448,-11.499080199282218,-12.921398481745939,-18.270194214102958,-28.002402622437415,-28.002402622438467,0.6430518013257217,0.6574824196135813,0.6612669742746415,0.6574824196135692,0.6430518013256938,0.0,0.0,0.0,0.0,0.0,1.0,1.0,1.0,1.0,1.0,boost,hold,hold,hold,boost
12.29999999999996,0.0614999999999998,0.3782249999999943,-18.197812194624277,-12.806111611891765,-11.368459925596142,-12.80611161189563,-18.197812194631922,-27.975350880422866,-27.975350880423917,0.6427772088730651,0.6573224440110129,0.6611472380979867,0.6573224440110026,0.6427772088730447,0.0,0.0,0.0,0.0,0.0,1.0,1.0,1.0,1.0,1.0,boost,hold,hold,hold,boost
12.39999999999996,0.0619999999999998,0.38439999999999425,-18.12556324560137,-12.691147228757075,-11.23820739291449,-12.69114722875986,-18.125563245607566,-27.948175751882104,-27.948175751883156,0.6425123948572774,0.6571717319658263,0.6610366378204976,0.6571717319658187,0.6425123948572611,0.0,0.0,0.0,0.0,0.0,1.0,1.0,1.0,1.0,1.0,boost,hold,hold,hold,boost
12.49999999999996,0.0624999999999998,0.3906249999999941,-18.053445529209256,-12.576503356509875,-11.108321373112972,-12.576503356514536,-18.053445529214855,-27.920877960921104,-27.920877960922127,0.6422572617368271,0.6570301861803575,0.6609350742472354,0.6570301861803451,0.6422572617368122,0.0,0.0,0.0,0.0,0.0,1.0,1.0,1.0,1.0,1.0,boost,hold,hold,hold,boost
12.599999999999959,0.06299999999999979,0.39689999999999404,-17.981457252307678,-12.462178033171028,-10.978800618570574,-12.462178033173927,-17.981457252313106,-27.89345822450977,-27.893458224510795,0.6420117122221941,0.6568977096970325,0.6608424486128956,0.6568977096970248,0.6420117122221798,0.0,0.0,0.0,0.0,0.0,1.0,1.0,1.0,1.0,1.0,boost,hold,hold,hold,boost
12.699999999999958,0.06349999999999979,0.4032249999999939,-17.909596665057734,-12.348169310534729,-10.849643863100425,-12.348169310539276,-17.909596665062708,-27.86591725262454,-27.865917252625536,0.641775649275961,0.6567742058951307,0.6607586625758859,0.6567742058951181,0.641775649275948,0.0,0.0,0.0,0.0,0.0,1.0,1.0,1.0,1.0,1.0,boost,hold,hold,hold,boost
12.799999999999958,0.0639999999999998,0.4095999999999938,-17.837862059598194,-12.234475254105064,-10.720849822806485,-12.23447525410893,-17.837862059602145,-27.83825574838707,-27.83825574838812,0.6415489761137901,0.6566595784885224,0.6606836182136063,0.6566595784885119,0.6415489761137804,0.0,0.0,0.0,0.0,0.0,1.0,1.0,1.0,1.0,1.0,boost,hold,hold,hold,boost
12.899999999999958,0.0644999999999998,0.41602499999999365,-17.766251768756632,-12.121093943013705,-10.59241719694495,-12.121093943017627,-17.766251768760753,-27.810474408198843,-27.810474408199866,0.641331596206255,0.6565537315243839,0.6606172180186467,0.6565537315243731,0.6413315962062439,0.0,0.0,0.0,0.0,0.0,1.0,1.0,1.0,1.0,1.0,boost,hold,hold,hold,boost
12.999999999999957,0.0649999999999998,0.42249999999999355,-17.694764164813563,-12.008023469944817,-10.464344668741433,-12.008023469947943,-17.694764164816405,-27.78257392187163,-27.78257392187271,0.6411234132814094,0.6564565693827595,0.6605593648959569,0.6564565693827514,0.6411234132814015,0.0,0.0,0.0,0.0,0.0,1.0,1.0,1.0,1.0,1.0,boost,hold,hold,hold,boost
13.099999999999957,0.06549999999999978,0.4290249999999934,-17.623397658295147,-11.895261941055253,-10.336630906193363,-11.895261941060767,-17.623397658299808,-27.754554972754676,-27.754554972755813,0.6409243313280896,0.6563679967769283,0.6605099621608572,0.6563679967769135,0.6409243313280771,0.0,0.0,0.0,0.0,0.0,1.0,1.0,1.0,1.0,1.0,boost,hold,hold,hold,boost
13.199999999999957,0.06599999999999978,0.43559999999999327,-17.55215069681813,-11.782807475885363,-10.209274562845167,-11.782807475891047,-17.55215069682265,-27.726418237857786,-27.726418237858923,0.6407342545998307,0.6562879187545367,0.660468913537853,0.6562879187545214,0.6407342545998187,0.0,0.0,0.0,0.0,0.0,1.0,1.0,1.0,1.0,1.0,boost,hold,hold,hold,boost
13.299999999999956,0.06649999999999978,0.44222499999999315,-17.481021763961593,-11.670658207269696,-10.082274278539046,-11.670658207275153,-17.481021763965458,-27.698164387970877,-27.698164387971957,0.6405530876193997,0.6562162406994069,0.660436123160189,0.6562162406993921,0.6405530876193893,0.0,0.0,0.0,0.0,0.0,1.0,1.0,1.0,1.0,1.0,boost,hold,hold,hold,boost
13.399999999999956,0.06699999999999978,0.448899999999993,-17.410009378177364,-11.558812281253552,-9.955628680137352,-11.558812281260089,-17.410009378180888,-27.66979408778056,-27.669794087781582,0.6403807351838644,0.6561528683339519,0.6604114955701056,0.6561528683339345,0.6403807351838546,0.0,0.0,0.0,0.0,0.0,1.0,1.0,1.0,1.0,1.0,boost,hold,hold,hold,boost
13.499999999999956,0.06749999999999978,0.4556249999999929,-17.339112091744,-11.44726785699305,-9.82933638222869,-11.447267857000384,-17.33911209174761,-27.641307995983,-27.641307995983965,0.6402171023701257,0.6560977077222127,0.6603949357197043,0.6560977077221929,0.6402171023701162,0.0,0.0,0.0,0.0,0.0,1.0,1.0,1.0,1.0,1.0,boost,hold,hold,hold,boost
13.599999999999955,0.06799999999999978,0.46239999999999276,-17.268328489740895,-11.33602310666123,-9.703395987818794,-11.336023106667028,-17.268328489745215,-27.612706765393767,-27.612706765394705,0.6400620945409357,0.6560506652733885,0.6603863489723744,0.6560506652733733,0.6400620945409241,0.0,0.0,0.0,0.0,0.0,1.0,1.0,1.0,1.0,1.0,boost,hold,hold,hold,boost
13.699999999999955,0.06849999999999977,0.4692249999999926,-17.197657189071066,-11.225076215356296,-9.57780608897707,-11.22507621536198,-17.197657189075812,-27.583991043054425,-27.58399104305542,0.6399156173512646,0.6560116477458517,0.6603856411048156,0.6560116477458366,0.639915617351252,0.0,0.0,0.0,0.0,0.0,1.0,1.0,1.0,1.0,1.0,boost,hold,hold,hold,boost
13.799999999999955,0.06899999999999977,0.4760999999999925,-17.127096837499096,-11.11442538099675,-9.452565267489092,-11.114425381001183,-17.127096837503984,-27.55516147033657,-27.555161470337538,0.6397775767550761,0.6559805622516173,0.6603927183094699,0.6559805622516058,0.6397775767550625,0.0,0.0,0.0,0.0,0.0,1.0,1.0,1.0,1.0,1.0,boost,hold,hold,hold,boost
13.899999999999954,0.06949999999999977,0.4830249999999924,-17.05664611273619,-11.004068814228333,-9.327672095464152,-11.004068814232369,-17.05664611273943,-27.526218683042202,-27.52621868304317,0.6396478790123715,0.655957316261176,0.6604074871974644,0.6559573162611659,0.6396478790123625,0.0,0.0,0.0,0.0,0.0,1.0,1.0,1.0,1.0,1.0,boost,hold,hold,hold,boost
13.999999999999954,0.06999999999999977,0.4899999999999923,-16.986303721536785,-10.89400473831813,-9.203125135947232,-10.894004738320803,-16.986303721540423,-27.497163311501936,-27.497163311502902,0.639526430696565,0.655941817608712,0.6604298548018916,0.6559418176087047,0.6395264306965553,0.0,0.0,0.0,0.0,0.0,1.0,1.0,1.0,1.0,1.0,boost,hold,hold,hold,boost
14.099999999999953,0.07049999999999977,0.49702499999999217,-16.916068398848722,-10.784231389058391,-9.078922943486816,-10.784231389058391,-16.916068398850996,-27.46799598067014,-27.467995980671134,0.6394131387020371,0.6559339744976042,0.6604597285815189,0.6559339744976044,0.639413138702031,0.0,0.0,0.0,0.0,0.0,1.0,1.0,1.0,1.0,1.0,boost,hold,hold,hold,boost
14.199999999999953,0.07099999999999977,0.5040999999999921,-16.845938906961976,-10.674747014655907,-8.955064064704743,-10.674747014655964,-16.845938906962886,-27.438717310217783,-27.438717310218777,0.6393079102519761,0.6559336955062492,0.660497016424768,0.6559336955062487,0.6393079102519736,0.0,0.0,0.0,0.0,0.0,1.0,1.0,1.0,1.0,1.0,boost,hold,hold,hold,boost
14.299999999999953,0.07149999999999977,0.511224999999992,-16.775914034704613,-10.565549875640556,-8.831547038829967,-10.56554987563851,-16.775914034705806,-27.409327914622253,-27.409327914623304,0.6392106529063495,0.6559408895940705,0.6605416266540368,0.6559408895940761,0.6392106529063462,0.0,0.0,0.0,0.0,0.0,1.0,1.0,1.0,1.0,1.0,boost,hold,hold,hold,boost
14.399999999999952,0.07199999999999976,0.5183999999999919,-16.705992596663634,-10.456638244751218,-8.708370398236298,-10.456638244747296,-16.705992596664373,-27.37982840325529,-27.37982840325631,0.6391212745700253,0.6559554661078086,0.6605934680302186,0.6559554661078187,0.6391212745700233,0.0,0.0,0.0,0.0,0.0,1.0,1.0,1.0,1.0,1.0,boost,hold,hold,hold,boost
14.499999999999952,0.07249999999999976,0.5256249999999917,-16.63617343241873,-10.348010406835101,-8.5855326689383,-10.34801040683027,-16.63617343242049,-27.350219380467735,-27.350219380468673,0.6390396835010497,0.6559773347879516,0.6606524497575192,0.6559773347879645,0.639039683501045,0.0,0.0,0.0,0.0,0.0,1.0,1.0,1.0,1.0,1.0,boost,hold,hold,hold,boost
14.599999999999952,0.07299999999999976,0.5328999999999917,-16.566455405814395,-10.23966465874554,-8.463032371089696,-10.23966465874048,-16.566455405816555,-27.320501445672704,-27.320501445673642,0.6389657883189862,0.6560064057753299,0.6607184814884213,0.6560064057753433,0.6389657883189803,0.0,0.0,0.0,0.0,0.0,1.0,1.0,1.0,1.0,1.0,boost,hold,hold,hold,boost
14.699999999999951,0.07349999999999976,0.5402249999999916,-16.496837404238647,-10.131599309229273,-8.340868019449715,-10.131599309227738,-16.49683740424433,-27.29067519342624,-27.290675193427234,0.638899498013369,0.6560425896178641,0.6607914733288587,0.6560425896178688,0.6388994980133533,0.0,0.0,0.0,0.0,0.0,1.0,1.0,1.0,1.0,1.0,boost,hold,hold,hold,boost
14.799999999999951,0.07399999999999976,0.5475999999999914,-16.42731833794801,-10.023812678837885,-8.219038123846417,-10.023812678838055,-16.42731833795318,-27.260741213505895,-27.26074121350692,0.638840721952143,0.6560857972773575,0.6608713358435075,0.656085797277357,0.6388407219521292,0.0,0.0,0.0,0.0,0.0,1.0,1.0,1.0,1.0,1.0,boost,hold,hold,hold,boost
14.89999999999995,0.07449999999999976,0.5550249999999912,-16.35789713939124,-9.916303099806157,-8.097541189619903,-9.916303099804793,-16.357897139397494,-27.230700090986716,-27.230700090987796,0.638789369890195,0.6561359401364488,0.6609579800612062,0.6561359401364533,0.6387893698901781,0.0,0.0,0.0,0.0,0.0,1.0,1.0,1.0,1.0,1.0,boost,hold,hold,hold,boost
14.99999999999995,0.07499999999999975,0.5624999999999912,-16.28857276256133,-9.809068915951855,-7.976375718049496,-9.809068915951855,-16.288572762569288,-27.20055240631592,-27.200552406316973,0.6387453519778696,0.6561929300055779,0.6610513174804801,0.6561929300055777,0.6387453519778481,0.0,0.0,0.0,0.0,0.0,1.0,1.0,1.0,1.0,1.0,boost,hold,hold,hold,boost
15.09999999999995,0.07549999999999975,0.5700249999999911,-16.219344182383168,-9.70210848258182,-7.855540206760338,-9.702108482580343,-16.219344182391126,-27.17029873538496,-27.17029873538607,0.6387085787694333,0.6562566791299583,0.6611512600751545,0.6562566791299622,0.6387085787694119,0.0,0.0,0.0,0.0,0.0,1.0,1.0,1.0,1.0,1.0,boost,hold,hold,hold,boost
15.19999999999995,0.07599999999999975,0.5775999999999909,-16.150210394099133,-9.595420166370047,-7.7350331501382925,-9.595420166370047,-16.150210394105784,-27.139939649600194,-27.13993964960133,0.6386789612315658,0.6563271001966571,0.6612577202999659,0.6563271001966571,0.6386789612315474,0.0,0.0,0.0,0.0,0.0,1.0,1.0,1.0,1.0,1.0,boost,hold,hold,hold,boost
15.29999999999995,0.07649999999999975,0.5852249999999907,-16.081170412679967,-9.489002345268943,-7.614853039695845,-9.489002345268204,-16.081170412685992,-27.10947571595139,-27.109475715952556,0.6386564107517896,0.6564041063415751,0.6613706110963049,0.6564041063415774,0.6386564107517735,0.0,0.0,0.0,0.0,0.0,1.0,1.0,1.0,1.0,1.0,boost,hold,hold,hold,boost
15.399999999999949,0.07699999999999975,0.5928999999999907,-16.012223272266965,-9.382853408401559,-7.4949983644556255,-9.382853408398546,-16.012223272271967,-27.07890749707832,-27.078907497079484,0.6386408391468007,0.6564876111564671,0.6614898458978924,0.6564876111564754,0.6386408391467872,0.0,0.0,0.0,0.0,0.0,1.0,1.0,1.0,1.0,1.0,boost,hold,hold,hold,boost
15.499999999999948,0.07749999999999975,0.6006249999999905,-15.943368025615484,-9.276971755954207,-7.3754676113085225,-9.27697175594858,-15.9433680256206,-27.04823555133592,-27.048235551337115,0.6386321586707632,0.6565775286959246,0.6616153386364888,0.6565775286959395,0.6386321586707495,0.0,0.0,0.0,0.0,0.0,1.0,1.0,1.0,1.0,1.0,boost,hold,hold,hold,boost
15.599999999999948,0.07799999999999974,0.6083999999999903,-15.874603743565388,-9.171355799074547,-7.256259265352469,-9.171355799069943,-15.874603743568628,-27.017460432857632,-27.017460432858826,0.6386302820234941,0.6566737734842981,0.6617470037476129,0.6566737734843101,0.6386302820234855,0.0,0.0,0.0,0.0,0.0,1.0,1.0,1.0,1.0,1.0,boost,hold,hold,hold,boost
15.699999999999948,0.07849999999999974,0.6162249999999901,-15.805929514524223,-9.06600395977631,-7.137371810234413,-9.0660039597729,-15.80592951452536,-26.986582691617173,-26.986582691618366,0.6386351223585457,0.656776260522538,0.6618847561761826,0.656776260522547,0.6386351223585427,0.0,0.0,0.0,0.0,0.0,1.0,1.0,1.0,1.0,1.0,boost,hold,hold,hold,boost
15.799999999999947,0.07899999999999974,0.6240999999999901,-15.737344443968254,-8.960914670835109,-7.018803728466594,-8.960914670831983,-15.737344443969505,-26.955602873488488,-26.955602873489653,0.6386465932911728,0.6568849052949867,0.6620285113821557,0.6568849052949948,0.63864659329117,0.0,0.0,0.0,0.0,0.0,1.0,1.0,1.0,1.0,1.0,boost,hold,hold,hold,boost
15.899999999999947,0.07949999999999974,0.63202499999999,-15.668847653963724,-8.85608637568697,-6.9005535017401485,-8.856086375680889,-15.668847653962644,-26.924521520304353,-26.924521520305603,0.6386646089061627,0.6569996237760731,0.6621781853460861,0.6569996237760896,0.6386646089061657,0.0,0.0,0.0,0.0,0.0,1.0,1.0,1.0,1.0,1.0,boost,hold,hold,hold,boost
15.999999999999947,0.07999999999999974,0.6399999999999897,-15.600438282687492,-8.751517528320335,-6.782619611220241,-8.751517528313684,-15.600438282686468,-26.89333916991373,-26.893339169914924,0.6386890837655624,0.6571203324369287,0.6623336945746331,0.6571203324369465,0.6386890837655657,0.0,0.0,0.0,0.0,0.0,1.0,1.0,1.0,1.0,1.0,boost,hold,hold,hold,boost
16.09999999999994,0.08049999999999971,0.6480249999999897,-15.532115483983375,-8.647206593190617,-6.6650005378380115,-8.64720659318715,-15.532115483982295,-26.862056356236877,-26.862056356238043,0.6387199329162131,0.6572469482518338,0.6624949561059726,0.6572469482518428,0.638719932916216,0.0,0.0,0.0,0.0,0.0,1.0,1.0,1.0,1.0,1.0,boost,hold,hold,hold,boost
16.199999999999935,0.08099999999999968,0.6560999999999898,-15.463878426922463,-8.543152045120223,-6.547694762570529,-8.543152045117836,-15.463878426923998,-26.830673609320172,-26.830673609321252,0.6387570718971473,0.6573793887045845,0.6626618875151165,0.6573793887045905,0.6387570718971429,0.0,0.0,0.0,0.0,0.0,1.0,1.0,1.0,1.0,1.0,boost,hold,hold,hold,boost
16.29999999999993,0.08149999999999966,0.6642249999999897,-15.395726295369457,-8.439352369192306,-6.430700766700625,-8.439352369188384,-15.395726295371503,-26.799191455388495,-26.79919145538952,0.6388004167468536,0.6575175717947476,0.6628344069191642,0.6575175717947578,0.6388004167468481,0.0,0.0,0.0,0.0,0.0,1.0,1.0,1.0,1.0,1.0,boost,hold,hold,hold,boost
16.399999999999924,0.08199999999999961,0.6723999999999896,-15.472911606378148,-8.48267198067009,-6.4608942589457,-8.48267198066668,-15.47291160637974,-26.76786411909788,-26.76786411909879,0.6384591849207957,0.65727195399275,0.6626243363896963,0.6572719539927587,0.6384591849207912,0.0,0.0,0.0,0.0,0.0,0.1,0.1,0.1,0.1,0.1,reduce,reduce,reduce,reduce,reduce
16.49999999999992,0.08249999999999959,0.6806249999999896,-15.56378252765137,-8.542511957216561,-6.507709938403536,-8.54251195721406,-15.563782527653586,-26.73686631097098,-26.73686631097192,0.6380872814252428,0.6569887342666343,0.6623765695748566,0.6569887342666411,0.6380872814252369,0.0,0.0,0.0,0.0,0.0,0.0,0.0,0.0,0.0,0.0,off,off,off,off,off
16.599999999999913,0.08299999999999956,0.6888999999999896,-15.652003292652353,-8.602513342127054,-6.554824024340746,-8.60251334212262,-15.652003292654115,-26.706206693359604,-26.70620669336057,0.6377285612913638,0.6567112061283483,0.6621341527412236,0.6567112061283604,0.6377285612913595,0.0,0.0,0.0,0.0,0.0,0.0,0.0,0.0,0.0,0.0,off,off,off,off,off
16.699999999999907,0.08349999999999953,0.6972249999999895,-15.737665555594049,-8.662639534361915,-6.602232069734612,-8.662639534358277,-15.737665555593537,-26.67587706289595,-26.675877062896944,0.6373827004725277,0.6564393819257222,0.661897012696392,0.656439381925732,0.6373827004725294,0.0,0.0,0.0,0.0,0.0,0.0,0.0,0.0,0.0,0.0,off,off,off,off,off
16.7999999999999,0.0839999999999995,0.7055999999999893,-15.820857440694283,-8.722856138806094,-6.649928767512563,-8.722856138802683,-15.820857440692748,-26.645869489199555,-26.645869489200493,0.6370493846463777,0.6561732688272685,0.6616650791234506,0.6561732688272773,0.6370493846463824,0.0,0.0,0.0,0.0,0.0,0.0,0.0,0.0,0.0,0.0,off,off,off,off,off
16.899999999999896,0.08449999999999948,0.7140249999999895,-15.901663688171311,-8.783130845154233,-6.697908034196587,-8.783130845150822,-15.901663688170458,-26.61617630450482,-26.616176304505757,0.6367283088457815,0.6559128691430837,0.6614382843659979,0.6559128691430922,0.6367283088457839,0.0,0.0,0.0,0.0,0.0,0.0,0.0,0.0,0.0,0.0,off,off,off,off,off
16.99999999999989,0.08499999999999945,0.7224999999999895,-15.98016579379015,-8.843433313292792,-6.746163087920195,-8.843433313288358,-15.980165793791514,-26.58679009371471,-26.586790093715592,0.6364191771059566,0.6556581806285605,0.6612165632277519,0.6556581806285724,0.6364191771059527,0.0,0.0,0.0,0.0,0.0,0.0,0.0,0.0,0.0,0.0,off,off,off,off,off
17.099999999999884,0.08549999999999942,0.7310249999999894,-16.05644214228596,-8.90373506480779,-6.794686521160031,-8.903735064805915,-16.056442142287437,-26.557703684860996,-26.557703684861963,0.6361217021269121,0.6554091967718731,0.6609998527858175,0.6554091967718778,0.6361217021269082,0.0,0.0,0.0,0.0,0.0,0.0,0.0,0.0,0.0,0.0,off,off,off,off,off
17.19999999999988,0.0859999999999994,0.7395999999999892,-16.130568134937448,-8.964009380341395,-6.843470368506587,-8.96400938033986,-16.130568134939494,-26.528910139954235,-26.52891013995523,0.6358356049505246,0.6551659070659448,0.6607880922167644,0.6551659070659489,0.6358356049505193,0.0,0.0,0.0,0.0,0.0,0.0,0.0,0.0,0.0,0.0,off,off,off,off,off
17.299999999999873,0.08649999999999937,0.7482249999999893,-16.202616311576378,-9.024231202442763,-6.892506169752949,-9.024231202439239,-16.20261631157814,-26.500402746205282,-26.500402746206333,0.6355606146515225,0.6549282972658628,0.6605812226347746,0.6549282972658722,0.6355606146515175,0.0,0.0,0.0,0.0,0.0,0.0,0.0,0.0,0.0,0.0,off,off,off,off,off
17.399999999999867,0.08699999999999934,0.7568999999999892,-16.272656467272554,-9.084377043646327,-6.941785028602396,-9.084377043644679,-16.27265646727284,-26.472175007603596,-26.472175007604733,0.6352964680417903,0.6546963496324237,0.6603791869410731,0.654696349632428,0.6352964680417896,0.0,0.0,0.0,0.0,0.0,0.0,0.0,0.0,0.0,0.0,off,off,off,off,off
17.49999999999986,0.08749999999999931,0.7656249999999891,-16.34075576395105,-9.14442489950386,-6.991297667241497,-9.144424899501075,-16.34075576395253,-26.44422063683581,-26.444220636836917,0.6350429093873474,0.6544700431625434,0.6601819296840022,0.6544700431625511,0.6350429093873432,0.0,0.0,0.0,0.0,0.0,0.0,0.0,0.0,0.0,0.0,off,off,off,off,off
17.599999999999856,0.08799999999999929,0.7743999999999889,-16.406978837171152,-9.204354166276289,-7.041034477043752,-9.20435416627447,-16.40697883717411,-26.41653354753049,-26.4165335475316,0.6347996901374129,0.6542493538073078,0.6599893969290371,0.6542493538073124,0.6347996901374051,0.0,0.0,0.0,0.0,0.0,0.0,0.0,0.0,0.0,0.0,off,off,off,off,off
17.69999999999985,0.08849999999999925,0.783224999999989,-16.47138789828557,-9.264145563078046,-7.0909855656226455,-9.264145563078046,-16.471387898289265,-26.38910784681454,-26.38910784681562,0.6345665686650312,0.6540342546782006,0.6598015361381668,0.6540342546782004,0.6345665686650213,0.0,0.0,0.0,0.0,0.0,0.0,0.0,0.0,0.0,0.0,off,off,off,off,off
17.799999999999844,0.08899999999999922,0.7920999999999889,-16.534042832197713,-9.323781058214081,-7.1411408004657915,-9.323781058214252,-16.534042832201976,-26.361937828168834,-26.361937828169857,0.634343310018684,0.6538247162422027,0.6596182960580458,0.653824716242202,0.6343433100186726,0.0,0.0,0.0,0.0,0.0,0.0,0.0,0.0,0.0,0.0,off,off,off,off,off
17.89999999999984,0.08949999999999919,0.8010249999999888,-16.595001290909863,-9.383243799480624,-7.191489849360266,-9.38324379948125,-16.595001290913785,-26.33501796456858,-26.335017964569573,0.6341296856844284,0.6536207065063523,0.6594396266163435,0.6536207065063504,0.6341296856844179,0.0,0.0,0.0,0.0,0.0,0.0,0.0,0.0,0.0,0.0,off,off,off,off,off
17.999999999999833,0.08999999999999916,0.8099999999999886,-16.654318783055032,-9.442518048237275,-7.242022217811268,-9.442518048239322,-16.654318783061115,-26.308342901898186,-26.30834290189918,0.6339254733580598,0.653422191192287,0.6592654788257865,0.6534221911922812,0.6339254733580434,0.0,0.0,0.0,0.0,0.0,0.0,0.0,0.0,0.0,0.0,off,off,off,off,off
18.099999999999827,0.09049999999999914,0.8190249999999887,-16.712048759608024,-9.501589117041192,-7.292727283605643,-9.501589117044091,-16.712048759616096,-26.281907452627394,-26.281907452628445,0.6337304567268169,0.6532291339012994,0.6590958046954799,0.6532291339012917,0.6337304567267946,0.0,0.0,0.0,0.0,0.0,0.0,0.0,0.0,0.0,0.0,off,off,off,off,off
18.19999999999982,0.09099999999999911,0.8280999999999886,-16.768242695929985,-9.560443310651124,-7.343594328758172,-9.560443310653682,-16.76824269594067,-26.255706589738566,-26.255706589739702,0.6335444252602354,0.6530414962704293,0.6589305571488931,0.6530414962704224,0.6335444252602063,0.0,0.0,0.0,0.0,0.0,0.0,0.0,0.0,0.0,0.0,off,off,off,off,off
18.299999999999816,0.09149999999999908,0.8372249999999885,-16.822950170323452,-9.61906787022292,-7.394612568937646,-9.619067870225933,-16.822950170333854,-26.229735440893506,-26.2297354408947,0.633367174009714,0.6528592381200402,0.6587696899482536,0.652859238120032,0.6333671740096855,0.0,0.0,0.0,0.0,0.0,0.0,0.0,0.0,0.0,0.0,off,off,off,off,off
18.39999999999981,0.09199999999999905,0.8463999999999883,-16.876218939245348,-9.677450920522745,-7.445771180589361,-9.677450920524564,-16.876218939256262,-26.20398928283103,-26.203989282832254,0.6331985034164137,0.6526823175933584,0.6586131576247876,0.6526823175933542,0.6331985034163841,0.0,0.0,0.0,0.0,0.0,0.0,0.0,0.0,0.0,0.0,off,off,off,off,off
18.499999999999805,0.09249999999999903,0.8556249999999883,-16.928095009351978,-9.735581420017752,-7.497059325851751,-9.735581420019116,-16.928095009364824,-26.178463535984037,-26.178463535985316,0.633038219127057,0.6525106912883243,0.6584609154145422,0.6525106912883208,0.6330382191270221,0.0,0.0,0.0,0.0,0.0,0.0,0.0,0.0,0.0,0.0,off,off,off,off,off
18.5999999999998,0.092999999999999,0.8648999999999882,-16.978622706486078,-9.793449113657857,-7.548466175439842,-9.793449113661097,-16.978622706499777,-26.153153759308225,-26.15315375930959,0.632886131817349,0.6523443143822523,0.658312919199357,0.6523443143822435,0.632886131817312,0.0,0.0,0.0,0.0,0.0,0.0,0.0,0.0,0.0,0.0,off,off,off,off,off
18.699999999999793,0.09349999999999897,0.874224999999988,-17.027844741762635,-9.8510444882304,-7.599980929607625,-9.851044488232105,-17.027844741776505,-26.128055645312514,-26.128055645313907,0.6327420570226315,0.6521831407496131,0.6581691254526727,0.6521831407496084,0.6327420570225938,0.0,0.0,0.0,0.0,0.0,0.0,0.0,0.0,0.0,0.0,off,off,off,off,off
18.799999999999788,0.09399999999999895,0.883599999999988,-17.075802274887337,-9.908358730137763,-7.651592837316912,-9.908358730140435,-17.075802274901832,-26.103165015283338,-26.10316501528476,0.6326058149754253,0.6520271230733248,0.6580294911898612,0.6520271230733176,0.6326058149753857,0.0,0.0,0.0,0.0,0.0,0.0,0.0,0.0,0.0,0.0,off,off,off,off,off
18.899999999999782,0.09449999999999892,0.893024999999988,-17.12253497480725,-9.965383685471352,-7.703291213735781,-9.965383685477036,-17.12253497482459,-26.078477814694537,-26.078477814695987,0.6324772304496193,0.6518762129498895,0.6578939739227502,0.6518762129498742,0.6324772304495724,0.0,0.0,0.0,0.0,0.0,0.0,0.0,0.0,0.0,0.0,off,off,off,off,off
18.999999999999776,0.09499999999999888,0.9024999999999879,-17.168081077848115,-10.022111822272848,-7.7550654561567285,-10.022111822280237,-17.168081077863235,-26.053990108795375,-26.053990108796853,0.6323561326109147,0.6517303609886596,0.657762531618109,0.6517303609886398,0.6323561326108739,0.0,0.0,0.0,0.0,0.0,0.0,0.0,0.0,0.0,0.0,off,off,off,off,off
19.09999999999977,0.09549999999999885,0.9120249999999877,-17.21247744340471,-10.078536194829098,-7.806905058464679,-10.078536194838136,-17.212477443418862,-26.02969807836854,-26.02969807837013,0.6322423548733578,0.6515895169056393,0.6576351226597577,0.6515895169056151,0.6322423548733196,0.0,0.0,0.0,0.0,0.0,0.0,0.0,0.0,0.0,0.0,off,off,off,off,off
19.199999999999765,0.09599999999999882,0.9215999999999875,-17.25575960734298,-10.134650409938104,-7.858799624221888,-10.134650409946516,-17.25575960735719,-26.00559801565231,-26.00559801565396,0.6321357347615606,0.6514536296119845,0.6575117058141294,0.6514536296119621,0.6321357347615222,0.0,0.0,0.0,0.0,0.0,0.0,0.0,0.0,0.0,0.0,off,off,off,off,off
19.29999999999976,0.0964999999999988,0.9312249999999875,-17.297961833173787,-10.190448595004739,-7.910738878493362,-10.190448595012185,-17.29796183318831,-25.981686320418646,-25.981686320420437,0.632036113778466,0.651322647297573,0.6573922401989637,0.6513226472975535,0.6320361137784268,0.0,0.0,0.0,0.0,0.0,0.0,0.0,0.0,0.0,0.0,off,off,off,off,off
19.399999999999753,0.09699999999999877,0.9408999999999874,-17.339117161116604,-10.2459253678918,-7.962712678455944,-10.245925367898394,-17.33911716113124,-25.957959496202477,-25.957959496204325,0.6319433372783549,0.6511965175098386,0.6572766852550186,0.6511965175098212,0.6319433372783156,0.0,0.0,0.0,0.0,0.0,0.0,0.0,0.0,0.0,0.0,off,off,off,off,off
19.499999999999748,0.09749999999999874,0.9506249999999872,-17.379257455137434,-10.301075808409053,-8.014711022917425,-10.301075808416385,-17.37925745515588,-25.934414146674072,-25.934414146676005,0.631857254344886,0.6510751872281836,0.6571650007204789,0.651075187228164,0.6318572543448358,0.0,0.0,0.0,0.0,0.0,0.0,0.0,0.0,0.0,0.0,off,off,off,off,off
19.599999999999742,0.09799999999999871,0.960399999999987,-17.418413448070226,-10.355895431380986,-8.066724060783656,-10.35589543138667,-17.418413448089325,-25.911046972150586,-25.911046972152548,0.6317777176738909,0.6509586029341176,0.6570571466079599,0.6509586029341021,0.6317777176738392,0.0,0.0,0.0,0.0,0.0,0.0,0.0,0.0,0.0,0.0,off,off,off,off,off
19.699999999999736,0.09849999999999869,0.970224999999987,-17.456614784862182,-10.410380161174317,-8.118742098577968,-10.410380161182843,-17.456614784880713,-25.887854766239485,-25.887854766241503,0.6317045834608328,0.6508467106774432,0.6569530831838372,0.6508467106774204,0.6317045834607825,0.0,0.0,0.0,0.0,0.0,0.0,0.0,0.0,0.0,0.0,off,off,off,off,off
19.79999999999973,0.09899999999999866,0.9800999999999869,-17.49389006406986,-10.464526307651056,-8.17075560704643,-10.464526307657366,-17.493890064089157,-25.864834412609525,-25.86483441261163,0.6316377112926013,0.6507394561385775,0.6568527709498252,0.6507394561385603,0.6316377112925486,0.0,0.0,0.0,0.0,0.0,0.0,0.0,0.0,0.0,0.0,off,off,off,off,off
19.899999999999725,0.09949999999999863,0.9900249999999866,-17.530266877669106,-10.518330543412844,-8.222755226938148,-10.518330543419268,-17.530266877689172,-25.841982881883723,-25.84198288188591,0.6315769640434843,0.6506367846873553,0.6567561706265598,0.6506367846873382,0.6315769640434298,0.0,0.0,0.0,0.0,0.0,0.0,0.0,0.0,0.0,0.0,off,off,off,off,off
19.99999999999972,0.0999999999999986,0.9999999999999866,-17.565771849231908,-10.571789882329142,-8.274731774009808,-10.571789882335906,-17.565771849252457,-25.81929722864922,-25.81929722865138,0.6315222077751985,0.6505386414383526,0.656663243139077,0.6505386414383345,0.6315222077751421,0.0,0.0,0.0,0.0,0.0,0.0,0.0,0.0,0.0,0.0,off,off,off,off,off
20.099999999999714,0.10049999999999858,1.0100249999999862,-17.6004306705604,-10.62490165922884,-8.326676243298891,-10.624901659238844,-17.600430670581858,-25.79677458857944,-25.7967745885816,0.631473311640734,0.6504449713030229,0.6565739496040628,0.6504449713029957,0.6314733116406757,0.0,0.0,0.0,0.0,0.0,0.0,0.0,0.0,0.0,0.0,off,off,off,off,off
20.199999999999708,0.10099999999999854,1.0200999999999862,-17.634268136850295,-10.677663510726859,-8.378579812749194,-10.677663510739592,-17.634268136871356,-25.77441217566468,-25.774412175666868,0.6314301477918475,0.650355719038747,0.6564882513186608,0.6503557190387127,0.6314301477917901,0.0,0.0,0.0,0.0,0.0,0.0,0.0,0.0,0.0,0.0,off,off,off,off,off
20.299999999999702,0.10149999999999851,1.0302249999999862,-17.667308180422253,-10.730073357108381,-8.430433846199435,-10.730073357122706,-17.667308180441893,-25.75220727954536,-25.752207279547576,0.6313925912900971,0.6502708292949848,0.6564061097508184,0.6502708292949466,0.6313925912900433,0.0,0.0,0.0,0.0,0.0,0.0,0.0,0.0,0.0,0.0,off,off,off,off,off
20.399999999999697,0.10199999999999848,1.040399999999986,-17.6995739031085,-10.782129385213864,-8.482229895805574,-10.782129385226995,-17.699573903129277,-25.730157262945426,-25.7301572629477,0.6313605200212079,0.6501902466566841,0.6563274865309829,0.6501902466566492,0.6313605200211513,0.0,0.0,0.0,0.0,0.0,0.0,0.0,0.0,0.0,0.0,off,off,off,off,off
20.49999999999969,0.10249999999999845,1.0506249999999857,-17.731087607338594,-10.83383003227408,-8.533959703937228,-10.833830032286983,-17.731087607357097,-25.708259559200485,-25.7082595592029,0.6313338146126559,0.6501139156850848,0.656252343445052,0.6501139156850503,0.6313338146126055,0.0,0.0,0.0,0.0,0.0,0.0,0.0,0.0,0.0,0.0,off,off,off,off,off
20.599999999999685,0.10299999999999843,1.0608999999999855,-17.761870825975222,-10.885173970650442,-8.585615204578573,-10.885173970664141,-17.761870825993043,-25.686511669878115,-25.686511669880588,0.6313123583543446,0.6500417809560332,0.6561806424284969,0.6500417809559964,0.6313123583542964,0.0,0.0,0.0,0.0,0.0,0.0,0.0,0.0,0.0,0.0,off,off,off,off,off
20.69999999999968,0.1034999999999984,1.0712249999999854,-17.791944350973722,-10.936160093418835,-8.637188524286387,-10.936160093434125,-17.79194435099174,-25.664911162485794,-25.664911162488238,0.6312960371221857,0.649973787095973,0.6561123455615265,0.6499737870959319,0.6312960371221368,0.0,0.0,0.0,0.0,0.0,0.0,0.0,0.0,0.0,0.0,off,off,off,off,off
20.799999999999674,0.10399999999999837,1.0815999999999852,-17.82132826089088,-10.986787500761807,-8.688671982714368,-10.986787500779428,-17.821328260908246,-25.643455668263357,-25.64345566826583,0.6312847393045276,0.6499098788157065,0.6560474150652765,0.6499098788156589,0.6312847393044804,0.0,0.0,0.0,0.0,0.0,0.0,0.0,0.0,0.0,0.0,off,off,off,off,off
20.899999999999668,0.10449999999999834,1.092024999999985,-17.850041947308824,-11.037055487111559,-8.740058092785375,-11.03705548713026,-17.850041947329345,-25.622142880056714,-25.622142880059215,0.6312783557312658,0.6498500009420776,0.6559858132987997,0.6498500009420272,0.6312783557312094,0.0,0.0,0.0,0.0,0.0,0.0,0.0,0.0,0.0,0.0,off,off,off,off,off
20.999999999999662,0.10499999999999832,1.102499999999985,-17.87810414021439,-11.086963529030697,-8.791339560481049,-11.086963529049342,-17.878104140235877,-25.60097055026941,-25.600970550271995,0.6312767796055269,0.6497940984476183,0.6559275027569603,0.6497940984475681,0.6312767796054687,0.0,0.0,0.0,0.0,0.0,0.0,0.0,0.0,0.0,0.0,off,off,off,off,off
21.099999999999657,0.10549999999999829,1.1130249999999848,-17.905532932378264,-11.136511273748681,-8.842509284329878,-11.136511273770338,-17.905532932398785,-25.579936488889444,-25.57993648889203,0.631279906437831,0.6497421164783661,0.6558724460690069,0.6497421164783076,0.6312799064377745,0.0,0.0,0.0,0.0,0.0,0.0,0.0,0.0,0.0,0.0,off,off,off,off,off
21.19999999999965,0.10599999999999826,1.1235999999999846,-17.932345802767088,-11.185698528367823,-8.893560354591898,-11.185698528388514,-17.93234580278775,-25.5590385615875,-25.559038561590114,0.6312876339826354,0.6496940003798312,0.6558206059978389,0.6496940003797758,0.6312876339825794,0.0,0.0,0.0,0.0,0.0,0.0,0.0,0.0,0.0,0.0,off,off,off,off,off
21.299999999999645,0.10649999999999823,1.1342249999999843,-17.958559639052964,-11.234525249660066,-8.944486052184175,-11.23452524967928,-17.958559639073968,-25.538274687884723,-25.538274687887196,0.631299862177108,0.6496496957213095,0.6557719454398574,0.6496496957212581,0.6312998621770508,0.0,0.0,0.0,0.0,0.0,0.0,0.0,0.0,0.0,0.0,off,off,off,off,off
21.39999999999964,0.10699999999999821,1.1448999999999843,-17.984190759227886,-11.282991534436121,-8.995279847345671,-11.282991534455391,-17.984190759247753,-25.517642839386525,-25.517642839389055,0.6313164930821114,0.6496091483186031,0.6557264274253986,0.6496091483185518,0.6313164930820572,0.0,0.0,0.0,0.0,0.0,0.0,0.0,0.0,0.0,0.0,off,off,off,off,off
21.499999999999634,0.10749999999999817,1.1556249999999841,-18.009254932383584,-11.33109761048189,-9.045935398093604,-11.331097610503548,-18.009254932404446,-25.497141038081253,-25.497141038083925,0.6313374308252436,0.6495723042551557,0.6556840151196284,0.6495723042550979,0.6313374308251867,0.0,0.0,0.0,0.0,0.0,0.0,0.0,0.0,0.0,0.0,off,off,off,off,off
21.59999999999963,0.10799999999999814,1.166399999999984,-18.033767398681505,-11.378843827981427,-9.09644654847932,-11.378843828004506,-18.03376739870174,-25.476767354699376,-25.47676735470202,0.631362581545879,0.6495391099018231,0.655644671823869,0.6495391099017609,0.6313625815458237,0.0,0.0,0.0,0.0,0.0,0.0,0.0,0.0,0.0,0.0,off,off,off,off,off
21.699999999999623,0.10849999999999811,1.1772249999999835,-18.05774288854792,-11.426230651443916,-9.146807326644876,-11.426230651467279,-18.057742888568526,-25.456519907131593,-25.456519907134208,0.6313918533421178,0.6495095119352285,0.6556083609773647,0.6495095119351658,0.6313918533420615,0.0,0.0,0.0,0.0,0.0,0.0,0.0,0.0,0.0,0.0,off,off,off,off,off
21.799999999999617,0.10899999999999808,1.1880999999999835,-18.081195641124964,-11.473258652083132,-9.197011942734889,-11.473258652106665,-18.08119564114628,-25.436396858904544,-25.43639685890713,0.6314251562195767,0.6494834573548526,0.6555750461593471,0.6494834573547893,0.6314251562195188,0.0,0.0,0.0,0.0,0.0,0.0,0.0,0.0,0.0,0.0,off,off,off,off,off
21.89999999999961,0.10949999999999806,1.1990249999999834,-18.104139422017113,-11.519928500635956,-9.247054786654758,-11.519928500659546,-18.10413942203661,-25.41639641771056,-25.416396417713145,0.6314624020419095,0.6494608934988768,0.6555446910914197,0.6494608934988133,0.6314624020418563,0.0,0.0,0.0,0.0,0.0,0.0,0.0,0.0,0.0,0.0,off,off,off,off,off
21.999999999999606,0.10999999999999803,1.209999999999983,-18.126587540337596,-11.566240960583912,-9.296930425698292,-11.566240960608468,-18.126587540358173,-25.396516833989864,-25.396516833992536,0.6315035044830638,0.6494417680589014,0.6555172596402128,0.6494417680588355,0.6315035044830075,0.0,0.0,0.0,0.0,0.0,0.0,0.0,0.0,0.0,0.0,off,off,off,off,off
22.0999999999996,0.110499999999998,1.2210249999999827,-18.14855286512551,-11.612196881777379,-9.346633602054453,-11.612196881799889,-18.14855286514529,-25.37675639956376,-25.376756399566432,0.6315483789810821,0.6494260290935148,0.6554927158202859,0.6494260290934544,0.6315483789810288,0.0,0.0,0.0,0.0,0.0,0.0,0.0,0.0,0.0,0.0,off,off,off,off,off
22.199999999999594,0.11099999999999798,1.2320999999999827,-18.170047841106708,-11.657797194410705,-9.396159230216824,-11.657797194432646,-18.170047841126348,-25.35711344631548,-25.357113446318237,0.6315969426935311,0.6494136250408766,0.655471023797208,0.6494136250408178,0.6315969426934781,0.0,0.0,0.0,0.0,0.0,0.0,0.0,0.0,0.0,0.0,off,off,off,off,off
22.29999999999959,0.11149999999999795,1.2432249999999825,-18.19108450388191,-11.703042903355197,-9.445502394304867,-11.703042903375547,-18.191084503902204,-25.337586344918975,-25.337586344921732,0.6316491144543332,0.6494045047302841,0.6554521478908094,0.6494045047302295,0.6316491144542781,0.0,0.0,0.0,0.0,0.0,0.0,0.0,0.0,0.0,0.0,off,off,off,off,off
22.399999999999583,0.11199999999999792,1.2543999999999822,-18.211674494514625,-11.747935082812035,-9.494658345304913,-11.747935082830736,-18.21167449453594,-25.31817350361146,-25.31817350361436,0.6317048147320897,0.649398617392826,0.6554360525785773,0.6493986173927759,0.6317048147320314,0.0,0.0,0.0,0.0,0.0,0.0,0.0,0.0,0.0,0.0,off,off,off,off,off
22.499999999999577,0.1124999999999979,1.265624999999982,-18.231829073574545,-11.792474871284924,-9.543622498247998,-11.792474871304364,-18.231829073597225,-25.29887336701026,-25.298873367013215,0.6317639655897433,0.6493959126711353,0.6554227024991571,0.6493959126710831,0.6317639655896815,0.0,0.0,0.0,0.0,0.0,0.0,0.0,0.0,0.0,0.0,off,off,off,off,off
22.59999999999957,0.11299999999999787,1.276899999999982,-18.251559134644936,-11.836663466838104,-9.592390429316197,-11.836663466856919,-18.251559134667872,-25.279684414970518,-25.27968441497356,0.63182649064557,0.649396340628319,0.6554120624559872,0.6493963406282683,0.6318264906455072,0.0,0.0,0.0,0.0,0.0,0.0,0.0,0.0,0.0,0.0,off,off,off,off,off
22.699999999999566,0.11349999999999782,1.2882249999999817,-18.270875217325397,-11.880502122630958,-9.640957872930528,-11.880502122648181,-18.27087521734697,-25.26060516148317,-25.260605161486353,0.63189231503541,0.649399851756105,0.6554040974209193,0.6493998517560584,0.6318923150353509,0.0,0.0,0.0,0.0,0.0,0.0,0.0,0.0,0.0,0.0,off,off,off,off,off
22.79999999999956,0.1139999999999978,1.2995999999999814,-18.289787519740514,-11.923992142717907,-9.689320718772024,-11.923992142736608,-18.28978751976095,-25.241634153611955,-25.241634153615195,0.6319613653761287,0.6494063969822307,0.6553987725379713,0.6494063969821803,0.6319613653760733,0.0,0.0,0.0,0.0,0.0,0.0,0.0,0.0,0.0,0.0,off,off,off,off,off
22.899999999999554,0.11449999999999777,1.311024999999981,-18.308305910576905,-11.967134878093361,-9.737475008789488,-11.967134878111608,-18.308305910597937,-25.222769970466487,-25.222769970469813,0.6320335697302405,0.6494159276771274,0.6553960531270587,0.6494159276770785,0.6320335697301837,0.0,0.0,0.0,0.0,0.0,0.0,0.0,0.0,0.0,0.0,off,off,off,off,off
22.99999999999955,0.11499999999999774,1.322499999999981,-18.3264399406751,-12.009931722962676,-9.7854169341756,-12.009931722981776,-18.32643994069656,-25.2040112222125,-25.204011222215854,0.6321088575716333,0.6494283956599588,0.6553959046877662,0.6494283956599075,0.6321088575715751,0.0,0.0,0.0,0.0,0.0,0.0,0.0,0.0,0.0,0.0,off,off,off,off,off
23.099999999999543,0.11549999999999772,1.3340249999999807,-18.34419885418498,-12.052384111250944,-9.833142832340343,-12.05238411127192,-18.34419885420604,-25.185356549114942,-25.185356549118353,0.632187159752378,0.6494437532039797,0.6553982929030797,0.649443753203923,0.6321871597523205,0.0,0.0,0.0,0.0,0.0,0.0,0.0,0.0,0.0,0.0,off,off,off,off,off
23.199999999999537,0.11599999999999769,1.3455999999999804,-18.361591599301562,-12.094493513306134,-9.88064918385686,-12.094493513324437,-18.361591599322168,-25.16680462061572,-25.166804620619075,0.6322684084705775,0.6494619530413333,0.6554031836431515,0.6494619530412841,0.6322684084705211,0.0,0.0,0.0,0.0,0.0,0.0,0.0,0.0,0.0,0.0,off,off,off,off,off
23.29999999999953,0.11649999999999766,1.3572249999999801,-18.378626838605385,-12.136261432791173,-9.927932609419145,-12.136261432809647,-18.378626838626445,-25.148354134441774,-25.148354134445214,0.6323525372391954,0.6494829483673078,0.655410542968993,0.6494829483672583,0.632352537239138,0.0,0.0,0.0,0.0,0.0,0.0,0.0,0.0,0.0,0.0,off,off,off,off,off
23.399999999999526,0.11699999999999763,1.36889999999998,-18.39531295901682,-12.177689403787099,-9.974989866796363,-12.177689403803583,-18.395312959038648,-25.130003815745482,-25.130003815748893,0.6324394808558478,0.6495066928439871,0.6554203371361429,0.649506692843943,0.6324394808557878,0.0,0.0,0.0,0.0,0.0,0.0,0.0,0.0,0.0,0.0,off,off,off,off,off
23.49999999999952,0.1174999999999976,1.3806249999999798,-18.41165808139405,-12.218778988046495,-10.021817847790828,-12.218778988062752,-18.411658081412696,-25.111752416273248,-25.111752416276715,0.6325291753734736,0.6495331406034663,0.6554325325982864,0.6495331406034225,0.6325291753734228,0.0,0.0,0.0,0.0,0.0,0.0,0.0,0.0,0.0,0.0,off,off,off,off,off
23.599999999999515,0.11799999999999758,1.3923999999999794,-18.427670069746966,-12.25953177242502,-10.068413575219324,-12.259531772443154,-18.427670069768283,-25.093598713563637,-25.093598713567104,0.6326215580719735,0.649562246250558,0.6554470960107861,0.6495622462505088,0.6326215580719152,0.0,0.0,0.0,0.0,0.0,0.0,0.0,0.0,0.0,0.0,off,off,off,off,off
23.69999999999951,0.11849999999999755,1.4042249999999792,-18.443356540143355,-12.29994936646682,-10.114774199889155,-12.299949366484668,-18.443356540166832,-25.075541510172258,-25.07554151017581,0.6327165674306051,0.6495939648650547,0.6554639942341961,0.6495939648650064,0.6327165674305405,0.0,0.0,0.0,0.0,0.0,0.0,0.0,0.0,0.0,0.0,off,off,off,off,off
23.799999999999503,0.11899999999999752,1.416099999999979,-18.45872486928249,-12.340033400133507,-10.160896997612497,-12.340033400153402,-18.45872486930773,-25.057579632923506,-25.0575796329272,0.6328141431012089,0.6496282520035773,0.6554831943376445,0.6496282520035236,0.6328141431011396,0.0,0.0,0.0,0.0,0.0,0.0,0.0,0.0,0.0,0.0,off,off,off,off,off
23.899999999999498,0.1194999999999975,1.4280249999999788,-18.47378220272782,-12.379785521680617,-10.206779366237356,-12.379785521701535,-18.473782202751323,-25.03971193218763,-25.03971193219141,0.6329142258822978,0.6496650637010021,0.6555046636021539,0.6496650637009456,0.6329142258822333,0.0,0.0,0.0,0.0,0.0,0.0,0.0,0.0,0.0,0.0,off,off,off,off,off
23.999999999999492,0.11999999999999746,1.4399999999999784,-18.488535462865656,-12.419207395651256,-10.252418822706886,-12.419207395670526,-18.48853546289115,-25.021937281182545,-25.021937281186354,0.6330167576938236,0.6497043564715455,0.6555283695238568,0.6497043564714934,0.6330167576937542,0.0,0.0,0.0,0.0,0.0,0.0,0.0,0.0,0.0,0.0,off,off,off,off,off
24.099999999999486,0.12049999999999743,1.4520249999999781,-18.50299135657417,-12.458300701007886,-10.29781300013758,-12.458300701028918,-18.50299135660208,-25.004254575298944,-25.00425457530278,0.6331216815526667,0.649746087309459,0.6555542798171468,0.6497460873094026,0.6331216815525901,0.0,0.0,0.0,0.0,0.0,0.0,0.0,0.0,0.0,0.0,off,off,off,off,off
24.19999999999948,0.1209999999999974,1.464099999999978,-18.517156382599808,-12.497067129378308,-10.342959644942312,-12.497067129398886,-18.517156382625586,-24.98666273144849,-24.986662731452327,0.6332289415488703,0.6497902136893924,0.6555823624176887,0.6497902136893364,0.6332289415487995,0.0,0.0,0.0,0.0,0.0,0.0,0.0,0.0,0.0,0.0,off,off,off,off,off
24.299999999999475,0.12149999999999737,1.4762249999999777,-18.531036838660185,-12.535508383397314,-10.387856613974236,-12.535508383420506,-18.531036838685253,-24.969160687434112,-24.96916068743809,0.6333384828225617,0.649836693566481,0.6556125854853595,0.6498366935664183,0.6333384828224934,0.0,0.0,0.0,0.0,0.0,0.0,0.0,0.0,0.0,0.0,off,off,off,off,off
24.39999999999947,0.12199999999999735,1.4883999999999773,-18.544638828314305,-12.57362617517532,-10.432501871721627,-12.573626175200673,-18.544638828338947,-24.951747401341265,-24.951747401345273,0.6334502515414558,0.6498854853760774,0.6556449174070396,0.6498854853760081,0.6334502515413882,0.0,0.0,0.0,0.0,0.0,0.0,0.0,0.0,0.0,0.0,off,off,off,off,off
24.499999999999464,0.12249999999999732,1.500624999999977,-18.557968267566366,-12.611422224847047,-10.47689348752374,-12.611422224873706,-18.557968267588194,-24.93442185094969,-24.934421850953726,0.6335641948790326,0.6499365480332435,0.6556793267993362,0.6499365480331717,0.6335641948789734,0.0,0.0,0.0,0.0,0.0,0.0,0.0,0.0,0.0,0.0,off,off,off,off,off
24.599999999999458,0.12299999999999729,1.5128999999999768,-18.571030891229952,-12.648898259221653,-10.521029632837951,-12.648898259247801,-18.571030891251326,-24.917183033164918,-24.917183033168897,0.6336802609933317,0.6499898409319678,0.6557157825111587,0.649989840931897,0.633680260993273,0.0,0.0,0.0,0.0,0.0,0.0,0.0,0.0,0.0,0.0,off,off,off,off,off
24.699999999999452,0.12349999999999726,1.5252249999999765,-18.583832259076615,-12.686056010510299,-10.564908578538052,-12.686056010536902,-18.58383225910032,-24.90002996346857,-24.900029963472576,0.6337983990062792,0.6500453239441474,0.655754253626207,0.6500453239440754,0.6337983990062143,0.0,0.0,0.0,0.0,0.0,0.0,0.0,0.0,0.0,0.0,off,off,off,off,off
24.799999999999446,0.12399999999999724,1.537599999999976,-18.596377761753587,-12.722897215153523,-10.608528692262496,-12.722897215178193,-18.596377761775074,-24.882961675387435,-24.882961675391414,0.6339185589836159,0.6501029574183012,0.6557947094653152,0.6501029574182348,0.6339185589835572,0.0,0.0,0.0,0.0,0.0,0.0,0.0,0.0,0.0,0.0,off,off,off,off,off
24.89999999999944,0.12449999999999721,1.550024999999976,-18.608672626485713,-12.759423612705405,-10.65188843579756,-12.75942361272945,-18.60867262650629,-24.865977219979555,-24.86597721998359,0.6340406919153707,0.6501627021781153,0.6558371195887029,0.6501627021780507,0.6340406919153146,0.0,0.0,0.0,0.0,0.0,0.0,0.0,0.0,0.0,0.0,off,off,off,off,off
24.999999999999435,0.12499999999999718,1.5624999999999758,-18.620721922586284,-12.795636944807768,-10.694986362515465,-12.79563694483204,-18.620721922605384,-24.84907566533829,-24.84907566534227,0.6341647496968245,0.6502245195207397,0.6558814537980746,0.6502245195206743,0.6341647496967724,0.0,0.0,0.0,0.0,0.0,0.0,0.0,0.0,0.0,0.0,off,off,off,off,off
25.09999999999943,0.12549999999999714,1.5750249999999755,-18.63253056676291,-12.831538954220719,-10.737821114840926,-12.83153895424664,-18.632530566779508,-24.83225609611145,-24.832256096115486,0.6342906851099988,0.650288371214926,0.6559276821386405,0.6502883712148557,0.6342906851099531,0.0,0.0,0.0,0.0,0.0,0.0,0.0,0.0,0.0,0.0,off,off,off,off,off
25.199999999999424,0.12599999999999711,1.587599999999975,-18.644103328234138,-12.867131383927187,-10.780391421774823,-12.867131383954018,-18.644103328251447,-24.81551761303777,-24.815517613041948,0.6344184518056353,0.6503542194989593,0.6559757749009916,0.6503542194988864,0.6344184518055881,0.0,0.0,0.0,0.0,0.0,0.0,0.0,0.0,0.0,0.0,off,off,off,off,off
25.299999999999418,0.1264999999999971,1.600224999999975,-18.655444833672618,-12.902415976290058,-10.82269609646039,-12.902415976314671,-18.655444833688392,-24.79885933249767,-24.79885933250185,0.6345480042856213,0.6504220270784494,0.656025702622854,0.650422027078383,0.6345480042855786,0.0,0.0,0.0,0.0,0.0,0.0,0.0,0.0,0.0,0.0,off,off,off,off,off
25.399999999999412,0.12699999999999706,1.6128999999999747,-18.666559571956782,-12.93739447227108,-10.864734033795003,-12.937394472296035,-18.66655957197119,-24.782280386078895,-24.7822803860831,0.6346792978859148,0.6504917571239489,0.6560774360907368,0.6504917571238812,0.6346792978858755,0.0,0.0,0.0,0.0,0.0,0.0,0.0,0.0,0.0,0.0,off,off,off,off,off
25.499999999999407,0.12749999999999703,1.6256249999999743,-18.67745189877229,-12.972068610710608,-10.906504208080946,-12.972068610736244,-18.67745189878562,-24.765779920156973,-24.765779920161236,0.6348122887598564,0.6505633732684063,0.6561309463414678,0.650563373268337,0.6348122887598203,0.0,0.0,0.0,0.0,0.0,0.0,0.0,0.0,0.0,0.0,off,off,off,off,off
25.5999999999994,0.127999999999997,1.6383999999999739,-18.68812604104602,-13.0064401276436,-10.948005670736393,-13.006440127668668,-18.688126041059263,-24.749357095488676,-24.74935709549294,0.634946933861921,0.6506368396045267,0.6561862046635895,0.6506368396044587,0.6349469338618849,0.0,0.0,0.0,0.0,0.0,0.0,0.0,0.0,0.0,0.0,off,off,off,off,off
25.699999999999395,0.12849999999999698,1.6512249999999737,-18.69858610121406,-13.040510755681112,-10.989237548044514,-13.04051075570402,-18.69858610122796,-24.733011086819033,-24.73301108682338,0.6350831909319061,0.6507121206819514,0.6562431825986456,0.6507121206818895,0.6350831909318683,0.0,0.0,0.0,0.0,0.0,0.0,0.0,0.0,0.0,0.0,off,off,off,off,off
25.79999999999939,0.12899999999999695,1.6640999999999735,-18.70883606134845,-13.074282223409796,-11.030199038942044,-13.074282223429975,-18.708836061361495,-24.716741082501443,-24.71674108250582,0.6352210184794921,0.650789181504399,0.6563018519423839,0.650789181504345,0.6352210184794564,0.0,0.0,0.0,0.0,0.0,0.0,0.0,0.0,0.0,0.0,off,off,off,off,off
25.899999999999384,0.12949999999999692,1.6770249999999731,-18.718879787142356,-13.1077562548669,-11.070889412869576,-13.107756254886624,-18.718879787155686,-24.700546284129558,-24.700546284133964,0.6353603757691719,0.6508679875266015,0.6563621847457994,0.6508679875265478,0.6353603757691354,0.0,0.0,0.0,0.0,0.0,0.0,0.0,0.0,0.0,0.0,off,off,off,off,off
25.99999999999938,0.1299999999999969,1.6899999999999726,-18.72872103174663,-13.140934569039075,-11.11130800766017,-13.140934569057833,-18.728721031762717,-24.68442590618156,-24.684425906185965,0.6355012228055834,0.6509485046511824,0.6564241533160846,0.650948504651132,0.635501222805539,0.0,0.0,0.0,0.0,0.0,0.0,0.0,0.0,0.0,0.0,off,off,off,off,off
26.099999999999373,0.13049999999999687,1.7030249999999725,-18.738363439481986,-13.173818879388136,-11.151454227467525,-13.173818879409566,-18.738363439497817,-24.66837917567551,-24.66837917567989,0.6356435203191648,0.6510306992254743,0.6564877302174924,0.6510306992254165,0.6356435203191214,0.0,0.0,0.0,0.0,0.0,0.0,0.0,0.0,0.0,0.0,off,off,off,off,off
26.199999999999367,0.13099999999999684,1.7160999999999722,-18.747810549412407,-13.206410893433201,-11.191327540743202,-13.206410893455313,-18.747810549426788,-24.65240533183612,-24.652405331840527,0.6357872297521926,0.6511145380381869,0.6565528882720769,0.6511145380381268,0.6357872297521531,0.0,0.0,0.0,0.0,0.0,0.0,0.0,0.0,0.0,0.0,off,off,off,off,off
26.29999999999936,0.13149999999999681,1.7292249999999718,-18.75706579879656,-13.238712312354153,-11.230927478275078,-13.238712312374787,-18.757065798810288,-24.636503625772463,-24.63650362577684,0.6359323132451355,0.651199988316027,0.6566196005602872,0.6511999883159714,0.6359323132450984,0.0,0.0,0.0,0.0,0.0,0.0,0.0,0.0,0.0,0.0,off,off,off,off,off
26.399999999999356,0.1319999999999968,1.7423999999999715,-18.76613252642474,-13.270724830623408,-11.270253631244202,-13.270724830642905,-18.766132526440487,-24.620673320165196,-24.620673320169487,0.6360787336233297,0.6512870177202573,0.6566878404215306,0.6512870177202044,0.636078733623286,0.0,0.0,0.0,0.0,0.0,0.0,0.0,0.0,0.0,0.0,off,off,off,off,off
26.49999999999935,0.13249999999999676,1.7556249999999713,-18.77501397584166,-13.302450135673666,-11.309305649343173,-13.302450135693675,-18.7750139758586,-24.604913688964444,-24.60491368896882,0.6362264543839551,0.651375594343161,0.656757581454582,0.6513755943431069,0.6362264543839081,0.0,0.0,0.0,0.0,0.0,0.0,0.0,0.0,0.0,0.0,off,off,off,off,off
26.599999999999344,0.13299999999999673,1.768899999999971,-18.783713298444866,-13.333889907592834,-11.348083238937988,-13.333889907613923,-18.783713298458423,-24.58922401709765,-24.589224017102055,0.6363754396833606,0.6514656867044551,0.6568287975179058,0.6514656867043978,0.6363754396833234,0.0,0.0,0.0,0.0,0.0,0.0,0.0,0.0,0.0,0.0,off,off,off,off,off
26.69999999999934,0.1334999999999967,1.7822249999999706,-18.79223355648375,-13.365045818844749,-11.386586161264972,-13.365045818866975,-18.792233556496825,-24.573603600185663,-24.573603600190097,0.6365256543246558,0.6515572637476399,0.656901462729889,0.6515572637475795,0.63652565432462,0.0,0.0,0.0,0.0,0.0,0.0,0.0,0.0,0.0,0.0,off,off,off,off,off
26.799999999999333,0.13399999999999668,1.79559999999997,-18.800577725960864,-13.395919534006055,-11.424814230671927,-13.395919534027428,-18.800577725974136,-24.558051744268738,-24.558051744273172,0.6366770637455752,0.6516502948363223,0.6569755514689887,0.6516502948362642,0.6366770637455389,0.0,0.0,0.0,0.0,0.0,0.0,0.0,0.0,0.0,0.0,off,off,off,off,off
26.899999999999327,0.13449999999999665,1.80902499999997,-18.808748699427326,-13.426512709537064,-11.462767312920505,-13.426512709555311,-18.808748699442447,-24.54256776554078,-24.54256776554527,0.6368296340066381,0.6517447497504631,0.6570510383737309,0.6517447497504135,0.6368296340065962,0.0,0.0,0.0,0.0,0.0,0.0,0.0,0.0,0.0,0.0,off,off,off,off,off
26.99999999999932,0.13499999999999662,1.8224999999999696,-18.816749288680768,-13.456826993562629,-11.500445323495171,-13.456826993581842,-18.816749288697565,-24.527150990092366,-24.527150990096942,0.6369833317795794,0.6518405986826117,0.6571278983427111,0.6518405986825596,0.6369833317795331,0.0,0.0,0.0,0.0,0.0,0.0,0.0,0.0,0.0,0.0,off,off,off,off,off
27.099999999999316,0.1354999999999966,1.8360249999999692,-18.82458222737614,-13.486864025691546,-11.53784822599033,-13.48686402571144,-18.824582227393847,-24.511800753661475,-24.511800753666137,0.6371381243360272,0.6519378122340544,0.6572061065344135,0.6519378122340005,0.6371381243359784,0.0,0.0,0.0,0.0,0.0,0.0,0.0,0.0,0.0,0.0,off,off,off,off,off
27.19999999999931,0.13599999999999654,1.8495999999999688,-18.832250173536494,-13.516625436826985,-11.574976030510072,-13.516625436846823,-18.832250173556616,-24.496516401392284,-24.496516401396832,0.637293979536462,0.6520363614110072,0.6572856383670167,0.6520363614109533,0.6372939795364063,0.0,0.0,0.0,0.0,0.0,0.0,0.0,0.0,0.0,0.0,off,off,off,off,off
27.299999999999304,0.1364999999999965,1.8632249999999686,-18.839755711997782,-13.546112849026258,-11.61182879212339,-13.546112849044903,-18.839755712017165,-24.481297287601024,-24.481297287605656,0.6374508658193667,0.6521362176206897,0.6573664695180742,0.6521362176206399,0.6374508658193134,0.0,0.0,0.0,0.0,0.0,0.0,0.0,0.0,0.0,0.0,off,off,off,off,off
27.3999999999993,0.13699999999999649,1.8768999999999683,-18.847101356747345,-13.575327875342566,-11.648406609353856,-13.575327875360983,-18.84710135676559,-24.46614277555031,-24.466142775555056,0.6376087521906795,0.6522373526674723,0.6574485759241289,0.6522373526674221,0.6376087521906292,0.0,0.0,0.0,0.0,0.0,0.0,0.0,0.0,0.0,0.0,off,off,off,off,off
27.499999999999293,0.13749999999999646,1.8906249999999678,-18.854289553199465,-13.604272119715233,-11.684709622707487,-13.604272119732457,-18.85428955321572,-24.451052237229362,-24.451052237234165,0.637767608213427,0.6523397387489064,0.6575319337802513,0.6523397387488594,0.6377676082133825,0.0,0.0,0.0,0.0,0.0,0.0,0.0,0.0,0.0,0.0,off,off,off,off,off
27.599999999999287,0.13799999999999643,1.9043999999999675,-18.861322680383864,-13.632947176854145,-11.720738013240691,-13.632947176868186,-18.86132268040018,-24.43602505314152,-24.436025053146352,0.6379274039976176,0.6524433484517986,0.6576165195394928,0.6524433484517608,0.6379274039975729,0.0,0.0,0.0,0.0,0.0,0.0,0.0,0.0,0.0,0.0,off,off,off,off,off
27.69999999999928,0.1384999999999964,1.9182249999999672,-18.868203053068015,-13.661354632139137,-11.756492001165327,-13.661354632152438,-18.86820305308234,-24.42106061209836,-24.42106061210319,0.6380881101903214,0.652548154748262,0.6577023099122703,0.6525481547482258,0.638088110190282,0.0,0.0,0.0,0.0,0.0,0.0,0.0,0.0,0.0,0.0,off,off,off,off,off
27.799999999999276,0.13899999999999638,1.9320999999999668,-18.874932923798752,-13.689496061539216,-11.791971844486397,-13.68949606155303,-18.874932923813333,-24.40615831102025,-24.40615831102508,0.6382496979659915,0.6526541309917356,0.6577892818656896,0.6526541309916984,0.6382496979659512,0.0,0.0,0.0,0.0,0.0,0.0,0.0,0.0,0.0,0.0,off,off,off,off,off
27.89999999999927,0.13949999999999635,1.9460249999999664,-18.88151448488614,-13.71737303154174,-11.827177837681006,-13.717373031556122,-18.881514484901942,-24.391317554742727,-24.391317554747616,0.6384121390169575,0.6527612509130019,0.6578774126227824,0.6527612509129628,0.6384121390169138,0.0,0.0,0.0,0.0,0.0,0.0,0.0,0.0,0.0,0.0,off,off,off,off,off
27.999999999999265,0.13999999999999632,1.959999999999966,-18.887949870309797,-13.744987099086472,-11.862110310406592,-13.744987099100967,-18.887949870323894,-24.376537755829304,-24.376537755834278,0.6385754055441526,0.6528694886162161,0.6579666796616993,0.6528694886161764,0.6385754055441142,0.0,0.0,0.0,0.0,0.0,0.0,0.0,0.0,0.0,0.0,off,off,off,off,off
28.09999999999926,0.1404999999999963,1.9740249999999657,-18.894241157561396,-13.772339811514541,-11.896769626258333,-13.772339811530571,-18.894241157576232,-24.36181833438974,-24.36181833439477,0.6387394702480282,0.6529788185749145,0.6580570607147929,0.652978818574871,0.6387394702479874,0.0,0.0,0.0,0.0,0.0,0.0,0.0,0.0,0.0,0.0,off,off,off,off,off
28.199999999999253,0.14099999999999627,1.9880999999999653,-18.90039036943176,-13.799432706528307,-11.931156181535869,-13.79943270654735,-18.900390369447365,-24.34715871790371,-24.347158717908826,0.6389043063196446,0.6530892156280258,0.6581485337677121,0.6530892156279738,0.6389043063196016,0.0,0.0,0.0,0.0,0.0,0.0,0.0,0.0,0.0,0.0,off,off,off,off,off
28.299999999999248,0.14149999999999624,2.0022249999999646,-18.90639947574033,-13.826267312163168,-11.965270404065336,-13.82626731217914,-18.906399475753602,-24.33255834105043,-24.332558341055517,0.6390698874319336,0.653200654975868,0.6582410770583722,0.6532006549758248,0.6390698874318974,0.0,0.0,0.0,0.0,0.0,0.0,0.0,0.0,0.0,0.0,off,off,off,off,off
28.399999999999242,0.1419999999999962,2.0163999999999644,-18.9122703949906,-13.852845146751179,-11.999112752041924,-13.85284514676573,-18.91227039500518,-24.318016645542684,-24.31801664554783,0.6392361877311923,0.6533131121761988,0.658334669075903,0.6533131121761594,0.6392361877311522,0.0,0.0,0.0,0.0,0.0,0.0,0.0,0.0,0.0,0.0,off,off,off,off,off
28.499999999999236,0.14249999999999619,2.030624999999964,-18.91800499599026,-13.87916771891014,-12.03268371290693,-13.879167718924634,-18.918004996005266,-24.30353307996677,-24.303533079971913,0.6394031818286862,0.6534265631402201,0.6584292885595333,0.6534265631401807,0.6394031818286446,0.0,0.0,0.0,0.0,0.0,0.0,0.0,0.0,0.0,0.0,off,off,off,off,off
28.59999999999923,0.14299999999999616,2.0448999999999637,-18.92360509940096,-13.905236527537681,-12.065983802261826,-13.90523652755246,-18.923605099416903,-24.289107099626392,-24.289107099631508,0.639570844792476,0.6535409841285991,0.6585249144974102,0.6535409841285585,0.6395708447924316,0.0,0.0,0.0,0.0,0.0,0.0,0.0,0.0,0.0,0.0,off,off,off,off,off
28.699999999999225,0.14349999999999613,2.0592249999999632,-18.9290724792489,-13.931053061799275,-12.099013562799257,-13.931053061813373,-18.92907247926462,-24.274738166391927,-24.27473816639707,0.6397391521393674,0.6536563517475301,0.6586215261254006,0.6536563517474919,0.6397391521393245,0.0,0.0,0.0,0.0,0.0,0.0,0.0,0.0,0.0,0.0,off,off,off,off,off
28.79999999999922,0.1439999999999961,2.0735999999999626,-18.934408864373268,-13.9566188011392,-12.131773563284582,-13.956618801154548,-18.93440886438779,-24.2604257485541,-24.260425748559243,0.6399080798270588,0.6537726429447654,0.6587191029257876,0.6537726429447236,0.6399080798270188,0.0,0.0,0.0,0.0,0.0,0.0,0.0,0.0,0.0,0.0,off,off,off,off,off
28.899999999999213,0.14449999999999608,2.0880249999999623,-18.939615939835676,-13.981935215285034,-12.164264397537863,-13.981935215302656,-18.93961593984622,-24.246169320681673,-24.246169320686874,0.6400776042464194,0.6538898350056881,0.6588176246260051,0.6538898350056399,0.6400776042463908,0.0,0.0,0.0,0.0,0.0,0.0,0.0,0.0,0.0,0.0,off,off,off,off,off
28.999999999999208,0.14499999999999605,2.102499999999962,-18.944695348277946,-14.007003764264084,-12.196486683478383,-14.00700376428216,-18.94469534828923,-24.231968363483986,-24.231968363489187,0.6402477022139307,0.6540079055493837,0.658917071197226,0.6540079055493345,0.6402477022138998,0.0,0.0,0.0,0.0,0.0,0.0,0.0,0.0,0.0,0.0,off,off,off,off,off
29.099999999999202,0.14549999999999602,2.1170249999999613,-18.949648691238508,-14.031825898417367,-12.228441062162233,-14.031825898431578,-18.94964869125056,-24.217822363676902,-24.217822363682103,0.6404183509642719,0.654126832524749,0.6590174228530115,0.6541268325247104,0.6404183509642384,0.0,0.0,0.0,0.0,0.0,0.0,0.0,0.0,0.0,0.0,off,off,off,off,off
29.199999999999196,0.145999999999996,2.131599999999961,-18.954477530422054,-14.05640305842411,-12.260128196877474,-14.056403058437866,-18.95447753043436,-24.20373081385347,-24.20373081385867,0.6405895281430528,0.6542465942065966,0.6591186600478325,0.6542465942065596,0.6405895281430191,0.0,0.0,0.0,0.0,0.0,0.0,0.0,0.0,0.0,0.0,off,off,off,off,off
29.29999999999919,0.14649999999999597,2.1462249999999607,-18.959183388929517,-14.08073667533381,-12.291548772245108,-14.080736675350465,-18.95918338894043,-24.18969321235801,-24.18969321236318,0.6407612117996877,0.6543671691917748,0.6592207634756092,0.6543671691917294,0.6407612117996578,0.0,0.0,0.0,0.0,0.0,0.0,0.0,0.0,0.0,0.0,off,off,off,off,off
29.399999999999185,0.14699999999999594,2.1608999999999603,-18.963767752440504,-14.10482817059841,-12.322703493348456,-14.104828170613871,-18.96376775245315,-24.175709063163623,-24.175709063168767,0.6409333803804217,0.654488536395311,0.6593237140682098,0.6544885363952685,0.6409333803803867,0.0,0.0,0.0,0.0,0.0,0.0,0.0,0.0,0.0,0.0,off,off,off,off,off
29.49999999999918,0.1474999999999959,2.1756249999999597,-18.96823207036894,-14.12867895609611,-12.353593084903935,-14.128678956111685,-18.96823207038406,-24.161777875753955,-24.1617778757591,0.6411060127214606,0.6546106750466124,0.6594274929938678,0.6546106750465699,0.6411060127214182,0.0,0.0,0.0,0.0,0.0,0.0,0.0,0.0,0.0,0.0,off,off,off,off,off
29.599999999999174,0.14799999999999588,2.1903999999999595,-18.972577756974545,-14.15229043418185,-12.384218290436309,-14.152290434198164,-18.972577756989295,-24.147899165008226,-24.14789916501337,0.6412790880422461,0.6547335646856249,0.659532081655625,0.6547335646855809,0.6412790880422051,0.0,0.0,0.0,0.0,0.0,0.0,0.0,0.0,0.0,0.0,off,off,off,off,off
29.699999999999168,0.14849999999999583,2.205224999999959,-18.97680619242658,-14.175663997725508,-12.414579871490275,-14.175663997738866,-18.97680619244116,-24.13407245108928,-24.134072451094426,0.6414525859388945,0.6548571851590522,0.6596374616897058,0.654857185159016,0.6414525859388541,0.0,0.0,0.0,0.0,0.0,0.0,0.0,0.0,0.0,0.0,off,off,off,off,off
29.799999999999162,0.1489999999999958,2.2200999999999587,-18.98091872385922,-14.198801030145148,-12.444678606857849,-14.198801030157824,-18.980918723873117,-24.12029725933533,-24.120297259340475,0.6416264863776822,0.6549815166166231,0.6597436149638867,0.654981516616589,0.6416264863776437,0.0,0.0,0.0,0.0,0.0,0.0,0.0,0.0,0.0,0.0,off,off,off,off,off
29.899999999999157,0.14949999999999578,2.235024999999958,-18.984916666361784,-14.221702905468703,-12.474515291832404,-14.221702905479845,-18.98491666637753,-24.106573120154337,-24.10657312015951,0.6418007696887402,0.655106539507312,0.6598505235758277,0.6551065395072816,0.6418007696886966,0.0,0.0,0.0,0.0,0.0,0.0,0.0,0.0,0.0,0.0,off,off,off,off,off
29.99999999999915,0.14999999999999575,2.249999999999958,-18.98880130395918,-14.244370988373078,-12.504090737494153,-14.24437098838456,-18.988801303977937,-24.092899568922206,-24.09289956892738,0.641975416559805,0.6552322345756492,0.6599581698513485,0.6552322345756179,0.641975416559753,0.0,0.0,0.0,0.0,0.0,0.0,0.0,0.0,0.0,0.0,off,off,off,off,off
30.099999999999145,0.15049999999999572,2.2650249999999574,-18.99257389055495,-14.266806634240083,-12.5334057699896,-14.266806634251793,-18.992573890573425,-24.07927614588317,-24.079276145888457,0.6421504080300976,0.655358582858021,0.6600665363427631,0.6553585828579893,0.642150408030047,0.0,0.0,0.0,0.0,0.0,0.0,0.0,0.0,0.0,0.0,off,off,off,off,off
30.19999999999914,0.1509999999999957,2.280099999999957,-18.996235650830613,-14.289011189204587,-12.562461229874543,-14.289011189216922,-18.99623565084994,-24.065702396053496,-24.065702396058896,0.6423257254843603,0.6554855656790213,0.6601756058270679,0.6554855656789876,0.6423257254843071,0.0,0.0,0.0,0.0,0.0,0.0,0.0,0.0,0.0,0.0,off,off,off,off,off
30.299999999999134,0.15149999999999567,2.2952249999999563,-18.99978778113774,-14.310985990212203,-12.59125797142849,-14.31098599022107,-18.999787781156897,-24.052177869127945,-24.052177869133317,0.6425013506469307,0.6556131646478062,0.6602853613042519,0.655613164647782,0.642501350646878,0.0,0.0,0.0,0.0,0.0,0.0,0.0,0.0,0.0,0.0,off,off,off,off,off
30.399999999999128,0.15199999999999564,2.310399999999956,-19.003231450333743,-14.332732365067898,-12.619796862033525,-14.332732365075742,-19.003231450353695,-24.03870211938826,-24.03870211939369,0.6426772655760116,0.6557413616545092,0.660395785995457,0.6557413616544885,0.6426772655759564,0.0,0.0,0.0,0.0,0.0,0.0,0.0,0.0,0.0,0.0,off,off,off,off,off
30.499999999999122,0.1524999999999956,2.3256249999999556,-19.00656780062681,-14.354251632502894,-12.648078781546474,-14.354251632512273,-19.006567800645996,-24.02527470561529,-24.025274705620802,0.6428534526579375,0.6558701388666387,0.6605068633411983,0.6558701388666132,0.6428534526578844,0.0,0.0,0.0,0.0,0.0,0.0,0.0,0.0,0.0,0.0,off,off,off,off,off
30.599999999999117,0.15299999999999558,2.340899999999955,-19.009797948349956,-14.375545102228386,-12.676104621693355,-14.375545102237993,-19.009797948371556,-24.011895191002793,-24.011895191008364,0.6430298946016725,0.6559994787255378,0.6606185769995556,0.6559994787255113,0.6430298946016128,0.0,0.0,0.0,0.0,0.0,0.0,0.0,0.0,0.0,0.0,off,off,off,off,off
30.69999999999911,0.15349999999999556,2.3562249999999545,-19.012922984753743,-14.396614074993295,-12.703875285493496,-14.396614075003356,-19.012922984773923,-23.998563143073994,-23.998563143079707,0.6432065744332819,0.656129363942871,0.6607309108443187,0.6561293639428435,0.6432065744332259,0.0,0.0,0.0,0.0,0.0,0.0,0.0,0.0,0.0,0.0,off,off,off,off,off
30.799999999999105,0.15399999999999553,2.371599999999954,-19.01594397673304,-14.417459842646053,-12.731391686688937,-14.417459842657706,-19.01594397675163,-23.98527813360053,-23.9852781336063,0.643383475490618,0.6562597774971325,0.6608438489631563,0.6562597774971005,0.6433834754905666,0.0,0.0,0.0,0.0,0.0,0.0,0.0,0.0,0.0,0.0,off,off,off,off,off
30.8999999999991,0.1544999999999955,2.3870249999999538,-19.0188619675628,-14.438083688195775,-12.758654749199877,-14.438083688206916,-19.01886196758241,-23.97203973852345,-23.97203973852922,0.6435605814180118,0.6563907026301827,0.6609573756557436,0.656390702630152,0.6435605814179575,0.0,0.0,0.0,0.0,0.0,0.0,0.0,0.0,0.0,0.0,off,off,off,off,off
30.999999999999094,0.15499999999999547,2.4024999999999532,-19.02167797758841,-14.458486885874152,-12.7856654065925,-14.458486885887453,-19.021677977607567,-23.95884753787655,-23.958847537882292,0.6437378761611197,0.6565221228438208,0.6610714754318961,0.6565221228437843,0.6437378761610671,0.0,0.0,0.0,0.0,0.0,0.0,0.0,0.0,0.0,0.0,off,off,off,off,off
31.09999999999909,0.15549999999999545,2.4180249999999526,-19.02439300490846,-14.478670701195995,-12.812424601560622,-14.478670701210035,-19.024393004926765,-23.945701115712012,-23.945701115717696,0.643915343961823,0.6566540218963915,0.6611861330096979,0.6566540218963531,0.6439153439617725,0.0,0.0,0.0,0.0,0.0,0.0,0.0,0.0,0.0,0.0,off,off,off,off,off
31.199999999999083,0.15599999999999542,2.4335999999999522,-19.02700802602186,-14.498636391029095,-12.83893328543553,-14.498636391040293,-19.027008026041784,-23.932600060027482,-23.932600060033252,0.6440929693532536,0.656786383799396,0.6613013333135875,0.6567863837993657,0.6440929693531982,0.0,0.0,0.0,0.0,0.0,0.0,0.0,0.0,0.0,0.0,off,off,off,off,off
31.299999999999077,0.1564999999999954,2.449224999999952,-19.029523996470033,-14.518385203641458,-12.865192417705373,-14.518385203651292,-19.0295239964897,-23.91954396269628,-23.919543962702107,0.6442707371548652,0.6569191928142025,0.6614170614724529,0.656919192814176,0.6442707371548114,0.0,0.0,0.0,0.0,0.0,0.0,0.0,0.0,0.0,0.0,off,off,off,off,off
31.39999999999907,0.15699999999999537,2.4648999999999512,-19.031941851437495,-14.53791837878299,-12.891202965537502,-14.53791837879163,-19.03194185145773,-23.906532419398246,-23.9065324194041,0.6444486324676563,0.6570524334486887,0.6615333028177554,0.6570524334486654,0.6444486324676002,0.0,0.0,0.0,0.0,0.0,0.0,0.0,0.0,0.0,0.0,off,off,off,off,off
31.499999999999066,0.15749999999999534,2.480624999999951,-19.034262506359852,-14.557237147736657,-12.916965903336063,-14.557237147744104,-19.03426250637898,-23.89356502955323,-23.89356502955917,0.6446266406693886,0.6571860904540061,0.6616500428815842,0.657186090453986,0.6446266406693361,0.0,0.0,0.0,0.0,0.0,0.0,0.0,0.0,0.0,0.0,off,off,off,off,off
31.59999999999906,0.1579999999999953,2.4963999999999507,-19.036486857484107,-14.576342733390845,-12.942482212295431,-14.576342733399088,-19.03648685750136,-23.880641396256465,-23.880641396262405,0.6448047474099868,0.6573201488213125,0.6617672673947695,0.6573201488212902,0.6448047474099392,0.0,0.0,0.0,0.0,0.0,0.0,0.0,0.0,0.0,0.0,off,off,off,off,off
31.699999999999054,0.15849999999999528,2.51222499999995,-19.03861578243155,-14.595236350294556,-12.967752879991224,-14.595236350305527,-19.038615782448375,-23.867761126215044,-23.86776112622104,0.6449829386069462,0.6574545937785895,0.6618849622849124,0.6574545937785593,0.6449829386068996,0.0,0.0,0.0,0.0,0.0,0.0,0.0,0.0,0.0,0.0,off,off,off,off,off
31.79999999999905,0.15899999999999526,2.5280999999999496,-19.040650140738876,-14.613919204737613,-12.992778899956761,-14.613919204748527,-19.04065014075414,-23.854923829686726,-23.85492382969278,0.64516120044084,0.6575894107874176,0.6620031136744997,0.6575894107873878,0.6451612004407979,0.0,0.0,0.0,0.0,0.0,0.0,0.0,0.0,0.0,0.0,off,off,off,off,off
31.899999999999043,0.15949999999999523,2.544024999999949,-19.042590774370098,-14.632392494793237,-13.017561271294426,-14.63239249480199,-19.042590774386383,-23.84212912042031,-23.842129120426392,0.6453395193509361,0.6577245855398937,0.6621217078789529,0.6577245855398695,0.6453395193508907,0.0,0.0,0.0,0.0,0.0,0.0,0.0,0.0,0.0,0.0,off,off,off,off,off
31.999999999999037,0.1599999999999952,2.5599999999999485,-19.044438508229973,-14.650657410393194,-13.04210099828424,-14.650657410402118,-19.044438508246174,-23.829376615597283,-23.829376615603394,0.6455178820308395,0.6578601039554831,0.6622407314047188,0.6578601039554585,0.645517882030795,0.0,0.0,0.0,0.0,0.0,0.0,0.0,0.0,0.0,0.0,off,off,off,off,off
32.099999999999035,0.16049999999999517,2.5760249999999476,-19.04619415064687,-14.668715133396063,-13.06639909002405,-14.668715133405783,-19.04619415066358,-23.81666593577509,-23.816665935781202,0.6456962754242513,0.6579959521779296,0.662360170947309,0.6579959521779032,0.645696275424205,0.0,0.0,0.0,0.0,0.0,0.0,0.0,0.0,0.0,0.0,off,off,off,off,off
32.19999999999903,0.16099999999999515,2.592099999999947,-19.047858493845354,-14.686566837639816,-13.090456560055998,-14.686566837651355,-19.047858493859735,-23.803996704832343,-23.803996704838397,0.6458746867207866,0.6581321165722354,0.6624800133894078,0.6581321165722038,0.6458746867207465,0.0,0.0,0.0,0.0,0.0,0.0,0.0,0.0,0.0,0.0,off,off,off,off,off
32.299999999999024,0.16149999999999512,2.6082249999999467,-19.049432314404356,-14.704213689018843,-13.11427442603798,-14.704213689027199,-19.04943231442033,-23.791368549914807,-23.791368549920804,0.6460531033518605,0.6582685837216072,0.6626002457988918,0.6582685837215845,0.646053103351816,0.0,0.0,0.0,0.0,0.0,0.0,0.0,0.0,0.0,0.0,off,off,off,off,off
32.39999999999902,0.1619999999999951,2.6243999999999463,-19.050916373702705,-14.721656845529822,-13.137853709390981,-14.721656845540963,-19.050916373719105,-23.778781101383203,-23.778781101389228,0.6462315129866448,0.6584053404245215,0.6627208554269503,0.658405340424491,0.6462315129865993,0.0,0.0,0.0,0.0,0.0,0.0,0.0,0.0,0.0,0.0,off,off,off,off,off
32.49999999999901,0.16249999999999507,2.640624999999946,-19.052311418347443,-14.738897457354597,-13.161195434986723,-14.738897457364601,-19.052311418362393,-23.766233992762636,-23.76623399276866,0.646409903528098,0.658542373691715,0.6628418297061265,0.6585423736916878,0.6464099035280567,0.0,0.0,0.0,0.0,0.0,0.0,0.0,0.0,0.0,0.0,off,off,off,off,off
32.59999999999901,0.16299999999999504,2.656899999999945,-19.05361818058617,-14.755936666906905,-13.184300630826272,-14.755936666916455,-19.053618180600495,-23.75372686069261,-23.753726860698634,0.6465882631090717,0.6586796707433112,0.6629631562484162,0.6586796707432852,0.6465882631090316,0.0,0.0,0.0,0.0,0.0,0.0,0.0,0.0,0.0,0.0,off,off,off,off,off
32.699999999999,0.163499999999995,2.673224999999945,-19.054837378712904,-14.772775608900986,-13.207170327741778,-14.772775608911275,-19.05483737872993,-23.741259344878728,-23.741259344884753,0.6467665800884654,0.6588172190059126,0.6630848228433378,0.6588172190058846,0.6467665800884181,0.0,0.0,0.0,0.0,0.0,0.0,0.0,0.0,0.0,0.0,off,off,off,off,off
32.799999999998995,0.16399999999999498,2.6895999999999445,-19.05596971745871,-14.7894154104157,-13.229805559100612,-14.789415410423487,-19.055969717475392,-23.728831088045865,-23.72883108805192,0.6469448430474555,0.6589550061097414,0.6632068174560244,0.6589550061097204,0.6469448430474092,0.0,0.0,0.0,0.0,0.0,0.0,0.0,0.0,0.0,0.0,off,off,off,off,off
32.89999999999899,0.16449999999999496,2.706024999999944,-19.05701588836294,-14.805857190950576,-13.252207360527677,-14.80585719095859,-19.057015888377975,-23.716441735892317,-23.716441735898286,0.6471230407858033,0.659093019885829,0.6633291282253053,0.6590930198858078,0.6471230407857619,0.0,0.0,0.0,0.0,0.0,0.0,0.0,0.0,0.0,0.0,off,off,off,off,off
32.999999999998984,0.16499999999999493,2.7224999999999433,-19.057976570146593,-14.822102062491354,-13.274376769621199,-14.822102062499766,-19.05797657016143,-23.704090937044583,-23.70409093705058,0.647301162318193,0.6592312483632138,0.6634517434618279,0.6592312483631906,0.647301162318152,0.0,0.0,0.0,0.0,0.0,0.0,0.0,0.0,0.0,0.0,off,off,off,off,off
33.09999999999898,0.1654999999999949,2.739024999999943,-19.05885242905964,-14.838151129565915,-13.296314825702893,-14.838151129573305,-19.058852429073625,-23.69177834301442,-23.691778343020417,0.6474791968706661,0.6593696797661904,0.6635746516461266,0.6593696797661701,0.6474791968706275,0.0,0.0,0.0,0.0,0.0,0.0,0.0,0.0,0.0,0.0,off,off,off,off,off
33.19999999999897,0.16599999999999487,2.7555999999999425,-19.059644119229972,-14.854005489314773,-13.318022569556035,-14.85400548932148,-19.05964411924458,-23.679503608155954,-23.67950360816198,0.6476571338770861,0.6595083025115577,0.6636978414267507,0.6595083025115392,0.6476571338770455,0.0,0.0,0.0,0.0,0.0,0.0,0.0,0.0,0.0,0.0,off,off,off,off,off
33.29999999999897,0.16649999999999485,2.772224999999942,-19.060352282992028,-14.869666231536542,-13.339501043183702,-14.869666231544102,-19.06035228300817,-23.667266389624444,-23.667266389630527,0.6478349629756848,0.6596471052059582,0.6638213016183707,0.6596471052059376,0.6478349629756401,0.0,0.0,0.0,0.0,0.0,0.0,0.0,0.0,0.0,0.0,off,off,off,off,off
33.39999999999896,0.16699999999999482,2.7888999999999413,-19.060977551206264,-14.885134438758598,-13.360751289560312,-14.885134438766613,-19.06097755122343,-23.655066347335975,-23.655066347341972,0.648012674005669,0.6597860766431812,0.6639450211999343,0.6597860766431596,0.6480126740056211,0.0,0.0,0.0,0.0,0.0,0.0,0.0,0.0,0.0,0.0,off,off,off,off,off
33.499999999998956,0.1674999999999948,2.805624999999941,-19.06152054357952,-14.900411186292786,-13.381774352414027,-14.900411186298697,-19.061520543598874,-23.642903143927526,-23.64290314393355,0.648190257003845,0.6599252058015393,0.6640689893127668,0.6599252058015236,0.6481902570037914,0.0,0.0,0.0,0.0,0.0,0.0,0.0,0.0,0.0,0.0,off,off,off,off,off
33.59999999999895,0.16799999999999476,2.8223999999999405,-19.061981868958583,-14.91549754228754,-13.402571276003243,-14.915497542294702,-19.061981868978336,-23.630776444719316,-23.63077644472537,0.6483677022013578,0.6600644818412793,0.6641931952587221,0.6600644818412598,0.6483677022013028,0.0,0.0,0.0,0.0,0.0,0.0,0.0,0.0,0.0,0.0,off,off,off,off,off
33.699999999998944,0.16849999999999474,2.83922499999994,-19.062362125626066,-14.930394567798373,-13.423143104903033,-14.930394567806957,-19.062362125644995,-23.618685917676657,-23.61868591768271,0.6485450000204429,0.6602038941019759,0.664317628498334,0.660203894101952,0.648545000020391,0.0,0.0,0.0,0.0,0.0,0.0,0.0,0.0,0.0,0.0,off,off,off,off,off
33.79999999999894,0.16899999999999468,2.8560999999999392,-19.062661901582516,-14.945103316835684,-13.443490883796812,-14.945103316844552,-19.062661901602183,-23.60663123337372,-23.606631233379773,0.6487221410712527,0.660343432100016,0.6644422786489841,0.6603434320999918,0.6487221410711982,0.0,0.0,0.0,0.0,0.0,0.0,0.0,0.0,0.0,0.0,off,off,off,off,off
33.89999999999893,0.16949999999999465,2.873024999999939,-19.06288177482594,-14.959624836421085,-13.463615657280684,-14.959624836430635,-19.062881774843532,-23.594612064957573,-23.594612064963655,0.6488991161487124,0.6604830855260904,0.6645671354830659,0.6604830855260642,0.6488991161486635,0.0,0.0,0.0,0.0,0.0,0.0,0.0,0.0,0.0,0.0,off,off,off,off,off
33.99999999999893,0.16999999999999463,2.8899999999999384,-19.063022313608542,-14.973960166649022,-13.483518469675857,-14.973960166658514,-19.063022313624572,-23.582628088113637,-23.582628088119748,0.6490759162294729,0.6606228442426949,0.6646921889261564,0.6606228442426686,0.6490759162294287,0.0,0.0,0.0,0.0,0.0,0.0,0.0,0.0,0.0,0.0,off,off,off,off,off
34.09999999999892,0.1704999999999946,2.907024999999938,-19.063084072815286,-14.988110340719402,-13.503200364834527,-14.98811034072935,-19.063084072833476,-23.57067898102744,-23.57067898103358,0.6492525298217741,0.6607626982817458,0.6648174290552358,0.6607626982817183,0.6492525298217241,1.0557722079278627e-07,0.0,0.0,0.0,1.0557722089241546e-07,0.0,0.0,0.0,0.0,0.0,off,off,off,off,off
34.199999999998916,0.17099999999999457,2.924099999999937,-19.063067577097712,-15.002076384776785,-13.522662385965816,-15.002076384789575,-19.06306757711627,-23.55876442430906,-23.558764424315314,0.6494289317552238,0.6609026378427495,0.6649428460968793,0.6609026378427145,0.6494289317551722,7.316791347515368e-07,0.0,0.0,0.0,7.31679135052257e-07,0.0,0.0,0.0,0.0,0.0,off,off,off,off,off
34.29999999999891,0.17149999999999455,2.9412249999999367,-19.062973337394908,-15.015859317804427,-13.541905575459054,-15.015859317817217,-19.06297333741165,-23.54688410092521,-23.546884100931493,0.6496050940682123,0.6610426532908498,0.6650684304254865,0.6610426532908147,0.6496050940681662,2.0388863247673907e-06,0.0,0.0,0.0,2.0388863253210114e-06,0.0,0.0,0.0,0.0,0.0,off,off,off,off,off
34.399999999998904,0.17199999999999452,2.958399999999936,-19.062801857946823,-15.029460151693229,-13.56093097469875,-15.029460151706644,-19.06280185796325,-23.535037696170775,-23.535037696177113,0.649780990113766,0.6611827351544285,0.6651941725615644,0.6611827351543915,0.6497809901137204,4.1117507072775144e-06,0.0,0.0,0.0,4.111750708080592e-06,0.0,0.0,0.0,0.0,0.0,off,off,off,off,off
34.4999999999989,0.1724999999999945,2.9756249999999356,-19.062553636122715,-15.042879891335986,-13.579739623899627,-15.042879891348207,-19.062553636137466,-23.52322489764356,-23.523224897649868,0.6499565942760421,0.6613228741226614,0.6653200631699814,0.6613228741226278,0.6499565942760017,6.992249088026884e-06,0.0,0.0,0.0,6.992249089082838e-06,0.0,0.0,0.0,0.0,0.0,off,off,off,off,off
34.59999999999889,0.17299999999999446,2.9928999999999353,-19.06222916264076,-15.056119534709012,-13.598332561951565,-15.056119534722654,-19.062229162654802,-23.511445395218175,-23.511445395224456,0.6501318820063531,0.6614630610431385,0.6654460930582241,0.6614630610431009,0.6501318820063141,1.076632125377508e-05,0.0,0.0,0.0,1.07663212550625e-05,0.0,0.0,0.0,0.0,0.0,off,off,off,off,off
34.69999999999889,0.17349999999999444,3.010224999999935,-19.061828920908056,-15.069180072957352,-13.616710826257986,-15.06918007296963,-19.06182892092147,-23.49969888102015,-23.499698881026404,0.650306829249161,0.6616032869195004,0.6655722531746981,0.6616032869194669,0.650306829249124,1.543617900632156e-05,0.0,0.0,0.0,1.543617900785674e-05,0.0,0.0,0.0,0.0,0.0,off,off,off,off,off
34.79999999999888,0.1739999999999944,3.0275999999999343,-19.06135338816432,-15.0820624904606,-13.63487545259369,-15.082062490473504,-19.061353388179356,-23.48798504940109,-23.487985049407428,0.6504814130861482,0.6617435429091557,0.6656985346070086,0.6617435429091205,0.650481413086106,2.107901946632236e-05,0.0,0.0,0.0,2.107901946811316e-05,0.0,0.0,0.0,0.0,0.0,off,off,off,off,off
34.899999999998876,0.17449999999999438,3.0450249999999337,-19.060803034230048,-15.094767764911637,-13.652827474966557,-15.09476776492562,-19.0608030342419,-23.476303596912828,-23.47630359691908,0.6506556107870552,0.6618838203209882,0.66582492858025,0.6618838203209501,0.6506556107870219,2.768265999754329e-05,0.0,0.0,0.0,2.7682659999604685e-05,0.0,0.0,0.0,0.0,0.0,off,off,off,off,off
34.99999999999887,0.17499999999999435,3.062499999999933,-19.060178323117185,-15.10729686738199,-13.670567925472085,-15.107296867397963,-19.060178323129264,-23.464654222282775,-23.464654222289,0.6508294007683664,0.6620241106131313,0.6659514264553494,0.6620241106130876,0.650829400768333,3.53169875200459e-05,0.0,0.0,0.0,3.53169875223534e-05,0.0,0.0,0.0,0.0,0.0,off,off,off,off,off
35.099999999998865,0.17549999999999433,3.0800249999999325,-19.059479711652074,-15.119650762401648,-13.688097834167877,-15.119650762415176,-19.059479711666427,-23.453036626389974,-23.45303662639614,0.6510027615622203,0.662164405390725,0.666078019727381,0.6621644053906879,0.6510027615621802,4.397257583707188e-05,0.0,0.0,0.0,4.397257583961314e-05,0.0,0.0,0.0,0.0,0.0,off,off,off,off,off
35.19999999999886,0.1759999999999943,3.097599999999932,-19.0587076506896,-15.131830408000667,-13.705418228959331,-15.131830408016015,-19.058707650704463,-23.441450512239612,-23.441450512245808,0.6511756725185088,0.662304696403806,0.6662047000238751,0.6623046964037641,0.6511756725184676,5.368488226013493e-05,0.0,0.0,0.0,5.368488226295758e-05,0.0,0.0,0.0,0.0,0.0,off,off,off,off,off
35.29999999999885,0.17649999999999427,3.1152249999999313,-19.057862585105,-15.143836755800749,-13.72253013546674,-15.143836755814903,-19.057862585117704,-23.429895584941818,-23.429895584948042,0.6513481136810936,0.6624449755450876,0.6663314591032021,0.6624449755450487,0.6513481136810578,6.449215060399765e-05,0.0,0.0,0.0,6.449215060709643e-05,0.0,0.0,0.0,0.0,0.0,off,off,off,off,off
35.39999999999885,0.17699999999999425,3.1328999999999305,-19.056944952709955,-15.155670751051673,-13.739434576918825,-15.155670751065998,-19.05694495272664,-23.41837155168568,-23.418371551691934,0.6515200649940516,0.6625852348479144,0.6664582888529215,0.6625852348478753,0.6515200649940048,7.637384549907114e-05,0.0,0.0,0.0,7.63738455024423e-05,0.0,0.0,0.0,0.0,0.0,off,off,off,off,off
35.49999999999884,0.17749999999999422,3.15062499999993,-19.055955186459187,-15.167333332708665,-13.756132574039157,-15.16733333272299,-19.055955186478485,-23.406878121717995,-23.406878121724134,0.6516915076308095,0.6627254664841317,0.6665851812881595,0.6627254664840923,0.6516915076307553,8.938098448350806e-05,0.0,0.0,0.0,8.938098448722911e-05,0.0,0.0,0.0,0.0,0.0,off,off,off,off,off
35.599999999998836,0.1779999999999942,3.1683999999999295,-19.05489371285114,-15.178825433492989,-13.772625144954816,-15.178825433506972,-19.054893712867454,-23.395415006321315,-23.395415006327397,0.6518624228394871,0.6628656627620257,0.6667121285499678,0.6628656627619877,0.6518624228394417,0.00010352686623474107,0.0,0.0,0.0,0.00010352686623878186,0.0,0.0,0.0,0.0,0.0,off,off,off,off,off
35.69999999999883,0.17849999999999416,3.186224999999929,-19.053760952141033,-15.190147979926508,-13.788913305073663,-15.190147979942253,-19.053760952161042,-23.38398191878943,-23.38398191879557,0.6520327920232089,0.6630058161243612,0.6668391229037828,0.6630058161243176,0.6520327920231527,0.00011879672575141351,0.0,0.0,0.0,0.00011879672575576795,0.0,0.0,0.0,0.0,0.0,off,off,off,off,off
35.799999999998825,0.17899999999999414,3.2040999999999284,-19.052557320054234,-15.201301892417064,-13.804998067012889,-15.201301892433207,-19.05255732007359,-23.372578574408067,-23.37257857441429,0.652202597735867,0.6631459191463028,0.6669661567377763,0.6631459191462585,0.6522025977358121,0.00013523450519728236,0.0,0.0,0.0,0.00013523450520202556,0.0,0.0,0.0,0.0,0.0,off,off,off,off,off
35.89999999999882,0.1794999999999941,3.222024999999928,-19.05128322623557,-15.212288085300713,-13.820880440494989,-15.212288085315947,-19.0512832262597,-23.361204690434022,-23.361204690440275,0.652371822577469,0.6632859645334807,0.6670932225613174,0.6632859645334392,0.6523718225774008,0.00015285765731134007,0.0,0.0,0.0,0.00015285765731648263,0.0,0.0,0.0,0.0,0.0,off,off,off,off,off
35.99999999999881,0.17999999999999408,3.2399999999999274,-19.049939074167497,-15.223107466882084,-13.836561432264944,-15.223107466899592,-19.049939074187535,-23.349859986071067,-23.34985998607732,0.6525404490774854,0.6634259451200878,0.6672203130033995,0.6634259451200397,0.6525404490774287,0.00017164448762561294,0.0,0.0,0.0,0.00017164448763114901,0.0,0.0,0.0,0.0,0.0,off,off,off,off,off
36.09999999999881,0.18049999999999405,3.2580249999999267,-19.048525263147894,-15.233760939507249,-13.852042046001543,-15.23376093952561,-19.04852526316722,-23.338544182451614,-23.338544182457866,0.6527084608887992,0.6635658538669039,0.6673474208111132,0.6635658538668532,0.6527084608887447,0.0001916250998043324,0.0,0.0,0.0,0.000191625099810269,0.0,0.0,0.0,0.0,0.0,off,off,off,off,off
36.1999999999988,0.18099999999999403,3.2760999999999263,-19.04704218745752,-15.244249399609316,-13.8673232822469,-15.244249399628245,-19.047042187478183,-23.32725700261804,-23.32725700262432,0.6528758421465162,0.6637056838594297,0.6674745388480875,0.663705683859378,0.6528758421464577,0.00021283277165351757,0.0,0.0,0.0,0.00021283277165987712,0.0,0.0,0.0,0.0,0.0,off,off,off,off,off
36.299999999998796,0.18149999999999397,3.294224999999926,-19.045490234745643,-15.254573737754242,-13.882406138323574,-15.254573737776354,-19.04549023476625,-23.315998171500127,-23.315998171506493,0.6530425763415649,0.6638454283060372,0.6676016600929956,0.6638454283059761,0.6530425763415068,0.0002352473394441187,0.0,0.0,0.0,0.00023524733945089264,0.0,0.0,0.0,0.0,0.0,off,off,off,off,off
36.39999999999879,0.18199999999999394,3.312399999999925,-19.04386978858841,-15.264734838689435,-13.897291608266812,-15.264734838710353,-19.04386978861126,-23.304767415895327,-23.30476741590175,0.6532086479276132,0.6639850805361336,0.667728777638034,0.663985080536076,0.6532086479275491,0.00025887285461846475,0.0,0.0,0.0,0.00025887285462568733,0.0,0.0,0.0,0.0,0.0,off,off,off,off,off
36.499999999998785,0.18249999999999392,3.3306249999999245,-19.042181228393304,-15.274733581395992,-13.911980682751619,-15.274733581415319,-19.042181228412204,-23.293564464452174,-23.29356446445857,0.6533740421655732,0.6641246339983462,0.6678558846874528,0.6641246339982932,0.6533740421655198,0.00028374121664547365,0.0,0.0,0.0,0.0002837412166531567,0.0,0.0,0.0,0.0,0.0,off,off,off,off,off
36.59999999999878,0.1829999999999939,3.3488999999999236,-19.04042492822981,-15.28457083914924,-13.926474349034606,-15.284570839168225,-19.040424928247603,-23.28238904765172,-23.282389047658228,0.6535387442697197,0.6642640822586999,0.6679829745560517,0.6642640822586486,0.6535387442696691,0.0003098706802620927,0.0,0.0,0.0,0.00030987068027016107,0.0,0.0,0.0,0.0,0.0,off,off,off,off,off
36.699999999998774,0.18349999999999386,3.367224999999923,-19.03860125632403,-15.294247479537205,-13.940773590880838,-15.294247479555281,-19.03860125634199,-23.271240897785503,-23.27124089779207,0.6537027390386433,0.6644034189989403,0.6681100406677563,0.6644034189988909,0.6537027390385923,0.00033723806129351406,0.0,0.0,0.0,0.0003372380613019762,0.0,0.0,0.0,0.0,0.0,off,off,off,off,off
36.79999999999877,0.18399999999999384,3.3855999999999224,-19.036710577508188,-15.303764364520816,-13.95487938851528,-15.303764364537585,-19.036710577527288,-23.260119748938678,-23.2601197489453,0.6538660123666618,0.6645426380147536,0.6682370765541374,0.6645426380147075,0.6538660123666069,0.0003658527925903309,0.0,0.0,0.0,0.0003658527925992259,0.0,0.0,0.0,0.0,0.0,off,off,off,off,off
36.89999999999876,0.1844999999999938,3.4040249999999217,-19.03475325264631,-15.3131223504829,-13.968792718560167,-15.313122350500407,-19.03475325266254,-23.24902533697457,-23.249025336981305,0.6540285508024974,0.6646817332140529,0.6683640758530016,0.6646817332140049,0.6540285508024508,0.00039574182587784405,0.0,0.0,0.0,0.00039574182588721465,0.0,0.0,0.0,0.0,0.0,off,off,off,off,off
36.99999999999876,0.18499999999999378,3.4224999999999213,-19.032729637707092,-15.322322288284568,-13.982514553979058,-15.322322288300768,-19.032729637720195,-23.23795739951754,-23.237957399524163,0.6541903408510219,0.6648206986152565,0.6684910323069755,0.664820698615212,0.6541903408509833,0.00042692344943357136,0.0,0.0,0.0,0.0004269234494433136,0.0,0.0,0.0,0.0,0.0,off,off,off,off,off
37.09999999999875,0.18549999999999375,3.4410249999999207,-19.03064008292597,-15.331365023282046,-13.996045864037,-15.331365023295689,-19.030640082942284,-23.226915675930968,-23.22691567593759,0.6543513683977507,0.6649595283456999,0.6686179397620781,0.6649595283456623,0.6543513683977034,0.0004593765450763141,0.0,0.0,0.0,0.0004593765450863949,0.0,0.0,0.0,0.0,0.0,off,off,off,off,off
37.199999999998745,0.18599999999999373,3.45959999999992,-19.028484935546032,-15.340251395368455,-14.009387614238108,-15.340251395382609,-19.028484935561863,-23.215899907302514,-23.21589990730908,0.6545116204213695,0.665098216640002,0.6687447921663671,0.6650982166399632,0.6545116204213229,0.0004931024342315672,0.0,0.0,0.0,0.000493102434242071,0.0,0.0,0.0,0.0,0.0,off,off,off,off,off
37.29999999999874,0.1864999999999937,3.4782249999999193,-19.026264539190635,-15.348982239044972,-14.022540766298164,-15.348982239059637,-19.02626453920564,-23.204909836429096,-23.204909836435746,0.6546710845226575,0.6652367578383687,0.6688715835685194,0.6652367578383283,0.6546710845226132,0.0005281220646561956,0.0,0.0,0.0,0.0005281220646671252,0.0,0.0,0.0,0.0,0.0,off,off,off,off,off
37.399999999998734,0.18699999999999367,3.496899999999919,-19.023979233564177,-15.357558383449827,-14.035506278078003,-15.357558383466426,-19.023979233578018,-23.193945207801903,-23.193945207808497,0.6548297486594545,0.6653751463850366,0.6689983081165342,0.665375146384991,0.6548297486594138,0.0005644579106645782,0.0,0.0,0.0,0.000564457910675903,0.0,0.0,0.0,0.0,0.0,off,off,off,off,off
37.49999999999873,0.18749999999999364,3.5156249999999183,-19.021629352640986,-15.365980652399685,-14.048285103562137,-15.365980652414805,-19.021629352656305,-23.183005767587105,-23.183005767593784,0.6549875998818843,0.6655133768267013,0.669124960056336,0.6655133768266601,0.654987599881839,0.0006021053697326878,0.0,0.0,0.0,0.000602105369744374,0.0,0.0,0.0,0.0,0.0,off,off,off,off,off
37.59999999999872,0.18799999999999362,3.5343999999999176,-19.019215226920863,-15.37424986440783,-14.060878192811572,-15.374249864424485,-19.01921522693803,-23.172091263608422,-23.17209126361513,0.6551446258135979,0.6656514438110311,0.6692515337304691,0.6656514438109855,0.6551446258135468,0.0006410486816488483,0.0,0.0,0.0,0.0006410486816609195,0.0,0.0,0.0,0.0,0.0,off,off,off,off,off
37.69999999999872,0.1884999999999936,3.553224999999917,-19.016737183948493,-15.382366832748971,-14.073286491932379,-15.382366832765797,-19.016737183965404,-23.16120144533417,-23.16120144534088,0.655300814889369,0.6657893420850729,0.6693780235767669,0.6657893420850266,0.6553008148893192,0.0006812980783928492,0.0,0.0,0.0,0.0006812980784053494,0.0,0.0,0.0,0.0,0.0,off,off,off,off,off
37.79999999999871,0.18899999999999356,3.5720999999999163,-19.014195547882764,-15.390332365498523,-14.085510943033967,-15.390332365515917,-19.014195547900187,-23.15033606386345,-23.150336063870157,0.6554561560311292,0.6659270664937462,0.6695044241270727,0.6659270664936983,0.6554561560310771,0.0007228724241598666,0.0,0.0,0.0,0.0007228724241727963,0.0,0.0,0.0,0.0,0.0,off,off,off,off,off
37.899999999998705,0.18949999999999353,3.5910249999999158,-19.01159063936575,-15.398147265576029,-14.097552484199923,-15.3981472655949,-19.01159063938354,-23.139494871911694,-23.13949487191846,0.6556106385031322,0.6660646119783515,0.6696307300059473,0.6660646119782995,0.6556106385030792,0.0007657897822772782,0.0,0.0,0.0,0.0007657897822906514,0.0,0.0,0.0,0.0,0.0,off,off,off,off,off
37.9999999999987,0.1899999999999935,3.609999999999915,-19.00892277617052,-15.405812330794674,-14.109412049462833,-15.405812330812182,-19.008922776189735,-23.128677623796904,-23.128677623803753,0.6557642522895235,0.6662019735750725,0.669756935929379,0.6662019735750244,0.6557642522894663,0.0008100403071424855,0.0,0.0,0.0,0.0008100403071562996,0.0,0.0,0.0,0.0,0.0,off,off,off,off,off
38.099999999998694,0.19049999999999348,3.6290249999999142,-19.006192274807063,-15.413328353913755,-14.121090568776538,-15.413328353929558,-19.00619227482838,-23.11788407543068,-23.11788407543756,0.6559169891023036,0.6663391464134996,0.669883036703527,0.6663391464134563,0.6559169891022408,0.0008556052797964759,0.0,0.0,0.0,0.0008556052798107345,0.0,0.0,0.0,0.0,0.0,off,off,off,off,off
38.19999999999869,0.19099999999999345,3.6480999999999137,-19.003399448905668,-15.420696122700917,-14.132588967983907,-15.42069612271672,-19.00339944893031,-23.107113984306807,-23.107113984313685,0.6560688412750633,0.6664761257151371,0.6700090272234941,0.6664761257150933,0.6560688412749905,0.0009024857995066644,0.0,0.0,0.0,0.0009024857995214352,0.0,0.0,0.0,0.0,0.0,off,off,off,off,off
38.29999999999868,0.19149999999999343,3.667224999999913,-19.000544608821883,-15.42791641996945,-14.143908168796713,-15.42791641998565,-19.00054460884735,-23.09636710948817,-23.096367109495162,0.6562198014736443,0.6666129067920037,0.670134902472084,0.6666129067919588,0.6562198014735687,0.0009506900519568353,0.0,0.0,0.0,0.0009506900519721386,0.0,0.0,0.0,0.0,0.0,off,off,off,off,off
38.39999999999868,0.1919999999999934,3.6863999999999124,-18.997628061605752,-15.434990023615683,-14.155049088781368,-15.434990023629382,-18.99762806163298,-23.08564321159301,-23.085643211600058,0.6563698626347689,0.6667494850452478,0.6702606575185623,0.6667494850452105,0.6563698626346888,0.0010002275456004704,0.0,0.0,0.0,0.001000227545616332,0.0,0.0,0.0,0.0,0.0,off,off,off,off,off
38.49999999999867,0.19249999999999337,3.7056249999999116,-18.994650111040272,-15.441917706644574,-14.166012641328848,-15.441917706657705,-18.99465011106699,-23.07494205278107,-23.074942052788174,0.6565190179440246,0.6668858559638171,0.6703862875174821,0.6668858559637809,0.6565190179439456,0.0010511077341803174,0.0,0.0,0.0,0.0010511077341967576,0.0,0.0,0.0,0.0,0.0,off,off,off,off,off
38.599999999998666,0.19299999999999334,3.724899999999911,-18.99161105769676,-15.448700237214894,-14.176799735638895,-15.448700237231606,-18.991611057723134,-23.06426339674033,-23.064263396747492,0.6566672608231823,0.66702201512309,0.6705117877074831,0.6670220151230437,0.6566672608231044,0.00110333971771976,0.0,0.0,0.0,0.0011033397177367531,0.0,0.0,0.0,0.0,0.0,off,off,off,off,off
38.69999999999866,0.19349999999999332,3.7442249999999104,-18.9885111989868,-15.455338378670717,-14.187411276715977,-15.455338378686804,-18.988511199009736,-23.053607008673595,-23.053607008680757,0.6568145849200656,0.6671579581835623,0.6706371534100822,0.6671579581835178,0.6568145849199976,0.001156932191323016,0.0,0.0,0.0,0.0011569321913405494,0.0,0.0,0.0,0.0,0.0,off,off,off,off,off
38.799999999998654,0.1939999999999933,3.7635999999999097,-18.985350829200087,-15.461832889565073,-14.197848165331948,-15.461832889582126,-18.985350829224785,-23.04297265528541,-23.04297265529263,0.6569609840993826,0.6672936808895783,0.6707623800285704,0.6672936808895312,0.6569609840993099,0.0012118934499325525,0.0,0.0,0.0,0.0012118934499506082,0.0,0.0,0.0,0.0,0.0,off,off,off,off,off
38.89999999999865,0.19449999999999323,3.783024999999909,-18.982130239582744,-15.468184523706611,-14.208111298027688,-15.468184523720595,-18.98213023961017,-23.032360104769168,-23.0323601047765,0.6571064524339992,0.6674291790680084,0.6708874630468226,0.66742917906797,0.6571064524339179,0.0012682314050320171,0.0,0.0,0.0,0.001268231405050662,0.0,0.0,0.0,0.0,0.0,off,off,off,off,off
38.99999999999864,0.1949999999999932,3.8024999999999083,-18.97884971836484,-15.474394030181827,-14.218201567092876,-15.47439403019456,-18.978849718392524,-23.021769126794425,-23.021769126801757,0.6572509841967893,0.6675644486270177,0.671012398028182,0.6675644486269827,0.6572509841967071,0.0013259536032391005,0.0,0.0,0.0,0.001325953603258358,0.0,0.0,0.0,0.0,0.0,off,off,off,off,off
39.09999999999864,0.19549999999999318,3.8220249999999076,-18.975509550819936,-15.480462153388203,-14.228119860563254,-15.480462153401163,-18.97550955084992,-23.011199492494313,-23.011199492501646,0.6573945738527989,0.6676994855548196,0.6711371806143155,0.6676994855547838,0.6573945738527099,0.0013850672445264354,0.0,0.0,0.0,0.0013850672445463133,0.0,0.0,0.0,0.0,0.0,off,off,off,off,off
39.19999999999863,0.19599999999999315,3.841599999999907,-18.97211001931177,-15.486389633078375,-14.237867062197552,-15.48638963308889,-18.972110019341528,-23.00065097445298,-23.00065097446037,0.6575372160518195,0.6678342859184154,0.6712618065241436,0.6678342859183863,0.6575372160517311,0.0014455791995948587,0.0,0.0,0.0,0.0014455791996153976,0.0,0.0,0.0,0.0,0.0,off,off,off,off,off
39.299999999998626,0.19649999999999312,3.8612249999999064,-18.968651402605474,-15.492177204363998,-14.24744405147942,-15.492177204374457,-18.968651402633327,-22.990123346692997,-22.990123346700386,0.6576789182144686,0.6679688458624639,0.6713862715527164,0.6679688458624352,0.6576789182143853,0.0015074919786017096,0.0,0.0,0.0,0.0015074919786228897,0.0,0.0,0.0,0.0,0.0,off,off,off,off,off
39.39999999999862,0.1969999999999931,3.880899999999906,-18.965133977460482,-15.497825597758492,-14.256851703599352,-15.497825597769406,-18.965133977485976,-22.97961638466049,-22.97961638466802,0.6578197461708362,0.6681031616080562,0.671510571570159,0.6681031616080265,0.6578197461707592,0.0015707395775551405,0.0,0.0,0.0,0.0015707395775768863,0.0,0.0,0.0,0.0,0.0,off,off,off,off,off
39.499999999998614,0.19749999999999307,3.900624999999905,-18.961558030130334,-15.503335539316481,-14.266090889457814,-15.503335539328418,-18.96155803015685,-22.969129865238017,-22.969129865245634,0.6579597367404383,0.6682372294512462,0.6716347025205819,0.6682372294512134,0.6579597367403587,0.0016351881731181597,0.0,0.0,0.0,0.00163518817314037,0.0,0.0,0.0,0.0,0.0,off,off,off,off,off
39.59999999999861,0.19799999999999304,3.9203999999999044,-18.957923850330417,-15.50870775079727,-14.275162475663592,-15.50870775081114,-18.957923850354632,-22.958663566758133,-22.95866356676575,0.6580989061545505,0.668371045761527,0.6717586604210133,0.6683710457614889,0.6580989061544771,0.0017007399503802415,0.0,0.0,0.0,0.0017007399504029028,0.0,0.0,0.0,0.0,0.0,off,off,off,off,off
39.6999999999986,0.19849999999999302,3.9402249999999035,-18.954231726605087,-15.513942949720331,-14.284067324531293,-15.513942949734883,-18.954231726628223,-22.948217268999656,-22.948217269007245,0.6582372638521011,0.6685046069806236,0.6718824413603555,0.6685046069805833,0.6582372638520304,0.0017673368826854369,0.0,0.0,0.0,0.0017673368827085308,0.0,0.0,0.0,0.0,0.0,off,off,off,off,off
39.7999999999986,0.198999999999993,3.960099999999903,-18.95048194461836,-15.51904184939741,-14.292806294084016,-15.51904184941202,-18.950481944641012,-22.937790753177012,-22.9377907531846,0.6583748160639268,0.6686379096213608,0.6720060414983383,0.6686379096213205,0.6583748160638575,0.0018349425302084555,0.0,0.0,0.0,0.0018349425302319556,0.0,0.0,0.0,0.0,0.0,off,off,off,off,off
39.89999999999859,0.19949999999999296,3.9800249999999022,-18.946674786474887,-15.524005158944306,-14.301380238061085,-15.524005158959426,-18.946674786495606,-22.927383801926823,-22.92738380193444,0.6585115673147446,0.6687709502666087,0.6721294570644792,0.6687709502665667,0.6585115673146803,0.0019035314231304148,0.0,0.0,0.0,0.0019035314231542857,0.0,0.0,0.0,0.0,0.0,off,off,off,off,off
39.999999999998586,0.19999999999999293,3.9999999999999014,-18.942810530506733,-15.528833583286428,-14.30979000592555,-15.528833583299956,-18.942810530527453,-22.91699619929321,-22.916996199300826,0.6586475211246615,0.6689037255682544,0.6722526843570529,0.6689037255682172,0.658647521124597,0.0019730839188708297,0.0,0.0,0.0,0.0019730839188950074,0.0,0.0,0.0,0.0,0.0,off,off,off,off,off
40.09999999999858,0.2004999999999929,4.0200249999999,-18.93888945126423,-15.5335278231654,-14.318036442851508,-15.533527823179384,-18.938889451283416,-22.90662773071324,-22.906627730720942,0.6587826803522417,0.6690362322461919,0.6723757197421383,0.6690362322461536,0.6587826803521819,0.002043583752662121,0.0,0.0,0.0,0.002043583752686615,0.0,0.0,0.0,0.0,0.0,off,off,off,off,off
40.199999999998575,0.20099999999999288,4.0400999999999,-18.934911819594532,-15.53808857514366,-14.326120389748155,-15.538088575156394,-18.934911819611784,-22.896278183002835,-22.896278183010537,0.658917047371493,0.6691684670873276,0.6724985596525751,0.6691684670872928,0.6589170473714381,0.0021150168487506283,0.0,0.0,0.0,0.0021150168487754596,0.0,0.0,0.0,0.0,0.0,off,off,off,off,off
40.29999999999857,0.20149999999999285,4.060224999999899,-18.930877896344356,-15.542516531567571,-14.334042683247503,-15.542516531578713,-18.930877896360244,-22.885947344334028,-22.885947344341787,0.6590506326476534,0.6693004269447196,0.6726212005870369,0.6693004269446889,0.6590506326476023,0.0021873665848601283,0.0,0.0,0.0,0.00218736658488522,0.0,0.0,0.0,0.0,0.0,off,off,off,off,off
40.39999999999856,0.20199999999999282,4.080399999999899,-18.92678793126953,-15.54681238045248,-14.341804155712282,-15.546812380463393,-18.926787931285446,-22.87563500419489,-22.875635004202678,0.6591834556345525,0.6694321087369387,0.6727436391090631,0.6694321087369088,0.6591834556345005,0.0022605944092992285,0.0,0.0,0.0,0.0022605944093245893,0.0,0.0,0.0,0.0,0.0,off,off,off,off,off
40.49999999999856,0.2024999999999928,4.100624999999897,-18.922642175205226,-15.550976805509663,-14.349405635237872,-15.550976805516939,-18.92264217522174,-22.865340953379246,-22.86534095338709,0.6593155255222954,0.6695635094470647,0.6728658718461209,0.6695635094470453,0.6593155255222422,0.0023346557371143654,0.0,0.0,0.0,0.002334655737139987,0.0,0.0,0.0,0.0,0.0,off,off,off,off,off
40.59999999999855,0.20299999999999277,4.120899999999897,-18.918440878550882,-15.555010486207664,-14.356847945645256,-15.555010486215394,-18.91844087856947,-22.855064983984136,-22.855064983992065,0.6594468462649,0.6696946261215926,0.6729878954887069,0.6696946261215715,0.659446846264841,0.002409520446106671,0.0,0.0,0.0,0.0024095204461325867,0.0,0.0,0.0,0.0,0.0,off,off,off,off,off
40.699999999998546,0.20349999999999274,4.141224999999896,-18.914184290371395,-15.558914097825493,-14.364131906486307,-15.558914097834133,-18.914184290392,-22.844806889402577,-22.844806889410535,0.6595774192697685,0.6698254558693778,0.6731097067894293,0.6698254558693545,0.6595774192697037,0.002485170891453867,0.0,0.0,0.0,0.002485170891480094,0.0,0.0,0.0,0.0,0.0,off,off,off,off,off
40.79999999999854,0.20399999999999271,4.161599999999895,-18.909872657947233,-15.5626883112202,-14.37125833305413,-15.56268831122918,-18.909872657966076,-22.834566464315827,-22.834566464323842,0.6597072445539548,0.6699559956845883,0.6732313025620883,0.6699559956845638,0.6597072445538948,0.002561597023829187,7.121197322305169e-09,0.0,7.121197334097002e-09,0.0025615970238557265,0.0,0.0,0.0,0.0,0.0,off,off,off,off,off
40.899999999998535,0.2044999999999927,4.182024999999895,-18.905506226428543,-15.566333779556714,-14.378228036185021,-15.566333779565923,-18.905506226448466,-22.82434350468381,-22.824343504691882,0.6598363213663796,0.6700862336067731,0.6733526796813457,0.6700862336067476,0.6598363213663168,0.002638793172726258,3.5298045073562664e-07,0.0,3.5298045083533735e-07,0.0026387931727530414,0.0,0.0,0.0,0.0,0.0,off,off,off,off,off
40.99999999999853,0.20499999999999266,4.202499999999894,-18.901085238460382,-15.569851134758778,-14.385041821731875,-15.569851134769806,-18.901085238481414,-22.81413780773471,-22.81413780774281,0.6599646485385477,0.6702161465078186,0.6734738350833043,0.6702161465077875,0.6599646485384807,0.0027167561740646428,1.3510650101958323e-06,0.0,1.3510650104332171e-06,0.002716756174091711,0.0,0.0,0.0,0.0,0.0,off,off,off,off,off
41.09999999999852,0.20549999999999263,4.223024999999893,-18.89660993408441,-15.57324100575778,-14.39170049046669,-15.573241005768182,-18.896609934103537,-22.803949171954372,-22.8039491719625,0.6600922246832147,0.6703457120373634,0.67359476576493,0.6703457120373345,0.6600922246831536,0.0027954843010693474,3.1037869680771744e-06,0.0,3.103786968481656e-06,0.002795484301096724,0.0,0.0,0.0,0.0,0.0,off,off,off,off,off
41.19999999999852,0.2059999999999926,4.243599999999892,-18.892080550754855,-15.576504019295442,-14.39820483816311,-15.576504019304423,-18.892080550773954,-22.793777397075075,-22.793777397083346,0.6602190483070804,0.6704749090701683,0.6737154687829883,0.6704749090701436,0.6602190483070192,0.0028749766553473393,5.715962993230948e-06,0.0,5.715962993787217e-06,0.0028749766553749644,0.0,0.0,0.0,0.0,0.0,off,off,off,off,off
41.29999999999851,0.20649999999999258,4.264224999999892,-18.887497323404716,-15.579640799157232,-14.40455565567072,-15.579640799164508,-18.887497323423446,-22.783622284065416,-22.783622284073658,0.6603451178746772,0.6706037171810829,0.6738359412530178,0.670603717181063,0.6603451178746168,0.0029552328198159837,9.212082046726132e-06,0.0,9.212082047444233e-06,0.002955232819843833,0.0,0.0,0.0,0.0,0.0,off,off,off,off,off
41.399999999998506,0.20699999999999252,4.284899999999891,-18.88286048448188,-15.58265196679406,-14.410753728975237,-15.582651966799517,-18.88286048450115,-22.773483635118964,-22.773483635127235,0.6604704318446888,0.6707321170589023,0.6739561803483548,0.6707321170588875,0.6604704318446265,0.0030362526604806434,1.3672504434048577e-05,0.0,1.3672504434913698e-05,0.003036252660508768,0.0,0.0,0.0,0.0,0.0,off,off,off,off,off
41.4999999999985,0.2074999999999925,4.305624999999891,-18.878170264001568,-15.585538140044832,-14.41679983924314,-15.585538140052677,-18.87817026402331,-22.763361253644575,-22.763361253652846,0.6605949886904935,0.6708600896571041,0.6740761832992118,0.6708600896570824,0.6605949886904249,0.0031180362128358685,1.9104269430974786e-05,0.0,1.9104269431979483e-05,0.003118036212864306,0.0,0.0,0.0,0.0,0.0,off,off,off,off,off
41.599999999998495,0.20799999999999247,4.3263999999998894,-18.873426889357518,-15.588299934449367,-14.422694762890217,-15.588299934456472,-18.873426889380823,-22.753254944255616,-22.753254944263972,0.660718787040309,0.6709876170636547,0.6741959473917062,0.6709876170636355,0.6607187870402356,0.003200583593421508,2.5581132735980445e-05,0.0,2.558113273713213e-05,0.003200583593450304,0.0,0.0,0.0,0.0,0.0,off,off,off,off,off
41.69999999999849,0.20849999999999244,4.34722499999989,-18.868630579087665,-15.590937961458337,-14.428439271612774,-15.590937961466182,-18.868630579113272,-22.743164512750326,-22.743164512758653,0.660841830672616,0.6711146813490728,0.6743154699670001,0.671114681349051,0.6608418306725357,0.003283891908584339,3.3087397832621186e-05,0.0,3.308739783390997e-05,0.0032838919086135153,0.0,0.0,0.0,0.0,0.0,off,off,off,off,off
41.799999999998484,0.20899999999999241,4.368099999999888,-18.863781547457137,-15.593452830192973,-14.434034132442946,-15.593452830201215,-18.863781547481153,-22.73308976608635,-22.73308976609465,0.6609641271807354,0.6712412657686286,0.6744347484203882,0.6712412657686054,0.6609641271806598,0.0033679463664754374,4.1700360279880715e-05,0.0,4.170036028133081e-05,0.003367946366504986,0.0,0.0,0.0,0.0,0.0,off,off,off,off,off
41.89999999999848,0.2094999999999924,4.389024999999888,-18.858880009491514,-15.595845145566216,-14.439480107773988,-15.595845145572923,-18.858880009515048,-22.723030512378017,-22.723030512386316,0.6610856801020597,0.6713673535052457,0.6745537802004772,0.671367353505227,0.6610856801019853,0.0034527286961754575,5.1402817627891926e-05,0.0,5.140281762949336e-05,0.0034527286962053685,0.0,0.0,0.0,0.0,0.0,off,off,off,off,off
41.99999999999847,0.20999999999999236,4.4099999999998865,-18.85392617939837,-15.598115509550098,-14.44477795539575,-15.598115509557147,-18.853926179418835,-22.712986560892006,-22.71298656090036,0.6612064905240848,0.6714929284706695,0.6746725628083536,0.67149292847065,0.661206490524019,0.003538226404326694,6.223040727760238e-05,0.0,6.223040727936548e-05,0.0035382264043568672,0.0,0.0,0.0,0.0,0.0,off,off,off,off,off
42.09999999999847,0.21049999999999233,4.431024999999886,-18.84892027018398,-15.600264521250608,-14.449928428558167,-15.600264521258225,-18.848920270200693,-22.70295772204102,-22.702957722049405,0.6613265582295855,0.6716179753417637,0.6747910937966797,0.6716179753417427,0.6613265582295308,0.0036244326606751733,7.422992886887518e-05,0.0,7.422992887081299e-05,0.0036244326607055284,0.0,0.0,0.0,0.0,0.0,off,off,off,off,off
42.19999999999846,0.2109999999999923,4.452099999999885,-18.84386249343993,-15.602292775206706,-14.454932275964268,-15.602292775214664,-18.843862493454196,-22.69294380737668,-22.69294380738509,0.6614458822545867,0.6717424784237176,0.6749093707690017,0.6717424784236954,0.6614458822545385,0.0037113443882104435,8.737172863661671e-05,0.0,8.737172863873792e-05,0.00371134438824094,0.0,0.0,0.0,0.0,0.0,off,off,off,off,off
42.299999999998455,0.21149999999999228,4.473224999999885,-18.838753059229106,-15.604200863664687,-14.459790241832536,-15.604200863670258,-18.83875305924562,-22.682944629582096,-22.68294462959048,0.6615644612123369,0.6718664231378922,0.6750273913788731,0.6718664231378767,0.6615644612122823,0.0037989608105752906,0.00010170139863166443,0.0,0.00010170139863390782,0.003798960810605923,0.0,0.0,0.0,0.0,0.0,off,off,off,off,off
42.39999999999845,0.21199999999999225,4.494399999999883,-18.833592176030606,-15.605989375578247,-14.46450306593431,-15.605989375588138,-18.83359217604726,-22.672960002464066,-22.67296000247248,0.6616822934903792,0.6719897953481285,0.675145153329058,0.6719897953481008,0.6616822934903238,0.003887282522020289,0.00011725339853822327,0.0,0.00011725339854067629,0.003887282522051118,0.0,0.0,0.0,0.0,0.0,off,off,off,off,off
42.499999999998444,0.21249999999999222,4.515624999999883,-18.828380050674326,-15.60765889524265,-14.46907148359702,-15.60765889525203,-18.828380050692857,-22.662989740945676,-22.66298974095406,0.6617993773711786,0.6721125804440596,0.6752626543708445,0.6721125804440332,0.6617993773711183,0.003976310910154558,0.00013399588418636636,0.0,0.00013399588418903366,0.003976310910185657,0.0,0.0,0.0,0.0,0.0,off,off,off,off,off
42.59999999999844,0.2129999999999922,4.536899999999882,-18.823116888341104,-15.609210004749457,-14.473496225749614,-15.609210004759063,-18.823116888363387,-22.653033661058004,-22.653033661066445,0.6619157111054288,0.6722347649515069,0.6753798923032456,0.6722347649514799,0.6619157111053571,0.0040660478006651095,0.0001519635056886052,0.0,0.00015196350569148185,0.004066047800696518,0.0,0.0,0.0,0.0,0.0,off,off,off,off,off
42.69999999999843,0.21349999999999217,4.558224999999881,-18.817802892572473,-15.61064328318264,-14.477778018969616,-15.61064328319344,-18.817802892595438,-22.643091579932758,-22.643091579941256,0.6620312929561811,0.6723563359883686,0.6754968649722113,0.6723563359883389,0.6620312929561072,0.004156495239935804,0.00017119734876337023,0.0,0.00017119734876646123,0.004156495239967593,0.0,0.0,0.0,0.0,0.0,off,off,off,off,off
42.79999999999843,0.21399999999999214,4.57959999999988,-18.8124382652515,-15.611959304659138,-14.481917585483245,-15.611959304671927,-18.8124382652737,-22.63316331579429,-22.633163315802847,0.6621461212250371,0.6724772799541642,0.6756135702699784,0.6724772799541282,0.662146121224966,0.004247655363085105,0.00019167075322436183,0.0,0.00019167075322771397,0.0042476553631172,0.0,0.0,0.0,0.0,0.0,off,off,off,off,off
42.89999999999842,0.2144999999999921,4.601024999999879,-18.807023206611774,-15.613158640753284,-14.485915643197075,-15.613158640766812,-18.80702320663528,-22.623248687951758,-22.623248687960427,0.6622601942671511,0.6725975841313466,0.6757300061343428,0.6725975841313088,0.662260194267076,0.004339530314830283,0.00021339169850190904,0.0,0.0002133916985055521,0.004339530314862695,0.0,0.0,0.0,0.0,0.0,off,off,off,off,off
42.999999999998415,0.2149999999999921,4.622499999999879,-18.801557915268972,-15.614241860474124,-14.48977290573663,-15.614241860487596,-18.801557915291568,-22.613347516791748,-22.613347516800445,0.6623735104993335,0.672717236645181,0.6758461705479268,0.6727172366451432,0.6623735104992609,0.00443212220296167,0.00023639963630919474,0.0,0.00023639963631312698,0.004432122202994389,0.0,0.0,0.0,0.0,0.0,off,off,off,off,off
43.09999999999841,0.21549999999999206,4.6440249999998775,-18.796042588230108,-15.61520952871382,-14.493490081003642,-15.615209528726723,-18.796042588251254,-22.603459623770277,-22.603459623778946,0.662486068404035,0.6728362254166025,0.6759620605344112,0.6728362254165661,0.6624860684039663,0.004525433071890663,0.00026070778993517353,4.043392466587595e-08,0.0002607077899393721,0.004525433071923642,0.0,0.0,0.0,0.0,0.0,off,off,off,off,off
43.199999999998404,0.21599999999999203,4.665599999999878,-18.79047742088443,-15.616062205913693,-14.497067854045554,-15.616062205930689,-18.790477420903812,-22.593584831405423,-22.593584831414148,0.6625978665308501,0.6729545380703669,0.676077660806905,0.6729545380703189,0.6625978665307861,0.004619464888502368,0.00028628809009571625,5.452434044892502e-07,0.0002862880901002228,0.004619464888535569,0.0,0.0,0.0,0.0,0.0,off,off,off,off,off
43.2999999999984,0.216499999999992,4.687224999999876,-18.784862606986167,-15.616800449970526,-14.500506895301044,-15.61680044998758,-18.78486260700643,-22.58372296326982,-22.583722963278547,0.6627089035053151,0.6730721633045571,0.6761929493464879,0.6730721633045091,0.6627089035052488,0.004714219533833388,0.00031315987883297577,1.7359326527301723e-06,0.00031315987883787105,0.004714219533866839,0.0,0.0,0.0,0.0,0.0,off,off,off,off,off
43.39999999999839,0.21699999999999198,4.708899999999876,-18.77919833408893,-15.617424815566494,-14.503807872916866,-15.617424815585423,-18.779198334108145,-22.573873843976827,-22.573873843985552,0.6628191797709965,0.6731890904664833,0.6763079054107242,0.6731890904664302,0.6628191797709332,0.00480969796648007,0.0003413561396535435,3.690822377787202e-06,0.0003413561396588054,0.004809697966513778,0.0,0.0,0.0,0.0,0.0,off,off,off,off,off
43.49999999999839,0.21749999999999195,4.730624999999875,-18.773484784966882,-15.617935852501205,-14.506971452742164,-15.617935852523317,-18.773484784982116,-22.564037299158088,-22.56403729916684,0.6629286997163393,0.6733053084317712,0.6764225094722299,0.6733053084317087,0.662928699716287,0.0049058950666871805,0.00037088451627611646,6.5104242748482265e-06,0.0003708845162818235,0.004905895066721096,0.0,0.0,0.0,0.0,0.0,off,off,off,off,off
43.59999999999838,0.21799999999999192,4.7523999999998745,-18.767722143970104,-15.618334106130249,-14.509998297295624,-15.618334106154578,-18.76772214398389,-22.55421315546161,-22.554213155470393,0.6630374665143498,0.6734208059014586,0.6765367425485981,0.6734208059013899,0.6630374665143013,0.005002800433732188,0.00040171767422196683,1.0223000511691243e-05,0.0004017176742281578,0.005002800433766205,0.0,0.0,0.0,0.0,0.0,off,off,off,off,off
43.699999999998376,0.2184999999999919,4.774224999999873,-18.761910595066837,-15.618620119339539,-14.512889066542357,-15.618620119362845,-18.761910595080224,-22.54440124054949,-22.5444012405583,0.663145481538276,0.673535572612286,0.6766505867126144,0.6735355726122202,0.6631454815382289,0.005100405247563823,0.00043386945942091145,1.4890082979869991e-05,0.00043386945942756026,0.00510040524759796,0.0,0.0,0.0,0.0,0.0,off,off,off,off,off
43.79999999999837,0.21899999999999187,4.796099999999873,-18.756050321416268,-15.618794431879849,-14.515644416819953,-15.618794431903723,-18.756050321428518,-22.534601383092877,-22.534601383101716,0.6632527451033731,0.6736495988807538,0.6767640243387084,0.6736495988806862,0.6632527451033285,0.005198704162672639,0.00046736670046757076,2.0532036219275327e-05,0.00046736670047471706,0.005198704162706934,0.0,0.0,0.0,0.0,0.0,off,off,off,off,off
43.899999999998364,0.2194999999999918,4.818024999999872,-18.750141505177623,-15.618857579556106,-14.518265001950567,-15.618857579579469,-18.750141505193938,-22.52481341276686,-22.524813412775814,0.6633592568944953,0.6737628749989552,0.6768770388567048,0.673762874998889,0.6633592568944394,0.005297694597274488,0.0005022281600923893,2.721315145140815e-05,0.0005022281601000088,0.005297694597308962,0.0,0.0,0.0,0.0,0.0,off,off,off,off,off
43.99999999999836,0.21999999999999179,4.839999999999871,-18.744184327392105,-15.61881009293188,-14.520751471512028,-15.618810092953709,-18.744184327410068,-22.51503716024419,-22.5150371602532,0.6634650162188049,0.6738753903844363,0.6769896136133658,0.6738753903843744,0.6634650162187445,0.005397375812777796,0.0005384296250909817,3.491581146482004e-05,0.00053842962509903,0.0053973758128125285,0.0,0.0,0.0,0.0,0.0,off,off,off,off,off
44.09999999999835,0.22049999999999176,4.86202499999987,-18.73817896790706,-15.618652500274834,-14.5231044727729,-15.618652500294843,-18.738178967926984,-22.505272457189335,-22.505272457198373,0.6635700221650811,0.6739871355018221,0.677101733156599,0.6739871355017655,0.6635700221650146,0.005497748237791707,0.0005759673039876749,4.371824558488009e-05,0.0005759673039962225,0.005497748237826724,0.0,0.0,0.0,0.0,0.0,off,off,off,off,off
44.19999999999835,0.22099999999999173,4.8840999999998695,-18.732125605356316,-15.618385326975158,-14.525324648757191,-15.61838532699386,-18.732125605377973,-22.4955191362522,-22.495519136261237,0.6636742737058813,0.6740981014309714,0.6772133819207555,0.6740981014309176,0.6636742737058094,0.005598813017595917,0.0006148603876166418,5.3601351604939056e-05,0.0006148603876256804,0.005598813017631263,0.0,0.0,0.0,0.0,0.0,off,off,off,off,off
44.29999999999834,0.2214999999999917,4.906224999999869,-18.72602441713522,-15.618009095321327,-14.527412639402485,-15.618009095340312,-18.726024417153525,-22.485777031061787,-22.485777031070825,0.66377776976317,0.6742082797116741,0.6773245449810186,0.6742082797116196,0.6637777697631084,0.005700571720709302,0.0006551313745150247,6.459553092087348e-05,0.0006551313745245842,0.005700571720744888,0.0,0.0,0.0,0.0,0.0,off,off,off,off,off
44.399999999998336,0.22199999999999168,4.9283999999998676,-18.719875579366175,-15.617524322954125,-14.529369081876155,-15.617524322973964,-18.719875579384478,-22.476045976219922,-22.47604597622896,0.6638805092502249,0.6743176612292551,0.6774352082679723,0.6743176612291978,0.6638805092501635,0.005803026149360517,0.0006967871139631456,7.675327061334044e-05,0.0006967871139731964,0.005803026149396343,0.0,0.0,0.0,0.0,0.0,off,off,off,off,off
44.49999999999833,0.22249999999999165,4.950624999999867,-18.713679266877335,-15.6169315232965,-14.531194608568114,-15.616931523318044,-18.713679266898424,-22.46632580729488,-22.466325807303946,0.6639824910980611,0.6744262365806372,0.6775453572574687,0.6744262365805744,0.6639824910979915,0.005906178217886361,0.0007398025081869333,9.004216578248175e-05,0.0007398025081975189,0.005906178217922405,0.0,0.0,0.0,0.0,0.0,off,off,off,off,off
44.599999999998325,0.22299999999999162,4.972899999999866,-18.7074356532124,-15.616231207629141,-14.532889849268315,-15.616231207649719,-18.70743565323687,-22.456616360814934,-22.456616360824086,0.6640837142717345,0.6745339973701093,0.6776549783918209,0.6745339973700494,0.6640837142716552,0.006010029875394549,0.0007841783266127709,0.00010449822631122973,0.0007841783266239296,0.006010029875430938,0.0,0.0,0.0,0.0,0.0,off,off,off,off,off
44.69999999999832,0.2234999999999916,4.9952249999998655,-18.70114491063339,-15.615423884361462,-14.534455430801245,-15.615423884378515,-18.701144910653653,-22.446917474262108,-22.446917474271316,0.6641841777801505,0.6746409357031143,0.6777640587991266,0.6746409357030646,0.6641841777800827,0.006114583057220192,0.0008299306244689308,0.00012016666501822651,0.0008299306244806085,0.006114583057256913,0.0,0.0,0.0,0.0,0.0,off,off,off,off,off
44.79999999999831,0.22399999999999157,5.017599999999864,-18.694807210115528,-15.614510058872554,-14.535891975057439,-15.61451005889188,-18.694807210136588,-22.43722898606572,-22.437228986074985,0.66428388068168,0.6747470440822961,0.6778725849909204,0.6747470440822393,0.66428388068161,0.0062198396550745905,0.0008770778274965716,0.00013701561830477222,0.000877077827508776,0.006219839655111552,0.0,0.0,0.0,0.0,0.0,off,off,off,off,off
44.89999999999831,0.22449999999999154,5.040024999999864,-18.68842272137013,-15.613490233338894,-14.537200101296946,-15.61349023335697,-18.688422721394346,-22.427550735596185,-22.42755073560548,0.6643828220869911,0.6748523152104885,0.677980544380405,0.6748523152104353,0.6643828220869117,0.006325801499296192,0.0009256301303719931,0.00015506447746056794,0.000925630130384728,0.006325801499333465,0.0,0.0,0.0,0.0,0.0,off,off,off,off,off
44.9999999999983,0.2249999999999915,5.062499999999862,-18.68199161285426,-15.61236490828361,-14.538380426089475,-15.612364908299469,-18.68199161288129,-22.41788256315874,-22.417882563168035,0.6644810011601766,0.6749567430542613,0.6780879251982304,0.674956743054214,0.6644810011600898,0.006432470348905929,0.000975563753759858,0.00017435866325200147,0.0009755637537730898,0.0064324703489436,0.0,0.0,0.0,0.0,0.0,off,off,off,off,off
45.099999999998296,0.22549999999999149,5.085024999999862,-18.67551405179546,-15.61113458286377,-14.539433561414398,-15.611134582880652,-18.67551405182337,-22.40822430998722,-22.408224309996598,0.6645784171187493,0.6750603229991596,0.6781947151849708,0.6750603229991086,0.66457841711866,0.006539847886665093,0.0010268643244081468,0.00019489125071212382,0.0010268643244219075,0.006539847886703182,0.0,0.0,0.0,0.0,0.0,off,off,off,off,off
45.19999999999829,0.22599999999999146,5.10759999999986,-18.66899020421974,-15.609799753379889,-14.540360115770227,-15.609799753395407,-18.668990204246256,-22.398575818238243,-22.398575818247707,0.6646750692329402,0.6751630508525218,0.6783009023339666,0.6751630508524752,0.6646750692328548,0.006647935717312105,0.0010795344536261046,0.00021664613424620635,0.0010795344536404195,0.006647935717350565,0.0,0.0,0.0,0.0,0.0,off,off,off,off,off
45.299999999998285,0.22649999999999143,5.13022499999986,-18.662420234940214,-15.60836091305572,-14.54116069530977,-15.608360913076012,-18.662420234967982,-22.38893693098484,-22.38893693099436,0.6647709568246929,0.6752649226835223,0.678406475604039,0.675264922683462,0.664770956824604,0.006756735367791572,0.0011335810665383888,0.0002396568150895437,0.0011335810665532538,0.006756735367830375,0.0,0.0,0.0,0.0,0.0,off,off,off,off,off
45.39999999999828,0.2269999999999914,5.152899999999859,-18.655804303627576,-15.606818551997264,-14.541835903071558,-15.606818552023185,-18.655804303653326,-22.379307492205783,-22.37930749221539,0.664866079966,0.6753659347812511,0.678511424388851,0.6753659347811749,0.6648660799659166,0.006866247989489395,0.0011890116573139813,0.00026395587699759175,0.001189011657329501,0.006866247989528567,0.0,0.0,0.0,0.0,0.0,off,off,off,off,off
45.49999999999827,0.22749999999999138,5.175624999999858,-18.64914256526174,-15.605173157116553,-14.5423863370155,-15.605173157137926,-18.649142565283512,-22.369687346764778,-22.369687346774413,0.6649604414434226,0.6754660836382964,0.6786157372323315,0.6754660836382327,0.6649604414433512,0.006976471560383005,0.0012458334616706308,0.00028951959471115024,0.0012458334616868257,0.006976471560422425,0.0,0.0,0.0,0.0,0.0,off,off,off,off,off
45.59999999999827,0.22799999999999135,5.198399999999857,-18.64243517690889,-15.60342521213829,-14.542812592491032,-15.603425212162563,-18.64243517693197,-22.360076340409478,-22.36007634041917,0.665054044191471,0.6755653659400953,0.6787194034558304,0.6755653659400233,0.665054044191395,0.007087399724121156,0.001304053291696098,0.0003163435161374254,0.0013040532917128977,0.007087399724160826,0.0,0.0,0.0,0.0,0.0,off,off,off,off,off
45.69999999999826,0.22849999999999132,5.221224999999857,-18.63568229566866,-15.601575197696377,-14.543115262256777,-15.601575197721388,-18.63568229569222,-22.350474319771337,-22.350474319781057,0.665146890014553,0.6756637785557094,0.6788224131547865,0.6756637785556352,0.6651468900144755,0.007199025791713862,0.001363677516823193,0.000344456350545749,0.0013636775168406542,0.007199025791753801,0.0,0.0,0.0,0.0,0.0,off,off,off,off,off
45.799999999998256,0.2289999999999913,5.244099999999856,-18.628884078090692,-15.599623591345221,-14.543294935939514,-15.599623591369607,-18.6288840781109,-22.340881132361602,-22.340881132371436,0.6652389798726288,0.6757613185295405,0.6789247568101386,0.6757613185294679,0.6652389798725601,0.0073113450189004675,0.0014247120763202995,0.0003738861621906402,0.0014247120763384111,0.007311345018940677,0.0,0.0,0.0,0.0,0.0,off,off,off,off,off
45.89999999999825,0.22949999999999127,5.267024999999855,-18.62204067998718,-15.597570867574632,-14.543352198056027,-15.597570867596346,-18.62204068001006,-22.33129662656728,-22.331296626577284,0.6653303141814698,0.6758579830735038,0.6790264239817518,0.6758579830734386,0.665330314181394,0.007424354664535819,0.0014871624979185074,0.00040461608217744156,0.0014871624979372116,0.0074243546645762675,0.0,0.0,0.0,0.0,0.0,off,off,off,off,off
45.999999999998245,0.22999999999999124,5.289999999999854,-18.615152256346107,-15.595417497820051,-14.543287630337772,-15.595417497838469,-18.615152256366343,-22.321720651646245,-22.32172065165628,0.6654208930114902,0.6759537695596128,0.679127404867323,0.6759537695595563,0.6654208930114215,0.007538053479964165,0.0015510339169916942,0.00043663223978961736,0.0015510339170109624,0.007538053480004852,0.0,0.0,0.0,0.0,0.0,off,off,off,off,off
46.09999999999824,0.2304999999999912,5.313024999999853,-18.608218961259865,-15.59316395050331,-14.54310181200941,-15.593163950518658,-18.608218961277146,-22.312153057721957,-22.312153057732047,0.6655107162186086,0.6760486755128474,0.6792276904441878,0.6760486755127993,0.6655107162185484,0.00765244122884785,0.0016163310950926628,0.00046995499771308686,0.0016163310951124545,0.007652441228888718,0.0,0.0,0.0,0.0,0.0,off,off,off,off,off
46.199999999998234,0.23099999999999118,5.336099999999853,-18.601240947894098,-15.590810691055708,-14.54279531937317,-15.590810691076342,-18.601240947910213,-22.30259369577908,-22.30259369578917,0.6655997835312694,0.6761426986044241,0.6793272721968092,0.6761426986043607,0.6655997835312122,0.007767518334567583,0.0016830584376183175,0.0005046098363763582,0.0016830584376386823,0.007767518334608579,0.0,0.0,0.0,0.0,0.0,off,off,off,off,off
46.29999999999823,0.23149999999999116,5.359224999999851,-18.5942183684505,-15.588358181945921,-14.542368724457674,-15.588358181966953,-18.594218368469143,-22.293042417657574,-22.293042417667664,0.6656880946085334,0.6762358366453767,0.6794261411585294,0.6762358366453117,0.6656880946084688,0.00788328563722253,0.001751220010590939,0.0005406053392957434,0.001751220010612018,0.007883285637263709,0.0,0.0,0.0,0.0,0.0,off,off,off,off,off
46.39999999999822,0.2319999999999911,5.382399999999851,-18.5871513741545,-15.585806881406313,-14.541822594905398,-15.585806881427345,-18.587151374173743,-22.283499076048287,-22.283499076058263,0.665775649078683,0.6763281125014307,0.6795242879297643,0.6763281125013657,0.6657756490786171,0.007999744229499737,0.001820809150406507,0.000577913748794804,0.001820809150428211,0.007999744229541144,0.0,0.0,0.0,0.0,0.0,off,off,off,off,off
46.49999999999822,0.23249999999999107,5.40562499999985,-18.58004011523292,-15.583157248628652,-14.541157496272149,-15.583157248649002,-18.58004011525236,-22.273963524486874,-22.273963524496992,0.6658624465647851,0.6764196004452504,0.6796217041232592,0.6764196004451875,0.665862446564718,0.008116895346782874,0.0018917279894594475,0.0006165377070615728,0.0018917279894817053,0.008116895346824518,0.0,0.0,0.0,0.0,0.0,off,off,off,off,off
46.59999999999821,0.23299999999999105,5.4288999999998495,-18.572884741069714,-15.580409752954438,-14.540373991591593,-15.580409752973992,-18.572884741090405,-22.264435617349733,-22.264435617359936,0.6659484867009365,0.6765103342303548,0.679718381875205,0.6765103342302938,0.6659484867008661,0.008234740294069478,0.001963835972543166,0.0006564962417103312,0.0019638359725659043,0.008234740294111418,0.0,0.0,0.0,0.0,0.0,off,off,off,off,off
46.699999999998205,0.23349999999999102,5.4522249999998476,-18.56568540031492,-15.577564865851286,-14.539472641470923,-15.577564865872432,-18.565685400336918,-22.254915209848804,-22.254915209859007,0.6660337691427091,0.6766003316607216,0.6798143137389887,0.6766003316606563,0.6660337691426349,0.008353280397756107,0.00203704043511431,0.0006978100664478018,0.0020370404351374768,0.008353280397798353,0.0,0.0,0.0,0.0,0.0,off,off,off,off,off
46.7999999999982,0.233999999999991,5.475599999999847,-18.558442240895744,-15.574623057068209,-14.538454002523395,-15.574623057087422,-18.55844224091925,-22.245402158027304,-22.245402158037564,0.6661182935738733,0.6766896044696676,0.6799094915470885,0.6766896044696078,0.6661182935737947,0.008472516974186498,0.0021112859483276196,0.0007404833186458298,0.0021112859483512327,0.00847251697422904,0.0,0.0,0.0,0.0,0.0,off,off,off,off,off
46.899999999998194,0.23449999999999097,5.499024999999846,-18.551155410015866,-15.571584793091859,-14.537318627920229,-15.571584793110617,-18.551155410041872,-22.235896318755437,-22.235896318765754,0.6662020597104766,0.6767781614226842,0.6800039068956472,0.6767781614226256,0.6662020597103911,0.008592451309478222,0.0021865362693704597,0.0007844897580276114,0.002186536269394485,0.008592451309521118,0.0,0.0,0.0,0.0,0.0,off,off,off,off,off
46.99999999999819,0.23499999999999094,5.522499999999845,-18.543825054129428,-15.568450536565763,-14.536067069286844,-15.568450536586397,-18.543825054153615,-22.226397549725732,-22.22639754973605,0.6662850673032082,0.676866009663036,0.6800975523424467,0.6768660096629713,0.6662850673031274,0.008713084646920048,0.00226276485240041,0.0008298295213843536,0.0022627648524248716,0.0087130846469633,0.0,0.0,0.0,0.0,0.0,off,off,off,off,off
47.09999999999818,0.2354999999999909,5.546024999999844,-18.536451318918466,-15.5652207461211,-14.534699875917056,-15.565220746140255,-18.536451318939044,-22.216905709448724,-22.21690570945907,0.6663673161385599,0.6769531553422836,0.6801904209144993,0.6769531553422233,0.6663673161384894,0.008834418179435135,0.002339950356673401,0.0008765172326976474,0.0023399503566983158,0.00883441817947866,0.0,0.0,0.0,0.0,0.0,off,off,off,off,off
47.19999999999818,0.23599999999999088,5.569599999999843,-18.529034349269466,-15.561895876342817,-14.533217594582766,-15.561895876361916,-18.529034349291265,-22.207420657248434,-22.207420657258695,0.6664488060392092,0.6770396039290179,0.6802825060113404,0.6770396039289576,0.6664488060391351,0.008956453045418587,0.0024180745252471445,0.0009245696662031535,0.0024180745252724424,0.008956453045462356,0.0,0.0,0.0,0.0,0.0,off,off,off,off,off
47.29999999999817,0.23649999999999086,5.593224999999842,-18.521574289260656,-15.558476377862462,-14.531620769319545,-15.558476377880424,-18.521574289282455,-22.197942253257366,-22.197942253267627,0.6665295368638584,0.6771253603691604,0.6803738012446519,0.6771253603691029,0.6665295368637839,0.009079190326808196,0.002497121157903764,0.0009739993277423037,0.0024971211579294683,0.009079190326852246,0.0,0.0,0.0,0.0,0.0,off,off,off,off,off
47.399999999998165,0.23699999999999083,5.616899999999841,-18.514071282131255,-15.554962697171163,-14.529909942351026,-15.554962697190376,-18.514071282150383,-22.188470358412502,-22.188470358422762,0.6666095085067957,0.677210429493123,0.6804643010870238,0.677210429493062,0.6666095085067292,0.009202631048619063,0.002577075532998147,0.0010247864457878484,0.00257707553302419,0.009202631048663392,0.0,0.0,0.0,0.0,0.0,off,off,off,off,off
47.49999999999816,0.2374999999999908,5.64062499999984,-18.506525470204565,-15.551355268496536,-14.528085655039206,-15.551355268514214,-18.50652547022443,-22.17900483444987,-22.179004834460216,0.6666887208973822,0.6772948272781705,0.6805540016305749,0.6772948272781139,0.6666887208973136,0.009326776179423575,0.0026579169142040837,0.0010769108274733595,0.0026579169142304563,0.009326776179468138,0.0,0.0,0.0,0.0,0.0,off,off,off,off,off
47.599999999998154,0.23799999999999077,5.664399999999839,-18.49893699476425,-15.547654517885917,-14.526148445953766,-15.547654517902743,-18.49893699478065,-22.169545543900142,-22.169545543910544,0.6667671739995464,0.6773785740212773,0.680642899454685,0.6773785740212228,0.6667671739994872,0.009451626632428836,0.0027396012966398953,0.0011303718488100138,0.0027396012966665615,0.009451626632473589,0.0,0.0,0.0,0.0,0.0,off,off,off,off,off
47.69999999999815,0.23849999999999075,5.688224999999838,-18.49130599355749,-15.543860872285052,-14.52409885059285,-15.543860872298524,-18.491305993571046,-22.160092350079964,-22.16009235009048,0.6668448679889598,0.6774616798342488,0.6807309913966849,0.677461679834203,0.6668448679889086,0.009577183197298916,0.0028220847179032324,0.0011851746617688088,0.0028220847179301783,0.0095771831973438,0.0,0.0,0.0,0.0,0.0,off,off,off,off,off
47.79999999999814,0.23899999999999072,5.712099999999837,-18.48363259851692,-15.539974757634297,-14.521937401377329,-15.539974757646803,-18.483632598532353,-22.15064511707297,-22.150645117083485,0.6669218045779374,0.6775441501668584,0.6808182745006792,0.6775441501668158,0.6669218045778803,0.009703445342900791,0.0029053386075796415,0.0012413253289873076,0.0029053386076068007,0.00970344534294581,0.0,0.0,0.0,0.0,0.0,off,off,off,off,off
47.89999999999814,0.2394999999999907,5.736024999999837,-18.475916943779737,-15.535996598061786,-14.519664627682062,-15.535996598071108,-18.47591694379682,-22.141203709726653,-22.14120370973717,0.6669979864198312,0.6776259881106159,0.6809047459994518,0.6776259881105817,0.6669979864197693,0.009830409466225693,0.002989345972207027,0.0012988297423871665,0.0029893459722343746,0.009830409466270958,0.0,0.0,0.0,0.0,0.0,off,off,off,off,off
47.99999999999813,0.23999999999999067,5.7599999999998355,-18.46815916402491,-15.53192681547938,-14.517281055853857,-15.531926815486997,-18.46815916404543,-22.13176799365405,-22.13176799366451,0.6670734156798283,0.6777071954545508,0.6809904033039864,0.6777071954545216,0.6670734156797569,0.009958070479457912,0.0030740966600903427,0.0013576934037356004,0.003074096660117797,0.009958070479503488,0.0,0.0,0.0,0.0,0.0,off,off,off,off,off
48.099999999998126,0.24049999999999064,5.784024999999835,-18.460359393672746,-15.527765829363602,-14.514787209218866,-15.527765829375369,-18.46035939369483,-22.12233783523135,-22.122337835241893,0.6671480938865827,0.677787773259588,0.6810752439949996,0.6777877732595465,0.667148093886507,0.010086423969363557,0.0031595844165055267,0.0014179213933096081,0.003159584416533138,0.01008642396940952,0.0,0.0,0.0,0.0,0.0,off,off,off,off,off
48.19999999999812,0.2409999999999906,5.8080999999998335,-18.452517766632354,-15.523514056644672,-14.512183608084342,-15.523514056657405,-18.452517766650857,-22.11291310159467,-22.112913101605216,0.6672220220894464,0.6778677221809867,0.6811592658152255,0.6778677221809426,0.6672220220893804,0.010215466857805663,0.0032458051953471265,0.0014795183788720617,0.0032458051953749944,0.010215466857851968,0.0,0.0,0.0,0.0,0.0,off,off,off,off,off
48.299999999998114,0.24149999999999058,5.832224999999833,-18.44463441618103,-15.519171911638182,-14.509470769764107,-15.519171911653757,-18.444634416197857,-22.10349366063602,-22.103493660646592,0.6672952010082818,0.677947042650386,0.6812424666620882,0.6779470426503341,0.6672952010082208,0.010345197272996074,0.0033327562029338187,0.0015424886326733203,0.00333275620296199,0.010345197273042572,0.0,0.0,0.0,0.0,0.0,off,off,off,off,off
48.39999999999811,0.24199999999999056,5.856399999999832,-18.436709474919212,-15.514739806041916,-14.506649208570536,-15.514739806053399,-18.436709474938567,-22.094079380999233,-22.09407938100989,0.6673676311437174,0.6780257349786066,0.6813248445808399,0.6780257349785658,0.6673676311436487,0.01047561424738126,0.003420435357281738,0.001606836049457627,0.0034204353573101553,0.010475614247428008,0.0,0.0,0.0,0.0,0.0,off,off,off,off,off
48.4999999999981,0.24249999999999053,5.8806249999998315,-18.42874307472215,-15.510218148913623,-14.50371943581547,-15.510218148928345,-18.42874307473963,-22.08467013207607,-22.08467013208673,0.6674393128547379,0.6781037994138758,0.681406397758019,0.6781037994138263,0.6674393128546743,0.010606717444610458,0.0035088409821642523,0.0016725641639755364,0.003508840982192893,0.010606717444657446,0.0,0.0,0.0,0.0,0.0,off,off,off,off,off
48.5999999999981,0.2429999999999905,5.90489999999983,-18.4207353467024,-15.50560734670529,-14.500681959828796,-15.505607346722456,-18.420735346720846,-22.075265784001715,-22.07526578401243,0.6675102464125411,0.678181236174684,0.6814871245151775,0.6781812361746272,0.6675102464124748,0.010738506952709875,0.0035979716337790485,0.0017396761677110507,0.003597971633808052,0.010738506952757085,0.0,0.0,0.0,0.0,0.0,off,off,off,off,off
48.69999999999809,0.24349999999999047,5.929224999999829,-18.412686421200902,-15.500907803262521,-14.49753728596329,-15.500907803281507,-18.412686421215653,-22.06586620765063,-22.065866207661344,0.6675804320376236,0.6782580454684916,0.6815670233029587,0.6782580454684294,0.6675804320375678,0.010870983136277644,0.0036878260023192784,0.0018081749247931779,0.0036878260023486507,0.010870983136325068,0.0,0.0,0.0,0.0,0.0,off,off,off,off,off
48.799999999998086,0.24399999999999045,5.953599999999828,-18.404596427764403,-15.496119919844489,-14.494285916595231,-15.496119919860291,-18.404596427780007,-22.056471274632088,-22.056471274642888,0.6676498699252577,0.6783342275023246,0.6816460926954733,0.6783342275022716,0.6676498699251991,0.011004146533252383,0.0037784028558678733,0.001878062987117053,0.0037784028558976073,0.011004146533299956,0.0,0.0,0.0,0.0,0.0,off,off,off,off,off
48.89999999999808,0.24449999999999042,5.978024999999827,-18.39646549514231,-15.49124409513064,-14.490928349905516,-15.491244095146726,-18.39646549515996,-22.04708085728612,-22.047080857296947,0.6677185602628231,0.678409782488851,0.6817243567015441,0.6784097824887975,0.6677185602627591,0.011137997783598598,0.0038697010082206352,0.0019493317981703882,0.003869701008250654,0.0111379977836464,0.0,0.0,0.0,0.0,0.0,off,off,off,off,off
48.999999999998074,0.24499999999999036,6.002499999999826,-18.388293751270254,-15.486280724562334,-14.487465085226972,-15.486280724578307,-18.388293751286568,-22.037694828678724,-22.03769482868961,0.6677865032415617,0.6784847110524187,0.6818018880887723,0.678484711052365,0.6677865032415012,0.011272537580401499,0.003961719200349469,0.0020218829896897373,0.0039617192003797855,0.011272537580449543,0.0,0.0,0.0,0.0,0.0,off,off,off,off,off
49.09999999999807,0.24549999999999034,6.027024999999825,-18.3800813232061,-15.481230194070804,-14.483896631520338,-15.481230194088425,-18.380081323223862,-22.028313062597874,-22.028313062608817,0.667853699064575,0.6785590199322801,0.6818787200064784,0.6785590199322215,0.6678536990645104,0.011407766636568962,0.004054451627339327,0.00209557876355771,0.004054451627369984,0.011407766636617274,0.0,0.0,0.0,0.0,0.0,off,off,off,off,off
49.19999999999806,0.2459999999999903,6.051599999999825,-18.371828337072856,-15.47609288725198,-14.480223499407089,-15.476092887267953,-18.371828337094996,-22.01893543354845,-22.01893543355942,0.6679201479521103,0.6786327177444785,0.6819548702134388,0.6786327177444246,0.667920147952033,0.011543685662363842,0.004147880647498457,0.0021703288111009746,0.004147880647529423,0.01154368566241245,0.0,0.0,0.0,0.0,0.0,off,off,off,off,off
49.29999999999806,0.24649999999999028,6.076224999999823,-18.363534918112634,-15.470869188057236,-14.476446197519806,-15.470869188076676,-18.36353491813233,-22.009561816747947,-22.009561816758975,0.6679858501446849,0.6787058090727444,0.6820303505769582,0.6787058090726812,0.6679858501446149,0.011680295350434291,0.00424198764161834,0.002246078907837317,0.004241987641649644,0.011680295350483295,0.0,0.0,0.0,0.0,0.0,off,off,off,off,off
49.39999999999805,0.24699999999999026,6.100899999999823,-18.355201190693236,-15.465559479473143,-14.472565231071485,-15.465559479491162,-18.355201190715064,-22.00019208812182,-22.000192088132877,0.668050805905065,0.6787782962787098,0.6821051700816642,0.6787782962786503,0.6680508059049887,0.011817596366024547,0.004336760190174409,0.0023227932911727596,0.004336760190206032,0.011817596366073851,0.0,0.0,0.0,0.0,0.0,off,off,off,off,off
49.499999999998046,0.24749999999999023,6.125624999999821,-18.346827278348314,-15.460164143116288,-14.468581101309212,-15.46016414313442,-18.34682727836943,-21.990826124299105,-21.99082612431016,0.668115015519268,0.6788501805061903,0.6821793361344678,0.6788501805061298,0.6681150155191936,0.011955589340755397,0.004432191153970779,0.0024004455028106804,0.00443219115400271,0.011955589340805067,0.0,0.0,0.0,0.0,0.0,off,off,off,off,off
49.59999999999804,0.2479999999999902,6.150399999999821,-18.33841330377433,-15.454683559018633,-14.464494305335279,-15.4546835590358,-18.338413303795363,-21.981463802608033,-21.981463802619118,0.6681784792970957,0.6789214621913674,0.6822528551744641,0.67892146219131,0.6681784792970218,0.012094274868857113,0.00452827678231302,0.002479014077168541,0.00452827678234525,0.012094274868907087,0.0,0.0,0.0,0.0,0.0,off,off,off,off,off
49.699999999998035,0.24849999999999017,6.175224999999819,-18.329959388856196,-15.449118105465459,-14.460305336106956,-15.449118105481375,-18.32995938887646,-21.97210500107184,-21.97210500108298,0.6682411975721755,0.678992141362953,0.6823257329706321,0.6789921413628989,0.6682411975721033,0.012233653505078518,0.004625015372565427,0.002558480513098312,0.004625015372597943,0.012233653505128783,0.0,0.0,0.0,0.0,0.0,off,off,off,off,off
49.79999999999803,0.24899999999999015,6.200099999999819,-18.32146565466516,-15.443468158896167,-14.45601468249481,-15.443468158911742,-18.321465654685028,-21.962749598404372,-21.96274959841557,0.6683031707018122,0.6790622178247179,0.6823979747763059,0.6790622178246647,0.668303170701741,0.012373725763735605,0.004722406426330386,0.002638828294707138,0.004722406426363105,0.012373725763786125,0.0,0.0,0.0,0.0,0.0,off,off,off,off,off
49.89999999999802,0.24949999999999012,6.225024999999817,-18.312932221471925,-15.437734093827942,-14.451622829380028,-15.437734093842721,-18.31293222148929,-21.953397474005868,-21.953397474017095,0.668364399066617,0.679131691266822,0.6824695854169373,0.6791316912667712,0.6683643990665528,0.012514492118526548,0.004820450129698906,0.0027200423943717447,0.004820450129731895,0.012514492118577287,0.0,0.0,0.0,0.0,0.0,off,off,off,off,off
49.99999999999802,0.2499999999999901,6.249999999999816,-18.304359208758427,-15.431916282801751,-14.447130256549201,-15.431916282815962,-18.304359208773207,-21.944048507958797,-21.944048507970052,0.6684248830700237,0.67920056133336,0.6825405709115889,0.6792005613333103,0.6684248830699668,0.012655953002856515,0.004919147035323692,0.002802108579820158,0.004919147035356916,0.012655953002907437,0.0,0.0,0.0,0.0,0.0,off,off,off,off,off
50.09999999999801,0.25049999999999006,6.275024999999815,-18.295746735215346,-15.426015096259903,-14.44253742977628,-15.426015096273034,-18.295746735232143,-21.934702581023686,-21.934702581034912,0.6684846231377776,0.6792688276631664,0.6826109509467174,0.6792688276631192,0.6684846231377151,0.01279810881049397,0.005018497869138808,0.002885000929027518,0.005018497869172253,0.01279810881054505,0.0,0.0,0.0,0.0,0.0,off,off,off,off,off
50.199999999998006,0.25099999999999,6.300099999999814,-18.28709491875614,-15.42003090243594,-14.437844811260788,-15.420030902447422,-18.28709491877484,-21.925359574634882,-21.92535957464611,0.6685436197173356,0.6793364899140348,0.6826807420502704,0.6793364899139932,0.6685436197172672,0.012940959896436153,0.005118503413895765,0.0029686736858381773,0.0051185034139293855,0.012940959896487499,0.0,0.0,0.0,0.0,0.0,off,off,off,off,off
50.299999999998,0.25149999999999,6.325224999999813,-18.278403876514204,-15.41396406739932,-14.433052863348507,-15.413964067410518,-18.27840387653447,-21.916019370896578,-21.91601937090789,0.6686018732772896,0.6794035477763387,0.6827499524529048,0.6794035477762974,0.6686018732772168,0.01308450657790017,0.005219164439968477,0.0030530887405285263,0.005219164440002267,0.013084506577951795,0.0,0.0,0.0,0.0,0.0,off,off,off,off,off
50.399999999997995,0.25199999999998995,6.350399999999812,-18.269673722543416,-15.407814955066044,-14.428162046934688,-15.407814955078948,-18.269673722561237,-21.90668185257607,-21.90668185258744,0.6686593843698254,0.6794700009805213,0.6828185868003528,0.6794700009804745,0.6686593843697592,0.013228749107163647,0.005320481665188529,0.0031382223803368033,0.0053204816652225075,0.013228749107215573,0.0,0.0,0.0,0.0,0.0,off,off,off,off,off
50.49999999999799,0.25249999999998995,6.375624999999811,-18.26090456545043,-15.40158392714227,-14.423172820844059,-15.401583927157048,-18.26090456546902,-21.89734690308603,-21.897346903097485,0.6687161544207583,0.6795358493009888,0.6828866478483032,0.679535849300937,0.6687161544206901,0.013373687070476861,0.005422455732455064,0.00322406042273979,0.005422455732489286,0.013373687070529102,0.0,0.0,0.0,0.0,0.0,off,off,off,off,off
50.59999999999798,0.2529999999999899,6.40089999999981,-18.252096516103137,-15.395271343150966,-14.418085641466064,-15.395271343169384,-18.25209651611911,-21.888014406482313,-21.888014406493767,0.6687721857184343,0.6796010925574855,0.6829541373040128,0.679601092557424,0.6687721857183735,0.013519318122557581,0.005525087198178184,0.003310594187848446,0.005525087198212746,0.013519318122610105,0.0,0.0,0.0,0.0,0.0,off,off,off,off,off
50.69999999999798,0.2534999999999899,6.42622499999981,-18.24324968610864,-15.388877560459889,-14.412900962568699,-15.388877560479784,-18.24324968612632,-21.878684247466197,-21.878684247477764,0.6688274804557522,0.6796657306150984,0.6830210562903384,0.6796657306150323,0.6688274804556863,0.013665638475586751,0.0056283765272772904,0.003397818106944805,0.005628376527312254,0.013665638475639487,0.0,0.0,0.0,0.0,0.0,off,off,off,off,off
50.79999999999797,0.25399999999998985,6.451599999999808,-18.234364187002512,-15.382402934308061,-14.407619235201025,-15.382402934330287,-18.234364187021697,-21.869356311383314,-21.869356311394853,0.6688820404332596,0.6797297633834697,0.6830874056061922,0.679729763383397,0.6688820404331896,0.013812644354773881,0.005732324092101061,0.0034857283646211835,0.005732324092136507,0.013812644354826906,0.0,0.0,0.0,0.0,0.0,off,off,off,off,off
50.899999999997966,0.25449999999998985,6.4770249999998075,-18.225440129973634,-15.375847817820272,-14.402240907655141,-15.375847817839258,-18.225440129987817,-21.86003048422043,-21.86003048423194,0.6689358670873039,0.6797931908155954,0.68315318587313,0.6797931908155315,0.6689358670872482,0.013960332739255961,0.005836930173649717,0.0035743221329495637,0.005836930173685567,0.013960332739309229,0.0,0.0,0.0,0.0,0.0,off,off,off,off,off
50.99999999999796,0.2549999999999898,6.502499999999806,-18.21647762573369,-15.369212561791699,-14.396766425442593,-15.369212561811594,-18.216477625750088,-21.850706652602952,-21.850706652614576,0.6689889615762749,0.6798560129492701,0.6832183976179527,0.6798560129492038,0.668988961576212,0.014108701464545924,0.0059421949565340365,0.0036635971398859767,0.005942194956570216,0.014108701464599355,0.0,0.0,0.0,0.0,0.0,off,off,off,off,off
51.099999999997955,0.2554999999999898,6.528024999999806,-18.207476784433084,-15.362497509535217,-14.391196231205242,-15.362497509557159,-18.207476784448687,-21.841384703791533,-21.84138470380313,0.6690413248598099,0.6799182321953938,0.6832830413194726,0.6799182321953213,0.6690413248597494,0.014257749085484375,0.0060481172405299904,0.0037535514259503496,0.00604811724056651,0.014257749085537992,0.0,0.0,0.0,0.0,0.0,off,off,off,off,off
51.19999999999795,0.25599999999998974,6.553599999999804,-18.198437715537352,-15.355703000902395,-14.385530764618807,-15.355703000925928,-18.19843771555523,-21.832064525678106,-21.832064525689702,0.6690929577606171,0.6799798541427314,0.683347117435023,0.6799798541426546,0.6690929577605502,0.014407474697924296,0.006154689270244506,0.0038441832069302183,0.006154689270281418,0.014407474697978123,0.0,0.0,0.0,0.0,0.0,off,off,off,off,off
51.299999999997944,0.25649999999998974,6.579224999999804,-18.18936052785179,-15.348829376364051,-14.379770462471981,-15.34882937638821,-18.18936052786836,-21.822746006782438,-21.822746006794006,0.6691438610097014,0.6800408827764383,0.6834106264150588,0.6800408827763595,0.669143861009638,0.014557877783386955,0.006261899364483978,0.003935490796295064,0.006261899364521337,0.01455787778344105,0.0,0.0,0.0,0.0,0.0,off,off,off,off,off
51.39999999999794,0.2569999999999897,6.604899999999802,-18.180245329521455,-15.341876975317803,-14.37391575872823,-15.341876975340426,-18.18024532953686,-21.813429036248408,-21.813429036260118,0.6691940352789674,0.680101320427475,0.6834735687113686,0.6801013204274005,0.6691940352789073,0.01470895808901133,0.006369738103563992,0.004027472561245353,0.006369738103601781,0.014708958089065634,0.0,0.0,0.0,0.0,0.0,off,off,off,off,off
51.49999999999793,0.2574999999999897,6.630624999999801,-18.17109222801949,-15.334846135716987,-14.367967084556142,-15.334846135738246,-18.17109222803515,-21.804113503840625,-21.804113503852392,0.6692434812044215,0.6801611684484772,0.6835359447817397,0.6801611684484062,0.6692434812043604,0.014860715539215464,0.006478199422089435,0.004120126897714536,0.006478199422127572,0.014860715539269948,0.0,0.0,0.0,0.0,0.0,off,off,off,off,off
51.59999999999793,0.2579999999999896,6.6563999999998,-18.161901330166955,-15.327737193909513,-14.361924868390076,-15.32773719392668,-18.161901330182104,-21.79479929994025,-21.794799299952075,0.6692921994024496,0.6802204275992094,0.6835977550924973,0.6802204275991502,0.6692921994023902,0.015013150172178092,0.006587279770575887,0.004213452216058089,0.0065872797706142605,0.015013150172232766,0.0,0.0,0.0,0.0,0.0,off,off,off,off,off
51.69999999999792,0.2584999999999896,6.682224999999799,-18.152672742114788,-15.320550484535715,-14.355789535622534,-15.32055048455561,-18.15267274212971,-21.785486315541846,-21.785486315553698,0.6693401904813056,0.6802790982780995,0.6836590002836062,0.6802790982780321,0.669340190481247,0.015166262094734123,0.00669697724627908,0.004307446902003835,0.006696977246317684,0.015166262094788989,0.0,0.0,0.0,0.0,0.0,off,off,off,off,off
51.799999999997915,0.25899999999998957,6.7080999999997974,-18.14340656936102,-15.313286340423815,-14.349561502637357,-15.313286340445643,-18.143406569374974,-21.776174442249413,-21.776174442261265,0.6693874550490095,0.6803371806689228,0.6837196861483336,0.6803371806688501,0.6693874550489528,0.01532005145061007,0.006807290978448654,0.0044021060717042955,0.006807290978487589,0.01532005145066509,0.0,0.0,0.0,0.0,0.0,off,off,off,off,off
51.89999999999791,0.2594999999999896,6.7340249999997965,-18.134102916728864,-15.305945092468392,-14.343241181964004,-15.305945092486809,-18.134102916745945,-21.766863572273138,-21.76686357228496,0.6694339937188729,0.6803946748350406,0.6837798214994831,0.6803946748349773,0.6694339937188073,0.015474518398214865,0.006918220723364735,0.004497413441785808,0.006918220723403986,0.015474518398270107,0.0,0.0,0.0,0.0,0.0,off,off,off,off,off
51.999999999997904,0.2599999999999895,6.7599999999997955,-18.124761888386928,-15.298527069641864,-14.336828986162573,-15.298527069658917,-18.124761888401878,-21.757553598425403,-21.757553598437198,0.6694798071131536,0.680451580779552,0.6838394112424384,0.6804515807794921,0.6694798071130941,0.015629663095235617,0.007029766602143195,0.004593350444131822,0.0070297666021827175,0.015629663095291128,0.0,0.0,0.0,0.0,0.0,off,off,off,off,off
52.0999999999979,0.2604999999999895,6.786024999999794,-18.115383587842473,-15.291032599004325,-14.330325326377249,-15.291032599020696,-18.115383587856456,-21.748244414117494,-21.748244414129317,0.6695248958655418,0.6805078984836181,0.6838984580218129,0.6805078984835605,0.6695248958654852,0.01578548568806245,0.00714192893217906,0.00468990427494573,0.007141928932218834,0.015785485688118186,0.0,0.0,0.0,0.0,0.0,off,off,off,off,off
52.19999999999789,0.26099999999998946,6.812099999999794,-18.105968117932406,-15.283462005704223,-14.323730611973133,-15.28346200571923,-18.105968117950653,-21.738935913355903,-21.738935913367754,0.6695692606227759,0.6805636279306604,0.6839569632571628,0.6805636279306061,0.6695692606227072,0.01594198630463168,0.007254708119501391,0.004787067324796926,0.007254708119541392,0.015941986304687655,0.0,0.0,0.0,0.0,0.0,off,off,off,off,off
52.29999999999789,0.26149999999998946,6.838224999999793,-18.096515580850934,-15.275815612988481,-14.31704525033632,-15.275815613003886,-18.096515580867674,-21.72962799073889,-21.729627990750743,0.6696129020455376,0.6806187691213589,0.6840149276579022,0.6806187691213031,0.6696129020454723,0.016099165049683097,0.007368104590654642,0.004884835339079958,0.007368104590694908,0.016099165049739354,0.0,0.0,0.0,0.0,0.0,off,off,off,off,off
52.39999999999788,0.2619999999999894,6.864399999999792,-18.08702607812532,-15.26809374219232,-14.310269646737083,-15.268093742207384,-18.08702607814061,-21.720320541452708,-21.720320541464616,0.669655820809061,0.680673322082788,0.6840723515239279,0.6806733220827333,0.6696558208090005,0.01625702200171803,0.007482118750188048,0.0049832060897856256,0.007482118750228557,0.016257022001774438,0.0,0.0,0.0,0.0,0.0,off,off,off,off,off
52.499999999997875,0.2624999999999894,6.89062499999979,-18.077499710629155,-15.2602967127591,-14.303404204266087,-15.260296712772913,-18.077499710644446,-21.711013461268408,-21.711013461280317,0.6696980176033408,0.6807272868736444,0.6841292349278727,0.6807272868735935,0.6696980176032794,0.016415557211149942,0.00759675095470392,0.005082178538760089,0.00759675095474467,0.016415557211206543,0.0,0.0,0.0,0.0,0.0,off,off,off,off,off
52.59999999999787,0.26299999999998935,6.91689999999979,-18.06793657858381,-15.252424842233893,-14.296449323774596,-15.252424842247422,-18.067936578600296,-21.70170664653793,-21.701706646549923,0.6697394931331537,0.6807806635870972,0.6841855778260801,0.680780663587047,0.6697394931330897,0.016574770699289258,0.0077120014975851185,0.005181752323185863,0.007712001497626114,0.01657477069934608,0.0,0.0,0.0,0.0,0.0,off,off,off,off,off
52.699999999997864,0.2634999999999893,6.943224999999789,-18.058336781567533,-15.244478446279231,-14.289405403859348,-15.244478446296625,-18.0583367815845,-21.69239999419102,-21.692399994203043,0.6697802481179304,0.6808334523520105,0.6842413801257596,0.6808334523519493,0.6697802481178651,0.01673466245790676,0.007827870600581396,0.00528192744147495,0.007827870600622705,0.01673466245796386,0.0,0.0,0.0,0.0,0.0,off,off,off,off,off
52.79999999999786,0.2639999999999893,6.969599999999788,-18.048700418509014,-15.23645783866732,-14.282272840836413,-15.236457838688636,-18.048700418525584,-21.683093401731526,-21.68309340174349,0.6698202832915623,0.6808856533332475,0.6842966417253227,0.6808856533331749,0.6698202832914977,0.01689523244919505,0.007944358409775407,0.005382704062681802,0.007944358409817125,0.016895232449252433,0.0,0.0,0.0,0.0,0.0,off,off,off,off,off
52.89999999999785,0.26449999999998924,6.996024999999786,-18.039027587687826,-15.22836333129976,-14.275052028748576,-15.228363331319088,-18.03902758770593,-21.673786767233793,-21.673786767245872,0.6698595994021324,0.6809372667312793,0.6843513625381515,0.6809372667312124,0.6698595994020637,0.01705648060600027,0.008061464994319579,0.005484082411872407,0.008061464994361766,0.01705648060605792,0.0,0.0,0.0,0.0,0.0,off,off,off,off,off
52.99999999999785,0.26499999999998924,7.022499999999786,-18.029318386751072,-15.220195234202436,-14.267743359344024,-15.220195234222388,-18.029318386770598,-21.664479989339753,-21.66447998935189,0.6698981972115625,0.6809882927814936,0.6844055425063482,0.6809882927814247,0.6698981972114892,0.017218406832233836,0.008179190346903068,0.0055860627021334305,0.008179190346945637,0.01721840683229181,0.0,0.0,0.0,0.0,0.0,off,off,off,off,off
53.09999999999784,0.2654999999999892,7.0490249999997845,-18.01957291270108,-15.211953855541537,-14.26034722209215,-15.211953855565639,-18.019572912719013,-21.655172967254913,-21.65517296726705,0.6699360774953105,0.6810387317532234,0.6844591816082141,0.6810387317531427,0.6699360774952421,0.01738101100340138,0.008297534385273933,0.005688645095164322,0.008297534385316909,0.017381011003459665,0.0,0.0,0.0,0.0,0.0,off,off,off,off,off
53.199999999997836,0.2659999999999892,7.075599999999784,-18.009791261910436,-15.203639501628004,-14.252864004177468,-15.203639501650116,-18.00979126192624,-21.645865600745168,-21.64586560075736,0.6699732410419863,0.6810885839486919,0.6845122798620427,0.6810885839486166,0.669973241041924,0.017544292967203015,0.00841649695438319,0.005791829679335291,0.008416496954426644,0.017544292967261503,0.0,0.0,0.0,0.0,0.0,off,off,off,off,off
53.29999999999783,0.26649999999998913,7.102224999999782,-17.99997353011213,-15.195252476920416,-14.245294090506547,-15.19525247694179,-17.999973530126965,-21.63655779013368,-21.636557790145844,0.6700096886530278,0.6811378497019098,0.6845648373276148,0.6811378497018367,0.6700096886529675,0.017708252544174886,0.008536077828871232,0.005895616458369796,0.008536077828915035,0.017708252544233544,0.0,0.0,0.0,0.0,0.0,off,off,off,off,off
53.399999999997824,0.26699999999998913,7.128899999999781,-17.990119812412416,-15.186793084033411,-14.237637863718476,-15.186793084055523,-17.990119812429157,-21.62724943629709,-21.627249436309256,0.6700454211423164,0.6811865293775374,0.6846168541063392,0.6811865293774623,0.6700454211422513,0.017872889528349492,0.008656276715718236,0.0060000053464445225,0.008656276715762442,0.017872889528408372,0.0,0.0,0.0,0.0,0.0,off,off,off,off,off
53.49999999999782,0.2674999999999891,7.15562499999978,-17.98023020327892,-15.17826162121986,-14.229895704153307,-15.178261621239812,-17.980230203296145,-21.617940440662437,-21.6179404406746,0.6700804393358654,0.6812346237950944,0.68466833034072,0.6812346237950246,0.6700804393357981,0.018038203687920657,0.008777093097175354,0.006104996167122169,0.008777093097219902,0.018038203687979804,0.0,0.0,0.0,0.0,0.0,off,off,off,off,off
53.59999999999781,0.2679999999999891,7.182399999999779,-17.970304794821686,-15.16965838037288,-14.222067989724962,-15.169658380393855,-17.970304794841923,-21.60863070520176,-21.608630705213955,0.6701147440761125,0.681282136153809,0.6847192662136463,0.6812821361537369,0.6701147440760371,0.01820419475889899,0.00889852406026062,0.006210588654530659,0.008898524060305515,0.01820419475895844,0.0,0.0,0.0,0.0,0.0,off,off,off,off,off
53.69999999999781,0.268499999999989,7.209224999999778,-17.960343673608634,-15.160983654423887,-14.214155095952435,-15.16098365444526,-17.960343673629666,-21.59932013241638,-21.599320132428602,0.670148336629647,0.6813290702545277,0.6847696619470116,0.681329070254454,0.670148336629569,0.018370862201553477,0.009020562450631469,0.006316782455819307,0.009020562450676716,0.018370862201613308,0.0,0.0,0.0,0.0,0.0,off,off,off,off,off
53.7999999999978,0.268999999999989,7.236099999999777,-17.950346928115863,-15.152237735722167,-14.206157396028175,-15.152237735748542,-17.95034692813894,-21.590008625333127,-21.59000862534532,0.6701812189585876,0.6813754288489497,0.6848195178001157,0.6813754288488612,0.6701812189585037,0.018538204389063805,0.009143200296796406,0.006423577134301126,0.00914320029684211,0.018538204389124,0.0,0.0,0.0,0.0,0.0,off,off,off,off,off
53.899999999997796,0.26949999999998897,7.263024999999776,-17.9403146477909,-15.143420915397485,-14.19807526083946,-15.1434209154217,-17.94031464781412,-21.58069608750762,-21.58069608751981,0.6702133931726333,0.6814212138233484,0.6848688340691427,0.6814212138232665,0.6702133931725491,0.018706218480257775,0.009266431344358637,0.006530972172750852,0.009266431344404882,0.018706218480318403,0.0,0.0,0.0,0.0,0.0,off,off,off,off,off
53.99999999999779,0.26999999999998897,7.289999999999774,-17.93024692215883,-15.134533483134817,-14.189909055150508,-15.13453348315744,-17.93024692218131,-21.571382423023692,-21.57138242303583,0.6702448611969625,0.6814664264968037,0.6849176125236429,0.6814664264967265,0.6702448611968808,0.018874901249733764,0.009390251270421606,0.0066389663322185925,0.009390251270468247,0.01887490124979475,0.0,0.0,0.0,0.0,0.0,off,off,off,off,off
54.099999999997785,0.2704999999999889,7.317024999999774,-17.920143840536127,-15.125575727037813,-14.181659138320128,-15.125575727062198,-17.920143840562957,-21.56206753649124,-21.562067536503406,0.6702756247068372,0.681511067823164,0.6849658585606262,0.6815110678230812,0.6702756247067421,0.019044249768082815,0.009514657216466531,0.006747553027750816,0.00951465721651353,0.019044249768144166,0.0,0.0,0.0,0.0,0.0,off,off,off,off,off
54.19999999999778,0.2709999999999889,7.344099999999772,-17.910005491903974,-15.116547933593893,-14.1733258703008,-15.116547933615891,-17.910005491928388,-21.55275133304434,-21.552751333056563,0.6703056851564401,0.6815551385237603,0.6850135765523507,0.6815551385236844,0.6703056851563521,0.01921426164590484,0.009639647321259714,0.00685672078517743,0.00963964732130711,0.01921426164596664,0.0,0.0,0.0,0.0,0.0,off,off,off,off,off
54.29999999999777,0.27149999999998886,7.371224999999772,-17.899831964819157,-15.10745038765134,-14.16490960989563,-15.10745038767567,-17.899831964844566,-21.543433718338264,-21.543433718350514,0.6703350438269567,0.6815986391755777,0.685060769175534,0.6815986391754948,0.6703350438268662,0.01938493502954033,0.009765220374531388,0.006966459606725751,0.009765220374579175,0.019384935029602528,0.0,0.0,0.0,0.0,0.0,off,off,off,off,off
54.39999999999777,0.27199999999998886,7.39839999999977,-17.889623347393893,-15.098283372433968,-14.156410714328615,-15.098283372456535,-17.889623347418905,-21.534114598546893,-21.534114598559142,0.6703637018714109,0.6816415702699502,0.6851074380954558,0.6816415702698723,0.6703637018713204,0.019556268509406647,0.00989137557822088,0.00707676269960553,0.009891375578269093,0.019556268509469246,0.0,0.0,0.0,0.0,0.0,off,off,off,off,off
54.49999999999776,0.2724999999999888,7.425624999999769,-17.8793797272547,-15.089047169514572,-14.147829539075701,-15.089047169534695,-17.879379727281076,-21.524793880359823,-21.524793880372044,0.6703916603511669,0.6816839322517299,0.6851535843670019,0.6816839322516595,0.6703916603510734,0.019728261015251932,0.010018112385486055,0.007187625787843132,0.010018112385534617,0.019728261015314944,0.0,0.0,0.0,0.0,0.0,off,off,off,off,off
54.599999999997756,0.2729999999999888,7.452899999999768,-17.869101191523526,-15.079742058817487,-14.139166437785434,-15.079742058834654,-17.86910119155135,-21.51547147097952,-21.5154714709918,0.6704189202638746,0.6817257255451924,0.6851992086719739,0.6817257255451294,0.6704189202637765,0.019900911724411233,0.010145430393117506,0.007299046259126866,0.010145430393166312,0.019900911724474685,0.0,0.0,0.0,0.0,0.0,off,off,off,off,off
54.69999999999775,0.27349999999998875,7.480224999999767,-17.85878782681928,-15.070368318618364,-14.13042176220415,-15.0703683186386,-17.85878782685006,-21.506147278118675,-21.50614727813098,0.6704454825642197,0.6817669505710794,0.6852443114684995,0.6817669505710077,0.6704454825641131,0.02007421998895666,0.010273329270094908,0.007411022547510719,0.010273329270143971,0.02007421998902058,0.0,0.0,0.0,0.0,0.0,off,off,off,off,off
54.799999999997745,0.27399999999998875,7.507599999999766,-17.848439719239764,-15.060926225557182,-14.121595862136644,-15.060926225576964,-17.848439719268725,-21.496821209996853,-21.496821210009216,0.6704713481791843,0.6818076077576578,0.685288893086636,0.6818076077575875,0.6704713481790823,0.020248185280450637,0.010401808710486614,0.007523553725453489,0.010401808710536023,0.02024818528051505,0.0,0.0,0.0,0.0,0.0,off,off,off,off,off
54.89999999999774,0.2744999999999887,7.535024999999765,-17.83805695435339,-15.051416054620745,-14.112689085436728,-15.051416054639333,-17.83805695438224,-21.48749317533799,-21.48749317535035,0.670496518019085,0.6818476975478686,0.6853329537895624,0.6818476975478011,0.670496518018984,0.020422807149056893,0.010530868402710284,0.007636639239772254,0.010530868402760057,0.020422807149121786,0.0,0.0,0.0,0.0,0.0,off,off,off,off,off
54.99999999999773,0.2749999999999887,7.562499999999764,-17.827639617205335,-15.041838079164108,-14.103701777977108,-15.041838079183492,-17.827639617235178,-21.47816308336712,-21.478163083379457,0.6705209929854816,0.6818872204036884,0.6853764938126515,0.6818872204036194,0.6705209929853772,0.02059808519370832,0.010660508009771407,0.007750278742024716,0.010660508009821495,0.02059808519377363,0.0,0.0,0.0,0.0,0.0,off,off,off,off,off
55.09999999999773,0.27549999999998864,7.590024999999763,-17.817187792310136,-15.032192570910581,-14.094634283648816,-15.032192570929567,-17.817187792336767,-21.46883084380758,-21.46883084382003,0.6705447739768458,0.6819261768087778,0.6854195133881033,0.6819261768087094,0.6705447739767505,0.02077401904054935,0.010790727156853672,0.007864471980232652,0.010790727156904142,0.02077401904061511,0.0,0.0,0.0,0.0,0.0,off,off,off,off,off
55.19999999999772,0.27599999999998864,7.6175999999997615,-17.806701563644822,-15.022479799958035,-14.085486944359332,-15.022479799975372,-17.806701563672135,-21.459496366878312,-21.459496366890704,0.6705678618925883,0.681964567269908,0.6854620127603022,0.6819645672698437,0.6705678618924912,0.02095060832747695,0.010921525423818735,0.00797921873034303,0.010921525423869564,0.020950608327543106,0.0,0.0,0.0,0.0,0.0,off,off,off,off,off
55.299999999997716,0.2764999999999886,7.64522499999976,-17.796181014663773,-15.012700034774696,-14.07626010002815,-15.012700034791578,-17.796181014689807,-21.450159563290526,-21.450159563302947,0.6705902576358166,0.6820023923176493,0.6855039921951952,0.6820023923175864,0.6705902576357226,0.021127852693137095,0.011052902340972044,0.008094518753392432,0.011052902341023121,0.02112785269320363,0.0,0.0,0.0,0.0,0.0,off,off,off,off,off
55.39999999999771,0.27699999999998853,7.67289999999976,-17.78562622827917,-15.002853542219896,-14.066954088591672,-15.002853542237006,-17.78562622830688,-21.44082034424514,-21.44082034425756,0.6706119621153294,0.6820396525064657,0.6855454519857744,0.6820396525064019,0.6706119621152302,0.021305751769160334,0.011184857386989195,0.00821037176926688,0.011184857387040588,0.021305751769227256,0.0,0.0,0.0,0.0,0.0,off,off,off,off,off
55.499999999997705,0.27749999999998853,7.700624999999758,-17.775037286879012,-14.992940587546912,-14.057569245998991,-14.992940587564476,-17.775037286909026,-21.431478621429704,-21.43147862144218,0.670632976246876,0.6820763484145299,0.6855863924551224,0.6820763484144646,0.6706329762467705,0.02148430517474301,0.011317389988260507,0.008326777441150892,0.01131738998831225,0.02148430517481042,0.0,0.0,0.0,0.0,0.0,off,off,off,off,off
55.5999999999977,0.2779999999999885,7.728399999999757,-17.76441427232126,-14.982961434404501,-14.048105906228443,-14.982961434422634,-17.764414272350564,-21.422134307015654,-21.42213430702816,0.6706533009540389,0.6821124806433307,0.6856268139578126,0.6821124806432634,0.6706533009539352,0.02166351251292291,0.011450499519154033,0.008443735366836276,0.011450499519206058,0.021663512512990764,0.0,0.0,0.0,0.0,0.0,off,off,off,off,off
55.699999999997694,0.2784999999999885,7.7562249999997555,-17.753757265933473,-14.97291634484094,-14.038564401283566,-14.972916344861005,-17.753757265960758,-21.41278731365523,-21.41278731366782,0.6706729371687693,0.6821480498171462,0.6856667168803717,0.6821480498170743,0.6706729371686714,0.02184337336807552,0.011584185302863174,0.008561245074409233,0.011584185302915622,0.021843373368143817,0.0,0.0,0.0,0.0,0.0,off,off,off,off,off
55.79999999999769,0.2789999999999884,7.784099999999755,-17.743066348510638,-14.96280557931891,-14.028945061202364,-14.962805579340227,-17.74306634853849,-21.403437554478984,-21.403437554491603,0.6706918858317034,0.6821830565824122,0.685706101641085,0.6821830565823359,0.6706918858316034,0.022023887304287285,0.011718446612615976,0.00867930602070931,0.011718446612668867,0.022023887304355994,0.0,0.0,0.0,0.0,0.0,off,off,off,off,off
55.89999999999768,0.2794999999999884,7.812024999999753,-17.732341600328965,-14.952629396724603,-14.01924821405828,-14.952629396747113,-17.732341600355937,-21.39408494309245,-21.394084943105128,0.6707101478922682,0.6822175016070605,0.6857449686894402,0.682217501606981,0.6707101478921705,0.022205053864356363,0.011853282673095891,0.00879791759152098,0.011853282673149248,0.02220505386442552,0.0,0.0,0.0,0.0,0.0,off,off,off,off,off
55.99999999999768,0.27999999999998837,7.839999999999753,-17.72158310113474,-14.942388054363335,-14.009474185973431,-14.942388054387152,-17.721583101161485,-21.38472939357365,-21.384729393586326,0.6707277243087412,0.6822513855798906,0.6857833185053162,0.682251385579807,0.6707277243086444,0.022386872569241108,0.01198869266197646,0.008917079102827649,0.01198869266203029,0.022386872569310677,0.0,0.0,0.0,0.0,0.0,off,off,off,off,off
56.09999999999767,0.28049999999998837,7.868024999999751,-17.710790930155383,-14.932081807973532,-13.999623301118447,-14.932081807996894,-17.710790930184032,-21.375370820470152,-21.37537082048283,0.6707446160481649,0.6822847092098815,0.6858211515980827,0.6822847092097993,0.6707446160480623,0.022569342917824992,0.012124675711503404,0.009036789802695547,0.012124675711557712,0.02256934291789498,0.0,0.0,0.0,0.0,0.0,off,off,off,off,off
56.199999999997665,0.2809999999999883,7.89609999999975,-17.69996516610061,-14.921710911735829,-13.989695881729006,-14.921710911760954,-17.699965166125878,-21.366009138796272,-21.366009138808977,0.6707608240862378,0.6823174732255317,0.6858584685055947,0.6823174732254446,0.6707608240861445,0.022752464386904384,0.01226123091008303,0.00915704887351052,0.012261230910137802,0.02275246438697479,0.0,0.0,0.0,0.0,0.0,off,off,off,off,off
56.29999999999766,0.2814999999999883,7.9242249999997485,-17.689105887153204,-14.911275618276363,-13.979692248100378,-14.911275618299953,-17.689105887176396,-21.356644264030308,-21.356644264043013,0.6707763494071908,0.68234967837423,0.6858952697932275,0.6823496783741471,0.6707763494071033,0.02293623643133073,0.012398357303848433,0.009277855434390686,0.012398357303903646,0.0229362364314015,0.0,0.0,0.0,0.0,0.0,off,off,off,off,off
56.399999999997654,0.28199999999998826,7.952399999999748,-17.678213170983128,-14.900776178496187,-13.969612718609767,-14.900776178519948,-17.678213171007883,-21.347276112111672,-21.34727611212449,0.6707911930035811,0.6823813254273274,0.6859315560528428,0.6823813254272437,0.6707911930034891,0.02312065848425801,0.01253605389712353,0.009399208543663056,0.012536053897179189,0.02312065848432912,0.0,0.0,0.0,0.0,0.0,off,off,off,off,off
56.49999999999765,0.28249999999998826,7.980624999999746,-17.667287094712464,-14.890212837373952,-13.959457609640367,-14.89021283739794,-17.66728709473668,-21.33790459943819,-21.337904599451093,0.6708053558761978,0.6824124157107687,0.6859673279020405,0.6824124157106847,0.6708053558761075,0.023305729957460868,0.01267431939417687,0.009521107201333704,0.012674319394232981,0.023305729957532353,0.0,0.0,0.0,0.0,0.0,off,off,off,off,off
56.59999999999764,0.2829999999999882,8.008899999999743,-17.656327734869137,-14.879585837507591,-13.949227235498597,-14.879585837532147,-17.656327734893637,-21.328529642863145,-21.328529642876134,0.6708188390340003,0.6824429520180939,0.6860025859834684,0.6824429520180079,0.6708188390339082,0.023491450241696687,0.01281315054693544,0.009643550351507888,0.012813150546992011,0.023491450241768557,0.0,0.0,0.0,0.0,0.0,off,off,off,off,off
56.69999999999764,0.2834999999999882,8.037224999999742,-17.645335167423212,-14.868895422444211,-13.938921907524502,-14.868895422469336,-17.645335167445296,-21.319151159692268,-21.319151159705342,0.6708316434938141,0.6824729373143958,0.6860373310934196,0.6824729373143077,0.670831643493729,0.023677818707094768,0.01295254166575984,0.00976653684797282,0.012952541665816891,0.023677818707166974,0.0,0.0,0.0,0.0,0.0,off,off,off,off,off
56.79999999999763,0.28399999999998815,8.06559999999974,-17.63430946780565,-14.858141835036292,-13.928541930009033,-14.85814183505829,-17.634309467830263,-21.309769067681003,-21.30976906769405,0.6708437702800838,0.6825023739930806,0.686071565802314,0.6825023739930016,0.6708437702799915,0.023864834703559785,0.013092486714896467,0.009890064208225316,0.01309248671495395,0.023864834703632324,0.0,0.0,0.0,0.0,0.0,off,off,off,off,off
56.899999999997625,0.28449999999998815,8.09402499999974,-17.623250710929966,-14.847325317003708,-13.91808760699928,-14.847325317025366,-17.62325071095441,-21.300383285031614,-21.30038328504466,0.6708552204246131,0.6825312639203803,0.6861052939992022,0.6825312639203018,0.6708552204245213,0.0240524975611804,0.013232980659240593,0.010014126043940736,0.013232980659298439,0.024052497561253383,0.0,0.0,0.0,0.0,0.0,off,off,off,off,off
56.99999999999762,0.2849999999999881,8.122499999999738,-17.612158971187995,-14.836446108843859,-13.907559242304785,-14.836446108862447,-17.612158971208004,-21.290993730390596,-21.2909937304037,0.6708659949663821,0.6825596085826799,0.6861385187461356,0.6825596085826106,0.6708659949663028,0.024240806590637105,0.013374019645959764,0.010138714222247283,0.013374019646017933,0.02424080659071038,0.0,0.0,0.0,0.0,0.0,off,off,off,off,off
57.099999999997614,0.2854999999999881,8.151024999999736,-17.60103432245438,-14.825504449747768,-13.896957138496589,-14.825504449767266,-17.601034322473254,-21.28160032284589,-21.28160032285905,0.670876094951346,0.6825874092067488,0.686171242228798,0.682587409206676,0.6708760949512698,0.024429761083603452,0.013515600779144644,0.010263821845381913,0.013515600779203121,0.024429761083676955,0.0,0.0,0.0,0.0,0.0,off,off,off,off,off
57.19999999999761,0.28599999999998804,8.179599999999736,-17.589876838100878,-14.814500577582692,-13.88628159668832,-14.814500577601564,-17.589876838121796,-21.272202981924266,-21.272202981937454,0.6708855214322093,0.6826146668460215,0.6862034660470647,0.6826146668459504,0.6708855214321268,0.02461936031313972,0.01365772185146091,0.010389443841075973,0.013657721851519703,0.02461936031321347,0.0,0.0,0.0,0.0,0.0,off,off,off,off,off
57.2999999999976,0.28649999999998804,8.208224999999734,-17.578686590997194,-14.803434728864545,-13.875532916429108,-14.803434728884099,-17.578686591018283,-21.262801627588573,-21.262801627601704,0.670894275468244,0.682641382440911,0.6862351914223388,0.6826413824408378,0.6708942754681608,0.02480960353407552,0.013800381126731265,0.010515576597358958,0.013800381126790419,0.024809603534149627,0.0,0.0,0.0,0.0,0.0,off,off,off,off,off
57.3999999999976,0.286999999999988,8.236899999999734,-17.56746365351364,-14.79230713874722,-13.864711395656343,-14.792307138763022,-17.567463653536407,-21.253396180234887,-21.25339618024799,0.6709023581251092,0.682667556860496,0.6862664193336858,0.6826675568604333,0.6709023581250216,0.02500048998338095,0.013943577181175008,0.010642217512988529,0.013943577181234528,0.025000489983455408,0.0,0.0,0.0,0.0,0.0,off,off,off,off,off
57.49999999999759,0.287499999999988,8.265624999999732,-17.556208097031345,-14.781118041000468,-13.853817330659808,-14.781118041016441,-17.556208097054622,-21.243986560689763,-21.243986560702922,0.6709097704669741,0.682693190931248,0.6862971506080332,0.6826931909311847,0.6709097704668847,0.02519201888009985,0.014087308791708872,0.01076936465156707,0.01408730879176863,0.025192018880174746,0.0,0.0,0.0,0.0,0.0,off,off,off,off,off
57.599999999997586,0.28799999999998793,8.294399999999731,-17.54491998783226,-14.76986766798666,-13.842851016055874,-14.769867668000643,-17.54491998785602,-21.2345726901992,-21.234572690212303,0.6709165136596454,0.682718285456727,0.6863273859802205,0.6827182854566687,0.6709165136595548,0.025384189376013343,0.014231574858569396,0.010897016500976162,0.014231574858629375,0.025384189376088658,0.0,0.0,0.0,0.0,0.0,off,off,off,off,off
57.69999999999758,0.28849999999998793,8.323224999999729,-17.53359939233215,-14.758556250607853,-13.831812744765841,-14.758556250622462,-17.533599392352585,-21.225154490419726,-21.22515449043283,0.6709225893291985,0.682742841231107,0.6863571261329754,0.6827428412310472,0.6709225893291173,0.025577000190919883,0.014376374352153014,0.011025171810862211,0.014376374352213207,0.02557700019099558,0.0,0.0,0.0,0.0,0.0,off,off,off,off,off
57.799999999997574,0.2889999999999879,8.352099999999728,-17.522246378527313,-14.747184018357473,-13.820702808025601,-14.747184018369467,-17.522246378552637,-21.215731883422677,-21.215731883435808,0.670927999396449,0.6827668590480908,0.6863863717233524,0.6827668590480377,0.6709279993963536,0.025770449201877814,0.014521706276728889,0.0111538294840057,0.014521706276789297,0.02577044920195386,0.0,0.0,0.0,0.0,0.0,off,off,off,off,off
57.89999999999757,0.2894999999999878,8.381024999999726,-17.510861014775912,-14.735751199326444,-13.80952149536779,-14.735751199338438,-17.510861014801947,-21.206304791694862,-21.206304791707964,0.6709327457899454,0.6827903397069556,0.6864151234002293,0.6827903397069022,0.670932745789848,0.025964533681104445,0.014667569645846536,0.01128298850416522,0.01466756964590712,0.02596453368118103,0.0,0.0,0.0,0.0,0.0,off,off,off,off,off
57.99999999999756,0.2899999999999878,8.409999999999725,-17.499443369409306,-14.724258020232128,-13.798269094628154,-14.724258020244918,-17.49944336943372,-21.196873138137306,-21.19687313815041,0.670936830307652,0.6828132840164819,0.6864433818156874,0.6828132840164268,0.6709368303075588,0.026159250809770027,0.014813963465827138,0.011412647888461788,0.014813963465887953,0.02615925080984707,0.0,0.0,0.0,0.0,0.0,off,off,off,off,off
58.09999999999756,0.29049999999998777,8.439024999999724,-17.487993510583863,-14.71270470641025,-13.786945891943219,-14.71270470642321,-17.487993510606657,-21.187436846063974,-21.187436846077134,0.6709402545899837,0.6828356927975634,0.6864711476323614,0.6828356927975074,0.670940254589895,0.026354598005032155,0.014960886724831826,0.011542806656234906,0.014960886724892885,0.02635459800510955,0.0,0.0,0.0,0.0,0.0,off,off,off,off,off
58.19999999999755,0.29099999999998777,8.468099999999723,-17.476511506191827,-14.701091481834169,-13.775552171758306,-14.701091481845822,-17.476511506213257,-21.17799583919998,-21.177995839213196,0.6709430201353075,0.6828575668847663,0.6864984215280466,0.6828575668847141,0.6709430201352223,0.0265505730305246,0.015108338385769754,0.011673463808937247,0.015108338385831078,0.026550573030602372,0.0,0.0,0.0,0.0,0.0,off,off,off,off,off
58.299999999997546,0.2914999999999877,8.497224999999721,-17.46499742380871,-14.689418569117834,-13.76408821681622,-14.689418569127099,-17.46499742382764,-21.16855004167931,-21.168550041692612,0.670945128326751,0.6828789071272693,0.6865252041985541,0.682878907127224,0.6709451283266721,0.02674717398888802,0.015256317381844055,0.011804618317412996,0.015256317381905582,0.026747173988966085,0.0,0.0,0.0,0.0,0.0,off,off,off,off,off
58.39999999999754,0.2919999999999877,8.52639999999972,-17.453451330657998,-14.677686189521637,-13.75255430819061,-14.67768618952914,-17.453451330678178,-21.159099378043095,-21.159099378056368,0.6709465804588284,0.6828997143893375,0.6865514963592361,0.6828997143892969,0.6709465804587467,0.026944399269271963,0.015404822613904091,0.011936269114104036,0.015404822613965773,0.026944399269350272,0.0,0.0,0.0,0.0,0.0,off,off,off,off,off
58.499999999997534,0.29249999999998766,8.55562499999972,-17.44187329359724,-14.665894562962592,-13.740950725271034,-14.6658945629664,-17.44187329361759,-21.149643773236875,-21.149643773250205,0.6709473777601598,0.6829199895504816,0.6865772987458498,0.6829199895504516,0.6709473777600773,0.027142247485827376,0.015553852949028122,0.012068415088534165,0.01555385294908985,0.027142247485906035,0.0,0.0,0.0,0.0,0.0,off,off,off,off,off
58.59999999999753,0.29299999999998766,8.584899999999719,-17.43026337909768,-14.654043908011715,-13.729277745763511,-14.65404390801865,-17.43026337912218,-21.140183152608813,-21.14018315262217,0.6709475214116579,0.6829397335054437,0.6866026121148587,0.6829397335054042,0.6709475214115638,0.02734071742165014,0.015703407219939545,0.012201055084962194,0.015703407220001374,0.027340717421729263,0.0,0.0,0.0,0.0,0.0,off,off,off,off,off
58.69999999999752,0.2934999999999876,8.614224999999717,-17.41862165324099,-14.64213444192211,-13.717535645718215,-14.64213444192967,-17.418621653263017,-21.130717441907194,-21.130717441920638,0.6709470125605386,0.6829589471639614,0.6866274372433107,0.68295894716392,0.670947012560451,0.02753980798251285,0.015853484224982693,0.012334187901461109,0.01585348422504476,0.027539807982592382,0.0,0.0,0.0,0.0,0.0,off,off,off,off,off
58.79999999999752,0.2939999999999876,8.643599999999715,-17.406948181699022,-14.630166380609523,-13.705724699515883,-14.630166380618732,-17.4069481817192,-21.121246567278405,-21.121246567291934,0.6709458523309588,0.6829776314505797,0.686651774928625,0.6829776314505339,0.6709458523308762,0.02773951816052065,0.01600408272846834,0.012467812289925087,0.01600408272853059,0.02773951816060058,0.0,0.0,0.0,0.0,0.0,off,off,off,off,off
58.89999999999751,0.29449999999998755,8.673024999999715,-17.39524302974266,-14.618139938677075,-13.693845179889308,-14.618139938687364,-17.395243029762923,-21.111770455264548,-21.111770455278133,0.6709440418318939,0.6829957873042832,0.6866756259881358,0.6829957873042339,0.6709440418318108,0.027939847006349054,0.016155201461258765,0.012601926956669951,0.016155201461321333,0.02793984700642929,0.0,0.0,0.0,0.0,0.0,off,off,off,off,off
58.999999999997506,0.29499999999998755,8.702499999999713,-17.38350626223135,-14.606055329415426,-13.681897357926232,-14.606055329424464,-17.38350626225332,-21.102289032800996,-21.102289032814497,0.6709415821629992,0.6830134156781621,0.6866989912586183,0.6830134156781164,0.6709415821629113,0.02814079360839706,0.016306839121504175,0.012736530563404782,0.016306839121566948,0.028140793608477654,0.0,0.0,0.0,0.0,0.0,off,off,off,off,off
59.0999999999975,0.2954999999999875,8.732024999999712,-17.37173794361462,-14.593912764805907,-13.669881503065653,-14.593912764815286,-17.371737943638067,-21.092802227214236,-21.09280222722782,0.6709384744188911,0.6830305175390584,0.6867218715957745,0.6830305175390115,0.6709384744187988,0.028342357077312783,0.016458994375467054,0.012871621728425405,0.01645899437553008,0.028342357077393843,0.0,0.0,0.0,0.0,0.0,off,off,off,off,off
59.199999999997495,0.2959999999999875,8.76159999999971,-17.359938137930328,-14.581712455534102,-13.657797883120509,-14.58171245554621,-17.35993813795139,-21.083309966219645,-21.083309966233287,0.6709347196922685,0.683047093867173,0.6867442678736427,0.6830470938671187,0.6709347196921829,0.028544536534606,0.016611665858395675,0.013007199027931975,0.016611665858458937,0.028544536534687484,0.0,0.0,0.0,0.0,0.0,off,off,off,off,off
59.29999999999749,0.29649999999998744,8.79122499999971,-17.348106908797945,-14.569454610994512,-13.645646764282333,-14.569454611006961,-17.34810690881676,-21.07381217791928,-21.07381217793295,0.6709303190761859,0.6830631456557013,0.6867661809840366,0.6830631456556456,0.6709303190761068,0.028747331104330753,0.01676485217541567,0.013143260997405209,0.01676485217547923,0.02874733110441259,0.0,0.0,0.0,0.0,0.0,off,off,off,off,off
59.39999999999748,0.29699999999998744,8.820899999999709,-17.336244319426697,-14.55713943929618,-13.633428411117166,-14.557139439303228,-17.336244319446052,-21.064308790799146,-21.064308790812902,0.6709252736656459,0.6830786739104674,0.6867876118360257,0.6830786739104269,0.670925273665564,0.028950739907056804,0.016918551902423196,0.013279806132998707,0.016918551902486936,0.028950739907138933,0.0,0.0,0.0,0.0,0.0,off,off,off,off,off
59.49999999999748,0.2974999999999874,8.850624999999708,-17.324350432610203,-14.544767147255698,-13.621143086590735,-14.544767147264793,-17.324350432629387,-21.05479973372769,-21.054799733741447,0.6709195845587531,0.6830936796496058,0.6868085613553392,0.6830936796495596,0.6709195845586716,0.0291547620555377,0.017072763586965314,0.013416832892919726,0.017072763587029145,0.0291547620556202,0.0,0.0,0.0,0.0,0.0,off,off,off,off,off
59.59999999999747,0.2979999999999874,8.880399999999705,-17.31242531073366,-14.532337940432797,-13.608791052061406,-14.532337940440527,-17.312425310755373,-21.045284935952907,-21.045284935966635,0.6709132528574916,0.6831081639031327,0.686829030483877,0.6831081639030906,0.6709132528574037,0.02935939665163249,0.01722748574910076,0.01355433969878191,0.01722748574916477,0.02935939665171535,0.0,0.0,0.0,0.0,0.0,off,off,off,off,off
59.699999999997466,0.29849999999998733,8.910224999999704,-17.300469015769607,-14.519852023113572,-13.596372567289507,-14.519852023122041,-17.300469015790128,-21.03576432710034,-21.03576432711418,0.670906279668275,0.6831221277126761,0.6868490201791967,0.6831221277126314,0.6709062796681904,0.029564642784150243,0.01738271688223593,0.013692324936917976,0.01738271688230012,0.02956464278423355,0.0,0.0,0.0,0.0,0.0,off,off,off,off,off
59.79999999999746,0.29899999999998733,8.940099999999703,-17.28848160927916,-14.507309598324696,-13.58388789045847,-14.507309598332824,-17.28848160929641,-21.026237837170953,-21.026237837184766,0.6708986661022951,0.6831355721311263,0.6868685314139812,0.6831355721310827,0.6708986661022194,0.02977049952737283,0.017538455453932567,0.013830786959647153,0.017538455453996914,0.029770499527456456,0.0,0.0,0.0,0.0,0.0,off,off,off,off,off
59.899999999997455,0.2994999999999873,8.970024999999701,-17.27646315240702,-14.49471086784348,-13.571337278171313,-14.494710867849847,-17.27646315242731,-21.01670539653861,-21.016705396552453,0.6708904132757527,0.6831484982223194,0.6868875651755971,0.6831484982222809,0.670890413275668,0.029976965940073482,0.017694699906685617,0.013969724086494075,0.01769469990675013,0.02997696594015739,0.0,0.0,0.0,0.0,0.0,off,off,off,off,off
59.99999999999745,0.2999999999999873,8.9999999999997,-17.26441370590271,-14.482056032193725,-13.558720985456944,-14.482056032197761,-17.264413705922323,-21.007166935948163,-21.007166935962005,0.6708815223099176,0.6831609070607623,0.6869061224656462,0.6831609070607297,0.6708815223098348,0.030184041064898318,0.017851448658671523,0.014109134605357287,0.017851448658736124,0.030184041064982653,0.0,0.0,0.0,0.0,0.0,off,off,off,off,off
60.09999999999745,0.3,9.029999999998937,-17.252370121472296,-14.469381857614735,-13.546075677332055,-14.469381857619794,-17.252370121493726,-20.99762243465932,-20.997622434673133,0.6710385802733698,0.6833379843191263,0.687089251071413,0.6833379843190907,0.6710385802732817,0.030391710200216956,0.01800868859033394,0.014249005993291892,0.018008688590398607,0.03039171020030166,0.0,0.0,0.0,0.0,0.0,off,off,off,off,off
60.199999999997445,0.3,9.059999999998938,-17.240368381605805,-14.456725083547951,-13.533438000445358,-14.456725083552215,-17.24036838162911,-20.988072005425806,-20.988072005439648,0.6711940199308595,0.6835135616054397,0.6872709211635589,0.6835135616054064,0.6711940199307662,0.03059992403953133,0.018166377582010854,0.014389298537847135,0.018166377582075607,0.03059992403961653,0.0,0.0,0.0,0.0,0.0,off,off,off,off,off
60.29999999999744,0.3,9.08999999999894,-17.228407259745552,-14.444085856863978,-13.520808181507107,-14.444085856868355,-17.22840725976627,-20.978515779860174,-20.978515779874044,0.6713478697048965,0.6836876621811511,0.6874511556874833,0.6836876621811175,0.6713478697048103,0.03080863674171084,0.018324476037850118,0.014529974336704889,0.018324476037914927,0.030808636741796486,0.0,0.0,0.0,0.0,0.0,off,off,off,off,off
60.39999999999743,0.3,9.11999999999894,-17.2164855738485,-14.431464310240813,-13.508186448173888,-14.43146431024428,-17.2164855738707,-20.968953885853978,-20.96895388586782,0.6715001550905166,0.6838603076609665,0.6876299760091248,0.6838603076609359,0.6715001550904258,0.031017811798204512,0.018482950734112467,0.014671000582253051,0.01848295073417738,0.031017811798290565,0.0,0.0,0.0,0.0,0.0,off,off,off,off,off
60.49999999999743,0.3,9.149999999998942,-17.204602183777325,-14.418860561144811,-13.495573026494014,-14.41886056114447,-17.204602183799977,-20.959386447707914,-20.959386447721783,0.6716508994056791,0.6840315179023367,0.6878074014981821,0.6840315179023163,0.6716508994055876,0.031227419705887056,0.01864177319918399,0.014812348973626174,0.01864177319924888,0.03122741970597354,0.0,0.0,0.0,0.0,0.0,off,off,off,off,off
60.59999999999742,0.3,9.179999999998943,-17.192755989390292,-14.406274711897709,-13.482968139718821,-14.40627471189839,-17.19275598941502,-20.94981358625597,-20.94981358626987,0.6718001242910744,0.6842013111778434,0.6879834498357049,0.6842013111778201,0.6718001242909767,0.03143743610688457,0.01880091927938761,0.01495399576912001,0.018800919279452443,0.03143743610697155,0.0,0.0,0.0,0.0,0.0,off,off,off,off,off
60.69999999999742,0.3,9.209999999998944,-17.18094592884242,-14.393706850269893,-13.470372007666867,-14.393706850269496,-17.180945928867317,-20.94023541898352,-20.940235418997446,0.671947850066631,0.6843697044938519,0.688158137417964,0.6843697044938317,0.6719478500665325,0.03164784046698817,0.01896036858471177,0.01509592113520582,0.01896036858477659,0.0316478404670757,0.0,0.0,0.0,0.0,0.0,off,off,off,off,off
60.79999999999741,0.3,9.239999999998945,-17.169170976997606,-14.381157050165314,-13.457784846286472,-14.38115705016429,-17.169170977020997,-20.930652060141085,-20.93065206015504,0.67209409599169,0.6845367138726052,0.6883314796687162,0.6845367138725865,0.672094095991595,0.031858615134926487,0.019120103759039206,0.015238108268670265,0.01912010375910398,0.03185861513501449,0.0,0.0,0.0,0.0,0.0,off,off,off,off,off
60.899999999997405,0.3,9.269999999998946,-17.15743014395443,-14.36862537236317,-13.445206867294416,-14.368625372361862,-17.157430143979155,-20.921063620853488,-20.921063620867557,0.6722388804572765,0.6847023545687013,0.6885034912631105,0.6847023545686836,0.6722388804571782,0.03206974466345307,0.01928010979662824,0.01538054263825912,0.01928010979669296,0.032069744663541476,0.0,0.0,0.0,0.0,0.0,off,off,off,off,off
60.9999999999974,0.3,9.299999999998947,-17.145722473650324,-14.356111865251762,-13.43263827790787,-14.356111865253979,-17.145722473670844,-20.911470209224632,-20.911470209238786,0.6723822211296403,0.6848666412287266,0.6886741862861272,0.6848666412286989,0.6723822211295534,0.03228121531349986,0.01944037349147557,0.015523211412651991,0.019440373491540312,0.03228121531358872,0.0,0.0,0.0,0.0,0.0,off,off,off,off,off
61.099999999997394,0.3,9.329999999998948,-17.13404704255413,-14.343616565547904,-13.420079280611446,-14.343616565549496,-17.13404704257306,-20.901871930438205,-20.901871930452387,0.6725241350583002,0.685029588007438,0.6888435783448661,0.6850295880074121,0.672524135058218,0.032493014688658305,0.019600883020920477,0.01566610304830031,0.01960088302098534,0.03249301468874749,0.0,0.0,0.0,0.0,0.0,off,off,off,off,off
61.19999999999739,0.3,9.35999999999895,-17.122402958417013,-14.33113949897404,-13.407530072955012,-14.331139498977223,-17.12240295843594,-20.892268886854538,-20.892268886868834,0.6726646387581485,0.6851912086521402,0.6890116806486095,0.6851912086521098,0.6726646387580664,0.03270513146369856,0.019761627638873496,0.015809206996555913,0.01976162763893845,0.03270513146378803,0.0,0.0,0.0,0.0,0.0,off,off,off,off,off
61.29999999999738,0.3,9.38999999999895,-17.110789359084038,-14.318680680935131,-13.39499084741459,-14.318680680941611,-17.110789359106718,-20.882661178104,-20.882661178118298,0.6728037482724091,0.6853515165640294,0.6891785060663421,0.6853515165639896,0.6728037482723156,0.032917555181581744,0.0199225974518743,0.015952513495798144,0.019922597451939444,0.03291755518167155,0.0,0.0,0.0,0.0,0.0,off,off,off,off,off
61.39999999999738,0.3,9.419999999998952,-17.099205411375465,-14.306240117146501,-13.382461791256105,-14.306240117152527,-17.099205411394053,-20.87304890117676,-20.873048901191055,0.6729414792213907,0.6855105248431524,0.6893440671686918,0.6855105248431139,0.6729414792213082,0.03313027610068359,0.02008378325572129,0.01609601342314861,0.02008378325578667,0.033130276100773785,0.0,0.0,0.0,0.0,0.0,off,off,off,off,off
61.49999999999737,0.3,9.449999999998953,-17.087650309982507,-14.293817804241314,-13.369943086434546,-14.293817804248135,-17.087650310001322,-20.86343215050914,-20.863432150523522,0.6730778468408285,0.6856682463216134,0.6895083762589359,0.6856682463215725,0.6730778468407456,0.03334328507899781,0.02024517641577035,0.016239698187740105,0.02024517641583588,0.03334328507908828,0.0,0.0,0.0,0.0,0.0,off,off,off,off,off
61.599999999997365,0.3,9.479999999998954,-17.076123276453075,-14.281413730336396,-13.357434909501308,-14.281413730344752,-17.076123276468593,-20.85381101806712,-20.85381101808153,0.6732128660122607,0.6858246935884379,0.6896714453964014,0.6858246935883926,0.673212866012187,0.03355657348567061,0.020406768778533854,0.016383559652942276,0.020406768778599607,0.033556573485761375,0.0,0.0,0.0,0.0,0.0,off,off,off,off,off
61.69999999999736,0.3,9.509999999998955,-17.064623558193148,-14.26902787558447,-13.34493743156304,-14.269027875589586,-17.064623558204914,-20.844185593426545,-20.84418559344087,0.6733465512876194,0.6859798790084214,0.6898332864144116,0.6859798790083858,0.6733465512875566,0.03377013313279761,0.02056855260567798,0.016527590078795378,0.020568552605743893,0.033770133132888534,0.0,0.0,0.0,0.0,0.0,off,off,off,off,off
61.799999999997354,0.3,9.539999999998956,-17.053150427511923,-14.256660212678753,-13.332450818217637,-14.256660212685006,-17.053150427521246,-20.83455596385008,-20.834555963864346,0.6734789169094085,0.6861338147367546,0.689993910934557,0.6861338147367151,0.673478916909352,0.03398395622228343,0.020730520524058188,0.016671782078586928,0.020730520524124253,0.03398395622237439,0.0,0.0,0.0,0.0,0.0,off,off,off,off,off
61.89999999999735,0.3,9.569999999998958,-17.04170318072562,-14.244310707352497,-13.319975229524175,-14.244310707357272,-17.041703180736704,-20.824922214362118,-20.824922214376414,0.6736099768274962,0.6862865127305131,0.6901533303782131,0.6862865127304775,0.6736099768274346,0.034198035303934324,0.020892665487265826,0.016816128585368437,0.020892665487332027,0.03419803530402537,0.0,0.0,0.0,0.0,0.0,off,off,off,off,off
61.99999999999734,0.3,9.599999999998959,-17.030281137276006,-14.23197931882845,-13.307510819996935,-14.23197931883368,-17.03028113728942,-20.815284427820558,-20.81528442783494,0.6737397447134416,0.6864379847580107,0.6903115559760996,0.6864379847579741,0.6737397447133728,0.034412363241956664,0.021054980745466235,0.016960622825499844,0.021054980745532484,0.034412363242047925,0.0,0.0,0.0,0.0,0.0,off,off,off,off,off
62.09999999999734,0.3,9.62999999999896,-17.018883638888894,-14.219666000267353,-13.295057738593755,-14.21966600026758,-17.018883638900093,-20.805642684986054,-20.805642685000436,0.673868233972869,0.6865882424064772,0.6904685987764725,0.6865882424064544,0.6738682339728062,0.03462693318777068,0.021217459821240153,0.01710525829720067,0.021217459821306447,0.034626933187862204,0.0,0.0,0.0,0.0,0.0,off,off,off,off,off
62.19999999999733,0.3,9.659999999998961,-17.007510048765255,-14.207370699160379,-13.282616128714722,-14.207370699159469,-17.00751004877685,-20.79599706458862,-20.795997064602943,0.6739954577563482,0.6867372970886597,0.6906244696522895,0.6867372970886405,0.673995457756285,0.03484173855759318,0.021380096489800965,0.01725002875270466,0.02138009648986713,0.034841738557684916,0.0,0.0,0.0,0.0,0.0,off,off,off,off,off
62.299999999997326,0.3,9.689999999998962,-16.996159750819345,-14.195093357737733,-13.270186128242983,-14.195093357738585,-16.996159750836966,-20.786347643392048,-20.7863476434064,0.6741214289690656,0.6868851600484548,0.6907791793074971,0.6868851600484304,0.6741214289689849,0.03505677301364382,0.02154288476242855,0.017394928183040958,0.02154288476249469,0.035056773013735894,0.0,0.0,0.0,0.0,0.0,off,off,off,off,off
62.39999999999732,0.3,9.719999999998963,-16.984832148924966,-14.182833913331308,-13.257767869546683,-14.182833913330853,-16.98483214894486,-20.776694496256198,-20.77669449627055,0.6742461602796262,0.6870318423659642,0.6909327382828558,0.6870318423659431,0.6742461602795391,0.03527203044812488,0.0217058188722948,0.01753995080476097,0.021705818872360904,0.03527203044821746,0.0,0.0,0.0,0.0,0.0,off,off,off,off,off
62.499999999997314,0.3,9.749999999998964,-16.973526666210034,-14.170592298710858,-13.245361479524092,-14.17059229871063,-16.973526666229247,-20.767037696196667,-20.767037696211048,0.6743696641280712,0.6871773549620849,0.691085156961197,0.6871773549620633,0.6743696641279863,0.03548750496934175,0.021868893262089354,0.01768509104813343,0.021868893262155478,0.03548750496943485,0.0,0.0,0.0,0.0,0.0,off,off,off,off,off
62.59999999999731,0.3,9.779999999998966,-16.962242744353546,-14.158368442424546,-13.232967079651303,-14.15836844242358,-16.962242744370883,-20.75737731444272,-20.75737731445716,0.6744919527333553,0.6873217086026582,0.6912364455723123,0.6873217086026386,0.6744919527332749,0.03570319088949467,0.0220321025730236,0.0178303435464737,0.02203210257308966,0.03570319088958815,0.0,0.0,0.0,0.0,0.0,off,off,off,off,off
62.6999999999973,0.3,9.809999999998967,-16.950979842940285,-14.146162269093224,-13.220584786027644,-14.146162269091633,-16.950979842957963,-20.747713420492943,-20.747713420507495,0.6746130381002401,0.6874649139024043,0.6913866141975535,0.6874649139023867,0.674613038100159,0.03591908271378914,0.022195441634908303,0.017975703126369084,0.022195441634974354,0.035919082713882944,0.0,0.0,0.0,0.0,0.0,off,off,off,off,off
62.7999999999973,0.3,9.839999999998968,-16.939737438819975,-14.133973699711703,-13.208214709425874,-14.133973699714659,-16.93973743883646,-20.73804608216915,-20.7380460821837,0.6747329320258273,0.6876069813285536,0.6915356727741734,0.687606981328523,0.6747329320257494,0.03613517513060331,0.022358905457085628,0.018121164798631895,0.022358905457151714,0.036135175130697465,0.0,0.0,0.0,0.0,0.0,off,off,off,off,off
62.89999999999729,0.3,9.869999999998969,-16.92851502549462,-14.12180265193075,-13.19585695537296,-14.121802651932,-16.928515025510933,-20.728375365668057,-20.72837536568261,0.6748516461057188,0.6877479212042895,0.6916836310993618,0.6877479212042636,0.6748516461056414,0.03635146300251345,0.02252248922005601,0.018266723749858153,0.022522489220122212,0.03635146300260792,0.0,0.0,0.0,0.0,0.0,off,off,off,off,off
62.999999999997286,0.3,9.89999999999897,-16.917312112531363,-14.10964904029305,-13.183511624193045,-14.109649040295494,-16.9173121125487,-20.718701335611485,-20.718701335626037,0.674969191739859,0.6878877437121197,0.6918304988341982,0.6878877437120907,0.6749691917397787,0.036567941358027906,0.02268618826768195,0.01841237533450358,0.02268618826774822,0.036567941358122684,0.0,0.0,0.0,0.0,0.0,off,off,off,off,off
63.09999999999728,0.3,9.929999999998971,-16.906128225002476,-14.097512776495591,-13.17117881109482,-14.097512776499116,-16.90612822501697,-20.7090240550948,-20.709024055109296,0.6750855801380863,0.6880264588969875,0.6919762855073086,0.6880264588969551,0.6750855801380136,0.036784605383916626,0.0228499980998824,0.01855811506741043,0.022849998099948754,0.03678460538401171,0.0,0.0,0.0,0.0,0.0,off,off,off,off,off
63.199999999997274,0.3,9.959999999998972,-16.8949629029309,-14.085393769611244,-13.1588586062515,-14.08539376961636,-16.894962902943746,-20.69934358573343,-20.699343585747812,0.6752008223254793,0.6881640766693359,0.6921210005183877,0.6881640766692992,0.6752008223254111,0.03700145041804821,0.023013914365753136,0.01870393861673598,0.02301391436581961,0.037001450418143476,0.0,0.0,0.0,0.0,0.0,off,off,off,off,off
63.29999999999727,0.3,9.989999999998973,-16.88381570077547,-14.073291926311242,-13.146551094856818,-14.073291926315278,-16.883815700791274,-20.689659987707785,-20.68965998772225,0.6753149291474279,0.6883006068080236,0.6922646531416426,0.6883006068079898,0.6753149291473516,0.037218471942667565,0.02317793285706309,0.01884984179724372,0.023177932857129675,0.03721847194276308,0.0,0.0,0.0,0.0,0.0,off,off,off,off,off
63.39999999999726,0.3,10.019999999998975,-16.872686186926217,-14.06120715106556,-13.134256357237234,-14.0612071510688,-16.872686186941223,-20.67997331980726,-20.679973319821755,0.6754279112745181,0.6884360589631641,0.6924072525289428,0.6884360589631324,0.6754279112744435,0.03743566557806191,0.023342049502088673,0.018995820563926846,0.02334204950215536,0.03743566557815776,0.0,0.0,0.0,0.0,0.0,off,off,off,off,off
63.49999999999726,0.3,10.049999999998976,-16.86157394321276,-14.049139346326115,-13.121974468912015,-14.049139346331401,-16.861573943226176,-20.670283639471705,-20.670283639486257,0.6755397792072486,0.6885704426588903,0.6925488077129924,0.6885704426588528,0.6755397792071786,0.03765302707657274,0.02350626035975529,0.019141871005940055,0.023506260359822048,0.03765302707666883,0.0,0.0,0.0,0.0,0.0,off,off,off,off,off
63.59999999999725,0.3,10.079999999998977,-16.85047856444669,-14.03708841272703,-13.109705500699874,-14.037088412733908,-16.850478564458967,-20.660591002832234,-20.660591002846758,0.6756505432805194,0.6887037672959508,0.6926893276102467,0.6887037672959088,0.6756505432804525,0.03787055231692095,0.023670561614061735,0.019287989340817373,0.02367056161412868,0.037870552317017275,0.0,0.0,0.0,0.0,0.0,off,off,off,off,off
63.699999999997246,0.3,10.109999999998978,-16.83939965796168,-14.025054249243283,-13.097449518793496,-14.025054249251184,-16.839399657972876,-20.650895464750192,-20.650895464764744,0.6757602136680081,0.6888360421543107,0.6928288210238115,0.6888360421542659,0.6757602136679444,0.038088237298817905,0.023834949568768235,0.019434171908959907,0.023834949568835403,0.038088237298914404,0.0,0.0,0.0,0.0,0.0,off,off,off,off,off
63.79999999999724,0.3,10.13999999999898,-16.828336843189675,-14.013036753351287,-13.085206584866683,-14.013036753358278,-16.8283368432069,-20.641197078855356,-20.641197078869908,0.6758688003863375,0.6889672763956447,0.6929672966461373,0.6889672763956024,0.6758688003862566,0.03830607813783972,0.0239994206423294,0.019580415168377625,0.023999420642396782,0.03830607813793645,0.0,0.0,0.0,0.0,0.0,off,off,off,off,off
63.899999999997235,0.3,10.16999999999898,-16.817289751245482,-14.001035821171342,-13.072976756149274,-14.00103582118004,-16.817289751262592,-20.631495897582056,-20.631495897596608,0.675976313299109,0.6890974790657772,0.6931047630617027,0.6890974790657306,0.6759763132990283,0.038524071060546346,0.024163971363058423,0.01972671568967069,0.024163971363125945,0.03852407106064346,0.0,0.0,0.0,0.0,0.0,off,off,off,off,off
63.99999999999723,0.3,10.199999999998981,-16.80625802451675,-13.989051347630038,-13.060760085531797,-13.98905134763669,-16.806258024531417,-20.62179197220476,-20.62179197221937,0.6760827621208265,0.6892266590969744,0.6932412287495148,0.6892266590969335,0.676082762120752,0.03874221239982907,0.024328598364509277,0.019873070151238962,0.024328598364576987,0.038742212399926514,0.0,0.0,0.0,0.0,0.0,off,off,off,off,off
64.09999999999722,0.3,10.229999999998975,-16.795241316280112,-13.977083226573257,-13.048556621666705,-13.977083226582863,-16.79524131629705,-20.61208535287207,-20.612085352886766,0.6761881564206498,0.6893548253102785,0.693376702085527,0.6893548253102293,0.676188156420569,0.038960498590471876,0.024493298381066037,0.02001947533470767,0.024493298381133913,0.03896049859056965,0.0,0.0,0.0,0.0,0.0,off,off,off,off,off
64.19999999999722,0.3,10.25999999999897,-16.78423929014133,-13.96513135090538,-13.036366409045229,-13.965131350915442,-16.784239290160087,-20.602376088639602,-20.60237608865424,0.6762925056228182,0.689481986417688,0.6935111913450301,0.689481986417637,0.6762925056227328,0.039178926164819446,0.024658068243727856,0.020165928120559142,0.024658068243795947,0.039178926164917596,0.0,0.0,0.0,0.0,0.0,off,off,off,off,off
64.29999999999721,0.3,10.289999999998964,-16.773251618764903,-13.9531956126811,-13.024189488104469,-13.953195612689683,-16.773251618782183,-20.5926642274992,-20.592664227513865,0.6763958190313589,0.6896081510243778,0.6936447047048785,0.6896081510243309,0.6763958190312778,0.03939749174052704,0.024822904876080177,0.020312425483959888,0.0248229048761484,0.0393974917406256,0.0,0.0,0.0,0.0,0.0,off,off,off,off,off
64.3999999999972,0.3,10.319999999998958,-16.762277985039873,-13.94127590322364,-13.012025895325507,-13.941275903235521,-16.76227798505255,-20.582949816409553,-20.582949816424218,0.6764981058917646,0.6897333276307746,0.6937772502456493,0.6897333276307186,0.6764981058916953,0.03961619196028401,0.024987805290443827,0.020458964490774834,0.024987805290512317,0.03961619196038282,0.0,0.0,0.0,0.0,0.0,off,off,off,off,off
64.4999999999972,0.3,10.349999999998952,-16.751318081778663,-13.929372113237207,-12.999875663323792,-13.929372113247723,-16.7513180817906,-20.57323290132709,-20.573232901341697,0.6765993753675792,0.6898575246345647,0.6939088359537534,0.6898575246345122,0.676599375367512,0.039835023421217565,0.025152766584193378,0.020605542293759768,0.025152766584262194,0.039835023421316514,0.0,0.0,0.0,0.0,0.0,off,off,off,off,off
64.5999999999972,0.3,10.379999999998946,-16.74037161115075,-13.917484132897982,-12.987738820941047,-13.91748413290793,-16.74037161116496,-20.56351352723567,-20.56351352725025,0.6766996364991129,0.6899807503326921,0.6940394697234589,0.6899807503326413,0.6766996364990389,0.04005398270013746,0.025317785936236913,0.020752156128922925,0.025317785936305966,0.0400539827002366,0.0,0.0,0.0,0.0,0.0,off,off,off,off,off
64.69999999999719,0.3,10.40999999999894,-16.729438284288165,-13.905611851955939,-12.975615393349244,-13.905611851965205,-16.729438284301807,-20.553791738174823,-20.553791738189403,0.6767988981790067,0.6901030129232525,0.6941691593588081,0.6901030129232033,0.6767988981789347,0.04027306643169838,0.025482860603649904,0.02089880331204906,0.02548286060371909,0.04027306643179776,0.0,0.0,0.0,0.0,0.0,off,off,off,off,off
64.79999999999718,0.3,10.439999999998934,-16.718517820950296,-13.89375515981834,-12.963505402139845,-13.89375515982988,-16.718517820963484,-20.544067577266674,-20.544067577281254,0.676897169146934,0.690224320507372,0.6942979125755081,0.6902243205073167,0.6768971691468627,0.040492271365767885,0.02564798791845626,0.021045481235377878,0.025647987918525666,0.04049227136586744,0.0,0.0,0.0,0.0,0.0,off,off,off,off,off
64.89999999999718,0.3,10.469999999998928,-16.707609949209882,-13.881913945632334,-12.951408865426345,-13.881913945642282,-16.707609949219943,-20.53434108674236,-20.53434108675694,0.6769944579934644,0.6903446810910212,0.6944257370027137,0.6903446810909705,0.6769944579934023,0.04071159439010059,0.025813165284550466,0.021192187364430192,0.025813165284620073,0.040711594390200355,0.0,0.0,0.0,0.0,0.0,off,off,off,off,off
64.99999999999717,0.3,10.499999999998922,-16.69671440516032,-13.870088098355495,-12.939325797922322,-13.870088098368285,-16.696714405171747,-20.524612307966947,-20.524612307981556,0.6770907731672036,0.6904641025868005,0.6945526401848146,0.6904641025867415,0.6770907731671377,0.040931032530445784,0.025978390174753327,0.02133891923497476,0.025978390174823084,0.04093103253054564,0.0,0.0,0.0,0.0,0.0,off,off,off,off,off
65.09999999999717,0.3,10.529999999998916,-16.68583093265488,-13.858277506841489,-12.927256211053361,-13.858277506851891,-16.685830932666704,-20.51488128146414,-20.514881281478665,0.6771861229824856,0.6905825928156222,0.6946786295830651,0.6905825928155699,0.6771861229824181,0.04115058294021228,0.02614366012799665,0.021485674450129454,0.026143660128066612,0.04115058294031229,0.0,0.0,0.0,0.0,0.0,off,off,off,off,off
65.19999999999716,0.3,10.55999999999891,-16.67495928302185,-13.846482059880486,-12.91520011303021,-13.84648205988941,-16.674959283034468,-20.50514804693961,-20.505148046954105,0.6772805156267157,0.6907001595084614,0.694803712577263,0.6907001595084128,0.6772805156266458,0.04137024288682451,0.02630897274663028,0.021632450677590856,0.026308972746700396,0.04137024288692477,0.0,0.0,0.0,0.0,0.0,off,off,off,off,off
65.29999999999715,0.3,10.589999999998904,-16.664099214825455,-13.834701646284998,-12.903157508955587,-13.834701646292615,-16.66409921484012,-20.495412643303723,-20.495412643318247,0.6773739591668059,0.6908168103079211,0.6949278964672738,0.6908168103078768,0.6773739591667302,0.04159000973818328,0.026474325693846477,0.02177924564698653,0.026474325693916667,0.041590009738283765,0.0,0.0,0.0,0.0,0.0,off,off,off,off,off
65.39999999999715,0.3,10.619999999998898,-16.65325049361371,-13.822936154934894,-12.891128400907803,-13.822936154940123,-16.65325049363105,-20.485675108693954,-20.48567510870845,0.6774664615548172,0.6909325527698629,0.695051188474568,0.6909325527698245,0.6774664615547344,0.04180988095059232,0.026639716691216342,0.021926057147344066,0.026639716691286574,0.041809880950693164,0.0,0.0,0.0,0.0,0.0,off,off,off,off,off
65.49999999999714,0.3,10.649999999998892,-16.642412891700246,-13.811185474832484,-12.8791127880271,-13.811185474839874,-16.64241289171696,-20.475935480495792,-20.475935480510316,0.67755803063276,0.6910473943649487,0.6951735957436945,0.6910473943649047,0.6775580306326787,0.042029854058514275,0.026805143516333303,0.022072883024672103,0.026805143516403628,0.0420298540586155,0.0,0.0,0.0,0.0,0.0,off,off,off,off,off
65.59999999999714,0.3,10.679999999998886,-16.631586187924142,-13.799449495157035,-12.86711066661104,-13.799449495163913,-16.631586187940115,-20.466193795363637,-20.466193795378103,0.6776486741368275,0.6911613424801424,0.6952951253436793,0.6911613424801,0.677648674136748,0.042249926666082877,0.026970604000559274,0.02221972117964796,0.02697060400062977,0.042249926666184434,0.0,0.0,0.0,0.0,0.0,off,off,off,off,off
65.69999999999713,0.3,10.70999999999888,-16.620770167435637,-13.78772810530478,-12.855122030183622,-13.787728105311828,-16.62077016744979,-20.45645008924035,-20.456450089254787,0.6777383997010379,0.6912744044201995,0.6954157842694454,0.6912744044201559,0.6777383997009635,0.04247009644013764,0.02713609602686835,0.022366569565406676,0.027136096026938974,0.042470096440239434,0.0,0.0,0.0,0.0,0.0,off,off,off,off,off
65.79999999999713,0.3,10.739999999998874,-16.609964621495692,-13.77602119493855,-12.84314686961045,-13.77602119494236,-16.609964621504503,-20.446704397377005,-20.44670439739147,0.6778272148604303,0.6913865874090814,0.6955355794430589,0.6913865874090465,0.6778272148603701,0.042690361104514706,0.027301617527784393,0.022513426185428113,0.027301617527855163,0.04269036110461665,0.0,0.0,0.0,0.0,0.0,off,off,off,off,off
65.89999999999712,0.3,10.769999999998868,-16.599169347265786,-13.764328654022052,-12.83118517314557,-13.764328654024723,-16.599169347274596,-20.436956754351343,-20.436956754365752,0.6779151270539633,0.6914978985913744,0.6956545177151193,0.6914978985913425,0.6779151270539033,0.04291071843534588,0.027467166483408082,0.022660289091516638,0.027467166483478817,0.04291071843544787,0.0,0.0,0.0,0.0,0.0,off,off,off,off,off
65.99999999999712,0.3,10.799999999998862,-16.58838414763005,-13.752650372864366,-12.819236926544647,-13.752650372866356,-16.58838414763602,-20.42720719408578,-20.427207194100163,0.6780021436270629,0.6916083450336287,0.6957726058659212,0.6916083450335994,0.678002143627011,0.0431311662571541,0.027632740919529133,0.02280715638186917,0.027632740919599868,0.0431311662572562,0.0,0.0,0.0,0.0,0.0,off,off,off,off,off
66.09999999999711,0.3,10.829999999998856,-16.57760883098672,-13.740986242148665,-12.807302113132778,-13.740986242151678,-16.57760883099536,-20.417455749864956,-20.417455749879338,0.6780882718340572,0.691717933725708,0.6958898506066988,0.6917179337256752,0.6780882718339976,0.043351702439575805,0.0277983389058211,0.0229540261992287,0.02779833890589189,0.043351702439677856,0.0,0.0,0.0,0.0,0.0,off,off,off,off,off
66.1999999999971,0.3,10.85999999999885,-16.566843211087587,-13.729336152970177,-12.795380713881059,-13.72933615296813,-16.566843211096568,-20.407702454352687,-20.40770245436704,0.6781735188403089,0.6918266715820652,0.6960062585808064,0.6918266715820471,0.6781735188402482,0.043572324894572585,0.027963958554113568,0.023100896729118168,0.027963958554184383,0.04357232489467488,0.0,0.0,0.0,0.0,0.0,off,off,off,off,off
66.2999999999971,0.3,10.889999999998844,-16.55608710685351,-13.717699996855913,-12.783472707490148,-13.717699996855856,-16.556087106858797,-20.397947339608294,-20.397947339622675,0.6782578917242923,0.6919345654430372,0.6961218363648388,0.6919345654430136,0.678257891724242,0.043793031574029744,0.02812959801673978,0.023247766198151915,0.02812959801681048,0.04379303157413216,0.0,0.0,0.0,0.0,0.0,off,off,off,off,off
66.39999999999709,0.3,10.919999999998838,-16.545340342206714,-13.706077665806504,-12.771578070475584,-13.706077665809744,-16.545340342213024,-20.388190437102708,-20.388190437116975,0.6783413974795133,0.692041622076037,0.6962365904697105,0.6920416220760036,0.6783413974794598,0.044013820467657075,0.028295255484955092,0.0233946328724211,0.028295255485025816,0.04401382046775953,0.0,0.0,0.0,0.0,0.0,off,off,off,off,off
66.49999999999709,0.3,10.949999999998832,-16.53460274591629,-13.694469052316606,-12.759696777213435,-13.694469052320699,-16.53460274592271,-20.378431777733397,-20.378431777747608,0.6784240430163068,0.6921478481767681,0.6963505273418072,0.6921478481767328,0.6784240430162526,0.04423468960113167,0.028460929187424672,0.023541495055949383,0.028460929187495553,0.0442346896012342,0.0,0.0,0.0,0.0,0.0,off,off,off,off,off
66.59999999999708,0.3,10.979999999998826,-16.523874151437155,-13.682874049389,-12.747828800042782,-13.682874049392694,-16.52387415144534,-20.36867139183954,-20.368671391853752,0.6785058351635833,0.6922532503704287,0.6964636533639453,0.6922532503703942,0.6785058351635245,0.04445563703443431,0.028626617388775782,0.023688351089215846,0.028626617388846802,0.044455637034537004,0.0,0.0,0.0,0.0,0.0,off,off,off,off,off
66.69999999999708,0.3,11.00999999999882,-16.513154396758523,-13.671292550565965,-12.735974109332858,-13.671292550569149,-16.513154396768698,-20.358909309216415,-20.358909309230654,0.6785867806704848,0.6923578352128255,0.6965759748563952,0.6923578352127921,0.6785867806704201,0.04467666086034224,0.02879231838821287,0.023835199347742836,0.028792318388284024,0.04467666086044512,0.0,0.0,0.0,0.0,0.0,off,off,off,off,off
66.79999999999707,0.3,11.039999999998814,-16.502443324260526,-13.659724449949692,-12.72413267354267,-13.65972444995225,-16.502443324273486,-20.34914555912951,-20.349145559143665,0.6786668862079688,0.6924616091914918,0.6966874980778932,0.6924616091914603,0.6786668862078968,0.044897759203050475,0.02895803051819246,0.02398203824074512,0.028958030518263643,0.044897759203153635,0.0,0.0,0.0,0.0,0.0,off,off,off,off,off
66.89999999999706,0.3,11.069999999998808,-16.491740780576492,-13.648169642216317,-12.712304459292284,-13.648169642219216,-16.491740780591783,-20.33938017032756,-20.33938017034174,0.6787461583703304,0.6925645787267906,0.6967982292265876,0.6925645787267583,0.6787461583702514,0.04511893021690025,0.02912375214315513,0.0241288662098374,0.029123752143226392,0.04511893021700377,0.0,0.0,0.0,0.0,0.0,off,off,off,off,off
66.99999999999706,0.3,11.099999999998802,-16.481046616453,-13.636628022635648,-12.700489431441952,-13.636628022636046,-16.481046616468518,-20.329613171056195,-20.329613171070378,0.6788246036766874,0.6926667501729711,0.6969081744409359,0.6926667501729457,0.6788246036766079,0.045340172085197736,0.029289481658312255,0.02427568172779814,0.029289481658383583,0.04534017208530168,0.0,0.0,0.0,0.0,0.0,off,off,off,off,off
67.09999999999705,0.3,11.129999999998796,-16.470360686621234,-13.625099487081627,-12.688687553141847,-13.625099487082764,-16.470360686637548,-20.319844589070357,-20.319844589084482,0.6789022285724037,0.6927681298192232,0.697017339800653,0.6927681298191957,0.6789022285723219,0.04556148301910974,0.029455217488484862,0.024422483297387394,0.029455217488556167,0.045561483019214005,0.0,0.0,0.0,0.0,0.0,off,off,off,off,off
67.19999999999705,0.3,11.15999999999879,-16.459682849665285,-13.613583932053302,-12.676898785910623,-13.613583932053473,-16.459682849682906,-20.3100744516465,-20.310074451660654,0.6789790394304837,0.6928687238906731,0.6971257313275476,0.6928687238906481,0.6789790394303984,0.04578286125662623,0.029620958086992367,0.024569269450215182,0.02962095808706364,0.045782861256730874,0.0,0.0,0.0,0.0,0.0,off,off,off,off,off
67.29999999999704,0.3,11.189999999998784,-16.449012967914825,-13.602081254679035,-12.665123089689075,-13.602081254679547,-16.44901296792915,-20.30030278559488,-20.300302785609034,0.6790550425528711,0.6929685385494001,0.697233354986407,0.6929685385493746,0.6790550425527946,0.04600430506158252,0.02978670193458936,0.024716038745659544,0.02978670193466064,0.04600430506168752,0.0,0.0,0.0,0.0,0.0,off,off,off,off,off
67.39999999999704,0.3,11.219999999998779,-16.43835090730414,-13.590591352737704,-12.653360422904825,-13.590591352739978,-16.438350907320626,-20.290529617270778,-20.290529617284875,0.6791302441718118,0.6930675798953799,0.6973402166858205,0.6930675798953492,0.6791302441717291,0.04622581272273337,0.02995244753844782,0.02486278976983058,0.029952447538519184,0.046225812722838655,0.0,0.0,0.0,0.0,0.0,off,off,off,off,off
67.49999999999703,0.3,11.249999999998773,-16.427696537284703,-13.579114124665125,-12.641610742534851,-13.579114124667797,-16.427696537301074,-20.28075497258567,-20.280754972599794,0.679204650451044,0.6931658539674409,0.6974463222789826,0.693165853967409,0.6792046504509618,0.046447382552874845,0.030118193431183396,0.025009521134579982,0.03011819343125484,0.04644738255298051,0.0,0.0,0.0,0.0,0.0,off,off,off,off,off
67.59999999999702,0.3,11.279999999998767,-16.417049730696306,-13.56764946955741,-12.629874004159205,-13.567649469561559,-16.417049730715462,-20.27097887701845,-20.270978877032547,0.6792782674870766,0.6932633667442106,0.6975516775645006,0.6932633667441745,0.6792782674869865,0.046669012888009676,0.030283938169923058,0.025156231476552583,0.0302839381699946,0.04666901288811567,0.0,0.0,0.0,0.0,0.0,off,off,off,off,off
67.69999999999702,0.3,11.30999999999876,-16.406410363668897,-13.556197287186023,-12.618150162011773,-13.556197287191537,-16.40641036368453,-20.261201355625616,-20.26120135563974,0.6793511013103611,0.6933601241449995,0.6976562882871821,0.6933601241449597,0.6793511013102809,0.04689070208655166,0.030449680335412878,0.025302919456278935,0.030449680335484567,0.046890702086658076,0.0,0.0,0.0,0.0,0.0,off,off,off,off,off
67.79999999999701,0.3,11.339999999998755,-16.39577831551543,-13.544757478005465,-12.606439169060991,-13.544757478006545,-16.395778315531004,-20.2514224330516,-20.2514224330657,0.6794231578864642,0.6934561320306868,0.6977601601387176,0.693456132030659,0.6794231578863837,0.04711244852856755,0.030615418531163983,0.02544958375730691,0.0306154185312358,0.047112448528674244,0.0,0.0,0.0,0.0,0.0,off,off,off,off,off
67.89999999999701,0.3,11.369999999998749,-16.385153468631927,-13.533329943149795,-12.594740977033155,-13.53332994314843,-16.385153468645285,-20.241642133538704,-20.241642133552745,0.6794944431172003,0.6935513962046131,0.6978632987585036,0.6935513962045925,0.6794944431171263,0.04733425061505254,0.030781151382635173,0.025596223085370896,0.03078115138270692,0.04733425061515942,0.0,0.0,0.0,0.0,0.0,off,off,off,off,off
67.999999999997,0.3,11.399999999998743,-16.37453570841558,-13.52191458445003,-12.58305553648978,-13.521914584445426,-16.374535708426492,-20.231860480936405,-20.23186048095053,0.679564962841695,0.6936459224133956,0.6979657097342898,0.6936459224133832,0.6795649628416272,0.04755610676723852,0.0309468775364502,0.02574283616759579,0.030946877536521797,0.04755610676734553,0.0,0.0,0.0,0.0,0.0,off,off,off,off,off
68.099999999997,0.3,11.429999999998737,-16.3639249231465,-13.510511304432896,-12.571382796859154,-13.510511304428064,-16.363924923158265,-20.222077498711286,-20.22207749872544,0.679634722837525,0.693739716347771,0.6980673986029343,0.6937397163477595,0.6796347228374551,0.04777801542593255,0.031112595659648756,0.025889421751735985,0.031112595659720136,0.047778015426039676,0.0,0.0,0.0,0.0,0.0,off,off,off,off,off
68.19999999999699,0.3,11.45999999999873,-16.35332100392776,-13.499120006324404,-12.559722706501873,-13.499120006320084,-16.353321003941232,-20.21229320995542,-20.212293209969573,0.6797037288216855,0.6938327836434112,0.6981683708510468,0.6938327836433985,0.6797037288216103,0.047999975050883346,0.03127830443896912,0.026035978605445962,0.03127830443904039,0.047999975050990705,0.0,0.0,0.0,0.0,0.0,off,off,off,off,off
68.29999999999698,0.3,11.489999999998725,-16.34272384457887,-13.487740594059858,-12.54807521275211,-13.487740594058153,-16.342723844589273,-20.2025076373954,-20.202507637409525,0.6797719864516603,0.6939251298816956,0.6982686319156747,0.6939251298816759,0.679771986451594,0.0482219841201757,0.03144400258016207,0.0261825055155825,0.03144400258023325,0.04822198412028334,0.0,0.0,0.0,0.0,0.0,off,off,off,off,off
68.39999999999698,0.3,11.519999999998719,-16.33213334155363,-13.476372972275101,-12.536440261960365,-13.476372972275783,-16.33213334156534,-20.192720803400874,-20.19272080341497,0.6798395013264121,0.69401676059052,0.6983681871849736,0.6940167605904934,0.6798395013263415,0.04844404112964979,0.03160968880733296,0.02632900128753652,0.0316096888074042,0.048444041129757594,0.0,0.0,0.0,0.0,0.0,off,off,off,off,off
68.49999999999697,0.3,11.549999999998713,-16.32154939387067,-13.46501704631703,-12.524817799555592,-13.465017046320725,-16.321549393882435,-20.18293272999273,-20.182932730006797,0.6799062789873189,0.6941076812450332,0.6984670419987974,0.6941076812449979,0.679906278987248,0.048666144592345195,0.031775361862312584,0.026475464744593336,0.03177536186238394,0.04866614459245313,0.0,0.0,0.0,0.0,0.0,off,off,off,off,off
68.59999999999697,0.3,11.579999999998707,-16.310971903021766,-13.453672722251781,-12.51320777007669,-13.453672722254055,-16.31097190303325,-20.173143438851014,-20.173143438865168,0.6799723249191557,0.6941978972683622,0.6985652016493639,0.6941978972683316,0.6799723249190858,0.04888829303796836,0.03194102050405455,0.026621894727320114,0.031941020504126005,0.04888829303807655,0.0,0.0,0.0,0.0,0.0,off,off,off,off,off
68.69999999999696,0.3,11.609999999998701,-16.300400772911416,-13.44233990684296,-12.501610117219457,-13.44233990684296,-16.300400772920284,-20.16335295132305,-20.163352951337117,0.6800376445509739,0.6942874140324075,0.6986626713818537,0.6942874140323828,0.6800376445509113,0.04911048501238225,0.032106663508058034,0.026768290092979072,0.032106663508129574,0.049110485012490546,0.0,0.0,0.0,0.0,0.0,off,off,off,off,off
68.79999999999696,0.3,11.639999999998695,-16.289835909764463,-13.43101850757057,-12.490024783876947,-13.431018507570855,-16.289835909772535,-20.153561288430325,-20.153561288444422,0.6801022432570546,0.6943762368585,0.6987594563950188,0.6943762368584744,0.6801022432569939,0.049332719077116796,0.0322722896658152,0.026914649714965672,0.03227228966588673,0.04933271907722517,0.0,0.0,0.0,0.0,0.0,off,off,off,off,off
68.89999999999695,0.3,11.669999999998689,-16.279277222073063,-13.419708432629875,-12.478451712185915,-13.41970843263158,-16.279277222082897,-20.143768470876495,-20.143768470890592,0.6801661263577349,0.6944643710181082,0.6988555618417478,0.6944643710180786,0.6801661263576693,0.049554993808899835,0.03243789778428177,0.027060972482270282,0.03243789778435334,0.04955499380900832,0.0,0.0,0.0,0.0,0.0,off,off,off,off,off
68.99999999999694,0.3,11.699999999998683,-16.268724620520857,-13.408409590925771,-12.466890843560464,-13.40840959092742,-16.268724620532396,-20.133974519054135,-20.13397451906812,0.6802292991202883,0.6945518217335359,0.6989509928296629,0.6945518217335067,0.6802292991202176,0.04977730779920744,0.0326034866853704,0.02720725729896291,0.032603486685442024,0.049777307799316196,0.0,0.0,0.0,0.0,0.0,off,off,off,off,off
69.09999999999694,0.3,11.729999999998677,-16.258178017919704,-13.397121892076655,-12.455342118736496,-13.39712189207711,-16.25817801793022,-20.124179453051454,-20.124179453065494,0.6802917667597504,0.6946385941785804,0.6990457544216623,0.6946385941785542,0.6802917667596826,0.049999659653832795,0.03276905520546512,0.027353503083699236,0.03276905520553676,0.04999965965394179,0.0,0.0,0.0,0.0,0.0,off,off,off,off,off
69.19999999999693,0.3,11.759999999998671,-16.247637329142265,-13.385845246406973,-12.443805477808326,-13.3858452464072,-16.247637329151928,-20.11438329265951,-20.114383292673466,0.6803535344397479,0.6947246934792072,0.6991398516364759,0.6947246934791816,0.6803535344396828,0.05022204799247232,0.03293460219495635,0.02749970876924754,0.03293460219502789,0.05022204799258151,0.0,0.0,0.0,0.0,0.0,off,off,off,off,off
69.29999999999693,0.3,11.789999999998665,-16.237102471064077,-13.37457956495308,-12.43228086026113,-13.374579564955411,-16.237102471072205,-20.104586057378185,-20.104586057392083,0.6804146072732844,0.6948101247141751,0.6992332894492159,0.6948101247141439,0.6804146072732228,0.05044447144832911,0.03310012651779531,0.027645873302035644,0.03310012651786686,0.05044447144843847,0.0,0.0,0.0,0.0,0.0,off,off,off,off,off
69.39999999999692,0.3,11.81999999999866,-16.22657336249489,-13.363324759451757,-12.420768205013644,-13.363324759455736,-16.22657336250552,-20.094787766422826,-20.094787766436667,0.6804749903235418,0.6948948929156948,0.6993260727918863,0.6948948929156592,0.6804749903234734,0.05066692866773232,0.033265627051067455,0.027791995641716444,0.033265627051139134,0.050666928667841844,0.0,0.0,0.0,0.0,0.0,off,off,off,off,off
69.49999999999692,0.3,11.849999999998653,-16.216049924141032,-13.352080742353962,-12.409267450443963,-13.352080742355326,-16.21604992415098,-20.08498843873025,-20.08498843874412,0.6805346886045907,0.6949790030700038,0.6994182065539248,0.6949790030699754,0.6805346886045244,0.05088941830977196,0.03343110268458358,0.027938074760751747,0.03343110268465536,0.05088941830988167,0.0,0.0,0.0,0.0,0.0,off,off,off,off,off
69.59999999999691,0.3,11.879999999998647,-16.205532078523845,-13.340847426803464,-12.397778534434224,-13.340847426804146,-16.205532078537942,-20.075188092964794,-20.075188092978692,0.6805937070822021,0.6950624601180267,0.6995096955826824,0.695062460118,0.6805937070821236,0.05111193904594878,0.033596552320488325,0.028084109644013366,0.033596552320560046,0.051111939046058805,0.0,0.0,0.0,0.0,0.0,off,off,off,off,off
69.6999999999969,0.3,11.909999999998641,-16.195019749951825,-13.32962472664957,-12.38630139438942,-13.329624726650366,-16.19501974996666,-20.06538674752406,-20.065386747537957,0.6806520506745015,0.6951452689559281,0.6996005446839582,0.6951452689559011,0.6806520506744216,0.05133448955983838,0.03376197487288459,0.02823009928840096,0.03376197487295626,0.05133448955994881,0.0,0.0,0.0,0.0,0.0,off,off,off,off,off
69.7999999999969,0.3,11.939999999998635,-16.184512864440705,-13.318412556432577,-12.374835967276567,-13.318412556437352,-16.184512864452756,-20.055584420544363,-20.05558442055826,0.6807097242527601,0.6952274344357305,0.6996907586224685,0.6952274344356925,0.6807097242526876,0.051557068546768385,0.03392736926747415,0.028376042702475453,0.033927369267545915,0.05155706854687913,0.0,0.0,0.0,0.0,0.0,off,off,off,off,off
69.8999999999969,0.3,11.96999999999863,-16.174011349685998,-13.307210831395025,-12.36338218965733,-13.307210831400369,-16.174011349700493,-20.04578112990643,-20.045781129920385,0.6807667326420203,0.695308961365846,0.6997803421223247,0.6953089613658064,0.6807667326419409,0.051779674713508875,0.034092734441213086,0.02852193890610772,0.03409273444128502,0.05177967471361987,0.0,0.0,0.0,0.0,0.0,off,off,off,off,off
69.99999999999689,0.3,11.999999999998623,-16.16351513500763,-13.296019467465612,-12.351939997714453,-13.2960194674734,-16.16351513501769,-20.03597689324073,-20.035976893254656,0.6808230806217975,0.6953898545116752,0.6998692998675085,0.6953898545116287,0.6808230806217308,0.052002306777975564,0.03425806934198141,0.02866778693014196,0.034258069342053526,0.05200230677808673,0.0,0.0,0.0,0.0,0.0,off,off,off,off,off
70.09999999999688,0.3,12.029999999998617,-16.153024151290595,-13.284838381260386,-12.340509327280415,-13.284838381267605,-16.153024151302418,-20.02617172793242,-20.02617172794635,0.6808787729267779,0.6954701185961465,0.69995763650234,0.6954701185961014,0.6808787729267054,0.052224963468944424,0.03442337292826668,0.028813585816072778,0.03442337292833899,0.052224963469055766,0.0,0.0,0.0,0.0,0.0,off,off,off,off,off
70.19999999999688,0.3,12.059999999998611,-16.14253833096012,-13.273667490075525,-12.329090113865846,-13.273667490085757,-16.142538330970297,-20.01636565112645,-20.016365651140433,0.6809338142474063,0.695549758300266,0.7000453566319301,0.695549758300213,0.6809338142473383,0.05244764352577807,0.03458864416886034,0.02895933461573551,0.03458864416893284,0.05244764352588959,0.0,0.0,0.0,0.0,0.0,off,off,off,off,off
70.29999999999687,0.3,12.089999999998605,-16.132057607918853,-13.262506711891831,-12.317682292684026,-13.262506711902688,-16.132057607928743,-20.006558679732706,-20.006558679746604,0.6809882092305782,0.6956287782636289,0.7001324648226335,0.6956287782635738,0.6809882092305112,0.05267034569816274,0.034753882042566936,0.02910503239100921,0.03475388204263972,0.052670345698274466,0.0,0.0,0.0,0.0,0.0,off,off,off,off,off
70.39999999999687,0.3,12.1199999999986,-16.12158191751405,-13.251355965365633,-12.306285798678005,-13.251355965374614,-16.121581917522292,-19.99675083043013,-19.996750830444086,0.6810419624802335,0.6957071830849515,0.7002189656024864,0.6957071830849016,0.6810419624801712,0.052893068745856114,0.0349190855379255,0.0292506782135317,0.03491908553799847,0.05289306874596797,0.0,0.0,0.0,0.0,0.0,off,off,off,off,off
70.49999999999686,0.3,12.149999999998593,-16.11111119649547,-13.240215169820829,-12.294900566549586,-13.2402151698318,-16.111111196504396,-19.986942119672136,-19.986942119686006,0.6810950785579667,0.6957849773225994,0.7003048634616279,0.6957849773225437,0.681095078557902,0.05311581143844478,0.03508425365294187,0.02939627116442663,0.03508425365301504,0.05311581143855681,0.0,0.0,0.0,0.0,0.0,off,off,off,off,off
70.59999999999685,0.3,12.179999999998588,-16.100645382971777,-13.22908424525167,-12.2835265307761,-13.229084245267813,-16.10064538297854,-19.977132563690333,-19.977132563704174,0.6811475619836319,0.6958621654950661,0.7003901628527441,0.6958621654949962,0.6811475619835731,0.053338572555111624,0.03524938539483253,0.029541810334041244,0.03524938539490604,0.0533385725552238,0.0,0.0,0.0,0.0,0.0,off,off,off,off,off
70.69999999999685,0.3,12.209999999998582,-16.090184416369425,-13.217963112324014,-12.27216362564161,-13.217963112336463,-16.09018441637852,-19.9673221784995,-19.967322178513342,0.6811994172359354,0.6959387520814561,0.7004748681914691,0.6959387520813967,0.6811994172358701,0.053561350884412044,0.03541447977977874,0.029687294821694743,0.03541447977985267,0.053561350884524316,0.0,0.0,0.0,0.0,0.0,off,off,off,off,off
70.79999999999684,0.3,12.239999999998576,-16.079728237402264,-13.206851692355542,-12.26081178525493,-13.206851692364012,-16.079728237414088,-19.957510979901485,-19.957510979915327,0.6812506487529866,0.6960147415220107,0.7005589838568026,0.6960147415219621,0.6812506487529136,0.05378414522405905,0.03557953583269104,0.029832723735437244,0.03557953583276516,0.053784145224171555,0.0,0.0,0.0,0.0,0.0,off,off,off,off,off
70.89999999999684,0.3,12.26999999999857,-16.069276788032937,-13.19574990731411,-12.249470943572305,-13.195749907321954,-16.069276788049308,-19.947698983489374,-19.94769898350313,0.6813012609328629,0.6960901382185766,0.7006425141915181,0.6960901382185303,0.6813012609327767,0.05400695438071718,0.0357445525869827,0.029978096191818116,0.03574455258705691,0.05400695438083005,0.0,0.0,0.0,0.0,0.0,off,off,off,off,off
70.99999999999683,0.3,12.299999999998564,-16.05883001143559,-13.184657679825591,-12.238141034415946,-13.184657679832185,-16.058830011454063,-19.93788620465159,-19.93788620466526,0.6813512581341644,0.6961649465350411,0.7007254635025655,0.6961649465349972,0.6813512581340727,0.054229777169804205,0.035909529084352784,0.03012341131566356,0.03590952908442705,0.05422977716991748,0.0,0.0,0.0,0.0,0.0,off,off,off,off,off
71.09999999999683,0.3,12.329999999998558,-16.048387851958637,-13.173574933158648,-12.22682199150853,-13.17357493316581,-16.0483878519795,-19.928072658575758,-19.92807265858943,0.6814006446765627,0.6962391707978207,0.7008078360614238,0.6962391707977755,0.6814006446764643,0.05445261241530017,0.03607446437457825,0.030268668239863447,0.03607446437465258,0.05445261241541397,0.0,0.0,0.0,0.0,0.0,off,off,off,off,off
71.19999999999682,0.3,12.359999999998552,-16.037950255103624,-13.162501591226203,-12.215513748468084,-13.162501591235127,-16.037950255122553,-19.91825836025251,-19.918258360266208,0.6814494248412903,0.6963128152962967,0.7008896361045551,0.6963128152962463,0.6814494248411971,0.054675458949564514,0.03623935751531428,0.03041386610516651,0.036239357515388725,0.054675458949678846,0.0,0.0,0.0,0.0,0.0,off,off,off,off,off
71.29999999999681,0.3,12.389999999998546,-16.027517167473547,-13.151437578576292,-12.204216238848232,-13.151437578586183,-16.027517167493727,-19.908443324479236,-19.908443324492936,0.681497602871713,0.6963858842832714,0.7009708678337281,0.6963858842832185,0.681497602871616,0.05489831561315996,0.036404207571902616,0.030559004059983335,0.03640420757197727,0.05489831561327466,0.0,0.0,0.0,0.0,0.0,off,off,off,off,off
71.39999999999681,0.3,12.41999999999854,-16.01708853676689,-13.140382820385867,-12.192929396146155,-13.140382820399054,-16.017088536786503,-19.89862756586365,-19.898627565877405,0.6815451829737671,0.6964583819754105,0.7010515354164155,0.6964583819753485,0.6815451829736721,0.05512118125468297,0.03656901361718759,0.030704081260197844,0.03656901361726249,0.05512118125479809,0.0,0.0,0.0,0.0,0.0,off,off,off,off,off
71.4999999999968,0.3,12.449999999998534,-16.006664311720897,-13.12933724246875,-12.181653153831974,-13.129337242480574,-16.00666431174153,-19.88881109882729,-19.888811098841074,0.6815921693165294,0.6965303125536344,0.7011316429861345,0.696530312553576,0.6815921693164312,0.05534405473060127,0.03673377473133973,0.03084909686898576,0.036733774731414905,0.05534405473071675,0.0,0.0,0.0,0.0,0.0,off,off,off,off,off
71.5999999999968,0.3,12.479999999998528,-15.996244442098885,-13.118300771252677,-12.170387445349945,-13.1183007712674,-15.996244442131228,-19.878993937608897,-19.878993937622795,0.6816385660326555,0.6966016801635927,0.7012111946428499,0.6966016801635262,0.6816385660325245,0.05556693490509667,0.036898490001686456,0.03099405005664067,0.03689849000176187,0.05556693490521278,0.0,0.0,0.0,0.0,0.0,off,off,off,off,off
71.69999999999679,0.3,12.509999999998522,-15.985828878673885,-13.107273333787134,-12.159132204150183,-13.107273333803562,-15.985828878705547,-19.86917609626792,-19.86917609628196,0.6816843772188271,0.6966724889160437,0.7012901944532913,0.6966724889159723,0.6816843772186977,0.0557898206499151,0.03706315852254913,0.03113894000040629,0.037063158522624894,0.05578982065003205,0.0,0.0,0.0,0.0,0.0,off,off,off,off,off
71.79999999999679,0.3,12.539999999998516,-15.97541757316958,-13.096254857731935,-12.147887363686891,-13.09625485774967,-15.97541757320323,-19.859357588687743,-19.859357588701783,0.681729606936305,0.6967427428872801,0.7013686464513514,0.6967427428872051,0.6817296069361705,0.05601271084422164,0.03722777939508707,0.031283765884315834,0.037227779395163245,0.0560127108443393,0.0,0.0,0.0,0.0,0.0,off,off,off,off,off
71.89999999999678,0.3,12.56999999999851,-15.965010478252907,-13.085245271358417,-12.136652857450827,-13.085245271378483,-15.965010478286445,-19.849538428578484,-19.849538428592496,0.6817742592113369,0.6968124461195139,0.7014465546383867,0.6968124461194322,0.6817742592112024,0.056235604374460575,0.0373923517271474,0.03142852689903735,0.03739235172722405,0.05623560437457899,0.0,0.0,0.0,0.0,0.0,off,off,off,off,off
71.99999999999677,0.3,12.599999999998504,-15.954607547515309,-13.074244503540228,-12.125428618977708,-13.07424450356126,-15.954607547547141,-19.839718629480416,-19.839718629494428,0.6818183380355874,0.6968816026212835,0.7015239229835749,0.6968816026211989,0.6818183380354577,0.05645850013422153,0.03755687463312126,0.03157322224172522,0.037556874633198345,0.05645850013434058,0.0,0.0,0.0,0.0,0.0,off,off,off,off,off
72.09999999999677,0.3,12.629999999998498,-15.94420873542748,-13.063252483749352,-12.114214581863564,-13.063252483769702,-15.944208735461643,-19.82989820476692,-19.82989820478096,0.6818618473666364,0.6969502163678388,0.7016007554242488,0.6969502163677564,0.6818618473665004,0.0566813970241102,0.0377213472338051,0.03171785111587763,0.03772134723388258,0.056681397024229925,0.0,0.0,0.0,0.0,0.0,off,off,off,off,off
72.19999999999676,0.3,12.659999999998492,-15.93381399732948,-13.052269142049568,-12.103010679771614,-13.052269142068496,-15.933813997369498,-19.820077167647298,-19.820077167661424,0.6819047911283721,0.6970182913015287,0.7016770558662465,0.6970182913014498,0.6819047911282197,0.056904293951623934,0.03788576865626783,0.031862412731199045,0.0378857686563457,0.056904293951744456,0.0,0.0,0.0,0.0,0.0,off,off,off,off,off
72.29999999999676,0.3,12.689999999998486,-15.923423289417258,-13.041294409094291,-12.091816846454492,-13.041294409114982,-15.923423289456878,-19.810255531169815,-19.810255531184055,0.6819471732113914,0.6970858313321684,0.7017528281842145,0.6970858313320846,0.6819471732112392,0.057127189831032085,0.03805013803372308,0.03200690630346804,0.03805013803380129,0.05712718983115348,0.0,0.0,0.0,0.0,0.0,off,off,off,off,off
72.39999999999675,0.3,12.71999999999848,-15.91303656869485,-13.03032821612561,-12.080633015759759,-13.030328216147382,-15.913036568737198,-19.80043330822437,-19.800433308238695,0.6819889974734833,0.6971528403373992,0.701828076221947,0.697152840337312,0.6819889974733238,0.05735008358326067,0.03821445450540641,0.0321513310544107,0.03821445450548504,0.05735008358338289,0.0,0.0,0.0,0.0,0.0,off,off,off,off,off
72.49999999999675,0.3,12.749999999998474,-15.902653792970284,-13.019370494959674,-12.069459121655427,-13.019370494983605,-15.902653793015133,-19.79061051154511,-19.790610511559493,0.6820302677399935,0.6972193221630788,0.701902803792669,0.6972193221629858,0.6820302677398267,0.057572974135781066,0.038378717216457296,0.03229568621157856,0.03837871721653637,0.05757297413590419,0.0,0.0,0.0,0.0,0.0,off,off,off,off,off
72.59999999999674,0.3,12.779999999998468,-15.892274920827788,-13.008421177993228,-12.058295098227575,-13.008421178014771,-15.892274920873547,-19.780787153713078,-19.780787153727573,0.6820709878042426,0.6972852806236094,0.7019770146793884,0.697285280623523,0.6820709878040728,0.05779586042250302,0.03854292531780571,0.03243997100823097,0.03854292531788518,0.05779586042262717,0.0,0.0,0.0,0.0,0.0,off,off,off,off,off
72.69999999999673,0.3,12.809999999998462,-15.881899911609935,-12.997480198183496,-12.047140879686651,-12.997480198204642,-15.881899911655012,-19.77096324715893,-19.77096324717357,0.6821111614279131,0.697350719502331,0.7020507126352171,0.6973507195022457,0.6821111614277449,0.05801874138367149,0.03870707796606289,0.03258418468322197,0.03870707796614269,0.05801874138379655,0.0,0.0,0.0,0.0,0.0,off,off,off,off,off
72.79999999999673,0.3,12.839999999998456,-15.871528725398434,-12.986547489061252,-12.035996400403121,-12.986547489081829,-15.871528725440953,-19.761138804165512,-19.761138804180206,0.682150792341436,0.6974156425518199,0.702123901383609,0.6974156425517357,0.6821507923412748,0.05824161596576698,0.03887117432341635,0.032728326480891724,0.0388711743234965,0.05824161596589292,0.0,0.0,0.0,0.0,0.0,off,off,off,off,off
72.89999999999672,0.3,12.86999999999845,-15.861161322987641,-12.97562298471098,-12.024861594895754,-12.975622984729796,-15.861161323031752,-19.751313836870054,-19.751313836884776,0.682189884244394,0.6974800534942708,0.7021965846187191,0.6974800534941915,0.6821898842442281,0.058464483121409824,0.03903521355752922,0.03287239565096178,0.039035213557609694,0.05846448312153654,0.0,0.0,0.0,0.0,0.0,off,off,off,off,off
72.99999999999672,0.3,12.899999999998444,-15.850797665875632,-12.96470661977719,-12.013736397846344,-12.964706619791968,-15.85079766592014,-19.74148835726666,-19.74148835728147,0.6822284408058642,0.6975439560218044,0.7022687660056904,0.6975439560217361,0.6822284408056968,0.058687341809267296,0.03919919484144276,0.03301639144843423,0.039199194841523434,0.058687341809394826,0.0,0.0,0.0,0.0,0.0,off,off,off,off,off
73.09999999999671,0.3,12.929999999998438,-15.840437716246868,-12.95379832944883,-12.00262074412052,-12.953798329465315,-15.840437716290296,-19.731662377208607,-19.731662377223472,0.6822664656647872,0.6976073537968266,0.7023404491809123,0.6976073537967539,0.6822664656646226,0.05891019099396465,0.03936311735348313,0.033160313133494636,0.03936311735356396,0.05891019099409303,0.0,0.0,0.0,0.0,0.0,off,off,off,off,off
73.1999999999967,0.3,12.959999999998432,-15.830081436943715,-12.942898049471353,-11.991514568757793,-12.942898049486985,-15.830081436988621,-19.72183590841078,-19.72183590842576,0.6823039624303564,0.6976702504523109,0.7024116377523645,0.69767025045224,0.6823039624301872,0.05913302964599918,0.0395269802771714,0.03330415997141867,0.03952698027725247,0.0591330296461284,0.0,0.0,0.0,0.0,0.0,off,off,off,off,off
73.2999999999967,0.3,12.989999999998426,-15.819728791452917,-12.932005716121296,-11.980417806997536,-12.932005716138178,-15.819728791501575,-19.71200896245182,-19.71200896246694,0.6823409346823645,0.6977326495921735,0.7024823352998513,0.6977326495920994,0.682340934682185,0.05935585674165669,0.03969078280113697,0.03344793123248181,0.03969078280121829,0.059355856741786825,0.0,0.0,0.0,0.0,0.0,off,off,off,off,off
73.3999999999967,0.3,13.01999999999842,-15.809379743906618,-12.921121266216801,-11.969330394283588,-12.921121266232433,-15.809379743951297,-19.702181550776288,-19.70218155079141,0.6823773859715045,0.6977945547915518,0.7025525453752963,0.6977945547914807,0.6823773859713359,0.05957867126293137,0.039854524119034236,0.03359162619187292,0.039854524119115844,0.05957867126306251,0.0,0.0,0.0,0.0,0.0,off,off,off,off,off
73.49999999999669,0.3,13.049999999998414,-15.799034259030293,-12.91024463710437,-11.958252266264708,-12.910244637122048,-15.799034259074915,-19.69235368469657,-19.69235368471169,0.6824133198198097,0.6978559695971356,0.7026222715030395,0.6978559695970588,0.6824133198196404,0.05980147219744858,0.04001820342946209,0.033735244129610646,0.04001820342954398,0.05980147219758051,0.0,0.0,0.0,0.0,0.0,off,off,off,off,off
73.59999999999668,0.3,13.079999999998408,-15.788692302164065,-12.899375766661649,-11.94718335880259,-12.89937576668018,-15.78869230220846,-19.682525375395187,-19.68252537541045,0.6824487397208913,0.6979168975274569,0.7026915171801104,0.6979168975273774,0.6824487397207228,0.06002425853838935,0.04018181993588674,0.03387878433046243,0.040181819935968935,0.0600242585385221,0.0,0.0,0.0,0.0,0.0,off,off,off,off,off
73.69999999999668,0.3,13.109999999998402,-15.77835383922536,-12.88851459328913,-11.936123607994716,-12.888514593309537,-15.778353839266458,-19.672696633926847,-19.672696633942223,0.6824836491403308,0.6979773420732015,0.7027602858764547,0.697977342073117,0.682483649140171,0.060247029284418566,0.04034537284656703,0.034022246083867114,0.040345372846649664,0.06024702928455212,0.0,0.0,0.0,0.0,0.0,off,off,off,off,off
73.79999999999667,0.3,13.139999999998397,-15.76801883670123,-12.877661055904184,-11.925072950160143,-12.877661055922374,-15.768018836745796,-19.66286747122038,-19.662867471235813,0.6825180515159868,0.6980373066975116,0.7028285810352621,0.6980373066974331,0.6825180515158167,0.060469783439614955,0.04050886137448293,0.034165628683859944,0.04050886137456595,0.06046978343974921,0.0,0.0,0.0,0.0,0.0,off,off,off,off,off
73.89999999999667,0.3,13.16999999999839,-15.75768726164182,-12.866815093934576,-11.9140313218615,-12.866815093954017,-15.757687261681326,-19.65303789808047,-19.65303789809593,0.682551950258293,0.6980967948362833,0.7028964060731849,0.6980967948362016,0.6825519502581363,0.060692520013403216,0.04067228473726587,0.03430893142900023,0.04067228473734919,0.06069252001353832,0.0,0.0,0.0,0.0,0.0,off,off,off,off,off
73.99999999999666,0.3,13.199999999998385,-15.747359081629043,-12.855976647322677,-11.902998659913294,-12.855976647342686,-15.747359081670254,-19.643207925189614,-19.64320792520519,0.6825853487506246,0.6981558098984348,0.7029637643805942,0.698155809898351,0.6825853487504634,0.06091523802048942,0.040835642157132014,0.034452153622301904,0.040835642157215725,0.060915238020625234,0.0,0.0,0.0,0.0,0.0,off,off,off,off,off
74.09999999999665,0.3,13.229999999998379,-15.737034264775048,-12.845145656513694,-11.89197490136928,-12.845145656533987,-15.737034264813929,-19.6333775631102,-19.633377563125777,0.6826182503495735,0.698214355266209,0.7030306593218899,0.6982143552661244,0.6826182503494183,0.06113793648079672,0.040998932860818224,0.034595294571166085,0.04099893286090232,0.06113793648093334,0.0,0.0,0.0,0.0,0.0,off,off,off,off,off
74.19999999999665,0.3,13.259999999998373,-15.726712779714603,-12.834322062451179,-11.88095998355152,-12.834322062469653,-15.726712779754223,-19.623546822286073,-19.623546822301705,0.6826506583852399,0.6982724342954569,0.7030970942356864,0.698272434295377,0.6826506583850825,0.06136061441940485,0.041162156079519556,0.03473835358731608,0.04116215607960401,0.06136061441954221,0.0,0.0,0.0,0.0,0.0,off,off,off,off,off
74.29999999999664,0.3,13.289999999998367,-15.716394595581733,-12.823505806576804,-11.869953844035479,-12.823505806595449,-15.716394595615839,-19.613715713044286,-19.613715713059975,0.68268257616156,0.6983300503159018,0.7031630724351252,0.6983300503158214,0.6826825761614179,0.06158327086649098,0.04132531104882931,0.034881329986734926,0.04132531104891411,0.06158327086662898,0.0,0.0,0.0,0.0,0.0,off,off,off,off,off
74.39999999999664,0.3,13.31999999999836,-15.706079681990332,-12.81269683082428,-11.858956420672484,-12.812696830841787,-15.706079682025347,-19.603884245597015,-19.60388424561279,0.6827140069566268,0.6983872066314192,0.703228597208068,0.6983872066313417,0.6827140069564813,0.061805904857271915,0.04148839700868135,0.035024223089604574,0.04148839700876645,0.0618059048574104,0.0,0.0,0.0,0.0,0.0,off,off,off,off,off
74.49999999999663,0.3,13.349999999998355,-15.695768009050823,-12.801895077611675,-11.84796765157995,-12.801895077626625,-15.695768009082428,-19.594052430042865,-19.594052430058753,0.6827449540228929,0.6984439065203136,0.7032936718173872,0.6984439065202429,0.6827449540227568,0.06202851543194851,0.04165141320329404,0.03516703222024766,0.04165141320337946,0.06202851543208762,0.0,0.0,0.0,0.0,0.0,off,off,off,off,off
74.59999999999663,0.3,13.379999999998349,-15.68545954733105,-12.791100489842904,-11.836987475161266,-12.79110048985757,-15.68545954736004,-19.584220276369194,-19.584220276385025,0.6827754205875411,0.6985001532355686,0.7033582995011635,0.6985001532354989,0.6827754205874119,0.06225110163565253,0.04181435888111641,0.03530975670707095,0.0418143588812021,0.06225110163579207,0.0,0.0,0.0,0.0,0.0,off,off,off,off,off
74.69999999999662,0.3,13.409999999998343,-15.675154267856328,-12.780313010895782,-11.826015830102733,-12.78031301091255,-15.675154267888331,-19.574387794452775,-19.574387794468606,0.682805409852731,0.6985559500051313,0.7034224834729448,0.6985559500050555,0.6828054098525925,0.062473662518393654,0.0419772332947759,0.035452395882510895,0.04197723329486188,0.06247366251853376,0.0,0.0,0.0,0.0,0.0,off,off,off,off,off
74.79999999999661,0.3,13.439999999998337,-15.664852142102745,-12.769532584633396,-11.815052655371574,-12.769532584651756,-15.66485214213725,-19.564554994062092,-19.56455499407798,0.6828349249958642,0.6986113000321249,0.7034862269219998,0.6986113000320445,0.6828349249957186,0.06269619713500951,0.042140035701027964,0.03559494908298082,0.04214003570111431,0.0626961971351503,0.0,0.0,0.0,0.0,0.0,off,off,off,off,off
74.89999999999661,0.3,13.46999999999833,-15.65455314197402,-12.758759155379664,-11.804097890226444,-12.75875915539865,-15.654553142010798,-19.554721884858793,-19.55472188487468,0.6828639691698934,0.6986662064951623,0.7035495330135327,0.69866620649508,0.6828639691697419,0.06291870454511629,0.04230276536070758,0.03573741564881974,0.04230276536079432,0.06291870454525787,0.0,0.0,0.0,0.0,0.0,off,off,off,off,off
74.9999999999966,0.3,13.499999999998325,-15.644257239809406,-12.747992667929452,-11.793151474231024,-12.747992667950655,-15.644257239843341,-19.544888476398796,-19.544888476414712,0.6828925455035418,0.698720672548556,0.703612404888885,0.6987206725484677,0.6828925455033974,0.06314118381306129,0.042465421538681866,0.035879794924243355,0.042465421538769074,0.06314118381320365,0.0,0.0,0.0,0.0,0.0,off,off,off,off,off
75.0999999999966,0.3,13.529999999998319,-15.633964408352824,-12.737233067536351,-11.782213347237814,-12.737233067558464,-15.633964408382212,-19.53505477813414,-19.535054778150084,0.6829206571016219,0.6987747013225881,0.7036748456658185,0.6987747013224967,0.6829206571014903,0.0633636340078767,0.04262800350380479,0.0360220862572962,0.04262800350389253,0.06336363400801968,0.0,0.0,0.0,0.0,0.0,off,off,off,off,off
75.19999999999659,0.3,13.559999999998313,-15.623674620755935,-12.726480299916034,-11.771283449402006,-12.726480299939396,-15.62367462078248,-19.52522079941437,-19.525220799430343,0.6829483070452643,0.6988282959237354,0.70373685843871,0.6988282959236405,0.6829483070451401,0.06358605420323445,0.04279051052887283,0.0361642889998054,0.042790510528961115,0.06358605420337787,0.0,0.0,0.0,0.0,0.0,off,off,off,off,off
75.29999999999659,0.3,13.589999999998307,-15.613387850571712,-12.715734311236588,-11.760361721188815,-12.715734311259155,-15.613387850599622,-19.5153865494878,-19.51538654950383,0.6829754983921644,0.6988814594349241,0.7037984462787629,0.6988814594348315,0.6829754983920359,0.06380844347740283,0.0429529418905825,0.036306402507335966,0.0429529418906713,0.0638084434775467,0.0,0.0,0.0,0.0,0.0,off,off,off,off,off
75.39999999999658,0.3,13.619999999998301,-15.603104071738699,-12.704995048113915,-11.74944810336973,-12.704995048135572,-15.60310407176138,-19.505552037503122,-19.505552037519152,0.6830022341768531,0.6989341949157724,0.7038596122342408,0.6989341949156823,0.6830022341767388,0.06403080091320434,0.04311529686948898,0.03644842613914778,0.043115296869578185,0.06403080091334863,0.0,0.0,0.0,0.0,0.0,off,off,off,off,off
75.49999999999658,0.3,13.649999999998295,-15.592823258570604,-12.6942624576144,-11.738542537029787,-12.694262457634977,-15.592823258590386,-19.495717272510376,-19.495717272526434,0.6830285174109509,0.6989865054028033,0.703920359330678,0.6989865054027157,0.683028517410844,0.06425312559797425,0.043277574749966054,0.036590359258153474,0.04327757475005566,0.0642531255981188,0.0,0.0,0.0,0.0,0.0,off,off,off,off,off
75.59999999999657,0.3,13.679999999998289,-15.58254538575568,-12.683536487242861,-11.727644963560635,-12.68353648726719,-15.582545385776086,-19.485882263462656,-19.48588226347877,0.6830543510833899,0.6990383939096989,0.7039806905711146,0.6990383939096005,0.6830543510832808,0.06447541662352055,0.04343977482016737,0.03673220123087794,0.04343977482025741,0.06447541662366542,0.0,0.0,0.0,0.0,0.0,off,off,off,off,off
75.69999999999656,0.3,13.709999999998283,-15.572270428345007,-12.672817084945564,-11.716755324682822,-12.672817084969608,-15.572270428368142,-19.476047019217447,-19.476047019233505,0.6830797381606653,0.6990898634275127,0.7040406089362554,0.6990898634274149,0.6830797381605487,0.06469767308608537,0.043601896371989024,0.03687395142741898,0.04360189637207964,0.0646976730862306,0.0,0.0,0.0,0.0,0.0,off,off,off,off,off
75.79999999999656,0.3,13.739999999998277,-15.561998361740336,-12.66210419910135,-11.705873562427712,-12.662104199127157,-15.561998361760516,-19.46621154853733,-19.466211548553446,0.6831046815870847,0.6991409169249054,0.704100117384734,0.6991409169248032,0.6831046815869763,0.06491989408630663,0.043763938701032956,0.037015609221409215,0.04376393870112416,0.06491989408645234,0.0,0.0,0.0,0.0,0.0,off,off,off,off,off
75.89999999999655,0.3,13.769999999998271,-15.551729161689252,-12.651397778521186,-11.694999619145563,-12.651397778548926,-15.551729161711364,-19.456375860091924,-19.456375860108096,0.6831291842849947,0.6991915573483602,0.7041592188533037,0.6991915573482523,0.6831291842848808,0.06514207872918139,0.04392590110657176,0.03715717398997915,0.04392590110666358,0.06514207872932756,0.0,0.0,0.0,0.0,0.0,off,off,off,off,off
75.99999999999655,0.3,13.799999999998265,-15.54146280428472,-12.640697772445833,-11.684133437523258,-12.640697772474368,-15.541462804307741,-19.4465399624587,-19.44653996247493,0.6831532491549889,0.6992417876223962,0.7042179162569989,0.6992417876222858,0.6831532491548721,0.06536422612403003,0.044087782891514396,0.03729864511372134,0.04408778289160682,0.06536422612417668,0.0,0.0,0.0,0.0,0.0,off,off,off,off,off
76.09999999999654,0.3,13.82999999999826,-15.531199265944622,-12.630004130534417,-11.673274960551623,-12.630004130564146,-15.531199265966222,-19.436703864124325,-19.43670386414064,0.6831768790761753,0.6992916106498082,0.70427621248943,0.6992916106496943,0.6831768790760621,0.06558633538446107,0.04424958336237294,0.03744002197665562,0.044249583362466066,0.06558633538460812,0.0,0.0,0.0,0.0,0.0,off,off,off,off,off
76.19999999999654,0.3,13.859999999998253,-15.520938523413292,-12.619316802870799,-11.662424131567377,-12.619316802897913,-15.520938523431312,-19.426867573485765,-19.426867573502022,0.6832000769063743,0.6993410293118505,0.7043341104228714,0.6993410293117436,0.6832000769062709,0.06580840562833694,0.044411301829230296,0.03758130396619516,0.04441130182932404,0.06580840562848438,0.0,0.0,0.0,0.0,0.0,off,off,off,off,off
76.29999999999653,0.3,13.889999999998247,-15.510680553750092,-12.608635739946124,-11.651580894222207,-12.608635739970794,-15.510680553767713,-19.417031098851425,-19.417031098867653,0.6832228454823529,0.6993900464684888,0.7043916129085519,0.6993900464683882,0.6832228454822502,0.06603043597774091,0.044572937605708726,0.037722490473114004,0.04457293760580298,0.06603043597788862,0.0,0.0,0.0,0.0,0.0,off,off,off,off,off
76.39999999999652,0.3,13.919999999998241,-15.500425334206568,-12.597960892673086,-11.640745192511133,-12.597960892698325,-15.500425334226577,-19.407194448442283,-19.407194448458455,0.6832451876177528,0.6994386649585548,0.7044487227767698,0.6994386649584534,0.6832451876176436,0.0662524255589011,0.04473449000893937,0.03786358089151511,0.044734490009034136,0.06625242555904919,0.0,0.0,0.0,0.0,0.0,off,off,off,off,off
76.49999999999652,0.3,13.949999999998235,-15.490172841539504,-12.587292212360182,-11.629916970747615,-12.587292212383261,-15.490172841554966,-19.397357630391184,-19.397357630407328,0.6832671061185936,0.6994868876000183,0.7045054428371619,0.6994868875999221,0.6832671061184971,0.0664743734969006,0.04489595835953293,0.03800457461879968,0.04489595835962812,0.06647437349704903,0.0,0.0,0.0,0.0,0.0,off,off,off,off,off
76.59999999999651,0.3,13.97999999999823,-15.479923053159325,-12.576629650714949,-11.619096173583046,-12.576629650734844,-15.479923053172627,-19.387520652743717,-19.38752065275989,0.6832886038288256,0.6995347171901647,0.7045617758788417,0.6995347171900773,0.6832886038287345,0.0666962788760181,0.04505734198155032,0.03814547105563668,0.04505734198164596,0.06669627887616673,0.0,0.0,0.0,0.0,0.0,off,off,off,off,off
76.6999999999965,0.3,14.009999999998223,-15.469675947064673,-12.565973159830321,-11.608282745999816,-12.565973159852717,-15.469675947080361,-19.37768352346032,-19.37768352347649,0.6833096836051796,0.6995821565058286,0.7046177246706095,0.6995821565057333,0.6833096836050818,0.0669181406936721,0.04521864020247483,0.038286269605934196,0.045218640202570874,0.06691814069382093,0.0,0.0,0.0,0.0,0.0,off,off,off,off,off
76.7999999999965,0.3,14.039999999998217,-15.459431501628842,-12.555322692209927,-11.597476633315068,-12.555322692232153,-15.459431501645327,-19.367846250417813,-19.36784625043404,0.6833303482849039,0.6996292083035095,0.7046732919611292,0.6996292083034148,0.6833303482848033,0.0671399578850316,0.04537985235318457,0.038426969676810654,0.045379852353281104,0.06713995788518078,0.0,0.0,0.0,0.0,0.0,off,off,off,off,off
76.8999999999965,0.3,14.069999999998211,-15.44918969554061,-12.544678200742851,-11.586677781183084,-12.544678200765361,-15.449189695559994,-19.358008841410538,-19.358008841426795,0.6833506006696098,0.6996758753196294,0.7047284804791106,0.6996758753195335,0.6833506006695013,0.06736172937868544,0.04554097776792623,0.038567570678567475,0.04554097776802326,0.06736172937883506,0.0,0.0,0.0,0.0,0.0,off,off,off,off,off
76.99999999999649,0.3,14.099999999998206,-15.438950507804861,-12.534039638711079,-11.575886135585733,-12.534039638734498,-15.438950507830498,-19.34817130415155,-19.348171304167863,0.6833704435223871,0.6997221602706931,0.7047832929335186,0.6997221602705952,0.6833704435222613,0.06758345413242123,0.045702015784288966,0.03870807202466216,0.0457020157843865,0.0675834541325715,0.0,0.0,0.0,0.0,0.0,off,off,off,off,off
77.09999999999648,0.3,14.1299999999982,-15.428713917713594,-12.52340695978586,-11.565101642844184,-12.523406959809392,-15.428713917739401,-19.33833364627344,-19.33833364628981,0.68338987956992,0.6997680658534825,0.7048377320137206,0.6997680658533837,0.6833898795697932,0.06780513114556988,0.04586296574317935,0.03884847313168192,0.045862965743277403,0.06780513114572088,0.0,0.0,0.0,0.0,0.0,off,off,off,off,off
77.19999999999648,0.3,14.159999999998194,-15.418479904831543,-12.512780118022192,-11.554324249617423,-12.512780118042656,-15.418479904858998,-19.32849587532965,-19.328495875345993,0.6834089115058177,0.6998135947452466,0.7048918003896717,0.6998135947451561,0.6834089115056866,0.06802675945854224,0.04602382698879684,0.038988773419318466,0.04602382698889536,0.06802675945869394,0.0,0.0,0.0,0.0,0.0,off,off,off,off,off
77.29999999999647,0.3,14.189999999998188,-15.408248449002883,-12.50215906785246,-11.543553902900157,-12.502159067868945,-15.408248449028406,-19.318657998795288,-19.318657998811574,0.6834275419938478,0.6998587496038994,0.7049455007120972,0.6998587496038194,0.6834275419937217,0.06824833814743898,0.04618459886860986,0.039128972310343374,0.04618459886870867,0.06824833814759133,0.0,0.0,0.0,0.0,0.0,off,off,off,off,off
77.39999999999647,0.3,14.219999999998182,-15.3980195303227,-12.491543764089272,-11.532790550025595,-12.491543764108997,-15.398019530351633,-19.30882002406804,-19.308820024084355,0.683445773670797,0.6999035330681836,0.704998835612657,0.6999035330680948,0.6834457736706615,0.0684698663176254,0.04634528073333205,0.03926906923058367,0.04634528073343122,0.06846986631777832,0.0,0.0,0.0,0.0,0.0,off,off,off,off,off
77.49999999999646,0.3,14.249999999998176,-15.387793129152726,-12.480934161922733,-11.522034138658569,-12.480934161941775,-15.387793129181205,-19.298981958469284,-19.298981958485626,0.6834636091486912,0.6999479477578523,0.7050518077041414,0.6999479477577653,0.683463609148557,0.0686913430978388,0.046505871936900145,0.03940906360889843,0.04650587193699972,0.06869134309799234,0.0,0.0,0.0,0.0,0.0,off,off,off,off,off
77.59999999999646,0.3,14.27999999999817,-15.37756922609691,-12.470330216914249,-11.511284616806165,-12.470330216934428,-15.377569226121636,-19.289143809245076,-19.289143809261333,0.683481051016642,0.6999919962738554,0.7051044195806084,0.6999919962737646,0.6834810510165177,0.06891276763530547,0.046666371836451385,0.039548954877155804,0.046666371836551375,0.06891276763545955,0.0,0.0,0.0,0.0,0.0,off,off,off,off,off
77.69999999999645,0.3,14.309999999998164,-15.367347802002428,-12.459731884995904,-11.500541932815509,-12.459731885016538,-15.367347802028803,-19.279305583566526,-19.27930558358284,0.6834981018422346,0.700035681198507,0.7051566738175598,0.7000356811984153,0.6834981018421056,0.06913413909189006,0.04682677979230189,0.03968874247021076,0.04682677979240237,0.06913413909204467,0.0,0.0,0.0,0.0,0.0,off,off,off,off,off
77.79999999999644,0.3,14.339999999998158,-15.357128837958214,-12.449139122458746,-11.489806035361767,-12.449139122476822,-15.357128837983055,-19.269467288531473,-19.269467288547787,0.6835147641726128,0.7000790050956888,0.7052085729721401,0.7000790050956038,0.6835147641724874,0.06935545664114164,0.04698709516792553,0.03982842582588323,0.04698709516802644,0.06935545664129675,0.0,0.0,0.0,0.0,0.0,off,off,off,off,off
77.89999999999644,0.3,14.369999999998152,-15.346912315282054,-12.438551885967115,-11.479076873461963,-12.438551885981894,-15.346912315309282,-19.259628931164656,-19.259628931181112,0.6835310405353544,0.7001219705109681,0.7052601195832614,0.7001219705108923,0.6835310405352223,0.06957671946606246,0.047147317329933054,0.039968004384936535,0.047147317330034265,0.06957671946621816,0.0,0.0,0.0,0.0,0.0,off,off,off,off,off
77.99999999999643,0.3,14.399999999998146,-15.336698215527633,-12.427970132533574,-11.468354396476855,-12.42797013254949,-15.336698215554009,-19.249790518419076,-19.249790518435617,0.6835469334391199,0.7001645799718338,0.7053113161717619,0.7001645799717545,0.68354693343899,0.06979792675743988,0.04730744564805204,0.04010747759105715,0.047307445648153514,0.06979792675759613,0.0,0.0,0.0,0.0,0.0,off,off,off,off,off
78.09999999999643,0.3,14.42999999999814,-15.32648652046339,-12.417393819534993,-11.457638554094842,-12.417393819549716,-15.326486520494825,-19.239952057176538,-19.239952057193136,0.6835624453742368,0.7002068359878088,0.7053621652406089,0.7002068359877327,0.6835624453740929,0.0700190777126054,0.04746747949510683,0.04024684489083407,0.0474674794952086,0.0700190777127623,0.0,0.0,0.0,0.0,0.0,off,off,off,off,off
78.19999999999642,0.3,14.459999999998134,-15.316277212088664,-12.406822904700732,-11.446929296341011,-12.406822904714886,-15.316277212118734,-19.23011355424842,-19.230113554265102,0.6835775788130851,0.7002487410506416,0.705412669275034,0.7002487410505668,0.6835775788129443,0.07024017153451632,0.04762741824699936,0.040386105733738964,0.047627418247101476,0.07024017153467386,0.0,0.0,0.0,0.0,0.0,off,off,off,off,off
78.29999999999642,0.3,14.489999999998128,-15.306070272604074,-12.396257346107575,-11.43622657358452,-12.396257346123889,-15.306070272633576,-19.22027501637683,-19.220275016393487,0.6835923362105316,0.7002902976344761,0.7054628307426658,0.7002902976343951,0.6835923362103925,0.0704612074310768,0.0477872612826902,0.04052525957210688,0.047787261282792697,0.0704612074312351,0.0,0.0,0.0,0.0,0.0,off,off,off,off,off
78.39999999999641,0.3,14.519999999998122,-15.29586568443068,-12.38569710218826,-11.425530336525583,-12.385697102202698,-15.295865684464104,-19.21043645023488,-19.21043645025165,0.6836067200041763,0.7003315081959823,0.7055126520937228,0.7003315081959061,0.6836067200040258,0.07068218461463774,0.04794700798417992,0.04066430586111755,0.04794700798428276,0.07068218461479672,0.0,0.0,0.0,0.0,0.0,off,off,off,off,off
78.4999999999964,0.3,14.549999999998116,-15.285663430194575,-12.375142131707946,-11.414840536199847,-12.375142131724488,-15.285663430225384,-19.200597862428083,-19.20059786244485,0.6836207326146484,0.7003723751745728,0.7055621357611519,0.7003723751744912,0.6836207326145056,0.07090310230162837,0.0481066577364909,0.040803244058776604,0.04810665773659406,0.07090310230178799,0.0,0.0,0.0,0.0,0.0,off,off,off,off,off
78.5999999999964,0.3,14.57999999999811,-15.275463492726374,-12.364592393784505,-11.404157123974244,-12.364592393800251,-15.275463492756558,-19.190759259494598,-19.190759259511424,0.6836343764458369,0.700412900992499,0.7056112841607927,0.7004129009924192,0.683634376445695,0.07112395971228508,0.04826620992764945,0.04094207362589751,0.04826620992775304,0.07112395971244537,0.0,0.0,0.0,0.0,0.0,off,off,off,off,off
78.6999999999964,0.3,14.609999999998104,-15.265265855056498,-12.354047847871357,-11.39348005154767,-12.354047847887102,-15.265265855088728,-19.180920647906333,-19.18092064792313,0.6836476538850994,0.7004530880550434,0.7056600996915218,0.7004530880549635,0.6836476538849516,0.07134475607045287,0.0484256639486685,0.04108079402608371,0.04842566394877244,0.07134475607061379,0.0,0.0,0.0,0.0,0.0,off,off,off,off,off
78.79999999999639,0.3,14.639999999998098,-15.255070500406589,-12.343508453755476,-11.382809270964856,-12.34350845377071,-15.255070500439388,-19.17108203406937,-19.17108203408617,0.6836605673034754,0.7004929387506765,0.7057085847353627,0.7004929387505981,0.6836605673033256,0.07156549060343843,0.048585019193530414,0.04121940472571155,0.048585019193634685,0.07156549060360003,0.0,0.0,0.0,0.0,0.0,off,off,off,off,off
78.89999999999638,0.3,14.669999999998092,-15.244877412195649,-12.332974171559329,-11.372144734591245,-12.332974171575358,-15.244877412229584,-19.16124342432485,-19.161243424341677,0.6836731190558352,0.7005324554511936,0.7057567416577011,0.7005324554511125,0.6836731190556828,0.0717861625419031,0.04874427505916996,0.041357905193913275,0.0487442750592746,0.07178616254206541,0.0,0.0,0.0,0.0,0.0,off,off,off,off,off
78.99999999999638,0.3,14.699999999998086,-15.234686574032708,-12.322444961740587,-11.361486395127315,-12.3224449617544,-15.234686574068405,-19.15140482494988,-19.151404824966704,0.6836853114810645,0.7005716405118589,0.7058045728073877,0.7005716405117841,0.6836853114809068,0.07200677111978396,0.048903430945458175,0.04149629490256038,0.048903430945563174,0.07200677111994706,0.0,0.0,0.0,0.0,0.0,off,off,off,off,off
79.09999999999637,0.3,14.72999999999808,-15.224497969707159,-12.311920785076552,-11.350834205605452,-12.311920785087068,-15.22449796974496,-19.14156624215795,-19.141566242174832,0.683697146902241,0.7006104962715919,0.7058520805168894,0.7006104962715256,0.683697146902077,0.07222731557423612,0.04906248625518611,0.041634573326247135,0.04906248625529131,0.07222731557440004,0.0,0.0,0.0,0.0,0.0,off,off,off,off,off
79.19999999999636,0.3,14.759999999998074,-15.214311583200015,-12.301401602671149,-11.340188119384209,-12.301401602684564,-15.214311583239919,-19.131727682099864,-19.131727682116775,0.6837086276267497,0.7006490250530867,0.7058992671024444,0.7006490250530121,0.6837086276265796,0.07244779514558983,0.04922144039404862,0.041772739942274886,0.049221440394154006,0.0724477951457546,0.0,0.0,0.0,0.0,0.0,off,off,off,off,off
79.29999999999636,0.3,14.789999999998068,-15.204127398669527,-12.290887375956572,-11.329548090158823,-12.290887375970556,-15.20412739870693,-19.121889150864178,-19.12188915088109,0.683719755946466,0.7006872291629459,0.7059461348641725,0.7006872291628697,0.6837197559463023,0.07266820907731913,0.049380292770628935,0.04191079423063619,0.049380292770734614,0.07266820907748481,0.0,0.0,0.0,0.0,0.0,off,off,off,off,off
79.39999999999635,0.3,14.819999999998062,-15.193945400438793,-12.280378066684364,-11.318914071951895,-12.28037806669721,-15.19394540047955,-19.11205065447811,-19.11205065449502,0.683730534137926,0.7007251108918434,0.7059926860862383,0.7007251108917706,0.6837305341377531,0.07288855661601831,0.04953904279638354,0.04204873567399985,0.04953904279648955,0.07288855661618483,0.0,0.0,0.0,0.0,0.0,off,off,off,off,off
79.49999999999635,0.3,14.849999999998056,-15.183765573017752,-12.269873636916827,-11.308286019102468,-12.269873636928708,-15.183765573059532,-19.10221219890795,-19.102212198924917,0.6837409644624014,0.7007626725146817,0.7060389230370148,0.700762672514611,0.683740964462225,0.0731088370113842,0.04969768988562689,0.04218656375769551,0.049697689885733205,0.07310883701155166,0.0,0.0,0.0,0.0,0.0,off,off,off,off,off
79.59999999999634,0.3,14.87999999999805,-15.173587901084375,-12.2593740490301,-11.297663886285306,-12.259374049044595,-15.173587901123483,-19.092373790060037,-19.09237379007712,0.6837510491660811,0.7007999162907179,0.7060848479691653,0.7007999162906395,0.6837510491659117,0.0733290495162031,0.049856233455516444,0.04232427796969884,0.04985623345562309,0.07332904951637154,0.0,0.0,0.0,0.0,0.0,off,off,off,off,off
79.69999999999634,0.3,14.909999999998044,-15.163412369479602,-12.248879265724725,-11.287047628495372,-12.248879265740243,-15.163412369520415,-19.08253543378109,-19.08253543379837,0.6837607904802165,0.7008368444636649,0.7061304631198185,0.7008368444635842,0.6837607904800425,0.07354919338634011,0.0500146729260382,0.042461877800617324,0.05001467292614523,0.07354919338650938,0.0,0.0,0.0,0.0,0.0,off,off,off,off,off
79.79999999999633,0.3,14.939999999998038,-15.153238963216836,-12.238389249994327,-11.276437201053568,-12.238389250014109,-15.15323896325242,-19.072697135859215,-19.072697135876552,0.6837701906212232,0.7008734592619119,0.7061757707106814,0.7008734592618191,0.6837701906210634,0.07376926788073093,0.0501730077199925,0.04259936274367569,0.05017300772009999,0.07376926788090096,0.0,0.0,0.0,0.0,0.0,off,off,off,off,off
79.89999999999633,0.3,14.969999999998032,-15.143067667460798,-12.227903965150063,-11.265832559604462,-12.227903965173653,-15.143067667497576,-19.062858902023976,-19.062858902041313,0.6837792517908614,0.7009097628985822,0.7062207729481776,0.7009097628984791,0.6837792517906979,0.07398927226137474,0.05033123726297954,0.04273673229470223,0.05033123726308763,0.07398927226154542,0.0,0.0,0.0,0.0,0.0,off,off,off,off,off
79.99999999999632,0.3,14.999999999998026,-15.132898467546966,-12.217423374805833,-11.255233660108843,-12.217423374828854,-15.132898467583345,-19.053020737947435,-19.053020737964886,0.6837879761763107,0.7009457575717042,0.706265472023593,0.7009457575716026,0.6837879761761481,0.07420920579332833,0.050489360983385724,0.042873985952114925,0.050489360983494394,0.07420920579349966,0.0,0.0,0.0,0.0,0.0,off,off,off,off,off
80.09999999999631,0.3,15.02999999999802,-15.122731348961054,-12.206947442874082,-11.244640458856452,-12.206947442898013,-15.12273134899749,-19.04318264924484,-19.04318264926235,0.6837963659503451,0.7009814454643473,0.7063098701131679,0.7009814454642432,0.6837963659501818,0.0744290677447008,0.05064737831236988,0.043011123216907976,0.05064737831247918,0.07442906774487285,0.0,0.0,0.0,0.0,0.0,off,off,off,off,off
80.19999999999631,0.3,15.059999999998015,-15.112566297347371,-12.196476133568638,-11.234052912450181,-12.196476133590977,-15.112566297385854,-19.033344641474855,-19.03334464149242,0.6838044232714343,0.7010168287447405,0.706353969378265,0.7010168287446401,0.683804423271265,0.07464885738664874,0.05080528868384984,0.04314814359263871,0.05080528868395967,0.07464885738682157,0.0,0.0,0.0,0.0,0.0,off,off,off,off,off
80.2999999999963,0.3,15.089999999998009,-15.102403298498018,-12.186009411397606,-11.223470977806528,-12.186009411421935,-15.10240329853957,-19.02350672014032,-19.023506720158053,0.6838121502838898,0.701051909566413,0.7063977719654926,0.7010519095663073,0.6838121502837119,0.0748685739933711,0.05096309153448884,0.04328504658541409,0.05096309153459918,0.07486857399354478,0.0,0.0,0.0,0.0,0.0,off,off,off,off,off
80.3999999999963,0.3,15.119999999998003,-15.092242338367726,-12.175547241168147,-11.212894612168839,-12.175547241192135,-15.092242338410813,-19.01366889068896,-19.01366889070681,0.683819549117945,0.7010866900683058,0.706441280006787,0.7010866900682008,0.6838195491177625,0.07508821684210473,0.051120786303682705,0.043421831703878234,0.051120786303793624,0.07508821684227941,0.0,0.0,0.0,0.0,0.0,off,off,off,off,off
80.49999999999629,0.3,15.149999999997997,-15.082083403044237,-12.165089587972147,-11.202323773087812,-12.16508958799443,-15.08208340308687,-19.00383115851386,-19.003831158531767,0.6838266218899528,0.7011211723749284,0.7064844956195907,0.7011211723748281,0.683826621889771,0.0753077852131197,0.051278372433546805,0.04355849845919977,0.0512783724336582,0.07530778521329529,0.0,0.0,0.0,0.0,0.0,off,off,off,off,off
80.59999999999629,0.3,15.17999999999799,-15.071926478767296,-12.154636417194013,-11.191758417932249,-12.15463641721675,-15.071926478808848,-18.993993528953865,-18.993993528971913,0.6838333707024477,0.70115535859646,0.7065274209457296,0.7011553585963576,0.6838333707022688,0.07552727838971388,0.05143584936890305,0.043695046354044975,0.051435849369015,0.07552727838989035,0.0,0.0,0.0,0.0,0.0,off,off,off,off,off
80.69999999999628,0.3,15.209999999997985,-15.061771551919037,-12.144187694483662,-11.181198503208122,-12.144187694507195,-15.061771551957975,-18.984156007294445,-18.98415600731252,0.6838397976442904,0.7011892508289364,0.7065700584891007,0.7011892508288321,0.6838397976441183,0.07574669565820838,0.05159321655726765,0.04383147461534452,0.051593216557380105,0.0757466956583857,0.0,0.0,0.0,0.0,0.0,off,off,off,off,off
80.79999999999627,0.3,15.239999999997979,-15.051618609022796,-12.133743385764717,-11.170643986663208,-12.133743385788023,-15.051618609059574,-18.974318598768036,-18.974318598786056,0.6838459047907797,0.701222851154349,0.706612410932311,0.701222851154245,0.6838459047906136,0.07596603630794223,0.051750473448837965,0.043967781778299984,0.05175047344895094,0.07596603630812017,0.0,0.0,0.0,0.0,0.0,off,off,off,off,off
80.89999999999627,0.3,15.269999999997973,-15.041467636737764,-12.123303457228928,-11.160094826632076,-12.123303457253598,-15.041467636773802,-18.96448130855464,-18.964481308572687,0.6838516942037841,0.7012561616407723,0.7066544807634322,0.7012561616406647,0.6838516942036195,0.07618529963126668,0.05190761949648045,0.04410396614626732,0.051907619496593886,0.07618529963144535,0.0,0.0,0.0,0.0,0.0,off,off,off,off,off
80.99999999999626,0.3,15.299999999997967,-15.0313186218645,-12.112867875352777,-11.149550981860273,-12.112867875376196,-15.031318621898095,-18.95464414178224,-18.9546441418004,0.6838571679318337,0.7012891843424341,0.7066962702905404,0.7012891843423296,0.6838571679316757,0.07640448492353998,0.052064654155718065,0.04424002627997228,0.052064654155832016,0.07640448492371933,0.0,0.0,0.0,0.0,0.0,off,off,off,off,off
81.09999999999626,0.3,15.32999999999796,-15.021171551330895,-12.102436606881497,-11.13901241147613,-12.102436606902529,-15.021171551364205,-18.944807103527722,-18.944807103545912,0.6838623280102719,0.7013219212998716,0.7067377816983204,0.7013219212997733,0.6838623280101143,0.07662359148312133,0.05222157688471869,0.04437596106960316,0.05222157688483307,0.0766235914833013,0.0,0.0,0.0,0.0,0.0,off,off,off,off,off
81.19999999999625,0.3,15.359999999997955,-15.011026412203535,-12.092009618832037,-11.12847907494887,-12.092009618856991,-15.011026412237129,-18.93497019881687,-18.93497019883506,0.6838671764613315,0.7013543745400331,0.706779017086472,0.7013543745399239,0.6838671764611725,0.07684261861136468,0.05237838714428281,0.04451176966266008,0.052378387144397714,0.07684261861154536,0.0,0.0,0.0,0.0,0.0,off,off,off,off,off
81.29999999999625,0.3,15.389999999997949,-15.000883191676621,-12.08158687850181,-11.11795093209679,-12.081586878532335,-15.000883191713683,-18.925133432625103,-18.925133432643435,0.6838717152942729,0.7013865460763679,0.7068199784945821,0.7013865460762428,0.6838717152941043,0.07706156561261286,0.05253508439783207,0.044647451385119254,0.05253508439794768,0.07706156561279427,0.0,0.0,0.0,0.0,0.0,off,off,off,off,off
81.39999999999624,0.3,15.419999999997943,-14.9907418770768,-12.07116835345522,-11.107427943059918,-12.07116835348063,-14.990741877115056,-18.915296809878186,-18.915296809896603,0.6838759465054787,0.7014184379089689,0.7068606679186504,0.7014184379088584,0.6838759465053058,0.07728043179419085,0.052691668111397846,0.04478300568232646,0.052691668111514114,0.07728043179437304,0.0,0.0,0.0,0.0,0.0,off,off,off,off,off
81.49999999999623,0.3,15.449999999997937,-14.980602455853216,-12.060754011513097,-11.096910068315879,-12.060754011542542,-14.980602455890164,-18.905460335452403,-18.90546033547085,0.6838798720785848,0.7014500520247112,0.7069010873220053,0.7014500520245894,0.6838798720784157,0.07749921646639926,0.052848137753609296,0.044918432078278725,0.05284813775372615,0.07749921646658224,0.0,0.0,0.0,0.0,0.0,off,off,off,off,off
81.59999999999623,0.3,15.479999999997931,-14.97046491558234,-12.05034382077838,-11.086397268649648,-12.05034382080703,-14.9704649156198,-18.895624014175297,-18.895624014193714,0.6838834939845738,0.7014813903972882,0.706941238642706,0.7014813903971682,0.683883493984403,0.07771791894250726,0.05300449279568227,0.04505373014823813,0.05300449279579985,0.077717918942691,0.0,0.0,0.0,0.0,0.0,off,off,off,off,off
81.69999999999622,0.3,15.509999999997925,-14.96032924396087,-12.039937749610203,-11.075889505167197,-12.03993774963675,-14.960329244001912,-18.88578785082592,-18.885787850844395,0.6838868141818965,0.7015124549873859,0.7069811237983947,0.7015124549872714,0.6838868141817155,0.07793653853874596,0.0531607327114083,0.045188899500461226,0.05316073271152648,0.0779365385389305,0.0,0.0,0.0,0.0,0.0,off,off,off,off,off
81.79999999999622,0.3,15.539999999997919,-14.950195428814652,-12.029535766634297,-11.065386739278665,-12.02953576665658,-14.950195428855238,-18.87595185013552,-18.87595185015411,0.683889834616551,0.701543247742762,0.7070207446896088,0.701543247742659,0.6838898346163707,0.07815507457430072,0.053316856977143355,0.045323939764062196,0.05331685697726203,0.0781550745744862,0.0,0.0,0.0,0.0,0.0,off,off,off,off,off
81.89999999999621,0.3,15.569999999997913,-14.940063458079862,-12.019137840729854,-11.05488893270632,-12.019137840751966,-14.940063458126815,-18.866116016788,-18.86611601680667,0.6838925572222336,0.7015737705983829,0.7070601032019461,0.70157377059828,0.6838925572220358,0.07837352637130426,0.053472865071796896,0.04545885058098189,0.05347286507191602,0.07837352637149071,0.0,0.0,0.0,0.0,0.0,off,off,off,off,off
81.9999999999962,0.3,15.599999999997907,-14.929933319820293,-12.008743941040962,-11.044396047477562,-12.008743941063244,-14.929933319869178,-18.85628035542021,-18.85628035543897,0.6838949839203966,0.7016040254764954,0.7070992012075422,0.7016040254763917,0.6838949839201928,0.07859189325482874,0.05362875647682093,0.04559363160070134,0.05362875647694044,0.07859189325501632,0.0,0.0,0.0,0.0,0.0,off,off,off,off,off
82.0999999999962,0.3,15.629999999997901,-14.919805002216037,-11.99835403696801,-11.033908045911858,-11.998354036986655,-14.919805002262592,-18.846444870622634,-18.846444870641477,0.6838971166203726,0.7016340142867502,0.7071380405660822,0.7016340142866563,0.683897116620175,0.07881017455287832,0.0537845306761995,0.04572828247678736,0.05378453067631932,0.07881017455306696,0.0,0.0,0.0,0.0,0.0,off,off,off,off,off
82.1999999999962,0.3,15.659999999997895,-14.909678493549734,-11.98796809816389,-11.02342489064148,-11.987968098182819,-14.909678493599358,-18.836609566939643,-18.8366095669586,0.6838989572195161,0.7016637389263136,0.7071766231254005,0.7016637389262188,0.6838989572193102,0.07902836959638129,0.05394018715643794,0.0458628028646601,0.053940187156558,0.07902836959657093,0.0,0.0,0.0,0.0,0.0,off,off,off,off,off
82.29999999999619,0.3,15.68999999999789,-14.899553782233284,-11.977586094531318,-11.012946544583258,-11.977586094548712,-14.899553782280861,-18.82677444887014,-18.826774448889125,0.6839005076032245,0.701693201279972,0.7072149507219951,0.701693201279882,0.6839005076030235,0.07924647771918174,0.054095725406552296,0.04599719242017401,0.054095725406672686,0.07924647771937247,0.0,0.0,0.0,0.0,0.0,off,off,off,off,off
82.39999999999618,0.3,15.719999999997883,-14.889430856786134,-11.967207996233242,-11.002472970952454,-11.96720799624785,-14.889430856835418,-18.816939520867862,-18.816939520886848,0.6839017696450945,0.7017224032202034,0.7072530251812904,0.7017224032201202,0.6839017696448885,0.07946449825803217,0.054251144918059026,0.04613145079873981,0.05425114491817971,0.07946449825822391,0.0,0.0,0.0,0.0,0.0,off,off,off,off,off
82.49999999999618,0.3,15.749999999997877,-14.87930970583659,-11.956833773669587,-10.992004133257467,-11.956833773684366,-14.879309705882974,-18.8071047873419,-18.807104787360885,0.6839027452070167,0.7017513466073345,0.7072908483178514,0.7017513466072501,0.6839027452068179,0.07968243055258475,0.05440644518496468,0.046265577654804234,0.054406445185085583,0.0796824305527775,0.0,0.0,0.0,0.0,0.0,off,off,off,off,off
82.59999999999617,0.3,15.779999999997871,-14.869190318121582,-11.94646339697914,-10.981539995288813,-11.946463396995,-14.869190318168876,-18.79727025265703,-18.797270252676128,0.683903436139267,0.7017800333085618,0.7073284219355566,0.7017800333084746,0.6839034361390655,0.07990027394538322,0.0545616256986365,0.04639957264156685,0.05456162569875773,0.07990027394557693,0.0,0.0,0.0,0.0,0.0,off,off,off,off,off
82.69999999999617,0.3,15.809999999997865,-14.859072682464728,-11.936096835314231,-10.971080521084218,-11.936096835329408,-14.859072682507872,-18.787435921134232,-18.787435921153445,0.6839038442806616,0.7018084654147104,0.7073657478277925,0.7018084654146252,0.6839038442804717,0.08011802778185399,0.054716685800537755,0.0465334354108509,0.05471668580065931,0.08011802778204857,0.0,0.0,0.0,0.0,0.0,off,off,off,off,off
82.79999999999616,0.3,15.83999999999786,-14.848956787789007,-11.925734059055856,-10.960625674935272,-11.925734059071317,-14.8489567878284,-18.777601797051034,-18.777601797070332,0.6839039714586159,0.7018366452157989,0.7074028277775086,0.7018366452157127,0.6839039714584353,0.08033569141029774,0.054871624357669284,0.04666716561307493,0.054871624357791096,0.08033569141049311,0.0,0.0,0.0,0.0,0.0,off,off,off,off,off
82.89999999999615,0.3,15.869999999997853,-14.838842623105165,-11.915375039135085,-10.950175421407721,-11.915375039152991,-14.838842623142625,-18.767767884641984,-18.76776788466131,0.6839038194892656,0.7018645749146127,0.7074396635572194,0.7018645749145194,0.68390381948909,0.08055326418188055,0.05502643994643403,0.046800762897289204,0.05502643994655624,0.08055326418207663,0.0,0.0,0.0,0.0,0.0,off,off,off,off,off
82.99999999999615,0.3,15.899999999997847,-14.828730177528598,-11.90501974683292,-10.939729725340442,-11.905019746852872,-14.828730177565319,-18.75793418809866,-18.7579341881181,0.6839033901775156,0.7018922565775317,0.7074762569290541,0.7018922565774328,0.6839033901773416,0.08077074545062458,0.05518113123445428,0.04693422691125266,0.055181131234577,0.08077074545082139,0.0,0.0,0.0,0.0,0.0,off,off,off,off,off
83.09999999999614,0.3,15.929999999997841,-14.818619440279235,-11.894668153741748,-10.92928855184141,-11.89466815376386,-14.818619440316866,-18.748100711570686,-18.74810071159024,0.6839026853171272,0.7019196921629742,0.7075126096448089,0.7019196921628693,0.6839026853169504,0.08098813457339964,0.05533569711518755,0.047067557301534196,0.05533569711531086,0.08098813457359723,0.0,0.0,0.0,0.0,0.0,off,off,off,off,off
83.19999999999614,0.3,15.959999999997835,-14.808510400680575,-11.884320231731976,-10.91885186629844,-11.884320231750166,-14.808510400713828,-18.73826745916574,-18.738267459185323,0.6839017066908121,0.7019468835504679,0.7075487234459504,0.7019468835503735,0.6839017066906469,0.08120543090991433,0.05549013669277755,0.04720075371362784,0.05549013669290137,0.08120543091011266,0.0,0.0,0.0,0.0,0.0,off,off,off,off,off
83.29999999999613,0.3,15.98999999999783,-14.79840304814411,-11.873975952938679,-10.908419634363668,-11.873975952954936,-14.798403048178045,-18.728434434949975,-18.72843443496953,0.6839004560703618,0.7019738325620175,0.7075846000636962,0.7019738325619285,0.6839004560701943,0.08142263382270712,0.05564444923187835,0.04733381579207537,0.05564444923200255,0.08142263382290599,0.0,0.0,0.0,0.0,0.0,off,off,off,off,off
83.39999999999613,0.3,16.01999999999782,-14.788297372191664,-11.863635289762215,-10.897991821963501,-11.863635289776084,-14.788297372221336,-18.718601642948386,-18.71860164296797,0.6838989352166744,0.7020005409770568,0.7076202412190188,0.7020005409769743,0.6838989352165182,0.08163974267713651,0.05579863411135109,0.04746674318059061,0.055798634111475516,0.08163974267733595,0.0,0.0,0.0,0.0,0.0,off,off,off,off,off
83.49999999999612,0.3,16.049999999997816,-14.778193362430954,-11.853298214846973,-10.887568395304243,-11.853298214863344,-14.778193362461025,-18.70876908714544,-18.70876908716508,0.6838971458799086,0.7020270105428724,0.7076556486226656,0.7020270105427828,0.6838971458797513,0.08185675684137285,0.05595269078915176,0.047599535522183864,0.05595269078927649,0.0818567568415728,0.0,0.0,0.0,0.0,0.0,off,off,off,off,off
83.59999999999611,0.3,16.07999999999781,-14.768091008581507,-11.842964701091773,-10.877149320845604,-11.842964701109054,-14.768091008607485,-18.698936771485336,-18.698936771504975,0.683895089799497,0.7020532429817377,0.7076908239752651,0.702053242981645,0.6838950897993507,0.08207367568638846,0.05610661877730749,0.047732192459284034,0.056106618777432636,0.08207367568658894,0.0,0.0,0.0,0.0,0.0,off,off,off,off,off
83.69999999999611,0.3,16.109999999997804,-14.757990300447887,-11.832634721633099,-10.866734565326908,-11.83263472165072,-14.757990300471079,-18.689104699872246,-18.689104699891885,0.683892768704307,0.7020792399959008,0.7077257689672904,0.7020792399958072,0.6838927687041676,0.08229049858594899,0.056260417624489856,0.0478647136338565,0.05626041762461542,0.08229049858614987,0.0,0.0,0.0,0.0,0.0,off,off,off,off,off
83.7999999999961,0.3,16.139999999997798,-14.747891227933508,-11.822308249839068,-10.856324095744355,-11.822308249857599,-14.7478912279513,-18.679272876170955,-18.679272876190566,0.6838901843126832,0.7021050032710149,0.7077604852791591,0.7021050032709188,0.6838901843125581,0.08250722491660355,0.056414086903996574,0.04799709868751747,0.056414086904122654,0.08250722491680472,0.0,0.0,0.0,0.0,0.0,off,off,off,off,off
83.8999999999961,0.3,16.169999999997792,-14.737793781032622,-11.811985259323933,-10.845917879365345,-11.811985259340759,-14.737793781051835,-18.669441304206998,-18.669441304226524,0.6838873383325552,0.7021305344784501,0.7077949745812282,0.7021305344783583,0.6838873383324257,0.08272385405767568,0.056567626205506864,0.04812934726164378,0.05656762620563342,0.08272385405787712,0.0,0.0,0.0,0.0,0.0,off,off,off,off,off
83.99999999999609,0.3,16.199999999997786,-14.727697949846231,-11.801665723920735,-10.835515883717733,-11.801665723940403,-14.72769794986101,-18.65960998776714,-18.659609987786695,0.6838842324614748,0.7021558352769939,0.7078292385338649,0.7021558352768942,0.6838842324613572,0.08294038539125391,0.05672103512944813,0.048261458997477635,0.056721035129575104,0.08294038539145565,0.0,0.0,0.0,0.0,0.0,off,off,off,off,off
84.09999999999609,0.3,16.22999999999778,-14.717603724552362,-11.791349617697279,-10.825118076591878,-11.791349617722915,-14.7176037245639,-18.649778930599922,-18.649778930619476,0.6838808683867812,0.7021809073139323,0.7078632787874793,0.7021809073138159,0.683880868386672,0.08315681830218251,0.05687431328316406,0.048393433536226854,0.056874313283291615,0.0831568183023845,0.0,0.0,0.0,0.0,0.0,off,off,off,off,off
84.19999999999608,0.3,16.259999999997774,-14.707511095426014,-11.781036914947492,-10.814724426033195,-11.781036914972276,-14.707511095434938,-18.639948136415654,-18.639948136435123,0.6838772477856243,0.702205752225851,0.7078970969825844,0.7022057522257368,0.6838772477855225,0.08337315217805175,0.05702746027832388,0.04852527051916034,0.05702746027845213,0.08337315217825389,0.0,0.0,0.0,0.0,0.0,off,off,off,off,off
84.29999999999607,0.3,16.289999999997768,-14.697420052838197,-11.770727590186027,-10.804334900348977,-11.770727590213596,-14.697420052852237,-18.63011760888699,-18.63011760890643,0.6838733723250485,0.7022303716391916,0.707930694749821,0.7022303716390695,0.6838733723249318,0.08358938640918855,0.05718047572918492,0.04865696958769896,0.057180475729313854,0.08358938640939097,0.0,0.0,0.0,0.0,0.0,off,off,off,off,off
84.39999999999607,0.3,16.319999999997762,-14.68733058724115,-11.760421618147916,-10.793949468101687,-11.760421618174803,-14.687330587260135,-18.620287351649438,-18.620287351668793,0.6838692436621138,0.7022547671706297,0.7079640737100149,0.7022547671705094,0.6838692436619835,0.08380552038864693,0.05733335925144109,0.048788530383502136,0.057333359251570695,0.08380552038884974,0.0,0.0,0.0,0.0,0.0,off,off,off,off,off
84.49999999999606,0.3,16.349999999997756,-14.677242689186528,-11.750118973784936,-10.78356809810856,-11.750118973813528,-14.677242689207617,-18.610457368301468,-18.610457368320823,0.6838648634439203,0.70227894042735,0.7079972354742257,0.702278940427225,0.6838648634437844,0.08402155351219848,0.05748611046147365,0.04891995254854998,0.057486110461603984,0.08402155351240179,0.0,0.0,0.0,0.0,0.0,off,off,off,off,off
84.59999999999606,0.3,16.37999999999775,-14.667156349310915,-11.739819632270894,-10.773190759441547,-11.739819632299202,-14.667156349331265,-18.600627662404918,-18.60062766242433,0.6838602333077308,0.7023028930072227,0.7080301816437864,0.7023028930070985,0.6838602333075972,0.084237485178323,0.05763872897587734,0.049051235725221715,0.057638728976008316,0.0842374851785269,0.0,0.0,0.0,0.0,0.0,off,off,off,off,off
84.69999999999605,0.3,16.409999999997744,-14.657071558337236,-11.72952356898702,-10.762817421416003,-11.729523569013566,-14.657071558354346,-18.59079823748553,-18.590798237504885,0.6838553548810388,0.7023266264989784,0.7080629138103831,0.7023266264988585,0.6838553548809136,0.08445331478819877,0.05779121441117376,0.04918237955636944,0.05779121441130539,0.08445331478840308,0.0,0.0,0.0,0.0,0.0,off,off,off,off,off
84.79999999999605,0.3,16.439999999997738,-14.646988307058734,-11.719230759531797,-10.752448053613193,-11.71923075955533,-14.646988307080392,-18.580969097033062,-18.58096909705239,0.6838502297816925,0.7023501424822821,0.7080954335560357,0.7023501424821702,0.6838502297815546,0.0846690417456925,0.05794356638365293,0.04931338368538883,0.0579435663837851,0.08466904174589725,0.0,0.0,0.0,0.0,0.0,off,off,off,off,off
84.89999999999604,0.3,16.469999999997732,-14.636906586382167,-11.708941179708177,-10.74208262583926,-11.70894117973205,-14.636906586401437,-18.571140244501578,-18.571140244520876,0.6838448596178488,0.702373442527847,0.7081277424532589,0.702373442527734,0.6838448596177168,0.08488466545735011,0.05809578450930031,0.04944424775628607,0.058095784509432986,0.08488466545755537,0.0,0.0,0.0,0.0,0.0,off,off,off,off,off
84.99999999999604,0.3,16.499999999997726,-14.62682638728387,-11.698654805534375,-10.731721108165004,-11.698654805556544,-14.62682638730422,-18.561311683310038,-18.56131168332948,0.6838392459881697,0.7023965281974648,0.7081598420649979,0.702396528197356,0.6838392459880351,0.08510018533238731,0.05824786840378196,0.049574971413740884,0.05824786840391514,0.08510018533259302,0.0,0.0,0.0,0.0,0.0,off,off,off,off,off
85.09999999999603,0.3,16.52999999999772,-14.61674770081919,-11.688371613231482,-10.721363470899519,-11.688371613252855,-14.616747700842666,-18.5514834168427,-18.551483416862197,0.6838333904818699,0.7024194010440888,0.7081917339447491,0.7024194010439822,0.6838333904817265,0.08531560078267955,0.05839981768246755,0.04970555430316713,0.058399817682601204,0.08531560078288583,0.0,0.0,0.0,0.0,0.0,off,off,off,off,off
85.19999999999602,0.3,16.559999999997714,-14.606670518143915,-11.678091579225054,-10.711009684594217,-11.678091579245176,-14.606670518160229,-18.541655448449177,-18.541655448468646,0.683827294678732,0.7024420626118751,0.708223419636596,0.7024420626117717,0.683827294678608,0.08553091122275254,0.05855163196047813,0.04983599607076979,0.058551631960612215,0.08553091122295925,0.0,0.0,0.0,0.0,0.0,off,off,off,off,off
85.29999999999602,0.3,16.58999999999771,-14.596594830475453,-11.667814680135109,-10.700659720044712,-11.667814680161598,-14.596594830491426,-18.53182778144469,-18.53182778146413,0.6838209601492846,0.7024645144362472,0.7082549006752528,0.7024645144361263,0.683820960149161,0.08574611606977263,0.05870331085274912,0.04996629636359891,0.05870331085288374,0.08574611606997963,0.0,0.0,0.0,0.0,0.0,off,off,off,off,off
85.39999999999601,0.3,16.619999999997702,-14.586520629128131,-11.657540892802558,-10.69031354828013,-11.657540892829559,-14.586520629141944,-18.522000419110753,-18.522000419130194,0.6838143884547768,0.7024867580438602,0.7082861785861421,0.7024867580437374,0.6838143884546594,0.08596121474353671,0.058854853974103075,0.05009645482960084,0.05885485397423837,0.08596121474374396,0.0,0.0,0.0,0.0,0.0,off,off,off,off,off
85.499999999996,0.3,16.649999999997696,-14.57644790548727,-11.647270194248506,-10.679971140573059,-11.64727019427977,-14.576447905502505,-18.512173364695315,-18.51217336471464,0.6838075811473217,0.7025087949527454,0.7083172548854156,0.7025087949526106,0.6838075811472001,0.08617620666646324,0.05900626093932703,0.050226471117666815,0.059006260939463095,0.08617620666667074,0.0,0.0,0.0,0.0,0.0,off,off,off,off,off
85.599999999996,0.3,16.67999999999769,-14.566376651020732,-11.637002561704435,-10.669632468431075,-11.637002561734505,-14.56637665103949,-18.502346621412897,-18.502346621432253,0.6838005397699345,0.7025306266722644,0.7083481310800277,0.7025306266721326,0.6838005397698019,0.08639109126358191,0.05915753136325218,0.05035634487767903,0.059157531363389006,0.08639109126378977,0.0,0.0,0.0,0.0,0.0,off,off,off,off,off
85.699999999996,0.3,16.709999999997684,-14.556306857282436,-11.626737972585659,-10.659297503595383,-11.62673797261533,-14.55630685730307,-18.492520192445227,-18.492520192464696,0.6837932658565912,0.7025522547032113,0.7083788086677887,0.7025522547030805,0.6837932658564542,0.08660586796252427,0.059308664860833485,0.05048607576055412,0.05930866486097103,0.08660586796273263,0.0,0.0,0.0,0.0,0.0,off,off,off,off,off
85.79999999999599,0.3,16.73999999999768,-14.546238515894515,-11.61647640450542,-10.648966218037742,-11.616476404533671,-14.546238515913672,-18.482694080941513,-18.482694080960982,0.6837857609323482,0.7025736805378127,0.7084092891374206,0.7025736805376859,0.6837857609322152,0.08682053619351425,0.05945966104722826,0.05061566341828427,0.059459661047366476,0.08682053619372314,0.0,0.0,0.0,0.0,0.0,off,off,off,off,off
85.89999999999598,0.3,16.769999999997673,-14.536171618555443,-11.60621783527148,-10.638638583962006,-11.606217835295979,-14.536171618581307,-18.472868290018567,-18.472868290038036,0.6837780265133896,0.7025949056597667,0.708439573968606,0.7025949056596501,0.6837780265132377,0.08703509538935802,0.05961051953787316,0.05074510750397626,0.059610519538011976,0.08703509538956745,0.0,0.0,0.0,0.0,0.0,off,off,off,off,off
85.99999999999598,0.3,16.799999999997667,-14.52610615705396,-11.595962242879011,-10.628314573810144,-11.595962242903681,-14.526106157080676,-18.463042822761167,-18.463042822780665,0.6837700641070517,0.7026159315442981,0.7084696646320187,0.7026159315441808,0.6837700641068981,0.08724954498543457,0.059761239948558774,0.05087440767188835,0.05976123994869808,0.08724954498564466,0.0,0.0,0.0,0.0,0.0,off,off,off,off,off
86.09999999999597,0.3,16.82999999999766,-14.516042123244517,-11.5857096055135,-10.617994160246496,-11.585709605539932,-14.516042123273678,-18.45321768222243,-18.453217682241927,0.6837618752119643,0.7026367596581865,0.7084995625894197,0.7026367596580639,0.6837618752118032,0.08746388441968621,0.059911821895501045,0.05100356357746535,0.05991182189564088,0.08746388441989704,0.0,0.0,0.0,0.0,0.0,off,off,off,off,off
86.19999999999597,0.3,16.859999999997655,-14.505979509057397,-11.575459901547731,-10.607677316155446,-11.575459901576664,-14.50597950908184,-18.443392871424123,-18.44339287144362,0.6837534613180823,0.7026573914598084,0.7085292692937113,0.7026573914596786,0.6837534613179339,0.08767811313260862,0.060062264995410314,0.05113257487737131,0.06006226499555078,0.08767811313282019,0.0,0.0,0.0,0.0,0.0,off,off,off,off,off
86.29999999999596,0.3,16.88999999999765,-14.495918306492683,-11.565213109543038,-10.597364014652726,-11.565213109570493,-14.49591830652247,-18.433568393356836,-18.43356839337639,0.683744823906773,0.702677828399171,0.7085587861889576,0.7026778283990451,0.68374482390661,0.08789223056724133,0.060212568865557314,0.05126144122952044,0.06021256886569848,0.0878922305674535,0.0,0.0,0.0,0.0,0.0,off,off,off,off,off
86.39999999999596,0.3,16.919999999997643,-14.485858507638625,-11.554969208236344,-10.58705422907616,-11.554969208266925,-14.485858507660907,-18.423744250980462,-18.423744251000045,0.6837359644508295,0.7026980719179838,0.7085881147104609,0.7026980719178493,0.6837359644506865,0.08810623616915796,0.060362733123836054,0.051390162293106834,0.06036273312397787,0.08810623616937067,0.0,0.0,0.0,0.0,0.0,off,off,off,off,off
86.49999999999595,0.3,16.949999999997637,-14.475800104640143,-11.544728176556703,-10.576747932988098,-11.544728176587512,-14.475800104662824,-18.413920447224484,-18.41392044724404,0.6837268844146202,0.7027181234496513,0.7086172562848035,0.7027181234495155,0.6837268844144756,0.08832012938645671,0.06051275738882385,0.05151873772863212,0.06051275738896641,0.0883201293866699,0.0,0.0,0.0,0.0,0.0,off,off,off,off,off
86.59999999999594,0.3,16.97999999999763,-14.465743089722764,-11.534489993608986,-10.566445100167641,-11.534489993640193,-14.465743089746923,-18.404096984987802,-18.404096985007328,0.6837175852540885,0.7027379844193535,0.7086462123299221,0.7027379844192168,0.6837175852539397,0.08853390966975082,0.060662641279838975,0.05164716719793152,0.06066264127998224,0.08853390966996437,0.0,0.0,0.0,0.0,0.0,off,off,off,off,off
86.69999999999594,0.3,17.009999999997625,-14.455687455186478,-11.524254638678713,-10.55614570460807,-11.524254638708555,-14.4556874552095,-18.39427386713973,-18.394273867159285,0.6837080684168326,0.7027576562440719,0.7086749842551617,0.7027576562439386,0.6837080684166865,0.08874757647215871,0.060812384416994804,0.051775450364198415,0.06081238441713877,0.08874757647237273,0.0,0.0,0.0,0.0,0.0,off,off,off,off,off
86.79999999999593,0.3,17.03999999999762,-14.44563319339619,-11.514022091225854,-10.545849720522483,-11.51402209125365,-14.445633193417507,-18.38445109651991,-18.38445109653938,0.6836983353421942,0.7027771403326472,0.7087035734613142,0.7027771403325191,0.6836983353420532,0.08896112924929461,0.06096198642125187,0.051903586892007504,0.0609619864213964,0.08896112924950912,0.0,0.0,0.0,0.0,0.0,off,off,off,off,off
86.89999999999593,0.3,17.069999999997613,-14.435580296793034,-11.503792330888018,-10.535557122342311,-11.503792330920874,-14.435580296813043,-18.374628675938453,-18.37462867595798,0.6836883874612897,0.7027964380858049,0.708731981340669,0.7027964380856625,0.6836883874611515,0.08917456745925922,0.06111144691446687,0.05203157644733679,0.06111144691461214,0.08917456745947412,0.0,0.0,0.0,0.0,0.0,off,off,off,off,off
86.99999999999592,0.3,17.099999999997607,-14.425528757874133,-11.493565337486245,-10.525267884713799,-11.493565337512564,-14.42552875789653,-18.364806608176593,-18.36480660819612,0.6836782261971263,0.7028155508961832,0.7087602092770773,0.7028155508960584,0.6836782261969819,0.08938789056262947,0.061260765519440145,0.05215941869758813,0.06126076551958615,0.08938789056284475,0.0,0.0,0.0,0.0,0.0,off,off,off,off,off
87.09999999999592,0.3,17.1299999999976,-14.415478569227673,-11.483341091002558,-10.514981982494248,-11.483341091027967,-14.415478569248364,-18.354984895986718,-18.354984896006243,0.6836678529645688,0.7028344801484316,0.7087882586460073,0.7028344801483092,0.6836678529644284,0.08960109802244956,0.061409941859959884,0.05228711331160663,0.06140994186010642,0.0896010980226653,0.0,0.0,0.0,0.0,0.0,off,off,off,off,off
87.19999999999591,0.3,17.159999999997595,-14.405429723495672,-11.473119571600137,-10.504699390746453,-11.473119571621737,-14.40542972351409,-18.345163542092592,-18.345163542112118,0.6836572691704993,0.7028532272191976,0.7088161308146134,0.7028532272190856,0.6836572691703647,0.08981418930422147,0.06155897556084421,0.052414659959698504,0.06155897556099123,0.08981418930443757,0.0,0.0,0.0,0.0,0.0,off,off,off,off,off
87.2999999999959,0.3,17.18999999999759,-14.39538221338654,-11.462900759606612,-10.494420084749436,-11.462900759629406,-14.395382213399046,-18.335342549189903,-18.335342549209372,0.6836464762138446,0.7028717934772114,0.7088438271417554,0.7028717934770958,0.6836464762137261,0.09002716387589504,0.06170786624798158,0.052542058313648145,0.061707866248129,0.09002716387611144,0.0,0.0,0.0,0.0,0.0,off,off,off,off,off
87.3999999999959,0.3,17.219999999997583,-14.385336031677241,-11.452684635524975,-10.484144039978844,-11.452684635545495,-14.385336031690372,-18.32552191994614,-18.32552191996558,0.6836354754856283,0.702890180283297,0.7088713489781011,0.7028901802831872,0.683635475485508,0.09024002120785876,0.0618566135483686,0.05266930804673425,0.06185661354851646,0.09024002120807531,0.0,0.0,0.0,0.0,0.0,off,off,off,off,off
87.4999999999959,0.3,17.249999999997577,-14.375291171215224,-11.442471180019481,-10.473871232133263,-11.442471180039945,-14.375291171230401,-18.31570165700117,-18.31570165702061,0.6836242683690252,0.7029083889904516,0.7088986976661045,0.702908388990342,0.6836242683688988,0.0904527607729302,0.06200521709014617,0.052796408833744424,0.06200521709029454,0.09045276077314701,0.0,0.0,0.0,0.0,0.0,off,off,off,off,off
87.59999999999589,0.3,17.27999999999757,-14.365247624913707,-11.43226037393083,-10.4636016370971,-11.432260373949362,-14.365247624932636,-18.30588176296746,-18.305881762986928,0.6836128562394308,0.7029264209438459,0.7089258745401575,0.702926420943741,0.6836128562392939,0.09066538204634668,0.06215367650263381,0.05292336035098943,0.062153676502782695,0.09066538204656381,0.0,0.0,0.0,0.0,0.0,off,off,off,off,off
87.69999999999588,0.3,17.309999999997565,-14.355205385745649,-11.422052198252516,-10.453335230971106,-11.422052198272752,-14.355205385764236,-18.296062240430274,-18.296062240449686,0.6836012404645365,0.7029442774809294,0.708952880926554,0.7029442774808193,0.6836012404644003,0.09087788450575582,0.06230199141636206,0.053050162276315954,0.06230199141651135,0.09087788450597345,0.0,0.0,0.0,0.0,0.0,off,off,off,off,off
87.79999999999588,0.3,17.33999999999756,-14.345164446757792,-11.41184663414657,-10.443071990052829,-11.411846634169422,-14.345164446777062,-18.28624309194788,-18.286243091967265,0.6835894224043478,0.7029619599314275,0.7089797181435922,0.7029619599313103,0.6835894224042102,0.09109026763120624,0.06245016146310253,0.053176814289119134,0.06245016146325237,0.09109026763142429,0.0,0.0,0.0,0.0,0.0,off,off,off,off,off
87.89999999999587,0.3,17.369999999997553,-14.33512480105668,-11.40164366294772,-10.432811890839616,-11.401643662969548,-14.335124801075835,-18.276424320051916,-18.276424320071243,0.6835774034112803,0.7029794696173743,0.7090063875016184,0.7029794696172595,0.6835774034111426,0.09130253090513821,0.06259818627589771,0.05330331607035343,0.06259818627604814,0.09130253090535669,0.0,0.0,0.0,0.0,0.0,off,off,off,off,off
87.99999999999586,0.3,17.399999999997547,-14.325086441798305,-11.391443266140186,-10.422554910031465,-11.391443266157523,-14.325086441824453,-18.266605927247554,-18.26660592726691,0.68356518483024,0.7029968078532154,0.7090328903030643,0.7029968078531127,0.6835651848300826,0.09151467381237409,0.06274606548908812,0.053429667302543594,0.062746065489239,0.09151467381259312,0.0,0.0,0.0,0.0,0.0,off,off,off,off,off
88.09999999999586,0.3,17.42999999999754,-14.315049362228933,-11.381245425369741,-10.412301024517717,-11.381245425386396,-14.31504936225872,-18.256787916013906,-18.25678791603329,0.6835527679985718,0.7030139759458172,0.7090592278425331,0.7030139759457164,0.6835527679984043,0.09172669584010901,0.06289379873833809,0.05355586766979419,0.06289379873848935,0.09172669584032878,0.0,0.0,0.0,0.0,0.0,off,off,off,off,off
88.19999999999585,0.3,17.459999999997535,-14.30501355563706,-11.371050122441147,-10.402050211388769,-11.371050122458541,-14.305013555668666,-18.246970288803993,-18.246970288823405,0.6835401542462427,0.7030309751945167,0.7090854014068153,0.7030309751944136,0.6835401542460702,0.09193859647790206,0.06304138566066034,0.05368191685779855,0.06304138566081204,0.09193859647812255,0.0,0.0,0.0,0.0,0.0,off,off,off,off,off
88.29999999999585,0.3,17.48999999999753,-14.294979015380648,-11.360857339319864,-10.391802447929479,-11.360857339339361,-14.294979015408842,-18.237153048045315,-18.237153048064783,0.6835273448958233,0.7030478068911569,0.7091114122749549,0.7030478068910473,0.6835273448956602,0.0921503752176665,0.06318882589443912,0.053807814553847415,0.0631888258945913,0.09215037521788771,0.0,0.0,0.0,0.0,0.0,off,off,off,off,off
88.39999999999584,0.3,17.519999999997523,-14.28494573487552,-11.350667058125396,-10.381557711614334,-11.3506670581491,-14.284945734901157,-18.22733619613996,-18.227336196159456,0.6835143412625716,0.7030644723201467,0.7091372617183112,0.7030644723200259,0.6835143412624154,0.09236203155366078,0.06333611907945218,0.05393356044683644,0.06333611907960489,0.09236203155388255,0.0,0.0,0.0,0.0,0.0,off,off,off,off,off
88.49999999999584,0.3,17.549999999997517,-14.2749137075931,-11.340479261136181,-10.371315980110808,-11.340479261160851,-14.274913707617088,-18.21751973546469,-18.217519735484217,0.6835011446544955,0.703080972758492,0.7091629510005952,0.7030809727583683,0.6835011446543438,0.09257356498247908,0.06348326485689122,0.054059154227273434,0.0634832648570446,0.09257356498270124,0.0,0.0,0.0,0.0,0.0,off,off,off,off,off
88.59999999999583,0.3,17.57999999999751,-14.264882927079611,-11.330293930778282,-10.361077231274294,-11.33029393080443,-14.264882927101723,-18.207703668371465,-18.20770366839099,0.6834877563723497,0.7030973094758652,0.7091884813779318,0.7030973094757377,0.6834877563722025,0.09278497500304232,0.06363026286938134,0.054184595587284605,0.06363026286953541,0.0927849750032649,0.0,0.0,0.0,0.0,0.0,off,off,off,off,off
88.69999999999582,0.3,17.609999999997505,-14.254853386929085,-11.320111049638001,-10.350841443157037,-11.320111049659147,-14.254853386948241,-18.197887997187422,-18.197887997206948,0.683474177709764,0.7031134837346145,0.7092138540988819,0.7031134837345004,0.6834741777096242,0.09299626111658915,0.06377711276099933,0.05430988422062096,0.06377711276115401,0.09299626111681211,0.0,0.0,0.0,0.0,0.0,off,off,off,off,off
88.79999999999582,0.3,17.6399999999975,-14.244825080790008,-11.309930600438292,-10.34060859399176,-11.309930600458415,-14.244825080811268,-18.188072724215345,-18.18807272423487,0.6834604099532765,0.7031294967898686,0.7092390704045345,0.7031294967897569,0.6834604099531311,0.09320742282666651,0.06392381417729075,0.05443501982266353,0.06392381417744587,0.09320742282688987,0.0,0.0,0.0,0.0,0.0,off,off,off,off,off
88.89999999999581,0.3,17.669999999997493,-14.234798002390448,-11.29975256606781,-10.330378662188252,-11.299752566084294,-14.234798002411083,-18.178257851733747,-18.17825785175333,0.6834464543823168,0.7031453498895011,0.709264131528561,0.703145349889399,0.6834464543821728,0.09341845963912065,0.06407036676528582,0.054560002090428016,0.06407036676544137,0.09341845963934445,0.0,0.0,0.0,0.0,0.0,off,off,off,off,off
88.99999999999581,0.3,17.699999999997488,-14.224772145498264,-11.289576929555722,-10.32015162635912,-11.28957692957141,-14.22477214550878,-18.168443381997122,-18.168443382016648,0.6834323122693649,0.7031610442742369,0.709289038697193,0.7031610442741367,0.6834323122692479,0.0936293710620884,0.0642167701735151,0.0546848307225693,0.06421677017367096,0.09362937106231244,0.0,0.0,0.0,0.0,0.0,off,off,off,off,off
89.0999999999958,0.3,17.72999999999748,-14.214747503936621,-11.27940367407814,-10.309927465286876,-11.279403674099399,-14.214747503949866,-18.158629317236148,-18.158629317255645,0.6834179848799593,0.7031765811776816,0.7093137931293549,0.703176581177566,0.6834179848798345,0.09384015660598757,0.06436302405202325,0.0548095054193858,0.06436302405217957,0.09384015660621164,0.0,0.0,0.0,0.0,0.0,off,off,off,off,off
89.1999999999958,0.3,17.759999999997476,-14.204724071599628,-11.269232782967038,-10.299706157938544,-11.269232782987501,-14.20472407161634,-18.148815659658084,-18.148815659677553,0.6834034734727044,0.7031919618263334,0.7093383960366739,0.7031919618262199,0.6834034734725704,0.09405081578350803,0.06450912805238244,0.054934025882822625,0.06450912805253937,0.09405081578373238,0.0,0.0,0.0,0.0,0.0,off,off,off,off,off
89.29999999999579,0.3,17.78999999999747,-14.194701842434654,-11.259064239693544,-10.289487683464188,-11.259064239716452,-14.194701842452503,-18.139002411446825,-18.139002411466294,0.6833887792993698,0.7032071874396734,0.7093628486235244,0.7032071874395529,0.6833887792992323,0.09426134810960327,0.06465508182770514,0.05505839181647464,0.06465508182786263,0.09426134810982802,0.0,0.0,0.0,0.0,0.0,off,off,off,off,off
89.39999999999579,0.3,17.819999999997464,-14.184680810437555,-11.24889802787078,-10.279272021188262,-11.248898027893574,-14.18468081045205,-18.129189574763075,-18.129189574782572,0.6833739036049501,0.7032222592301974,0.7093871520871009,0.7032222592300772,0.6833739036048218,0.09447175310148097,0.0648008850326553,0.055182602925589484,0.06480088503281341,0.09447175310170615,0.0,0.0,0.0,0.0,0.0,off,off,off,off,off
89.49999999999578,0.3,17.849999999997458,-14.17466096966325,-11.238734131259264,-10.269059150613089,-11.238734131280069,-14.174660969675415,-18.1193771517448,-18.119377151764297,0.6833588476276853,0.7032371784034426,0.709411307617451,0.7032371784033277,0.6833588476275632,0.09468203027859415,0.06494653732345913,0.055306658917069505,0.06494653732361787,0.09468203027881963,0.0,0.0,0.0,0.0,0.0,off,off,off,off,off
89.59999999999577,0.3,17.87999999999745,-14.164642314220316,-11.228572533754004,-10.258849051422885,-11.228572533778731,-14.164642314231003,-18.109565144507343,-18.109565144526783,0.6833436125991256,0.703251946158064,0.7094353163975078,0.7032519461579377,0.6833436125990069,0.09489217916263225,0.0650920383579156,0.05543055949947409,0.06509203835807485,0.09489217916285797,0.0,0.0,0.0,0.0,0.0,off,off,off,off,off
89.69999999999577,0.3,17.909999999997446,-14.154624838276277,-11.218413219404226,-10.24864170346899,-11.218413219430147,-14.154624838288953,-18.099753555143394,-18.099753555162806,0.683328199744162,0.7032665636858205,0.7094591796031772,0.7032665636856906,0.6833281997440375,0.09510219927751234,0.0652373877954053,0.055554304383021204,0.06523738779556523,0.09510219927773822,0.0,0.0,0.0,0.0,0.0,off,off,off,off,off
89.79999999999576,0.3,17.93999999999744,-14.144608536050612,-11.2082561723916,-10.23843708678595,-11.208256172414394,-14.144608536064084,-18.089942385723646,-18.08994238574303,0.6833126102810938,0.7032810321716755,0.7094828984033357,0.7032810321715542,0.6833126102809671,0.09531209014937031,0.06538258529689976,0.05567789327958873,0.06538258529706023,0.09531209014959648,0.0,0.0,0.0,0.0,0.0,off,off,off,off,off
89.89999999999576,0.3,17.969999999997434,-14.134593401817426,-11.198101377036323,-10.228235181568323,-11.198101377054229,-14.13459340183266,-18.080131638296763,-18.080131638316146,0.683296845421669,0.703295352793821,0.7095064739599376,0.7032953527937131,0.6832968454215375,0.0955218513065522,0.06552763052496886,0.0558013259027154,0.06552763052512979,0.09552185130677866,0.0,0.0,0.0,0.0,0.0,off,off,off,off,off
89.99999999999575,0.3,17.999999999997428,-14.124579429903804,-11.187948817789731,-10.21803596818819,-11.18794881780724,-14.124579429918754,-18.070321314889526,-18.07032131490888,0.6832809063711346,0.7033095267237373,0.7095299074280103,0.7033095267236302,0.683280906371003,0.09573148227960522,0.06567252314378871,0.05592460196760145,0.06567252314395002,0.09573148227983205,0.0,0.0,0.0,0.0,0.0,off,off,off,off,off
90.09999999999575,0.3,18.029999999997422,-14.114566614678154,-11.177798479248281,-10.207839427191118,-11.177798479265164,-14.114566614701346,-18.0605114175072,-18.060511417526612,0.6832647943283138,0.703323555126196,0.7095531999557091,0.70332355512609,0.6832647943281605,0.09594098260126892,0.06581726281914788,0.056047721191109276,0.06581726281930957,0.09594098260149632,0.0,0.0,0.0,0.0,0.0,off,off,off,off,off
90.19999999999574,0.3,18.059999999997416,-14.104554950585282,-11.167650346147639,-10.197645539288601,-11.167650346161679,-14.104554950610975,-18.050701948133735,-18.05070194815312,0.6832485104855571,0.7033374391593143,0.7095763526843791,0.7033374391592163,0.6832485104853973,0.09615035180646675,0.06596184921845434,0.056170683291763585,0.0659618492186164,0.0961503518066948,0.0,0.0,0.0,0.0,0.0,off,off,off,off,off
90.29999999999573,0.3,18.08999999999741,-14.094544432101543,-11.157504403346707,-10.18745428535044,-11.157504403365067,-14.094544432129908,-18.04089290873179,-18.040892908751175,0.6832320560289097,0.7033511799746406,0.7095993667486202,0.7033511799745304,0.6832320560287419,0.09635958943229739,0.06610628201074098,0.05629348798975128,0.06610628201090342,0.0963595894325262,0.0,0.0,0.0,0.0,0.0,off,off,off,off,off
90.39999999999573,0.3,18.119999999997404,-14.084535053765592,-11.147360635845644,-10.177265646426633,-11.147360635865539,-14.08453505378833,-18.03108430124314,-18.031084301262524,0.6832154321380705,0.7033647787171424,0.7096222432762658,0.703364778717028,0.6832154321379179,0.09656869501802608,0.06625056086667053,0.05641613500692099,0.0662505608668335,0.09656869501825552,0.0,0.0,0.0,0.0,0.0,off,off,off,off,off
90.49999999999572,0.3,18.149999999997398,-14.074526810161274,-11.137219028776713,-10.167079603719174,-11.13721902879638,-14.074526810183158,-18.02127612758872,-18.02127612760819,0.6831986399864859,0.7033782365252726,0.7096449833885055,0.7033782365251586,0.6831986399863355,0.09677766810507595,0.06639468545854066,0.05653862406678276,0.06639468545870411,0.09677766810530578,0.0,0.0,0.0,0.0,0.0,off,off,off,off,off
90.59999999999572,0.3,18.179999999997392,-14.064519695927686,-11.127079567397857,-10.156896138603486,-11.127079567424175,-14.064519695946501,-18.011468389669204,-18.011468389688645,0.6831816807413643,0.7033915545310255,0.7096675881998672,0.7033915545308929,0.6831816807412217,0.09698650823701928,0.06653865546028787,0.05666095489450723,0.06653865546045198,0.09698650823724948,0.0,0.0,0.0,0.0,0.0,off,off,off,off,off
90.69999999999571,0.3,18.209999999997386,-14.054513705747468,-11.116942237111289,-10.14671523261211,-11.11694223713721,-14.054513705768215,-18.001661089364575,-18.001661089383987,0.6831645555637537,0.7034047338599239,0.7096900588182993,0.7034047338597923,0.6831645555636057,0.09719521495956941,0.0666824705474918,0.056783127216924766,0.06668247054765673,0.0971952149598,0.0,0.0,0.0,0.0,0.0,off,off,off,off,off
90.7999999999957,0.3,18.23999999999738,-14.044508834352769,-11.106807023427564,-10.136536867438792,-11.106807023455815,-14.044508834381872,-17.99185422853472,-17.99185422855416,0.6831472656085655,0.7034177756311584,0.7097123963452036,0.7034177756310203,0.6831472656083947,0.09740378782057166,0.06682613039737832,0.05690514076252431,0.06682613039754388,0.09740378782080282,0.0,0.0,0.0,0.0,0.0,off,off,off,off,off
90.8999999999957,0.3,18.269999999997374,-14.034505076534174,-11.096673912000313,-10.126361024935818,-11.096673912027939,-14.034505076565438,-17.98204780901972,-17.982047809039244,0.683129812024596,0.7034306809575284,0.7097346018754835,0.7034306809573914,0.683129812024419,0.09761222636999514,0.06696963468882203,0.05702699526145189,0.0669696346889883,0.0976122263702271,0.0,0.0,0.0,0.0,0.0,off,off,off,off,off
90.9999999999957,0.3,18.299999999997368,-14.02450242712979,-11.086542888609301,-10.116187687116451,-11.086542888634256,-14.024502427161508,-17.972241832639867,-17.97224183265945,0.6831121959545973,0.7034434509455277,0.7097566764975745,0.7034434509453983,0.6831121959544187,0.09782053015992465,0.06711298310234964,0.05714869044550932,0.06711298310251655,0.09782053016015739,0.0,0.0,0.0,0.0,0.0,off,off,off,off,off
91.09999999999569,0.3,18.329999999997362,-14.014500881020808,-11.076413939154008,-10.106016836149422,-11.076413939178565,-14.014500881052584,-17.962436301195766,-17.962436301215376,0.6830944185353311,0.703456086695401,0.7097786212935017,0.7034560866952727,0.6830944185351527,0.09802869874455186,0.06725617532014191,0.057270226048152406,0.06725617532030936,0.09802869874478527,0.0,0.0,0.0,0.0,0.0,off,off,off,off,off
91.19999999999568,0.3,18.359999999997356,-14.004500433141459,-11.066287049662435,-10.095848454363761,-11.066287049688356,-14.004500433168971,-17.952631216468745,-17.952631216488356,0.6830764808975848,0.7034685893011572,0.7098004373389055,0.7034685893010246,0.6830764808974176,0.09823673168016706,0.06739921102603522,0.057391601804489274,0.06739921102620322,0.09823673168040109,0.0,0.0,0.0,0.0,0.0,off,off,off,off,off
91.29999999999568,0.3,18.38999999999735,-13.994501078463827,-11.056162206292072,-10.085682524240383,-11.05616220632129,-13.994501078486508,-17.94282658022081,-17.942826580240478,0.6830583841662511,0.7034809598506021,0.7098221257031031,0.7034809598504606,0.6830583841660963,0.09844462852515064,0.06754208990552353,0.057512817451278425,0.06754208990569216,0.09844462852538514,0.0,0.0,0.0,0.0,0.0,off,off,off,off,off
91.39999999999567,0.3,18.419999999997344,-13.984502812017354,-11.04603939531495,-10.075519028406575,-11.046039395347577,-13.984502812040375,-17.933022394195063,-17.93302239421476,0.683040129460319,0.70349319942542,0.7098436874491434,0.7034931994252686,0.6830401294601635,0.09865238883996492,0.06768481164575944,0.057633872726926515,0.06768481164592886,0.09865238884019976,0.0,0.0,0.0,0.0,0.0,off,off,off,off,off
91.49999999999567,0.3,18.44999999999734,-13.974505628874851,-11.035918603137986,-10.06535794965555,-11.035918603171808,-13.974505628898783,-17.92321866011588,-17.923218660135603,0.6830217178929521,0.7035053091011544,0.7098651236337913,0.7035053091009993,0.6830217178927938,0.09886001218714595,0.06782737593555514,0.057754767371485966,0.0678273759357254,0.09886001218738115,0.0,0.0,0.0,0.0,0.0,off,off,off,off,off
91.59999999999566,0.3,18.479999999997332,-13.964509524155915,-11.025799816277186,-10.05519927092513,-11.025799816313622,-13.964509524183882,-17.913415379688814,-17.913415379708596,0.6830031505715158,0.7035172899473136,0.7098864353076251,0.7035172899471511,0.683003150571346,0.09906749813129502,0.0679697824653831,0.05787550112665312,0.06796978246555425,0.09906749813153079,0.0,0.0,0.0,0.0,0.0,off,off,off,off,off
91.69999999999565,0.3,18.509999999997326,-13.95451449302999,-11.015683021374855,-10.045042975301385,-11.01568302141203,-13.954514493064835,-17.903612554600983,-17.903612554620963,0.6829844285976147,0.7035291430273616,0.709907623515066,0.7035291430271969,0.6829844285974261,0.09927484623907086,0.0681120309273762,0.057996073735765374,0.06811203092754821,0.09927484623930738,0.0,0.0,0.0,0.0,0.0,off,off,off,off,off
91.79999999999565,0.3,18.53999999999732,-13.944520530711372,-11.005568205193981,-10.034889046022954,-11.005568205228087,-13.94452053074815,-17.893810186521563,-17.89381018654157,0.6829655530671404,0.703540869398771,0.7099286892944,0.7035408693986144,0.6829655530669467,0.09948205607918122,0.06825412101532806,0.058116484943798626,0.06825412101550088,0.09948205607941861,0.0,0.0,0.0,0.0,0.0,off,off,off,off,off
91.89999999999564,0.3,18.569999999997314,-13.934527632452898,-10.995455354607259,-10.02473746647945,-10.995455354647618,-13.93452763249502,-17.884008277101373,-17.88400827712138,0.682946525070331,0.703552470113087,0.7099496336778238,0.7035524701129134,0.6829465250701223,0.09968912722237469,0.06839605242469268,0.05823673449736476,0.06839605242486635,0.09968912722261301,0.0,0.0,0.0,0.0,0.0,off,off,off,off,off
91.99999999999564,0.3,18.59999999999731,-13.924535793559528,-10.985344456620908,-10.014588220204757,-10.985344456661778,-13.924535793602217,-17.874206827973154,-17.87420682799319,0.6829273456917729,0.7035639462159002,0.7099704576914976,0.7035639462157252,0.6829273456915627,0.09989605924143252,0.0685378248525841,0.05835682214470879,0.06853782485275878,0.09989605924167183,0.0,0.0,0.0,0.0,0.0,off,off,off,off,off
92.09999999999563,0.3,18.629999999997302,-13.914545009375104,-10.975235498344773,-10.004441290872023,-10.975235498387804,-13.91454500942001,-17.864405840752227,-17.864405840772292,0.6829080160104721,0.7035752987469633,0.7099911623555981,0.7035752987467819,0.6829080160102555,0.10010285171116062,0.06867943799777614,0.058476747635705865,0.06867943799795172,0.10010285171140096,0.0,0.0,0.0,0.0,0.0,off,off,off,off,off
92.19999999999563,0.3,18.659999999997297,-13.904555275304858,-10.965128467011084,-9.994296662306795,-10.965128467053205,-13.904555275347946,-17.854605317036288,-17.854605317056382,0.6828885370998351,0.7035865287401745,0.7100117486843177,0.7035865287399954,0.6828885370996232,0.10030950420838176,0.06882089156070088,0.058596510721858355,0.06882089156087749,0.10030950420862303,0.0,0.0,0.0,0.0,0.0,off,off,off,off,off
92.29999999999562,0.3,18.68999999999729,-13.894566586776875,-10.95502334996894,-9.984154318471099,-10.955023350005035,-13.894566586815529,-17.8448052584055,-17.844805258425623,0.6828689100278089,0.703597637223629,0.7100322176859436,0.7035976372234658,0.6828689100276085,0.10051601631192747,0.06896218524344826,0.058716111156292744,0.06896218524362573,0.10051601631216953,0.0,0.0,0.0,0.0,0.0,off,off,off,off,off
92.39999999999561,0.3,18.719999999997285,-13.884578939269204,-10.944920134674476,-9.97401424347703,-10.944920134708298,-13.88457893931269,-17.835005666422944,-17.835005666443095,0.6828491358568467,0.7036086252196807,0.7100525703628578,0.7036086252195235,0.6828491358566328,0.10072238760262955,0.06910331874976469,0.058835548693756644,0.06910331874994279,0.10072238760287242,0.0,0.0,0.0,0.0,0.0,off,off,off,off,off
92.49999999999561,0.3,18.74999999999728,-13.874592328304288,-10.934818808699163,-9.963876421579585,-10.934818808736736,-13.874592328346694,-17.825206542634703,-17.825206542654968,0.6828292156439574,0.7036194937449538,0.710072807711593,0.7036194937447862,0.682829215643746,0.10092861766331267,0.06924429178505122,0.058954823090615505,0.06924429178523003,0.10092861766355642,0.0,0.0,0.0,0.0,0.0,off,off,off,off,off
92.5999999999956,0.3,18.779999999997273,-13.86460674945397,-10.924719359731284,-9.953740837164105,-10.92471935976738,-13.86460674949592,-17.815407888569922,-17.815407888590215,0.6828091504407313,0.7036302438103743,0.7100929307229004,0.7036302438102099,0.6828091504405208,0.10113470607878611,0.06938510405636238,0.05907393410484944,0.0693851040565419,0.10113470607903073,0.0,0.0,0.0,0.0,0.0,off,off,off,off,off
92.6999999999956,0.3,18.809999999997267,-13.85462219832209,-10.914621775566218,-9.943607474768157,-10.914621775606236,-13.854622198366599,-17.805609705741062,-17.805609705761327,0.6827889412934234,0.7036408764212292,0.7101129403817272,0.7036408764210541,0.6827889412932053,0.10134065243583637,0.06952575527240425,0.05919288149604971,0.06952575527258455,0.1013406524360819,0.0,0.0,0.0,0.0,0.0,off,off,off,off,off
92.79999999999559,0.3,18.83999999999726,-13.844638670561949,-10.904526044118597,-9.933476319054023,-10.904526044155489,-13.844638670607935,-17.79581199564396,-17.79581199566431,0.6827685892429406,0.7036513925771691,0.7101328376673262,0.7036513925770025,0.6827685892427184,0.10154645632321879,0.06966624514353269,0.059311665025415544,0.06966624514371385,0.10154645632346528,0.0,0.0,0.0,0.0,0.0,off,off,off,off,off
92.89999999999559,0.3,18.869999999997255,-13.834656161868907,-10.89443215339935,-9.923347354828593,-10.894432153436014,-13.834656161917223,-17.786014759758245,-17.78601475977868,0.6827480953248998,0.7036617932723036,0.7101526235532338,0.7036617932721368,0.682748095324671,0.10175211733165003,0.06980657338175127,0.059430284455750354,0.06980657338193322,0.1017521173318976,0.0,0.0,0.0,0.0,0.0,off,off,off,off,off
92.99999999999558,0.3,18.89999999999725,-13.824674667979764,-10.884340091541219,-9.913220567027338,-10.88434009157794,-13.824674668026091,-17.776217999547242,-17.776217999567763,0.6827274605696639,0.7036720794951653,0.7101722990073527,0.703672079494998,0.68272746056944,0.10195763505380023,0.06994673970070883,0.059548739551458243,0.06994673970089152,0.10195763505404892,0.0,0.0,0.0,0.0,0.0,off,off,off,off,off
93.09999999999557,0.3,18.929999999997243,-13.81469418466736,-10.874249846777673,-9.90309594073625,-10.874249846810528,-13.814694184711414,-17.766421716458325,-17.766421716478902,0.6827066860023916,0.7036822522288012,0.7101918649919199,0.7036822522286448,0.6827066860021733,0.10216300908428544,0.07008674381569731,0.0596670300785407,0.07008674381588077,0.10216300908453502,0.0,0.0,0.0,0.0,0.0,off,off,off,off,off
93.19999999999557,0.3,18.959999999997237,-13.804714707755522,-10.864161407448307,-9.892973461163251,-10.864161407484346,-13.804714707792357,-17.756625911922782,-17.756625911943473,0.6826857726430311,0.7036923124507921,0.7102113224636241,0.7036923124506258,0.6826857726428321,0.10236823901965938,0.07022658544364924,0.059785155804593024,0.07022658544383342,0.10236823901990973,0.0,0.0,0.0,0.0,0.0,off,off,off,off,off
93.29999999999556,0.3,18.98999999999723,-13.794736233095819,-10.854074762000096,-9.882853112845908,-10.85407476203551,-13.79473623313379,-17.7468305873565,-17.746830587377218,0.6826647215064209,0.7037022611332768,0.7102306725236914,0.7037022611331122,0.6826647215062185,0.10257332445840642,0.07036626430313496,0.05990311645592219,0.07036626430331999,0.10257332445865741,0.0,0.0,0.0,0.0,0.0,off,off,off,off,off
93.39999999999556,0.3,19.019999999997225,-13.784758756581653,-10.843989898956238,-9.872734878908886,-10.843989898991879,-13.78475875662383,-17.737035744159527,-17.737035744180304,0.6826435336022815,0.7037120992430758,0.7102499172121728,0.7037120992429101,0.6826435336020671,0.10277826500093316,0.07050578011436016,0.06002091096247657,0.07050578011454597,0.10277826500118495,0.0,0.0,0.0,0.0,0.0,off,off,off,off,off
93.49999999999555,0.3,19.04999999999722,-13.774782274162249,-10.83390680692014,-9.862618743911469,-10.83390680695669,-13.774782274203972,-17.727241383716546,-17.72724138373738,0.6826222099352147,0.7037218277417082,0.7102690585993551,0.7037218277415398,0.6826222099350013,0.10298306024956141,0.07064513259916227,0.06013853689706445,0.07064513259934889,0.10298306024981396,0.0,0.0,0.0,0.0,0.0,off,off,off,off,off
93.59999999999555,0.3,19.079999999997213,-13.764806781814173,-10.823825474602472,-9.852504692875016,-10.823825474634077,-13.764806781851917,-17.717447507397083,-17.717447507418,0.6826007515048129,0.7037314475853523,0.7102880982592491,0.703731447585197,0.6826007515046102,0.10318770980852056,0.07078432148100745,0.06025599185386684,0.07078432148119485,0.10318770980877394,0.0,0.0,0.0,0.0,0.0,off,off,off,off,off
93.69999999999554,0.3,19.109999999997207,-13.754832275549575,-10.813745890794905,-9.842392711103798,-10.813745890823157,-13.754832275587262,-17.70765411655549,-17.707654116576492,0.6825791593056714,0.7037409597249488,0.7103070374611902,0.7037409597248026,0.6825791593054683,0.10339221328394001,0.07092334648498785,0.06037327414554432,0.0709233464851758,0.10339221328419411,0.0,0.0,0.0,0.0,0.0,off,off,off,off,off
93.79999999999553,0.3,19.1399999999972,-13.744858751426364,-10.803668044386939,-9.832282784128438,-10.80366804441337,-13.744858751463028,-17.69786121253125,-17.697861212552283,0.6825574343273926,0.7037503651061873,0.7103258772920145,0.7037503651060457,0.6825574343271918,0.10359657028384135,0.0710622073378176,0.060490382710629655,0.07106220733800613,0.10359657028409618,0.0,0.0,0.0,0.0,0.0,off,off,off,off,off
93.89999999999553,0.3,19.169999999997195,-13.734886205531893,-10.793591924377097,-9.822174897692832,-10.793591924403415,-13.734886205558894,-17.68806879664905,-17.688068796670024,0.6825355775546643,0.7037596646695071,0.7103446187241269,0.7037596646693656,0.6825355775544892,0.10380078041813101,0.07120090376782992,0.06060731691081814,0.07120090376801898,0.10380078041838639,0.0,0.0,0.0,0.0,0.0,off,off,off,off,off
93.99999999999552,0.3,19.19999999999719,-13.724914633996093,-10.783517519858435,-9.81206903772403,-10.78351751988572,-13.724914634018717,-17.67827687021864,-17.678276870239642,0.6825135899672559,0.7037688593501688,0.7103632626573356,0.7037688593500244,0.6825135899670923,0.10400484329859272,0.0713394355049741,0.060724076377718934,0.07133943550516378,0.10400484329884835,0.0,0.0,0.0,0.0,0.0,off,off,off,off,off
94.09999999999552,0.3,19.229999999997183,-13.714944032985215,-10.773444820020075,-9.80196519032171,-10.773444820044972,-13.714944033005168,-17.668485434535626,-17.66848543455663,0.6824914725400675,0.7037779500782785,0.7103818099453338,0.7037779500781397,0.6824914725399103,0.10420875853888006,0.07147780228081176,0.06084066091145921,0.07147780228100203,0.10420875853913596,0.0,0.0,0.0,0.0,0.0,off,off,off,off,off
94.19999999999551,0.3,19.259999999997177,-13.704974398703882,-10.763373814149475,-9.791863341743237,-10.763373814171871,-13.704974398724914,-17.658694490881118,-17.658694490902093,0.6824692262431572,0.7037869377788151,0.7104002614125963,0.7037869377786833,0.6824692262429968,0.10441252575450931,0.07161600382851328,0.06095707041540638,0.0716160038287041,0.1044125257547656,0.0,0.0,0.0,0.0,0.0,off,off,off,off,off
94.2999999999955,0.3,19.28999999999717,-13.695005727393948,-10.753304491631354,-9.78176347840241,-10.753304491657445,-13.6950057274139,-17.64890404052204,-17.64890404054296,0.6824468520417757,0.703795823371664,0.7104186178651094,0.7037958233715215,0.6824468520416179,0.10461614456285186,0.07175403988285434,0.06107330485445504,0.07175403988304581,0.10461614456310848,0.0,0.0,0.0,0.0,0.0,off,off,off,off,off
94.3999999999955,0.3,19.319999999997165,-13.68503801533302,-10.743236841951727,-9.771665586869005,-10.743236841976739,-13.685038015350699,-17.639114084711082,-17.639114084732,0.6824243508964017,0.7038046077716326,0.7104368800971657,0.7038046077714935,0.6824243508962501,0.10481961458312694,0.07189191018021246,0.06118936422848851,0.07189191018040456,0.10481961458338386,0.0,0.0,0.0,0.0,0.0,off,off,off,off,off
94.4999999999955,0.3,19.34999999999716,-13.675071258837647,-10.73317085468608,-9.7615696538532,-10.733170854714501,-13.675071258848618,-17.6293246246872,-17.629324624708204,0.6824017237627638,0.7038132918885179,0.7104550488956795,0.7038132918883689,0.6824017237626298,0.10502293543639436,0.07202961445856305,0.06130524855558312,0.07202961445875576,0.10502293543665145,0.0,0.0,0.0,0.0,0.0,off,off,off,off,off
94.59999999999549,0.3,19.379999999997153,-13.665105454245236,-10.72310651951824,-9.751475666205522,-10.723106519546093,-13.665105454254387,-17.619535661675457,-17.61953566169646,0.6823789715919211,0.7038218766270811,0.7104731250428493,0.7038218766269327,0.6823789715917912,0.1052261067455469,0.07216715245747593,0.06142095786146053,0.07216715245766936,0.10522610674580411,0.0,0.0,0.0,0.0,0.0,off,off,off,off,off
94.69999999999548,0.3,19.409999999997147,-13.655140597950322,-10.713043826218836,-9.741383610920877,-10.71304382624919,-13.6551405979626,-17.609747196887326,-17.60974719690833,0.6823560953301958,0.7038303628871362,0.7104911093177708,0.7038303628869812,0.6823560953300577,0.10542912813530322,0.07230452391811149,0.06153649217294123,0.07230452391830566,0.10542912813556066,0.0,0.0,0.0,0.0,0.0,off,off,off,off,off
94.79999999999548,0.3,19.43999999999714,-13.645176686368472,-10.702982764658259,-9.73129347512986,-10.702982764687647,-13.645176686383365,-17.599959231520728,-17.599959231541675,0.6823330959193011,0.703838751563546,0.7105090024974292,0.7038387515633932,0.6823330959191554,0.10563199923220111,0.07244172858321682,0.06165185151395871,0.07244172858341183,0.10563199923245885,0.0,0.0,0.0,0.0,0.0,off,off,off,off,off
94.89999999999547,0.3,19.469999999997135,-13.635213715961811,-10.692923324797903,-9.72120524608738,-10.692923324830815,-13.635213715976988,-17.590171766760108,-17.59017176678111,0.6823099742963029,0.7038470435462743,0.7105268053572779,0.7038470435461116,0.682309974296156,0.10583471966458964,0.07257876619712192,0.06176703590320535,0.07257876619731769,0.10583471966484778,0.0,0.0,0.0,0.0,0.0,off,off,off,off,off
94.99999999999547,0.3,19.49999999999713,-13.62525168321713,-10.682865496697218,-9.711118911190908,-10.682865496733655,-13.62525168323549,-17.580384803776866,-17.58038480379784,0.6822867313937068,0.7038552397203944,0.7105445186714723,0.7038552397202217,0.6822867313935516,0.10603728906262251,0.07271563650573558,0.061882045352818216,0.07271563650593225,0.10603728906288108,0.0,0.0,0.0,0.0,0.0,off,off,off,off,off
95.09999999999546,0.3,19.529999999997123,-13.615290584662603,-10.672809270508708,-9.70103445796417,-10.672809270547077,-13.615290584678235,-17.570598343729216,-17.570598343750106,0.682263368139446,0.7038633409661326,0.7105621432130309,0.7038633409659543,0.6822633681392979,0.10623970705825062,0.0728523392565416,0.061996879867721705,0.07285233925673926,0.10623970705850974,0.0,0.0,0.0,0.0,0.0,off,off,off,off,off
95.19999999999546,0.3,19.559999999997117,-13.605330416854827,-10.662754636481736,-9.690951874047641,-10.662754636517434,-13.605330416876427,-17.560812387762297,-17.560812387783187,0.6822398854569421,0.7038713481588866,0.7105796797538739,0.7038713481587154,0.6822398854567779,0.10644197328521517,0.07298887419859487,0.0621115394453825,0.07298887419879345,0.10644197328547472,0.0,0.0,0.0,0.0,0.0,off,off,off,off,off
95.29999999999545,0.3,19.58999999999711,-13.595371176388028,-10.652701584952013,-9.680871147220614,-10.652701584988336,-13.595371176414062,-17.551026937008572,-17.551026937029462,0.6822162842651125,0.7038792621692805,0.7105971290647124,0.7038792621691077,0.6822162842649363,0.1066440873790403,0.07312524108251729,0.062226024075821014,0.07312524108271677,0.10664408737930052,0.0,0.0,0.0,0.0,0.0,off,off,off,off,off
95.39999999999544,0.3,19.619999999997106,-13.58541285989918,-10.642650106352221,-9.670792265385273,-10.64265010638917,-13.585412859925611,-17.541241992587658,-17.541241992608548,0.6821925654783836,0.7038870838631668,0.7106144919150084,0.7038870838629921,0.6821925654782058,0.10684604897702635,0.07326143966049374,0.062340333741778775,0.07326143966069405,0.1068460489772873,0.0,0.0,0.0,0.0,0.0,off,off,off,off,off
95.49999999999544,0.3,19.6499999999971,-13.575455464038214,-10.632600191207473,-9.660715216558856,-10.632600191243057,-13.57545546407249,-17.53145755560672,-17.531457555627668,0.6821687300067998,0.7038948141016645,0.710631769072885,0.7038948141014933,0.6821687300066007,0.107047857718243,0.07339746968626784,0.06245446841897747,0.07339746968646897,0.10704785771850471,0.0,0.0,0.0,0.0,0.0,off,off,off,off,off
95.59999999999543,0.3,19.679999999997094,-13.565498985509748,-10.622551830128486,-9.650639988880528,-10.622551830165548,-13.565498985547663,-17.521673627160453,-17.521673627181485,0.6821447787559418,0.7039024537412053,0.7106489613049928,0.703902453741029,0.6821447787557321,0.10724951324352174,0.07353333091513807,0.06256842807642939,0.07353333091533999,0.10724951324378451,0.0,0.0,0.0,0.0,0.0,off,off,off,off,off
95.69999999999543,0.3,19.709999999997088,-13.555543421041989,-10.61250501381943,-9.640566570609508,-10.61250501385905,-13.555543421082973,-17.51189020833121,-17.511890208352355,0.6821207126270334,0.70391000363354,0.7106660693763941,0.7039100036333571,0.6821207126268158,0.10745101519544965,0.07366902310395328,0.06268221267677349,0.0736690231041561,0.10745101519571344,0.0,0.0,0.0,0.0,0.0,off,off,off,off,off
95.79999999999542,0.3,19.73999999999708,-13.545588767405093,-10.602459733079456,-9.630494950118248,-10.602459733118792,-13.545588767437948,-17.502107300189266,-17.502107300210383,0.6820965325169274,0.7039174646257622,0.7106830940504574,0.7039174646255798,0.6820965325167312,0.10765236321836208,0.07380454601110902,0.062795822176621,0.07380454601131284,0.10765236321862684,0.0,0.0,0.0,0.0,0.0,off,off,off,off,off
95.89999999999542,0.3,19.769999999997076,-13.535635021382404,-10.59241597878605,-9.620425115905334,-10.59241597882368,-13.535635021419807,-17.492324903792564,-17.492324903813767,0.682072239318204,0.7039248375603802,0.7107000360887087,0.7039248375602021,0.6820722393179957,0.1078535569583359,0.0739398993965431,0.06290925652690059,0.07393989939674786,0.10785355695860133,0.0,0.0,0.0,0.0,0.0,off,off,off,off,off
95.99999999999541,0.3,19.79999999999707,-13.525682179809337,-10.582373741910203,-9.610357056569399,-10.582373741950676,-13.525682179847252,-17.482543020187478,-17.48254302020871,0.6820478339190978,0.7039321232753012,0.7107168962507833,0.7039321232751148,0.6820478339188873,0.10805459606318239,0.07407508302173123,0.06302251567319657,0.07407508302193684,0.10805459606344871,0.0,0.0,0.0,0.0,0.0,off,off,off,off,off
96.0999999999954,0.3,19.829999999997064,-13.51573023954046,-10.5723330130823,-9.600290760830035,-10.572333013123284,-13.515730239580648,-17.472761650408245,-17.472761650429504,0.6820233172036112,0.703939322632695,0.7107336752942657,0.7039393226325067,0.6820233172033946,0.10825548018244062,0.07421009664387558,0.06313559955607709,0.07421009664408218,0.10825548018270785,0.0,0.0,0.0,0.0,0.0,off,off,off,off,off
96.1999999999954,0.3,19.859999999997058,-13.505779197450863,-10.56229378096981,-9.590226217459474,-10.56229378101142,-13.505779197487755,-17.462980795477563,-17.462980795498936,0.6819986900515383,0.7039464370106391,0.7107503739747647,0.703946437010449,0.68199869005133,0.10845620896737092,0.0743449397289359,0.06324850811140982,0.0743449397291434,0.10845620896763898,0.0,0.0,0.0,0.0,0.0,off,off,off,off,off
96.29999999999539,0.3,19.889999999997052,-13.495829050408759,-10.55225603556471,-9.580163415292589,-10.552256035603818,-13.49582905043951,-17.45320045640642,-17.453200456427936,0.6819739533385634,0.7039534682035493,0.7107669930457924,0.703953468203366,0.6819739533383716,0.1086567820709471,0.07447961074954038,0.06336124127066375,0.07447961074974876,0.10865678207121586,0.0,0.0,0.0,0.0,0.0,off,off,off,off,off
96.39999999999539,0.3,19.919999999997046,-13.485879795308733,-10.5422197674676,-9.57010234325287,-10.542219767510062,-13.48587979533852,-17.44342063419427,-17.44342063421584,0.6819491079362012,0.7039604177280646,0.7107835332586006,0.7039604177278713,0.6819491079360115,0.10885719914784982,0.07461410770137752,0.06347379896119795,0.0746141077015869,0.1088571991481191,0.0,0.0,0.0,0.0,0.0,off,off,off,off,off
96.49999999999538,0.3,19.94999999999704,-13.47593142907266,-10.532184967546584,-9.5600429903634,-10.532184967589558,-13.47593142910398,-17.433641329829015,-17.433641329850587,0.6819241547118201,0.7039672868187631,0.7107999953620647,0.7039672868185679,0.6819241547116259,0.10905745985445953,0.07474842890690331,0.06358618110653662,0.07474842890711374,0.10905745985472932,0.0,0.0,0.0,0.0,0.0,off,off,off,off,off
96.59999999999538,0.3,19.979999999997034,-13.465983948654298,-10.522151626852349,-9.549985345739287,-10.522151626898392,-13.46598394868721,-17.42386254428712,-17.423862544308747,0.6818990945286554,0.7039740765246592,0.7108163801026227,0.7039740765244556,0.681899094528456,0.10925756384884994,0.07488257317772443,0.06369838762663124,0.07488257317793598,0.10925756384912037,0.0,0.0,0.0,0.0,0.0,off,off,off,off,off
96.69999999999537,0.3,20.009999999997028,-13.456037351026794,-10.512119736592865,-9.539929398588924,-10.512119736639193,-13.456037351059535,-17.414084278533778,-17.414084278555436,0.6818739282458691,0.7039807877735469,0.710832688224197,0.7039807877733424,0.6818739282456705,0.10945751079078136,0.07501653971727726,0.06381041843810902,0.07501653971748992,0.1094575107910525,0.0,0.0,0.0,0.0,0.0,off,off,off,off,off
96.79999999999536,0.3,20.039999999997022,-13.446091633198023,-10.502089288122534,-9.529875138235298,-10.502089288168577,-13.446091633229173,-17.40430653352314,-17.404306533544798,0.6818486567185373,0.7039874214130568,0.710848920468061,0.7039874214128523,0.6818486567183426,0.10965730034169395,0.07515032800163221,0.06392227345450975,0.07515032800184591,0.10965730034196575,0.0,0.0,0.0,0.0,0.0,off,off,off,off,off
96.89999999999536,0.3,20.069999999997016,-13.436146792203203,-10.492060272917797,-9.519822554086147,-10.492060272967876,-13.436146792233274,-17.39452931019818,-17.39452931021978,0.6818232807976916,0.7039939782375799,0.7108650775728578,0.7039939782373644,0.6818232807974997,0.1098569321647011,0.07528393768845232,0.06403395258651065,0.07528393768866716,0.10985693216497354,0.0,0.0,0.0,0.0,0.0,off,off,off,off,off
96.99999999999535,0.3,20.09999999999701,-13.426202825101143,-10.482032682571571,-9.509771635653976,-10.48203268262364,-13.426202825129678,-17.38475260949093,-17.38475260951256,0.6817978013303563,0.7040004590060649,0.7108811602744801,0.704000459005843,0.681797801330168,0.1100564059245828,0.07541736855403859,0.06414545574213905,0.07541736855425457,0.11005640592485581,0.0,0.0,0.0,0.0,0.0,off,off,off,off,off
97.09999999999535,0.3,20.129999999997004,-13.416259728997431,-10.472006508797563,-9.49972237255156,-10.472006508850484,-13.416259729027104,-17.374976432322683,-17.374976432344397,0.6817722191595116,0.7040068644538054,0.7108971693060234,0.7040068644535807,0.6817722191593193,0.11025572128777916,0.0755506204509894,0.0642567828269749,0.07555062045120665,0.11025572128805271,0.0,0.0,0.0,0.0,0.0,off,off,off,off,off
97.19999999999534,0.3,20.159999999996998,-13.40631750101079,-10.461981743404522,-9.489674754496207,-10.461981743458466,-13.406317501038984,-17.365200779604066,-17.365200779625752,0.6817465351242077,0.7040131953003348,0.7109131053977231,0.7040131953001071,0.6817465351240192,0.1104548779223843,0.07568369327998703,0.06436793374434303,0.0756836932802056,0.11045487792265839,0.0,0.0,0.0,0.0,0.0,off,off,off,off,off
97.29999999999534,0.3,20.189999999996992,-13.396376138301491,-10.451958378303914,-9.479628771299417,-10.45195837835746,-13.396376138329629,-17.355425652234942,-17.355425652256713,0.6817207500595146,0.7040194522545751,0.7109289692769285,0.7040194522543475,0.6817207500593263,0.11065387549813924,0.07581658697108586,0.06447890839549494,0.07581658697130568,0.11065387549841392,0.0,0.0,0.0,0.0,0.0,off,off,off,off,off
97.39999999999533,0.3,20.219999999996986,-13.386435638052376,-10.441936405506283,-9.46958441287046,-10.441936405561933,-13.386435638081593,-17.345651051104966,-17.34565105112665,0.6816948647965976,0.7040256360182465,0.7109447616680478,0.7040256360180135,0.681694864796406,0.1108527136864259,0.07594930147135577,0.06458970667978187,0.07594930147157682,0.11085271368670119,0.0,0.0,0.0,0.0,0.0,off,off,off,off,off
97.49999999999532,0.3,20.24999999999698,-13.376495997483914,-10.431915817120341,-9.459541669218368,-10.431915817177924,-13.376495997516429,-17.335876977092994,-17.335876977114737,0.681668880162699,0.7040317472880957,0.7109604832924967,0.7040317472878568,0.6816688801624979,0.11105139216026047,0.0760818367367686,0.06470032849481831,0.07608183673699093,0.11105139216053642,0.0,0.0,0.0,0.0,0.0,off,off,off,off,off
97.59999999999532,0.3,20.279999999996974,-13.366557213843123,-10.421896605340464,-9.44950053045369,-10.421896605399127,-13.366557213882345,-17.326103431068077,-17.326103431089876,0.6816427969811941,0.7040377867573604,0.710976134868657,0.704037786757118,0.681642796980975,0.11124991059428745,0.07621419272691282,0.06481077373663771,0.07621419272713649,0.11124991059456416,0.0,0.0,0.0,0.0,0.0,off,off,off,off,off
97.69999999999531,0.3,20.30999999999697,-13.356619283732584,-10.41187876246363,-9.439460986780034,-10.411878762523486,-13.356619283770385,-17.31633041388838,-17.316330413910123,0.6816166160674327,0.7040437551166394,0.7109917171118563,0.7040437551163932,0.6816166160672169,0.1114482686635776,0.07634636940159213,0.0649210422998399,0.07634636940181723,0.11144826866385522,0.0,0.0,0.0,0.0,0.0,off,off,off,off,off
97.79999999999531,0.3,20.339999999996962,-13.346682201994327,-10.401862280834791,-9.429423028497183,-10.40186228089226,-13.346682202031218,-17.30655792639618,-17.30655792641801,0.6815903383648017,0.7040496530546043,0.7110072307343296,0.7040496530543645,0.6815903383645883,0.11164646599270521,0.07647836671867696,0.06503113407773072,0.07647836671890339,0.11164646599298365,0.0,0.0,0.0,0.0,0.0,off,off,off,off,off
97.8999999999953,0.3,20.369999999996956,-13.336745964888678,-10.391847152868422,-9.419386646004341,-10.391847152926744,-13.336745964924091,-17.296785969419687,-17.296785969441487,0.6815639650398946,0.7040554812582789,0.7110226764451764,0.7040554812580364,0.6815639650396851,0.1118445019576333,0.07661018463278606,0.06514104896245453,0.07661018463301375,0.11184450195791243,0.0,0.0,0.0,0.0,0.0,off,off,off,off,off
97.9999999999953,0.3,20.39999999999695,-13.326810569175734,-10.381833371054427,-9.409351829786317,-10.381833371111213,-13.326810569214445,-17.287014543774973,-17.287014543796857,0.6815374972960022,0.7040612404132097,0.7110380549503693,0.7040612404129706,0.6815374972957825,0.11204237562890995,0.07674182309451857,0.06525078684511998,0.07674182309474756,0.11204237562918994,0.0,0.0,0.0,0.0,0.0,off,off,off,off,off
98.09999999999529,0.3,20.429999999996944,-13.316876011857175,-10.37182092796155,-9.399318570430978,-10.371820928017826,-13.316876011895545,-17.27724365026748,-17.277243650289336,0.6815109362645349,0.70406693120354,0.7110533669526783,0.7040669312033021,0.6815109362643164,0.11224008597389074,0.0768732820500482,0.06536034761591913,0.07687328205027855,0.11224008597417154,0.0,0.0,0.0,0.0,0.0,off,off,off,off,off
98.19999999999528,0.3,20.45999999999694,-13.306942290062068,-10.361809816244602,-9.389286858603839,-10.361809816299399,-13.306942290100665,-17.26747328969188,-17.26747328971385,0.6814842829873621,0.7040725543120191,0.7110686131517171,0.7040725543117841,0.681484282987143,0.11243763203581252,0.07700456144095427,0.0654697311642403,0.07700456144118581,0.11243763203609417,0.0,0.0,0.0,0.0,0.0,off,off,off,off,off
98.29999999999528,0.3,20.489999999996932,-13.297009401030323,-10.351800028633647,-9.379256685084954,-10.35180002868367,-13.297009401062269,-17.25770346283292,-17.25770346285509,0.6814575384287183,0.7040781104200062,0.7110837942438191,0.7040781104197842,0.6814575384285162,0.1126350130003642,0.07713566120420583,0.06557893737877518,0.07713566120443857,0.11263501300064654,0.0,0.0,0.0,0.0,0.0,off,off,off,off,off
98.39999999999527,0.3,20.519999999996926,-13.287077342061252,-10.341791557939302,-9.369228040722533,-10.341791557984834,-13.28707734209678,-17.24793417046564,-17.247934170487895,0.6814307034918226,0.7040836002074181,0.7110989109221422,0.7040836002072077,0.6814307034916108,0.11283222819609107,0.07726658127224409,0.06568796614762042,0.07726658127247783,0.11283222819637408,0.0,0.0,0.0,0.0,0.0,off,off,off,off,off
98.49999999999527,0.3,20.54999999999692,-13.277146110541935,-10.331784397058186,-9.359200916472332,-10.331784397099511,-13.277146110580532,-17.23816541335526,-17.238165413377516,0.681403779033481,0.7040890243526523,0.7111139638765462,0.7040890243524525,0.6814037790332603,0.11302927707124864,0.0773973215731255,0.06579681735837344,0.07739732157336017,0.11302927707153251,0.0,0.0,0.0,0.0,0.0,off,off,off,off,off
98.59999999999526,0.3,20.579999999996915,-13.267215703920215,-10.32177853895314,-9.349175303367304,-10.321778538992021,-13.267215703962108,-17.22839719225763,-17.228397192279942,0.6813767658758131,0.7040943835325725,0.711128953793656,0.7040943835323792,0.6813767658755829,0.11322615916695394,0.07752788203070153,0.065905490898224,0.07752788203093704,0.11322615916723867,0.0,0.0,0.0,0.0,0.0,off,off,off,off,off
98.69999999999526,0.3,20.60999999999691,-13.257286119682306,-10.311773976669656,-9.33915119253794,-10.311773976705695,-13.257286119726302,-17.218629507919474,-17.21862950794184,0.6813496648151467,0.7040996784223942,0.7111438813567921,0.7040996784222076,0.6813496648149109,0.1134228740936026,0.0776582625648186,0.06601398665404028,0.0776582625650549,0.11342287409388833,0.0,0.0,0.0,0.0,0.0,off,off,off,off,off
98.79999999999525,0.3,20.639999999996903,-13.247357355377176,-10.301770703334512,-9.329128575197387,-10.301770703369016,-13.247357355420434,-17.20886236107833,-17.208862361100785,0.6813224766284972,0.7041049096956129,0.7111587472459988,0.70410490969543,0.6813224766282626,0.1136194215121393,0.07778846309152838,0.06612230451245067,0.07778846309176543,0.11361942151242607,0.0,0.0,0.0,0.0,0.0,off,off,off,off,off
98.89999999999525,0.3,20.669999999996897,-13.237429408588298,-10.291768712145824,-9.31910744265133,-10.29176871218067,-13.237429408631272,-17.199095752462938,-17.199095752485476,0.6812952020784248,0.704110078023961,0.711173552138004,0.704110078023777,0.6812952020781913,0.11381580111986002,0.07791848352330072,0.06623044435992151,0.07791848352353856,0.11381580112014766,0.0,0.0,0.0,0.0,0.0,off,off,off,off,off
98.99999999999524,0.3,20.69999999999689,-13.227502276945188,-10.281767996381632,-9.309087786294754,-10.28176799641335,-13.227502276983842,-17.18932968279327,-17.189329682815867,0.6812678419164828,0.7041151840773108,0.7111882967062207,0.7041151840771351,0.6812678419162602,0.11401201263990483,0.07804832376923508,0.06633840608283036,0.0780483237694737,0.11401201264019331,0.0,0.0,0.0,0.0,0.0,off,off,off,off,off
99.09999999999523,0.3,20.729999999996885,-13.217575958113969,-10.271768549385683,-9.299069597597338,-10.27176854941905,-13.217575958155294,-17.179564152780614,-17.179564152803266,0.6812403968857491,0.7041202285236486,0.7112029816207743,0.7041202285234679,0.6812403968855191,0.11420805581358975,0.07817798373526778,0.06644618956753551,0.07817798373550722,0.1142080558138791,0.0,0.0,0.0,0.0,0.0,off,off,off,off,off
99.19999999999523,0.3,20.75999999999688,-13.207650449809023,-10.261770364585743,-9.28905286813233,-10.26177036462002,-13.207650449849837,-17.16979916312775,-17.16979916315057,0.6812128677226028,0.7041252120289555,0.7112176075484198,0.7041252120287718,0.6812128677223738,0.11440393039485658,0.07830746332437305,0.06655379470044195,0.07830746332461333,0.11440393039514679,0.0,0.0,0.0,0.0,0.0,off,off,off,off,off
99.29999999999522,0.3,20.789999999996873,-13.197725749775202,-10.25177343547665,-9.279037589540508,-10.251773435509904,-13.197725749812719,-17.16003471452933,-17.16003471455224,0.6811852551580688,0.7041301352571934,0.7112321751526324,0.704130135257012,0.6811852551578483,0.11459963614628096,0.0784367624367574,0.06666122136806375,0.07843676243699858,0.11459963614657197,0.0,0.0,0.0,0.0,0.0,off,off,off,off,off
99.39999999999522,0.3,20.819999999996867,-13.187801855782197,-10.241777755626629,-9.26902375356292,-10.241777755658575,-13.187801855828923,-17.150270807671518,-17.150270807694454,0.6811575599187606,0.7041349988702281,0.7112466850935129,0.7041349988700499,0.6811575599185147,0.11479517283621539,0.0785658809700462,0.06676846945708277,0.07856588097028819,0.11479517283650725,0.0,0.0,0.0,0.0,0.0,off,off,off,off,off
99.49999999999521,0.3,20.84999999999686,-13.177878765662285,-10.231783318676378,-9.25901135201741,-10.231783318711166,-13.177878765710034,-17.140507443232536,-17.1405074432555,0.6811297827274366,0.7041398035277769,0.7112611380278487,0.7041398035275902,0.6811297827271875,0.1149905402367571,0.07869481881946258,0.06687553885440513,0.07869481881970554,0.11499054023705013,0.0,0.0,0.0,0.0,0.0,off,off,off,off,off
99.5999999999952,0.3,20.879999999996855,-13.167956477257121,-10.221790118333445,-9.249000376801348,-10.221790118366073,-13.167956477314647,-17.130744621882513,-17.130744621905592,0.6811019243036114,0.7041445498873695,0.7112755346091033,0.704144549887189,0.6811019243033358,0.11518573812231174,0.07882357587799865,0.06698242944721364,0.0788235758782425,0.11518573812260606,0.0,0.0,0.0,0.0,0.0,off,off,off,off,off
99.6999999999952,0.3,20.90999999999685,-13.158034988456563,-10.211798148380922,-9.238990819907826,-10.21179814841338,-13.158034988510565,-17.120982344283732,-17.120982344306867,0.6810739853637824,0.7041492386042763,0.7112898754873708,0.7041492386040956,0.6810739853635157,0.11538076626858641,0.07895215203657889,0.06708914112301795,0.07895215203682353,0.11538076626888215,0.0,0.0,0.0,0.0,0.0,off,off,off,off,off
99.7999999999952,0.3,20.939999999996843,-13.148114297170366,-10.20180740266676,-9.22898267339923,-10.201807402691031,-13.148114297230052,-17.1112206110908,-17.111220611113993,0.681045966621731,0.704153870331489,0.7113041613094461,0.7041538703313295,0.6810459666214486,0.1155756244518927,0.07908054718421602,0.06719567376970213,0.07908054718446135,0.11557562445218983,0.0,0.0,0.0,0.0,0.0,off,off,off,off,off
99.89999999999519,0.3,20.969999999996837,-13.138194401343242,-10.191817875101208,-9.218975929426335,-10.191817875126617,-13.138194401405087,-17.10145942295071,-17.10145942297396,0.6810178687886416,0.7041584457196838,0.7113183927187732,0.704158445719521,0.681017868788353,0.1157703124486719,0.07920876120816016,0.06730202727556917,0.07920876120840592,0.1157703124489705,0.0,0.0,0.0,0.0,0.0,off,off,off,off,off
99.99999999999518,0.3,20.99999999999683,-13.128275298960034,-10.181829559670405,-9.208970580218477,-10.181829559698542,-13.128275299020117,-17.09169878050261,-17.091698780525974,0.6809896925731946,0.7041629654171466,0.7113325703554734,0.7041629654169764,0.6809896925729103,0.11596483003518054,0.07933679399403992,0.06740820152938343,0.07933679399428632,0.11596483003548058,0.0,0.0,0.0,0.0,0.0,off,off,off,off,off
100.09999999999518,0.3,21.029999999996825,-13.118356988024175,-10.171842450430518,-9.198966618087411,-10.171842450454676,-13.118356988081814,-17.081938684378542,-17.08193868440202,0.6809614386816917,0.7041674300697471,0.7113466948563361,0.7041674300695874,0.6809614386814135,0.11615917698728961,0.07946464542599836,0.06751419642041073,0.0794646454262455,0.11615917698759093,0.0,0.0,0.0,0.0,0.0,off,off,off,off,off
100.19999999999517,0.3,21.05999999999682,-13.108439466572747,-10.161856541495013,-9.18896403542658,-10.161856541516784,-13.108439466631637,-17.0721791352031,-17.07217913522669,0.6809331078180607,0.7041718403209376,0.7113607668548234,0.7041718403207844,0.6809331078177784,0.11635335308036507,0.07959231538682128,0.06762001183845628,0.07959231538706907,0.11635335308066759,0.0,0.0,0.0,0.0,0.0,off,off,off,off,off
100.29999999999517,0.3,21.089999999996813,-13.098522732671768,-10.151871827045397,-9.178962824697408,-10.151871827063474,-13.098522732726394,-17.062420133593548,-17.062420133617422,0.6809047006838919,0.7041761968116925,0.7113747869811099,0.7041761968115487,0.6809047006836204,0.11654735808920609,0.07971980375805979,0.0677256476739004,0.07971980375830803,0.11654735808950972,0.0,0.0,0.0,0.0,0.0,off,off,off,off,off
100.39999999999516,0.3,21.119999999996807,-13.088606784411581,-10.141888301327413,-9.168962978454033,-10.141888301344864,-13.088606784474507,-17.05266168016027,-17.052661680184315,0.6808762179784649,0.7041805001804846,0.7113887558620199,0.7041805001803422,0.6808762179781704,0.11674119178802382,0.07984711042014679,0.06783110381773194,0.07984711042039552,0.11674119178832863,0.0,0.0,0.0,0.0,0.0,off,off,off,off,off
100.49999999999515,0.3,21.1499999999968,-13.078691619927326,-10.131905958654784,-9.158964489318691,-10.131905958669051,-13.078691619993549,-17.042903775506545,-17.042903775530704,0.6808476603986949,0.7041847510632475,0.7114026741210979,0.7041847510631138,0.6808476603983912,0.11693485395044886,0.07997423525250853,0.06793638016158102,0.07997423525275771,0.11693485395075526,0.0,0.0,0.0,0.0,0.0,off,off,off,off,off
100.59999999999515,0.3,21.179999999996795,-13.0687772373646,-10.121924793395578,-9.14896735000417,-10.121924793413882,-13.06877723742923,-17.033146420228718,-17.033146420252933,0.6808190286392249,0.7041889500933872,0.7114165423785532,0.7041889500932418,0.6808190286389255,0.11712834434955811,0.08010117813366992,0.06804147659774856,0.08010117813391947,0.11712834434986602,0.0,0.0,0.0,0.0,0.0,off,off,off,off,off
100.69999999999514,0.3,21.20999999999679,-13.058863634897477,-10.111944799996024,-9.13897155328334,-10.111944800013362,-13.058863634966315,-17.02338961491614,-17.02338961494047,0.6807903233923694,0.7041930979016875,0.7114303612513483,0.7041930979015449,0.6807903233920581,0.11732166275791385,0.0802279389413553,0.06814639301923511,0.08022793894160535,0.11732166275822313,0.0,0.0,0.0,0.0,0.0,off,off,off,off,off
100.79999999999514,0.3,21.239999999996783,-13.048950810743634,-10.101965972954133,-9.128977092015816,-10.101965972968799,-13.048950810805877,-17.01363336015163,-17.013633360176016,0.6807615453480649,0.7041971951163641,0.7114441313531314,0.7041971951162284,0.6807615453477702,0.11751480894761251,0.08035451755258452,0.06825112931976733,0.08035451755283506,0.1175148089479233,0.0,0.0,0.0,0.0,0.0,off,off,off,off,off
100.89999999999513,0.3,21.269999999996777,-13.039038763118015,-10.091988306825897,-9.118983959133459,-10.091988306840449,-13.039038763179178,-17.003877656511236,-17.003877656535792,0.6807326951939836,0.7042012423630218,0.7114578532942851,0.704201242362886,0.6807326951936916,0.11770778269033853,0.08048091384376381,0.06835568539382364,0.08048091384401475,0.11770778269065056,0.0,0.0,0.0,0.0,0.0,off,off,off,off,off
100.99999999999513,0.3,21.29999999999677,-13.029127490287578,-10.082011796239044,-9.108992147644756,-10.082011796251379,-13.029127490346752,-16.994122504564587,-16.994122504589086,0.680703773615377,0.7042052402646005,0.7114715276819176,0.7042052402644702,0.6807037736150894,0.1179005837574205,0.08060712769077243,0.06846006113665791,0.08060712769102375,0.11790058375773375,0.0,0.0,0.0,0.0,0.0,off,off,off,off,off
101.09999999999512,0.3,21.329999999996765,-13.01921699053031,-10.072036435871155,-9.099001650624075,-10.072036435884172,-13.019216990585846,-16.984367904874716,-16.984367904899216,0.680674781295173,0.704209189441415,0.7114851551199001,0.7042091894412824,0.6806747812948942,0.11809321191988978,0.08073315896904536,0.06856425644432212,0.08073315896929706,0.1180932119202043,0.0,0.0,0.0,0.0,0.0,off,off,off,off,off
101.19999999999511,0.3,21.35999999999676,-13.009307262154664,-10.06206222046444,-9.089012461237587,-10.062062220483085,-13.009307262207415,-16.974613857998406,-16.974613858022963,0.6806457189139122,0.7042130905110985,0.7114987362088081,0.7042130905109502,0.6806457189136401,0.11828566694853898,0.08085900755365161,0.06866827121368742,0.08085900755390374,0.11828566694885462,0.0,0.0,0.0,0.0,0.0,off,off,off,off,off
101.29999999999511,0.3,21.389999999996753,-12.999398303493251,-10.052089144825402,-9.079024572709784,-10.052089144845183,-12.999398303543614,-16.96486036448607,-16.964860364510628,0.6806165871497558,0.7042169440885885,0.7115122715460157,0.7042169440884377,0.68061658714949,0.11847794861397945,0.0809846733193691,0.06877210534246446,0.0809846733196219,0.11847794861429602,0.0,0.0,0.0,0.0,0.0,off,off,off,off,off
101.3999999999951,0.3,21.419999999996747,-12.989490112903752,-10.042117203813575,-9.069037978343886,-10.04211720382989,-12.989490112949682,-16.95510742488193,-16.955107424906544,0.680587386678471,0.7042207507861454,0.7115257617256502,0.7042207507860033,0.6805873866782162,0.1186700566866981,0.08111015614075578,0.06887575872922193,0.08111015614100914,0.1186700566870155,0.0,0.0,0.0,0.0,0.0,off,off,off,off,off
101.4999999999951,0.3,21.44999999999674,-12.979582688762605,-10.032146392344373,-9.059052671508596,-10.0321463923608,-12.979582688810467,-16.945355039724234,-16.94535503974879,0.6805581181734397,0.7042245112133279,0.7115392073386384,0.7042245112131856,0.6805581181731793,0.11886199093711243,0.0812354558922168,0.06897923127340412,0.08123545589247062,0.11886199093743084,0.0,0.0,0.0,0.0,0.0,off,off,off,off,off
101.59999999999509,0.3,21.479999999996735,-12.9696760294824,-10.02217670539784,-9.049068645655211,-10.022176705413813,-12.969676029523725,-16.93560320954498,-16.93560320956948,0.6805287823056015,0.7042282259769636,0.7115526089726678,0.7042282259768221,0.6805287823053582,0.11905375113562501,0.08136057244806892,0.06908252287534784,0.08136057244832315,0.11905375113594434,0.0,0.0,0.0,0.0,0.0,off,off,off,off,off
101.69999999999509,0.3,21.50999999999673,-12.959770133482664,-10.012208138000176,-9.03908589429102,-10.01220813801308,-12.959770133528707,-16.925851934870423,-16.925851934894865,0.6804993797435253,0.7042318956811846,0.7115659672122681,0.7042318956810513,0.6804993797432685,0.11924533705267412,0.08148550568260145,0.06918563343629788,0.08148550568285619,0.11924533705299438,0.0,0.0,0.0,0.0,0.0,off,off,off,off,off
101.79999999999508,0.3,21.539999999996724,-12.949864999216459,-10.00224068524335,-9.029104411007722,-10.0022406852583,-12.94986499926324,-16.91610121622074,-16.916101216245124,0.6804699111533294,0.704235520927368,0.7115792826387439,0.7042355209272289,0.6804699111530698,0.11943674845878413,0.08161025547013455,0.06928856285842183,0.08161025547038964,0.1194367484591055,0.0,0.0,0.0,0.0,0.0,off,off,off,off,off
101.89999999999507,0.3,21.569999999996718,-12.939960625162485,-9.992274342274698,-9.019124189464549,-9.992274342290614,-12.939960625208244,-16.906351054110416,-16.906351054134802,0.6804403771986958,0.7042391023141558,0.7115925558302314,0.7042391023140139,0.6804403771984388,0.1196279851246134,0.08173482168507408,0.06939131104482371,0.08173482168532957,0.11962798512493575,0.0,0.0,0.0,0.0,0.0,off,off,off,off,off
101.99999999999507,0.3,21.59999999999671,-12.930057009807854,-9.982309104291119,-9.009145223380301,-9.982309104308456,-12.930057009860377,-16.896601449048376,-16.896601449072875,0.6804107785409128,0.7042426404374638,0.711605787361729,0.7042426404373174,0.6804107785406375,0.11981904682099981,0.08185920420196427,0.06949387789955717,0.08185920420222025,0.1198190468213233,0.0,0.0,0.0,0.0,0.0,off,off,off,off,off
102.09999999999506,0.3,21.629999999996706,-12.92015415168288,-9.972344966553067,-8.999167506550748,-9.972344966571995,-12.92015415173421,-16.886852401537908,-16.886852401562408,0.6803811158387746,0.7042461358904359,0.7116189778050606,0.7042461358902854,0.6803811158385014,0.12000993331900509,0.08198340289553747,0.0695962633276372,0.08198340289579402,0.12000993331932994,0.0,0.0,0.0,0.0,0.0,off,off,off,off,off
102.19999999999506,0.3,21.6599999999967,-12.910252049319297,-9.962381924369765,-8.989191032834867,-9.962381924389774,-12.910252049369774,-16.877103912076564,-16.877103912101063,0.6803513897486886,0.704249589263484,0.7116321277289246,0.7042495892633306,0.6803513897484169,0.12020064438995715,0.08210741764076158,0.06969846723505174,0.08210741764101868,0.12020064439028316,0.0,0.0,0.0,0.0,0.0,off,off,off,off,off
102.29999999999505,0.3,21.689999999996694,-12.90035070127999,-9.952419973108533,-8.97921579616309,-9.952419973129679,-12.900350701335356,-16.867355981156607,-16.867355981181106,0.6803216009245924,0.7042530011442544,0.7116452376988807,0.7042530011440975,0.6803216009243073,0.12039117980548947,0.08223124831288496,0.0698004895287722,0.08223124831314264,0.12039117980581675,0.0,0.0,0.0,0.0,0.0,off,off,off,off,off
102.39999999999505,0.3,21.719999999996688,-12.890450106150922,-9.94245910818222,-8.969241790529509,-9.942459108202058,-12.890450106204469,-16.857608609264673,-16.857608609289287,0.680291750017974,0.7042563721176601,0.711658308277382,0.7042563721175068,0.6802917500176935,0.12058153933758045,0.08235489478747905,0.06990233011676329,0.08235489478773723,0.12058153933790906,0.0,0.0,0.0,0.0,0.0,off,off,off,off,off
102.49999999999504,0.3,21.74999999999668,-12.880550262540226,-9.932499325065919,-8.959269010001492,-9.932499325087747,-12.880550262593488,-16.84786179688234,-16.84786179690707,0.68026183767787,0.704259702765833,0.711671340023762,0.7042597027656736,0.68026183767759,0.12077172275858986,0.08247835694047884,0.07000398890799246,0.08247835694073767,0.12077172275891972,0.0,0.0,0.0,0.0,0.0,off,off,off,off,off
102.59999999999503,0.3,21.779999999996676,-12.870651169073085,-9.922540619279289,-8.949297448159314,-9.922540619298388,-12.870651169119299,-16.838115544485788,-16.838115544510742,0.6802318645508781,0.7042629936681704,0.7116843336901285,0.7042629936680185,0.6802318645506165,0.12096172984129389,0.08260163464822186,0.07010546576681154,0.0826016346484812,0.12096172984162483,0.0,0.0,0.0,0.0,0.0,off,off,off,off,off
102.69999999999503,0.3,21.80999999999667,-12.860752824388783,-9.912582986367056,-8.939327096490729,-9.91258298637905,-12.860752824434542,-16.828369852546246,-16.828369852571257,0.6802018312811638,0.7042662454013845,0.7116972916868299,0.7042662454012513,0.6802018312809026,0.12115156035891844,0.08272472778748399,0.07020675931277501,0.08272472778774363,0.12115156035925043,0.0,0.0,0.0,0.0,0.0,off,off,off,off,off
102.79999999999502,0.3,21.839999999996664,-12.850855227156671,-9.9026264218964,-8.929357947766505,-9.902626421909645,-12.850855227201976,-16.818624721529602,-16.818624721554727,0.6801717385104171,0.7042694585395105,0.7117102163268496,0.7042694585393741,0.680171738510156,0.12134121408517115,0.082847636235514,0.07030786589533321,0.08284763623577389,0.1213412140855041,0.0,0.0,0.0,0.0,0.0,off,off,off,off,off
102.89999999999502,0.3,21.869999999996658,-12.840958376063554,-9.892670921468607,-8.919389995326867,-9.892670921482193,-12.840958376109882,-16.808880151896915,-16.808880151921983,0.6801415868778854,0.7042726336538754,0.7117231089791759,0.7042726336537373,0.6801415868776213,0.12153069079427208,0.08297035987006612,0.0704087821862776,0.08297035987032637,0.121530690794606,0.0,0.0,0.0,0.0,0.0,off,off,off,off,off
102.99999999999501,0.3,21.899999999996652,-12.831062269814652,-9.882716480736008,-8.909423232799327,-9.88271648075164,-12.831062269855579,-16.799136144103898,-16.799136144129022,0.6801113770203736,0.7042757713130532,0.711735970555988,0.7042757713129093,0.6801113770201235,0.1217199902609824,0.08309289856943132,0.0705095061746284,0.08309289856969192,0.12171999026131726,0.0,0.0,0.0,0.0,0.0,off,off,off,off,off
103.099999999995,0.3,21.929999999996646,-12.821166907127463,-9.872763095393282,-8.899457654023252,-9.872763095406242,-12.82116690716748,-16.78939269860183,-16.789392698626955,0.6800811095722592,0.7042788720828905,0.7117488017187716,0.7042788720827535,0.6800811095720112,0.12190911226063213,0.08321525221246652,0.07061003682875802,0.08321525221272755,0.12190911226096793,0.0,0.0,0.0,0.0,0.0,off,off,off,off,off
103.199999999995,0.3,21.95999999999664,-12.811272286744668,-9.862810761163871,-8.889493253010812,-9.862810761180015,-12.811272286787016,-16.77964981583682,-16.779649815862058,0.6800507851654604,0.7042819365265455,0.7117616029834569,0.7042819365264001,0.6800507851652053,0.12209805656914659,0.0833374206786228,0.0707103737191379,0.08333742067888424,0.12209805656948323,0.0,0.0,0.0,0.0,0.0,off,off,off,off,off
103.299999999995,0.3,21.989999999996634,-12.801378407431912,-9.852859473835053,-8.879530023924929,-9.8528594738562,-12.80137840747085,-16.769907496250482,-16.769907496275664,0.6800204044294429,0.7042849652043954,0.7117743747818874,0.7042849652042359,0.6800204044291962,0.12228682296307103,0.08345940384797144,0.07081051677121047,0.0834594038482334,0.12228682296340866,0.0,0.0,0.0,0.0,0.0,off,off,off,off,off
103.39999999999499,0.3,22.019999999996628,-12.791485267958649,-9.842909229232816,-8.869567961044709,-9.84290922925436,-12.791485268001225,-16.760165740279433,-16.76016574030473,0.6799899679912751,0.7042879586741072,0.7117871174986996,0.7042879586739469,0.6799899679910181,0.12247541121959524,0.08358120160122968,0.070910466114324,0.08358120160149225,0.12247541121993384,0.0,0.0,0.0,0.0,0.0,off,off,off,off,off
103.49999999999498,0.3,22.049999999996622,-12.78159286712446,-9.83296002323317,-8.8596070587609,-9.832960023252781,-12.781592867169024,-16.75042454835608,-16.750424548381375,0.6799594764755579,0.7042909174906111,0.711799831493373,0.704290917490456,0.679959476475295,0.12266382111657549,0.0837028138197841,0.07101022199057502,0.0837028138200472,0.12266382111691515,0.0,0.0,0.0,0.0,0.0,off,off,off,off,off
103.59999999999498,0.3,22.079999999996616,-12.771701203748705,-9.823011851752312,-8.849647311578224,-9.823011851773686,-12.771701203789803,-16.740683920907827,-16.740683920933066,0.6799289305044591,0.7042938422061322,0.7118125171133327,0.7042938422059717,0.6799289305042052,0.12285205243255662,0.08382424038571334,0.07110978470012269,0.08382424038597695,0.12285205243289736,0.0,0.0,0.0,0.0,0.0,off,off,off,off,off
103.69999999999497,0.3,22.10999999999661,-12.761810276653875,-9.813064710765843,-8.839688714091324,-9.81306471078534,-12.761810276690142,-16.730943858357705,-16.730943858383,0.6798983306977574,0.7042967333701383,0.7118251747017341,0.7042967333699828,0.6798983306975164,0.12304010494679234,0.08394548118180936,0.07120915456861276,0.08394548118207348,0.12304010494713391,0.0,0.0,0.0,0.0,0.0,off,off,off,off,off
103.79999999999497,0.3,22.139999999996604,-12.751920084683547,-9.80311859628091,-8.8297312609875,-9.803118596298248,-12.751920084726294,-16.721204361124194,-16.721204361149603,0.6798676776728018,0.704299591529426,0.7118378046019036,0.7042995915292762,0.6798676776725425,0.12322797843926447,0.08406653609159775,0.0713083319279845,0.08406653609186227,0.12322797843960695,0.0,0.0,0.0,0.0,0.0,off,off,off,off,off
103.89999999999496,0.3,22.169999999996598,-12.742030626715461,-9.793173504360198,-8.819774947047279,-9.79317350437617,-12.742030626756446,-16.71146542962174,-16.711465429647262,0.6798369720444778,0.7043024172280566,0.7118504071598222,0.7043024172279106,0.6798369720442224,0.12341567269070203,0.08418740499935662,0.07140731710536734,0.08418740499962152,0.12341567269104561,0.0,0.0,0.0,0.0,0.0,off,off,off,off,off
103.99999999999496,0.3,22.199999999996592,-12.73214190161923,-9.783229431113966,-8.80981976713332,-9.783229431131645,-12.732141901666523,-16.701727064260126,-16.70172706428565,0.6798062144253268,0.7043052110073846,0.7118629827254604,0.7043052110072336,0.6798062144250545,0.12360318748259863,0.08430808779013481,0.07150611041685415,0.08430808779040007,0.12360318748294326,0.0,0.0,0.0,0.0,0.0,off,off,off,off,off
104.09999999999495,0.3,22.229999999996586,-12.722253908305788,-9.773286372705172,-8.799865716189288,-9.773286372722737,-12.722253908354048,-16.69198926544493,-16.69198926547051,0.6797754054254178,0.7043079734060498,0.7118755316533797,0.7043079734058982,0.6797754054251428,0.12379052259722886,0.08442858434976912,0.0716047121642058,0.08442858435003475,0.12379052259757478,0.0,0.0,0.0,0.0,0.0,off,off,off,off,off
104.19999999999494,0.3,22.25999999999658,-12.712366645682607,-9.763344325339403,-8.78991278923803,-9.763344325351568,-12.71236664572956,-16.682252033577583,-16.68225203360322,0.6797445456524733,0.7043107049600075,0.7118880543029172,0.7043107049598711,0.6797445456522011,0.12397767781766457,0.08454889456490039,0.07170312263330604,0.08454889456516636,0.12397767781801174,0.0,0.0,0.0,0.0,0.0,off,off,off,off,off
104.29999999999494,0.3,22.289999999996574,-12.702480112686601,-9.753403285255274,-8.779960981381635,-9.753403285270792,-12.702480112735941,-16.672515369055475,-16.672515369080998,0.6797136357117858,0.7043134062025669,0.7119005510381275,0.7043134062024209,0.6797136357115063,0.12416465292778978,0.08466901832298865,0.07180134209365348,0.08466901832325487,0.12416465292813804,0.0,0.0,0.0,0.0,0.0,off,off,off,off,off
104.39999999999493,0.3,22.31999999999657,-12.692594308266564,-9.74346324875711,-8.770010287796708,-9.743463248772855,-12.692594308319542,-16.662779272271564,-16.6627792722972,0.6796826762062683,0.7043160776643025,0.7119130222275956,0.7043160776641557,0.6796826762059789,0.12435144771231463,0.08478895551232714,0.0718993707984579,0.0847889555125937,0.12435144771266417,0.0,0.0,0.0,0.0,0.0,off,off,off,off,off
104.49999999999493,0.3,22.349999999996562,-12.68270923139346,-9.733524212189195,-8.760060703730687,-9.733524212207158,-12.682709231439162,-16.653043743615,-16.653043743640694,0.6796516677364368,0.7043187198731343,0.7119254682441749,0.7043187198729816,0.6796516677361667,0.12453806195678917,0.08490870602205648,0.0719972089850807,0.08490870602232344,0.12453806195713997,0.0,0.0,0.0,0.0,0.0,off,off,off,off,off
104.59999999999492,0.3,22.379999999996556,-12.672824881042231,-9.72358617194135,-8.750112224505813,-9.723586171956242,-12.672824881083443,-16.64330878347107,-16.643308783496707,0.6796206109004626,0.7043213333543192,0.7119378894646691,0.7043213333541744,0.679620610900204,0.12472449544761617,0.08502826974217714,0.07209485687566237,0.08502826974244453,0.12472449544796783,0.0,0.0,0.0,0.0,0.0,off,off,off,off,off
104.69999999999492,0.3,22.40999999999655,-12.662941256212491,-9.713649124448523,-8.740164845508673,-9.713649124460119,-12.662941256255635,-16.633574392220737,-16.633574392246544,0.6795895062941234,0.7043239186304583,0.7119502862695393,0.7043239186303225,0.6795895062938582,0.12491074797206267,0.08514764656356162,0.072192314677843,0.08514764656382924,0.12491074797241518,0.0,0.0,0.0,0.0,0.0,off,off,off,off,off
104.79999999999491,0.3,22.439999999996544,-12.653058355925452,-9.70371306619279,-8.730218562194295,-9.703713066203477,-12.65305835596638,-16.62384057024167,-16.623840570267532,0.6795583545108159,0.7043264762214997,0.7119626590425677,0.7043264762213661,0.6795583545105565,0.12509681931827196,0.08526683637796546,0.0722895825855202,0.08526683637823335,0.12509681931862537,0.0,0.0,0.0,0.0,0.0,off,off,off,off,off
104.8999999999949,0.3,22.46999999999654,-12.643176179201475,-9.693777993704657,-8.720273370088535,-9.693777993711365,-12.643176179244392,-16.61410731790744,-16.61410731793319,0.6795271561416276,0.7043290066447426,0.7119750081705405,0.7043290066446198,0.6795271561413622,0.12528270927527413,0.08538583907803843,0.07238666077961158,0.08538583907830645,0.12528270927562843,0.0,0.0,0.0,0.0,0.0,off,off,off,off,off
104.9999999999949,0.3,22.499999999996533,-12.633294725100484,-9.683843903553907,-8.710329264773861,-9.68384390355709,-12.633294725140388,-16.604374635587533,-16.604374635613397,0.6794959117752305,0.7043315104148694,0.7119873340429781,0.7043315104147556,0.6794959117749724,0.12546841763299607,0.08550465455733401,0.07248354942880257,0.08550465455760212,0.12546841763335126,0.0,0.0,0.0,0.0,0.0,off,off,off,off,off
105.09999999999489,0.3,22.529999999996527,-12.62341399267217,-9.673910792358072,-8.700386241896126,-9.6739107923583,-12.62341399271628,-16.594642523648304,-16.59464252367428,0.6794646219980238,0.7043339880439307,0.7119996370518297,0.7043339880438245,0.679464621997754,0.12565394418227147,0.08562328271031906,0.07258024869026948,0.08562328271058717,0.12565394418262762,0.0,0.0,0.0,0.0,0.0,off,off,off,off,off
105.19999999999489,0.3,22.55999999999652,-12.61353398101329,-9.663978656779648,-8.690444297164504,-9.663978656776806,-12.61353398105308,-16.584910982452186,-16.584910982478107,0.6794332873939873,0.7043364400413609,0.7120119175911966,0.7043364400412632,0.6794332873937288,0.12583928871484934,0.08574172343238258,0.07267675871037256,0.0857417234326507,0.12583928871520658,0.0,0.0,0.0,0.0,0.0,off,off,off,off,off
105.29999999999488,0.3,22.589999999996515,-12.603654689203609,-9.654047493522455,-8.680503426358996,-9.654047493523876,-12.603654689243342,-16.575180012357862,-16.57518001238401,0.6794019085448599,0.7043388669139977,0.7120241760570479,0.704338866913888,0.679401908544601,0.12602445102340318,0.08585997661984397,0.07277307962531576,0.08585997662011212,0.12602445102376134,0.0,0.0,0.0,0.0,0.0,off,off,off,off,off
105.39999999999488,0.3,22.61999999999651,-12.593776116360118,-9.644117299336358,-8.670563625301213,-9.644117299338859,-12.593776116400704,-16.565449613720887,-16.565449613747262,0.6793704860300018,0.7043412691660748,0.7120364128470568,0.7043412691659616,0.67937048602974,0.12620943090153794,0.08597804216996073,0.07286921156177381,0.08597804217022899,0.12620943090189715,0.0,0.0,0.0,0.0,0.0,off,off,off,off,off
105.49999999999487,0.3,22.649999999996503,-12.58389826160851,-9.634188071019537,-8.66062488987825,-9.634188071017263,-12.583898261645516,-16.55571978689312,-16.555719786919497,0.6793390204264784,0.7043436472992263,0.7120486283602991,0.7043436472991265,0.6793390204262258,0.1263942281437985,0.08609591998093571,0.07296515463748503,0.086095919981204,0.1263942281441587,0.0,0.0,0.0,0.0,0.0,off,off,off,off,off
105.59999999999486,0.3,22.679999999996497,-12.574021124086244,-9.6242598054111,-8.650687216036772,-9.624259805404222,-12.574021124120293,-16.545990532222902,-16.545990532249448,0.6793075123090608,0.704346001812516,0.7120608229970501,0.7043460018124285,0.6793075123088153,0.12657884254567628,0.08621360995192409,0.07306090896181318,0.08621360995219234,0.12657884254603724,0.0,0.0,0.0,0.0,0.0,off,off,off,off,off
105.69999999999486,0.3,22.70999999999649,-12.564144702958515,-9.614332499382272,-8.640750599773469,-9.614332499378975,-12.564144702993701,-16.536261850055496,-16.53626185008204,0.6792759622501889,0.7043483332024675,0.7120729971586056,0.7043483332023699,0.67927596224994,0.12676327390361547,0.08633111198303932,0.07315647463627799,0.0863311119833075,0.12676327390397718,0.0,0.0,0.0,0.0,0.0,off,off,off,off,off
105.79999999999485,0.3,22.739999999996485,-12.55426899739598,-9.604406149861006,-8.63081503714983,-9.604406149859983,-12.554268997427414,-16.526533740732418,-16.526533740759078,0.6792443708200404,0.7043506419630078,0.7120851512470437,0.7043506419629044,0.6792443708198012,0.1269475220150199,0.086448425975359,0.07325185175505593,0.0864484259756273,0.12694752201538242,0.0,0.0,0.0,0.0,0.0,off,off,off,off,off
105.89999999999485,0.3,22.76999999999648,-12.544394006583218,-9.594480753816299,-8.620880524266,-9.594480753814707,-12.544394006612492,-16.5168062045924,-16.516806204619115,0.6792127385865165,0.7043529285855192,0.7120972856651124,0.7043529285854173,0.6792127385862825,0.1271315866782584,0.08656555183093075,0.07334704040545341,0.08656555183119914,0.12713158667862154,0.0,0.0,0.0,0.0,0.0,off,off,off,off,off
105.99999999999484,0.3,22.799999999996473,-12.534519729725389,-9.584556308250512,-8.610947057285614,-9.584556308246817,-12.534519729752503,-16.507079241970644,-16.507079241997303,0.6791810661152304,0.7043551935588679,0.7121094008159929,0.7043551935587716,0.6791810661150017,0.12731546769266988,0.0866824894527768,0.07344204066835298,0.08668248945304523,0.12731546769303362,0.0,0.0,0.0,0.0,0.0,off,off,off,off,off
106.09999999999484,0.3,22.829999999996467,-12.524646166035211,-9.57463280925191,-8.601014632410056,-9.574632809253956,-12.524646166063008,-16.497352853199175,-16.497352853225834,0.6791493539695516,0.704357437564702,0.7121214971032029,0.7043574375645897,0.6791493539693204,0.12749916485856871,0.08679923869399918,0.07353685261863473,0.08679923869426767,0.12749916485893312,0.0,0.0,0.0,0.0,0.0,off,off,off,off,off
106.19999999999483,0.3,22.85999999999646,-12.514773314704769,-9.56471025115934,-8.591083245827122,-9.564710251164286,-12.514773314733645,-16.487627038607002,-16.48762703863366,0.6791176027106857,0.7043596624626695,0.7121335749305807,0.7043596624625497,0.6791176027104513,0.1276826779772489,0.08691579847931845,0.07363147632557307,0.08691579847958714,0.127682677977614,0.0,0.0,0.0,0.0,0.0,off,off,off,off,off
106.29999999999482,0.3,22.889999999996455,-12.5049011749241,-9.554788629904976,-8.581152893730575,-9.554788629907364,-12.50490117495417,-16.477901798519724,-16.47790179854644,0.6790858128976367,0.7043618701070471,0.7121456347020911,0.7043618701069339,0.679085812897398,0.12786600685098787,0.0870321661844449,0.07372591185321156,0.08703216618471378,0.12786600685135377,0.0,0.0,0.0,0.0,0.0,off,off,off,off,off
106.39999999999482,0.3,22.91999999999645,-12.49502974588819,-9.544867941814744,-8.57122357233078,-9.544867941814914,-12.49502974591536,-16.468177133260042,-16.4681771332867,0.6790539850871935,0.7043640617336634,0.7121576768216632,0.7043640617335561,0.6790539850869626,0.12804915128305033,0.08714833923236301,0.0738201592607158,0.08714833923263196,0.128049151283417,0.0,0.0,0.0,0.0,0.0,off,off,off,off,off
106.49999999999481,0.3,22.949999999996443,-12.485159026789233,-9.534948183447398,-8.561295277876184,-9.534948183443476,-12.485159026815552,-16.458453043147017,-16.458453043173733,0.6790221198339645,0.704366238212426,0.7121697016930033,0.7043662382123301,0.6790221198337354,0.12823211107769153,0.08726431587753929,0.07391421860270679,0.0872643158778082,0.12823211107805893,0.0,0.0,0.0,0.0,0.0,off,off,off,off,off
106.59999999999481,0.3,22.979999999996437,-12.475289016832221,-9.525029351509886,-8.551368006667985,-9.525029351504486,-12.475289016862178,-16.44872952849721,-16.448729528523927,0.6789902176903401,0.7043684001980994,0.7121817097194391,0.7043684001980071,0.6789902176901011,0.1284148860401605,0.08738009509261474,0.07400808992957601,0.08738009509288354,0.12841488604052864,0.0,0.0,0.0,0.0,0.0,off,off,off,off,off
106.6999999999948,0.3,23.00999999999643,-12.465419715240785,-9.515111442854732,-8.541441755018127,-9.515111442847797,-12.465419715270286,-16.439006589623375,-16.43900658965009,0.6789582792064889,0.7043705482125965,0.7121937013039199,0.7043705482125086,0.6789582792062505,0.12859747597670285,0.08749567633415069,0.07410177328778207,0.08749567633441932,0.12859747597707188,0.0,0.0,0.0,0.0,0.0,off,off,off,off,off
106.7999999999948,0.3,23.039999999996425,-12.455551121240433,-9.50519445442933,-8.53151651930159,-9.50519445442734,-12.455551121266467,-16.429284226835705,-16.429284226862478,0.6789263049304087,0.7043726826953144,0.7122056768487717,0.7043726826952128,0.6789263049301795,0.12877988069456398,0.0876110593664014,0.07419526872013033,0.08761105936666991,0.12877988069493368,0.0,0.0,0.0,0.0,0.0,off,off,off,off,off
106.89999999999479,0.3,23.06999999999642,-12.44568323407367,-9.495278383288337,-8.52159229592121,-9.495278383288849,-12.445683234096862,-16.419562440441098,-16.419562440467928,0.6788942954078968,0.7043748040348266,0.7122176367556935,0.7043748040347181,0.6788942954076744,0.12896210000199076,0.08772624414489845,0.07428857626603742,0.087726244145167,0.12896210000236105,0.0,0.0,0.0,0.0,0.0,off,off,off,off,off
106.99999999999478,0.3,23.099999999996413,-12.4358160529938,-9.48536322655491,-8.511669081334674,-9.485363226555307,-12.435816053016651,-16.409841230743723,-16.40984123077061,0.678862251182575,0.7043769125891678,0.7122295814255902,0.7043769125890597,0.6788622511823533,0.12914413370823433,0.08784123074158301,0.07438169596177989,0.08784123074185166,0.1291441337086052,0.0,0.0,0.0,0.0,0.0,off,off,off,off,off
107.09999999999478,0.3,23.129999999996407,-12.425949577270728,-9.475448981433544,-8.5017468720348,-9.475448981433942,-12.425949577295398,-16.400120598044623,-16.400120598071453,0.6788301727958818,0.7043790086986126,0.7122415112585424,0.7043790086985044,0.6788301727956548,0.1293259816235517,0.08795601929701599,0.07447462784072975,0.08795601929728475,0.12932598162392306,0.0,0.0,0.0,0.0,0.0,off,off,off,off,off
107.19999999999477,0.3,23.1599999999964,-12.416083806188055,-9.465535645195985,-8.491825664563066,-9.465535645196326,-12.416083806215056,-16.390400542642,-16.390400542668772,0.6787980607870897,0.7043810926938037,0.7122534266536859,0.7043810926936963,0.6787980607868556,0.12950764355920755,0.08807060999001276,0.07456737193357549,0.08807060999028166,0.12950764355957958,0.0,0.0,0.0,0.0,0.0,off,off,off,off,off
107.29999999999477,0.3,23.189999999996395,-12.406218739044618,-9.455623215175137,-8.48190545549943,-9.455623215178662,-12.406218739075086,-16.38068106483115,-16.38068106485798,0.6787659156933092,0.7043831649008344,0.712265328009165,0.704383164900718,0.6787659156930659,0.12968911932747612,0.08818500301845729,0.07465992826853142,0.08818500301872627,0.12968911932784893,0.0,0.0,0.0,0.0,0.0,off,off,off,off,off
107.39999999999476,0.3,23.21999999999639,-12.396354375152498,-9.445711688770984,-8.4719862414766,-9.44571168877593,-12.396354375187798,-16.370962164904824,-16.37096216493154,0.6787337380495061,0.7043852256443651,0.7122772157220226,0.7043852256442446,0.6787337380492495,0.12987040874164218,0.08829919858727969,0.07475229687153467,0.08829919858754888,0.12987040874201597,0.0,0.0,0.0,0.0,0.0,off,off,off,off,off
107.49999999999476,0.3,23.249999999996383,-12.386490713837873,-9.43580106344126,-8.462068019166622,-9.435801063441716,-12.386490713873116,-16.361243843152863,-16.361243843179466,0.6787015283885017,0.7043872752495431,0.7122890901881677,0.7043872752494349,0.6787015283882453,0.13005151161600215,0.08841319690101902,0.0748444777664311,0.08841319690128831,0.13005151161637687,0.0,0.0,0.0,0.0,0.0,off,off,off,off,off
107.59999999999475,0.3,23.279999999996377,-12.376627754444826,-9.425891336689688,-8.452150785279798,-9.425891336694974,-12.376627754482172,-16.351526099862156,-16.351526099888815,0.6786692872409781,0.7043893140431394,0.7123009518023183,0.7043893140430176,0.6786692872407157,0.13023242776586494,0.08852699815931539,0.07493647097515056,0.08852699815958473,0.13023242776624064,0.0,0.0,0.0,0.0,0.0,off,off,off,off,off
107.69999999999474,0.3,23.30999999999637,-12.366765496331084,-9.41598250608854,-8.442234536587932,-9.415982506096384,-12.36676549636394,-16.34180893531743,-16.341808935344147,0.6786370151354949,0.7043913423540946,0.712312800957878,0.7043913423539664,0.678637015135244,0.1304131570075531,0.08864060255426945,0.07502827651787228,0.08864060255453904,0.13041315700792971,0.0,0.0,0.0,0.0,0.0,off,off,off,off,off
107.79999999999474,0.3,23.339999999996365,-12.356903938868697,-9.406074569249597,-8.432319269894208,-9.406074569263922,-12.356903938900018,-16.332092349800632,-16.332092349827406,0.6786047125984964,0.7043933605138883,0.7123246380469656,0.7043933605137426,0.6786047125982491,0.1305936991584031,0.08875401026898862,0.0751198944131808,0.08875401026925846,0.13059369915878047,0.0,0.0,0.0,0.0,0.0,off,off,off,off,off
107.89999999999473,0.3,23.36999999999636,-12.347043081443474,-9.396167523840404,-8.422404982046999,-9.396167523857912,-12.34704308147434,-16.322376343591202,-16.32237634361809,0.6785723801543222,0.7043953688565848,0.712336463460325,0.7043953688564305,0.6785723801540764,0.1307740540367656,0.08886722147688159,0.0752113246782128,0.08886722147715193,0.13077405403714376,0.0,0.0,0.0,0.0,0.0,off,off,off,off,off
107.99999999999473,0.3,23.399999999996353,-12.337182923453895,-9.386261367580232,-8.412491669945268,-9.386261367602174,-12.337182923486182,-16.31266091696608,-16.312660916993025,0.6785400183252204,0.7043973677188159,0.7123482775872622,0.7043973677186498,0.67854001832497,0.13095422146200586,0.08898023634142337,0.07530256732879574,0.08898023634169425,0.13095422146238478,0.0,0.0,0.0,0.0,0.0,off,off,off,off,off
108.09999999999472,0.3,23.429999999996348,-12.3273234643313,-9.376356098226154,-8.40257933052743,-9.376356098251165,-12.327323464358756,-16.302946070199653,-16.30294607022654,0.6785076276313006,0.704399357439714,0.7123600808156325,0.7043993574395394,0.6785076276310623,0.13113420125450398,0.08909305501620969,0.07539362237957858,0.08909305501648122,0.1311342012548836,0.0,0.0,0.0,0.0,0.0,off,off,off,off,off
108.19999999999472,0.3,23.45999999999634,-12.317464703503049,-9.36645171358441,-8.392667960775213,-9.366451713614083,-12.317464703530504,-16.29323180356414,-16.293231803591084,0.6784752085906413,0.7044013383607362,0.7123718735317889,0.7044013383605485,0.6784752085904031,0.13131399323565487,0.08920567764518784,0.07548448984415491,0.08920567764546004,0.13131399323603507,0.0,0.0,0.0,0.0,0.0,off,off,off,off,off
108.29999999999471,0.3,23.489999999996336,-12.307606640421,-9.356548211520476,-8.382757557718037,-9.356548211542702,-12.307606640455333,-16.28351811732921,-16.28351811735621,0.6784427617192242,0.7044033108254639,0.712383656120531,0.7044033108252962,0.6784427617189672,0.1314935972278679,0.08931810436299027,0.0755751697351791,0.08931810436326305,0.13149359722824877,0.0,0.0,0.0,0.0,0.0,off,off,off,off,off
108.3999999999947,0.3,23.51999999999633,-12.297749274548323,-9.346645589913976,-8.372848118426077,-9.346645589941602,-12.297749274583907,-16.27380501176242,-16.27380501178942,0.6784102875309768,0.7044052751795467,0.7123954289650871,0.7044052751793649,0.6784102875307159,0.13167301305456663,0.089430335295325,0.07566566206447575,0.0894303352955982,0.1316730130549483,0.0,0.0,0.0,0.0,0.0,off,off,off,off,off
108.4999999999947,0.3,23.549999999996324,-12.287892605371098,-9.336743846704849,-8.362939640013508,-9.336743846734521,-12.287892605409581,-16.26409248712895,-16.26409248715612,0.6783777865377509,0.7044072317703933,0.7124071924470738,0.7044072317702058,0.678377786537482,0.13185224054018832,0.08954237055939275,0.07575596684314277,0.08954237055966648,0.1318522405405709,0.0,0.0,0.0,0.0,0.0,off,off,off,off,off
108.5999999999947,0.3,23.579999999996318,-12.278036632379042,-9.32684297987663,-8.353032119638897,-9.326842979900334,-12.278036632424687,-16.25438054369198,-16.254380543719094,0.6783452592493822,0.7044091809470318,0.7124189469464641,0.7044091809468602,0.6783452592490941,0.13203127951018362,0.08965421026431426,0.07584608408164888,0.0896542102645885,0.13203127951056723,0.0,0.0,0.0,0.0,0.0,off,off,off,off,off
108.69999999999469,0.3,23.60999999999631,-12.268181355088245,-9.31694298744037,-8.34312555450191,-9.316942987466405,-12.268181355140143,-16.24466918171231,-16.24466918173937,0.6783127061736393,0.7044111230599756,0.7124306928415655,0.7044111230597974,0.6783127061733341,0.13221012979101554,0.08976585451155468,0.07593601378992505,0.0897658545118293,0.13221012979140043,0.0,0.0,0.0,0.0,0.0,off,off,off,off,off
108.79999999999468,0.3,23.639999999996306,-12.258326773025885,-9.307043867458788,-8.333219941840127,-9.307043867480445,-12.258326773078409,-16.234958401448864,-16.23495840147592,0.6782801278162724,0.7044130584609865,0.7124424305090042,0.7044130584608199,0.6782801278159651,0.13238879121015903,0.08987730339533853,0.07602575597745084,0.08987730339561362,0.13238879121054534,0.0,0.0,0.0,0.0,0.0,off,off,off,off,off
108.89999999999468,0.3,23.6699999999963,-12.248472885730735,-9.297145618024047,-8.323315278947803,-9.297145618036268,-12.248472885783315,-16.225248203158458,-16.22524820318546,0.6782475246810217,0.7044149875029677,0.7124541603236484,0.7044149875028269,0.6782475246807139,0.13256726359610016,0.08998855700305251,0.07611531065333585,0.0899885570033277,0.1325672635964877,0.0,0.0,0.0,0.0,0.0,off,off,off,off,off
108.99999999999467,0.3,23.699999999996294,-12.238619692760551,-9.287248237263839,-8.313411563138516,-9.287248237277652,-12.238619692814439,-16.21553858709575,-16.21553858712275,0.6782148972696043,0.7044169105397916,0.7124658826586873,0.7044169105396458,0.6782148972692935,0.13274554677833447,0.09009961541563156,0.07620467782639655,0.09009961541590682,0.13274554677872316,0.0,0.0,0.0,0.0,0.0,off,off,off,off,off
109.09999999999467,0.3,23.729999999996288,-12.228767193687418,-9.27735172335224,-8.303508791788715,-9.277351723363608,-12.228767193743067,-16.205829553513638,-16.205829553540696,0.6781822460817394,0.7044188279261165,0.7124775978854933,0.7044188279259771,0.6781822460814224,0.13292364058736653,0.09021047870792984,0.076293857505228,0.0902104787082053,0.1329236405877565,0.0,0.0,0.0,0.0,0.0,off,off,off,off,off
109.19999999999466,0.3,23.759999999996282,-12.21891538809922,-9.267456074489019,-8.293606962302022,-9.267456074502206,-12.218915388150606,-16.19612110266314,-16.1961211026902,0.6781495716151468,0.704420740017303,0.7124893063736972,0.7044207400171583,0.6781495716148412,0.13310154485470874,0.0903211469490743,0.07638284969827258,0.09032114694934991,0.13310154485509998,0.0,0.0,0.0,0.0,0.0,off,off,off,off,off
109.29999999999465,0.3,23.789999999996276,-12.209064275589583,-9.257561288918623,-8.283706072137647,-9.257561288931356,-12.209064275643584,-16.186413234793235,-16.18641323482052,0.6781168743655898,0.7044226471692228,0.712501008491095,0.7044226471690794,0.6781168743652759,0.13327925941287982,0.09043162020280154,0.0764716544138836,0.09043162020307738,0.13327925941327212,0.0,0.0,0.0,0.0,0.0,off,off,off,off,off
109.39999999999465,0.3,23.81999999999627,-12.199213855783967,-9.247667364902895,-8.273806118774075,-9.24766736491614,-12.199213855837911,-16.1767059501513,-16.176705950178757,0.6780841548268074,0.7044245497382078,0.7125127046037303,0.7044245497380627,0.6780841548264934,0.13345678409540332,0.09054189852777841,0.07656027166038573,0.09054189852805451,0.1334567840957968,0.0,0.0,0.0,0.0,0.0,off,off,off,off,off
109.49999999999464,0.3,23.849999999996264,-12.189364128308853,-9.237774300758986,-8.26390709975027,-9.23777430077007,-12.189364128361035,-16.16699924898296,-16.16699924901053,0.6780514134906097,0.7044264480808224,0.7125243950757671,0.7044264480806833,0.6780514134902997,0.133634118736807,0.09065198197790687,0.07664870144613198,0.09065198197818321,0.13363411873720163,0.0,0.0,0.0,0.0,0.0,off,off,off,off,off
109.59999999999464,0.3,23.879999999996258,-12.179515092807662,-9.227882094817005,-8.254009012635152,-9.227882094829738,-12.179515092858537,-16.1572931315319,-16.157293131559584,0.6780186508468422,0.7044283425538641,0.7125360802695598,0.7044283425537199,0.6780186508465349,0.1338112631726204,0.09076187060261384,0.07673694377955713,0.09076187060289036,0.1338112631730162,0.0,0.0,0.0,0.0,0.0,off,off,off,off,off
109.69999999999463,0.3,23.909999999996252,-12.169666748939221,-9.21799074545271,-8.244111855039705,-9.217990745471809,-12.169666748994985,-16.147587598040502,-16.147587598068185,0.6779858673833985,0.7044302335141631,0.7125477605456072,0.7044302335140015,0.6779858673830776,0.133988217239374,0.09087156444712587,0.07682499866922807,0.09087156444740271,0.13398821723977092,0.0,0.0,0.0,0.0,0.0,off,off,off,off,off
109.79999999999463,0.3,23.939999999996246,-12.159819096376566,-9.20810025107329,-8.23421562460777,-9.208100251093128,-12.159819096432784,-16.1378826487491,-16.137882648776895,0.6779530635862318,0.7044321213185211,0.7125594362625676,0.7044321213183575,0.6779530635859093,0.1341649807745971,0.09098106355273089,0.07691286612389123,0.09098106355300822,0.13416498077499536,0.0,0.0,0.0,0.0,0.0,off,off,off,off,off
109.89999999999462,0.3,23.96999999999624,-12.149972134812742,-9.198210610107878,-8.224320319028038,-9.19821061012658,-12.149972134866005,-16.128178283896546,-16.128178283924512,0.6779202399393488,0.7044340063236355,0.7125711077772153,0.7044340063234746,0.6779202399390333,0.13434155361681643,0.09109036795702562,0.07700054615251706,0.09109036795730346,0.13434155361721595,0.0,0.0,0.0,0.0,0.0,off,off,off,off,off
109.99999999999461,0.3,23.999999999996234,-12.140125863943638,-9.188321821019429,-8.21442593602535,-9.188321821039949,-12.1401258639915,-16.118474503720563,-16.118474503748587,0.6778873969248632,0.7044358888859767,0.712582775444455,0.704435888885811,0.6778873969245622,0.13451793560555453,0.09119947769415108,0.07708803876434203,0.09119947769442936,0.13451793560595507,0.0,0.0,0.0,0.0,0.0,off,off,off,off,off
110.09999999999461,0.3,24.029999999996228,-12.130280283478612,-9.178433882305114,-8.204532473369852,-9.178433882327454,-12.130280283528123,-16.108771308456937,-16.108771308485018,0.6778545350229765,0.704437769361698,0.7125944396172914,0.7044377693615277,0.6778545350226695,0.13469412658132734,0.09130839279501601,0.07717534396890854,0.09130839279529462,0.13469412658172886,0.0,0.0,0.0,0.0,0.0,off,off,off,off,off
110.1999999999946,0.3,24.059999999996222,-12.120435393155105,-9.168546792489451,-8.194639928861193,-9.168546792515372,-12.120435393203934,-16.09906869833992,-16.09906869836817,0.677821654711945,0.7044396481065732,0.7126061006468607,0.7044396481063924,0.6778216547116394,0.13487012638564286,0.09141711328750829,0.07726246177610162,0.09141711328778747,0.13487012638604545,0.0,0.0,0.0,0.0,0.0,off,off,off,off,off
110.2999999999946,0.3,24.089999999996216,-12.110591192707261,-9.158660550119691,-8.184748300281342,-9.158660550148,-12.110591192758648,-16.089366673602854,-16.08936667363122,0.6777887564681752,0.7044415254759282,0.7126177589150697,0.7044415254757412,0.6777887564678626,0.13504593486099922,0.0915256391966966,0.07734939219189038,0.09152563919697639,0.13504593486140284,0.0,0.0,0.0,0.0,0.0,off,off,off,off,off
110.39999999999459,0.3,24.11999999999621,-12.1007476818952,-9.14877515377168,-8.174857583353116,-9.148775153798397,-12.100747681947382,-16.079665234477318,-16.079665234505626,0.677755840766153,0.704443401824553,0.7126294168587851,0.7044434018243706,0.6777558407658375,0.13522155185088247,0.09163397054502087,0.07743613427640557,0.09163397054530117,0.13522155185128726,0.0,0.0,0.0,0.0,0.0,off,off,off,off,off
110.49999999999459,0.3,24.149999999996204,-12.09090486048774,-9.138890601991363,-8.164967773427975,-9.138890602018193,-12.090904860533385,-16.069964381193643,-16.069964381222007,0.6777229080784962,0.7044452775067872,0.7126410781009553,0.7044452775066039,0.6777229080781981,0.13539697719976482,0.09174210735247307,0.07752268316748152,0.09174210735275394,0.13539697720017074,0.0,0.0,0.0,0.0,0.0,off,off,off,off,off
110.59999999999458,0.3,24.1799999999962,-12.081062728260349,-9.129006893346286,-8.155078867015845,-9.12900689337431,-12.081062728311565,-16.060264113980793,-16.060264114009215,0.6776899588759702,0.7044471528763162,0.712652744241452,0.7044471528761292,0.6776899588756566,0.13557221075310255,0.09185004963676857,0.07760903358702415,0.09185004963704994,0.13557221075350942,0.0,0.0,0.0,0.0,0.0,off,off,off,off,off
110.69999999999457,0.3,24.209999999996192,-12.071221285009983,-9.119124026403654,-8.145190861053038,-9.119124026429802,-12.07122128505813,-16.05056443306671,-16.050564433095246,0.6776569936274556,0.7044490282861685,0.7126644160391962,0.7044490282859869,0.6776569936271494,0.1357472523573335,0.09195779741350858,0.0776951826232254,0.09195779741379048,0.13574725235774152,0.0,0.0,0.0,0.0,0.0,off,off,off,off,off
110.79999999999457,0.3,24.239999999996186,-12.061380530529846,-9.109241999754317,-8.135303752753032,-9.109241999775634,-12.061380530581118,-16.04086533867786,-16.040865338706624,0.6776240128000239,0.7044509040885949,0.712676093865113,0.7044509040884258,0.6776240127997084,0.1359221018598755,0.0920653506963348,0.07778112910000685,0.09206535069661712,0.13592210186028464,0.0,0.0,0.0,0.0,0.0,off,off,off,off,off
110.89999999999456,0.3,24.26999999999618,-12.051540464646905,-9.099360812010332,-8.125417539537182,-9.099360812032955,-12.051540464689879,-16.031166831039684,-16.031166831068617,0.6775910168588462,0.7044527806350164,0.7126877778926631,0.7044527806348436,0.6775910168585525,0.13609675910912375,0.0921727094970758,0.07786687280746533,0.0921727094973585,0.1360967591095339,0.0,0.0,0.0,0.0,0.0,off,off,off,off,off
110.99999999999456,0.3,24.299999999996174,-12.041701086934324,-9.089480461798189,-8.115532218978956,-9.08948046182718,-12.041701086978208,-16.02146891037637,-16.021468910405417,0.6775580062650988,0.7044546582759942,0.7126994681976969,0.704454658275804,0.6775580062648018,0.1362712239540506,0.09227987382588611,0.07795241404293701,0.09227987382616928,0.13627122395446162,0.0,0.0,0.0,0.0,0.0,off,off,off,off,off
111.09999999999455,0.3,24.32999999999617,-12.031862394576137,-9.079600947758252,-8.105647788761814,-9.07960094778241,-12.031862394624056,-16.011771576906085,-16.01177157693519,0.677524981637159,0.7044565373611776,0.7127111648123953,0.7044565373610003,0.677524981636851,0.13644549619292173,0.09238684369137784,0.07803775335728948,0.09238684369166161,0.13644549619333368,0.0,0.0,0.0,0.0,0.0,off,off,off,off,off
111.19999999999455,0.3,24.359999999996163,-12.022024385658142,-9.069722268503256,-8.095764246677675,-9.069722268526732,-12.022024385700092,-16.002074830839263,-16.002074830868366,0.6774919440367974,0.704458418239372,0.7127228677541774,0.7044584182391963,0.677491944036504,0.13661957525802143,0.09249361910074574,0.07812289141672986,0.09249361910103007,0.13661957525843443,0.0,0.0,0.0,0.0,0.0,off,off,off,off,off
111.29999999999454,0.3,24.389999999996157,-12.012187059203768,-9.059844422663616,-8.08588159060588,-9.059844422687377,-12.012187059243274,-15.992378672382529,-15.992378672411746,0.6774588945857228,0.7044603012583723,0.7127345770410098,0.7044603012581956,0.6774588945854356,0.13679346006191836,0.09260020005988502,0.07820782892830863,0.09260020006016972,0.13679346006233223,0.0,0.0,0.0,0.0,0.0,off,off,off,off,off
111.39999999999453,0.3,24.41999999999615,-12.00235041453351,-9.049967408890836,-8.075999818513424,-9.049967408911414,-12.002350414568014,-15.982683101739667,-15.982683101768771,0.677425834245523,0.704462186764915,0.7127462926991812,0.7044621867647469,0.6774258342452489,0.1369671493618809,0.09270658657350386,0.07829256660040751,0.09270658657378897,0.13696714936229554,0.0,0.0,0.0,0.0,0.0,off,off,off,off,off
111.49999999999453,0.3,24.449999999996145,-11.99251445110923,-9.04009122584415,-8.066118928433525,-9.040091225867002,-11.992514451144132,-15.97298811911213,-15.972988119141178,0.677392763813865,0.7044640751046749,0.7127580147670581,0.7044640751045,0.677392763813589,0.13714064207480514,0.09281277864523013,0.0783771051223934,0.09281277864551563,0.1371406420752205,0.0,0.0,0.0,0.0,0.0,off,off,off,off,off
111.59999999999452,0.3,24.47999999999614,-11.982679168511709,-9.03021587222446,-8.056238918469205,-9.030215872248334,-11.982679168546838,-15.963293724699497,-15.963293724728658,0.6773596839625897,0.704465966622137,0.7127697432965716,0.7044659666219594,0.6773596839623126,0.13731393736718828,0.0929187762777126,0.07846144515473304,0.09291877627799858,0.13731393736760447,0.0,0.0,0.0,0.0,0.0,off,off,off,off,off
111.69999999999452,0.3,24.509999999996133,-11.972844566387323,-9.020341346747102,-8.046359786788855,-9.02034134677018,-11.97284456642899,-15.953599918700093,-15.953599918729253,0.6773265952726695,0.7044678616606385,0.71278147835354,0.7044678616604625,0.6773265952723743,0.13748703463398843,0.09302457947271686,0.07854558732478115,0.09302457947300335,0.13748703463440565,0.0,0.0,0.0,0.0,0.0,off,off,off,off,off
111.79999999999451,0.3,24.539999999996127,-11.963010644447536,-9.01046764814788,-8.036481531618165,-9.010467648170163,-11.96301064448943,-15.943906701310311,-15.943906701339529,0.6772934982606067,0.7044697605623172,0.7127932200173909,0.7044697605621436,0.6772934982603105,0.13765993344889527,0.09313018823121628,0.07862953222561218,0.09313018823150325,0.13765993344931357,0.0,0.0,0.0,0.0,0.0,off,off,off,off,off
111.8999999999945,0.3,24.56999999999612,-11.953177402445874,-9.00059477518812,-8.026604151247284,-9.000594775213187,-11.953177402494589,-15.934214072725581,-15.934214072754799,0.6772603933976233,0.7044716636680708,0.7128049683805321,0.7044716636678892,0.6772603933973091,0.13783263351666417,0.09323560255347806,0.0787132804164521,0.09323560255376558,0.1378326335170836,0.0,0.0,0.0,0.0,0.0,off,off,off,off,off
111.9999999999945,0.3,24.599999999996115,-11.943344840197142,-8.99072272666507,-8.016727644016157,-8.990722726689285,-11.94334484024688,-15.924522033140136,-15.924522033169353,0.6772272811232579,0.7044735713174994,0.7128167235476386,0.7044735713173197,0.6772272811229402,0.13800513463514072,0.09334082243914521,0.07879683242392072,0.09334082243943326,0.13800513463556152,0.0,0.0,0.0,0.0,0.0,off,off,off,off,off
112.0999999999945,0.3,24.62999999999611,-11.933512957531434,-8.980851501390191,-8.006852008317765,-8.98085150141469,-11.933512957577761,-15.914830582746845,-15.91483058277612,0.6771941618551482,0.7044754838489375,0.7128284856348459,0.7044754838487571,0.6771941618548388,0.13817743666701052,0.09344584788731415,0.0788801887436544,0.09344584788760278,0.13817743666743243,0.0,0.0,0.0,0.0,0.0,off,off,off,off,off
112.19999999999449,0.3,24.659999999996103,-11.923681754320569,-8.970981098209506,-7.996977242598632,-8.970981098229345,-11.923681754364793,-15.905139721738124,-15.905139721767569,0.6771610359957694,0.7044774015993771,0.7128402547689451,0.704477401599209,0.6771610359954653,0.1383495395194067,0.09355067889660816,0.07896334984207748,0.09355067889689722,0.13834953951982978,0.0,0.0,0.0,0.0,0.0,off,off,off,off,off
112.29999999999448,0.3,24.689999999996097,-11.9138512304595,-8.961111515982338,-7.9871033453512155,-8.961111516005019,-11.9138512305056,-15.895449450305193,-15.895449450334638,0.677127903937268,0.7044793249044974,0.7128520310866214,0.7044793249043213,0.6771279039369581,0.13852144312940795,0.0936553154652469,0.07904631615819689,0.0936553154655363,0.13852144312983208,0.0,0.0,0.0,0.0,0.0,off,off,off,off,off
112.39999999999448,0.3,24.71999999999609,-11.904021385871772,-8.951242753614395,-7.977230315101451,-8.951242753639804,-11.904021385922533,-15.88575976863848,-15.885759768668038,0.6770947660647931,0.7044812540985587,0.7128638147337468,0.7044812540983748,0.6770947660644704,0.13869314745380754,0.09375975759111263,0.07912908810535728,0.09375975759140252,0.1386931474542328,0.0,0.0,0.0,0.0,0.0,off,off,off,off,off
112.49999999999447,0.3,24.749999999996085,-11.894192220518221,-8.941374810025081,-7.967358150433029,-8.941374810049183,-11.89419222057063,-15.876070676927895,-15.876070676957454,0.6770616227588112,0.704483189514467,0.7128756058646032,0.7044831895142866,0.6770616227584834,0.13886465246193952,0.093864005271813,0.07921166607292278,0.09386400527210341,0.1388646524623661,0.0,0.0,0.0,0.0,0.0,off,off,off,off,off
112.59999999999447,0.3,24.77999999999608,-11.884363734360534,-8.931507684164444,-7.957486849967609,-8.931507684187693,-11.884363734413398,-15.866382175362673,-15.866382175392175,0.6770284743968176,0.7044851314837122,0.712887404641276,0.7044851314835335,0.6770284743964884,0.1390359581306728,0.09396805850474023,0.07929405042787346,0.09396805850503115,0.13903595813110062,0.0,0.0,0.0,0.0,0.0,off,off,off,off,off
112.69999999999446,0.3,24.809999999996073,-11.874535927395982,-8.921641375002935,-7.947616412365335,-8.921641375031584,-11.874535927449585,-15.856694264131079,-15.856694264160694,0.6769953213543615,0.704487080336376,0.7128992112330271,0.7044870803361828,0.6769953213540298,0.1392070644409387,0.09407191728712731,0.07937624151630901,0.09407191728741887,0.13920706444136788,0.0,0.0,0.0,0.0,0.0,off,off,off,off,off
112.79999999999445,0.3,24.839999999996067,-11.864708799640653,-8.91177588154585,-7.937746836325573,-8.911775881575352,-11.864708799690902,-15.84700694342132,-15.847006943451106,0.676962164005848,0.7044890364010791,0.712911025815712,0.7044890364008836,0.6769621640055248,0.13937797137534239,0.09417558161610139,0.07945823966486153,0.09417558161639357,0.13937797137577282,0.0,0.0,0.0,0.0,0.0,off,off,off,off,off
112.89999999999445,0.3,24.86999999999606,-11.854882351116089,-8.901911202828728,-7.9278781205790665,-8.901911202850215,-11.8548823511627,-15.83732021342098,-15.837320213450937,0.6769290027250836,0.7044910000049769,0.7129228485712513,0.7044910000048024,0.6769290027247693,0.13954867891653558,0.09427905148873418,0.07954004518202022,0.09427905148902686,0.13954867891696704,0.0,0.0,0.0,0.0,0.0,off,off,off,off,off
112.99999999999444,0.3,24.899999999996055,-11.845056581877941,-8.892047337902227,-7.9180102638994185,-8.892047337917006,-11.845056581925178,-15.827634074317245,-15.827634074347202,0.6768958378855341,0.7044929714737849,0.71293467968709,0.7044929714736287,0.6768958378852172,0.13971918704612565,0.09438232690209003,0.07962165835937085,0.09438232690238295,0.13971918704655825,0.0,0.0,0.0,0.0,0.0,off,off,off,off,off
113.09999999999444,0.3,24.92999999999605,-11.83523149199749,-8.882184285838662,-7.908143265087233,-8.882184285854294,-11.835231492043022,-15.817948526296618,-15.817948526326688,0.6768626698605832,0.7044949511317526,0.7129465193557665,0.7044949511315935,0.6768626698602703,0.13988949574396212,0.0944854078532707,0.07970307947275587,0.09448540785356381,0.13988949574439583,0.0,0.0,0.0,0.0,0.0,off,off,off,off,off
113.19999999999443,0.3,24.959999999996043,-11.825407081551248,-8.872322045753606,-7.898277122983984,-8.872322045771512,-11.825407081594221,-15.808263569545772,-15.8082635695759,0.6768294990236879,0.7044969393015895,0.712958367774425,0.7044969393014239,0.6768294990233813,0.1400596049876852,0.09458829433945866,0.07978430878335929,0.0945882943397521,0.14005960498811995,0.0,0.0,0.0,0.0,0.0,off,off,off,off,off
113.29999999999443,0.3,24.989999999996037,-11.815583350642953,-8.86246061678139,-7.888411836461671,-8.862460616794067,-11.815583350683141,-15.798579204250757,-15.798579204280998,0.676796325748385,0.7044989363045202,0.7129702251444285,0.7044989363043686,0.6767963257480849,0.14022951475245896,0.09469098635795783,0.07986534653872061,0.09469098635825163,0.14022951475289466,0.0,0.0,0.0,0.0,0.0,off,off,off,off,off
113.39999999999442,0.3,25.01999999999603,-11.805760299380779,-8.852599998075561,-7.878547404419976,-8.85259999808784,-11.805760299421934,-15.788895430597677,-15.78889543062786,0.6767631504083752,0.7045009424602761,0.7129820916709789,0.7045009424601252,0.6767631504080722,0.1403992250108319,0.09479348390623192,0.07994619297368302,0.09479348390652596,0.14039922501126856,0.0,0.0,0.0,0.0,0.0,off,off,off,off,off
113.49999999999442,0.3,25.049999999996025,-11.795937927897228,-8.842740188824791,-7.868683825786036,-8.842740188834114,-11.79593792793861,-15.779212248772069,-15.77921224880231,0.6767299733774722,0.7045029580870396,0.7129939675627537,0.7045029580868964,0.6767299733771673,0.14056873573268583,0.09489578698194057,0.0800268483112791,0.09489578698223491,0.14056873573312337,0.0,0.0,0.0,0.0,0.0,off,off,off,off,off
113.59999999999441,0.3,25.07999999999602,-11.786116236335204,-8.832881188232022,-7.858821099519616,-8.832881188240094,-11.786116236376529,-15.769529658959527,-15.769529658989768,0.6766967950296111,0.7045049835014944,0.7130058530315523,0.7045049835013545,0.676696795029306,0.1407380468852446,0.09499789558297442,0.08010731276355922,0.09499789558326892,0.14073804688568314,0.0,0.0,0.0,0.0,0.0,off,off,off,off,off
113.6999999999944,0.3,25.109999999996013,-11.776295224861997,-8.823022995531517,-7.848959224612315,-8.823022995543454,-11.776295224895648,-15.759847661345475,-15.759847661375773,0.6766636157387834,0.7045070190187709,0.7130177482919814,0.7045070190186202,0.6766636157384982,0.14090715843312382,0.09509980970748702,0.08018758653236553,0.09509980970778174,0.14090715843356327,0.0,0.0,0.0,0.0,0.0,off,off,off,off,off
113.7999999999944,0.3,25.139999999996007,-11.766474893633529,-8.813165609983116,-7.839098200084209,-8.813165609997895,-11.76647489366394,-15.750166256115392,-15.750166256145803,0.6766304358790867,0.7045090649524538,0.7130296535611693,0.7045090649522955,0.6766304358788093,0.14107607033840686,0.09520152935392621,0.08026766981005552,0.09520152935422138,0.141076070338847,0.0,0.0,0.0,0.0,0.0,off,off,off,off,off
113.89999999999439,0.3,25.169999999996,-11.756655242834427,-8.803309030875653,-7.829238024972085,-8.803309030885828,-11.756655242862223,-15.740485443454759,-15.740485443485113,0.6765972558245712,0.7045111216145683,0.7130415690585235,0.7045111216144222,0.6765972558243,0.14124478256073777,0.09530305452106337,0.08034756278017775,0.09530305452135886,0.1412447825611785,0.0,0.0,0.0,0.0,0.0,off,off,off,off,off
113.99999999999439,0.3,25.199999999995995,-11.74683627265614,-8.793453257511544,-7.819378698346384,-8.793453257525073,-11.746836272688142,-15.730805223548714,-15.730805223579068,0.6765640759492495,0.7045131893156146,0.7130534950054237,0.7045131893154587,0.6765640759489672,0.14141329505742561,0.09540438520802093,0.08042726561810372,0.09540438520831673,0.14141329505786704,0.0,0.0,0.0,0.0,0.0,off,off,off,off,off
114.09999999999438,0.3,25.22999999999599,-11.737017983311603,-8.783598289219697,-7.809520219307956,-8.78359828923351,-11.737017983342923,-15.721125596582795,-15.721125596613092,0.6765308966270083,0.7045152683645277,0.7130654316249928,0.7045152683643716,0.6765308966267269,0.14158160778355372,0.09550552141429819,0.0805067784916183,0.09550552141459438,0.141581607783996,0.0,0.0,0.0,0.0,0.0,off,off,off,off,off
114.19999999999438,0.3,25.259999999995983,-11.727200375016196,-8.773744125359883,-7.799662586975899,-8.77374412537307,-11.727200375045925,-15.711446562742196,-15.711446562772494,0.6764977182316048,0.7045173590686639,0.713077379141904,0.7045173590685092,0.6764977182313273,0.14174972069209185,0.09560646313979645,0.08058610156147183,0.09560646314009298,0.1417497206925349,0.0,0.0,0.0,0.0,0.0,off,off,off,off,off
114.29999999999437,0.3,25.289999999995977,-11.71738344799752,-8.763890765307565,-7.789805800496026,-8.763890765322856,-11.71738344802435,-15.701768122212513,-15.701768122242811,0.6764645411365949,0.7045194617338331,0.7130893377821512,0.7045194617336722,0.6764645411363246,0.14191763373400815,0.09570721038484223,0.08066523498189536,0.09570721038513912,0.1419176337344519,0.0,0.0,0.0,0.0,0.0,off,off,off,off,off
114.39999999999436,0.3,25.31999999999597,-11.707567202493124,-8.754038208222084,-7.779949859039505,-8.754038208233283,-11.707567202518078,-15.692090275179396,-15.69209027520975,0.6764313657152888,0.7045215767448093,0.7131013077728543,0.7045215767446598,0.6764313657150228,0.14208534685838012,0.09580776313712563,0.08074417890108264,0.09580776313742284,0.1420853468588245,0.0,0.0,0.0,0.0,0.0,off,off,off,off,off
114.49999999999436,0.3,25.349999999995966,-11.697751638728164,-8.74418645084279,-7.770094761744133,-8.744186450848474,-11.697751638753743,-15.682413021828665,-15.682413021858963,0.6763981923407597,0.7045237061105276,0.713113289342235,0.7045237061103926,0.6763981923404917,0.14225286001250317,0.09590812053141894,0.08082293346164034,0.09590812053171635,0.14225286001294815,0.0,0.0,0.0,0.0,0.0,off,off,off,off,off
114.59999999999435,0.3,25.37999999999596,-11.687936756902502,-8.734335490669764,-7.760240507710421,-8.73433549067596,-11.687936756927627,-15.672736362346143,-15.672736362376384,0.6763650213858339,0.7045258524096277,0.713125282719457,0.7045258524094911,0.6763650213855668,0.14242017314199593,0.0960082791271703,0.080901498801008,0.09600827912746783,0.14242017314244157,0.0,0.0,0.0,0.0,0.0,off,off,off,off,off
114.69999999999435,0.3,25.409999999995954,-11.678122557210656,-8.724485326028457,-7.7503870960307495,-8.724485326036415,-11.678122557241352,-15.663060296917365,-15.66306029694772,0.6763318532229943,0.7045280170214263,0.7131372881343905,0.7045280170212852,0.6763318532227119,0.14258728619090238,0.09610823520741947,0.08097987505185099,0.0961082352077172,0.14258728619134878,0.0,0.0,0.0,0.0,0.0,off,off,off,off,off
114.79999999999434,0.3,25.439999999995948,-11.668309039848964,-8.71463595553405,-7.740534525784767,-8.714635955534106,-11.668309039879205,-15.653384825728494,-15.653384825758792,0.67629868822432,0.7045302007229443,0.713149305817478,0.7045302007228238,0.6762986882240384,0.14275419910179057,0.09620798643907495,0.08105806234242727,0.09620798643937285,0.14275419910223788,0.0,0.0,0.0,0.0,0.0,off,off,off,off,off
114.89999999999434,0.3,25.46999999999594,-11.658496205006486,-8.704787378002095,-7.73068279606656,-8.704787378001868,-11.65849620504099,-15.64370994896501,-15.643709948995308,0.676265526761471,0.7045324039760256,0.7131613359995214,0.7045324039759054,0.676265526761178,0.14292091181584768,0.09630753164141237,0.0811360607969306,0.09630753164171027,0.14292091181629588,0.0,0.0,0.0,0.0,0.0,off,off,off,off,off
114.99999999999433,0.3,25.499999999995936,-11.648684052884846,-8.694939592405035,-7.720831905983459,-8.694939592406513,-11.648684052922931,-15.63403566681302,-15.63403566684326,0.6762323692055959,0.7045346270620081,0.7131733789115611,0.7045346270618836,0.6762323692052927,0.14308742427297133,0.09640687035552213,0.08121387053581115,0.09640687035582007,0.14308742427342053,0.0,0.0,0.0,0.0,0.0,off,off,off,off,off
115.09999999999432,0.3,25.52999999999593,-11.638872583691239,-8.685092597820187,-7.710981854653596,-8.685092597823825,-11.63887258372472,-15.624361979458229,-15.62436197948847,0.6761992159273146,0.7045368701588642,0.7131854347847609,0.7045368701587332,0.6761992159270239,0.14325373641185757,0.09650600254980113,0.08129149167607515,0.09650600255009927,0.1432537364123078,0.0,0.0,0.0,0.0,0.0,off,off,off,off,off
115.19999999999432,0.3,25.559999999995924,-11.629061797625866,-8.67524639343253,-7.701132641210052,-8.675246393433497,-11.62906179765497,-15.614688887086515,-15.614688887116642,0.6761660672967177,0.7045391333871519,0.7131975038502865,0.7045391333870283,0.6761660672964374,0.14341984817008518,0.09660492843875951,0.08136892433156469,0.09660492843905781,0.14341984817053607,0.0,0.0,0.0,0.0,0.0,off,off,off,off,off
115.29999999999431,0.3,25.589999999995918,-11.619251694903767,-8.665400978492698,-7.6912842647986395,-8.665400978489629,-11.619251694932188,-15.605016389883758,-15.605016389913885,0.6761329236832715,0.704541416837639,0.7132095863392087,0.7045414168375264,0.6761329236829923,0.1435857594841958,0.09670364837356342,0.08144616861321924,0.09670364837386174,0.14358575948464727,0.0,0.0,0.0,0.0,0.0,off,off,off,off,off
115.39999999999431,0.3,25.619999999995912,-11.609442275754077,-8.655556352316353,-7.681436724586149,-8.65555635231118,-11.609442275774938,-15.595344488035948,-15.595344488066246,0.6760997854557919,0.7045437205876777,0.7132216824823829,0.7045437205875705,0.6760997854555327,0.14375147028977184,0.0968021627763403,0.08152322462932,0.09680216277663856,0.14375147029022398,0.0,0.0,0.0,0.0,0.0,off,off,off,off,off
115.4999999999943,0.3,25.649999999995906,-11.599633540399964,-8.645712514291688,-7.671590019755456,-8.645712514283844,-11.599633540420086,-15.585673181729362,-15.58567318175966,0.6760666529824663,0.7045460447108141,0.7132337925103739,0.7045460447107141,0.676066652982208,0.14391698052151075,0.09690047210101893,0.0816000924857182,0.09690047210131712,0.14391698052196322,0.0,0.0,0.0,0.0,0.0,off,off,off,off,off
115.5999999999943,0.3,25.6799999999959,-11.589825489083807,-8.63586946385476,-7.661744149516153,-8.635869463847314,-11.589825489103475,-15.576002471149991,-15.576002471180402,0.6760335266307558,0.7045483892824189,0.7132459166533437,0.7045483892823173,0.6760335266304988,0.14408229011329504,0.09699857681023014,0.0816767722860483,0.09699857681052818,0.14408229011374793,0.0,0.0,0.0,0.0,0.0,off,off,off,off,off
115.69999999999429,0.3,25.709999999995894,-11.580018122053218,-8.62602720049506,-7.651899113095681,-8.626027200483463,-11.580018122074023,-15.566332356484395,-15.56633235651492,0.6760004067674084,0.7045507543827771,0.7132580551409972,0.7045507543826869,0.6760004067671479,0.14424739899826097,0.09709647736191275,0.0817532641319277,0.09709647736221069,0.1442473989987144,0.0,0.0,0.0,0.0,0.0,off,off,off,off,off
115.79999999999428,0.3,25.739999999995888,-11.570211439559898,-8.616185723748629,-7.642054909744445,-8.616185723739818,-11.570211439577463,-15.556662837919191,-15.556662837949602,0.6759672937584327,0.7045531400987407,0.7132702082024966,0.7045531400986429,0.6759672937581803,0.1444123071088629,0.09719417420177313,0.08182956812314249,0.09719417420207091,0.1444123071093168,0.0,0.0,0.0,0.0,0.0,off,off,off,off,off
115.89999999999428,0.3,25.769999999995882,-11.560405441870046,-8.606345033200967,-7.63221153872388,-8.60634503318937,-11.560405441883404,-15.546993915640769,-15.546993915671237,0.6759341879690466,0.7045555465244752,0.7132823760664269,0.7045555465243849,0.6759341879688046,0.14457701437693546,0.09729166775926117,0.08190568435782147,0.09729166775955884,0.1445770143773897,0.0,0.0,0.0,0.0,0.0,off,off,off,off,off
115.99999999999427,0.3,25.799999999995876,-11.55060012925452,-8.596505128472813,-7.622368999330604,-8.596505128460763,-11.55060012926458,-15.5373255898362,-15.537325589866668,0.6759010897636809,0.7045579737617302,0.7132945589606673,0.704557973761641,0.6759010897634473,0.14474152073375296,0.09738895844564897,0.0819816129325985,0.0973889584459465,0.14474152073420748,0.0,0.0,0.0,0.0,0.0,off,off,off,off,off
116.09999999999427,0.3,25.82999999999587,-11.540795501998446,-8.586666009229873,-7.612527290874766,-8.586666009212195,-11.540795502003448,-15.527657860692841,-15.527657860723252,0.6758679995059281,0.7045604219197446,0.7133067571123924,0.70456042191967,0.6758679995057078,0.1449058261100864,0.09748604665335478,0.08205735394276437,0.0974860466536521,0.14490582611054106,0.0,0.0,0.0,0.0,0.0,off,off,off,off,off
116.19999999999426,0.3,25.859999999995864,-11.530991560392238,-8.576827675170819,-7.6026864126991995,-8.576827675150696,-11.53099156039599,-15.517990728397876,-15.51799072842823,0.6758349175585501,0.7045628911150359,0.7133189707479672,0.7045628911149681,0.675834917558332,0.14506993043625735,0.09758293275599483,0.08213290748240858,0.0975829327562918,0.14506993043671218,0.0,0.0,0.0,0.0,0.0,off,off,off,off,off
116.29999999999426,0.3,25.889999999995858,-11.521188304734153,-8.566990126031953,-7.592846364159925,-8.56699012600933,-11.521188304740349,-15.508324193139117,-15.508324193169415,0.6758018442834461,0.7045653814710562,0.7133312000929477,0.7045653814709951,0.6758018442832212,0.1452338336421902,0.09767961710885016,0.08220827364455166,0.09767961710914677,0.1452338336426452,0.0,0.0,0.0,0.0,0.0,off,off,off,off,off
116.39999999999425,0.3,25.919999999995852,-11.511385735336148,-8.557153361584199,-7.583007144638486,-8.557153361562712,-11.511385735342344,-15.498658255104544,-15.498658255134785,0.6757687800416211,0.704567893117819,0.7133434453720056,0.7045678931177545,0.6757687800413961,0.14539753565746147,0.09777610004956076,0.08228345252126879,0.09777610004985694,0.14539753565791666,0.0,0.0,0.0,0.0,0.0,off,off,off,off,off
116.49999999999424,0.3,25.949999999995846,-11.501583852513193,-8.547317381629227,-7.5731687535387096,-8.547317381607286,-11.50158385251973,-15.488992914482594,-15.488992914512778,0.6757357251931948,0.704570426191513,0.7133557068088879,0.70457042619145,0.6757357251929687,0.14556103641134743,0.09787238189893359,0.08235844420380514,0.09787238189922944,0.14556103641180293,0.0,0.0,0.0,0.0,0.0,off,off,off,off,off
116.59999999999424,0.3,25.97999999999584,-11.491782656600549,-8.537482186000773,-7.563331190295003,-8.537482185980423,-11.49178265660737,-15.479328171461987,-15.479328171492114,0.6757026800973387,0.7045729808341008,0.713367984626361,0.7045729808340334,0.6757026800971117,0.1457243358328694,0.09796846296179855,0.08243324878268384,0.09796846296209412,0.14572433583332517,0.0,0.0,0.0,0.0,0.0,off,off,off,off,off
116.69999999999423,0.3,26.009999999995834,-11.481982147929727,-8.52764777456241,-7.553494454353483,-8.527647774539673,-11.48198214793365,-15.46966402623167,-15.46966402626174,0.6756696451123244,0.704575557192934,0.7133802790462216,0.7045755571928731,0.6756696451121051,0.14588743385083727,0.09806434352787191,0.08250786634780674,0.09806434352816722,0.14588743385129332,0.0,0.0,0.0,0.0,0.0,off,off,off,off,off
116.79999999999423,0.3,26.03999999999583,-11.472182326849179,-8.517814147198521,-7.54365854518835,-8.517814147177262,-11.472182326850032,-15.460000478981442,-15.460000479011342,0.675636620595453,0.7045781554204025,0.7133925902892181,0.7045781554203381,0.6756366205952411,0.14605033039389048,0.09816002387260511,0.08258229698854809,0.09816002387290002,0.1460503303943467,0.0,0.0,0.0,0.0,0.0,off,off,off,off,off
116.89999999999422,0.3,26.069999999995822,-11.46238319371082,-8.507981303830661,-7.533823462300688,-8.507981303808265,-11.462383193711844,-15.450337529900878,-15.450337529930835,0.6756036069030744,0.7045807756735302,0.7134049185750245,0.7045807756734687,0.6756036069028618,0.1462130253905379,0.098255504258006,0.08265654079384248,0.09825550425830056,0.14621302539099426,0.0,0.0,0.0,0.0,0.0,off,off,off,off,off
116.99999999999422,0.3,26.099999999995816,-11.452584748876575,-8.498149244403464,-7.523989205215571,-8.498149244380443,-11.452584748879872,-15.440675179180573,-15.440675179210587,0.6755706043905588,0.7045834181136692,0.7134172641222177,0.7045834181136098,0.6755706043903403,0.1463755187691955,0.0983507849334266,0.08273059785226694,0.09835078493372075,0.14637551876965202,0.0,0.0,0.0,0.0,0.0,off,off,off,off,off
117.09999999999421,0.3,26.12999999999581,-11.442786992722063,-8.488317968869183,-7.5141557723780465,-8.48831796884241,-11.44278699272678,-15.431013427011521,-15.431013427041421,0.6755376134122736,0.704586082906217,0.713429629042471,0.7045860829061675,0.6755376134120509,0.14653781045822245,0.09844586613631291,0.08280446768731449,0.09844586613660662,0.14653781045867917,0.0,0.0,0.0,0.0,0.0,off,off,off,off,off
117.1999999999942,0.3,26.159999999995804,-11.432989925630409,-8.478487477167619,-7.504323159496835,-8.478487477141186,-11.432989925635752,-15.421352273585114,-15.421352273614787,0.6755046343215858,0.7045887702203614,0.71344201988799,0.7045887702203106,0.6755046343213611,0.14669990038595587,0.09854074809291688,0.08287814379350558,0.09854074809321005,0.14669990038641284,0.0,0.0,0.0,0.0,0.0,off,off,off,off,off
117.2999999999942,0.3,26.1899999999958,-11.423193547989854,-8.468657769227832,-7.4944913639381525,-8.468657769202593,-11.423193547998096,-15.411691719092971,-15.41169171912253,0.6754716674708583,0.7045914802287816,0.7134544387165314,0.7045914802287282,0.675471667470626,0.14686178848074358,0.09863543101897086,0.08295161712733827,0.09863543101926354,0.14686178848120085,0.0,0.0,0.0,0.0,0.0,off,off,off,off,off
117.3999999999942,0.3,26.219999999995792,-11.413397860200348,-8.458828844969673,-7.484660383948437,-8.458828844944264,-11.41339786021166,-15.402031763727791,-15.402031763757236,0.6754387132114206,0.7045942131073788,0.7134668858641531,0.7045942131073258,0.6754387132111804,0.14702347467097565,0.09872991512032488,0.08302488346562008,0.0987299151206171,0.14702347467143323,0.0,0.0,0.0,0.0,0.0,off,off,off,off,off
117.49999999999419,0.3,26.249999999995786,-11.403602862665139,-8.449000704326295,-7.474830218216994,-8.449000704303103,-11.40360286267935,-15.39237240768233,-15.392372407711832,0.6754057718935831,0.7045969690349492,0.7134793611650952,0.7045969690348904,0.6754057718933345,0.1471849588851143,0.09882420059354913,0.08309794191229367,0.09882420059384098,0.1471849588855724,0.0,0.0,0.0,0.0,0.0,off,off,off,off,off
117.59999999999418,0.3,26.27999999999578,-11.393808555793953,-8.43917334724523,-7.465000865674881,-8.439173347220617,-11.393808555808334,-15.382713651150539,-15.382713651179984,0.6753728438666141,0.7045997481929424,0.7134918642770797,0.7045997481928876,0.6753728438663651,0.14734624105172278,0.09891828762650318,0.08317079304509879,0.09891828762679465,0.1473462410521814,0.0,0.0,0.0,0.0,0.0,off,off,off,off,off
117.69999999999418,0.3,26.309999999995775,-11.384014940001578,-8.429346773682084,-7.455172325429203,-8.4293467736573,-11.384014940012662,-15.373055494326422,-15.373055494355867,0.6753399294787403,0.7046025507652478,0.7135043948108333,0.7046025507651938,0.6753399294785,0.14750732109949233,0.09901217639887262,0.08324343802057899,0.09901217639916364,0.14750732109995143,0.0,0.0,0.0,0.0,0.0,off,off,off,off,off
117.79999999999417,0.3,26.33999999999577,-11.374222015716327,-8.419520983610084,-7.445344596716211,-8.419520983586096,-11.374222015725422,-15.36339793740484,-15.363397937434172,0.6753070290771122,0.7046053769379501,0.7135169523839089,0.7046053769378936,0.6753070290768767,0.1476681989572689,0.09910586708267595,0.08331587818199428,0.0991058670829665,0.1476681989577282,0.0,0.0,0.0,0.0,0.0,off,off,off,off,off
117.89999999999417,0.3,26.369999999995763,-11.364429783363278,-8.409695977012802,-7.435517678874476,-8.409695976989326,-11.364429783371577,-15.353740980581222,-15.353740980610496,0.6752741430078412,0.704608226899146,0.7135295366420333,0.7046082268990886,0.6752741430076078,0.14782887455407734,0.09919935984274243,0.0833881148923906,0.0991993598430326,0.14782887455453692,0.0,0.0,0.0,0.0,0.0,off,off,off,off,off
117.99999999999416,0.3,26.399999999995757,-11.354638243376314,-8.399871753900527,-7.425691571335676,-8.399871753882962,-11.354638243386034,-15.344084624051618,-15.344084624080836,0.675241271615962,0.7046111008387083,0.7135421472663878,0.704611100838635,0.6752412716157242,0.14798934781914588,0.09929265483716333,0.08346014946632853,0.09929265483745311,0.14798934781960574,0.0,0.0,0.0,0.0,0.0,off,off,off,off,off
118.09999999999415,0.3,26.42999999999575,-11.344847396205694,-8.39004831430043,-7.4158662736133465,-8.390048314284343,-11.344847396220871,-15.334428868012992,-15.334428868041925,0.6752084152454035,0.7046139989481303,0.713554783974912,0.7046139989480537,0.6752084152451514,0.1481496186819283,0.09938575221771717,0.08353198314452254,0.09938575221800665,0.14814961868238852,0.0,0.0,0.0,0.0,0.0,off,off,off,off,off
118.19999999999415,0.3,26.459999999995745,-11.335057242303265,-8.380225658249003,-7.406041785293894,-8.380225658233599,-11.335057242315315,-15.324773712662477,-15.32477371269124,0.6751755742390229,0.7046169214203742,0.7135674465211294,0.7046169214202956,0.6751755742387787,0.14830968707212622,0.09947865213027109,0.08360361708694233,0.09947865213056031,0.14830968707258688,0.0,0.0,0.0,0.0,0.0,off,off,off,off,off
118.29999999999414,0.3,26.48999999999574,-11.325267782118317,-8.370403785797237,-7.396218106031881,-8.37040378578098,-11.325267782129572,-15.315119158198286,-15.315119158226935,0.6751427489386098,0.7046198684496978,0.713580134692015,0.7046198684496217,0.6751427489383677,0.14846955291970915,0.09957135471515902,0.08367505237367724,0.09957135471544791,0.1484695529201701,0.0,0.0,0.0,0.0,0.0,off,off,off,off,off
118.39999999999414,0.3,26.519999999995733,-11.31547901611708,-8.360582697020163,-7.386395235555426,-8.360582697000723,-11.315479016122083,-15.305465204819257,-15.305465204847792,0.6751099396848304,0.7046228402314759,0.7135928483055536,0.7046228402314086,0.6751099396846042,0.14862921615493427,0.09966386010753857,0.08374629000889558,0.09966386010782707,0.14862921615539545,0.0,0.0,0.0,0.0,0.0,off,off,off,off,off
118.49999999999413,0.3,26.549999999995727,-11.305690944762375,-8.350762392007425,-7.376573173633858,-8.350762391986166,-11.305690944771754,-15.295811852724796,-15.295811852753275,0.6750771468172734,0.7046258369620841,0.7136055872083888,0.7046258369620216,0.6750771468170358,0.14878867670836546,0.09975616843772782,0.08381733092587657,0.09975616843801588,0.14878867670882676,0.0,0.0,0.0,0.0,0.0,off,off,off,off,off
118.59999999999413,0.3,26.57999999999572,-11.295903568531969,-8.340942870863955,-7.36675192009676,-8.340942870839399,-11.295903568544588,-15.286159102115448,-15.28615910214387,0.6750443706744008,0.704628858838761,0.7136183512734439,0.704628858838708,0.6750443706741541,0.14894793451089086,0.09984827983152268,0.08388817599224903,0.0998482798318102,0.14894793451135255,0.0,0.0,0.0,0.0,0.0,off,off,off,off,off
118.69999999999412,0.3,26.609999999995715,-11.286116887910111,-8.331124133717026,-7.356931474828059,-8.331124133687922,-11.286116887920912,-15.276506953191983,-15.276506953220462,0.6750116115935619,0.7046319060594645,0.7136311403977542,0.7046319060594232,0.6750116115933198,0.14910698949374035,0.09994019441049642,0.08395882601507985,0.09994019441078332,0.14910698949420254,0.0,0.0,0.0,0.0,0.0,off,off,off,off,off
118.79999999999411,0.3,26.63999999999571,-11.276330903372411,-8.321306180700958,-7.347111837751356,-8.32130618067373,-11.276330903384235,-15.266855406156537,-15.266855406184902,0.6749788699110315,0.7046349788227908,0.7136439545004821,0.7046349788227446,0.6749788699107865,0.14926584158850154,0.10003191229228178,0.08402928174567323,0.10003191229256803,0.149265841588964,0.0,0.0,0.0,0.0,0.0,off,off,off,off,off
118.89999999999411,0.3,26.669999999995703,-11.266545615420227,-8.311489011978836,-7.337293008834422,-8.311489011961328,-11.266545615432449,-15.25720446121153,-15.25720446123978,0.6749461459619156,0.7046380773278068,0.7136567935210348,0.7046380773277349,0.6749461459616694,0.14942449072713493,0.10012343359083753,0.0840995438840383,0.10012343359112327,0.14942449072759764,0.0,0.0,0.0,0.0,0.0,off,off,off,off,off
118.9999999999941,0.3,26.699999999995697,-11.256761024552361,-8.301672627725793,-7.327474988087317,-8.301672627707092,-11.25676102456174,-15.247554118560345,-15.247554118588539,0.6749134400802211,0.7046412017739881,0.7136696574173423,0.7046412017739198,0.6749134400799822,0.1495829368419892,0.10021475841669936,0.08416961308302326,0.10021475841698474,0.1495829368424522,0.0,0.0,0.0,0.0,0.0,off,off,off,off,off
119.0999999999941,0.3,26.72999999999569,-11.246977131270796,-8.291857028131915,-7.317657775559098,-8.291857028113554,-11.24697713128063,-15.237904378407222,-15.23790437843536,0.674880752598839,0.7046443523611113,0.7136825461642802,0.7046443523610425,0.6748807525985985,0.149741179865815,0.1003058868772169,0.0842394899521291,0.10030588687750186,0.14974117986627825,0.0,0.0,0.0,0.0,0.0,off,off,off,off,off
119.19999999999409,0.3,26.759999999995685,-11.237193936083884,-8.282042213400473,-7.307841371325594,-8.28204221338359,-11.237193936099516,-15.22825524095714,-15.228255240985334,0.6748480838495324,0.7046475292891659,0.7136954597522375,0.7046475292890929,0.6748480838492765,0.14989921973177822,0.1003968190767768,0.08430917506102345,0.10039681907706138,0.14989921973224185,0.0,0.0,0.0,0.0,0.0,off,off,off,off,off
119.29999999999409,0.3,26.78999999999568,-11.227411439505943,-8.272228183757989,-7.2980257755040725,-8.272228183741731,-11.227411439523678,-15.21860670641587,-15.21860670644412,0.6748154341629357,0.7046507327582385,0.7137083981857331,0.7046507327581639,0.6748154341626741,0.15005705637347266,0.10048755511701335,0.08437866894277618,0.10048755511729761,0.15005705637393682,0.0,0.0,0.0,0.0,0.0,off,off,off,off,off
119.39999999999408,0.3,26.819999999995673,-11.217629642064594,-8.262414939448831,-7.288210988228229,-8.262414939434336,-11.2176296420796,-15.208958774990435,-15.20895877501863,0.6747828038685326,0.7046539629684452,0.7137213614822444,0.7046539629683664,0.6747828038682786,0.15021468972493243,0.1005780950970074,0.08444797209683735,0.10057809509729126,0.15021468972539698,0.0,0.0,0.0,0.0,0.0,off,off,off,off,off
119.49999999999407,0.3,26.849999999995667,-11.207848544285753,-8.252602480721634,-7.278397009673881,-8.252602480705605,-11.207848544299452,-15.19931144688826,-15.199311446916454,0.6747501932946958,0.7046572201198906,0.713734349670996,0.704657220119816,0.6747501932944436,0.15037211972064307,0.1006684391134732,0.08451708499177811,0.10066843911375668,0.15037211972110798,0.0,0.0,0.0,0.0,0.0,off,off,off,off,off
119.59999999999407,0.3,26.87999999999566,-11.198068146705793,-8.242790807848678,-7.2685838400395255,-8.242790807831398,-11.1980681467154,-15.189664722317957,-15.189664722346038,0.6747176027686477,0.7046605044125409,0.7137473627919667,0.7046605044124701,0.6747176027684071,0.15052934629555279,0.100758587260935,0.08458600806781322,0.10075858726121809,0.15052934629601797,0.0,0.0,0.0,0.0,0.0,off,off,off,off,off
119.69999999999406,0.3,26.909999999995655,-11.18828844985336,-8.232979921110768,-7.258771479540371,-8.232979921094909,-11.18828844986649,-15.180018601488825,-15.180018601516736,0.6746850326165141,0.7046638160461978,0.7137604008949383,0.7046638160461229,0.6746850326162637,0.1506863693850826,0.10084853963189372,0.08465474173912195,0.10084853963217634,0.1506863693855479,0.0,0.0,0.0,0.0,0.0,off,off,off,off,off
119.79999999999406,0.3,26.93999999999565,-11.17850945428279,-8.223169820816508,-7.248959928422778,-8.223169820802639,-11.178509454293362,-15.170373084611015,-15.170373084638868,0.6746524831632297,0.7046671552203799,0.7137734640385689,0.7046671552202999,0.6746524831629858,0.1508431889251359,0.10093829631698356,0.08472328639598413,0.10093829631726586,0.1508431889256015,0.0,0.0,0.0,0.0,0.0,off,off,off,off,off
119.89999999999405,0.3,26.969999999995643,-11.16873116053938,-8.213360507280925,-7.239149186956752,-8.213360507266714,-11.168731160546088,-15.160728171895698,-15.160728171923608,0.6746199547326309,0.7046705221343204,0.7137865522895986,0.7046705221342418,0.6746199547323969,0.1509998048521087,0.10102785740512069,0.08479164240674579,0.10102785740540272,0.1509998048525744,0.0,0.0,0.0,0.0,0.0,off,off,off,off,off
119.99999999999405,0.3,26.999999999995637,-11.158953569182415,-8.203551980835982,-7.2293392554309435,-8.203551980815917,-11.158953569191056,-15.151083863555186,-15.15108386358304,0.6745874476473933,0.7046739169868824,0.7137996657221095,0.7046739169868192,0.6745874476471543,0.15115621710289764,0.10111722298364227,0.08485981011962793,0.10111722298392387,0.15115621710336344,0.0,0.0,0.0,0.0,0.0,off,off,off,off,off
120.09999999999404,0.3,27.02999999999563,-11.149176680771859,-8.193744241822344,-7.21953013414236,-8.19374424180586,-11.149176680784649,-15.141440159802585,-15.141440159830267,0.6745549622290667,0.7046773399765266,0.713812804416862,0.7046773399764538,0.6745549622288165,0.15131242561490885,0.10120639313843782,0.08492778986439044,0.10120639313871894,0.15131242561537497,0.0,0.0,0.0,0.0,0.0,off,off,off,off,off
120.19999999999403,0.3,27.059999999995625,-11.139400495881034,-8.183937290602842,-7.209721823429106,-8.18393729059045,-11.139400495891891,-15.131797060851738,-15.131797060879364,0.6745224987980414,0.704680791301224,0.713825968460572,0.7046807913011406,0.6745224987977957,0.15146843032606605,0.10129536795407373,0.08499558195386406,0.10129536795435448,0.15146843032653248,0.0,0.0,0.0,0.0,0.0,off,off,off,off,off
120.29999999999403,0.3,27.08999999999562,-11.129625015071213,-8.174131127549174,-7.199914323625649,-8.174131127536725,-11.129625015085821,-15.1221545669178,-15.122154566945312,0.674490057673614,0.7046842711584459,0.7138391579454479,0.7046842711583627,0.6744900576733582,0.1516242311748177,0.10138414751390978,0.08506318668535973,0.10138414751419024,0.15162423117528445,0.0,0.0,0.0,0.0,0.0,off,off,off,off,off
120.39999999999402,0.3,27.119999999995613,-11.119850238932202,-8.164325753048729,-7.190107635092886,-8.164325753036962,-11.119850238948118,-15.112512678216717,-15.112512678244173,0.6744576391738816,0.7046877797450999,0.7138523729685666,0.7046877797450152,0.6744576391736228,0.15177982810014443,0.10147273190020965,0.08513060434196504,0.10147273190048976,0.15177982810061152,0.0,0.0,0.0,0.0,0.0,off,off,off,off,off
120.49999999999402,0.3,27.149999999995607,-11.110076168043065,-8.154521167498729,-7.180301758207918,-8.154521167491396,-11.110076168058981,-15.102871394965518,-15.10287139499286,0.6744252436158449,0.7046913172575058,0.7138656136314119,0.7046913172574092,0.6744252436155852,0.1519352210415659,0.10156112119424449,0.08519783519373784,0.10156112119452435,0.1519352210420334,0.0,0.0,0.0,0.0,0.0,off,off,off,off,off
120.59999999999401,0.3,27.1799999999956,-11.100302802991791,-8.14471737131413,-7.170496693362679,-8.144717371311629,-11.100302803009242,-15.093230717382141,-15.093230717409483,0.674392871315355,0.7046948838913327,0.7138788800394194,0.7046948838912237,0.6743928713150913,0.152090409939147,0.101649315476391,0.08526487949880422,0.10164931547667075,0.15209040993961487,0.0,0.0,0.0,0.0,0.0,off,off,off,off,off
120.699999999994,0.3,27.209999999995595,-11.090530144377794,-8.134914364926772,-7.16069244095786,-8.134914364916654,-11.090530144389902,-15.083590645685717,-15.083590645713002,0.6743605225871099,0.7046984798415673,0.7138921723015761,0.7046984798414789,0.6743605225868602,0.152245394733504,0.10173731482622395,0.08533173750436887,0.10173731482650349,0.15224539473397228,0.0,0.0,0.0,0.0,0.0,off,off,off,off,off
120.799999999994,0.3,27.23999999999559,-11.080758192793894,-8.125112148770029,-7.150889001408984,-8.12511214875559,-11.0807581928089,-15.073951180096287,-15.073951180123515,0.6743281977447015,0.7047021053025193,0.7139054905300201,0.7047021053024423,0.6743281977444441,0.15240017536581046,0.10182511932260276,0.08539840944764468,0.10182511932288194,0.1524001753662791,0.0,0.0,0.0,0.0,0.0,off,off,off,off,off
120.899999999994,0.3,27.269999999995584,-11.07098694885309,-8.115310723290179,-7.141086375156135,-8.115310723276423,-11.070986948867358,-15.064312320834802,-15.064312320862143,0.6742958971005443,0.7047057604677588,0.713918834839655,0.7047057604676801,0.6742958971002885,0.15255475177780242,0.10191272904375363,0.08546489555670846,0.10191272904403244,0.15255475177827132,0.0,0.0,0.0,0.0,0.0,off,off,off,off,off
120.99999999999399,0.3,27.299999999995578,-11.061216413154796,-8.105510088957942,-7.131284562639564,-8.105510088938445,-11.061216413175714,-15.054674068123745,-15.054674068150973,0.674263620965967,0.704709445530057,0.7139322053478993,0.7047094455299932,0.6742636209656935,0.15270912391178354,0.10200014406734684,0.08553119605128805,0.10200014406762517,0.15270912391225278,0.0,0.0,0.0,0.0,0.0,off,off,off,off,off
121.09999999999398,0.3,27.32999999999557,-11.051446586319912,-8.095710246241936,-7.121483564317373,-8.095710246229999,-11.051446586345037,-15.045036422186058,-15.045036422213343,0.67423136965112,0.7047131606814259,0.7139456021743331,0.7047131606813425,0.6742313696508347,0.15286329171062976,0.10208736447056942,0.0855973111434865,0.10208736447084728,0.1528632917110997,0.0,0.0,0.0,0.0,0.0,off,off,off,off,off
121.19999999999398,0.3,27.359999999995566,-11.041677468976616,-8.085911195632377,-7.111683380661077,-8.0859111956255,-11.041677469000433,-15.035399383246215,-15.0353993832735,0.6741991434650132,0.7047169061130331,0.7139590254404354,0.7047169061129361,0.6741991434647314,0.15301725511779446,0.10217439033019377,0.08566324103844844,0.10217439033047143,0.1530172551182651,0.0,0.0,0.0,0.0,0.0,off,off,off,off,off
121.29999999999397,0.3,27.38999999999556,-11.031909061739213,-8.076112937625737,-7.101884012151345,-8.07611293762244,-11.031909061768658,-15.025762951529487,-15.025762951556885,0.6741669427155745,0.7047206820152142,0.7139724752693468,0.7047206820151081,0.6741669427152781,0.15317101407731226,0.10226122172264245,0.08572898593497365,0.10226122172291997,0.15317101407778352,0.0,0.0,0.0,0.0,0.0,off,off,off,off,off
121.39999999999397,0.3,27.419999999995554,-11.022141365246966,-8.066315472739802,-7.092085459279815,-8.066315472735084,-11.022141365279424,-15.016127127262507,-15.016127127289906,0.6741347677095484,0.7047244885774119,0.7139859517856285,0.7047244885773098,0.6741347677092434,0.15332456853380275,0.10234785872404882,0.08579454602608079,0.1023478587243263,0.15332456853427473,0.0,0.0,0.0,0.0,0.0,off,off,off,off,off
121.49999999999396,0.3,27.449999999995548,-11.012374380132144,-8.056518801482184,-7.082287722551655,-8.05651880148315,-11.012374380163067,-15.006491910672821,-15.006491910700333,0.6741026187525794,0.7047283259882385,0.7139994551150441,0.7047283259881214,0.6741026187522787,0.15347791843247477,0.10243430141031469,0.08585992149952672,0.10243430141059205,0.15347791843294747,0.0,0.0,0.0,0.0,0.0,off,off,off,off,off
121.59999999999395,0.3,27.47999999999554,-11.002608107028152,-8.046722924394203,-7.072490802471862,-8.046722924397898,-11.002608107066465,-14.996857301989223,-14.996857302016792,0.6740704961491945,0.7047321944353377,0.7140129853843994,0.704732194435213,0.6740704961488742,0.15363106371912966,0.10252054985716381,0.08592511253828394,0.10252054985744112,0.1536310637196032,0.0,0.0,0.0,0.0,0.0,off,off,off,off,off
121.69999999999395,0.3,27.509999999995536,-10.992842546592385,-8.036927841571355,-7.0626946995658955,-8.036927841574254,-10.992842546631152,-14.987223301441531,-14.9872233014691,0.6740384002027424,0.7047360944795847,0.7140265427213083,0.7047360944794623,0.6740384002024205,0.15378400434016454,0.1026066040704799,0.08599011932098011,0.10260660407075724,0.15378400434063888,0.0,0.0,0.0,0.0,0.0,off,off,off,off,off
121.79999999999394,0.3,27.53999999999553,-10.98307769943699,-8.027133550484336,-7.052899414299304,-8.027133550487747,-10.983077699474734,-14.977589909260814,-14.977589909288497,0.6740063312155773,0.7047400299012375,0.7140401272542376,0.704740029901114,0.6740063312152582,0.15393674024257567,0.10269246185134269,0.0860549420223019,0.10269246185161997,0.15393674024305076,0.0,0.0,0.0,0.0,0.0,off,off,off,off,off
121.89999999999394,0.3,27.569999999995524,-10.973313566152115,-8.017340049594281,-7.0431049470842595,-8.017340049602524,-10.973313566186619,-14.967957125678879,-14.967957125706675,0.6739742894889968,0.7047440035703978,0.714053739112341,0.7047440035702613,0.673974289488685,0.1540892713739602,0.10277811740292861,0.08611958081336658,0.10277811740320592,0.154089271374436,0.0,0.0,0.0,0.0,0.0,off,off,off,off,off
121.99999999999393,0.3,27.599999999995518,-10.963550146688192,-8.007547338139034,-7.033311298292858,-8.007547338139545,-10.963550146727755,-14.958324950928272,-14.958324950956069,0.6739422753428154,0.7047480165652268,0.7140673784252821,0.7047480165651113,0.6739422753424907,0.1542415976785026,0.10286356621630026,0.0861840358620634,0.10286356621657754,0.1542415976789791,0.0,0.0,0.0,0.0,0.0,off,off,off,off,off
122.09999999999393,0.3,27.629999999995512,-10.953787438521488,-7.997755415667768,-7.02351846828202,-7.997755415668394,-10.953787438568327,-14.948693385235515,-14.948693385263368,0.6739102896089655,0.704752069301873,0.7140810453230436,0.704752069301757,0.6739102896086213,0.15439371890793224,0.10294880613456367,0.08624830733336762,0.10294880613484071,0.15439371890840967,0.0,0.0,0.0,0.0,0.0,off,off,off,off,off
122.19999999999392,0.3,27.659999999995506,-10.944025440732048,-7.987964281943505,-7.013726457404573,-7.987964281943448,-10.944025440782298,-14.939062428822297,-14.93906242885015,0.6738783336541226,0.7047561618752713,0.7140947399357773,0.7047561618751574,0.6738783336537684,0.15454563405428767,0.10303383646848865,0.0863123953896301,0.10303383646876552,0.15454563405476632,0.0,0.0,0.0,0.0,0.0,off,off,off,off,off
122.29999999999391,0.3,27.6899999999955,-10.934264153057768,-7.978173936870576,-7.003935266002145,-7.978173936871258,-10.93426415311069,-14.929432081908146,-14.929432081936113,0.6738464086209718,0.7047602942190364,0.7141084623937181,0.7047602942189206,0.6738464086206107,0.15469734154732334,0.10311865732220102,0.08637630019084333,0.10311865732247771,0.15469734154780304,0.0,0.0,0.0,0.0,0.0,off,off,off,off,off
122.39999999999391,0.3,27.719999999995494,-10.92450357547608,-7.968384380467626,-6.994144894417957,-7.968384380464045,-10.924503575527126,-14.919802344711968,-14.919802344739935,0.6738145153444961,0.7047644661905627,0.7141222128270508,0.7047644661904583,0.6738145153441397,0.1548488399254018,0.10320326920857889,0.08644002189488605,0.10320326920885545,0.15484883992588266,0.0,0.0,0.0,0.0,0.0,off,off,off,off,off
122.4999999999939,0.3,27.749999999995488,-10.914743708092885,-7.9585956128360635,-6.984355342991648,-7.9585956128295265,-10.914743708141032,-14.910173217452098,-14.910173217480008,0.6737826544418044,0.704768677616933,0.714135991365832,0.7047686776168363,0.6737826544414551,0.15500012810497107,0.10328767283824716,0.08650356065774838,0.10328767283852348,0.155000128105453,0.0,0.0,0.0,0.0,0.0,off,off,off,off,off
122.5999999999939,0.3,27.779999999995482,-10.904984551117025,-7.94880763414875,-6.974566612056151,-7.948807634144998,-10.904984551165683,-14.900544700346472,-14.900544700374496,0.6737508263841732,0.7047729283193626,0.7141497981399175,0.7047729283192585,0.6737508263838222,0.15515120536711857,0.1033718690051244,0.0865669166337387,0.10337186900540048,0.1551512053676015,0.0,0.0,0.0,0.0,0.0,off,off,off,off,off
122.69999999999389,0.3,27.809999999995476,-10.895226104827486,-7.939020444644825,-6.964778701969294,-7.939020444640903,-10.895226104877793,-14.890916793613542,-14.890916793641509,0.6737190315451215,0.7047772181259145,0.7141636332787997,0.7047772181258108,0.6737190315447658,0.15530207127208612,0.10345585852510215,0.08663008997567412,0.10345585852537799,0.15530207127257006,0.0,0.0,0.0,0.0,0.0,off,off,off,off,off
122.79999999999389,0.3,27.83999999999547,-10.885468369557088,-7.9292340446171465,-6.954991613079187,-7.929234044610666,-10.885468369606883,-14.881289497471641,-14.881289497499779,0.6736872702326036,0.704781546877819,0.7141774969116332,0.7047815468777221,0.6736872702322477,0.1554527255776881,0.10353964220387595,0.08669308083505607,0.10353964220415149,0.1554527255781731,0.0,0.0,0.0,0.0,0.0,off,off,off,off,off
122.89999999999388,0.3,27.869999999995464,-10.875711345692537,-7.919448434401602,-6.945205345745137,-7.919448434398021,-10.875711345744435,-14.871662812139618,-14.871662812167983,0.6736555427108196,0.7047859144323119,0.714191389167112,0.7047859144322075,0.6736555427104582,0.15560316817694686,0.10362322082072352,0.08675588936223087,0.10362322082099885,0.15560316817743294,0.0,0.0,0.0,0.0,0.0,off,off,off,off,off
122.99999999999388,0.3,27.899999999995458,-10.865955033659247,-7.909663614391434,-6.935419900333841,-7.9096636143933665,-10.865955033709383,-14.862036737837002,-14.862036737865537,0.6736238492151363,0.7047903206635325,0.7142053101734249,0.7047903206634134,0.6736238492147786,0.1557533990535837,0.10370659512096628,0.08681851570653802,0.10370659512124158,0.15575339905407087,0.0,0.0,0.0,0.0,0.0,off,off,off,off,off
123.09999999999387,0.3,27.929999999995452,-10.856199433915947,-7.899879585017402,-6.925635276910384,-7.899879585021836,-10.856199433970176,-14.85241127478389,-14.852411274812368,0.6735921899622538,0.7047947654625188,0.7142192668972885,0.7047947654623932,0.6735921899618854,0.15590341825105292,0.10378976581311952,0.08688095809569385,0.1037897658133948,0.15590341825154122,0.0,0.0,0.0,0.0,0.0,off,off,off,off,off
123.19999999999386,0.3,27.959999999995446,-10.846444546959276,-7.8900963467451675,-6.915851476401656,-7.890096346754092,-10.846444547012254,-14.842786423200835,-14.842786423229427,0.6735605651571214,0.704799248736647,0.7142332780049866,0.7047992487365093,0.6735605651567556,0.1560532258512332,0.10387273356853775,0.08694319473323756,0.10387273356881314,0.1560532258517226,0.0,0.0,0.0,0.0,0.0,off,off,off,off,off
123.29999999999386,0.3,27.98999999999544,-10.836690373301167,-7.8803139001134355,-6.906068502513335,-7.880313900120768,-10.83669037335136,-14.833162183309412,-14.833162183337947,0.6735289749976953,0.7048037704087249,0.7142473454111642,0.7048037704085915,0.6735289749973364,0.15620282195985277,0.10395549902235483,0.08700520226004917,0.10395549902263033,0.15620282196034327,0.0,0.0,0.0,0.0,0.0,off,off,off,off,off
123.39999999999385,0.3,28.019999999995434,-10.826936913487657,-7.870532245742595,-6.896286359221506,-7.870532245749189,-10.826936913547513,-14.823538555331936,-14.823538555360358,0.6734974196780711,0.7048083304160551,0.7142614709290019,0.7048083304159236,0.673497419677686,0.15635220669656996,0.1040380627750611,0.08706697146482321,0.10403806277533663,0.15635220669706162,0.0,0.0,0.0,0.0,0.0,off,off,off,off,off
123.49999999999385,0.3,28.04999999999543,-10.817184168099914,-7.86075138432733,-6.8865050504236365,-7.86075138433506,-10.81718416815852,-14.813915539491518,-14.813915539520053,0.6734658993906062,0.7048129287095186,0.714275656446991,0.7048129287093844,0.6734658993902244,0.15650138018826038,0.10412042539436184,0.08712849739740815,0.10412042539463738,0.1565013801887535,0.0,0.0,0.0,0.0,0.0,off,off,off,off,off
123.59999999999384,0.3,28.079999999995422,-10.807432137723595,-7.850971316635992,-6.8767245799089665,-7.850971316647019,-10.807432137785327,-14.804293136012518,-14.804293136041167,0.6734344143274169,0.7048175652526542,0.7142899037886774,0.7048175652525107,0.6734344143270261,0.15665034256450813,0.10420258741712483,0.08718977612429565,0.10420258741740047,0.15665034256500257,0.0,0.0,0.0,0.0,0.0,off,off,off,off,off
123.69999999999384,0.3,28.109999999995416,-10.797680822987047,-7.8411920435164575,-6.866944951358846,-7.841192043526519,-10.797680823047699,-14.794671345120321,-14.79467134514914,0.6734029646811915,0.7048222400207542,0.7143042146899474,0.7048222400206134,0.6734029646808026,0.15679909395460961,0.10428454935131636,0.08725080407949286,0.10428454935159212,0.15679909395510536,0.0,0.0,0.0,0.0,0.0,off,off,off,off,off
123.79999999999383,0.3,28.13999999999541,-10.787930224528395,-7.83141356586799,-6.8571661683501475,-7.831413565881462,-10.787930224593708,-14.785050167041334,-14.785050167070324,0.6733715506458597,0.7048269530000963,0.7143185907985445,0.7048269529999467,0.6733715506454584,0.1569476344856156,0.10436631167787332,0.08731157793067126,0.10436631167814922,0.15694763448611276,0.0,0.0,0.0,0.0,0.0,off,off,off,off,off
123.89999999999382,0.3,28.169999999995404,-10.77818034301498,-7.821635884658178,-6.8473882343578225,-7.821635884666023,-10.778180343076087,-14.7754296020031,-14.775429602032204,0.6733401724168957,0.7048317041871042,0.7143330336776544,0.7048317041869698,0.6733401724165043,0.15709596428108177,0.10444787485248724,0.08737209454490648,0.10444787485276325,0.15709596428158026,0.0,0.0,0.0,0.0,0.0,off,off,off,off,off
123.99999999999382,0.3,28.1999999999954,-10.768431179125969,-7.811859000896504,-6.837611152756722,-7.811859000900597,-10.768431179189008,-14.765809650234473,-14.76580965026369,0.6733088301915563,0.7048364935876693,0.7143475448100866,0.7048364935875449,0.6733088301911593,0.15724408346030358,0.10452923930728968,0.08743235097399943,0.10452923930756569,0.15724408346080343,0.0,0.0,0.0,0.0,0.0,off,off,off,off,off
124.09999999999381,0.3,28.229999999995393,-10.7586827335777,-7.802082915661913,-6.827834926842911,-7.802082915663277,-10.758682733642047,-14.756190311965668,-14.756190311994999,0.6732775241689067,0.7048413212163783,0.7143621256023327,0.7048413212162611,0.673277524168506,0.15739199213788058,0.10461040545243748,0.08749234444398551,0.10461040545271343,0.15739199213838176,0.0,0.0,0.0,0.0,0.0,off,off,off,off,off
124.1999999999938,0.3,28.259999999995387,-10.748935007091063,-7.792307630066659,-6.818059559816334,-7.792307630065011,-10.748935007157002,-14.746571587428093,-14.746571587457538,0.6732462545499256,0.704846187095953,0.7143767773885441,0.7048461870958432,0.6732462545495199,0.15753969042350274,0.10469137367759924,0.08755207234585224,0.10469137367787502,0.15753969042400534,0.0,0.0,0.0,0.0,0.0,off,off,off,off,off
124.2999999999938,0.3,28.28999999999538,-10.739188000416675,-7.782533145272964,-6.808285054810597,-7.78253314526728,-10.73918800048159,-14.736953476854467,-14.736953476884139,0.6732150215374124,0.7048510912565926,0.7143915014341794,0.7048510912564939,0.6732150215370084,0.15768717842188631,0.10477214435334647,0.08761153222687193,0.10477214435362195,0.15768717842239033,0.0,0.0,0.0,0.0,0.0,off,off,off,off,off
124.3999999999938,0.3,28.319999999995375,-10.72944171431368,-7.772759462488239,-6.798511414866084,-7.7727594624820995,-10.729441714383597,-14.727335980479438,-14.72733598050911,0.6731838253359842,0.7048560337354173,0.7144062989396126,0.7048560337353197,0.6731838253355664,0.15783445623280876,0.104852717832455,0.08767072178241563,0.10485271783273023,0.15783445623331424,0.0,0.0,0.0,0.0,0.0,off,off,off,off,off
124.49999999999379,0.3,28.34999999999537,-10.719696149576578,-7.762986582953488,-6.7887386429746925,-7.762986582948997,-10.71969614964246,-14.717719098538623,-14.71771909856841,0.6731526661519313,0.7048610145759593,0.7144211710433623,0.7048610145758574,0.6731526661515237,0.15798152395120824,0.10493309445112177,0.08772963884820296,0.10493309445139681,0.15798152395171527,0.0,0.0,0.0,0.0,0.0,off,off,off,off,off
124.59999999999378,0.3,28.379999999995363,-10.709951306999983,-7.753214507946211,-6.778966742041973,-7.753214507947348,-10.709951307069161,-14.70810283126923,-14.708102831299186,0.673121544193221,0.7048660338276604,0.7144361188253686,0.7048660338275432,0.6731215441928039,0.1581283816673249,0.1050132745301011,0.08778828139296216,0.1050132745303761,0.1581283816678334,0.0,0.0,0.0,0.0,0.0,off,off,off,off,off
124.69999999999378,0.3,28.409999999995357,-10.700207187403123,-7.743443238783527,-6.769195714925502,-7.743443238786199,-10.700207187474518,-14.698487178910284,-14.698487178940411,0.6730904596693378,0.7048710915453921,0.7144511433098938,0.7048710915452707,0.6730904596689147,0.1582750294668662,0.10509325837576695,0.08784664751147653,0.1050932583760419,0.15827502946737618,0.0,0.0,0.0,0.0,0.0,off,off,off,off,off
124.79999999999377,0.3,28.43999999999535,-10.690463791625803,-7.733672776804212,-6.759425564414016,-7.733672776814615,-10.690463791701973,-14.688872141702177,-14.688872141732588,0.6730594127911986,0.7048761877890714,0.714466245468435,0.7048761877889295,0.6730594127907623,0.15842146743118724,0.10517304628110473,0.08790473541799818,0.1051730462813798,0.15842146743169888,0.0,0.0,0.0,0.0,0.0,off,off,off,off,off
124.89999999999377,0.3,28.469999999995345,-10.680721120525448,-7.723903123387686,-6.749656293246005,-7.723903123401669,-10.680721120597696,-14.679257719887346,-14.679257719917928,0.6730284037710624,0.7048813226232015,0.714481426222366,0.7048813226230499,0.6730284037706352,0.1585676956374782,0.10525263852663799,0.08796254344000877,0.10525263852691334,0.15856769563799145,0.0,0.0,0.0,0.0,0.0,off,off,off,off,off
124.99999999999376,0.3,28.49999999999534,-10.67097917496875,-7.714134279926725,-6.739887904108684,-7.7141342799457675,-10.67097917503736,-14.669643913709763,-14.669643913740401,0.6729974328224541,0.7048864961165654,0.7144966864455059,0.7048864961164002,0.672997432822036,0.1587137141589526,0.1053320353812938,0.08802007001230948,0.10533203538156959,0.1587137141594674,0.0,0.0,0.0,0.0,0.0,off,off,off,off,off
125.09999999999376,0.3,28.529999999995333,-10.66123795584491,-7.704366247855603,-6.730120399631403,-7.704366247871633,-10.661237955907211,-14.660030723414877,-14.660030723445573,0.6729665001600376,0.7048917083417944,0.7145120269665571,0.7048917083416375,0.6729665001596349,0.1588595230650354,0.10541123710321137,0.08807731367142266,0.1054112371034875,0.1588595230655515,0.0,0.0,0.0,0.0,0.0,off,off,off,off,off
125.19999999999375,0.3,28.559999999995327,-10.651497464048077,-7.694599028615016,-6.720353782405482,-7.694599028634514,-10.651497464106626,-14.6504181492503,-14.650418149280938,0.6729356059995696,0.7048969593751324,0.7145274485713494,0.7048969593749664,0.6729356059991756,0.1590051224215464,0.10549024394049672,0.08813427305028847,0.10549024394077314,0.1590051224220637,0.0,0.0,0.0,0.0,0.0,off,off,off,off,off
125.29999999999374,0.3,28.58999999999532,-10.64175770049303,-7.6848326236786875,-6.71058805497205,-7.684832623699549,-10.641757700552375,-14.640806191465003,-14.640806191495756,0.6729047505577668,0.7049022492960546,0.7145429520050519,0.704902249295885,0.6729047505573704,0.15915051229087965,0.1055690561319279,0.08819094687324192,0.1055690561322047,0.15915051229139807,0.0,0.0,0.0,0.0,0.0,off,off,off,off,off
125.39999999999374,0.3,28.619999999995315,-10.632018666107115,-7.675067034535687,-6.700823219834319,-7.675067034554843,-10.632018666172542,-14.631194850310294,-14.631194850341217,0.6728739340522453,0.7049075781870262,0.7145585379741988,0.7049075781868611,0.6728739340518322,0.1592956927321766,0.1056476739076137,0.08824733395125385,0.10564767390789077,0.15929569273269642,0.0,0.0,0.0,0.0,0.0,off,off,off,off,off
125.49999999999373,0.3,28.64999999999531,-10.622280361844162,-7.665302262697537,-6.691059279458216,-7.6653022627119185,-10.622280361906292,-14.621584126039352,-14.621584126070275,0.6728431567014003,0.7049129461332133,0.7145742071486437,0.7049129461330605,0.6728431567009946,0.1594406638014941,0.10572609748960865,0.08830343317742388,0.10572609748988593,0.1594406638020155,0.0,0.0,0.0,0.0,0.0,off,off,off,off,off
125.59999999999373,0.3,28.679999999995303,-10.61254278865357,-7.655538309683152,-6.681296236270953,-7.65553830970083,-10.612542788712744,-14.611974018906949,-14.611974018937929,0.672812418724407,0.7049183532222715,0.7145899601634167,0.7049183532221104,0.6728124187240085,0.15958542555196473,0.10580432709248747,0.08835924352271053,0.10580432709276494,0.1595854255524874,0.0,0.0,0.0,0.0,0.0,off,off,off,off,off
125.69999999999372,0.3,28.709999999995297,-10.602805947501736,-7.6457751770425375,-6.671534092661261,-7.6457751770585105,-10.602805947554486,-14.602364529169847,-14.602364529200997,0.6727817203410912,0.70492379954405,0.714605797620476,0.7049237995438928,0.6727817203407087,0.159729978033951,0.1058823629238815,0.08841476403188664,0.10588236292415919,0.15972997803447486,0.0,0.0,0.0,0.0,0.0,off,off,off,off,off
125.79999999999372,0.3,28.73999999999529,-10.593069839366876,-7.636012866327235,-6.661772850985983,-7.636012866344515,-10.593069839416273,-14.592755657087082,-14.592755657118232,0.672751061771869,0.7049292851904481,0.7146217200903541,0.7049292851902872,0.6727510617714942,0.1598743212951938,0.10596020518498009,0.08846999381970823,0.10596020518525805,0.15987432129571869,0.0,0.0,0.0,0.0,0.0,off,off,off,off,off
125.89999999999371,0.3,28.769999999995285,-10.583334465239261,-7.6262513791126025,-6.652012513574277,-7.6262513791267,-10.583334465292921,-14.583147402919394,-14.583147402950544,0.672720443237677,0.7049348102551519,0.7146377281137217,0.7049348102549994,0.6727204432372904,0.16001845538095377,0.10603785407099826,0.08852493206728528,0.10603785407127642,0.16001845538147977,0.0,0.0,0.0,0.0,0.0,off,off,off,off,off
125.9999999999937,0.3,28.79999999999528,-10.573599826129794,-7.616490716975591,-6.642253082716934,-7.616490716991279,-10.573599826182829,-14.573539766929855,-14.573539766961005,0.6726898649598857,0.704940374833505,0.7146538222029089,0.7049403748333486,0.6726898649594998,0.16016238033414756,0.10611530977161368,0.08857957801864405,0.1061153097718921,0.16016238033467484,0.0,0.0,0.0,0.0,0.0,off,off,off,off,off
126.0999999999937,0.3,28.829999999995273,-10.56386592304898,-7.606730881515887,-6.632494560688258,-7.6067308815297565,-10.563865923096785,-14.563932749383184,-14.563932749414334,0.6726593271602892,0.704945979022272,0.7146700028432619,0.70494597902212,0.6726593271599165,0.16030609619547728,0.10619257247137517,0.08863393097747062,0.10619257247165383,0.16030609619600575,0.0,0.0,0.0,0.0,0.0,off,off,off,off,off
126.1999999999937,0.3,28.859999999995267,-10.554132757021534,-7.5969718743359635,-6.622736949732484,-7.596971874353869,-10.554132757067634,-14.55432635054649,-14.554326350577696,0.6726288300610075,0.7049516229195244,0.7146862704945184,0.7049516229193615,0.6726288300606386,0.16044960300355463,0.10626964235008363,0.0886879903040265,0.10626964235036249,0.16044960300408406,0.0,0.0,0.0,0.0,0.0,off,off,off,off,off
126.29999999999369,0.3,28.88999999999526,-10.54440032908252,-7.587213697061031,-6.612980252065995,-7.587213697078994,-10.544400329123391,-14.54472057068898,-14.54472057072013,0.6725983738844399,0.7049573066244353,0.7147026255920751,0.704957306624272,0.672598373884084,0.16059290079501945,0.10634651958314795,0.08874175541222643,0.10634651958342718,0.16059290079554986,0.0,0.0,0.0,0.0,0.0,off,off,off,off,off
126.39999999999368,0.3,28.919999999995255,-10.534668640281097,-7.577456351313629,-6.603224469881127,-7.577456351328692,-10.53466864031435,-14.5351154100818,-14.535115410112894,0.6725679588531996,0.7049630302371998,0.7147190685481775,0.7049630302370441,0.6725679588528626,0.16073598960465324,0.10642320434191782,0.08879522576687042,0.10642320434219736,0.16073598960518445,0.0,0.0,0.0,0.0,0.0,off,off,off,off,off
126.49999999999368,0.3,28.94999999999525,-10.524937691661194,-7.567699838722319,-6.593469605350549,-7.56769983873977,-10.524937691695754,-14.525510868998424,-14.525510869029404,0.672537585190111,0.7049687938588786,0.7147355997530511,0.7049687938587166,0.6725375851897694,0.16087886946548743,0.10649969679399375,0.08884840088102196,0.10649969679427351,0.16087886946601931,0.0,0.0,0.0,0.0,0.0,off,off,off,off,off
126.59999999999367,0.3,28.979999999995243,-10.51520748428743,-7.557944160931072,-6.583715660624023,-7.557944160954207,-10.515207484324321,-14.515906947714313,-14.51590694774518,0.6725072531180926,0.7049745975912464,0.7147522195759899,0.7049745975910686,0.6725072531177447,0.16102154040890637,0.10657599710351698,0.08890128031352423,0.10657599710379712,0.16102154040943917,0.0,0.0,0.0,0.0,0.0,off,off,off,off,off
126.69999999999366,0.3,29.009999999995237,-10.505478019236762,-7.548189319593291,-6.5739626378320395,-7.5481893196149485,-10.50547801927064,-14.506303646507206,-14.506303646538242,0.6724769628601323,0.7049804415366892,0.7147689283663724,0.7049804415365152,0.6724769628597922,0.16116400246474707,0.10665210543144028,0.08895386366664769,0.10665210543172093,0.16116400246528073,0.0,0.0,0.0,0.0,0.0,off,off,off,off,off
126.79999999999366,0.3,29.03999999999523,-10.495749297590919,-7.538435316362779,-6.564210539077806,-7.538435316387165,-10.495749297622865,-14.496700965657226,-14.496700965688149,0.6724467146392603,0.7049863257981221,0.7147857264546522,0.704986325797941,0.6724467146389241,0.16130625566139317,0.10672802193578111,0.0890061505838611,0.10672802193606214,0.16130625566192774,0.0,0.0,0.0,0.0,0.0,off,off,off,off,off
126.89999999999365,0.3,29.069999999995225,-10.486021320431576,-7.52868215289908,-6.554459366458843,-7.528682152922556,-10.48602132046733,-14.48709890544643,-14.487098905477353,0.6724165086785184,0.7049922504788698,0.7148026141532208,0.7049922504786911,0.6724165086781713,0.16144830002586538,0.10680374677185704,0.08905814074772055,0.10680374677213855,0.16144830002640082,0.0,0.0,0.0,0.0,0.0,off,off,off,off,off
126.99999999999365,0.3,29.09999999999522,-10.476294088858083,-7.518929830872423,-6.544709122050165,-7.518929830893455,-10.476294088886164,-14.477497466159093,-14.477497466190073,0.6723863452008719,0.7049982156825605,0.7148195917573249,0.704998215682388,0.6723863452005446,0.16159013558390722,0.10687928009250659,0.08910983387786972,0.10687928009278849,0.16159013558444357,0.0,0.0,0.0,0.0,0.0,off,off,off,off,off
127.09999999999364,0.3,29.129999999995213,-10.466567603965927,-7.509178351955995,-6.534959807907228,-7.50917835197248,-10.4665676039981,-14.467896648082103,-14.46789664811297,0.6723562244292272,0.7050042215130558,0.7148366595458839,0.7050042215128951,0.6723562244288891,0.16173176236006778,0.10695462204829485,0.08916122972914527,0.10695462204857704,0.16173176236060474,0.0,0.0,0.0,0.0,0.0,off,off,off,off,off
127.19999999999364,0.3,29.159999999995208,-10.456841866873617,-7.499427717821618,-6.525211426071905,-7.499427717835033,-10.45684186690761,-14.458296451503998,-14.458296451534977,0.6723261465863244,0.7050102680743812,0.7148538177822574,0.7050102680742291,0.6723261465859806,0.16187318037777973,0.10702977278770569,0.08921232808978245,0.10702977278798821,0.1618731803783176,0.0,0.0,0.0,0.0,0.0,off,off,off,off,off
127.29999999999363,0.3,29.1899999999952,-10.447116878696193,-7.489677930151629,-6.51546397857436,-7.489677930169648,-10.447116878726092,-14.448696876716326,-14.448696876747249,0.6722961118947681,0.7050163554706174,0.7148710667149824,0.7050163554704528,0.6722961118944343,0.16201438965943538,0.10710473245732115,0.08926312877971514,0.10710473245760396,0.16201438965997408,0.0,0.0,0.0,0.0,0.0,off,off,off,off,off
127.39999999999363,0.3,29.219999999995196,-10.437392640548921,-7.479928990636893,-6.505717467434295,-7.479928990658209,-10.437392640583198,-14.43909792401223,-14.439097924043324,0.6722661205769869,0.7050224838058331,0.7148884065784719,0.7050224838056588,0.6722661205766413,0.16215539022645745,0.10717950120198909,0.08931363164896566,0.10717950120227233,0.16215539022699688,0.0,0.0,0.0,0.0,0.0,off,off,off,off,off
127.49999999999362,0.3,29.24999999999519,-10.427669153571173,-7.4701809009598605,-6.495971894635659,-7.4701809009776525,-10.427669153604143,-14.429499593687694,-14.429499593718731,0.6722361728551353,0.7050286531840635,0.7149058375937519,0.7050286531838987,0.6722361728547925,0.1622961820993678,0.10725407916497941,0.08936383657611899,0.10725407916526315,0.1622961820999082,0.0,0.0,0.0,0.0,0.0,off,off,off,off,off
127.59999999999361,0.3,29.279999999995184,-10.417946418889414,-7.460433662817195,-6.486227262179227,-7.460433662827484,-10.41794641891829,-14.41990188604052,-14.419901886071727,0.6722062689511614,0.7050348637091878,0.7149233599689497,0.7050348637090433,0.6722062689508288,0.16243676529785325,0.10732846648813021,0.08941374346687779,0.10732846648841422,0.16243676529839446,0.0,0.0,0.0,0.0,0.0,off,off,off,off,off
127.69999999999361,0.3,29.309999999995178,-10.408224437649096,-7.450687277892996,-6.476483572032805,-7.4506872779069795,-10.408224437677404,-14.41030480137124,-14.410304801402447,0.6721764090866931,0.7050411154849442,0.714940973900027,0.7050411154847896,0.6721764090863617,0.16257713984082733,0.10740266331198389,0.08946335225269382,0.10740266331226805,0.1625771398413693,0.0,0.0,0.0,0.0,0.0,off,off,off,off,off
127.7999999999936,0.3,29.33999999999517,-10.398503210992146,-7.440941747887507,-6.4667408261589685,-7.440941747902627,-10.398503211021307,-14.400708339982486,-14.40070834001358,0.6721465934830679,0.7050474086147964,0.7149586795712738,0.7050474086146385,0.672146593482734,0.1627173057464905,0.10747666977591426,0.0895126628894707,0.10747666977619871,0.1627173057470331,0.0,0.0,0.0,0.0,0.0,off,off,off,off,off
127.8999999999936,0.3,29.369999999995166,-10.388782740070212,-7.431197074507338,-6.456999026506651,-7.431197074523311,-10.388782740103068,-14.391112502179169,-14.39111250221032,0.6721168223612739,0.7050537432019116,0.7149764771558682,0.7050537432017513,0.6721168223609293,0.16285726303238637,0.10755048601824592,0.0895616753563356,0.10755048601853075,0.16285726303292983,0.0,0.0,0.0,0.0,0.0,off,off,off,off,off
127.99999999999359,0.3,29.39999999999516,-10.379063026043298,-7.421453259449663,-6.4472581750156905,-7.4214532594611455,-10.379063026081894,-14.381517288268697,-14.38151728829979,0.6720870959419244,0.7050601193491568,0.7149943668163738,0.7050601193490085,0.6720870959415645,0.16299701171545689,0.10762411217636471,0.0896103896544757,0.10762411217664987,0.1629970117160013,0.0,0.0,0.0,0.0,0.0,off,off,off,off,off
128.0999999999936,0.3,29.42999999999516,-10.369344070068223,-7.411710304405233,-6.437518273621777,-7.411710304417852,-10.369344070112732,-14.371922698560752,-14.371922698591732,0.6720574144452652,0.7050665371590447,0.7150123487052096,0.705066537158893,0.6720574144448899,0.16313655181209374,0.10769754838682113,0.08965880580603562,0.10769754838710648,0.16313655181263928,0.0,0.0,0.0,0.0,0.0,off,off,off,off,off
128.1999999999936,0.3,29.459999999995155,-10.359625873315167,-7.401968210893813,-6.427779324234507,-7.401968210905068,-10.359625873357686,-14.362328733367235,-14.362328733398215,0.6720277780911107,0.7050729970821946,0.7150304229651683,0.7050729970820463,0.6720277780907393,0.16327588333818788,0.10777079474210939,0.08970692385307306,0.10777079474239505,0.16327588333873452,0.0,0.0,0.0,0.0,0.0,off,off,off,off,off
128.2999999999936,0.3,29.48999999999515,-10.34990843692401,-7.392226977310429,-6.418041328711297,-7.392226977322764,-10.349908436967382,-14.352735393002774,-14.352735393033697,0.6719981870989271,0.7050795053276261,0.7150485897299168,0.7050795053274745,0.6719981870985535,0.16341500630917705,0.10784384808052994,0.08975474385656937,0.10784384808081586,0.16341500630972472,0.0,0.0,0.0,0.0,0.0,off,off,off,off,off
128.39999999999358,0.3,29.519999999995143,-10.340191761988876,-7.382486602286804,-6.408304288802128,-7.382486602297718,-10.340191762029178,-14.343142677783703,-14.34314267781457,0.6719686416878579,0.7050860660191695,0.7150668491245532,0.7050860660190218,0.6719686416874916,0.1635539207400899,0.10791669885912122,0.0898022658954917,0.10791669885940744,0.16355392074063865,0.0,0.0,0.0,0.0,0.0,off,off,off,off,off
128.49999999999358,0.3,29.549999999995137,-10.33047584957967,-7.372747085842832,-6.398568206181324,-7.372747085851529,-10.330475849624577,-14.33355058802863,-14.333550588059552,0.6719391420766427,0.7050926797555412,0.7150852012659169,0.7050926797553988,0.6719391420762648,0.1636926266455888,0.10798934076030423,0.08984949006590454,0.10798934076059068,0.1636926266461385,0.0,0.0,0.0,0.0,0.0,off,off,off,off,off
128.59999999999357,0.3,29.57999999999513,-10.320760700767778,-7.363008428563546,-6.388833082498536,-7.363008428570197,-10.320760700806773,-14.323959124058206,-14.323959124089242,0.6719096884835377,0.7050993463345331,0.7151036462628217,0.7050993463343964,0.671909688483174,0.16383112404001068,0.10806177185336334,0.08989641648012776,0.10806177185365005,0.16383112404056144,0.0,0.0,0.0,0.0,0.0,off,off,off,off,off
128.69999999999357,0.3,29.609999999995125,-10.31104631660412,-7.3532706313314975,-6.379098919367152,-7.353270631336898,-10.311046316639533,-14.314368286195247,-14.314368286226454,0.6718802811263519,0.70510606528116,0.7151221842164354,0.7051060652810264,0.6718802811259965,0.16396941293740613,0.10813399233984616,0.0899430452659397,0.10813399234013303,0.16396941293795772,0.0,0.0,0.0,0.0,0.0,off,off,off,off,off
128.79999999999356,0.3,29.63999999999512,-10.301332698139447,-7.343533695215115,-6.369365718380891,-7.343533695227393,-10.301332698181113,-14.304778074764613,-14.30477807479582,0.6718509202223769,0.7051128360378479,0.7151408152205744,0.7051128360376959,0.6718509202220055,0.1641074933515766,0.1082060032954019,0.08998937656582189,0.10820600329568901,0.164107493352129,0.0,0.0,0.0,0.0,0.0,off,off,off,off,off
128.89999999999355,0.3,29.669999999995113,-10.291619846431956,-7.333797621406347,-6.359633481124945,-7.333797621415272,-10.291619846477715,-14.295188490092812,-14.295188490123962,0.6718216059883555,0.7051196580428734,0.7151595393619848,0.7051196580427294,0.6718216059879722,0.16424536529610997,0.10827780610695688,0.09003541053624341,0.10827780610724433,0.1642453652966635,0.0,0.0,0.0,0.0,0.0,off,off,off,off,off
128.99999999999355,0.3,29.699999999995107,-10.281907762533137,-7.324062411173486,-6.34990220916319,-7.324062411185707,-10.281907762584694,-14.285599532508684,-14.285599532539834,0.6717923386404964,0.7051265307620871,0.7151783567206771,0.7051265307619351,0.6717923386400975,0.16438302878441488,0.10834940223059095,0.09008114734698326,0.10834940223087863,0.16438302878496958,0.0,0.0,0.0,0.0,0.0,off,off,off,off,off
129.09999999999354,0.3,29.7299999999951,-10.27219644751068,-7.314328065877078,-6.340171904054614,-7.314328065890379,-10.272196447558485,-14.276011202342772,-14.276011202374036,0.6717631183944055,0.705133453700324,0.7151972673701661,0.7051334537001687,0.6717631183940157,0.16452048382975323,0.10842079309067354,0.09012658718048827,0.10842079309096159,0.16452048383030923,0.0,0.0,0.0,0.0,0.0,off,off,off,off,off
129.19999999999354,0.3,29.759999999995095,-10.262485902415222,-7.304594586934456,-6.33044256735343,-7.30459458694645,-10.262485902461776,-14.266423499927896,-14.266423499959274,0.6717339454651557,0.7051404264042942,0.7152162713777401,0.7051404264041427,0.6717339454647692,0.1646577304452713,0.10849198004062673,0.09017173023126479,0.1084919800409151,0.1646577304458284,0.0,0.0,0.0,0.0,0.0,off,off,off,off,off
129.29999999999353,0.3,29.78999999999509,-10.252776128310757,-7.2948619758084305,-6.320714200595319,-7.294861975823494,-10.252776128354412,-14.256836425598806,-14.256836425630297,0.6717048200671957,0.7051474484618077,0.715235368804751,0.7051474484616475,0.6717048200668161,0.16479476864402873,0.108562964350336,0.09021657670530239,0.10856296435062464,0.16479476864458686,0.0,0.0,0.0,0.0,0.0,off,off,off,off,off
129.39999999999353,0.3,29.819999999995083,-10.243067126259973,-7.2851302340312145,-6.3109868053225,-7.285130234043834,-10.243067126305391,-14.247249979692015,-14.247249979723676,0.671675742414374,0.7051545194994712,0.7152545597067904,0.7051545194993176,0.6716757424139898,0.16493159843902755,0.10863374720488427,0.09026112681952787,0.10863374720517324,0.16493159843958657,0.0,0.0,0.0,0.0,0.0,off,off,off,off,off
129.49999999999352,0.3,29.849999999995077,-10.233358897342498,-7.275399363156168,-6.301260383070314,-7.2753993631728235,-10.233358897382686,-14.237664162546366,-14.237664162578028,0.6716467127198812,0.705161639180113,0.7152738441339551,0.7051616391799483,0.6716467127195097,0.16506821984323844,0.10870432970791248,0.09030538080128825,0.10870432970820174,0.16506821984379838,0.0,0.0,0.0,0.0,0.0,off,off,off,off,off
129.5999999999935,0.3,29.87999999999507,-10.22365144262551,-7.265669364791563,-6.291534935381662,-7.265669364810378,-10.223651442669166,-14.22807897450275,-14.228078974534299,0.6716177311963142,0.7051688071999163,0.7152932221310242,0.7051688071997458,0.6716177311959328,0.16520463286962703,0.10877471288669267,0.09034933888786087,0.10877471288698234,0.16520463287018783,0.0,0.0,0.0,0.0,0.0,off,off,off,off,off
129.6999999999935,0.3,29.909999999995065,-10.213944763199379,-7.255940240568975,-6.281810463780346,-7.255940240587677,-10.213944763242182,-14.218494415903649,-14.218494415935083,0.6715887980555724,0.7051760232858267,0.7153126937377383,0.7051760232856562,0.6715887980551926,0.16534083753117815,0.10884489769766391,0.09039300132598908,0.10884489769795398,0.16534083753173992,0.0,0.0,0.0,0.0,0.0,off,off,off,off,off
129.7999999999935,0.3,29.93999999999506,-10.204238860139583,-7.246211992154997,-6.2720869698027855,-7.246211992173471,-10.20423886018716,-14.208910487093931,-14.208910487125365,0.6715599135089474,0.7051832871930052,0.7153322589889082,0.7051832871928353,0.6715599135085545,0.1654768338409195,0.10891488503190179,0.09043636837144246,0.10891488503219225,0.16547683384148226,0.0,0.0,0.0,0.0,0.0,off,off,off,off,off
129.8999999999935,0.3,29.969999999995053,-10.19453373454138,-7.2364846212333305,-6.262364454987619,-7.236484621253965,-10.194533734595325,-14.199327188420455,-14.199327188451832,0.6715310777670219,0.7051905987025382,0.7153519179146315,0.7051905987023633,0.6715310777666124,0.16561262181194342,0.10898467572031484,0.09047944028860054,0.1089846757206057,0.1656126218125074,0.0,0.0,0.0,0.0,0.0,off,off,off,off,off
129.9999999999935,0.3,29.999999999995048,-10.184829387508216,-7.2267581295247965,-6.2526429208721765,-7.226758129545658,-10.184829387566424,-14.189744520232068,-14.189744520263446,0.6715022910396925,0.7051979576192258,0.7153716705404746,0.7051979576190494,0.671502291039271,0.1657482014574288,0.10905427053849395,0.09052221735005796,0.1090542705387852,0.16574820145799418,0.0,0.0,0.0,0.0,0.0,off,off,off,off,off
130.09999999999349,0.3,30.02999999999504,-10.175125820139442,-7.217032518757549,-6.242922368999416,-7.217032518780968,-10.175125820200549,-14.18016248287961,-14.180162482911044,0.6714735535361916,0.7052053637696691,0.7153915168876229,0.7052053637694856,0.6714735535357621,0.1658835727906613,0.10912367021120262,0.09056469983625075,0.10912367021149429,0.1658835727912281,0.0,0.0,0.0,0.0,0.0,off,off,off,off,off
130.19999999999348,0.3,30.059999999995036,-10.16542303354089,-7.207307790681114,-6.233202800902745,-7.207307790710502,-10.165423033605748,-14.170581076716076,-14.170581076747737,0.6714448654650504,0.705212817000404,0.7154114569730788,0.7052128170002046,0.6714448654646108,0.16601873582505242,0.10919287541651823,0.090606888035102,0.1091928754168104,0.16601873582562068,0.0,0.0,0.0,0.0,0.0,off,off,off,off,off
130.29999999999347,0.3,30.08999999999503,-10.155721028835956,-7.197583947059911,-6.223484218130238,-7.197583947091346,-10.155721028898824,-14.161000302096852,-14.161000302128514,0.671416227034066,0.7052203171762331,0.7154314908097488,0.7052203171760285,0.6714162270336309,0.16615369057415802,0.10926188678964507,0.09064878224168635,0.10926188678993787,0.16615369057472773,0.0,0.0,0.0,0.0,0.0,off,off,off,off,off
130.39999999999347,0.3,30.119999999995024,-10.146019807134508,-7.187860989671435,-6.213766622235767,-7.187860989705314,-10.146019807193909,-14.151420159378802,-14.151420159410577,0.6713876384503713,0.7052278641786818,0.7154516184066059,0.7052278641784705,0.6713876384499445,0.16628843705169624,0.10933070492642186,0.09069038275791222,0.10933070492671534,0.16628843705226726,0.0,0.0,0.0,0.0,0.0,off,off,off,off,off
130.49999999999346,0.3,30.149999999995018,-10.13631936956665,-7.178138920304093,-6.204050014752852,-7.178138920336721,-10.13631936962895,-14.141840648921345,-14.141840648953178,0.6713590999203422,0.7052354579045803,0.7154718397325788,0.705235457904372,0.6713590999199073,0.16642297527156372,0.1093993303865472,0.09073168985499167,0.1093993303868414,0.16642297527213604,0.0,0.0,0.0,0.0,0.0,off,off,off,off,off
130.59999999999346,0.3,30.17999999999501,-10.126619717259473,-7.168417740743166,-6.194334397087232,-7.168417740777102,-10.12661971732689,-14.132261771085837,-14.132261771117726,0.6713306116496498,0.7052430982647919,0.7154921536833203,0.7052430982645798,0.6713306116492014,0.1665573052478522,0.10946776369654468,0.09077270014974559,0.1094677636968395,0.166557305248426,0.0,0.0,0.0,0.0,0.0,off,off,off,off,off
130.69999999999345,0.3,30.209999999995006,-10.116920851356724,-7.158697452802414,-6.184619770916072,-7.1586974528285054,-10.116920851420446,-14.122683526235903,-14.122683526267792,0.671302173843206,0.7052507851829253,0.7155125596769235,0.7052507851827343,0.671302173842766,0.16669142699486317,0.10953600535248867,0.09081340512278151,0.10953600535278397,0.16669142699543846,0.0,0.0,0.0,0.0,0.0,off,off,off,off,off
130.79999999999345,0.3,30.239999999995,-10.107222772995328,-7.1489780582824665,-6.174906138129302,-7.14897805831356,-10.107222773058481,-14.113105914736934,-14.113105914768937,0.6712737867052144,0.705258518594341,0.7155330579487779,0.7052585185941359,0.6712737867047754,0.16682534052712292,0.1096040558225101,0.09085380144245675,0.1096040558228059,0.16682534052769965,0.0,0.0,0.0,0.0,0.0,off,off,off,off,off
130.89999999999344,0.3,30.269999999994994,-10.097525483325569,-7.139259559005438,-6.165193500632597,-7.1392595590391466,-10.097525483388267,-14.103528936956877,-14.103528936988823,0.6712454504391169,0.7052662984450393,0.7155536488059379,0.705266298444827,0.6712454504386788,0.1669590458593961,0.1096719155490996,0.09089388817596929,0.109671915549396,0.1669590458599742,0.0,0.0,0.0,0.0,0.0,off,off,off,off,off
130.99999999999343,0.3,30.299999999994988,-10.087828983498241,-7.129541956805667,-6.1554818603254375,-7.129541956831247,-10.087828983559405,-14.093952593265499,-14.093952593297615,0.6712171652476185,0.7052741246907533,0.7155743325492331,0.705274124690563,0.671217165247183,0.16709254300669887,0.10973958495122485,0.09093366483234941,0.10973958495152179,0.16709254300727824,0.0,0.0,0.0,0.0,0.0,off,off,off,off,off
131.09999999999343,0.3,30.329999999994982,-10.07813327466829,-7.1198252535082815,-6.145771219094627,-7.119825253532554,-10.078133274724905,-14.084376884035066,-14.084376884067183,0.6711889313326741,0.7052819972961467,0.7155951094621865,0.7052819972959591,0.6711889313322502,0.1672258319843113,0.10980706442627662,0.09097313102799463,0.10980706442657397,0.1672258319848919,0.0,0.0,0.0,0.0,0.0,off,off,off,off,off
131.19999999999342,0.3,30.359999999994976,-10.06843835799367,-7.11010945095245,-6.136061578811223,-7.110109450978484,-10.068438358053356,-14.074801809639723,-14.07480180967184,0.6711607488954879,0.7052899162339592,0.7156159798100398,0.7052899162337668,0.6711607488950545,0.1673589128077894,0.10987435435185727,0.0910122864327096,0.10987435435215512,0.16735891280837129,0.0,0.0,0.0,0.0,0.0,off,off,off,off,off
131.29999999999342,0.3,30.38999999999497,-10.058744234648657,-7.100394550987744,-6.126352941351115,-7.100394551009799,-10.05874423470766,-14.065227370455887,-14.065227370487946,0.6711326181364725,0.7052978814842937,0.7156369438402576,0.7052978814841111,0.67113261813604,0.16749178549297666,0.10994145508742564,0.09105113075956937,0.10994145508772395,0.16749178549355986,0.0,0.0,0.0,0.0,0.0,off,off,off,off,off
131.3999999999934,0.3,30.419999999994964,-10.049050905800016,-7.090680555451968,-6.116645308569844,-7.090680555478286,-10.049050905859474,-14.055653566861963,-14.05565356689408,0.6711045392553077,0.705305893034006,0.715658001783359,0.7053058930338124,0.6711045392548736,0.16762445005601478,0.11000836697580794,0.09108966376168239,0.11000836697610676,0.16762445005659926,0.0,0.0,0.0,0.0,0.0,off,off,off,off,off
131.4999999999934,0.3,30.449999999994958,-10.039358372629124,-7.08096746619924,-6.106938682325051,-7.080967466225275,-10.039358372689094,-14.046080399238747,-14.046080399271034,0.6710765124508811,0.7053139508760198,0.7156791538536169,0.7053139508758266,0.6710765124504444,0.16775690651335384,0.11007509034458722,0.0911278852301067,0.11007509034488651,0.16775690651393957,0.0,0.0,0.0,0.0,0.0,off,off,off,off,off
131.5999999999934,0.3,30.479999999994952,-10.029666635150193,-7.071255285067934,-6.097233064445504,-7.071255285096697,-10.029666635215506,-14.036507867967941,-14.036507868000228,0.6710485380757419,0.7053220550088436,0.715700400249873,0.7053220550086426,0.6710485380752912,0.16788915485447906,0.1101416255073802,0.09116579499202347,0.11014162550768002,0.16788915485506611,0.0,0.0,0.0,0.0,0.0,off,off,off,off,off
131.6999999999934,0.3,30.509999999994946,-10.019975691442141,-7.061544013860612,-6.087528456768723,-7.061544013896764,-10.01997569150683,-14.026935973425623,-14.02693597345808,0.6710206176231236,0.7053302054361081,0.7157217411561311,0.7053302054358875,0.6710206176226737,0.16802119449957784,0.11020797276501082,0.09120339290902359,0.11020797276531129,0.1680211945001663,0.0,0.0,0.0,0.0,0.0,off,off,off,off,off
131.7999999999934,0.3,30.53999999999494,-10.010285541434826,-7.051833654364486,-6.077824861117733,-7.051833654400298,-10.010285541490873,-14.017364715984854,-14.017364716017482,0.6709927527552313,0.7053384021660359,0.7157431767422833,0.7053384021658164,0.6709927527548034,0.16815302366677043,0.11027413240658886,0.09124067887548254,0.1102741324068901,0.1681530236673603,0.0,0.0,0.0,0.0,0.0,off,off,off,off,off
131.89999999999338,0.3,30.569999999994934,-10.000596185490792,-7.042124208346877,-6.068122279303793,-7.04212420837888,-10.000596185546215,-14.007794096018301,-14.007794096051214,0.670964944537547,0.7053466452110164,0.7157647071647308,0.7053466452108064,0.6709649445371192,0.16828464030324064,0.11034010471050153,0.09127765281701551,0.11034010471080348,0.16828464030383175,0.0,0.0,0.0,0.0,0.0,off,off,off,off,off
131.99999999999338,0.3,30.599999999994928,-9.990907624189447,-7.032415677561119,-6.058420713127305,-7.032415677590109,-9.990907624248734,-13.998224113899141,-13.99822411393211,0.6709371936404956,0.7053549345871878,0.7157863325669841,0.7053549345869861,0.6709371936400575,0.16841604286143946,0.11040588994532463,0.09131431468900802,0.11040588994562711,0.16841604286203185,0.0,0.0,0.0,0.0,0.0,off,off,off,off,off
132.09999999999337,0.3,30.629999999994922,-9.981219858243605,-7.022708063758728,-6.048720164388612,-7.02270806378516,-9.981219858304087,-13.988654770001062,-13.988654770034088,0.6709095004993055,0.7053632703140379,0.7158080530801991,0.7053632703138419,0.6709095004988634,0.16854723037066,0.11047148837066006,0.09135066447521885,0.11047148837096302,0.1685472303712538,0.0,0.0,0.0,0.0,0.0,off,off,off,off,off
132.19999999999337,0.3,30.659999999994916,-9.97153288845368,-7.013001368685309,-6.039020634875101,-7.013001368715322,-9.9715328885124,-13.97908606469889,-13.979086064731916,0.6708818654019542,0.705371652414073,0.7158298688237599,0.7053716524138672,0.6708818654015156,0.16867820229769004,0.11053690023790598,0.09138670218645153,0.11053690023820947,0.16867820229828526,0.0,0.0,0.0,0.0,0.0,off,off,off,off,off
132.29999999999336,0.3,30.68999999999491,-9.961846715707736,-7.003295594083454,-6.029322126359091,-7.003295594110966,-9.961846715764977,-13.969517998368815,-13.969517998401898,0.6708542885422097,0.7053800809125007,0.715851779905795,0.7053800809123012,0.6708542885417745,0.16880895840787652,0.11060212579096465,0.09142242785929104,0.11060212579126866,0.1688089584084731,0.0,0.0,0.0,0.0,0.0,off,off,off,off,off
132.39999999999336,0.3,30.719999999994904,-9.95216134093954,-6.993590741688877,-6.019624640609322,-6.993590741714229,-9.95216134100275,-13.959950571388504,-13.959950571421643,0.6708267700538362,0.705388555836952,0.7158737864236427,0.7053885558367586,0.6708267700533845,0.16893949866297128,0.11066716526689264,0.09145784155490179,0.11066716526719718,0.16893949866356925,0.0,0.0,0.0,0.0,0.0,off,off,off,off,off
132.49999999999335,0.3,30.7499999999949,-9.942476765150445,-6.983886813234335,-6.0099281793936825,-6.983886813253605,-9.942476765216725,-13.950383784137102,-13.950383784170413,0.6707993100329342,0.7053970772172097,0.7158958884643066,0.7053970772170318,0.6707993100324738,0.1690698231512658,0.110732018896499,0.09149294335788566,0.11073201889680394,0.1690698231518653,0.0,0.0,0.0,0.0,0.0,off,off,off,off,off
132.59999999999334,0.3,30.779999999994892,-9.932792989369148,-6.974183810440138,-6.000232744433504,-6.974183810464979,-9.932792989434915,-13.940817636995746,-13.940817637029227,0.6707719085528364,0.7054056450849903,0.7159180860525358,0.7054056450847973,0.6707719085523767,0.16919993204081374,0.11079668690489429,0.09152773330928776,0.11079668690519962,0.16919993204141487,0.0,0.0,0.0,0.0,0.0,off,off,off,off,off
132.69999999999334,0.3,30.809999999994886,-9.923110014670897,-6.964481735043478,-5.9905383368482035,-6.9644817350671815,-9.923110014736551,-13.931252130347332,-13.931252130380813,0.6707445656738027,0.7054142594736443,0.7159403777196198,0.7054142594734542,0.6707445656733424,0.1693298255483577,0.11086116951199605,0.0915622064604998,0.1108611695123019,0.1693298255489603,0.0,0.0,0.0,0.0,0.0,off,off,off,off,off
132.79999999999333,0.3,30.83999999999488,-9.91342784215584,-6.954780588736014,-5.980844957503564,-6.954780588761935,-9.913427842213139,-13.92168726457652,-13.921687264610057,0.6707172814494671,0.705422920418118,0.7159627621919646,0.705422920417922,0.6707172814490276,0.16945950391879078,0.11092546693299295,0.09159635350950183,0.11092546693329926,0.16945950391939485,0.0,0.0,0.0,0.0,0.0,off,off,off,off,off
132.89999999999333,0.3,30.869999999994874,-9.903746472945556,-6.9450803732107715,-5.971152607470231,-6.945080373236067,-9.903746472995408,-13.912123040070128,-13.912123040103722,0.6706900559310058,0.7054316279546423,0.7159852390240984,0.7054316279544472,0.6706900559305848,0.1695889674116533,0.11098957937877069,0.09163017288679134,0.11098957937907757,0.1695889674122586,0.0,0.0,0.0,0.0,0.0,off,off,off,off,off
132.99999999999332,0.3,30.89999999999487,-9.894065908190044,-6.93538109015185,-5.961461287871771,-6.9353810901756106,-9.894065908232108,-13.902559457217023,-13.902559457250732,0.6706628891697899,0.7054403821205859,0.7160078078606623,0.7054403821203947,0.6706628891693882,0.1697182162923197,0.11105350705630468,0.09166366546094072,0.11105350705661203,0.1697182162929259,0.0,0.0,0.0,0.0,0.0,off,off,off,off,off
133.09999999999332,0.3,30.929999999994862,-9.884386149056581,-6.92568274123073,-5.951770999843006,-6.925682741251023,-9.8843861490991,-13.892996516408346,-13.892996516441997,0.6706357812190952,0.70544918295431,0.7160304683680154,0.7054491829541282,0.6706357812186919,0.16984725082630858,0.1111172501690198,0.0916968323806525,0.11111725016932762,0.16984725082691562,0.0,0.0,0.0,0.0,0.0,off,off,off,off,off
133.1999999999933,0.3,30.959999999994857,-9.874707196741781,-6.91598532809877,-5.942081744530469,-6.9159853281216215,-9.874707196787483,-13.883434218036939,-13.883434218070704,0.670608732135102,0.7054580304950425,0.7160532202254389,0.7054580304948533,0.67060873213469,0.1699760712756688,0.1111808089171219,0.09172967479924886,0.11118080891743021,0.16997607127627687,0.0,0.0,0.0,0.0,0.0,off,off,off,off,off
133.2999999999933,0.3,30.98999999999485,-9.865029052461182,-6.906288852417276,-5.93239352310502,-6.9062888524408095,-9.8650290525012,-13.87387256249832,-13.873872562532199,0.6705817419775166,0.7054669247826639,0.7160760631234495,0.7054669247824727,0.6705817419771177,0.1701046778967437,0.11124418349790162,0.09176219384299439,0.11124418349821041,0.1701046778973528,0.0,0.0,0.0,0.0,0.0,off,off,off,off,off
133.3999999999933,0.3,31.019999999994845,-9.855351717426174,-6.896593315829136,-5.922706336740816,-6.8965933158486905,-9.855351717470057,-13.864311550190052,-13.864311550223988,0.6705548108099397,0.7054758658576614,0.7160989967631026,0.7054758658574806,0.6705548108095305,0.17023307093884602,0.11130737410601435,0.09179439060878111,0.11130737410632362,0.17023307093945614,0.0,0.0,0.0,0.0,0.0,off,off,off,off,off
133.4999999999933,0.3,31.04999999999484,-9.8456751928926,-6.88689871995615,-5.913020186628955,-6.886898719979513,-9.845675192938415,-13.854751181512086,-13.854751181546135,0.6705279386998669,0.7054848537610251,0.7161220208553337,0.7054848537608341,0.6705279386994517,0.1703612506435337,0.11137038093373687,0.09182626616527519,0.11137038093404657,0.17036125064414495,0.0,0.0,0.0,0.0,0.0,off,off,off,off,off
133.5999999999933,0.3,31.079999999994833,-9.835999480104135,-6.877205066438137,-5.903335073970595,-6.877205066460476,-9.835999480142334,-13.845191456866758,-13.84519145690075,0.6705011257188387,0.7054938885340393,0.7161451351204016,0.7054938885338509,0.6705011257184428,0.17048921724427993,0.11143320417120346,0.09185782155440574,0.11143320417151369,0.17048921724489222,0.0,0.0,0.0,0.0,0.0,off,off,off,off,off
133.69999999999328,0.3,31.109999999994827,-9.826324580322876,-6.8675123568831395,-5.8936509999733175,-6.867512356906218,-9.82632458035971,-13.83563237665851,-13.835632376692502,0.6704743719422886,0.7055029702183212,0.7161683392873542,0.7055029702181301,0.6704743719418955,0.17061697096639716,0.11149584400662313,0.09188905779282376,0.11149584400693385,0.17061697096701034,0.0,0.0,0.0,0.0,0.0,off,off,off,off,off
133.79999999999328,0.3,31.13999999999482,-9.816650494825126,-6.857820592913413,-5.883967965862155,-6.857820592940243,-9.816650494863666,-13.82607394129434,-13.826073941328275,0.6704476774494342,0.7055120988556123,0.7161916330934857,0.7055120988554113,0.6704476774490356,0.17074451202712584,0.1115583006264786,0.09191997587329019,0.11155830062678991,0.17074451202774002,0.0,0.0,0.0,0.0,0.0,off,off,off,off,off
133.89999999999327,0.3,31.169999999994815,-9.806977224894808,-6.8481297761296105,-5.874285972866176,-6.848129776154167,-9.806977224932496,-13.816516151183578,-13.816516151217513,0.6704210423231448,0.7055212744877944,0.7162150162838824,0.7055212744875992,0.6704210423227479,0.17087184063582603,0.11162057421570998,0.09195057676599154,0.11162057421602177,0.17087184063644112,0.0,0.0,0.0,0.0,0.0,off,off,off,off,off
133.99999999999326,0.3,31.19999999999481,-9.797304771822724,-6.838439908128635,-5.8646050222280905,-6.83843990815177,-9.797304771861604,-13.806959006737998,-13.806959006771876,0.6703944666497804,0.7055304971567701,0.7162384886109365,0.7055304971565786,0.6703944666493798,0.17099895699422998,0.11168266495788215,0.09198086141978631,0.11168266495819443,0.17099895699484607,0.0,0.0,0.0,0.0,0.0,off,off,off,off,off
134.09999999999326,0.3,31.229999999994803,-9.787633136908312,-6.82875099048465,-5.854925115193453,-6.8287509905073875,-9.78763313694651,-13.797402508371704,-13.797402508405526,0.6703679505190142,0.7055397672799361,0.7162620498339373,0.7055397672797454,0.6703679505186145,0.17112586129673157,0.11174457299300021,0.0920108307633859,0.11174457299331297,0.1711258612973487,0.0,0.0,0.0,0.0,0.0,off,off,off,off,off
134.19999999999325,0.3,31.259999999994797,-9.777962321452947,-6.819063024227887,-5.845246252999289,-6.819063024241643,-9.777962321491657,-13.787846656501358,-13.78784665653518,0.6703414940236763,0.7055491039209579,0.7162856997186865,0.7055491039207908,0.6703414940232747,0.17125255373069326,0.11180628965589968,0.09204048570647316,0.11180628965621286,0.17125255373131154,0.0,0.0,0.0,0.0,0.0,off,off,off,off,off
134.29999999999325,0.3,31.28999999999479,-9.768292326779772,-6.8093760130790315,-5.835568436924916,-6.8093760130957435,-9.768292326815299,-13.778291451546067,-13.778291451579776,0.6703150972595313,0.7055585158675252,0.7163094380369701,0.7055585158673496,0.6703150972591377,0.1713790344767598,0.11186778720983816,0.09206982714076228,0.11186778721015174,0.17137903447737896,0.0,0.0,0.0,0.0,0.0,off,off,off,off,off
134.39999999999324,0.3,31.319999999994785,-9.758623154252973,-6.799689962166781,-5.825891668309396,-6.799689962179684,-9.758623154288216,-13.768736893927496,-13.76873689396109,0.6702887603250633,0.7055680044530759,0.7163332644693754,0.7055680044529106,0.6702887603246698,0.17150530370917105,0.11192905046736405,0.09209885575854546,0.11192905046767807,0.17150530370979103,0.0,0.0,0.0,0.0,0.0,off,off,off,off,off
134.49999999999324,0.3,31.34999999999478,-9.748954805297672,-6.790004876583339,-5.816215947883279,-6.7900048765969245,-9.748954805331834,-13.759182984069753,-13.75918298410329,0.6702624833212599,0.705577571483326,0.716357177169721,0.7055775714831586,0.6702624833208685,0.1716313615960704,0.11199007319037523,0.09212756456587497,0.11199007319068967,0.17163136159669126,0.0,0.0,0.0,0.0,0.0,off,off,off,off,off
134.59999999999323,0.3,31.379999999994773,-9.739287281389693,-6.780320761312851,-5.806541276350572,-6.780320761322912,-9.739287281415898,-13.74962972240013,-13.749629722433554,0.670236266351479,0.7055872187655092,0.7163811748434544,0.7055872187653502,0.6702362663511076,0.1717572082998047,0.11205085125003411,0.09215594494143711,0.11205085125034894,0.17175720830042635,0.0,0.0,0.0,0.0,0.0,off,off,off,off,off
134.69999999999322,0.3,31.409999999994767,-9.729620584041527,-6.770637621199853,-5.796867654714902,-6.77063762121287,-9.72962058406506,-13.74007710934859,-13.740077109382014,0.6702101095213366,0.705596948025697,0.7164052568136335,0.7055969480255299,0.6702101095209717,0.1718828439772137,0.112111381102783,0.09218399719506927,0.1121113811030982,0.17188284397783601,0.0,0.0,0.0,0.0,0.0,off,off,off,off,off
134.79999999999322,0.3,31.43999999999476,-9.719954714810456,-6.7609554609701945,-5.78719508409614,-6.760955460985315,-9.719954714831545,-13.730525145348338,-13.730525145381705,0.6701840129385361,0.7056067608971681,0.7164294224722108,0.7056067608969955,0.670184012938177,0.17200826877990888,0.11217165948509898,0.09221172322299605,0.1121716594854147,0.17200826878053183,0.0,0.0,0.0,0.0,0.0,off,off,off,off,off
134.8999999999932,0.3,31.469999999994755,-9.710289675291051,-6.751274285210741,-5.777523565730519,-6.751274285229897,-9.710289675309014,-13.72097383083576,-13.720973830869013,0.6701579767127502,0.705616658922369,0.7164536712424584,0.7056166589221848,0.6701579767123981,0.17213348285454094,0.11223168334552251,0.09223912498933118,0.11223168334583884,0.17213348285516442,0.0,0.0,0.0,0.0,0.0,off,off,off,off,off
134.9999999999932,0.3,31.49999999999475,-9.700625467117959,-6.741594098409678,-5.767853100947832,-6.741594098427242,-9.700625467130067,-13.711423166250313,-13.711423166283453,0.6701320009554805,0.7056266435570925,0.7164780025742213,0.7056266435569127,0.6701320009551431,0.17225848634305554,0.1122914498229692,0.09226620439238253,0.11229144982328612,0.17225848634367952,0.0,0.0,0.0,0.0,0.0,off,off,off,off,off
135.0999999999932,0.3,31.529999999994743,-9.690962091955612,-6.731914904928374,-5.758183691170757,-6.731914904948155,-9.690962091962945,-13.701873152034693,-13.701873152067833,0.6701060857799555,0.7056367161750933,0.7165024159420825,0.7056367161749076,0.6701060857796296,0.17238327938293818,0.11235095623443658,0.0922929632569234,0.112350956234754,0.17238327938356246,0.0,0.0,0.0,0.0,0.0,off,off,off,off,off
135.1999999999932,0.3,31.559999999994737,-9.681299551491918,-6.722236709030369,-5.748515337914512,-6.722236709051231,-9.681299551494192,-13.692323788635576,-13.692323788668546,0.6700802313010279,0.7056468780723927,0.7165269108438863,0.7056468780722037,0.6700802313007144,0.17250786210744742,0.11241020006496452,0.0923194033374045,0.11241020006528257,0.17250786210807195,0.0,0.0,0.0,0.0,0.0,off,off,off,off,off
135.2999999999932,0.3,31.58999999999473,-9.67163784744281,-6.712559514886436,-5.738848042766733,-6.7125595149026935,-9.67163784743883,-13.682775076502423,-13.682775076535279,0.6700544376350444,0.7056571304714272,0.7165514867994045,0.7056571304712503,0.6700544376347463,0.17263223464583757,0.11246917895844866,0.09234552632191466,0.11246917895876733,0.17263223464646224,0.0,0.0,0.0,0.0,0.0,off,off,off,off,off
135.39999999999318,0.3,31.619999999994725,-9.661976981551163,-6.70288332655997,-5.729181807392706,-6.702883326575602,-9.661976981548378,-13.67322701608856,-13.673227016121302,0.67002870489974,0.7056674745250338,0.7165761433490255,0.7056674745248582,0.6700287048994389,0.17275639712357133,0.1125278907090126,0.09237133383599858,0.1125278907093317,0.17275639712419605,0.0,0.0,0.0,0.0,0.0,off,off,off,off,off
135.49999999999318,0.3,31.64999999999472,-9.652316955584467,-6.69320814804388,-5.71951663353002,-6.693208148060478,-9.652316955584126,-13.663679607850895,-13.663679607883466,0.67000303321414,0.7056779113200752,0.7166008800525399,0.7056779113198973,0.6700030332138318,0.17288034966252205,0.11258633325286196,0.09239682744626537,0.11258633325318157,0.17288034966314697,0.0,0.0,0.0,0.0,0.0,off,off,off,off,off
135.59999999999317,0.3,31.679999999994713,-9.642657771325332,-6.683533983230802,-5.709852522979247,-6.683533983247855,-9.642657771326526,-13.65413285225003,-13.654132852282373,0.6699774226984806,0.7056884418810523,0.7166256964880089,0.7056884418808728,0.6699774226981684,0.17300409238116704,0.11264450466058457,0.09242200866379274,0.11264450466090471,0.1730040923817922,0.0,0.0,0.0,0.0,0.0,off,off,off,off,off
135.69999999999317,0.3,31.709999999994707,-9.632999430574444,-6.673860835947437,-5.700189477603146,-6.673860835959829,-9.632999430575524,-13.644586749750033,-13.644586749782206,0.6699518734741111,0.7056990671733419,0.716650592250677,0.7056990671731742,0.6699518734737984,0.17312762539477095,0.11270240312987037,0.09244687894733765,0.11270240313019105,0.1731276253953964,0.0,0.0,0.0,0.0,0.0,off,off,off,off,off
135.79999999999316,0.3,31.7399999999947,-9.623341935150222,-6.664188709934422,-5.690527499314783,-6.664188709949542,-9.623341935152496,-13.635041300818727,-13.635041300850844,0.6699263856633985,0.7057097881064087,0.7166755669519707,0.7057097881062336,0.6699263856630825,0.17325094881556108,0.1127600269786288,0.09247143970636491,0.11276002697894995,0.17325094881618683,0.0,0.0,0.0,0.0,0.0,off,off,off,off,off
135.89999999999316,0.3,31.769999999994695,-9.613685286881719,-6.654517608870151,-5.680866590091796,-6.654517608885783,-9.61368528688405,-13.625496505927856,-13.625496505959859,0.6699009593896638,0.7057206055367257,0.7167006202184945,0.7057206055365488,0.6699009593893478,0.1733740627528942,0.11281737463848067,0.09249569230390375,0.11281737463880233,0.1733740627535203,0.0,0.0,0.0,0.0,0.0,off,off,off,off,off
135.99999999999315,0.3,31.79999999999469,-9.604029487611967,-6.644847536357304,-5.671206751864304,-6.64484753637538,-9.60402948761515,-13.615952365552744,-13.61595236558469,0.6698755947770892,0.7057315202706277,0.7167257515010188,0.7057315202704444,0.6698755947767712,0.1734969673134155,0.11287444464860524,0.09251963736285794,0.11287444464892751,0.17349696731404185,0.0,0.0,0.0,0.0,0.0,off,off,off,off,off
136.09999999999314,0.3,31.829999999994683,-9.594374539194803,-6.63517849594291,-5.661547985873028,-6.635178495955472,-9.594374539201283,-13.606408880172637,-13.60640888020447,0.6698502919506484,0.7057425330669299,0.7167509588705002,0.7057425330667612,0.6698502919503214,0.17361966260120948,0.11293123564992286,0.09254326506695357,0.11293123565024567,0.1736196626018362,0.0,0.0,0.0,0.0,0.0,off,off,off,off,off
136.19999999999314,0.3,31.859999999994677,-9.584720443496735,-6.62551049108265,-5.651890293390693,-6.625510491094815,-9.584720443499634,-13.596866050270421,-13.59686605030214,0.6698250510360255,0.7057536446395447,0.7167762411345788,0.7057536446393767,0.6698250510357071,0.17374214871794483,0.112987746379594,0.09256656857338878,0.11298774637991726,0.1737421487185719,0.0,0.0,0.0,0.0,0.0,off,off,off,off,off
136.29999999999313,0.3,31.88999999999467,-9.5750672023903,-6.61584352517292,-5.642233675887098,-6.615843525182072,-9.575067202394564,-13.58732387633296,-13.587323876364565,0.6697998721595636,0.7057648556597831,0.7168015975151815,0.7057648556596223,0.6697998721592415,0.17386442576301123,0.11304397566581877,0.09258954959396307,0.11304397566614251,0.17386442576363847,0.0,0.0,0.0,0.0,0.0,off,off,off,off,off
136.39999999999313,0.3,31.919999999994666,-9.565414817744568,-6.6061776015465625,-5.632578134906737,-6.60617760155435,-9.565414817751844,-13.577782358850754,-13.577782358882303,0.6697747554482191,0.705776166758622,0.7168270272915407,0.7057761667584647,0.6697747554478892,0.17398649383364997,0.11309992242291961,0.09261221067939775,0.11309992242324376,0.1739864938342775,0.0,0.0,0.0,0.0,0.0,off,off,off,off,off
136.49999999999312,0.3,31.94999999999466,-9.555763291458447,-6.596512723475314,-5.6229236720597555,-6.596512723484125,-9.555763291460266,-13.568241498318343,-13.568241498349892,0.6697497010294138,0.7057875785288356,0.7168525297816164,0.7057875785286751,0.6697497010290974,0.1741083530250787,0.11315558564669238,0.09263455431609302,0.11315558564701692,0.1741083530257065,0.0,0.0,0.0,0.0,0.0,off,off,off,off,off
136.59999999999312,0.3,31.979999999994654,-9.54611262540584,-6.586848894181912,-5.613270289012064,-6.5868488941941905,-9.546112625407659,-13.55870129523396,-13.558701295265394,0.6697247090311119,0.7057990915269801,0.7168781043387763,0.7057990915268103,0.6697247090307956,0.17423000343061001,0.11321096441001063,0.09265658287785028,0.11321096441033562,0.174230003431238,0.0,0.0,0.0,0.0,0.0,off,off,off,off,off
136.6999999999931,0.3,32.00999999999465,-9.536462821482417,-6.577186116834923,-5.603617987493692,-6.577186116846406,-9.536462821482928,-13.549161750099756,-13.549161750131077,0.6696997795816455,0.7058107062753172,0.7169037503494885,0.7058107062751493,0.6696997795813324,0.174351445141764,0.11326605785866989,0.09267829862969004,0.1132660578589954,0.17435144514239218,0.0,0.0,0.0,0.0,0.0,off,off,off,off,off
136.7999999999931,0.3,32.03999999999464,-9.526813881586804,-6.567524394543625,-5.593966769280769,-6.567524394549196,-9.526813881590272,-13.539622863421641,-13.539622863452905,0.6696749128097024,0.7058224232636339,0.7169294672312726,0.7058224232634815,0.6696749128093819,0.17447267824837612,0.11332086520745809,0.09269970373442042,0.1133208652077841,0.1744726782490044,0.0,0.0,0.0,0.0,0.0,off,off,off,off,off
136.8999999999931,0.3,32.069999999994636,-9.517165807613935,-6.557863730373299,-5.584316636194615,-6.557863730381257,-9.517165807610354,-13.530084635709272,-13.530084635740423,0.6696501088442943,0.7058342429509094,0.7169552544307489,0.7058342429507506,0.6696501088439915,0.17459370283869954,0.11337538573644045,0.09272080025898148,0.11337538573676678,0.17459370283932793,0.0,0.0,0.0,0.0,0.0,off,off,off,off,off
136.9999999999931,0.3,32.09999999999463,-9.50751860144743,-6.548204127349891,-5.574667590108334,-6.548204127360123,-9.50751860145084,-13.520547067476173,-13.520547067507323,0.6696253678147233,0.7058461657669188,0.7169811114217739,0.7058461657667533,0.6696253678144021,0.1747145189995023,0.11342961878744683,0.0927415901804095,0.11342961878777362,0.1747145190001308,0.0,0.0,0.0,0.0,0.0,off,off,off,off,off
137.0999999999931,0.3,32.129999999994624,-9.49787226499609,-6.538545588451768,-5.565019632931012,-6.538545588457623,-9.497872264997284,-13.511010159239788,-13.511010159270882,0.6696006898504426,0.7058581921137806,0.7170070377037604,0.7058581921136267,0.6696006898501269,0.17483512681616045,0.11348356376075103,0.09276207539143398,0.11348356376107822,0.17483512681678914,0.0,0.0,0.0,0.0,0.0,off,off,off,off,off
137.19999999999308,0.3,32.15999999999462,-9.488226800155076,-6.528888116611995,-5.55537276660732,-6.52888811661586,-9.488226800154507,-13.50147391152126,-13.50147391155241,0.6695760750811088,0.7058703223673988,0.7170330328000579,0.7058703223672502,0.6695760750807973,0.17495552637274625,0.11353722011193036,0.09278225770572973,0.11353722011225786,0.17495552637337508,0.0,0.0,0.0,0.0,0.0,off,off,off,off,off
137.29999999999308,0.3,32.18999999999461,-9.478582208816647,-6.519231714727994,-5.545726993126209,-6.5192317147353265,-9.478582208814203,-13.491938324845648,-13.491938324876571,0.6695515236365114,0.7058825568788007,0.7170590962564083,0.7058825568786422,0.6695515236362042,0.1750757177521127,0.11359058734889711,0.09280213886284508,0.1135905873492249,0.1750757177527416,0.0,0.0,0.0,0.0,0.0,off,off,off,off,off
137.39999999999307,0.3,32.219999999994606,-9.468938492866243,-6.50957638566598,-5.5360823144702636,-6.509576385679225,-9.468938492868176,-13.482403399741429,-13.482403399772238,0.6695270356465409,0.7058948959754194,0.7170852275907024,0.7058948959752455,0.6695270356462226,0.1751957010359732,0.11364366502909151,0.09282172031981166,0.11364366502941972,0.1751957010366021,0.0,0.0,0.0,0.0,0.0,off,off,off,off,off
137.49999999999307,0.3,32.2499999999946,-9.459295654197717,-6.499922132245615,-5.526438732025952,-6.499922132260224,-9.459295654203459,-13.47286913674111,-13.472869136771862,0.6695026112411134,0.7059073399623563,0.7171114251699396,0.7059073399621786,0.6695026112407856,0.1753154763049779,0.11369645275682795,0.09284099348744164,0.11369645275715673,0.17531547630560695,0.0,0.0,0.0,0.0,0.0,off,off,off,off,off
137.59999999999306,0.3,32.279999999994594,-9.449653694701453,-6.49026895724279,-5.5167962469639065,-6.4902689572535905,-9.449653694711117,-13.463335536380782,-13.463335536411535,0.6694782505501601,0.7059198891235287,0.7171376875866802,0.7059198891233603,0.6694782505498217,0.17543504363878656,0.11374895018078562,0.09285994865376539,0.11374895018111489,0.17543504363941595,0.0,0.0,0.0,0.0,0.0,off,off,off,off,off
137.69999999999305,0.3,32.30999999999459,-9.44001261625749,-6.480616863383261,-5.507154860678554,-6.480616863395028,-9.440012616266358,-13.453802599200401,-13.453802599231096,0.6694539537036099,0.7059325437227808,0.7171640139802854,0.7059325437226102,0.6694539537032739,0.1755544031161379,0.11380115699163589,0.09287858774061496,0.11380115699196557,0.17555440311676762,0.0,0.0,0.0,0.0,0.0,off,off,off,off,off
137.79999999999305,0.3,32.33999999999458,-9.430372420744845,-6.4709658533630545,-5.497514574624631,-6.470965853383973,-9.430372420755248,-13.444270325743332,-13.444270325774085,0.6694297208313351,0.7059453040048645,0.7171904035578822,0.7059453040046693,0.669429720830995,0.17567355481491487,0.11385307291979915,0.09289691383774526,0.11385307292012933,0.17567355481554497,0.0,0.0,0.0,0.0,0.0,off,off,off,off,off
137.89999999999304,0.3,32.369999999994576,-9.42073311003827,-6.461315929842158,-5.487875390323325,-6.461315929860461,-9.420733110050321,-13.434738716556922,-13.43473871658773,0.6694055520631225,0.7059581701964339,0.7172168555739503,0.7059581701962452,0.6694055520627779,0.17579249881220782,0.11390469773332403,0.09291492991750408,0.11390469773365479,0.17579249881283823,0.0,0.0,0.0,0.0,0.0,off,off,off,off,off
137.99999999999304,0.3,32.39999999999457,-9.411094686004674,-6.451667095441792,-5.478237309346696,-6.451667095459754,-9.411094686017464,-13.425207772191982,-13.425207772222848,0.6693814475286554,0.7059711425069772,0.7172433693265257,0.7059711425067897,0.6693814475283084,0.17591123518437382,0.11395603123588201,0.0929326387958224,0.11395603123621333,0.17591123518500448,0.0,0.0,0.0,0.0,0.0,off,off,off,off,off
138.09999999999303,0.3,32.429999999994564,-9.401457150511646,-6.442019352747877,-5.468600333320921,-6.442019352765442,-9.40145715052546,-13.415677493202963,-13.415677493233716,0.6693574073574617,0.7059842211296834,0.7172699441541925,0.7059842211294971,0.669357407357112,0.1760297640070936,0.11400707326487154,0.09295004314102598,0.11400707326520335,0.17602976400772458,0.0,0.0,0.0,0.0,0.0,off,off,off,off,off
138.19999999999303,0.3,32.45999999999456,-9.391820505414444,-6.432372704313593,-5.458964463908217,-6.4323727043312715,-9.391820505427972,-13.406147880147898,-13.406147880178594,0.6693334316789203,0.7059974062422649,0.7172965794333541,0.705997406242078,0.6693334316785707,0.1761480853554259,0.11405782368962505,0.09296714548376613,0.11405782368995733,0.1761480853560571,0.0,0.0,0.0,0.0,0.0,off,off,off,off,off
138.29999999999302,0.3,32.48999999999455,-9.38218475256582,-6.4227271526710865,-5.449329702821558,-6.422727152683933,-9.382184752580258,-13.396618933588229,-13.396618933618981,0.6693095206222072,0.7060106980077058,0.7173232745756044,0.7060106980075315,0.6693095206218551,0.1762661993038583,0.11410828240971428,0.09298394822634616,0.11410828241004711,0.1762661993044899,0.0,0.0,0.0,0.0,0.0,off,off,off,off,off
138.399999999993,0.3,32.519999999994546,-9.37254989381222,-6.413082700314419,-5.439696051805356,-6.4130827003240825,-9.372549893826942,-13.387090654089207,-13.387090654119902,0.6692856743162832,0.706024096575051,0.7173500290253657,0.7060240965748845,0.6692856743159306,0.1763841059263569,0.11415844935334775,0.09300045365142146,0.11415844935368098,0.17638410592698883,0.0,0.0,0.0,0.0,0.0,off,off,off,off,off
138.499999999993,0.3,32.54999999999454,-9.362915930990539,-6.403439349709117,-5.430063512648758,-6.4034393497184965,-9.362915931005205,-13.377563042219435,-13.377563042250074,0.6692618928898769,0.7060376020800793,0.7173768422575995,0.7060376020799136,0.6692618928895245,0.17650180529641255,0.11420832447585533,0.09301666393011315,0.11420832447618885,0.17650180529704482,0.0,0.0,0.0,0.0,0.0,off,off,off,off,off
138.599999999993,0.3,32.579999999994534,-9.35328286593591,-6.393797103302006,-5.420432087171662,-6.393797103316388,-9.353282865951655,-13.368036098551045,-13.368036098581513,0.6692381764714432,0.7060512146459424,0.7174037137757462,0.7060512146457633,0.6692381764710872,0.17661929748708516,0.11425790775825545,0.09303258112957562,0.11425790775858942,0.17661929748771774,0.0,0.0,0.0,0.0,0.0,off,off,off,off,off
138.699999999993,0.3,32.60999999999453,-9.343650700476076,-6.384155963509215,-5.410801777108475,-6.384155963524734,-9.34365070048807,-13.35850982365946,-13.358509823689701,0.6692145251891535,0.7060649343838208,0.7174306429075314,0.7060649343836383,0.6692145251888072,0.17673658257104635,0.11430719920590095,0.09304820552231287,0.1143071992062354,0.17673658257167918,0.0,0.0,0.0,0.0,0.0,off,off,off,off,off
138.799999999993,0.3,32.63999999999452,-9.334019436421613,-6.374515932721806,-5.4011725834755,-6.374515932737438,-9.33401943643048,-13.348984218123576,-13.34898421815376,0.6691909391709041,0.7060787613935028,0.7174576278933641,0.7060787613933199,0.6691909391705659,0.1768536606206192,0.11435619884719787,0.09306352252144956,0.11435619884753287,0.17685366062125216,0.0,0.0,0.0,0.0,0.0,off,off,off,off,off
138.89999999999299,0.3,32.669999999994516,-9.324389075594809,-6.364877013295597,-5.391544507333663,-6.364877013307819,-9.324389075604643,-13.339459282525638,-13.339459282555936,0.6691674185442211,0.7060926957639729,0.7174846676080434,0.7060926957637986,0.6691674185438796,0.17697053170781657,0.11440490673239488,0.09307852783174866,0.11440490673273034,0.17697053170844979,0.0,0.0,0.0,0.0,0.0,off,off,off,off,off
138.99999999999298,0.3,32.69999999999451,-9.31475961979072,-6.355239207550028,-5.381917549891057,-6.355239207563841,-9.314759619798792,-13.329935017451533,-13.32993501748183,0.66914396343634,0.7061067375739438,0.717511761171901,0.7061067375737651,0.6691439634360028,0.1770871959043781,0.11445332293243769,0.09309322498594994,0.11445332293277359,0.17708719590501149,0.0,0.0,0.0,0.0,0.0,off,off,off,off,off
139.09999999999297,0.3,32.729999999994504,-9.305131070806283,-6.345602517775262,-5.37229171242376,-6.345602517792145,-9.305131070814582,-13.320411423490327,-13.320411423520511,0.6691205739741171,0.7061208868923409,0.7175389077667215,0.7061208868921537,0.6691205739737788,0.17720365328180376,0.11450144753788663,0.09310761759305122,0.11450144753822303,0.1772036532824373,0.0,0.0,0.0,0.0,0.0,off,off,off,off,off
139.19999999999297,0.3,32.7599999999945,-9.295503430433314,-6.335966946239807,-5.362666996267933,-6.335966946253677,-9.295503430446047,-13.310888501234103,-13.310888501264287,0.6690972502840278,0.7061351437787569,0.7175661066286068,0.7061351437785771,0.6690972502836785,0.17731990391138772,0.11454928065789287,0.09312170904754903,0.11454928065822974,0.17731990391202138,0.0,0.0,0.0,0.0,0.0,off,off,off,off,off
139.29999999999296,0.3,32.78999999999449,-9.285876700453116,-6.326332495177951,-5.35304340281948,-6.32633249518625,-9.285876700462836,-13.30136625127858,-13.301366251308707,0.6690739924921674,0.706149508283933,0.717593357043846,0.7061495082837679,0.6690739924918254,0.1774359478642493,0.11459682241923035,0.09313550253949181,0.11459682241956766,0.1774359478648832,0.0,0.0,0.0,0.0,0.0,off,off,off,off,off
139.39999999999296,0.3,32.81999999999449,-9.27625088262721,-6.316699166803119,-5.343420933534162,-6.316699166810679,-9.27625088263926,-13.291844674222432,-13.291844674252445,0.6690508007242574,0.7061639804501507,0.7176206583451463,0.7061639804499877,0.6690508007239091,0.1775517852113629,0.11464407296538077,0.0931490010695892,0.11464407296571841,0.17755178521199708,0.0,0.0,0.0,0.0,0.0,off,off,off,off,off
139.49999999999295,0.3,32.84999999999448,-9.266625978723823,-6.307066963305772,-5.333799589900877,-6.307066963314696,-9.26662597873974,-13.282323770667631,-13.28232377069753,0.669027675105564,0.7061785603116384,0.7176480099082141,0.7061785603114715,0.6690276751052054,0.17766741602358604,0.11469103245566814,0.09316220746331892,0.11469103245600613,0.1776674160242206,0.0,0.0,0.0,0.0,0.0,off,off,off,off,off
139.59999999999295,0.3,32.879999999994475,-9.257001990499703,-6.297435886863411,-5.324179373462698,-6.297435886861933,-9.257001990520735,-13.272803541219275,-13.272803541249118,0.6690046157609324,0.7061932478949241,0.7176754111484677,0.7061932478947845,0.669004615760561,0.17778284037168696,0.11473770106444056,0.09317512438398806,0.11473770106477885,0.17778284037232195,0.0,0.0,0.0,0.0,0.0,off,off,off,off,off
139.69999999999294,0.3,32.90999999999447,-9.247378919705113,-6.2878059396097115,-5.31456028579089,-6.287805939604141,-9.247378919726202,-13.263283986485533,-13.26328398651549,0.6689816228147607,0.7062080432192798,0.717702861518116,0.7062080432191509,0.6689816228143889,0.1778980583263699,0.11478407898029666,0.09318775434482444,0.11478407898063507,0.1778980583270054,0.0,0.0,0.0,0.0,0.0,off,off,off,off,off
139.79999999999293,0.3,32.93999999999446,-9.237756768074519,-6.278177123679427,-5.304942328484287,-6.27817712366965,-9.237756768091685,-13.253765107078095,-13.253765107108052,0.6689586963910121,0.7062229462969405,0.7177303604584654,0.7062229462968217,0.6689586963906498,0.17801306995829955,0.11483016640535385,0.09320009925278872,0.11483016640569237,0.17801306995893543,0.0,0.0,0.0,0.0,0.0,off,off,off,off,off
139.89999999999293,0.3,32.96999999999446,-9.228135537331696,-6.268549441169512,-5.2953255025253725,-6.2685494411605305,-9.228135537348123,-13.2442469036111,-13.244246903641056,0.668935836613187,0.7062379571335302,0.7177579064917706,0.706237957133409,0.6689358366128266,0.17812787533812413,0.11487596355455701,0.09321214573878431,0.11487596355489557,0.1781278753387603,0.0,0.0,0.0,0.0,0.0,off,off,off,off,off
139.99999999999292,0.3,32.99999999999445,-9.218515229203149,-6.258922894157138,-5.285709808652882,-6.258922894151169,-9.21851522922185,-13.234729376702148,-13.234729376732048,0.6689130436042838,0.7062530757283181,0.7177854983018832,0.706253075728189,0.6689130436039173,0.1782424745364975,0.11492147065502409,0.09322388479865448,0.11492147065536276,0.17824247453713402,0.0,0.0,0.0,0.0,0.0,off,off,off,off,off
140.09999999999292,0.3,33.029999999994445,-9.208895845401003,-6.2492974846878155,-5.276095247811384,-6.2492974846820175,-9.208895845420216,-13.225212526971632,-13.225212527001474,0.6688903174868264,0.7062683020745394,0.7178131349424195,0.7062683020744098,0.6688903174864589,0.1783568676241005,0.11496668794542803,0.09323532053117006,0.11496668794576681,0.17835686762473743,0.0,0.0,0.0,0.0,0.0,off,off,off,off,off
140.1999999999929,0.3,33.05999999999444,-9.199277385698792,-6.239673214761922,-5.26648182101485,-6.239673214759364,-9.199277385714765,-13.215696355040507,-13.215696355070293,0.6688676590877471,0.7062836361597041,0.7178408155420815,0.7062836361595661,0.6688676590873872,0.17847105452159956,0.11501161567541163,0.09324645726636392,0.11501161567575059,0.17847105452223683,0.0,0.0,0.0,0.0,0.0,off,off,off,off,off
140.2999999999929,0.3,33.08999999999443,-9.189659849081409,-6.230050086326912,-5.2568695293667815,-6.230050086328674,-9.189659849097211,-13.206180861524501,-13.206180861554117,0.6688450708963947,0.7062990779658718,0.7178685392954757,0.7062990779657219,0.6688450708960348,0.17858503379759672,0.11505625410503462,0.09325729903511791,0.11505625410537379,0.17858503379823423,0.0,0.0,0.0,0.0,0.0,off,off,off,off,off
140.3999999999929,0.3,33.11999999999443,-9.180043236042309,-6.220428101282607,-5.247258374036505,-6.220428101290906,-9.18004323606209,-13.196666047037581,-13.196666047067254,0.6688225545881616,0.7063146274698853,0.7178963054576535,0.7063146274697181,0.6688225545877914,0.17869880268648802,0.11510060350425073,0.09326784958910272,0.11510060350459017,0.1786988026871259,0.0,0.0,0.0,0.0,0.0,off,off,off,off,off
140.4999999999929,0.3,33.14999999999442,-9.170427547392649,-6.210807261493301,-5.237648356247689,-6.210807261500747,-9.170427547419536,-13.187151912194338,-13.187151912223896,0.6688001110168386,0.7063302846435696,0.7179241133390997,0.7063302846434052,0.6688001110164496,0.17881235883447133,0.1151446641524129,0.09327811242386447,0.11514466415275264,0.17881235883510976,0.0,0.0,0.0,0.0,0.0,off,off,off,off,off
140.5999999999929,0.3,33.179999999994415,-9.160812784142536,-6.201187568796854,-5.2280394772759,-6.201187568800549,-9.160812784164136,-13.17763845760993,-13.177638457639546,0.6687777406347394,0.7063460494539294,0.7179519623011164,0.7063460494537745,0.6687777406343639,0.17892570079523182,0.11518843633780579,0.09328809080004606,0.11518843633814578,0.1789257007958708,0.0,0.0,0.0,0.0,0.0,off,off,off,off,off
140.69999999999288,0.3,33.20999999999441,-9.151198947408488,-6.191569024999865,-5.2184317384537735,-6.191569025004128,-9.15119894743168,-13.168125683900882,-13.168125683930441,0.6687554436678163,0.7063619218633649,0.7179798517515659,0.706361921863208,0.6687554436674366,0.17903882783132874,0.11523192035720371,0.09329778776285381,0.1152319203575439,0.17903882783196814,0.0,0.0,0.0,0.0,0.0,off,off,off,off,off
140.79999999999288,0.3,33.2399999999944,-9.141586038407809,-6.181951631897789,-5.208825141095019,-6.181951631901995,-9.141586038429239,-13.158613591685196,-13.15861359171464,0.6687332202054803,0.7063779018298172,0.7180077810475951,0.706377901829661,0.6687332202051048,0.17915173967166056,0.11527511651545262,0.09330720450283923,0.11527511651579295,0.1791517396723004,0.0,0.0,0.0,0.0,0.0,off,off,off,off,off
140.89999999999287,0.3,33.2699999999944,-9.131974058432206,-6.1723353912623224,-5.199219685825199,-6.17233539126255,-9.131974058456251,-13.149102181582464,-13.149102181611852,0.6687110702547051,0.7063939893069879,0.718035748671852,0.7063939893068423,0.6687110702543227,0.17926443633828043,0.11531802512507495,0.09331632198162695,0.11531802512541542,0.17926443633892064,0.0,0.0,0.0,0.0,0.0,off,off,off,off,off
140.99999999999287,0.3,33.29999999999439,-9.122363008810225,-6.162720304823097,-5.18961537313686,-6.162720304819743,-9.122363008841091,-13.139591454214269,-13.139591454243714,0.668688993774111,0.706410184244562,0.7180637533921789,0.7064101842444256,0.6686889937737109,0.17937691803319358,0.11536064650589585,0.09332513556065834,0.11536064650623638,0.17937691803383438,0.0,0.0,0.0,0.0,0.0,off,off,off,off,off
141.09999999999286,0.3,33.329999999994385,-9.112752890922195,-6.153106374284903,-5.18001220370428,-6.15310637428405,-9.112752890956472,-13.130081410204355,-13.1300814102338,0.6686669906954487,0.7064264865883277,0.7180917942186607,0.7064264865881849,0.6686669906950394,0.17948918506579567,0.11540298098468954,0.09333365072820263,0.11540298098503012,0.1794891850664371,0.0,0.0,0.0,0.0,0.0,off,off,off,off,off
141.19999999999285,0.3,33.35999999999438,-9.103143706183857,-6.143493601339912,-5.170410178298596,-6.1434936013384345,-9.103143706216713,-13.120572050178339,-13.120572050207784,0.668645060937222,0.7064428962803038,0.7181198702485334,0.7064428962801622,0.6686450609368163,0.17960123780667006,0.11544502889484538,0.09334187263348184,0.11544502889518607,0.17960123780731235,0.0,0.0,0.0,0.0,0.0,off,off,off,off,off
141.29999999999285,0.3,33.38999999999437,-9.093535456024483,-6.133881987644713,-5.160809297781668,-6.1338819876384605,-9.093535456057737,-13.111063374763944,-13.11106337479356,0.6686232044132444,0.706459413258947,0.7181479806576787,0.7064594132588181,0.6686232044128361,0.17971307665832695,0.115486790576052,0.09334980600790817,0.11548679057639266,0.17971307665896985,0.0,0.0,0.0,0.0,0.0,off,off,off,off,off
141.39999999999284,0.3,33.41999999999437,-9.083928141911372,-6.124271534841796,-5.151209563103976,-6.1242715348325305,-9.083928141944,-13.101555384591563,-13.101555384621122,0.6686014210378239,0.7064760374592384,0.7181761246932442,0.7064760374591167,0.6686014210374178,0.17982470203680334,0.11552826637399809,0.09335745520374304,0.11552826637433872,0.1798247020374469,0.0,0.0,0.0,0.0,0.0,off,off,off,off,off
141.49999999999284,0.3,33.44999999999436,-9.074321765317222,-6.1146622445562,-5.1416109752800025,-6.114662244545229,-9.074321765352352,-13.092048080293523,-13.092048080323025,0.6685797107290244,0.7064927688128244,0.7182043016670138,0.7064927688127076,0.6685797107286119,0.17993611436021953,0.1155694566400904,0.09336482422949594,0.11556945664043096,0.17993611436086385,0.0,0.0,0.0,0.0,0.0,off,off,off,off,off
141.59999999999283,0.3,33.479999999994355,-9.064716327733834,-6.105054118393696,-5.132013535387443,-6.105054118384089,-9.064716327776011,-13.08254146250431,-13.082541462533868,0.6685580734104762,0.7065096072481497,0.7182325109493395,0.7065096072480292,0.6685580734100448,0.1800473140417818,0.11561036173118651,0.09337191678202113,0.11561036173152697,0.18004731404242683,0.0,0.0,0.0,0.0,0.0,off,off,off,off,off
141.69999999999283,0.3,33.50999999999435,-9.055111830675514,-6.0954471578587,-5.122417244181122,-6.0954471578488665,-9.05511183072258,-13.073035531861137,-13.07303553189081,0.668536509012377,0.7065265520398369,0.7182607514616852,0.7065265520397167,0.6685365090119327,0.18015830148562248,0.11565098098061923,0.09337872150536738,0.11565098098095959,0.1801583014862684,0.0,0.0,0.0,0.0,0.0,off,off,off,off,off
141.79999999999282,0.3,33.53999999999434,-9.045508275664247,-6.085841364366843,-5.112822101763982,-6.085841364351666,-9.045508275712109,-13.063530289003609,-13.063530289033281,0.6685150174720136,0.7065436014596813,0.7182890216821691,0.7065436014595752,0.6685150174715675,0.18026907708444467,0.11569130702023443,0.0933852204767902,0.11569130702057467,0.1802690770850916,0.0,0.0,0.0,0.0,0.0,off,off,off,off,off
141.89999999999281,0.3,33.56999999999434,-9.03590566421667,-6.0762367396581,-5.103228108445194,-6.07623673964207,-9.03590566426584,-13.054025734573372,-13.054025734603044,0.6684935987339395,0.7065607554039326,0.7183173204895489,0.7065607554038293,0.6684935987334896,0.18037964121830846,0.11573133446341502,0.09339141993449979,0.1157313344637551,0.18037964121895653,0.0,0.0,0.0,0.0,0.0,off,off,off,off,off
141.9999999999928,0.3,33.59999999999433,-9.026303997876141,-6.066633285503997,-5.093635264681154,-6.066633285488933,-9.026303997927698,-13.044521869214748,-13.044521869244477,0.6684722527498382,0.7065780140543655,0.7183456468785022,0.7065780140542592,0.6684722527493813,0.18048999425413534,0.11577106199022609,0.09339732655546429,0.11577106199056594,0.18048999425478437,0.0,0.0,0.0,0.0,0.0,off,off,off,off,off
142.0999999999928,0.3,33.629999999994325,-9.016703278192722,-6.057031003655879,-5.084043571057521,-6.057031003638087,-9.016703278240868,-13.035018693574443,-13.035018693604172,0.668450979478393,0.7065953776136381,0.7183739999465487,0.7065953776135392,0.668450979477945,0.1806001365456584,0.11581048915883219,0.0934029463754226,0.11581048915917182,0.18060013654630847,0.0,0.0,0.0,0.0,0.0,off,off,off,off,off
142.1999999999928,0.3,33.65999999999432,-9.007103506716419,-6.047429895833375,-5.074453028282051,-6.047429895815014,-9.00710350676485,-13.025516208301553,-13.02551620833134,0.6684297788850536,0.706612846272046,0.7184023788830016,0.7066128462719485,0.6684297788846043,0.18071006843364543,0.11584961570140657,0.0934082848567899,0.11584961570174593,0.18071006843429638,0.0,0.0,0.0,0.0,0.0,off,off,off,off,off
142.2999999999928,0.3,33.68999999999431,-8.997504685012245,-6.0378299637301325,-5.0648636371648195,-6.037829963712852,-8.997504685059369,-13.016014414047845,-13.016014414077745,0.6684086509417069,0.7066304202030683,0.7184307829591386,0.706630420202968,0.66840865094126,0.1808197902462827,0.11588844141095887,0.09341334695003072,0.11588844141129802,0.1808197902469346,0.0,0.0,0.0,0.0,0.0,off,off,off,off,off
142.3999999999928,0.3,33.71999999999431,-8.98790681464385,-6.0282312090168375,-5.055275398246124,-6.028231208997738,-8.987906814692849,-13.006513311467302,-13.006513311497372,0.6683875956264053,0.7066480995633867,0.718459211114163,0.7066480995632914,0.6683875956259531,0.18092930229965107,0.11592696612195331,0.0934181200458244,0.11592696612229215,0.18092930230030388,0.0,0.0,0.0,0.0,0.0,off,off,off,off,off
142.49999999999278,0.3,33.7499999999943,-8.978309897188865,-6.018633633318245,-5.045688311328092,-6.018633633298123,-8.978309897232123,-12.997012901216806,-12.997012901246876,0.6683666129230175,0.7066658844936304,0.7184876617350521,0.7066658844935378,0.6683666129225794,0.18103860489824816,0.11596518970568528,0.0934225822772439,0.11596518970602378,0.18103860489890186,0.0,0.0,0.0,0.0,0.0,off,off,off,off,off
142.59999999999278,0.3,33.779999999994295,-8.968713934216225,-6.009037238232793,-5.036102376408223,-6.009037238212443,-8.968713934256698,-12.987513183955116,-12.987513183985243,0.6683457028209712,0.70668377511908,0.7185161335643883,0.7066837751189877,0.6683457028205394,0.1811476983355289,0.11600311206804717,0.0934267425259715,0.11600311206838534,0.18114769833618338,0.0,0.0,0.0,0.0,0.0,off,off,off,off,off
142.69999999999277,0.3,33.80999999999429,-8.959118927302995,-5.99944202532248,-5.026517593687345,-5.99944202530088,-8.959118927332781,-12.97801416034406,-12.978014160374187,0.6683248653149051,0.706701771550427,0.7185446254981473,0.7067017715503384,0.6683248653144997,0.18125658289444782,0.11604073314774499,0.09343060958089282,0.11604073314808275,0.181256582895103,0.0,0.0,0.0,0.0,0.0,off,off,off,off,off
142.79999999999276,0.3,33.83999999999428,-8.949524878012653,-5.989847996120147,-5.016933963542897,-5.989847996099854,-8.949524878044087,-12.968515831047569,-12.968515831077696,0.6683041004044301,0.7067198738844557,0.7185731365674385,0.7067198738843639,0.66830410040402,0.18136525884799165,0.11607805291465859,0.09343419121332351,0.11607805291499594,0.18136525884864732,0.0,0.0,0.0,0.0,0.0,off,off,off,off,off
142.89999999999276,0.3,33.86999999999428,-8.93993178792033,-5.98025515214033,-5.007351486469133,-5.98025515212197,-8.939931787953867,-12.959018196732075,-12.959018196762315,0.6682834080937803,0.7067380822046758,0.7186016658947684,0.706738082204579,0.6682834080933644,0.1814737264596963,0.11611507136829412,0.09343749249842827,0.11611507136863111,0.1814737264603526,0.0,0.0,0.0,0.0,0.0,off,off,off,off,off
142.99999999999275,0.3,33.89999999999427,-8.930339658602065,-5.970663494861753,-4.997770162327072,-5.970663494848679,-8.93033965863225,-12.949521258066966,-12.94952125809698,0.668262788391571,0.7067563965820007,0.7186302119891542,0.70675639658189,0.668262788391163,0.18158198598414532,0.11615178853631694,0.09344048083316733,0.11615178853665352,0.18158198598480224,0.0,0.0,0.0,0.0,0.0,off,off,off,off,off
143.09999999999275,0.3,33.929999999994266,-8.920748491621111,-5.961073025733242,-4.988189990502292,-5.9610730257167575,-8.92074849165266,-12.940025015723165,-12.940025015753179,0.6682422413105743,0.7067748170753264,0.7186587731653693,0.7067748170752252,0.6682422413101622,0.1816900376674465,0.11618820447315933,0.09344315111400689,0.11618820447349554,0.18169003766810415,0.0,0.0,0.0,0.0,0.0,off,off,off,off,off
143.19999999999274,0.3,33.95999999999426,-8.911158288541856,-5.951483746160818,-4.97861097069665,-5.951483746142628,-8.911158288568856,-12.930529470374779,-12.930529470404679,0.6682217668674362,0.7067933437321381,0.7186873480438537,0.7067933437320407,0.6682217668670356,0.1817978817476877,0.11622431925869994,0.0934455169607679,0.11622431925903574,0.181797881748346,0.0,0.0,0.0,0.0,0.0,off,off,off,off,off
143.29999999999274,0.3,33.989999999994254,-8.9015690509259,-5.941895657521968,-4.96903310288576,-5.941895657503039,-8.901569050948922,-12.921034622697903,-12.921034622727689,0.6682013650824553,0.7068119765890057,0.7187159354535103,0.7068119765889114,0.6682013650820641,0.18190551845537023,0.11626013299701013,0.09344759002795583,0.1162601329973455,0.18190551845602912,0.0,0.0,0.0,0.0,0.0,off,off,off,off,off
143.39999999999273,0.3,34.01999999999425,-8.891980780318363,-5.9323087611711,-4.959456386719921,-5.932308761153706,-8.891980780346387,-12.91154047337119,-12.911540473400919,0.6681810359793937,0.7068307156720882,0.7187445339006878,0.7068307156719896,0.6681810359789896,0.18201294801382173,0.11629564581516492,0.09344934106872846,0.11629564581549984,0.18201294801448112,0.0,0.0,0.0,0.0,0.0,off,off,off,off,off
143.49999999999272,0.3,34.04999999999424,-8.882393478279994,-5.922723058411066,-4.9498808208658716,-5.922723058394922,-8.882393478309723,-12.902047023075625,-12.902047023105297,0.6681607795851852,0.7068495609976868,0.7187731412436401,0.7068495609975849,0.6681607795847757,0.18212017063958763,0.11633085786211446,0.09345074810180602,0.11633085786244894,0.18212017064024777,0.0,0.0,0.0,0.0,0.0,off,off,off,off,off
143.59999999999272,0.3,34.079999999994236,-8.872807146336925,-5.913138550521694,-4.940306404394505,-5.9131385504989,-8.872807146367848,-12.892554272494579,-12.89255427252408,0.668140595929861,0.7068685125726347,0.7188017557289796,0.7068685125725512,0.6681405959294483,0.18222718654280362,0.11636576930761303,0.09345183377653635,0.11636576930794704,0.18222718654346454,0.0,0.0,0.0,0.0,0.0,off,off,off,off,off
143.6999999999927,0.3,34.10999999999423,-8.863221786031033,-5.903555238720912,-4.930733135848868,-5.903555238698459,-8.863221786065992,-12.88306222231364,-12.883062222342971,0.6681204850462354,0.7068875703948384,0.7188303751659734,0.7068875703947537,0.6681204850458119,0.1823339959275482,0.11640038034120308,0.09345254202422655,0.11640038034153655,0.18233399592820998,0.0,0.0,0.0,0.0,0.0,off,off,off,off,off
143.7999999999927,0.3,34.139999999994224,-8.853637398885894,-5.893973124176455,-4.921161012370646,-5.8939731241515005,-8.853637398915623,-12.873570873220501,-12.873570873249946,0.6681004469698097,0.706906734391622,0.7188589964246671,0.7069067343915438,0.6681004469693987,0.1824405989921779,0.11643469111121116,0.09345282933419508,0.1164346911115441,0.18244059899284057,0.0,0.0,0.0,0.0,0.0,off,off,off,off,off
143.8999999999927,0.3,34.16999999999422,-8.844053986409563,-5.884392207259509,-4.911590019543155,-5.88439220723734,-8.844053986435199,-12.864080225905468,-12.864080225935083,0.6680804817385937,0.7069260026475256,0.718887607986256,0.70692600264744,0.6680804817381932,0.18254699592964482,0.11646869708354338,0.09345282933419508,0.11646869708387575,0.18254699593030807,0.0,0.0,0.0,0.0,0.0,off,off,off,off,off
143.9999999999927,0.3,34.19999999999421,-8.834471550077353,-5.87481248781404,-4.902020146085192,-5.87481248779477,-8.83447155010731,-12.85459028106095,-12.854590281090566,0.6680605893929894,0.7069453734956096,0.7189162013146461,0.7069453734955163,0.6680605893925773,0.18265318692779706,0.11650238957326593,0.09345282933419508,0.11650238957359776,0.18265318692846094,0.0,0.0,0.0,0.0,0.0,off,off,off,off,off
144.0999999999927,0.3,34.229999999994206,-8.824890091352245,-5.865233965886716,-4.892451393206045,-5.865233965869777,-8.82489009138277,-12.845101039381348,-12.845101039410793,0.6680407699755829,0.7069648463350565,0.7189447765080352,0.7069648463349575,0.668040769975169,0.18275917216966442,0.11653576727144069,0.09345282933419508,0.11653576727177205,0.18275917217032905,0.0,0.0,0.0,0.0,0.0,off,off,off,off,off
144.19999999999268,0.3,34.2599999999942,-8.81530961167499,-5.855656641580708,-4.882883762149902,-5.855656641567123,-8.815309611702446,-12.835612501562935,-12.835612501592266,0.668021023531027,0.7069844206821375,0.7189733336267794,0.7069844206820304,0.6680210235306207,0.18286495183372908,0.1165688312145282,0.09345282933419508,0.1165688312148591,0.18286495183439444,0.0,0.0,0.0,0.0,0.0,off,off,off,off,off
144.29999999999268,0.3,34.289999999994194,-8.8057301124515,-5.846080515031758,-4.873317254146116,-5.846080515019082,-8.805730112473213,-12.826124668303976,-12.826124668333307,0.6680013501059326,0.7070040960821655,0.7190018727311596,0.7070040960820558,0.6680013501055403,0.1829705260941818,0.11660158270146193,0.09345282933419508,0.11660158270179237,0.18297052609484776,0.0,0.0,0.0,0.0,0.0,off,off,off,off,off
144.39999999999267,0.3,34.31999999999419,-8.796151595071649,-5.836505586407668,-4.8637518704097715,-5.8365055863973225,-8.7961515950945,-12.81663754030484,-12.81663754033417,0.6679817497486928,0.7070238720980798,0.7190303938813344,0.7070238720979645,0.6679817497482974,0.1830758951211649,0.11663402302590571,0.09345282933419508,0.11663402302623571,0.1830758951218313,0.0,0.0,0.0,0.0,0.0,off,off,off,off,off
144.49999999999267,0.3,34.34999999999418,-8.786574060910368,-5.826931855908242,-4.854187612138787,-5.826931855896248,-8.78657406093356,-12.807151118267655,-12.807151118296929,0.6679622225093546,0.7070437483082481,0.7190588971373031,0.7070437483081374,0.6679622225089578,0.18318105908100266,0.11666615344577853,0.09345282933419508,0.11666615344610805,0.18318105908166957,0.0,0.0,0.0,0.0,0.0,off,off,off,off,off
144.59999999999266,0.3,34.379999999994176,-8.776997511323259,-5.817359323756989,-4.844624480501807,-5.81735932374329,-8.776997511340483,-12.797665402896143,-12.797665402925304,0.667942768439513,0.7070637243054508,0.7190873825589081,0.7070637243053448,0.6679427684391305,0.18328601813642018,0.1166979751815246,0.09345282933419508,0.11669797518185364,0.18328601813708761,0.0,0.0,0.0,0.0,0.0,off,off,off,off,off
144.69999999999266,0.3,34.40999999999417,-8.767421947638695,-5.807787990209931,-4.8350624766528085,-5.807787990194356,-8.767421947651087,-12.788180394895846,-12.78818039492495,0.6679233875922197,0.7070837996960064,0.7191158502057822,0.7070837996959055,0.6679233875918488,0.18339077244675026,0.11672948941776654,0.09345282933419508,0.11672948941809508,0.18339077244741805,0.0,0.0,0.0,0.0,0.0,off,off,off,off,off
144.79999999999265,0.3,34.439999999994164,-8.757847371167657,-5.798217855542418,-4.825501601723261,-5.798217855526502,-8.757847371174933,-12.778696094973952,-12.778696095003,0.6679040800218522,0.7071039740990154,0.7191443001373548,0.7071039740989152,0.6679040800214944,0.1834953221681295,0.11676069730526635,0.09345282933419508,0.1167606973055944,0.18349532216879746,0.0,0.0,0.0,0.0,0.0,off,off,off,off,off
144.89999999999264,0.3,34.46999999999416,-8.74827378320947,-5.788648920054186,-4.815941856826839,-5.788648920037986,-8.748273783222544,-12.769212503839185,-12.769212503868118,0.6678848457840008,0.7071242471456022,0.7191727324128401,0.7071242471455035,0.6678848457836274,0.1835996674536843,0.11679159996282683,0.09345282933419508,0.11679159996315436,0.18359966745435258,0.0,0.0,0.0,0.0,0.0,off,off,off,off,off
144.99999999999264,0.3,34.49999999999415,-8.738701185053003,-5.779081184064978,-4.80638324304806,-5.779081184048891,-8.738701185062155,-12.75972962220186,-12.759729622230793,0.6678656849353677,0.7071446184782241,0.7192011470912607,0.707144618478125,0.6678656849350043,0.18370380845370785,0.11682219847909404,0.09345282933419508,0.11682219847942107,0.18370380845437653,0.0,0.0,0.0,0.0,0.0,off,off,off,off,off
145.09999999999263,0.3,34.529999999994146,-8.72912957795586,-5.769514647926712,-4.7968257614661525,-5.769514647910796,-8.729129577966603,-12.750247450773713,-12.750247450802647,0.6678465975337341,0.7071650877499727,0.7192295442313867,0.7071650877498736,0.6678465975333661,0.18380774531582686,0.1168524939142612,0.09345282933419508,0.11685249391458773,0.18380774531649585,0.0,0.0,0.0,0.0,0.0,off,off,off,off,off
145.19999999999263,0.3,34.55999999999414,-8.719558963172574,-5.759949311993807,-4.787269413136755,-5.759949311977891,-8.719558963179281,-12.740765990268017,-12.740765990297064,0.6678275836377979,0.7071856546240268,0.7192579238917813,0.7071856546239274,0.6678275836374402,0.1839114781851601,0.11688248730167876,0.09345282933419508,0.11688248730200479,0.18391147818582937,0.0,0.0,0.0,0.0,0.0,off,off,off,off,off
145.29999999999262,0.3,34.589999999994134,-8.70998934192886,-5.7503851766481375,-4.777714199096863,-5.7503851766318235,-8.70998934193642,-12.731285241399632,-12.731285241428509,0.6678086433071649,0.7072063187729903,0.7192862861307903,0.7072063187728921,0.6678086433068045,0.18401500720446856,0.11691217964937582,0.09345282933419508,0.11691217964970135,0.1840150072051381,0.0,0.0,0.0,0.0,0.0,off,off,off,off,off
145.39999999999262,0.3,34.61999999999413,-8.70042071544583,-5.74082224228647,-4.768160120374034,-5.740822242272031,-8.700420715456858,-12.721805204884276,-12.721805204913096,0.6677897766022047,0.7072270798783657,0.7193146310065177,0.7072270798782629,0.6677897766018355,0.1841183325142979,0.11694157194149779,0.09345282933419508,0.11694157194182282,0.18411833251496773,0.0,0.0,0.0,0.0,0.0,off,off,off,off,off
145.4999999999926,0.3,34.64999999999412,-8.690853084941068,-5.731260509320464,-4.758607177980821,-5.7312605093009665,-8.69085308495005,-12.712325881439256,-12.712325881468018,0.667770983583979,0.7072479376300259,0.7193429585768405,0.7072479376299371,0.6677709835836145,0.18422145425311354,0.11697066513966474,0.09345282933419508,0.11697066513998927,0.1842214542537837,0.0,0.0,0.0,0.0,0.0,off,off,off,off,off
145.5999999999926,0.3,34.679999999994116,-8.681286451600897,-5.721699978171159,-4.749055372908742,-5.721699978152287,-8.681286451607036,-12.702847271783241,-12.702847271811947,0.6677522643142423,0.7072688917257269,0.7193712688994283,0.7072688917256358,0.6677522643138848,0.18432437255742876,0.11699946018425515,0.09345282933419508,0.11699946018457912,0.1843243725580992,0.0,0.0,0.0,0.0,0.0,off,off,off,off,off
145.6999999999926,0.3,34.70999999999411,-8.671720816604932,-5.712140649124024,-4.739504706141872,-5.7121406491062885,-8.671720816608797,-12.693369376635928,-12.693369376664464,0.6677336188553141,0.7072899413814661,0.7193995620317056,0.7072899413813726,0.6677336188549622,0.18442708756192555,0.11702795688220506,0.09345282933419508,0.1170279568825285,0.1844270875625963,0.0,0.0,0.0,0.0,0.0,off,off,off,off,off
145.7999999999926,0.3,34.739999999994104,-8.66215618110624,-5.702582521654222,-4.729955178631599,-5.702582521641091,-8.662156181108799,-12.683892196718205,-12.683892196746854,0.6677150472700679,0.7073110840966282,0.7194278380309207,0.7073110840965222,0.6677150472697191,0.18452959939956987,0.11705614597745727,0.09345282933419508,0.11705614597778023,0.18452959940024072,0.0,0.0,0.0,0.0,0.0,off,off,off,off,off
145.8999999999926,0.3,34.7699999999941,-8.65259254624084,-5.693025595404322,-4.720406791295034,-5.6930255953928395,-8.652592546240442,-12.674415732752323,-12.674415732780801,0.6676965496218474,0.7073323187353391,0.7194560969541506,0.7073323187352294,0.6676965496215058,0.18463190820171987,0.11708402278459994,0.09345282933419508,0.11708402278492243,0.1846319082023908,0.0,0.0,0.0,0.0,0.0,off,off,off,off,off
145.99999999999258,0.3,34.79999999999409,-8.643029913111036,-5.68346987015093,-4.71085954501109,-5.6834698701433695,-8.643029913116152,-12.664939985461274,-12.664939985489752,0.6676781259744536,0.707353644540687,0.7194843388583143,0.7073536445405673,0.6676781259740978,0.18473401409822984,0.11711158868446507,0.09345282933419508,0.1171115886847871,0.18473401409890092,0.0,0.0,0.0,0.0,0.0,off,off,off,off,off
146.09999999999258,0.3,34.82999999999409,-8.63346828282215,-5.673915345720445,-4.701313440636625,-5.673915345711123,-8.6334682828263,-12.65546495556913,-12.655464955597552,0.6676597763920008,0.7073750608138506,0.7195125638001276,0.7073750608137355,0.667659776391647,0.18483591721754739,0.11713884573352375,0.09345282933419508,0.11713884573384534,0.1848359172182187,0.0,0.0,0.0,0.0,0.0,off,off,off,off,off
146.19999999999257,0.3,34.85999999999408,-8.623907656440508,-5.664362021967349,-4.691768479004281,-5.664362021956833,-8.62390765644551,-12.645990643800701,-12.645990643829236,0.6676415009389715,0.707396566890658,0.7195407718361141,0.7073965668905465,0.6676415009386153,0.18493761768680658,0.11716579596528649,0.09345282933419508,0.11716579596560768,0.18493761768747818,0.0,0.0,0.0,0.0,0.0,off,off,off,off,off
146.29999999999256,0.3,34.889999999994075,-8.614348035022601,-5.65480989879552,-4.682224660926522,-5.654809898787903,-8.6143480350309,-12.636517050882162,-12.636517050910584,0.6676232996800963,0.7074181621376424,0.7195689630225919,0.7074181621375232,0.6676232996797312,0.18503911563191547,0.11719244133244873,0.09345282933419508,0.11719244133276954,0.18503911563258738,0.0,0.0,0.0,0.0,0.0,off,off,off,off,off
146.39999999999256,0.3,34.91999999999407,-8.604789419608096,-5.645258976133391,-4.672681987177327,-5.645258976128275,-8.604789419609915,-12.627044177539915,-12.627044177568166,0.6676051726803266,0.7074398459500718,0.7195971374157277,0.7074398459499464,0.6676051726799781,0.18514041117763938,0.11721878370645744,0.09345282933419508,0.1172187837067779,0.1851404111783116,0.0,0.0,0.0,0.0,0.0,off,off,off,off,off
146.49999999999255,0.3,34.94999999999406,-8.595231811217218,-5.635709253951575,-4.663140458524879,-5.635709253942821,-8.595231811220287,-12.617572024501385,-12.61757202452958,0.6675871200048002,0.7074616177501408,0.7196252950714468,0.7074616177500249,0.6675871200044484,0.18524150444767992,0.11724482488193205,0.09345282933419508,0.11724482488225213,0.18524150444835213,0.0,0.0,0.0,0.0,0.0,off,off,off,off,off
146.59999999999255,0.3,34.97999999999406,-8.585675210861837,-5.626160732251094,-4.653600075718998,-5.626160732241374,-8.585675210864395,-12.608100592494964,-12.608100592523044,0.6675691417187715,0.7074834769853545,0.7196534360454705,0.7074834769852412,0.6675691417184207,0.18534239556474938,0.11727056658125322,0.09345282933419508,0.11727056658157287,0.18534239556542167,0.0,0.0,0.0,0.0,0.0,off,off,off,off,off
146.69999999999254,0.3,35.00999999999405,-8.576119619530573,-5.616613411041612,-4.6440608394837,-5.6166134110328585,-8.576119619536598,-12.59862988224927,-12.598629882277294,0.6675512378876118,0.7075054231270373,0.7196815603933359,0.7075054231269216,0.667551237887252,0.1854430846506422,0.11729601045891536,0.09345282933419508,0.11729601045923459,0.18544308465131462,0.0,0.0,0.0,0.0,0.0,off,off,off,off,off
146.79999999999254,0.3,35.039999999994045,-8.566565038210967,-5.607067290386794,-4.634522750530209,-5.6070672903805985,-8.566565038221881,-12.58915989449389,-12.589159894521742,0.6675334085767181,0.7075274556687607,0.7197096681703633,0.7075274556686383,0.6675334085763455,0.18554357182630174,0.11732115810562285,0.09345282933419508,0.1173211581059417,0.18554357182697442,0.0,0.0,0.0,0.0,0.0,off,off,off,off,off
146.89999999999253,0.3,35.06999999999404,-8.55701146787385,-5.597522370354,-4.62498580955679,-5.597522370347974,-8.557011467884251,-12.579690629958748,-12.579690629986658,0.6675156538515176,0.7075495741251071,0.7197377594316577,0.7075495741249845,0.6675156538511462,0.1856438572118842,0.11734601105214151,0.09345282933419508,0.11734601105246005,0.18564385721255722,0.0,0.0,0.0,0.0,0.0,off,off,off,off,off
146.99999999999253,0.3,35.09999999999403,-8.547458909472766,-5.58797865104242,-4.615450017242551,-5.5879786510380995,-8.547458909477314,-12.570222089374738,-12.570222089402591,0.6674979737774375,0.7075717780303108,0.7197658342321248,0.7075717780301835,0.6674979737770815,0.1857439409268189,0.11737057077291987,0.09345282933419508,0.11737057077323812,0.18574394092749208,0.0,0.0,0.0,0.0,0.0,off,off,off,off,off
147.09999999999252,0.3,35.12999999999403,-8.53790736394626,-5.5784361325708005,-4.605915374254948,-5.5784361325660825,-8.53790736394933,-12.560754273472867,-12.56075427350072,0.66748036841987,0.7075940669370805,0.7197938926264544,0.7075940669369551,0.6674803684195167,0.18584382308986508,0.11739483868949413,0.09345282933419508,0.11739483868981208,0.18584382309053832,0.0,0.0,0.0,0.0,0.0,off,off,off,off,off
147.1999999999925,0.3,35.15999999999402,-8.528356832232248,-5.5688948150740885,-4.596381881248988,-5.568894815075453,-8.528356832236568,-12.551287182984993,-12.551287183012732,0.6674628378441025,0.7076164404154722,0.7198219346691228,0.7076164404153303,0.6674628378437464,0.18594350381916644,0.11741881617368966,0.09345282933419508,0.11741881617400735,0.18594350381983987,0.0,0.0,0.0,0.0,0.0,off,off,off,off,off
147.2999999999925,0.3,35.189999999994015,-8.518807315251706,-5.559354698711047,-4.586849538873935,-5.559354698712411,-8.518807315255117,-12.541820818643203,-12.541820818670772,0.6674453821153378,0.7076388980517988,0.719849960414376,0.7076388980516573,0.6674453821149835,0.18604298323230245,0.11744250455063127,0.09345282933419508,0.11744250455094879,0.18604298323297597,0.0,0.0,0.0,0.0,0.0,off,off,off,off,off
147.3999999999925,0.3,35.21999999999401,-8.509258813917938,-5.549815783237307,-4.577318347749497,-5.549815783239467,-8.50925881391612,-12.532355181180094,-12.532355181207492,0.6674280012986402,0.7076614383757535,0.7198779699162939,0.7076614383756096,0.6674280012982994,0.18614226144633686,0.11746590071608903,0.09345282933419508,0.11746590071640638,0.1861422614470104,0.0,0.0,0.0,0.0,0.0,off,off,off,off,off
147.4999999999925,0.3,35.249999999994,-8.499711329112756,-5.540278067824772,-4.567788308475372,-5.540278067826705,-8.499711329113552,-12.522890271328606,-12.522890271355891,0.667410695458972,0.7076840592987116,0.7199059632287657,0.7076840592985687,0.667410695458624,0.1862413385778639,0.11748899388369839,0.09345282933419508,0.11748899388401556,0.18624133857853745,0.0,0.0,0.0,0.0,0.0,off,off,off,off,off
147.5999999999925,0.3,35.279999999994,-8.490164861713652,-5.5307415519351935,-4.5582594216142525,-5.530741551934398,-8.49016486171621,-12.513426089822019,-12.513426089849304,0.6673934646611017,0.7077067598731691,0.7199339404055353,0.7077067598730338,0.6673934646607492,0.18634021474305168,0.11751178347513733,0.09345282933419508,0.11751178347545432,0.18634021474372528,0.0,0.0,0.0,0.0,0.0,off,off,off,off,off
147.69999999999249,0.3,35.30999999999399,-8.48061941257248,-5.521206235090176,-4.548731687693589,-5.5212062350889255,-8.480619412572707,-12.503962637394068,-12.503962637421296,0.6673763089696368,0.7077295392821717,0.7199619015002005,0.7077295392820375,0.6673763089692902,0.18643889005768377,0.11753427195994777,0.09345282933419508,0.11753427196026461,0.18643889005835743,0.0,0.0,0.0,0.0,0.0,off,off,off,off,off
147.79999999999248,0.3,35.339999999993985,-8.471074982510402,-5.511672116863792,-4.539205107231339,-5.511672116869704,-8.471074982514551,-12.494499914778373,-12.494499914805601,0.6673592284490155,0.7077523967575358,0.7199898465661416,0.7077523967573821,0.6673592284486591,0.18653736463719792,0.11755646189017507,0.09345282933419508,0.11755646189049178,0.18653736463787157,0.0,0.0,0.0,0.0,0.0,off,off,off,off,off
147.89999999999247,0.3,35.36999999999398,-8.461531572362787,-5.502139196889857,-4.529679680706806,-5.50213919689179,-8.461531572367278,-12.485037922709012,-12.485037922736296,0.6673422231633737,0.7077753315722047,0.7200177756566047,0.7077753315720617,0.6673422231630158,0.18663563859672286,0.11757835570297603,0.09345282933419508,0.11757835570329267,0.1866356385973967,0.0,0.0,0.0,0.0,0.0,off,off,off,off,off
147.99999999999247,0.3,35.39999999999397,-8.451989181132035,-5.492607474810427,-4.520155408589574,-5.492607474818897,-8.451989181138345,-12.475576661917785,-12.475576661945013,0.6673252945259796,0.7077983430374019,0.7200456888246203,0.7077983430372421,0.6673252945256171,0.18673371177098347,0.1175999557163269,0.09345282933419508,0.11759995571664346,0.18673371177165746,0.0,0.0,0.0,0.0,0.0,off,off,off,off,off
148.09999999999246,0.3,35.42999999999397,-8.442447806801795,-5.483076950295128,-4.510632291330694,-5.483076950302575,-8.442447806815267,-12.466116133128708,-12.466116133155708,0.6673084461350676,0.7078214305000402,0.7200735861230343,0.7078214304998836,0.667308446134687,0.18683158181051052,0.11762126413610186,0.09345282933419508,0.11762126413641844,0.18683158181118475,0.0,0.0,0.0,0.0,0.0,off,off,off,off,off
148.19999999999246,0.3,35.45999999999396,-8.432907448805338,-5.473547622999206,-4.501110329351889,-5.473547623011825,-8.432907448813978,-12.456656337060735,-12.456656337087622,0.667291679707291,0.7078445933404786,0.7201014676045334,0.7078445933403077,0.6672916797069227,0.1869292448923644,0.1176422830633716,0.09345282933419508,0.11764228306368821,0.18692924489303891,0.0,0.0,0.0,0.0,0.0,off,off,off,off,off
148.29999999999245,0.3,35.489999999993955,-8.423368106920975,-5.464019492619627,-4.49158952306334,-5.464019492625539,-8.423368106927796,-12.447197274429755,-12.447197274456641,0.6672749959182295,0.7078678309701699,0.7201293333215992,0.707867830970017,0.667274995917865,0.1870266982829916,0.11766301450126762,0.09345282933419508,0.11766301450158428,0.18702669828366633,0.0,0.0,0.0,0.0,0.0,off,off,off,off,off
148.39999999999245,0.3,35.51999999999395,-8.41382978113728,-5.454492558851371,-4.482069872854993,-5.45449255886308,-8.413829781151378,-12.437738945949548,-12.437738945976378,0.6672583950081347,0.7078911428297227,0.7201571833265353,0.7078911428295547,0.6672583950077517,0.18712394057323087,0.11768346036140176,0.09345282933419508,0.11768346036171846,0.1871239405739058,0.0,0.0,0.0,0.0,0.0,off,off,off,off,off
148.49999999999244,0.3,35.54999999999394,-8.404292471616202,-5.444966821441483,-4.472551379102072,-5.444966821458991,-8.404292471637575,-12.428281352332249,-12.428281352358965,0.6672418769835962,0.7079145283868326,0.7201850176714498,0.7079145283866488,0.6672418769831948,0.1872209712341488,0.11770362246986735,0.09345282933419508,0.11770362247018418,0.18722097123482417,0.0,0.0,0.0,0.0,0.0,off,off,off,off,off
148.59999999999243,0.3,35.57999999999394,-8.394756178615864,-5.435442280146219,-4.463034042163599,-5.4354422801620785,-8.394756178632406,-12.418824494288117,-12.418824494314833,0.6672254417206026,0.7079379871345958,0.7202128364082634,0.7079379871344167,0.6672254417202134,0.18731779026399237,0.11772350257284936,0.09345282933419508,0.11772350257316637,0.1873177902646682,0.0,0.0,0.0,0.0,0.0,off,off,off,off,off
148.69999999999243,0.3,35.60999999999393,-8.38522090246289,-5.425918934743095,-4.453517862387912,-5.42591893475543,-8.385220902477386,-12.409368372526671,-12.409368372553274,0.6672090890246628,0.7079615185897997,0.7202406395886939,0.70796151858963,0.6672090890242793,0.18741439796597584,0.11774310234186888,0.09345282933419508,0.11774310234218606,0.18741439796665196,0.0,0.0,0.0,0.0,0.0,off,off,off,off,off
148.79999999999242,0.3,35.639999999993925,-8.375686643555696,-5.416396785023267,-4.444002840107316,-5.416396785036341,-8.375686643573431,-12.39991298775601,-12.399912987782727,0.6671928186665572,0.7079851222913681,0.7202684272642733,0.7079851222911963,0.6671928186661649,0.18751079481346108,0.11776242337868578,0.09345282933419508,0.11776242337900311,0.18751079481413743,0.0,0.0,0.0,0.0,0.0,off,off,off,off,off
148.89999999999242,0.3,35.66999999999392,-8.36615340234323,-5.4068758304943,-4.434488975638203,-5.406875830508,-8.366153402362386,-12.390458340683722,-12.390458340710495,0.6671766304035928,0.7080087970524859,0.7202961994863466,0.708008797052312,0.6671766304031961,0.18760698136892145,0.11778146310493652,0.09345282933419508,0.11778146310525407,0.1876069813695982,0.0,0.0,0.0,0.0,0.0,off,off,off,off,off
148.9999999999924,0.3,35.69999999999391,-8.356621179298429,-5.397356069989996,-4.4249762692646755,-5.3973560700040935,-8.356621179318836,-12.381004432016653,-12.381004432043312,0.6671605239920815,0.7080325408160693,0.7203239563061162,0.7080325408158951,0.6671605239916816,0.18770295823558017,0.11780020917726523,0.09345282933419508,0.117800209177583,0.18770295823625727,0.0,0.0,0.0,0.0,0.0,off,off,off,off,off
149.0999999999924,0.3,35.72999999999391,-8.34708997491191,-5.387837502597733,-4.41546472123207,-5.387837502615014,-8.347089974934875,-12.371551262460628,-12.37155126248723,0.6671444991944581,0.70805635260423,0.7203516977746617,0.708056352604047,0.6671444991940514,0.18779872602884254,0.11781866131012397,0.09345282933419508,0.11781866131044204,0.18779872602951994,0.0,0.0,0.0,0.0,0.0,off,off,off,off,off
149.1999999999924,0.3,35.7599999999939,-8.33755978970521,-5.378320127498171,-4.405954331764406,-5.378320127516531,-8.337559789734826,-12.362098832721074,-12.36209883274762,0.6671285557831464,0.7080802315624932,0.7203794239428921,0.7080802315623073,0.667128555782723,0.18789428535969907,0.11783682249157768,0.09345282933419508,0.11783682249189603,0.187894285360377,0.0,0.0,0.0,0.0,0.0,off,off,off,off,off
149.2999999999924,0.3,35.789999999993896,-8.328030624213568,-5.3688039439320505,-4.396445101057054,-5.368803943949388,-8.328030624241933,-12.352647143502793,-12.352647143529396,0.6671126935425913,0.7081041768908658,0.7204071348615686,0.7081041768906824,0.6671126935421704,0.18798963682535244,0.11785469568057129,0.09345282933419508,0.11785469568088995,0.187989636826031,0.0,0.0,0.0,0.0,0.0,off,off,off,off,off
149.3999999999924,0.3,35.81999999999389,-8.318502478989672,-5.359288951189569,-4.3869370292824215,-5.359288951207986,-8.318502479014228,-12.343196195510188,-12.343196195536734,0.6670969122700914,0.7081281878376435,0.7204348305812891,0.7081281878374575,0.6670969122696804,0.18808478100418763,0.1178722836731438,0.09345282933419508,0.11787228367346282,0.18808478100486672,0.0,0.0,0.0,0.0,0.0,off,off,off,off,off
149.49999999999238,0.3,35.849999999993884,-8.30897535459377,-5.349775148618846,-4.377430116587163,-5.349775148636581,-8.308975354613096,-12.333745989446982,-12.333745989473641,0.6670812117759978,0.708152263695818,0.720462511152498,0.7081522636956334,0.6670812117755999,0.1881797184533398,0.1178895891088867,0.09345282933419508,0.11788958910920609,0.18817971845401937,0.0,0.0,0.0,0.0,0.0,off,off,off,off,off
149.59999999999238,0.3,35.87999999999388,-8.299449251601345,-5.340262535620639,-4.3679243631116265,-5.340262535634338,-8.299449251621809,-12.32429652601678,-12.324296526043497,0.6670655918834804,0.708176403799857,0.7204901766254335,0.7081764037996832,0.6670655918830787,0.18827444970780302,0.11790661448197129,0.09345282933419508,0.117906614482291,0.1882744497084828,0.0,0.0,0.0,0.0,0.0,off,off,off,off,off
149.69999999999237,0.3,35.90999999999387,-8.289924170608515,-5.330751111623215,-4.358419768962904,-5.330751111639643,-8.289924170631878,-12.314847805922511,-12.314847805949285,0.6670500524280778,0.7082006075227755,0.7205178270502044,0.7082006075225941,0.6670500524276686,0.18836897528043944,0.11792336215158,0.09345282933419508,0.1179233621519001,0.18836897528111962,0.0,0.0,0.0,0.0,0.0,off,off,off,off,off
149.79999999999237,0.3,35.939999999993866,-8.280400112208554,-5.321240876115496,-4.348916334242517,-5.32124087613397,-8.280400112235554,-12.305399829866701,-12.305399829893588,0.6670345932572173,0.7082248742732605,0.7205454624767116,0.708224874273074,0.6670345932567986,0.18846329566250306,0.1179398343515987,0.09345282933419508,0.11793983435191918,0.1884632956631837,0.0,0.0,0.0,0.0,0.0,off,off,off,off,off
149.89999999999236,0.3,35.96999999999386,-8.270877077016792,-5.311731828619713,-4.339414059034937,-5.311731828638017,-8.270877077040836,-12.295952598551878,-12.295952598578765,0.6670192142295477,0.7082492034931657,0.7205730829546856,0.7082492034929788,0.6670192142291365,0.18855741132444476,0.11795603319961546,0.09345282933419508,0.11795603319993635,0.18855741132512593,0.0,0.0,0.0,0.0,0.0,off,off,off,off,off
149.99999999999235,0.3,35.999999999993854,-8.261355065642874,-5.302223968680892,-4.329912943409568,-5.302223968706585,-8.261355065669306,-12.286506112679888,-12.286506112706832,0.6670039152143993,0.7082735946551322,0.7206006885336781,0.7082735946549259,0.6670039152139817,0.1886513227168602,0.11797196070527555,0.09345282933419508,0.11797196070559687,0.1886513227175418,0.0,0.0,0.0,0.0,0.0,off,off,off,off,off
150.09999999999235,0.3,36.02999999999385,-8.251834078709805,-5.292717295900388,-4.320412987427915,-5.292717295927048,-8.251834078738398,-12.27706037295252,-12.27706037297935,0.6669886960911229,0.7082980472602779,0.720628279263046,0.7082980472600696,0.6669886960906997,0.18874503027149667,0.11798761877803865,0.09345282933419508,0.11798761877836049,0.1887450302721788,0.0,0.0,0.0,0.0,0.0,off,off,off,off,off
150.19999999999234,0.3,36.05999999999384,-8.242314116846103,-5.283211809880697,-4.310914191140228,-5.283211809902184,-8.24231411687606,-12.267615380070936,-12.267615380097766,0.6669735567485189,0.708322560787105,0.7206558551919601,0.7083225607869099,0.6669735567480913,0.18883853440227097,0.11800300897216083,0.09345282933419508,0.11800300897248316,0.18883853440295367,0.0,0.0,0.0,0.0,0.0,off,off,off,off,off
150.29999999999234,0.3,36.089999999993836,-8.232795180688754,-5.273707509615292,-4.301416554576065,-5.273707509641213,-8.23279518071115,-12.258171134736415,-12.258171134763188,0.6669584970842561,0.7083471335515462,0.7206834163694322,0.7083471335513396,0.6669584970838479,0.1889318355062701,0.11801812184459273,0.09345282933419508,0.11801812184491557,0.18893183550695328,0.0,0.0,0.0,0.0,0.0,off,off,off,off,off
150.39999999999233,0.3,36.11999999999383,-8.223277270845415,-5.264204393857767,-4.291920077735028,-5.2642043938859615,-8.223277270867527,-12.248727637649779,-12.248727637676552,0.6669435170044299,0.7083717640960219,0.7207109628443394,0.7083717640958089,0.6669435170040221,0.18902493396471812,0.11803294876948846,0.09345282933419508,0.1180329487698119,0.18902493396540163,0.0,0.0,0.0,0.0,0.0,off,off,off,off,off
150.49999999999233,0.3,36.149999999993824,-8.21376038793818,-5.254702461570048,-4.28242476058756,-5.254702461594093,-8.213760387956711,-12.239284889511623,-12.23928488953834,0.6669286164229306,0.7083964515003899,0.7207384946654232,0.7083964515001877,0.6669286164225317,0.1891178301439022,0.11804749260436943,0.09345282933419508,0.11804749260469345,0.18911783014458602,0.0,0.0,0.0,0.0,0.0,off,off,off,off,off
150.59999999999232,0.3,36.17999999999382,-8.204244532571636,-5.245201711784603,-4.27293060307386,-5.245201711806828,-8.204244532589655,-12.229842891022031,-12.229842891048861,0.6669137952610376,0.7084211949182657,0.720766011881293,0.7084211949180685,0.6669137952606391,0.189210524396054,0.11806175684294856,0.09345282933419508,0.11806175684327318,0.18921052439673805,0.0,0.0,0.0,0.0,0.0,off,off,off,off,off
150.69999999999231,0.3,36.20999999999381,-8.19472970534838,-5.235702143605067,-4.26343760511952,-5.235702143630647,-8.194729705366854,-12.220401642880915,-12.220401642907689,0.6668990534469199,0.7084459935616945,0.7207935145403865,0.7084459935614883,0.6668990534465203,0.1893030170601844,0.1180757447684893,0.09345282933419508,0.11807574476881452,0.18930301706086874,0.0,0.0,0.0,0.0,0.0,off,off,off,off,off
150.7999999999923,0.3,36.239999999993806,-8.185215906865153,-5.2262037562158525,-4.2539457666232465,-5.226203756239727,-8.185215906886754,-12.210961145787792,-12.210961145814679,0.6668843909152113,0.7084708466962644,0.7208210026910028,0.708470846696062,0.6668843909148037,0.18939530846287345,0.11808945945331141,0.09345282933419508,0.11808945945363727,0.18939530846355818,0.0,0.0,0.0,0.0,0.0,off,off,off,off,off
150.8999999999923,0.3,36.2699999999938,-8.175703137719836,-5.21670654884764,-4.244455087473455,-5.21670654887032,-8.175703137748712,-12.201521400441834,-12.201521400468778,0.666869807606581,0.7084957536369223,0.7208484763812586,0.7084957536367236,0.6668698076061541,0.18948739891901528,0.11810290377516208,0.09345282933419508,0.11810290377548857,0.1894873989197006,0.0,0.0,0.0,0.0,0.0,off,off,off,off,off
150.9999999999923,0.3,36.299999999993794,-8.16619139850144,-5.207210520787783,-4.234965567544577,-5.207210520810179,-8.166191398528383,-12.192082407541818,-12.192082407568762,0.6668553034673718,0.7085207137440103,0.720875935659101,0.7085207137438114,0.66685530346695,0.18957928873252153,0.11811608043264593,0.09345282933419508,0.11811608043297303,0.1895792887332074,0.0,0.0,0.0,0.0,0.0,off,off,off,off,off
151.0999999999923,0.3,36.32999999999379,-8.156680689788459,-5.197715671374908,-4.2254772066945065,-5.1977156714016814,-8.156680689818245,-12.182644167786123,-12.182644167813123,0.6668408784492441,0.7085457264196556,0.7209033805723138,0.7085457264194452,0.6668408784488153,0.1896709781969829,0.1181289919594406,0.09345282933419508,0.11812899195976831,0.18967097819766937,0.0,0.0,0.0,0.0,0.0,off,off,off,off,off
151.1999999999923,0.3,36.35999999999378,-8.147171012166211,-5.188221999994994,-4.215990004767036,-5.18822200002478,-8.147171012202364,-12.173206681872955,-12.173206681899899,0.6668265325087861,0.7085707911044463,0.7209308111685123,0.7085707911042277,0.6668265325083401,0.18976246759629362,0.11814164073738655,0.09345282933419508,0.11814164073771495,0.18976246759698082,0.0,0.0,0.0,0.0,0.0,off,off,off,off,off
151.29999999999228,0.3,36.389999999993776,-8.137662366208247,-5.178729506078639,-4.206503961604312,-5.178729506109562,-8.1376623662469,-12.16376995049967,-12.163769950526671,0.6668122656072359,0.7085959072743634,0.7209582274951113,0.7085959072741422,0.6668122656067835,0.18985375720523878,0.11815402900854041,0.09345282933419508,0.11815402900886951,0.18985375720592682,0.0,0.0,0.0,0.0,0.0,off,off,off,off,off
151.39999999999227,0.3,36.41999999999377,-8.128154752491753,-5.1692381890916295,-4.197019077030461,-5.16923818912386,-8.128154752532794,-12.154333974363567,-12.15433397439051,0.6667980777101442,0.7086210744379804,0.7209856295993684,0.7086210744377553,0.6667980777096854,0.18994484729004774,0.11816615888627419,0.09345282933419508,0.11816615888660398,0.18994484729073657,0.0,0.0,0.0,0.0,0.0,off,off,off,off,off
151.49999999999227,0.3,36.449999999993764,-8.11864817158687,-5.159748048098095,-4.187535350864437,-5.159748048125948,-8.118648171625694,-12.144898754161261,-12.144898754188262,0.6667839687871095,0.7086462913294906,0.7210130175283542,0.7086462913292773,0.6667839687866562,0.1900357381089149,0.1181780228911366,0.09345282933419508,0.11817802289146716,0.19003573810960459,0.0,0.0,0.0,0.0,0.0,off,off,off,off,off
151.59999999999226,0.3,36.47999999999376,-8.109142624036508,-5.150259081652337,-4.178052782890177,-5.150259081679337,-8.109142624069477,-12.135464290589255,-12.135464290616312,0.6667699388115631,0.7086715563780248,0.7210403913290272,0.7086715563778136,0.6667699388111241,0.19012642991248999,0.11818960857156571,0.09345282933419508,0.11818960857189706,0.19012642991318035,0.0,0.0,0.0,0.0,0.0,off,off,off,off,off
151.69999999999226,0.3,36.50999999999375,-8.099638110378521,-5.140771288531653,-4.168571372865927,-5.140771288556209,-8.099638110410467,-12.126030584343368,-12.126030584370369,0.6667559877604561,0.7086968686252966,0.7210677510482124,0.7086968686250913,0.666755987760019,0.19021692294433937,0.11820091895244805,0.09345282933419508,0.1182009189527802,0.19021692294503031,0.0,0.0,0.0,0.0,0.0,off,off,off,off,off
151.79999999999225,0.3,36.539999999993746,-8.090134631138142,-5.13128466762123,-4.159091120526568,-5.131284667646298,-8.090134631173896,-12.116597636118797,-12.116597636145798,0.6667421156140414,0.7087222271995408,0.721095096732597,0.7087222271993345,0.666742115613594,0.19030721744138063,0.11821195812806644,0.09345282933419508,0.11821195812839934,0.19030721744207216,0.0,0.0,0.0,0.0,0.0,off,off,off,off,off
151.89999999999225,0.3,36.56999999999374,-8.080632186822811,-5.121799217886576,-4.14961202558527,-5.121799217912439,-8.080632186858509,-12.10716544661011,-12.107165446637225,0.6667283223556629,0.7087476312978556,0.721122428428725,0.7087476312976461,0.6667283223552155,0.1903973136342915,0.11822272989881813,0.09345282933419508,0.11822272989915177,0.19039731363498377,0.0,0.0,0.0,0.0,0.0,off,off,off,off,off
151.99999999999224,0.3,36.599999999993734,-8.071130777937299,-5.112314938369138,-4.140134087739796,-5.112314938394377,-8.071130777976691,-12.097734016511538,-12.097734016538652,0.6667146079715031,0.7087730801799785,0.7211497461829836,0.7087730801797715,0.6667146079710453,0.1904872117478947,0.11823323778391354,0.09345282933419508,0.1182332377842479,0.19048721174858776,0.0,0.0,0.0,0.0,0.0,off,off,off,off,off
152.09999999999224,0.3,36.62999999999373,-8.061630404972163,-5.102831828180001,-4.130657306672106,-5.102831828206035,-8.061630405014284,-12.088303346516568,-12.088303346543682,0.6667009724504145,0.7087985731627351,0.7211770500416025,0.7087985731625254,0.6667009724499501,0.19057691200152052,0.11824348504615885,0.09345282933419508,0.11824348504649394,0.19057691200221444,0.0,0.0,0.0,0.0,0.0,off,off,off,off,off
152.19999999999223,0.3,36.65999999999372,-8.052131068413928,-5.093349886491637,-4.121181682049723,-5.093349886517672,-8.052131068457925,-12.078873437317895,-12.078873437345123,0.6666874157837078,0.7088241096149718,0.7212043400506539,0.7088241096147616,0.6666874157832383,0.19066641460934766,0.1182534747146722,0.09345282933419508,0.118253474715008,0.19066641461004244,0.0,0.0,0.0,0.0,0.0,off,off,off,off,off
152.29999999999222,0.3,36.68999999999372,-8.042632768734336,-5.08386911253848,-4.111707213532895,-5.083869112568095,-8.042632768777082,-12.069444289607702,-12.069444289634987,0.6666739379649993,0.708849688952924,0.7212316162560327,0.7088496889527042,0.6666739379645323,0.19075571978072442,0.11826320960558986,0.09345282933419508,0.11826320960592637,0.19075571978142003,0.0,0.0,0.0,0.0,0.0,off,off,off,off,off
152.39999999999222,0.3,36.71999999999371,-8.033135506399105,-5.074389505611862,-4.1022339007714095,-5.07438950564233,-8.033135506443784,-12.060015904077488,-12.060015904104887,0.6666605389900242,0.7088753106360057,0.7212588787034676,0.7088753106357837,0.6666605389895518,0.19084482772047084,0.11827269234094018,0.09345282933419508,0.11827269234127744,0.19084482772116731,0.0,0.0,0.0,0.0,0.0,off,off,off,off,off
152.4999999999922,0.3,36.749999999993705,-8.023639281875262,-5.0649110650211355,-4.0927617434106764,-5.064911065058141,-8.02363928191852,-12.050588281418072,-12.050588281445528,0.6666472188564623,0.7089009741251399,0.7212861274385033,0.7089009741249004,0.6666472188559932,0.19093373862916327,0.11828192486431094,0.09345282933419508,0.118281924864649,0.19093373862986054,0.0,0.0,0.0,0.0,0.0,off,off,off,off,off
152.5999999999922,0.3,36.7799999999937,-8.01414409561147,-5.055433789508356,-4.083290741071266,-5.05543378954286,-8.014144095651204,-12.041161422319533,-12.041161422346875,0.6666339775638386,0.7089266780077739,0.7213133625065585,0.7089266780075413,0.6666339775633772,0.19102245270340218,0.11829089305085605,0.09345282933419508,0.11829089305119501,0.19102245270410023,0.0,0.0,0.0,0.0,0.0,off,off,off,off,off
152.6999999999922,0.3,36.80999999999369,-8.004649948033716,-5.045957677522495,-4.073820893357947,-5.0459576775584765,-8.004649948074928,-12.031735327470926,-12.031735327498382,0.6666208151133951,0.7089524209613751,0.7213405839528988,0.7089524209611382,0.66662081511293,0.19111097013606412,0.11829958899124272,0.09345282933419508,0.1182995889915826,0.19111097013676287,0.0,0.0,0.0,0.0,0.0,off,off,off,off,off
152.7999999999922,0.3,36.83999999999369,-7.995156839564345,-5.0364827277093696,-4.064352199839732,-5.036482727746943,-7.995156839609876,-12.02230999756074,-12.022309997588309,0.666607731507914,0.7089782020241487,0.7213677918226935,0.7089782020239073,0.6666077315074379,0.19119929111653858,0.11830801756360403,0.09345282933419508,0.11830801756394484,0.19119929111723816,0.0,0.0,0.0,0.0,0.0,off,off,off,off,off
152.8999999999922,0.3,36.86999999999368,-7.985664770605069,-5.027008938828487,-4.054884660064943,-5.027008938863332,-7.985664770651056,-12.012885433276779,-12.012885433304291,0.6665947267516373,0.7090040203239192,0.7213949861609764,0.7090040203236849,0.6665947267511597,0.19128741583095177,0.11831618351205749,0.09345282933419508,0.11831618351239921,0.19128741583165235,0.0,0.0,0.0,0.0,0.0,off,off,off,off,off
152.99999999999218,0.3,36.899999999993675,-7.976173741539753,-5.017536309741558,-4.045418273563371,-5.017536309773959,-7.976173741592049,-12.003461635305655,-12.003461635333167,0.6665818008501428,0.7090298750679899,0.7214221670126393,0.709029875067762,0.6665818008496486,0.19137534446237653,0.1183240911694247,0.09345282933419508,0.11832409116976733,0.19137534446307805,0.0,0.0,0.0,0.0,0.0,off,off,off,off,off
153.09999999999218,0.3,36.92999999999367,-7.966683752752431,-5.008064839385042,-4.035953039857759,-5.008064839418466,-7.966683752805352,-11.99403860433307,-11.994038604360583,0.6665689538101902,0.7090557655352169,0.7214493344224036,0.7090557655349858,0.6665689538096942,0.1914630771910299,0.1183317444974867,0.09345282933419508,0.11833174449783024,0.1914630771917325,0.0,0.0,0.0,0.0,0.0,off,off,off,off,off
153.19999999999217,0.3,36.95999999999366,-7.9571948046123,-4.998594526793568,-4.026488958442087,-4.998594526821876,-7.95719480466272,-11.984616341043932,-11.984616341071558,0.6665561856396588,0.7090816910687456,0.7214764884348785,0.7090816910685284,0.666556185639168,0.19155061419445962,0.11833914712416004,0.09345282933419508,0.11833914712450443,0.19155061419516328,0.0,0.0,0.0,0.0,0.0,off,off,off,off,off
153.29999999999217,0.3,36.98999999999366,-7.947706897472756,-4.989125371060311,-4.017026028817952,-4.989125371088676,-7.947706897520504,-11.975194846122008,-11.975194846149748,0.6665434963474499,0.7091076510696425,0.7215036290944661,0.7091076510694246,0.6665434963469659,0.19163795564771946,0.11834630237695137,0.09345282933419508,0.11834630237729662,0.191637955648424,0.0,0.0,0.0,0.0,0.0,off,off,off,off,off
153.39999999999216,0.3,37.01999999999365,-7.938220031687138,-4.979657371356041,-4.007564250468249,-4.979657371378664,-7.938220031731817,-11.965774120250387,-11.965774120278127,0.666530885943361,0.7091336449910111,0.7215307564454311,0.7091336449908083,0.6665308859428839,0.19172510172353385,0.11835321331306124,0.09345282933419508,0.11835321331340731,0.1917251017242392,0.0,0.0,0.0,0.0,0.0,off,off,off,off,off
153.49999999999216,0.3,37.049999999993645,-7.928734207596108,-4.970190526571855,-3.9981036228708717,-4.970190526599367,-7.92873420763874,-11.956354164110849,-11.956354164138588,0.6665183544380268,0.7091596718731936,0.721557870531866,0.7091596718729772,0.6665183544375544,0.19181205259245332,0.11835987163836582,0.09345282933419508,0.1183598716387128,0.19181205259315945,0.0,0.0,0.0,0.0,0.0,off,off,off,off,off
153.59999999999215,0.3,37.07999999999364,-7.919249425531746,-4.960724834939924,-3.98864414547279,-4.960724834969028,-7.919249425571593,-11.946934978384206,-11.946934978411946,0.6665059018428322,0.7091857301988703,0.7215849713977606,0.7091857301986495,0.6665059018423665,0.19189880842300092,0.11836626006024692,0.09345282933419508,0.11836626006059482,0.19189880842370777,0.0,0.0,0.0,0.0,0.0,off,off,off,off,off
153.69999999999214,0.3,37.10999999999363,-7.909765685792138,-4.9512602948677795,-3.9791858176926667,-4.951260294901601,-7.909765685828972,-11.937516563750194,-11.937516563777933,0.6664935281698995,0.709211818916946,0.7216120590869926,0.7092118189167129,0.6664935281694402,0.19198536938180938,0.11837238391623874,0.09345282933419508,0.11837238391658757,0.19198536938251703,0.0,0.0,0.0,0.0,0.0,off,off,off,off,off
153.79999999999214,0.3,37.13999999999363,-7.900282988670199,-4.941796904926434,-3.9697286389324518,-4.941796904960313,-7.90028298870493,-11.928098920887464,-11.928098920915204,0.6664812334319439,0.709237937091706,0.7216391336433036,0.7092379370914732,0.6664812334314897,0.19207173563375068,0.11837824917650003,0.09345282933419508,0.1183782491768498,0.19207173563445898,0.0,0.0,0.0,0.0,0.0,off,off,off,off,off
153.89999999999213,0.3,37.16999999999362,-7.890801334444006,-4.932334663807012,-3.9602726085647646,-4.9323346638409475,-7.890801334476805,-11.918682050473478,-11.918682050501161,0.6664690176422317,0.709264083888121,0.721666195110328,0.7092640838878876,0.6664690176417819,0.1921579073420577,0.11838386119730762,0.09345282933419508,0.11838386119765834,0.19215790734276664,0.0,0.0,0.0,0.0,0.0,off,off,off,off,off
153.99999999999213,0.3,37.199999999993615,-7.88132072338442,-4.9228735703090365,-3.9508177259519925,-4.92287357034877,-7.881320723411989,-11.909265953184331,-11.90926595321207,0.6664568808144979,0.7092902585602288,0.7216932435315464,0.7092902585599794,0.666456880814061,0.1922438846684391,0.11838922479087417,0.09345282933419508,0.11838922479122585,0.19224388466914868,0.0,0.0,0.0,0.0,0.0,off,off,off,off,off
154.09999999999212,0.3,37.22999999999361,-7.871841155747177,-4.9134136233445815,-3.941363990446689,-4.913413623381757,-7.871841155770767,-11.899850629695209,-11.899850629722891,0.6664448229629081,0.7093164604408179,0.7217202789502842,0.7093164604405753,0.6664448229624808,0.19232966777318716,0.11839434428803601,0.09345282933419508,0.11839434428838867,0.19232966777389726,0.0,0.0,0.0,0.0,0.0,off,off,off,off,off
154.19999999999212,0.3,37.2599999999936,-7.862362631778183,-4.903954821899731,-3.931911401392938,-4.903954821937305,-7.862362631796145,-11.890436080679649,-11.890436080707389,0.6664328441019876,0.7093426889324151,0.7217473014097093,0.7093426889321719,0.6664328441015733,0.19241525681527946,0.11839922359371675,0.09345282933419508,0.1183992235940704,0.19241525681599,0.0,0.0,0.0,0.0,0.0,off,off,off,off,off
154.2999999999921,0.3,37.2899999999936,-7.852885151708506,-4.894497164595464,-3.92245995811669,-4.894497164632639,-7.852885151733801,-11.88102230681028,-11.881022306838133,0.6664209442465825,0.7093689429532657,0.7217743109528594,0.7093689429530231,0.6664209442461492,0.1925006519524742,0.11840384743067145,0.09345282933419508,0.11840384743102625,0.19250065195318528,0.0,0.0,0.0,0.0,0.0,off,off,off,off,off
154.3999999999921,0.3,37.31999999999359,-7.843408715769158,-4.885040649421569,-3.913009659917577,-4.885040649464258,-7.8434087157914405,-11.871609308758309,-11.871609308786105,0.6664091234117723,0.7093952210351537,0.7218013076226606,0.7093952210348962,0.6664091234113462,0.19258585334140055,0.11840820123385469,0.09345282933419508,0.11840820123421064,0.19258585334211223,0.0,0.0,0.0,0.0,0.0,off,off,off,off,off
154.4999999999921,0.3,37.349999999993585,-7.833933324151815,-4.875585274601065,-3.9035605060661283,-4.875585274639377,-7.833933324180521,-11.862197087193522,-11.862197087221261,0.6663973816129235,0.7094215220580756,0.7218282914619403,0.7094215220578302,0.6663973816124806,0.19267086113764315,0.11841229311990144,0.09345282933419508,0.11841229312025854,0.19267086113835535,0.0,0.0,0.0,0.0,0.0,off,off,off,off,off
154.5999999999921,0.3,37.37999999999358,-7.824458977044344,-4.866131038532956,-3.8941124958041655,-4.86613103857178,-7.824458977078052,-11.852785642784283,-11.852785642811966,0.6663857188655541,0.7094478450472114,0.721855262513423,0.7094478450469641,0.6663857188650985,0.19275567549582154,0.11841613059371797,0.09345282933419508,0.11841613059407621,0.19275567549653452,0.0,0.0,0.0,0.0,0.0,off,off,off,off,off
154.6999999999921,0.3,37.40999999999357,-7.814985674628929,-4.856677939782685,-3.8846656283549805,-4.856677939824181,-7.814985674658828,-11.843374976197424,-11.843374976225164,0.6663741351853005,0.7094741891536885,0.7218822208197069,0.7094741891534339,0.6663741351848541,0.1928402965696655,0.11841972022982414,0.09345282933419508,0.1184197202301835,0.19284029657037918,0.0,0.0,0.0,0.0,0.0,off,off,off,off,off
154.79999999999208,0.3,37.43999999999357,-7.805513417049212,-4.847225977064738,-3.8752199029357826,-4.847225977108394,-7.80551341708707,-11.833965088098694,-11.833965088126433,0.6663626305879599,0.7095005536374908,0.7219091664232307,0.7095005536372304,0.6663626305874926,0.19292472451208545,0.11842306779842174,0.09345282933419508,0.11842306779878227,0.19292472451279988,0.0,0.0,0.0,0.0,0.0,off,off,off,off,off
154.89999999999208,0.3,37.46999999999356,-7.7960422044701545,-4.83777514906069,-3.865775318737292,-4.837775149100196,-7.796042204504488,-11.824555979151967,-11.824555979179706,0.6663512050893028,0.709526937684081,0.7219360993663277,0.7095269376838318,0.6663512050888448,0.1930089594752385,0.11842616920867839,0.09345282933419508,0.11842616920904023,0.19300895947595373,0.0,0.0,0.0,0.0,0.0,off,off,off,off,off
154.99999999999207,0.3,37.499999999993555,-7.786572037013173,-4.828325453567231,-3.8563318749422706,-4.828325453605089,-7.786572037049609,-11.815147650019867,-11.815147650047663,0.6663398587052047,0.7095533397135998,0.7219630196911803,0.7095533397133543,0.6663398587047406,0.19309300161059154,0.11842899433896413,0.09345282933419508,0.11842899433932733,0.19309300161130757,0.0,0.0,0.0,0.0,0.0,off,off,off,off,off
155.09999999999206,0.3,37.52999999999355,-7.777102914706006,-4.818876888386569,-3.8468895706824355,-4.818876888421926,-7.777102914741931,-11.805740101363085,-11.805740101390882,0.6663285915716131,0.7095797583579878,0.7219899274399305,0.7095797583577491,0.6663285915711499,0.19317685106099414,0.11843155131905325,0.09345282933419508,0.1184315513194177,0.1931768510617109,0.0,0.0,0.0,0.0,0.0,off,off,off,off,off
155.19999999999206,0.3,37.55999999999354,-7.76763483512525,-4.809429451591825,-3.8374484050586943,-4.809429451631672,-7.767634835155263,-11.796333333837083,-11.79633333386488,0.6663174076947439,0.7096061924868381,0.7220168226546294,0.7096061924865873,0.6663174076942957,0.1932605068486918,0.11843385102696716,0.09345282933419508,0.1184338510273328,0.1932605068494092,0.0,0.0,0.0,0.0,0.0,off,off,off,off,off
155.29999999999205,0.3,37.58999999999354,-7.758167795742338,-4.799983141461269,-3.8280083771563227,-4.799983141501798,-7.758167795770419,-11.786927348087147,-11.786927348115,0.6663063113115543,0.7096326411511823,0.7220437053771976,0.7096326411509295,0.6663063113111097,0.19334396416635652,0.11843590265637446,0.09345282933419508,0.11843590265674127,0.19334396416707456,0.0,0.0,0.0,0.0,0.0,off,off,off,off,off
155.39999999999205,0.3,37.61999999999353,-7.748701795166994,-4.7905379561897234,-3.8185694860347894,-4.790537956231617,-7.748701795191948,-11.777522144751913,-11.777522144779937,0.6662953034545965,0.7096591033079931,0.7220705756494536,0.7096591033077362,0.6662953034541592,0.19342721817582872,0.11843769546245138,0.09345282933419508,0.11843769546281957,0.1934272181765473,0.0,0.0,0.0,0.0,0.0,off,off,off,off,off
155.49999999999204,0.3,37.649999999993526,-7.7392368324040035,-4.781093892911315,-3.8091317307112718,-4.78109389295247,-7.739236832423273,-11.768117724465412,-11.768117724493436,0.6662843842834908,0.7096855771134974,0.7220974335131571,0.709685577113243,0.6662843842830677,0.19351026638296961,0.11843919594793482,0.09345282933419508,0.1184391959483044,0.1935102663836888,0.0,0.0,0.0,0.0,0.0,off,off,off,off,off
155.59999999999204,0.3,37.67999999999352,-7.729772906688652,-4.771650948906256,-3.799695110156051,-4.77165094894923,-7.729772906708263,-11.758714087857243,-11.75871408788521,0.6662735535993447,0.7097120609792035,0.7221242790100209,0.7097120609789436,0.6662735535989207,0.19359310795344076,0.11844042116407454,0.09345282933419508,0.11844042116444543,0.1935931079541604,0.0,0.0,0.0,0.0,0.0,off,off,off,off,off
155.69999999999203,0.3,37.709999999993514,-7.7203100174199335,-4.7622091218406695,-3.790259623306497,-4.7622091218823925,-7.720310017439431,-11.749311235553193,-11.749311235581104,0.6662628110325141,0.7097385536075175,0.7221511121816759,0.7097385536072609,0.6662628110320892,0.19367574296901013,0.11844138081620419,0.09345282933419508,0.11844138081657649,0.19367574296973022,0.0,0.0,0.0,0.0,0.0,off,off,off,off,off
155.79999999999202,0.3,37.73999999999351,-7.710848164089384,-4.7527684083851796,-3.780825269045465,-4.752768408422639,-7.710848164106324,-11.739909168176041,-11.739909168203951,0.6662521561378469,0.7097650529018174,0.7221779330697295,0.7097650529015724,0.6662521561374283,0.19375817198667203,0.11844201656106824,0.09345282933419508,0.1184420165614422,0.19375817198739262,0.0,0.0,0.0,0.0,0.0,off,off,off,off,off
155.89999999999202,0.3,37.7699999999935,-7.70138734623373,-4.743328804556086,-3.7713920461820862,-4.743328804592807,-7.701387346253171,-11.730507886345208,-11.730507886373005,0.6662415884454251,0.7097915564070442,0.7222047417158142,0.7097915564068009,0.6662415884449997,0.19384039579511947,0.11844232494796599,0.09345282933419508,0.11844232494834192,0.19384039579584053,0.0,0.0,0.0,0.0,0.0,off,off,off,off,off
155.999999999992,0.3,37.799999999993496,-7.691927563404477,-4.73389030004779,-3.7619599533658175,-4.733890300084283,-7.691927563424542,-11.721107390677219,-11.721107390704901,0.6662311074873344,0.7098180569235274,0.7222315381618157,0.7098180569232846,0.666231107486907,0.1939224152823403,0.11844233376899396,0.09345282933419508,0.11844233376937043,0.19392241528306192,0.0,0.0,0.0,0.0,0.0,off,off,off,off,off
156.099999999992,0.3,37.82999999999349,-7.682468815015625,-4.724452881497996,-3.7525289888853877,-4.724452881530453,-7.682468815035975,-11.711707681785128,-11.711707681812868,0.6662207128116703,0.7098445455764293,0.7222583224503998,0.7098445455761971,0.6662207128112424,0.19400423136454956,0.11844233376899396,0.09345282933419508,0.11844233376937043,0.19400423136527176,0.0,0.0,0.0,0.0,0.0,off,off,off,off,off
156.199999999992,0.3,37.859999999993484,-7.673011100492545,-4.715016547758637,-3.7430991509516502,-4.715016547787741,-7.673011100513918,-11.702308760278981,-11.702308760306664,0.6662104039886718,0.709871022255489,0.7222850946242679,0.7098710222552655,0.6662104039882403,0.1940858449488298,0.11844233376899396,0.09345282933419508,0.11844233376937043,0.19408584494955258,0.0,0.0,0.0,0.0,0.0,off,off,off,off,off
156.299999999992,0.3,37.88999999999348,-7.663554419325067,-4.7055812980662495,-3.7336704377979117,-4.705581298098593,-7.663554419348941,-11.69291062676524,-11.69291062679281,0.6662001806132235,0.7098974870001284,0.7223118547259034,0.709897486999896,0.6662001806127854,0.19416725691423983,0.11844233376899396,0.09345282933419508,0.11844233376937043,0.19416725691496312,0.0,0.0,0.0,0.0,0.0,off,off,off,off,off
156.399999999992,0.3,37.91999999999347,-7.65409877105958,-4.696147131675048,-3.724242847691187,-4.696147131704322,-7.654098771085103,-11.68351328184724,-11.683513281874752,0.6661900423054535,0.7099239398496909,0.7223386027975364,0.7099239398494668,0.6661900423050112,0.1942484681029891,0.11844233376899396,0.09345282933419508,0.11844233376937043,0.19424846810371305,0.0,0.0,0.0,0.0,0.0,off,off,off,off,off
156.49999999999199,0.3,37.949999999993466,-7.644644155288631,-4.686714047831288,-3.714816378933847,-4.686714047859027,-7.644644155316428,-11.67411672612559,-11.674116726153102,0.6661799887102516,0.7099503808434805,0.7223653388811422,0.7099503808432607,0.6661799887098034,0.19432947931705477,0.11844233376899396,0.09345282933419508,0.11844233376937043,0.1943294793177794,0.0,0.0,0.0,0.0,0.0,off,off,off,off,off
156.59999999999198,0.3,37.97999999999346,-7.635190571647797,-4.677282045790832,-3.70539102984759,-4.677282045813627,-7.63519057167332,-11.664720960198053,-11.664720960225623,0.6661700194962371,0.7099768100206773,0.7223920630184824,0.7099768100204701,0.6661700194957941,0.19441029131769644,0.11844233376899396,0.09345282933419508,0.11844233376937043,0.19441029131842172,0.0,0.0,0.0,0.0,0.0,off,off,off,off,off
156.69999999999197,0.3,38.009999999993454,-7.625738019816708,-4.667851124792776,-3.6959667987879925,-4.667851124817844,-7.625738019840583,-11.655325984659783,-11.655325984687181,0.6661601343544702,0.7100032274203815,0.7224187752510719,0.7100032274201682,0.6661601343540303,0.19449090482647471,0.11844233376899396,0.09345282933419508,0.11844233376937043,0.19449090482720058,0.0,0.0,0.0,0.0,0.0,off,off,off,off,off
156.79999999999197,0.3,38.03999999999345,-7.616286499512682,-4.658421284089968,-3.686543684137746,-4.6584212841108865,-7.616286499532464,-11.645931800103256,-11.64593180013054,0.6661503329970948,0.7100296330815199,0.7224454756201921,0.7100296330813176,0.6661503329966655,0.19457132052701,0.11844233376899396,0.09345282933419508,0.11844233376937043,0.1945713205277364,0.0,0.0,0.0,0.0,0.0,off,off,off,off,off
156.89999999999196,0.3,38.06999999999344,-7.606836010485267,-4.6489925229199685,-3.677121684302051,-4.64899252293776,-7.606836010504139,-11.636538407118508,-11.636538407145736,0.6661406151559841,0.7100560270429129,0.7224721641669061,0.7100560270427184,0.6661406151555566,0.19465153906706686,0.11844233376899396,0.09345282933419508,0.11844233376937043,0.19465153906779367,0.0,0.0,0.0,0.0,0.0,off,off,off,off,off
156.99999999999196,0.3,38.099999999993436,-7.597386552518913,-4.63956484052369,-3.6677007977171456,-4.6395648405386964,-7.597386552538126,-11.627145806293356,-11.627145806320527,0.6661309805813963,0.7100824093432202,0.7224988409320386,0.7100824093430338,0.6661309805809674,0.1947315610607412,0.11844233376899396,0.09345282933419508,0.11844233376937043,0.19473156106146836,0.0,0.0,0.0,0.0,0.0,off,off,off,off,off
157.09999999999195,0.3,38.12999999999343,-7.587938125423193,-4.630138236142216,-3.6582810228354674,-4.63013823615438,-7.587938125445476,-11.617753998213402,-11.617753998240573,0.666121429040734,0.7101087800209506,0.7225255059562126,0.7101087800207708,0.6661214290402974,0.19481138709063228,0.11844233376899396,0.09345282933419508,0.11844233376937043,0.19481138709135992,0.0,0.0,0.0,0.0,0.0,off,off,off,off,off
157.19999999999195,0.3,38.159999999993424,-7.578490729039174,-4.620712709013958,-3.6488623581388993,-4.6207127090222,-7.578490729061059,-11.608362983461916,-11.60836298348903,0.6661119603173302,0.7101351391144627,0.722552159279816,0.710135139114293,0.6661119603168937,0.19489101770994052,0.11844233376899396,0.09345282933419508,0.11844233376937043,0.19489101771066872,0.0,0.0,0.0,0.0,0.0,off,off,off,off,off
157.29999999999194,0.3,38.18999999999342,-7.569044363224805,-4.611288258377897,-3.6394448021360404,-4.611288258381421,-7.569044363247713,-11.598972762620008,-11.598972762647065,0.6661025742093579,0.7101614866619591,0.722578800943011,0.7101614866618022,0.6661025742089185,0.19497045344446132,0.11844233376899396,0.09345282933419508,0.11844233376937043,0.19497045344519007,0.0,0.0,0.0,0.0,0.0,off,off,off,off,off
157.39999999999193,0.3,38.21999999999341,-7.55959902786276,-4.601864883471649,-3.6300283533480524,-4.601864883472672,-7.559599027891409,-11.589583336267026,-11.589583336294083,0.6660932705287611,0.710187822701494,0.7226054309857711,0.7101878227013433,0.6660932705283076,0.1950496947944645,0.11844233376899396,0.09345282933419508,0.11844233376937043,0.19504969479519388,0.0,0.0,0.0,0.0,0.0,off,off,off,off,off
157.49999999999193,0.3,38.249999999993406,-7.550154722873856,-4.5924425835385705,-3.6206130103235523,-4.592442583537093,-7.5501547228921595,-11.580194704980158,-11.580194705007216,0.666084049100237,0.7102141472709491,0.7226320494478419,0.7102141472708053,0.6660840490998088,0.1951287422364571,0.11844233376899396,0.09345282933419508,0.11844233376937043,0.19512874223718704,0.0,0.0,0.0,0.0,0.0,off,off,off,off,off
157.59999999999192,0.3,38.2799999999934,-7.540711448154127,-4.583021357821394,-3.6111987716320186,-4.58302135782003,-7.540711448172885,-11.570806869334774,-11.570806869361888,0.6660749097604779,0.7102404604080558,0.7226586563687614,0.7102404604079111,0.666074909760048,0.19520759622483097,0.11844233376899396,0.09345282933419508,0.11844233376937043,0.1952075962255613,0.0,0.0,0.0,0.0,0.0,off,off,off,off,off
157.69999999999192,0.3,38.309999999993394,-7.531269203650538,-4.573601205563023,-3.6017856358659515,-4.57360120556217,-7.531269203674924,-11.561419829904366,-11.561419829931538,0.666065852357127,0.7102667621503918,0.72268525178785,0.7102667621502454,0.6660658523566821,0.19528625719340054,0.11844233376899396,0.09345282933419508,0.11844233376937043,0.19528625719413137,0.0,0.0,0.0,0.0,0.0,off,off,off,off,off
157.7999999999919,0.3,38.33999999999339,-7.521827989325061,-4.56418212601335,-3.592373601634165,-4.564182126010394,-7.521827989347628,-11.552033587260553,-11.552033587287724,0.6660568767480718,0.7102930525353619,0.7227118357442366,0.7102930525352213,0.6660568767476318,0.1953647255568379,0.11844233376899396,0.09345282933419508,0.11844233376937043,0.1953647255575693,0.0,0.0,0.0,0.0,0.0,off,off,off,off,off
157.8999999999919,0.3,38.36999999999338,-7.512387805134949,-4.554764118423577,-3.5829626675665622,-4.55476411842028,-7.512387805156891,-11.542648141973473,-11.542648142000587,0.6660479828007542,0.7103193316002179,0.7227384082768381,0.7103193316000781,0.6660479828003154,0.19544300171200885,0.11844233376899396,0.09345282933419508,0.11844233376937043,0.19544300171274084,0.0,0.0,0.0,0.0,0.0,off,off,off,off,off
157.9999999999919,0.3,38.399999999993376,-7.502948651064457,-4.545347182044679,-3.5735528323162384,-4.545347182041951,-7.502948651081795,-11.53326349461122,-11.533263494638163,0.6660391703913975,0.7103455993820597,0.7227649694243615,0.7103455993819183,0.6660391703909698,0.19552108603921814,0.11844233376899396,0.09345282933419508,0.11844233376937043,0.19552108603995053,0.0,0.0,0.0,0.0,0.0,off,off,off,off,off
158.0999999999919,0.3,38.42999999999337,-7.4935105270946565,-4.5359313161363275,-3.564144094549988,-4.535931316137919,-7.493510527113983,-11.52387964574018,-11.523879645767181,0.6660304394044403,0.7103718559178136,0.7227915192253259,0.7103718559176603,0.6660304394040067,0.19559897890336891,0.11844233376899396,0.09345282933419508,0.11844233376937043,0.19559897890410166,0.0,0.0,0.0,0.0,0.0,off,off,off,off,off
158.1999999999919,0.3,38.459999999993364,-7.484073433229526,-4.5265165199616035,-3.554736452951545,-4.526516519965298,-7.484073433247204,-11.514496595925493,-11.51449659595221,0.6660217897318704,0.7103981012442461,0.7228180577180564,0.7103981012440876,0.6660217897314411,0.19567668065504276,0.11844233376899396,0.09345282933419508,0.11844233376937043,0.195676680655776,0.0,0.0,0.0,0.0,0.0,off,off,off,off,off
158.29999999999188,0.3,38.48999999999336,-7.474637369484697,-4.517102792787227,-3.545329906232041,-4.517102792791036,-7.474637369493848,-11.505114345730249,-11.505114345756851,0.6660132212726971,0.710424335397966,0.7228445849406546,0.7104243353978075,0.6660132212722892,0.19575419163150568,0.11844233376899396,0.09345282933419508,0.11844233376937043,0.19575419163223923,0.0,0.0,0.0,0.0,0.0,off,off,off,off,off
158.39999999999188,0.3,38.51999999999335,-7.465202335861136,-4.507690133883727,-3.53592445311034,-4.507690133884012,-7.465202335872334,-11.495732895716003,-11.495732895742663,0.6660047339324972,0.7104505584154233,0.7228711009310543,0.7104505584152739,0.6660047339320837,0.19583151215764394,0.11844233376899396,0.09345282933419508,0.11844233376937043,0.1958315121583777,0.0,0.0,0.0,0.0,0.0,off,off,off,off,off
158.49999999999187,0.3,38.54999999999335,-7.455768332388004,-4.498278542521234,-3.526520092320254,-4.498278542522996,-7.455768332402613,-11.486352246443005,-11.486352246469721,0.6659963276228213,0.7104767703329201,0.7228976057270015,0.7104767703327668,0.665996327622399,0.19590864254683618,0.11844233376899396,0.09345282933419508,0.11844233376937043,0.19590864254757034,0.0,0.0,0.0,0.0,0.0,off,off,off,off,off
158.59999999999187,0.3,38.57999999999334,-7.446335359096679,-4.488868017986761,-3.517116822625269,-4.488868017985851,-7.446335359112936,-11.476972398469911,-11.476972398496684,0.6659880022608102,0.7105029711865666,0.7229240993660155,0.7105029711864207,0.6659880022603836,0.19598558310176564,0.11844233376899396,0.09345282933419508,0.11844233376937043,0.1959855831025001,0.0,0.0,0.0,0.0,0.0,off,off,off,off,off
158.69999999999186,0.3,38.609999999993335,-7.436903416016037,-4.479458559560669,-3.5077146428002948,-4.479458559559816,-7.436903416042526,-11.467593352353674,-11.467593352380447,0.6659797577687877,0.7105291610123448,0.7229505818854393,0.7105291610121985,0.6659797577683344,0.1960623341151756,0.11844233376899396,0.09345282933419508,0.11844233376937043,0.1960623341159106,0.0,0.0,0.0,0.0,0.0,off,off,off,off,off
158.79999999999185,0.3,38.63999999999333,-7.427472503194451,-4.470050166536396,-3.498313551630133,-4.470050166536339,-7.427472503223441,-11.458215108649767,-11.458215108676654,0.6659715940738116,0.710555339846055,0.7229770533224441,0.7105553398459065,0.6659715940733522,0.1961388958705736,0.11844233376899396,0.09345282933419508,0.11844233376937043,0.1961388958713093,0.0,0.0,0.0,0.0,0.0,off,off,off,off,off
158.89999999999185,0.3,38.66999999999332,-7.4180426206704055,-4.460642838206638,-3.4889135479206175,-4.46064283820931,-7.418042620702408,-11.448837667912528,-11.448837667939301,0.6659635111073868,0.7105815077233546,0.7230035137139983,0.7105815077231984,0.6659635111069198,0.1962152686428868,0.11844233376899396,0.09345282933419508,0.11844233376937043,0.19621526864362318,0.0,0.0,0.0,0.0,0.0,off,off,off,off,off
158.99999999999184,0.3,38.69999999999332,-7.408613768500402,-4.451236573878759,-3.479514630493952,-4.451236573879385,-7.408613768532064,-11.439461030694304,-11.439461030721077,0.6659555088050548,0.7106076646797168,0.723029963096884,0.7106076646795665,0.6659555088045885,0.19629145269907222,0.11844233376899396,0.09345282933419508,0.11844233376937043,0.19629145269980927,0.0,0.0,0.0,0.0,0.0,off,off,off,off,off
159.09999999999184,0.3,38.72999999999331,-7.399185946724174,-4.44183137285529,-3.470116798184506,-4.441831372857905,-7.399185946761122,-11.430085197546248,-11.430085197573078,0.6659475871061651,0.7106338107504845,0.7230564015077057,0.7106338107503288,0.6659475871056854,0.19636744829868497,0.11844233376899396,0.09345282933419508,0.11844233376937043,0.19636744829942263,0.0,0.0,0.0,0.0,0.0,off,off,off,off,off
159.19999999999183,0.3,38.759999999993305,-7.38975915540982,-4.432427234449392,-3.4607200498471116,-4.432427234450643,-7.389759155442789,-11.420710169018037,-11.420710169044867,0.6659397459534682,0.7106599459708282,0.7230828289828706,0.710659945970676,0.6659397459529975,0.1964432556944069,0.11844233376899396,0.09345282933419508,0.11844233376937043,0.1964432556951453,0.0,0.0,0.0,0.0,0.0,off,off,off,off,off
159.29999999999183,0.3,38.7899999999933,-7.380333394606453,-4.423024157979853,-3.451324384343593,-4.423024157981956,-7.380333394637603,-11.411335945658038,-11.411335945684755,0.6659319852929606,0.7106860703757607,0.723109245558624,0.7106860703756064,0.6659319852924941,0.19651887513254024,0.11844233376899396,0.09345282933419508,0.11844233376937043,0.19651887513327918,0.0,0.0,0.0,0.0,0.0,off,off,off,off,off
159.39999999999182,0.3,38.81999999999329,-7.3709086643756905,-4.413622142774898,-3.44192980056107,-4.413622142776774,-7.370908664403316,-11.40196252801303,-11.40196252803969,0.6659243050735515,0.7107121840001274,0.7231356512710033,0.7107121839999737,0.6659243050730936,0.19659430685346518,0.11844233376899396,0.09345282933419508,0.11844233376937043,0.19659430685420468,0.0,0.0,0.0,0.0,0.0,off,off,off,off,off
159.49999999999181,0.3,38.84999999999329,-7.361484964772387,-4.404221188157123,-3.4325362973850133,-4.404221188161046,-7.361484964801207,-11.392589916628253,-11.392589916655027,0.6659167052468739,0.7107382868786478,0.723162046155907,0.7107382868784887,0.6659167052464126,0.1966695510920676,0.11844233376899396,0.09345282933419508,0.11844233376937043,0.19666955109280765,0.0,0.0,0.0,0.0,0.0,off,off,off,off,off
159.5999999999918,0.3,38.87999999999328,-7.3520622958606054,-4.394821293463735,-3.423143873726076,-4.394821293470272,-7.352062295889027,-11.383218112047928,-11.383218112074644,0.6659091857670218,0.7107643790458615,0.723188430249027,0.7107643790456954,0.6659091857665617,0.19674460807813657,0.11844233376899396,0.09345282933419508,0.11844233376937043,0.1967446080788772,0.0,0.0,0.0,0.0,0.0,off,off,off,off,off
159.6999999999918,0.3,38.909999999993275,-7.342640657707818,-4.385422458042001,-3.4137525285127026,-4.385422458050925,-7.342640657735558,-11.37384711481468,-11.37384711484134,0.6659017465903623,0.7107904605361398,0.7232148035858665,0.7107904605359678,0.6659017465899032,0.196819478036735,0.11844233376899396,0.09345282933419508,0.11844233376937043,0.19681947803747615,0.0,0.0,0.0,0.0,0.0,off,off,off,off,off
159.7999999999918,0.3,38.93999999999327,-7.333220050379339,-4.376024681236572,-3.404362260676919,-4.376024681247998,-7.3332200504062826,-11.364476925469603,-11.364476925496263,0.6658943876753541,0.7108165313837235,0.723241166201781,0.7108165313835452,0.6658943876748964,0.19689416118854394,0.11844233376899396,0.09345282933419508,0.11844233376937043,0.1968941611892856,0.0,0.0,0.0,0.0,0.0,off,off,off,off,off
159.8999999999918,0.3,38.96999999999326,-7.323800473941731,-4.36662796240546,-3.394973069167122,-4.366627962414498,-7.323800473961967,-11.355107544552652,-11.355107544579369,0.6658871089823627,0.7108425916226773,0.7232675181319411,0.710842591622505,0.6658871089819218,0.19696865775018407,0.11844233376899396,0.09345282933419508,0.11844233376937043,0.1969686577509262,0.0,0.0,0.0,0.0,0.0,off,off,off,off,off
159.9999999999918,0.3,38.99999999999326,-7.314381928457465,-4.357232300903661,-3.385584952947852,-4.357232300912926,-7.314381928473267,-11.345738972602248,-11.345738972629078,0.6658799104735081,0.710868641286935,0.7232938594113386,0.7108686412867626,0.6658799104730779,0.1970429679345143,0.11844233376899396,0.09345282933419508,0.11844233376937043,0.19704296793525683,0.0,0.0,0.0,0.0,0.0,off,off,off,off,off
160.09999999999178,0.3,39.02999999999325,-7.304964413989296,-4.347837696100271,-3.376197910993028,-4.347837696108741,-7.304964414008566,-11.33637121015579,-11.336371210182449,0.6658727921124976,0.7108946804102579,0.7233201900748015,0.7108946804100872,0.6658727921120586,0.1971170919509104,0.11844233376899396,0.09345282933419508,0.11844233376937043,0.19711709195165322,0.0,0.0,0.0,0.0,0.0,off,off,off,off,off
160.19999999999177,0.3,39.059999999993245,-7.295547930611633,-4.3384441473691595,-3.366811942289303,-4.338444147374673,-7.29554793063005,-11.327004257748627,-11.32700425777523,0.6658657538644547,0.7109207090262538,0.7233465101569864,0.710920709026091,0.6658657538640171,0.19719103000552385,0.11844233376899396,0.09345282933419508,0.11844233376937043,0.19719103000626706,0.0,0.0,0.0,0.0,0.0,off,off,off,off,off
160.29999999999177,0.3,39.08999999999324,-7.286132478387003,-4.329051654083571,-3.357427045839472,-4.329051654088005,-7.286132478408831,-11.317638115915258,-11.317638115941918,0.6658587956958423,0.7109467271683982,0.7233728196923698,0.710946727168238,0.665858795695396,0.19726478230152356,0.11844233376899396,0.09345282933419508,0.11844233376937043,0.19726478230226718,0.0,0.0,0.0,0.0,0.0,off,off,off,off,off
160.39999999999176,0.3,39.11999999999323,-7.276718057388791,-4.31966021563278,-3.348043220656109,-4.319660215633121,-7.276718057405333,-11.30827278518882,-11.308272785215422,0.6658519175742842,0.7109727348699861,0.723399118715268,0.7109727348698374,0.6658519175738503,0.19733834903932032,0.11844233376899396,0.09345282933419508,0.11844233376937043,0.1973383490400644,0.0,0.0,0.0,0.0,0.0,off,off,off,off,off
160.49999999999176,0.3,39.14999999999323,-7.267304667680435,-4.310269831401115,-3.3386604657633256,-4.310269831404469,-7.267304667690837,-11.29890826610091,-11.298908266127512,0.6658451194684952,0.7109987321641925,0.7234254072598294,0.7109987321640353,0.6658451194680771,0.19741173041677637,0.11844233376899396,0.09345282933419508,0.11844233376937043,0.19741173041752064,0.0,0.0,0.0,0.0,0.0,off,off,off,off,off
160.59999999999175,0.3,39.17999999999322,-7.257892309320766,-4.30088050079388,-3.329278780196887,-4.300880500793824,-7.257892309336228,-11.289544559181877,-11.28954455920848,0.6658384013481673,0.7110247190839997,0.7234516853600373,0.7110247190838518,0.665838401347736,0.19748492662939954,0.11844233376899396,0.09345282933419508,0.11844233376937043,0.19748492663014405,0.0,0.0,0.0,0.0,0.0,off,off,off,off,off
160.69999999999175,0.3,39.209999999993215,-7.248480982383228,-4.291492223204955,-3.3198981630099524,-4.291492223204784,-7.2484809824004515,-11.28018166496065,-11.280181664987253,0.6658317631838135,0.711050695662287,0.7234779530496948,0.7110506956621393,0.6658317631833777,0.19755793787052522,0.11844233376899396,0.09345282933419508,0.11844233376937043,0.19755793787127018,0.0,0.0,0.0,0.0,0.0,off,off,off,off,off
160.79999999999174,0.3,39.23999999999321,-7.239070686939613,-4.282104998046918,-3.3105186132597737,-4.282104998043621,-7.2390706869527435,-11.270819583965022,-11.270819583991567,0.6658252049467193,0.711076661931751,0.7235042103624593,0.7110766619316109,0.6658252049462935,0.19763076433148538,0.11844233376899396,0.09345282933419508,0.11844233376937043,0.19763076433223073,0.0,0.0,0.0,0.0,0.0,off,off,off,off,off
160.89999999999173,0.3,39.2699999999932,-7.22966142304432,-4.272718824736444,-3.3011401300168473,-4.272718824729111,-7.229661423060804,-11.261458316721246,-11.261458316747564,0.6658187266088933,0.7111026179249431,0.723530457331821,0.711102617924814,0.6658187266084583,0.19770340620176546,0.11844233376899396,0.09345282933419508,0.11844233376937043,0.19770340620251112,0.0,0.0,0.0,0.0,0.0,off,off,off,off,off
160.99999999999173,0.3,39.2999999999932,-7.220253190770279,-4.263333702690716,-3.2917627123673583,-4.263333702679461,-7.220253190786252,-11.252097863754216,-11.252097863780307,0.6658123281428961,0.7111285636742821,0.723556693991096,0.7111285636741631,0.665812328142462,0.19777586366915081,0.11844233376899396,0.09345282933419508,0.11844233376937043,0.19777586366989688,0.0,0.0,0.0,0.0,0.0,off,off,off,off,off
161.09999999999172,0.3,39.32999999999319,-7.210845990182179,-4.25394963133715,-3.2823863594043132,-4.2539496313264635,-7.210845990199402,-11.242738225587345,-11.242738225613493,0.6658060095218314,0.7111544992120276,0.7235829203734494,0.7111544992119069,0.6658060095213938,0.1978481369198635,0.11844233376899396,0.09345282933419508,0.11844233376937043,0.19784813692060998,0.0,0.0,0.0,0.0,0.0,off,off,off,off,off
161.19999999999172,0.3,39.359999999993185,-7.201439821343172,-4.244566610105721,-3.2730110702330535,-4.244566610092932,-7.201439821358747,-11.23337940274314,-11.23337940276923,0.6657997707192604,0.7111804245702998,0.7236091365118831,0.7111804245701845,0.665799770718827,0.19792022613868887,0.11844233376899396,0.09345282933419508,0.11844233376937043,0.19792022613943572,0.0,0.0,0.0,0.0,0.0,off,off,off,off,off
161.2999999999917,0.3,39.38999999999318,-7.192034684314422,-4.235184638438284,-3.2636368439713124,-4.235184638423675,-7.192034684329428,-11.224021395742568,-11.22402139576866,0.6657936117091352,0.7112063397810584,0.7236353424392336,0.7112063397809478,0.6657936117087028,0.19799213150909367,0.11844233376899396,0.09345282933419508,0.11844233376937043,0.19799213150984088,0.0,0.0,0.0,0.0,0.0,off,off,off,off,off
161.3999999999917,0.3,39.41999999999317,-7.182630579156239,-4.225803715778056,-3.2542636797447244,-4.225803715762254,-7.182630579172667,-11.214664205105237,-11.214664205131328,0.6657875324657366,0.7112322448761281,0.7236615381881879,0.7112322448760209,0.6657875324653006,0.19806385321333647,0.11844233376899396,0.09345282933419508,0.11844233376937043,0.19806385321408393,0.0,0.0,0.0,0.0,0.0,off,off,off,off,off
161.4999999999917,0.3,39.44999999999317,-7.173227505934165,-4.21642384157559,-3.244891576691316,-4.21642384155831,-7.1732275059523545,-11.2053078313495,-11.205307831375535,0.6657815329636017,0.7112581398871857,0.7236877237912706,0.7112581398870818,0.6657815329631608,0.19813539143256972,0.11844233376899396,0.09345282933419508,0.11844233376937043,0.19813539143331754,0.0,0.0,0.0,0.0,0.0,off,off,off,off,off
161.5999999999917,0.3,39.47999999999316,-7.163825464715046,-4.20704501528553,-3.2355205339567306,-4.2070450152664876,-7.163825464733179,-11.19595227499218,-11.195952275018328,0.6657756131774802,0.7112840248457667,0.7237138992808556,0.7112840248456678,0.6657756131770395,0.19820674634693572,0.11844233376899396,0.09345282933419508,0.11844233376937043,0.19820674634768398,0.0,0.0,0.0,0.0,0.0,off,off,off,off,off
161.6999999999917,0.3,39.509999999993155,-7.154424455556466,-4.197667236367181,-3.226150550701391,-4.197667236349162,-7.154424455573121,-11.186597536549073,-11.18659753657522,0.665769773082314,0.7113098997832669,0.7237400646891493,0.7113098997831651,0.665769773081876,0.19827791813565526,0.11844233376899396,0.09345282933419508,0.11844233376937043,0.1982779181364039,0.0,0.0,0.0,0.0,0.0,off,off,off,off,off
161.79999999999168,0.3,39.53999999999315,-7.145024477792219,-4.188290504284737,-3.2167816260896416,-4.1882905042685366,-7.14502447780967,-11.177243616533815,-11.177243616559963,0.6657640148509223,0.7113357647309403,0.723766220048221,0.7113357647308338,0.6657640148504825,0.19834890669310737,0.11844233376899396,0.09345282933419508,0.11844233376937043,0.19834890669385633,0.0,0.0,0.0,0.0,0.0,off,off,off,off,off
161.89999999999168,0.3,39.56999999999314,-7.135625527681782,-4.178914818472208,-3.2074137592997545,-4.178914818457542,-7.135625527698835,-11.16789051545095,-11.16789051547704,0.6657583478495179,0.7113616197199922,0.7237923653899735,0.7113616197198813,0.6657583478490791,0.19841970711826007,0.11844233376899396,0.09345282933419508,0.11844233376937043,0.19841970711900941,0.0,0.0,0.0,0.0,0.0,off,off,off,off,off
161.99999999999167,0.3,39.59999999999314,-7.126227602886331,-4.169540178321029,-3.1980469495181296,-4.169540178303123,-7.1262276029050895,-11.158538233795014,-11.158538233820991,0.6657527738129875,0.7113874647816092,0.7238185007461628,0.7113874647815067,0.6657527738125437,0.19849031090584857,0.11844233376899396,0.09345282933419508,0.11844233376937043,0.19849031090659833,0.0,0.0,0.0,0.0,0.0,off,off,off,off,off
162.09999999999167,0.3,39.62999999999313,-7.116830702090283,-4.160166583210184,-3.1886811959397505,-4.160166583191369,-7.116830702105233,-11.149186772054634,-11.149186772080611,0.665747292227301,0.7114132999468851,0.7238446261483947,0.7114132999467848,0.6657472922268666,0.19856071378456625,0.11844233376899396,0.09345282933419508,0.11844233376937043,0.19856071378531642,0.0,0.0,0.0,0.0,0.0,off,off,off,off,off
162.19999999999166,0.3,39.659999999993126,-7.1074348244230805,-4.150794032509111,-3.1793164977617607,-4.1507940324876245,-7.10743482444127,-11.139836130714343,-11.13983613074015,0.6657419022414807,0.711439125246811,0.7238707416281444,0.711439125246718,0.665741902241038,0.19863091488497273,0.11844233376899396,0.09345282933419508,0.11844233376937043,0.19863091488572326,0.0,0.0,0.0,0.0,0.0,off,off,off,off,off
162.29999999999166,0.3,39.68999999999312,-7.098039969288493,-4.141422525589064,-3.169952854184885,-4.141422525570306,-7.098039969304921,-11.13048631025498,-11.13048631028073,0.6657366029322533,0.7114649407122486,0.7238968472167505,0.7114649407121484,0.6657366029318147,0.19870091487818473,0.11844233376899396,0.09345282933419508,0.11844233376937043,0.19870091487893565,0.0,0.0,0.0,0.0,0.0,off,off,off,off,off
162.39999999999165,0.3,39.719999999993114,-7.088646136221769,-4.132052061824538,-3.1605902644320167,-4.1320520618055525,-7.08864613624263,-11.12113731115494,-11.121137311180519,0.6657313933912169,0.7114907463739263,0.72392294294537,0.7114907463738266,0.6657313933907674,0.19877071504007027,0.11844233376899396,0.09345282933419508,0.11844233376937043,0.1987707150408216,0.0,0.0,0.0,0.0,0.0,off,off,off,off,off
162.49999999999164,0.3,39.74999999999311,-7.079253324894012,-4.122682640587982,-3.1512287277086557,-4.122682640567575,-7.079253324911122,-11.111789133889943,-11.111789133915465,0.6657262727576203,0.7115165422624526,0.7239490288450805,0.7115165422623567,0.6657262727571799,0.19884031683829176,0.11844233376899396,0.09345282933419508,0.11844233376937043,0.1988403168390436,0.0,0.0,0.0,0.0,0.0,off,off,off,off,off
162.59999999999164,0.3,39.7799999999931,-7.069861535043799,-4.113314261253834,-3.1418682432413334,-4.11331426122922,-7.06986153506233,-11.102441778933894,-11.102441778959303,0.6657212402293421,0.7115423284083082,0.7239751049467803,0.7115423284082231,0.6657212402288977,0.19890972175635355,0.11844233376899396,0.09345282933419508,0.11844233376937043,0.19890972175710575,0.0,0.0,0.0,0.0,0.0,off,off,off,off,off
162.69999999999163,0.3,39.809999999993096,-7.060470766488606,-4.103946923205285,-3.1325088102594805,-4.103946923178853,-7.060470766500373,-11.093095246758253,-11.093095246783605,0.6657162950643883,0.7115681048418266,0.724001171281237,0.7115681048417465,0.6657162950639604,0.1989789312219375,0.11844233376899396,0.09345282933419508,0.11844233376937043,0.19897893122269006,0.0,0.0,0.0,0.0,0.0,off,off,off,off,off
162.79999999999163,0.3,39.83999999999309,-7.0510810190993425,-4.09458062583343,-3.1231504280040667,-4.094580625805122,-7.0510810191091196,-11.083749537833,-11.083749537858353,0.6657114365786794,0.7115938715931993,0.7240272278790651,0.7115938715931238,0.665711436578256,0.1990479465806979,0.11844233376899396,0.09345282933419508,0.11844233376937043,0.19904794658145067,0.0,0.0,0.0,0.0,0.0,off,off,off,off,off
162.89999999999162,0.3,39.869999999993084,-7.041692292803816,-4.0852153685301005,-3.1137930957075923,-4.085215368505828,-7.0416922928152985,-11.074404652626527,-11.074404652651822,0.6657066641423426,0.7116196286924928,0.7240532747707793,0.7116196286924066,0.6657066641419148,0.19911676908962078,0.11844233376899396,0.09345282933419508,0.11844233376937043,0.1991167690903739,0.0,0.0,0.0,0.0,0.0,off,off,off,off,off
162.99999999999162,0.3,39.89999999999308,-7.032304587573321,-4.0758511507071375,-3.1044368126184168,-4.075851150680592,-7.032304587583667,-11.065060591605572,-11.065060591630811,0.6657019771756509,0.7116453761696,0.7240793119867304,0.7116453761695198,0.6657019771752258,0.19918539991858195,0.11844233376899396,0.09345282933419508,0.11844233376937043,0.1991853999193353,0.0,0.0,0.0,0.0,0.0,off,off,off,off,off
163.0999999999916,0.3,39.92999999999307,-7.022917903422012,-4.066487971766492,-3.095081577997803,-4.066487971739491,-7.022917903437644,-11.0557173552358,-11.055717355260981,0.6656973751449635,0.7116711140543188,0.724105339557114,0.71167111405424,0.6656973751445253,0.19925384015513384,0.11844233376899396,0.09345282933419508,0.11844233376937043,0.1992538401558875,0.0,0.0,0.0,0.0,0.0,off,off,off,off,off
163.1999999999916,0.3,39.959999999993066,-7.013532240399968,-4.057125831128303,-3.0857273910915524,-4.057125831097778,-7.013532240417476,-11.046374943981277,-11.046374944006516,0.6656928575588901,0.7116968423762802,0.7241313575120468,0.7116968423762106,0.6656928575584461,0.19932209081036564,0.11844233376899396,0.09345282933419508,0.11844233376937043,0.1993220908111198,0.0,0.0,0.0,0.0,0.0,off,off,off,off,off
163.2999999999916,0.3,39.98999999999306,-7.004147598586428,-4.047764728219249,-3.076374251177185,-4.047764728187133,-7.0041475986015485,-11.037033358305223,-11.037033358330461,0.6656884239647213,0.7117225611649761,0.7241573658814412,0.7117225611649108,0.6656884239642832,0.1993901528249162,0.11844233376899396,0.09345282933419508,0.11844233376937043,0.19939015282567074,0.0,0.0,0.0,0.0,0.0,off,off,off,off,off
163.3999999999916,0.3,40.019999999993054,-6.99476397808769,-4.038404662474306,-3.067022157517158,-4.038404662441621,-6.99476397810281,-11.02769259866966,-11.027692598694841,0.6656840739451263,0.7117482704497596,0.7241833646951292,0.7117482704496957,0.6656840739446876,0.19945802707476198,0.11844233376899396,0.09345282933419508,0.11844233376937043,0.19945802707551688,0.0,0.0,0.0,0.0,0.0,off,off,off,off,off
163.4999999999916,0.3,40.04999999999305,-6.985381379032276,-4.029045633338228,-3.057671109390526,-4.029045633303269,-6.985381379047794,-11.01835266553553,-11.018352665560656,0.6656798071151248,0.7117739702598382,0.7242093539827816,0.71177397025978,0.6656798071146851,0.1995257143766397,0.11844233376899396,0.09345282933419508,0.11844233376937043,0.19952571437739497,0.0,0.0,0.0,0.0,0.0,off,off,off,off,off
163.59999999999158,0.3,40.07999999999304,-6.975999801571504,-4.019687640263442,-3.048321106083449,-4.019687640230472,-6.975999801585942,-11.009013559362984,-11.009013559388109,0.6656756231193001,0.711799660624281,0.7242353337739298,0.7117996606242171,0.6656756231188631,0.1995932154930627,0.11844233376899396,0.09345282933419508,0.11844233376937043,0.19959321549381834,0.0,0.0,0.0,0.0,0.0,off,off,off,off,off
163.69999999999158,0.3,40.109999999993036,-6.966619245871925,-4.010330682708059,-3.0389721468812354,-4.010330682676283,-6.966619245892275,-10.9996752806112,-10.999675280636325,0.6656715216292644,0.7118253415720251,0.7242613040979915,0.7118253415719586,0.6656715216288125,0.1996605311369353,0.11844233376899396,0.09345282933419508,0.11844233376937043,0.19966053113769133,0.0,0.0,0.0,0.0,0.0,off,off,off,off,off
163.79999999999157,0.3,40.13999999999303,-6.957239712121918,-4.00097476014929,-3.029624231083403,-4.000974760117174,-6.9572397121421545,-10.990337829738621,-10.99033782976369,0.6656675023413074,0.7118510131318405,0.7242872649842284,0.7118510131317745,0.6656675023408554,0.19972766197578543,0.11844233376899396,0.09345282933419508,0.11844233376937043,0.1997276619765419,0.0,0.0,0.0,0.0,0.0,off,off,off,off,off
163.89999999999156,0.3,40.169999999993024,-6.9478612005182185,-3.991619872064348,-3.0202773579864584,-3.9916198720339366,-6.947861200539819,-10.981001207202837,-10.981001207227848,0.6656635649742901,0.7118766753323793,0.724313216461794,0.7118766753323087,0.6656635649738347,0.19979460863564183,0.11844233376899396,0.09345282933419508,0.11844233376937043,0.19979460863639875,0.0,0.0,0.0,0.0,0.0,off,off,off,off,off
163.99999999999156,0.3,40.19999999999302,-6.938483711276774,-3.9822660179433456,-3.0109315269062336,-3.982266017914071,-6.93848371129377,-10.971665413460642,-10.971665413485653,0.6656597092676614,0.7119023282021453,0.7243391585596731,0.7119023282020722,0.6656597092672174,0.19986137170458368,0.11844233376899396,0.09345282933419508,0.11844233376937043,0.19986137170534105,0.0,0.0,0.0,0.0,0.0,off,off,off,off,off
164.09999999999155,0.3,40.22999999999301,-6.929107244611146,-3.9729131972824803,-3.0015867371591867,-3.972913197253206,-6.929107244627971,-10.962330448968203,-10.962330448993214,0.665655934979721,0.7119279717695097,0.7243650913067344,0.7119279717694365,0.6656559349792764,0.1999279517359893,0.11844233376899396,0.09345282933419508,0.11844233376937043,0.199927951736747,0.0,0.0,0.0,0.0,0.0,off,off,off,off,off
164.19999999999155,0.3,40.259999999993006,-6.919731800745296,-3.9635614095908522,-2.99224298806638,-3.9635614095645906,-6.919731800759791,-10.952996314181064,-10.952996314206018,0.6656522418859454,0.7119536060626954,0.7243910147317175,0.7119536060626143,0.6656522418855074,0.19999434925150827,0.11844233376899396,0.09345282933419508,0.11844233376937043,0.19999434925226628,0.0,0.0,0.0,0.0,0.0,off,off,off,off,off
164.29999999999154,0.3,40.289999999993,-6.910357379915865,-3.954210654386486,-2.9829002789564925,-3.9542106543572686,-6.910357379929621,-10.943663009553916,-10.943663009578756,0.6656486297774887,0.7119792311097868,0.7244169288632292,0.7119792311097134,0.6656486297770519,0.2000605647437818,0.11844233376899396,0.09345282933419508,0.11844233376937043,0.20006056474454006,0.0,0.0,0.0,0.0,0.0,off,off,off,off,off
164.39999999999154,0.3,40.319999999992994,-6.900983982359776,-3.9448609311896803,-2.973558609159113,-3.94486093116069,-6.90098398236745,-10.93433053554088,-10.93433053556555,0.6656450984598337,0.7120048469387489,0.7244428337297578,0.7120048469386747,0.6656450984594114,0.20012659867893123,0.11844233376899396,0.09345282933419508,0.11844233376937043,0.20012659867968974,0.0,0.0,0.0,0.0,0.0,off,off,off,off,off
164.49999999999153,0.3,40.34999999999299,-6.891611608315543,-3.935512239539605,-2.9642179780259426,-3.9355122395082844,-6.891611608323501,-10.924998892595283,-10.92499889262001,0.6656416477515367,0.712030453577382,0.7244687293596197,0.7120304535773141,0.6656416477511137,0.20019245149883522,0.11844233376899396,0.09345282933419508,0.11844233376937043,0.20019245149959392,0.0,0.0,0.0,0.0,0.0,off,off,off,off,off
164.59999999999152,0.3,40.37999999999298,-6.88224025802424,-3.9261645789756017,-2.954878384903111,-3.926164578943485,-6.882240258034017,-10.915668081170338,-10.915668081194951,0.665638277483075,0.7120560510533749,0.7244946157810332,0.712056051053309,0.6656382774826474,0.20025812362321296,0.11844233376899396,0.09345282933419508,0.11844233376937043,0.2002581236239719,0.0,0.0,0.0,0.0,0.0,off,off,off,off,off
164.69999999999152,0.3,40.409999999992976,-6.872869931737682,-3.9168179490461057,-2.945539829144593,-3.9168179490135344,-6.872869931755815,-10.90633810171795,-10.906338101742449,0.6656349874957744,0.7120816393942789,0.7245204930220827,0.7120816393942143,0.6656349874953251,0.20032361545153046,0.11844233376899396,0.09345282933419508,0.11844233376937043,0.20032361545228977,0.0,0.0,0.0,0.0,0.0,off,off,off,off,off
164.7999999999915,0.3,40.43999999999297,-6.863500629710984,-3.9074723493143892,-2.936202310115391,-3.907472349280738,-6.863500629724626,-10.897008954689795,-10.897008954714295,0.6656317776408638,0.712107218627494,0.7245463611107108,0.7121072186274322,0.6656317776404261,0.20038892736474476,0.11844233376899396,0.09345282933419508,0.11844233376937043,0.20038892736550445,0.0,0.0,0.0,0.0,0.0,off,off,off,off,off
164.8999999999915,0.3,40.469999999992964,-6.854132352177089,-3.898127779346794,-2.926865827184713,-3.8981277793102436,-6.8541323521922095,-10.887680640536871,-10.88768064056137,0.6656286477786622,0.7121327887803021,0.7245722200747372,0.7121327887802475,0.6656286477782205,0.20045405972689942,0.11844233376899396,0.09345282933419508,0.11844233376937043,0.20045405972765937,0.0,0.0,0.0,0.0,0.0,off,off,off,off,off
164.9999999999915,0.3,40.49999999999296,-6.844765099386677,-3.888784238718415,-2.917530379733307,-3.888784238681751,-6.844765099402991,-10.878353159709548,-10.878353159733877,0.6656255977776677,0.7121583498798479,0.7245980699418402,0.7121583498797943,0.6656255977772225,0.20051901288658433,0.11844233376899396,0.09345282933419508,0.11844233376937043,0.20051901288734464,0.0,0.0,0.0,0.0,0.0,off,off,off,off,off
165.0999999999915,0.3,40.52999999999295,-6.835398871592417,-3.8794417270144095,-2.9081959671418645,-3.879441726976154,-6.835398871605491,-10.86902651265757,-10.869026512682012,0.6656226275138626,0.7121839019531429,0.7246239107395872,0.7121839019530927,0.6656226275134256,0.20058378717827202,0.11844233376899396,0.09345282933419508,0.11844233376937043,0.2005837871790326,0.0,0.0,0.0,0.0,0.0,off,off,off,off,off
165.1999999999915,0.3,40.55999999999295,-6.826033669031915,-3.8701002438273804,-2.8988625888010233,-3.8701002437852026,-6.826033669042374,-10.859700699830114,-10.8597006998545,0.6656197368700815,0.7122094450270652,0.7246497424954093,0.7122094450270259,0.6656197368696509,0.2006483829235397,0.11844233376899396,0.09345282933419508,0.11844233376937043,0.2006483829243005,0.0,0.0,0.0,0.0,0.0,off,off,off,off,off
165.29999999999148,0.3,40.58999999999294,-6.816669491952496,-3.860759788748794,-2.8895302441130184,-3.8607597887090037,-6.816669491963864,-10.850375721675732,-10.850375721700004,0.6656169257353299,0.7122349791283892,0.724675565236596,0.712234979128343,0.6656169257348963,0.20071280043218723,0.11844233376899396,0.09345282933419508,0.11844233376937043,0.20071280043294829,0.0,0.0,0.0,0.0,0.0,off,off,off,off,off
165.39999999999148,0.3,40.619999999992935,-6.807306340590969,-3.851420361390865,-2.880198932483779,-3.8514203613536893,-6.807306340602622,-10.841051578642237,-10.841051578666452,0.6656141940042702,0.7122605042837239,0.724701378990318,0.712260504283671,0.6656141940038356,0.2007770400032607,0.11844233376899396,0.09345282933419508,0.11844233376937043,0.200777040004022,0.0,0.0,0.0,0.0,0.0,off,off,off,off,off
165.49999999999147,0.3,40.64999999999293,-6.797944215184316,-3.8420819613721164,-2.8708686533207697,-3.8420819613324966,-6.797944215195116,-10.831728271176928,-10.831728271201086,0.6656115415766793,0.7122860205195531,0.7247271837836337,0.7122860205195066,0.665611541576247,0.20084110192598825,0.11844233376899396,0.09345282933419508,0.11844233376937043,0.20084110192674984,0.0,0.0,0.0,0.0,0.0,off,off,off,off,off
165.59999999999147,0.3,40.67999999999292,-6.788583115967526,-3.8327445883067526,-2.861539406047882,-3.832744588268099,-6.7885831159808845,-10.822405799726425,-10.82240579975047,0.6656089683569799,0.7123115278622648,0.7247529796434493,0.7123115278622157,0.6656089683565407,0.20090498648063662,0.11844233376899396,0.09345282933419508,0.11844233376937043,0.20090498648139854,0.0,0.0,0.0,0.0,0.0,off,off,off,off,off
165.69999999999146,0.3,40.70999999999292,-6.779223043182526,-3.823408241827849,-2.8522111900917366,-3.82340824178857,-6.779223043196055,-10.813084164736722,-10.813084164760767,0.6656064742537843,0.7123370263380885,0.7247787665965553,0.712337026338041,0.6656064742533444,0.20096869393929512,0.11844233376899396,0.09345282933419508,0.11844233376937043,0.2009686939400574,0.0,0.0,0.0,0.0,0.0,off,off,off,off,off
165.79999999999146,0.3,40.73999999999291,-6.769863997057655,-3.814072921568595,-2.842884004879295,-3.8140729215284637,-6.769863997070047,-10.803763366653357,-10.803763366677174,0.6656040591795511,0.7123625159731457,0.7248045446696347,0.7123625159731004,0.6656040591791144,0.20103222456659242,0.11844233376899396,0.09345282933419508,0.11844233376937043,0.20103222456735495,0.0,0.0,0.0,0.0,0.0,off,off,off,off,off
165.89999999999145,0.3,40.769999999992905,-6.760505977811306,-3.80473862716957,-2.8335578498607674,-3.8047386271313144,-6.760505977824266,-10.794443405920731,-10.794443405944548,0.6656017230502145,0.7123879967934332,0.7248303138892008,0.7123879967933832,0.6656017230497759,0.2010955786203524,0.11844233376899396,0.09345282933419508,0.11844233376937043,0.20109557862111518,0.0,0.0,0.0,0.0,0.0,off,off,off,off,off
165.99999999999145,0.3,40.7999999999929,-6.7511489856751155,-3.7954053582805045,-2.824232724478179,-3.7954053582438974,-6.75114898568404,-10.785124282983134,-10.785124283006837,0.6655994657847916,0.7124134688248169,0.7248560742816834,0.7124134688247624,0.6655994657843631,0.20115875635219452,0.11844233376899396,0.09345282933419508,0.11844233376937043,0.20115875635295757,0.0,0.0,0.0,0.0,0.0,off,off,off,off,off
166.09999999999144,0.3,40.82999999999289,-6.741793020864463,-3.7860731145576096,-2.8149086281842983,-3.7860731145217414,-6.741793020868158,-10.775805998283772,-10.775805998307476,0.6655972873051558,0.7124389320930382,0.7248818258733762,0.7124389320929817,0.6655972873047395,0.20122175800808323,0.11844233376899396,0.09345282933419508,0.11844233376937043,0.20122175800884648,0.0,0.0,0.0,0.0,0.0,off,off,off,off,off
166.19999999999143,0.3,40.85999999999289,-6.732438083590353,-3.776741895660564,-2.805585560441614,-3.776741895625662,-6.732438083598652,-10.766488552265457,-10.766488552289218,0.6655951875357272,0.7124643866237258,0.7249075686904423,0.7124643866236671,0.6655951875352997,0.20128458382883002,0.11844233376899396,0.09345282933419508,0.11844233376937043,0.2012845838295934,0.0,0.0,0.0,0.0,0.0,off,off,off,off,off
166.29999999999143,0.3,40.88999999999288,-6.723084174073563,-3.7674117012574584,-2.7962635207222206,-3.7674117012236934,-6.723084174080327,-10.75717194537026,-10.75717194539402,0.6655931664031857,0.7124898324423802,0.7249333027589147,0.7124898324423188,0.6655931664027619,0.20134723405055338,0.11844233376899396,0.09345282933419508,0.11844233376937043,0.20134723405131696,0.0,0.0,0.0,0.0,0.0,off,off,off,off,off
166.39999999999142,0.3,40.919999999992875,-6.713731292517252,-3.758082531023888,-2.786942508501454,-3.758082530990407,-6.713731292519924,-10.747856178039399,-10.74785617806316,0.665591223836305,0.7125152695743787,0.7249590281047127,0.7125152695743161,0.6655912238358909,0.2014097089050994,0.11844233376899396,0.09345282933419508,0.11844233376937043,0.20140970890586316,0.0,0.0,0.0,0.0,0.0,off,off,off,off,off
166.49999999999142,0.3,40.94999999999287,-6.704379439126001,-3.7487543846395965,-2.7776225232648244,-3.7487543846075937,-6.704379439132424,-10.738541250713524,-10.738541250737342,0.6655893597656929,0.7125406980449819,0.7249847447536235,0.7125406980449155,0.6655893597652696,0.20147200862042663,0.11844233376899396,0.09345282933419508,0.11844233376937043,0.2014720086211905,0.0,0.0,0.0,0.0,0.0,off,off,off,off,off
166.5999999999914,0.3,40.97999999999286,-6.6950286141069455,-3.739427261790013,-2.768303564495284,-3.7394272617578963,-6.695028614110413,-10.729227163832661,-10.729227163856308,0.6655875741235957,0.712566117879333,0.7250104527313393,0.7125661178792672,0.6655875741231793,0.20153413342095805,0.11844233376899396,0.09345282933419508,0.11844233376937043,0.20153413342172205,0.0,0.0,0.0,0.0,0.0,off,off,off,off,off
166.6999999999914,0.3,41.00999999999286,-6.685678817653184,-3.7301011621666476,-2.7589856316889154,-3.73010116213419,-6.685678817655969,-10.719913917835925,-10.719913917859628,0.6655858668437583,0.7125915291024559,0.7250361520634139,0.7125915291023909,0.6655858668433433,0.2015960835279035,0.11844233376899396,0.09345282933419508,0.11844233376937043,0.20159608352866762,0.0,0.0,0.0,0.0,0.0,off,off,off,off,off
166.7999999999914,0.3,41.03999999999285,-6.676330049956562,-3.720776085461978,-2.7496687243541373,-3.7207760854307708,-6.676330049967532,-10.710601513161919,-10.710601513185509,0.6655842378612339,0.712616931739269,0.7250618427752631,0.7126169317392009,0.6655842378607985,0.20165785915955406,0.11844233376899396,0.09345282933419508,0.11844233376937043,0.2016578591603184,0.0,0.0,0.0,0.0,0.0,off,off,off,off,off
166.8999999999914,0.3,41.069999999992845,-6.666982311208415,-3.711452031383942,-2.7403528419932286,-3.7114520313543267,-6.666982311222,-10.701289950248224,-10.701289950271814,0.6655826871122292,0.7126423258145475,0.7250875248922184,0.7126423258144752,0.6655826871117874,0.201719460531552,0.11844233376899396,0.09345282933419508,0.11844233376937043,0.2017194605323166,0.0,0.0,0.0,0.0,0.0,off,off,off,off,off
166.9999999999914,0.3,41.09999999999284,-6.657635601601555,-3.7021289996370115,-2.731037984126033,-3.7021289996072824,-6.657635601614459,-10.691979229531853,-10.691979229555557,0.6655812145339668,0.7126677113529745,0.7251131984394631,0.7126677113529023,0.6655812145335261,0.20178088785713733,0.11844233376899396,0.09345282933419508,0.11844233376937043,0.20178088785790227,0.0,0.0,0.0,0.0,0.0,off,off,off,off,off
167.09999999999138,0.3,41.12999999999283,-6.648289921315268,-3.6928069899356615,-2.7217241502808633,-3.692806989904625,-6.648289921324135,-10.682669351449192,-10.682669351472896,0.6655798200645948,0.7126930883791045,0.7251388634420557,0.7126930883790358,0.6655798200641643,0.20184214134737383,0.11844233376899396,0.09345282933419508,0.11844233376937043,0.201842141348139,0.0,0.0,0.0,0.0,0.0,off,off,off,off,off
167.19999999999138,0.3,41.15999999999283,-6.638945270525653,-3.683486001996414,-2.7124113399798944,-3.6834860019660027,-6.638945270533043,-10.673360316435662,-10.67336031645931,0.6655785036430494,0.7127184569173863,0.7251645199249704,0.7127184569173158,0.6655785036426227,0.20190322121135518,0.11844233376899396,0.09345282933419508,0.11844233376937043,0.20190322121212054,0.0,0.0,0.0,0.0,0.0,off,off,off,off,off
167.29999999999137,0.3,41.18999999999282,-6.62960164941353,-3.6741660355410772,-2.70309955275917,-3.6741660355165777,-6.629601649422057,-10.664052124926116,-10.66405212494982,0.6655772652089311,0.712743816992154,0.7251901679130439,0.7127438169920678,0.6655772652085014,0.20196412765639413,0.11844233376899396,0.09345282933419508,0.11844233376937043,0.20196412765715965,0.0,0.0,0.0,0.0,0.0,off,off,off,off,off
167.39999999999137,0.3,41.219999999992815,-6.620259058149827,-3.664847090299986,-2.6937887881672395,-3.664847090276453,-6.620259058160002,-10.65474477735438,-10.65474477737797,0.665576104702444,0.7127691686276185,0.7252158074309789,0.7127691686275304,0.6655761047020099,0.20202486088819552,0.11844233376899396,0.09345282933419508,0.11844233376937043,0.2020248608889612,0.0,0.0,0.0,0.0,0.0,off,off,off,off,off
167.49999999999136,0.3,41.24999999999281,-6.610917496910815,-3.6555291660055786,-2.6844790457484464,-3.6555291659839213,-6.6109174969154765,-10.645438274153776,-10.645438274177309,0.6655750220642719,0.7127945118478874,0.7252414385033905,0.7127945118477939,0.6655750220638512,0.20208542111101413,0.11844233376899396,0.09345282933419508,0.11844233376937043,0.20208542111178,0.0,0.0,0.0,0.0,0.0,off,off,off,off,off
167.59999999999135,0.3,41.2799999999928,-6.601576965853781,-3.6462122623972277,-2.675170325060833,-3.646212262376821,-6.601576965853383,-10.636132615756708,-10.63613261578007,0.6655740172355599,0.7128198466769483,0.7252670611547577,0.7128198466768517,0.6655740172351523,0.20214580852779954,0.11844233376899396,0.09345282933419508,0.11844233376937043,0.2021458085285655,0.0,0.0,0.0,0.0,0.0,off,off,off,off,off
167.69999999999135,0.3,41.3099999999928,-6.592237465142944,-3.6368963792156137,-2.6658626256649427,-3.636896379195548,-6.592237465141295,-10.62682780259479,-10.626827802618038,0.6655730901577761,0.7128451731386884,0.7252926754094535,0.7128451731385911,0.6655730901573709,0.20220602334032858,0.11844233376899396,0.09345282933419508,0.11844233376937043,0.2022060233410945,0.0,0.0,0.0,0.0,0.0,off,off,off,off,off
167.79999999999134,0.3,41.33999999999279,-6.582898994940535,-3.6275815162074423,-2.656555947131608,-3.6275815161865808,-6.58289899493866,-10.617523835098666,-10.617523835121915,0.6655722407726669,0.7128704912568797,0.725318281291726,0.7128704912567845,0.6655722407722621,0.20226606574932618,0.11844233376899396,0.09345282933419508,0.11844233376937043,0.20226606575009207,0.0,0.0,0.0,0.0,0.0,off,off,off,off,off
167.89999999999134,0.3,41.369999999992785,-6.573561555403842,-3.6182676731236256,-2.6472502890298415,-3.618267673103162,-6.573561555399863,-10.608220713698586,-10.608220713721664,0.6655714690222043,0.7128958010551858,0.7253438788257304,0.7128958010550893,0.6655714690218051,0.2023259359545766,0.11844233376899396,0.09345282933419508,0.11844233376937043,0.20232593595534243,0.0,0.0,0.0,0.0,0.0,off,off,off,off,off
167.99999999999133,0.3,41.39999999999278,-6.564225146576064,-3.608954849723318,-2.6379456509509964,-3.6089548497010924,-6.564225146573165,-10.598918438823603,-10.598918438846624,0.665570778359705,0.7129211025571499,0.7253694680354624,0.7129211025570583,0.6655707783593027,0.20238563393350661,0.11844233376899396,0.09345282933419508,0.11844233376937043,0.20238563393427245,0.0,0.0,0.0,0.0,0.0,off,off,off,off,off
168.09999999999133,0.3,41.42999999999277,-6.554889768093176,-3.599643045754931,-2.628642032470964,-3.599643045727987,-6.554889768089026,-10.58961701090061,-10.589617010923462,0.6655701979047436,0.7129463957862476,0.7253950489448653,0.7129463957861685,0.6655701979043438,0.2024451477433949,0.11844233376899396,0.09345282933419508,0.11844233376937043,0.20244514774416073,0.0,0.0,0.0,0.0,0.0,off,off,off,off,off
168.19999999999132,0.3,41.45999999999277,-6.545555422538428,-3.5903322609892143,-2.6193394331811533,-3.5903322609630095,-6.54555542253695,-10.580316430359176,-10.580316430381856,0.6655697285352042,0.7129716807657988,0.7254206215777415,0.7129716807657175,0.6655697285347982,0.2025044536790458,0.11844233376899396,0.09345282933419508,0.11844233376937043,0.20250445367981162,0.0,0.0,0.0,0.0,0.0,off,off,off,off,off
168.29999999999131,0.3,41.48999999999276,-6.536222113281781,-3.581022495248874,-2.6100378526901977,-3.5810224952209637,-6.536222113281326,-10.571016697636594,-10.571016697659218,0.6655693706647782,0.7129969575188924,0.7254461859577531,0.712996957518816,0.6655693706643693,0.20256354135233995,0.11844233376899396,0.09345282933419508,0.11844233376937043,0.2025635413531058,0.0,0.0,0.0,0.0,0.0,off,off,off,off,off
168.3999999999913,0.3,41.519999999992756,-6.526889843642209,-3.5717137484090244,-2.600737290597408,-3.5717137483803185,-6.526889843641243,-10.561717813178518,-10.561717813201028,0.6655691257385349,0.7130222260683865,0.7254717421084907,0.7130222260683118,0.6655691257381275,0.20262240639671758,0.11844233376899396,0.09345282933419508,0.11844233376937043,0.2026224063974835,0.0,0.0,0.0,0.0,0.0,off,off,off,off,off
168.4999999999913,0.3,41.54999999999275,-6.517558616838187,-3.562406020381445,-2.591437746526424,-3.5624060203497834,-6.517558616836993,-10.552419777438047,-10.5524197774605,0.6655689953067838,0.7130474864369487,0.7254972900533839,0.713047486436882,0.665568995306377,0.20268104585911428,0.11844233376899396,0.09345282933419508,0.11844233376937043,0.20268104585988014,0.0,0.0,0.0,0.0,0.0,off,off,off,off,off
168.5999999999913,0.3,41.579999999992744,-6.508228435957392,-3.553099311118274,-2.582139220102192,-3.553099311084452,-6.508228435963758,-10.54312259087601,-10.54312259089835,0.6655689808534596,0.7130727386470478,0.725522829815766,0.7130727386469865,0.665568980853033,0.2027394572159842,0.11844233376899396,0.09345282933419508,0.11844233376937043,0.20273945721675019,0.0,0.0,0.0,0.0,0.0,off,off,off,off,off
168.6999999999913,0.3,41.60999999999274,-6.498899303992118,-3.543793620618999,-2.5728417109616544,-3.5437936205836422,-6.498899303996495,-10.533826253960171,-10.533826253982454,0.6655690837676682,0.713097982720934,0.7255483614188416,0.7130979827208769,0.6655690837672467,0.202797638169682,0.11844233376899396,0.09345282933419508,0.11844233376937043,0.20279763817044807,0.0,0.0,0.0,0.0,0.0,off,off,off,off,off
168.7999999999913,0.3,41.63999999999273,-6.489571223798407,-3.534488948912781,-2.5635452187544274,-3.5344889488776516,-6.4895712238073315,-10.52453076716506,-10.524530767187287,0.6655693053432821,0.7131232186806886,0.7255738848856901,0.7131232186806306,0.6655693053428495,0.20285558659955616,0.11844233376899396,0.09345282933419508,0.11844233376937043,0.20285558660032244,0.0,0.0,0.0,0.0,0.0,off,off,off,off,off
168.89999999999128,0.3,41.669999999992726,-6.480244198158459,-3.525185296067832,-2.5542497431491142,-3.525185296030827,-6.48024419816295,-10.515236130971687,-10.515236130993912,0.6655696467834437,0.7131484465481965,0.725599400239245,0.7131484465481434,0.6655696467830219,0.20291330054403744,0.11844233376899396,0.09345282933419508,0.11844233376937043,0.20291330054480386,0.0,0.0,0.0,0.0,0.0,off,off,off,off,off
168.99999999999127,0.3,41.69999999999272,-6.470918229717142,-3.515882662183685,-2.5449552838161367,-3.5158826621461117,-6.470918229719302,-10.505942345867368,-10.50594234588931,0.6655701092061046,0.7131736663451688,0.7256249075023424,0.7131736663451171,0.6655701092056883,0.20297077818934267,0.11844233376899396,0.09345282933419508,0.11844233376937043,0.20297077819010914,0.0,0.0,0.0,0.0,0.0,off,off,off,off,off
169.09999999999127,0.3,41.729999999992714,-6.46159332104628,-3.506581047389716,-2.5356618404444475,-3.506581047350096,-6.461593321049122,-10.496649412344823,-10.496649412366708,0.6655706936491119,0.7131988780931463,0.7256504066976771,0.7131988780931002,0.6655706936486939,0.20302801785996613,0.11844233376899396,0.09345282933419508,0.11844233376937043,0.20302801786073268,0.0,0.0,0.0,0.0,0.0,off,off,off,off,off
169.19999999999126,0.3,41.75999999999271,-6.452269474615548,-3.49728045184429,-2.5263694127364147,-3.497280451806546,-6.452269474618504,-10.48735733090274,-10.487357330924453,0.6655714010752373,0.7132240818135029,0.7256758978478152,0.713224081813451,0.6655714010748188,0.20308501800997994,0.11844233376899396,0.09345282933419508,0.11844233376937043,0.20308501801074652,0.0,0.0,0.0,0.0,0.0,off,off,off,off,off
169.29999999999126,0.3,41.7899999999927,-6.442946692812143,-3.4879808757324895,-2.517078000409697,-3.4879808756921307,-6.442946692819646,-10.47806610204492,-10.478066102066578,0.6655722323767852,0.7132492775274493,0.7257013809751904,0.7132492775274047,0.6655722323763557,0.2031417772149205,0.11844233376899396,0.09345282933419508,0.11844233376937043,0.20314177721568724,0.0,0.0,0.0,0.0,0.0,off,off,off,off,off
169.39999999999125,0.3,41.819999999992696,-6.433624977944987,-3.4786823192580414,-2.507787603198551,-3.4786823192220595,-6.433624977953684,-10.468775726280342,-10.468775726301885,0.6655731883799484,0.713274465256059,0.7257268561021017,0.7132744652560022,0.6655731883795155,0.20319829416419172,0.11844233376899396,0.09345282933419508,0.11844233376937043,0.2031982941649587,0.0,0.0,0.0,0.0,0.0,off,off,off,off,off
169.49999999999125,0.3,41.84999999999269,-6.424304332230463,-3.4693847826574142,-2.4984982208445103,-3.4693847826228534,-6.4243043322404105,-10.45948620412264,-10.459486204144014,0.6655742698489383,0.7132996450202262,0.7257523232507374,0.7132996450201661,0.6655742698485025,0.2032545676539459,0.11844233376899396,0.09345282933419508,0.11844233376937043,0.20325456765471317,0.0,0.0,0.0,0.0,0.0,off,off,off,off,off
169.59999999999124,0.3,41.879999999992684,-6.414984757810998,-3.460088266186631,-2.489209853109344,-3.460088266151672,-6.414984757821458,-10.450197536090059,-10.450197536111375,0.6655754774897791,0.7133248168407058,0.7257777824431406,0.7133248168406471,0.6655754774893414,0.20331059658041084,0.11844233376899396,0.09345282933419508,0.11844233376937043,0.2033105965811783,0.0,0.0,0.0,0.0,0.0,off,off,off,off,off
169.69999999999123,0.3,41.90999999999268,-6.405666256766949,-3.4507927701167773,-2.479922499773579,-3.450792770076248,-6.40566625677269,-10.440909722705385,-10.440909722726587,0.6655768119538743,0.7133499807381234,0.7258032337012151,0.7133499807380789,0.665576811953449,0.20336637993363488,0.11844233376899396,0.09345282933419508,0.11844233376937043,0.20336637993440257,0.0,0.0,0.0,0.0,0.0,off,off,off,off,off
169.79999999999123,0.3,41.93999999999267,-6.396348831091643,-3.4414982947395742,-2.4706361606272367,-3.4414982946981354,-6.3963488310988055,-10.431622764495273,-10.431622764516362,0.6655782738414481,0.7133751367329586,0.7258286770467494,0.713375136732917,0.6655782738410186,0.20342191679162483,0.11844233376899396,0.09345282933419508,0.11844233376937043,0.20342191679239266,0.0,0.0,0.0,0.0,0.0,off,off,off,off,off
169.89999999999122,0.3,41.969999999992666,-6.387032482728046,-3.4322048403604413,-2.4613508354771625,-3.432204840316558,-6.387032482733957,-10.422336661990471,-10.422336662011446,0.6655798637046134,0.7134002848455689,0.7258541125013985,0.713400284845533,0.6655798637041866,0.2034772063148503,0.11844233376899396,0.09345282933419508,0.11844233376937043,0.20347720631561833,0.0,0.0,0.0,0.0,0.0,off,off,off,off,off
169.99999999999122,0.3,41.99999999999266,-6.377717213545566,-3.4229124073086155,-2.4520665241497,-3.4229124072654145,-6.37771721354909,-10.413051415725533,-10.413051415746281,0.6655815820503997,0.7134254250961575,0.7258795400866759,0.71342542509612,0.6655815820499793,0.20353224774109308,0.11844233376899396,0.09345282933419508,0.11844233376937043,0.20353224774186124,0.0,0.0,0.0,0.0,0.0,off,off,off,off,off
170.0999999999912,0.3,42.029999999992654,-6.368403025351711,-3.4136209959258395,-2.4427832264790936,-3.413620995880933,-6.36840302535677,-10.40376702623837,-10.403767026258947,0.6655834293435029,0.7134505575048081,0.7259049598239858,0.713450557504775,0.6655834293430785,0.2035870403806191,0.11844233376899396,0.09345282933419508,0.11844233376937043,0.20358704038138736,0.0,0.0,0.0,0.0,0.0,off,off,off,off,off
170.1999999999912,0.3,42.05999999999265,-6.359089919907092,-3.404330606564997,-2.4335009423186875,-3.404330606523274,-6.359089919910389,-10.394483494070471,-10.394483494090878,0.6655854060088562,0.7134756820914872,0.7259303717345938,0.7134756820914455,0.6655854060084359,0.20364158361165308,0.11844233376899396,0.09345282933419508,0.11844233376937043,0.20364158361242155,0.0,0.0,0.0,0.0,0.0,off,off,off,off,off
170.2999999999912,0.3,42.08999999999264,-6.34977789890678,-3.395041239594889,-2.4242196715392197,-3.3950412395572016,-6.3497778989097355,-10.38520081976651,-10.38520081978686,0.6655875124341223,0.7135007988760299,0.7259557758396306,0.7135007988759777,0.6655875124337021,0.20369587687613694,0.11844233376899396,0.09345282933419508,0.11844233376937043,0.20369587687690555,0.0,0.0,0.0,0.0,0.0,off,off,off,off,off
170.3999999999912,0.3,42.119999999992636,-6.34046696399156,-3.3857528953996052,-2.4149394140230243,-3.385752895362259,-6.340466963994061,-10.375919003874117,-10.375919003894467,0.665589748971953,0.7135259078781456,0.725981172160109,0.7135259078780931,0.6655897489715346,0.20374991967575382,0.11844233376899396,0.09345282933419508,0.11844233376937043,0.20374991967652256,0.0,0.0,0.0,0.0,0.0,off,off,off,off,off
170.4999999999912,0.3,42.14999999999263,-6.331157116756572,-3.376465574368183,-2.4056601696684083,-3.376465574330382,-6.331157116760039,-10.366638046944104,-10.366638046964397,0.6655921159421239,0.7135510091174432,0.7260065607169124,0.7135510091173914,0.6655921159417025,0.20380371156820157,0.11844233376899396,0.09345282933419508,0.11844233376937043,0.20380371156897048,0.0,0.0,0.0,0.0,0.0,off,off,off,off,off
170.59999999999118,0.3,42.179999999992624,-6.321848358753641,-3.367179276902334,-2.3963819383928353,-3.367179276864647,-6.321848358756597,-10.357357949529728,-10.357357949550021,0.6655946136335359,0.7135761026134111,0.7260319415307872,0.713576102613359,0.6655946136331155,0.20385725216370001,0.11844233376899396,0.09345282933419508,0.11844233376937043,0.20385725216446904,0.0,0.0,0.0,0.0,0.0,off,off,off,off,off
170.69999999999118,0.3,42.20999999999262,-6.312540691473771,-3.357894003418153,-2.3871047201221245,-3.3578940033766003,-6.312540691476556,-10.348078712187089,-10.348078712207325,0.6655972423061528,0.7136011883854126,0.7260573146223699,0.7136011883853713,0.665597242305732,0.20391054112171683,0.11844233376899396,0.09345282933419508,0.11844233376937043,0.20391054112248597,0.0,0.0,0.0,0.0,0.0,off,off,off,off,off
170.79999999999117,0.3,42.23999999999261,-6.303234116370447,-3.3486097543295728,-2.37782851479966,-3.3486097542889866,-6.303234116368969,-10.33880033547473,-10.338800335494966,0.6656000021927101,0.7136262664527333,0.726082680012165,0.713626266452689,0.6656000021923009,0.20396357814789856,0.11844233376899396,0.09345282933419508,0.11844233376937043,0.20396357814866778,0.0,0.0,0.0,0.0,0.0,off,off,off,off,off
170.89999999999117,0.3,42.269999999992606,-6.293928634852591,-3.3393265300738904,-2.36855332238099,-3.339326530034157,-6.293928634851909,-10.329522819953525,-10.329522819973818,0.6656028935003986,0.7136513368345092,0.7261080377205598,0.7136513368344626,0.6656028934999864,0.2040163629911946,0.11844233376899396,0.09345282933419508,0.11844233376937043,0.20401636299196393,0.0,0.0,0.0,0.0,0.0,off,off,off,off,off
170.99999999999116,0.3,42.2999999999926,-6.284624248293142,-3.330044331082547,-2.3592791428444,-3.3300443310418473,-6.284624248292914,-10.320246166186564,-10.32024616620697,0.6656059164123939,0.7136763995498074,0.7261333877677949,0.7136763995497635,0.6656059164119804,0.2040688954411613,0.11844233376899396,0.09345282933419508,0.11844233376937043,0.20406889544193071,0.0,0.0,0.0,0.0,0.0,off,off,off,off,off
171.09999999999116,0.3,42.329999999992594,-6.275320958020359,-3.3207631578049472,-2.350005976173634,-3.3207631577627694,-6.27532095802178,-10.3109703747391,-10.31097037475962,0.6656090710893399,0.7137014546175624,0.7261587301740123,0.7137014546175222,0.6656090710889226,0.20412117532543472,0.11844233376899396,0.09345282933419508,0.11844233376937043,0.20412117532620425,0.0,0.0,0.0,0.0,0.0,off,off,off,off,off
171.19999999999115,0.3,42.35999999999259,-6.266018765325271,-3.311483010688846,-2.340733822366019,-3.3114830106470095,-6.266018765323736,-10.301695446178542,-10.301695446199005,0.6656123576707005,0.7137265020566289,0.7261840649592329,0.7137265020565878,0.6656123576702905,0.2041732025073623,0.11844233376899396,0.09345282933419508,0.11844233376937043,0.2041732025081319,0.0,0.0,0.0,0.0,0.0,off,off,off,off,off
171.29999999999114,0.3,42.38999999999258,-6.256717671461956,-3.3022038901937663,-2.33146268143895,-3.302203890155454,-6.256717671459512,-10.29242138107395,-10.2924213810943,0.6656157762760397,0.7137515418857454,0.7262093921433407,0.7137515418856947,0.6656157762756316,0.20422497688378263,0.11844233376899396,0.09345282933419508,0.11844233376937043,0.2042249768845523,0.0,0.0,0.0,0.0,0.0,off,off,off,off,off
171.39999999999114,0.3,42.41999999999258,-6.2474176776529475,-3.2929257967833223,-2.3221925534189154,-3.292925796743873,-6.247417677653289,-10.28314817999609,-10.283148180016497,0.6656193270062107,0.7137765741235571,0.7262347117461115,0.7137765741235098,0.6656193270057954,0.20427649838294482,0.11844233376899396,0.09345282933419508,0.11844233376937043,0.20427649838371448,0.0,0.0,0.0,0.0,0.0,off,off,off,off,off
171.49999999999113,0.3,42.44999999999257,-6.2381187850877495,-3.283648730928121,-2.312923438347127,-3.28364873088708,-6.238118785088261,-10.273875843517772,-10.273875843538178,0.6656230099444895,0.7138015987886057,0.7262600237871981,0.7138015987885626,0.6656230099440742,0.20432776696255803,0.11844233376899396,0.09345282933419508,0.11844233376937043,0.20432776696332786,0.0,0.0,0.0,0.0,0.0,off,off,off,off,off
171.59999999999113,0.3,42.479999999992565,-6.228820994919943,-3.2743726930987123,-2.303655336276165,-3.2743726930510206,-6.2288209949247175,-10.26460437221317,-10.264604372233634,0.6656268251576392,0.7138266158993507,0.7262853282861411,0.7138266158993255,0.6656268251572128,0.2043787826079636,0.11844233376899396,0.09345282933419508,0.11844233376937043,0.2043787826087336,0.0,0.0,0.0,0.0,0.0,off,off,off,off,off
171.69999999999112,0.3,42.50999999999256,-6.219524308273549,-3.265097683768431,-2.2943882472725363,-3.265097683720626,-6.219524308276107,-10.255333766658168,-10.255333766678518,0.6656307726968832,0.7138516254741616,0.7263106252623603,0.713851625474136,0.6656307726964625,0.2044295453304214,0.11844233376899396,0.09345282933419508,0.11844233376937043,0.20442954533119156,0.0,0.0,0.0,0.0,0.0,off,off,off,off,off
171.79999999999112,0.3,42.53999999999255,-6.210228726243258,-3.2558237034226636,-2.2851221714157646,-3.25582370337645,-6.210228726245134,-10.246064027429838,-10.246064027450075,0.6656348525988378,0.713876627531292,0.7263359147351591,0.713876627531262,0.6656348525984188,0.20448005516550388,0.11844233376899396,0.09345282933419508,0.11844233376937043,0.2044800551662742,0.0,0.0,0.0,0.0,0.0,off,off,off,off,off
171.8999999999911,0.3,42.56999999999255,-6.2009342498879505,-3.2465507525475914,-2.275857108801347,-3.2465507525000135,-6.2009342498926685,-10.236795155106563,-10.2367951551268,0.665639064886397,0.7139016220889126,0.7263611967237164,0.7139016220888867,0.6656390648859708,0.2045303121715908,0.11844233376899396,0.09345282933419508,0.11844233376937043,0.2045303121723612,0.0,0.0,0.0,0.0,0.0,off,off,off,off,off
171.9999999999911,0.3,42.59999999999254,-6.19164088025434,-3.2372788316325227,-2.266593059524041,-3.2372788315882985,-6.191640880255704,-10.227527150268088,-10.227527150288438,0.6656434095694934,0.7139266091651041,0.726386471247132,0.7139266091650688,0.6656434095690754,0.2045803164284583,0.11844233376899396,0.09345282933419508,0.11844233376937043,0.20458031642922891,0.0,0.0,0.0,0.0,0.0,off,off,off,off,off
172.0999999999911,0.3,42.629999999992535,-6.1823486183504315,-3.2280079411646057,-2.2573300237032754,-3.228007941123792,-6.182348618356343,-10.21826001349558,-10.218260013515874,0.6656478866459282,0.7139515887778702,0.7264117383243567,0.7139515887778264,0.6656478866454987,0.20463006803595674,0.11844233376899396,0.09345282933419508,0.11844233376937043,0.2046300680367275,0.0,0.0,0.0,0.0,0.0,off,off,off,off,off
172.1999999999911,0.3,42.65999999999253,-6.173057465169279,-3.21873808164338,-2.2480680014636505,-3.218738081603817,-6.173057465174054,-10.20899374537089,-10.208993745391126,0.6656524961020319,0.713976560945102,0.72643699797425,0.7139765609450541,0.6656524961016052,0.20467956711277097,0.11844233376899396,0.09345282933419508,0.11844233376937043,0.20467956711354193,0.0,0.0,0.0,0.0,0.0,off,off,off,off,off
172.2999999999911,0.3,42.68999999999252,-6.163767421667558,-3.2094692535624745,-2.2388069929440917,-3.2094692535224,-6.163767421665,-10.199728346477059,-10.199728346497238,0.6656572379133917,0.7140015256846232,0.7264622502155499,0.7140015256845775,0.6656572379129835,0.20472881379525867,0.11844233376899396,0.09345282933419508,0.11844233376937043,0.20472881379602975,0.0,0.0,0.0,0.0,0.0,off,off,off,off,off
172.39999999999108,0.3,42.71999999999252,-6.154478488782786,-3.2002014574250666,-2.2295469982944383,-3.2002014573836846,-6.1544784887829564,-10.190463817398154,-10.190463817418276,0.6656621120454396,0.7140264830141548,0.7264874950668864,0.7140264830141123,0.6656621120450241,0.2047778082363614,0.11844233376899396,0.09345282933419508,0.11844233376937043,0.20477780823713254,0.0,0.0,0.0,0.0,0.0,off,off,off,off,off
172.49999999999108,0.3,42.74999999999251,-6.145190667435486,-3.190934693727854,-2.2202880176703843,-3.1909346936873817,-6.145190667434804,-10.18120015871898,-10.181200158739045,0.6656671184540394,0.7140514329513524,0.7265127325467932,0.7140514329513074,0.6656671184536254,0.20482655060458424,0.11844233376899396,0.09345282933419508,0.11844233376937043,0.20482655060535546,0.0,0.0,0.0,0.0,0.0,off,off,off,off,off
172.59999999999107,0.3,42.779999999992505,-6.135903958513268,-3.181668962977085,-2.211030051241721,-3.1816689629351345,-6.135903958515371,-10.171937371025308,-10.17193737104526,0.665672257086081,0.7140763755137672,0.7265379626736881,0.7140763755137263,0.6656722570856601,0.20487504108303886,0.11844233376899396,0.09345282933419508,0.11844233376937043,0.2048750410838102,0.0,0.0,0.0,0.0,0.0,off,off,off,off,off
172.69999999999106,0.3,42.8099999999925,-6.126618362896579,-3.1724042656726397,-2.201773099195748,-3.172404265633247,-6.126618362891975,-10.162675454903649,-10.162675454923544,0.6656775278799384,0.7141013107188877,0.7265631854658617,0.7141013107188402,0.6656775278795338,0.2049232798685474,0.11844233376899396,0.09345282933419508,0.11844233376937043,0.20492327986931885,0.0,0.0,0.0,0.0,0.0,off,off,off,off,off
172.79999999999106,0.3,42.83999999999249,-6.1173338814340354,-3.163140602324745,-2.1925171617152728,-3.1631406022853525,-6.117333881430625,-10.15341441094131,-10.153414410960977,0.6656829307660186,0.7141262385840961,0.7265884009415395,0.7141262385840486,0.6656829307656112,0.20497126717080189,0.11844233376899396,0.09345282933419508,0.11844233376937043,0.20497126717157343,0.0,0.0,0.0,0.0,0.0,off,off,off,off,off
172.89999999999105,0.3,42.86999999999249,-6.1080505149556075,-3.15387797343692,-2.1832622390026017,-3.1538779733985507,-6.108050514959928,-10.144154239725935,-10.144154239745319,0.6656884656671886,0.7141511591267133,0.7266136091188146,0.7141511591266627,0.6656884656667614,0.20501900321157668,0.11844233376899396,0.09345282933419508,0.11844233376937043,0.20501900321234837,0.0,0.0,0.0,0.0,0.0,off,off,off,off,off
172.99999999999105,0.3,42.89999999999248,-6.098768264281716,-3.1446163795185953,-2.1740083312644742,-3.1446163794803965,-6.098768264284445,-10.134894941845914,-10.134894941865241,0.665694132499177,0.7141760723639654,0.726638810015691,0.7141760723639144,0.6656941324987539,0.2050664882239903,0.11844233376899396,0.09345282933419508,0.11844233376937043,0.20506648822476214,0.0,0.0,0.0,0.0,0.0,off,off,off,off,off
173.09999999999104,0.3,42.929999999992475,-6.089487130206351,-3.1353558210792016,-2.1647554387240007,-3.1353558210441292,-6.089487130209193,-10.125636517890257,-10.125636517909527,0.6656999311710249,0.7142009783130011,0.726664003650051,0.7142009783129422,0.6656999311706014,0.2051137224518137,0.11844233376899396,0.09345282933419508,0.11844233376937043,0.20511372245258572,0.0,0.0,0.0,0.0,0.0,off,off,off,off,off
173.19999999999104,0.3,42.95999999999247,-6.080207113506788,-3.126096298629136,-2.1555035616040072,-3.1260962985941774,-6.080207113510198,-10.11637896844843,-10.116378968467643,0.6657058615854357,0.7142258769908887,0.7266891900397007,0.7142258769908298,0.6657058615850105,0.20516070614882165,0.11844233376899396,0.09345282933419508,0.11844233376937043,0.20516070614959386,0.0,0.0,0.0,0.0,0.0,off,off,off,off,off
173.29999999999103,0.3,42.98999999999246,-6.070928214946946,-3.116837812676863,-2.146252700145965,-3.116837812642075,-6.070928214952289,-10.10712229411024,-10.107122294129567,0.66571192363912,0.7142507684146241,0.7267143692023192,0.7142507684145643,0.6657119236386903,0.2052074395781852,0.11844233376899396,0.09345282933419508,0.11844233376937043,0.20520743957895757,0.0,0.0,0.0,0.0,0.0,off,off,off,off,off
173.39999999999102,0.3,43.01999999999246,-6.061650435271645,-3.1075803637335184,-2.137002854588559,-3.107580363698901,-6.06165043527858,-10.097866495466178,-10.097866495485334,0.6657181172231452,0.7142756526011177,0.7267395411555149,0.7142756526010577,0.6657181172227115,0.205253923011902,0.11844233376899396,0.09345282933419508,0.11844233376937043,0.2052539230126745,0.0,0.0,0.0,0.0,0.0,off,off,off,off,off
173.49999999999102,0.3,43.04999999999245,-6.05237377520757,-3.0983239523095563,-2.1277540251916776,-3.0983239522757913,-6.05237377521712,-10.088611573106732,-10.088611573125888,0.6657244422232421,0.7143005295672058,0.726764705916765,0.7143005295671436,0.6657244422228018,0.2053001567302623,0.11844233376899396,0.09345282933419508,0.11844233376937043,0.20530015673103502,0.0,0.0,0.0,0.0,0.0,off,off,off,off,off
173.599999999991,0.3,43.079999999992445,-6.043098235471348,-3.0890685789182726,-2.1185062122078193,-3.089068578879221,-6.043098235480272,-10.079357527622847,-10.079357527641946,0.6657308985200766,0.7143253993296417,0.7267898635034886,0.7143253993295937,0.6657308985196376,0.20534614102134902,0.11844233376899396,0.09345282933419508,0.11844233376937043,0.20534614102212195,0.0,0.0,0.0,0.0,0.0,off,off,off,off,off
173.699999999991,0.3,43.10999999999244,-6.0338238167609575,-3.0798142440689276,-2.1092594159126747,-3.079814244027375,-6.033823816768631,-10.070104359605693,-10.070104359624679,0.665737485989546,0.714350261905111,0.7268150139329678,0.7143502619050693,0.6657374859891096,0.20539187618056853,0.11844233376899396,0.09345282933419508,0.11844233376937043,0.2053918761813417,0.0,0.0,0.0,0.0,0.0,off,off,off,off,off
173.799999999991,0.3,43.13999999999243,-6.024550519763011,-3.0705609482725436,-2.1000136365767617,-3.070560948230991,-6.024550519765853,-10.060852069646614,-10.0608520696656,0.6657442045030164,0.7143751173102202,0.7268401572224235,0.714375117310178,0.6657442045025931,0.20543736251021152,0.11844233376899396,0.09345282933419508,0.11844233376937043,0.20543736251098485,0.0,0.0,0.0,0.0,0.0,off,off,off,off,off
173.899999999991,0.3,43.16999999999243,-6.015278345141098,-3.0613086920367323,-2.090768874489356,-3.0613086919953503,-6.015278345147635,-10.051600658337179,-10.051600658356165,0.6657510539275949,0.7143999655615079,0.7268652933889495,0.7143999655614655,0.6657510539271614,0.2054826003190408,0.11844233376899396,0.09345282933419508,0.11844233376937043,0.2054826003198143,0.0,0.0,0.0,0.0,0.0,off,off,off,off,off
173.999999999991,0.3,43.19999999999242,-6.006007293559321,-3.052057475874676,-2.081525129939564,-3.0520574758328394,-6.006007293568132,-10.04235012626907,-10.04235012628817,0.6657580341262932,0.714424806675424,0.7268904224495666,0.7144248066753831,0.6657580341258535,0.20552758992190565,0.11844233376899396,0.09345282933419508,0.11844233376937043,0.20552758992267942,0.0,0.0,0.0,0.0,0.0,off,off,off,off,off
174.09999999999098,0.3,43.229999999992415,-5.9967373656660925,-3.042807300303764,-2.0722824032235962,-3.042807300256527,-5.996737365668025,-10.033100474034256,-10.033100474053299,0.6657651449582828,0.7144496406683318,0.7269155444212022,0.7144496406683045,0.6657651449578607,0.2055723316393803,0.11844233376899396,0.09345282933419508,0.11844233376937043,0.20557233164015423,0.0,0.0,0.0,0.0,0.0,off,off,off,off,off
174.19999999999098,0.3,43.25999999999241,-5.9874685620817445,-3.033558165827742,-2.0630406946509083,-3.0335581657764124,-5.987468562089646,-10.023851702224647,-10.023851702243576,0.6657723862791228,0.714474467556556,0.7269406593206728,0.7144744675565396,0.6657723862786857,0.20561682579742446,0.11844233376899396,0.09345282933419508,0.11844233376937043,0.20561682579819854,0.0,0.0,0.0,0.0,0.0,off,off,off,off,off
174.29999999999097,0.3,43.2899999999924,-5.9782008834374665,-3.024310072952801,-2.0538000045248737,-3.0243100728995955,-5.978200883445368,-10.014603811431925,-10.014603811450797,0.6657797579408508,0.7144992873563406,0.726965767164738,0.7144992873563287,0.6657797579404137,0.2056610727270661,0.11844233376899396,0.09345282933419508,0.11844233376937043,0.20566107272784043,0.0,0.0,0.0,0.0,0.0,off,off,off,off,off
174.39999999999097,0.3,43.3199999999924,-5.968934330332274,-3.0150630221927486,-2.044560333174047,-3.015063022141476,-5.968934330348247,-10.005356802248002,-10.005356802266931,0.6657872597922633,0.7145241000838352,0.7269908679700167,0.7145241000838183,0.6657872597918051,0.20570507276410385,0.11844233376899396,0.09345282933419508,0.11844233376937043,0.2057050727648784,0.0,0.0,0.0,0.0,0.0,off,off,off,off,off
174.49999999999096,0.3,43.34999999999239,-5.959668903372176,-3.0058170140567313,-2.0353216809143078,-3.005817014005004,-5.959668903387353,-9.996110675264902,-9.996110675283774,0.6657948916789811,0.7145489057551282,0.7270159617530874,0.7145489057551124,0.6657948916785251,0.2057488262488278,0.11844233376899396,0.09345282933419508,0.11844233376937043,0.2057488262496027,0.0,0.0,0.0,0.0,0.0,off,off,off,off,off
174.59999999999096,0.3,43.379999999992386,-5.950404603137315,-2.9965720490474723,-2.0260840480792126,-2.9965720489961427,-5.9504046031534585,-9.986865431074193,-9.986865431093179,0.6658026534436886,0.714573704386252,0.7270410485304093,0.7145737043862351,0.6658026534432302,0.20579233352575826,0.11844233376899396,0.09345282933419508,0.11844233376937043,0.20579233352653356,0.0,0.0,0.0,0.0,0.0,off,off,off,off,off
174.69999999999095,0.3,43.40999999999238,-5.941141430201583,-2.9873281276762214,-2.0168474350016368,-2.9873281276276202,-5.941141430217897,-9.977621070267844,-9.977621070286887,0.6658105449262256,0.7145984959931423,0.7270661283183696,0.7145984959931185,0.6658105449257666,0.20583559494340106,0.11844233376899396,0.09345282933419508,0.11844233376937043,0.20583559494417675,0.0,0.0,0.0,0.0,0.0,off,off,off,off,off
174.79999999999094,0.3,43.439999999992374,-5.931879385133698,-2.978085250455365,-2.0076118420224134,-2.9780852504054565,-5.931879385145237,-9.968377593437367,-9.96837759345641,0.6658185659637216,0.7146232805916605,0.7270912011332632,0.7146232805916394,0.6658185659632743,0.20587861085401793,0.11844233376899396,0.09345282933419508,0.11844233376937043,0.20587861085479395,0.0,0.0,0.0,0.0,0.0,off,off,off,off,off
174.89999999999094,0.3,43.46999999999237,-5.922618468482995,-2.9688434178807483,-1.9983772694882873,-2.9688434178312946,-5.922618468493567,-9.959135001174218,-9.959135001193204,0.6658267163907563,0.7146480581976382,0.7271162669912957,0.7146480581976162,0.6658267163903112,0.20592138161341147,0.11844233376899396,0.09345282933419508,0.11844233376937043,0.20592138161418783,0.0,0.0,0.0,0.0,0.0,off,off,off,off,off
174.99999999999093,0.3,43.49999999999236,-5.91335868079824,-2.9596026304631096,-1.989143717753734,-2.959602630413883,-5.913358680802901,-9.949893294069625,-9.949893294088554,0.6658349960394341,0.7146728288267955,0.7271413259085813,0.7146728288267731,0.6658349960390038,0.20596390758072392,0.11844233376899396,0.09345282933419508,0.11844233376937043,0.20596390758150043,0.0,0.0,0.0,0.0,0.0,off,off,off,off,off
175.09999999999093,0.3,43.529999999992356,-5.904100022611772,-2.950362888702955,-1.979911187170785,-2.950362888660834,-5.904100022609498,-9.940652472714532,-9.940652472733461,0.6658434047395336,0.7146975924948088,0.7271663779011682,0.7146975924947673,0.6658434047391201,0.20600618911824803,0.11844233376899396,0.09345282933419508,0.11844233376937043,0.2060061891190247,0.0,0.0,0.0,0.0,0.0,off,off,off,off,off
175.19999999999092,0.3,43.55999999999235,-5.894842494442685,-2.941124193111591,-1.9706796781046023,-2.941124193064468,-5.894842494445697,-9.931412537699885,-9.931412537718643,0.6658519423186054,0.7147223492172526,0.7271914229849987,0.7147223492172243,0.6658519423181781,0.2060482265912508,0.11844233376899396,0.09345282933419508,0.11844233376937043,0.2060482265920276,0.0,0.0,0.0,0.0,0.0,off,off,off,off,off
175.29999999999092,0.3,43.589999999992344,-5.88558609681354,-2.9318865441795765,-1.9614491909215985,-2.931886544136262,-5.885586096823033,-9.92217348961617,-9.922173489634815,0.6658606086020271,0.7147470990096869,0.727216461175941,0.7147470990096493,0.665860608601583,0.20609002036780733,0.11844233376899396,0.09345282933419508,0.11844233376937043,0.20609002036858437,0.0,0.0,0.0,0.0,0.0,off,off,off,off,off
175.3999999999909,0.3,43.61999999999234,-5.876330830232234,-2.922649942413443,-1.95221972598938,-2.9226499423725727,-5.876330830244854,-9.912935329053482,-9.912935329072184,0.6658694034131419,0.7147718418875576,0.7272414924897898,0.7147718418875133,0.6658694034126904,0.20613157081864605,0.11844233376899396,0.09345282933419508,0.11844233376937043,0.2061315708194235,0.0,0.0,0.0,0.0,0.0,off,off,off,off,off
175.4999999999909,0.3,43.64999999999233,-5.867076695196943,-2.9134143883142656,-1.9429912836852736,-2.913414388276692,-5.8670766952114946,-9.903698056602025,-9.903698056620783,0.6658783265733333,0.7147965778662547,0.7272665169422425,0.7147965778662018,0.6658783265728772,0.2061728783170033,0.11844233376899396,0.09345282933419508,0.11844233376937043,0.2061728783177812,0.0,0.0,0.0,0.0,0.0,off,off,off,off,off
175.5999999999909,0.3,43.679999999992326,-5.857823692200782,-2.9041798823781733,-1.9337638643892774,-2.904179882345659,-5.8578236922161295,-9.894461672851435,-9.89446167287008,0.6658873779020934,0.7148213069611105,0.7272915345489203,0.7148213069610442,0.6658873779016351,0.2062139432384871,0.11844233376899396,0.09345282933419508,0.11844233376937043,0.2062139432392654,0.0,0.0,0.0,0.0,0.0,off,off,off,off,off
175.6999999999909,0.3,43.70999999999232,-5.8485718217248746,-2.894946425109879,-1.9245374684873582,-2.8949464250755454,-5.848571821742951,-9.88522617839078,-9.885226178409539,0.6658965572171168,0.714846029187365,0.7273165453253583,0.7148460291873038,0.6658965572166513,0.20625476596094974,0.11844233376899396,0.09345282933419508,0.11844233376937043,0.20625476596172843,0.0,0.0,0.0,0.0,0.0,off,off,off,off,off
175.7999999999909,0.3,43.739999999992314,-5.839321084241931,-2.885714016999657,-1.9153120963659376,-2.885714016964698,-5.839321084258813,-9.875991573809074,-9.87599157382789,0.6659058643343624,0.7148707445602264,0.7273415492870208,0.7148707445601669,0.6659058643338998,0.20629534686436823,0.11844233376899396,0.09345282933419508,0.11844233376937043,0.2062953468651474,0.0,0.0,0.0,0.0,0.0,off,off,off,off,off
175.89999999999088,0.3,43.76999999999231,-5.830071480221079,-2.8764826585469336,-1.9060877484116077,-2.876482658507939,-5.830071480234267,-9.866757859695042,-9.866757859713687,0.6659152990681093,0.71489545309481,0.7273665464493028,0.7148954530947615,0.6659152990676559,0.20633568633073254,0.11844233376899396,0.09345282933419508,0.11844233376937043,0.20633568633151203,0.0,0.0,0.0,0.0,0.0,off,off,off,off,off
175.99999999999088,0.3,43.7999999999923,-5.820823010118374,-2.8672523502434615,-1.896864425023466,-2.8672523502063427,-5.820823010133267,-9.85752503663656,-9.857525036655204,0.6659248612310439,0.7149201548061812,0.7273915368274962,0.7149201548061278,0.6659248612305857,0.206375784743941,0.11844233376899396,0.09345282933419508,0.11844233376937043,0.2063757847447209,0.0,0.0,0.0,0.0,0.0,off,off,off,off,off
176.09999999999087,0.3,43.829999999992296,-5.811575674395726,-2.8580230925861656,-1.8876421265999284,-2.8580230925496153,-5.811575674410278,-9.84829310522133,-9.848293105239918,0.6659345506342689,0.7149448497093238,0.7274165204368279,0.7149448497092693,0.6659345506338111,0.20641564248970207,0.11844233376899396,0.09345282933419508,0.11844233376937043,0.20641564249048233,0.0,0.0,0.0,0.0,0.0,off,off,off,off,off
176.19999999999087,0.3,43.85999999999229,-5.802329473486509,-2.848794886068106,-1.8784208535410016,-2.8487948860300776,-5.802329473502937,-9.83906206603666,-9.839062066055249,0.6659443670874488,0.7149695378191634,0.72744149729245,0.7149695378191123,0.6659443670869863,0.2064552599554426,0.11844233376899396,0.09345282933419508,0.11844233376937043,0.20645525995622327,0.0,0.0,0.0,0.0,0.0,off,off,off,off,off
176.29999999999086,0.3,43.889999999992284,-5.793084407839046,-2.839567731175407,-1.8692006062547648,-2.8395677311342524,-5.793084407854337,-9.829831919669289,-9.82983191968782,0.6659543103987491,0.7149942191505745,0.727466467409427,0.7149942191505312,0.6659543103982888,0.2064946375302219,0.11844233376899396,0.09345282933419508,0.11844233376937043,0.20649463753100297,0.0,0.0,0.0,0.0,0.0,off,off,off,off,off
176.39999999999085,0.3,43.91999999999228,-5.783840477874037,-2.8303416284002196,-1.8599813851434988,-2.8303416283552565,-5.783840477896263,-9.820602666705497,-9.820602666723971,0.665964380374994,0.7150188937183485,0.7274914308027706,0.715018893718316,0.6659643803745162,0.20653377560465133,0.11844233376899396,0.09345282933419508,0.11844233376937043,0.20653377560543287,0.0,0.0,0.0,0.0,0.0,off,off,off,off,off
176.49999999999085,0.3,43.94999999999227,-5.774597684028606,-2.8211165782293506,-1.850763190621933,-2.8211165781855243,-5.774597684048672,-9.811374307731057,-9.811374307749475,0.6659745768216014,0.7150435615372236,0.72751638748739,0.7150435615371877,0.6659745768211289,0.20657267457081885,0.11844233376899396,0.09345282933419508,0.11844233376937043,0.20657267457160094,0.0,0.0,0.0,0.0,0.0,off,off,off,off,off
176.59999999999084,0.3,43.979999999992266,-5.765356026671611,-2.8118925811508007,-1.8415460231011025,-2.8118925811082818,-5.76535602668821,-9.802146843331059,-9.802146843349476,0.6659848991859977,0.7150682226218678,0.7275413374781398,0.7150682226218277,0.6659848991855336,0.2066113346399657,0.11844233376899396,0.09345282933419508,0.11844233376937043,0.2066113346407482,0.0,0.0,0.0,0.0,0.0,off,off,off,off,off
176.69999999999084,0.3,44.00999999999226,-5.75611550579697,-2.802669637645124,-1.8323298830015347,-2.8026696376032305,-5.756115505813284,-9.792920274089624,-9.792920274108042,0.6659953435653831,0.7150928769868989,0.7275662807897813,0.7150928769868575,0.6659953435649195,0.20664975194465718,0.11844233376899396,0.09345282933419508,0.11844233376937043,0.2066497519454402,0.0,0.0,0.0,0.0,0.0,off,off,off,off,off
176.79999999999083,0.3,44.039999999992254,-5.746876121535195,-2.7934477481898057,-1.8231147707436435,-2.7934477481467184,-5.746876121549235,-9.783694600589058,-9.783694600607475,0.6660059079532634,0.7151175246468793,0.7275912174370088,0.7151175246468411,0.6660059079528055,0.20668792112912912,0.11844233376899396,0.09345282933419508,0.11844233376937043,0.20668792112991258,0.0,0.0,0.0,0.0,0.0,off,off,off,off,off
176.89999999999083,0.3,44.06999999999225,-5.737637874133611,-2.784226913251075,-1.8139006867411922,-2.784226913211114,-5.737637874149073,-9.774469823410698,-9.774469823428944,0.6660165920426041,0.7151421656163317,0.7276161474344688,0.7151421656162854,0.6660165920421419,0.2067258408990907,0.11844233376899396,0.09345282933419508,0.11844233376937043,0.2067258408998746,0.0,0.0,0.0,0.0,0.0,off,off,off,off,off
176.99999999999082,0.3,44.09999999999224,-5.7284007638508,-2.7750071333084634,-1.8046876314236897,-2.7750071332681614,-5.728400763864556,-9.765245943134744,-9.765245943152934,0.6660273957254257,0.7151667999096795,0.7276410707967006,0.7151667999096338,0.6660273957249679,0.20676351119201872,0.11844233376899396,0.09345282933419508,0.11844233376937043,0.20676351119280306,0.0,0.0,0.0,0.0,0.0,off,off,off,off,off
177.0999999999908,0.3,44.129999999992236,-5.719164790946479,-2.765788408824335,-1.7954756052159837,-2.765788408779997,-5.7191647909608605,-9.756022960340601,-9.756022960358791,0.66603831891702,0.7151914275413235,0.7276659875381881,0.7151914275412887,0.66603831891656,0.20680093216478648,0.11844233376899396,0.09345282933419508,0.11844233376937043,0.2068009321655713,0.0,0.0,0.0,0.0,0.0,off,off,off,off,off
177.1999999999908,0.3,44.15999999999223,-5.709929955670759,-2.7565707402576436,-1.7862646085449114,-2.7565707402118846,-5.709929955685936,-9.74680087560671,-9.746800875624785,0.6660493615286932,0.7152160485256096,0.7276908976733458,0.7152160485255779,0.666049361528231,0.20683810402373962,0.11844233376899396,0.09345282933419508,0.11844233376937043,0.20683810402452493,0.0,0.0,0.0,0.0,0.0,off,off,off,off,off
177.2999999999908,0.3,44.189999999992224,-5.700696258278924,-2.7473541280675704,-1.777054641839868,-2.747354128021925,-5.7006962582862,-9.737579689510426,-9.737579689528559,0.6660605234638006,0.7152406628768158,0.727715801216516,0.715240662876784,0.6660605234633576,0.2068750269965699,0.11844233376899396,0.09345282933419508,0.11844233376937043,0.20687502699735563,0.0,0.0,0.0,0.0,0.0,off,off,off,off,off
177.3999999999908,0.3,44.21999999999222,-5.69146369900443,-2.738138572715286,-1.7678457055273498,-2.7381385726667986,-5.691463699013411,-9.72835940262837,-9.72835940264639,0.6660718046175984,0.7152652706091507,0.7277406981819831,0.7152652706091265,0.666071804617151,0.20691170132700848,0.11844233376899396,0.09345282933419508,0.11844233376937043,0.20691170132779454,0.0,0.0,0.0,0.0,0.0,off,off,off,off,off
177.4999999999908,0.3,44.24999999999221,-5.682232278092329,-2.728924074654458,-1.7586378000410718,-2.728924074606539,-5.6822322781047205,-9.719140015535913,-9.719140015553876,0.6660832048775194,0.7152898717367778,0.7277655885839484,0.715289871736752,0.6660832048770631,0.2069481272732265,0.11844233376899396,0.09345282933419508,0.11844233376937043,0.20694812727401304,0.0,0.0,0.0,0.0,0.0,off,off,off,off,off
177.59999999999079,0.3,44.27999999999221,-5.673001995789207,-2.7197106343404016,-1.7494309258141811,-2.719710634289868,-5.673001995802338,-9.709921528807456,-9.709921528825419,0.6660947241236236,0.7153144662737916,0.7277904724365497,0.7153144662737729,0.666094724123165,0.20698430510687577,0.11844233376899396,0.09345282933419508,0.11844233376937043,0.20698430510766277,0.0,0.0,0.0,0.0,0.0,off,off,off,off,off
177.69999999999078,0.3,44.3099999999922,-5.6637728523223245,-2.710498252218656,-1.7402250832822688,-2.7104982521680654,-5.663772852338809,-9.700703943016435,-9.700703943034398,0.666106362229065,0.715339054234248,0.727815349753855,0.7153390542342293,0.666106362228598,0.2070202351122743,0.11844233376899396,0.09345282933419508,0.11844233376937043,0.20702023511306178,0.0,0.0,0.0,0.0,0.0,off,off,off,off,off
177.79999999999077,0.3,44.339999999992195,-5.654544847926843,-2.7012869287377725,-1.7310202728793342,-2.701286928687466,-5.654544847944351,-9.691487258735378,-9.691487258753398,0.6661181190604164,0.7153636356321311,0.7278402205498715,0.7153636356321111,0.6661181190599463,0.20705591758565567,0.11844233376899396,0.09345282933419508,0.11844233376937043,0.2070559175864437,0.0,0.0,0.0,0.0,0.0,off,off,off,off,off
177.89999999999077,0.3,44.36999999999219,-5.645317982830534,-2.6920766643434604,-1.721816495036819,-2.6920766642940634,-5.645317982844517,-9.682271476535789,-9.682271476553808,0.6661299944780744,0.7153882104813684,0.7278650848385507,0.715388210481346,0.6661299944776133,0.20709135283446667,0.11844233376899396,0.09345282933419508,0.11844233376937043,0.20709135283525518,0.0,0.0,0.0,0.0,0.0,off,off,off,off,off
177.99999999999076,0.3,44.39999999999218,-5.636092257251107,-2.6828674594778477,-1.7126137501988978,-2.6828674594277686,-5.63609225726816,-9.673056596987976,-9.673056597005996,0.666141988336613,0.7154127787958331,0.727889942633746,0.7154127787958129,0.666141988336144,0.20712654117670745,0.11844233376899396,0.09345282933419508,0.11844233376937043,0.20712654117749646,0.0,0.0,0.0,0.0,0.0,off,off,off,off,off
178.09999999999076,0.3,44.42999999999218,-5.626867671419177,-2.6736593145780034,-1.7034120387949656,-2.6736593145296865,-5.626867671434127,-9.663842620661512,-9.663842620679532,0.6661541004850517,0.7154373405893496,0.7279147939492877,0.7154373405893247,0.6661541004845875,0.2071614829403128,0.11844233376899396,0.09345282933419508,0.11844233376937043,0.20716148294110234,0.0,0.0,0.0,0.0,0.0,off,off,off,off,off
178.19999999999075,0.3,44.45999999999217,-5.617644225552056,-2.6644522300806557,-1.6942113612718117,-2.6644522300389326,-5.617644225569734,-9.654629548124547,-9.654629548142509,0.6661663307672264,0.7154618958756791,0.7279396387988959,0.7154618958756368,0.6661663307667554,0.20719617846257066,0.11844233376899396,0.09345282933419508,0.11844233376937043,0.2071961784633607,0.0,0.0,0.0,0.0,0.0,off,off,off,off,off
178.29999999999075,0.3,44.489999999992165,-5.608421919864497,-2.655246206426625,-1.685011718068381,-2.655246206386039,-5.608421919886382,-9.645417379944547,-9.64541737996251,0.666178679022049,0.7154864446685102,0.7279644771962516,0.7154864446684651,0.6661786790215667,0.2072306280895762,0.11844233376899396,0.09345282933419508,0.11844233376937043,0.2072306280903668,0.0,0.0,0.0,0.0,0.0,off,off,off,off,off
178.39999999999074,0.3,44.51999999999216,-5.599200754561252,-2.6460412440417826,-1.6758131096177067,-2.646041244004209,-5.599200754589845,-9.636206116687731,-9.63620611670575,0.6661911450837956,0.7155109869815082,0.7279893091549864,0.7155109869814552,0.6661911450832967,0.2072648321757193,0.11844233376899396,0.09345282933419508,0.11844233376937043,0.20726483217651054,0.0,0.0,0.0,0.0,0.0,off,off,off,off,off
178.49999999999073,0.3,44.54999999999215,-5.589980729865658,-2.6368373433612646,-1.6666155363627126,-2.636837343322952,-5.589980729894364,-9.626995758919406,-9.626995758937426,0.6662037287822892,0.7155355228282514,0.7280141346886446,0.7155355228282001,0.66620372878179,0.20729879108320326,0.11844233376899396,0.09345282933419508,0.11844233376937043,0.20729879108399515,0.0,0.0,0.0,0.0,0.0,off,off,off,off,off
178.59999999999073,0.3,44.57999999999215,-5.580761845982181,-2.627634504809521,-1.6574189987384216,-2.6276345047728,-5.580761846010375,-9.61778630720363,-9.617786307221706,0.6662164299432307,0.7155600522222846,0.7280389538107308,0.7155600522222302,0.6662164299427319,0.20733250518159294,0.11844233376899396,0.09345282933419508,0.11844233376937043,0.20733250518238547,0.0,0.0,0.0,0.0,0.0,off,off,off,off,off
178.69999999999072,0.3,44.60999999999214,-5.571544103119209,-2.6184327288120812,-1.6482234971923049,-2.6184327287752467,-5.571544103141662,-9.608577762103664,-9.60857776212174,0.6662292483883637,0.7155845751770895,0.7280637665346531,0.7155845751770351,0.6662292483878793,0.20736597484739053,0.11844233376899396,0.09345282933419508,0.11844233376937043,0.20736597484818373,0.0,0.0,0.0,0.0,0.0,off,off,off,off,off
178.79999999999072,0.3,44.639999999992135,-5.562327501462846,-2.609232015795385,-1.6390290321629664,-2.6092320157600284,-5.562327501488937,-9.599370124181519,-9.599370124199595,0.666242183935753,0.715609091706082,0.7280885728737841,0.7156090917060234,0.6662421839352592,0.20739920046363702,0.11844233376899396,0.09345282933419508,0.11844233376937043,0.20739920046443075,0.0,0.0,0.0,0.0,0.0,off,off,off,off,off
178.8999999999907,0.3,44.66999999999213,-5.553112041224438,-2.6000323661754123,-1.6298356040915678,-2.6000323661389757,-5.553112041254849,-9.590163393998239,-9.590163394016372,0.6662552363998605,0.7156336018226461,0.7281133728414266,0.7156336018225905,0.6662552363993558,0.2074321824195379,0.11844233376899396,0.09345282933419508,0.11844233376937043,0.20743218242033234,0.0,0.0,0.0,0.0,0.0,off,off,off,off,off
178.9999999999907,0.3,44.69999999999212,-5.543897722605664,-2.5908337803731456,-1.6206432134201805,-2.5908337803394943,-5.543897722632835,-9.580957572113732,-9.580957572131865,0.6662684055918189,0.7156581055400902,0.7281381664508215,0.7156581055400273,0.666268405591322,0.2074649211101126,0.11844233376899396,0.09345282933419508,0.11844233376937043,0.2074649211109077,0.0,0.0,0.0,0.0,0.0,off,off,off,off,off
179.0999999999907,0.3,44.72999999999212,-5.534684545792516,-2.581636258806384,-1.6114518605906483,-2.5816362587720505,-5.534684545821165,-9.571752659086826,-9.571752659105073,0.6662816913196201,0.7156826028716722,0.7281629537151493,0.7156826028716111,0.6662816913191194,0.20749741693586435,0.11844233376899396,0.09345282933419508,0.11844233376937043,0.20749741693666013,0.0,0.0,0.0,0.0,0.0,off,off,off,off,off
179.1999999999907,0.3,44.75999999999211,-5.525472510846157,-2.572439801889402,-1.6022615460395855,-2.572439801855751,-5.525472510874522,-9.562548655475211,-9.562548655493572,0.6662950927393079,0.715707093830598,0.7281877346475457,0.7157070938305352,0.666295092738807,0.20752966984099352,0.11844233376899396,0.09345282933419508,0.11844233376937043,0.20752966984179003,0.0,0.0,0.0,0.0,0.0,off,off,off,off,off
179.2999999999907,0.3,44.789999999992105,-5.5162616168647105,-2.5632444100209,-1.593072270210655,-2.563244409989693,-5.5162616168919385,-9.55334556183368,-9.55334556185204,0.6663086051214084,0.7157315784300543,0.7282125092610653,0.7157315784299852,0.6663086051209101,0.20756167422598887,0.11844233376899396,0.09345282933419508,0.11844233376937043,0.20756167422678615,0.0,0.0,0.0,0.0,0.0,off,off,off,off,off
179.39999999999068,0.3,44.8199999999921,-5.507051862954825,-2.5540500835871853,-1.5838840335402438,-2.55405008355973,-5.507051862980859,-9.54414337871225,-9.54414337873061,0.6663222261899278,0.7157560566832,0.7282372775687244,0.7157560566831211,0.6663222261894326,0.20759342619969692,0.11844233376899396,0.09345282933419508,0.11844233376937043,0.20759342620049495,0.0,0.0,0.0,0.0,0.0,off,off,off,off,off
179.49999999999068,0.3,44.84999999999209,-5.497843248356787,-2.5448568229602415,-1.5746968364672966,-2.544856822929887,-5.497843248389415,-9.534942106657525,-9.534942106675885,0.6663359549851188,0.715780528603171,0.7282620395834711,0.7157805286030997,0.6663359549846064,0.20762492654334194,0.11844233376899396,0.09345282933419508,0.11844233376937043,0.20762492654414075,0.0,0.0,0.0,0.0,0.0,off,off,off,off,off
179.59999999999067,0.3,44.87999999999209,-5.488635772383589,-2.5356646284911335,-1.5655106794313838,-2.53566462845788,-5.488635772415307,-9.525741746212418,-9.525741746230779,0.6663497907132854,0.7158049942030984,0.7282867953181953,0.715804994203035,0.6663497907127751,0.20765617682869192,0.11844233376899396,0.09345282933419508,0.11844233376937043,0.20765617682949158,0.0,0.0,0.0,0.0,0.0,off,off,off,off,off
179.69999999999067,0.3,44.90999999999208,-5.479429434368171,-2.526473500516829,-1.55632556286497,-2.5264735004851104,-5.479429434399833,-9.516542297916317,-9.516542297934677,0.6663637326341545,0.7158294534960917,0.7283115447857434,0.7158294534960237,0.6663637326336437,0.20768717865687855,0.11844233376899396,0.09345282933419508,0.11844233376937043,0.20768717865767902,0.0,0.0,0.0,0.0,0.0,off,off,off,off,off
179.79999999999066,0.3,44.939999999992075,-5.470224233684235,-2.5172834393705443,-1.547141487200065,-2.51728343934235,-5.470224233716465,-9.507343762305368,-9.507343762323728,0.6663777800445725,0.7158539064952093,0.7283362879989077,0.7158539064951325,0.6663777800440605,0.20771793356653137,0.11844233376899396,0.09345282933419508,0.11844233376937043,0.20771793356733267,0.0,0.0,0.0,0.0,0.0,off,off,off,off,off
179.89999999999065,0.3,44.96999999999207,-5.461020169740721,-2.5080944453804364,-1.5379584528685655,-2.5080944453481493,-5.461020169771302,-9.498146139912421,-9.498146139930896,0.6663919322744298,0.7158783532134658,0.7283610249704191,0.7158783532133995,0.666391932273921,0.207748443026732,0.11844233376899396,0.09345282933419508,0.11844233376937043,0.20774844302753417,0.0,0.0,0.0,0.0,0.0,off,off,off,off,off
179.99999999999065,0.3,44.99999999999206,-5.451817241975846,-2.4989065188502764,-1.5287764603007759,-2.4989065188153745,-5.451817242008644,-9.488949431267258,-9.48894943128579,0.6664061886842352,0.7159027936638798,0.7283857557129569,0.7159027936638203,0.6664061886837205,0.20777870844028676,0.11844233376899396,0.09345282933419508,0.11844233376937043,0.2077787084410897,0.0,0.0,0.0,0.0,0.0,off,off,off,off,off
180.09999999999064,0.3,45.02999999999206,-5.442615449865002,-2.4897196600780944,-1.5195955099180196,-2.489719660045523,-5.4426154498989945,-9.479753636896646,-9.479753636915234,0.6664205486630028,0.7159272278594278,0.7284104802391657,0.7159272278593622,0.6664205486624848,0.2078087311480122,0.11844233376899396,0.09345282933419508,0.11844233376937043,0.20780873114881598,0.0,0.0,0.0,0.0,0.0,off,off,off,off,off
180.19999999999064,0.3,45.05999999999205,-5.433414792907797,-2.480533869357032,-1.5104156021423591,-2.4805338693249155,-5.433414792943552,-9.47055875732434,-9.470558757342815,0.6664350116263466,0.71595165581304,0.7284351985616294,0.7159516558129732,0.6664350116258233,0.20783851243288765,0.11844233376899396,0.09345282933419508,0.11844233376937043,0.2078385124336923,0.0,0.0,0.0,0.0,0.0,off,off,off,off,off
180.29999999999063,0.3,45.089999999992045,-5.42421527063658,-2.4713491469657356,-1.5012367373944357,-2.471349146933676,-5.42421527066233,-9.46136479307114,-9.461364793089672,0.6664495770146558,0.715976077537628,0.7284599106928779,0.7159760775375609,0.6664495770141573,0.20786805352394766,0.11844233376899396,0.09345282933419508,0.11844233376937043,0.20786805352475318,0.0,0.0,0.0,0.0,0.0,off,off,off,off,off
180.39999999999063,0.3,45.11999999999204,-5.41501688259234,-2.462165493177679,-1.4920589160900022,-2.4621654931498256,-5.41501688262025,-9.452171744655288,-9.452171744673933,0.6664642442914738,0.7160004930460585,0.7284846166453993,0.7160004930459803,0.66646424429097,0.20789735559991704,0.11844233376899396,0.09345282933419508,0.11844233376937043,0.20789735560072334,0.0,0.0,0.0,0.0,0.0,off,off,off,off,off
180.49999999999062,0.3,45.14999999999203,-5.405819628359154,-2.452982908267302,-1.482882138636512,-2.4529829082417223,-5.405819628390418,-9.442979612592296,-9.442979612610884,0.6664790129418428,0.7160249023511386,0.7285093164316441,0.716024902351054,0.6664790129413297,0.20792641979260162,0.11844233376899396,0.09345282933419508,0.11844233376937043,0.20792641979340878,0.0,0.0,0.0,0.0,0.0,off,off,off,off,off
180.59999999999062,0.3,45.17999999999203,-5.396623507534741,-2.4438013924927873,-1.4737064054447728,-2.4438013924647635,-5.3966235075629925,-9.433788397394892,-9.433788397413537,0.6664938824709113,0.7160493054656608,0.7285340100639969,0.7160493054655833,0.6664938824704058,0.20795524719005254,0.11844233376899396,0.09345282933419508,0.11844233376937043,0.20795524719086053,0.0,0.0,0.0,0.0,0.0,off,off,off,off,off
180.6999999999906,0.3,45.20999999999202,-5.38742851974331,-2.434620946104644,-1.4645317169190548,-2.4346209460769614,-5.3874285197709355,-9.424598099573302,-9.42459809959189,0.6665088524025382,0.7160737024023822,0.7285586975548057,0.7160737024023041,0.6665088524020336,0.20798383883951807,0.11844233376899396,0.09345282933419508,0.11844233376937043,0.20798383884032695,0.0,0.0,0.0,0.0,0.0,off,off,off,off,off
180.7999999999906,0.3,45.239999999992015,-5.378234664622539,-2.4254415693523583,-1.4553580734620368,-2.4254415693235387,-5.378234664646243,-9.415408719635366,-9.415408719653897,0.6665239222780496,0.7160980931740055,0.7285833789163639,0.7160980931739304,0.6665239222775542,0.20801219575019803,0.11844233376899396,0.09345282933419508,0.11844233376937043,0.2080121957510077,0.0,0.0,0.0,0.0,0.0,off,off,off,off,off
180.8999999999906,0.3,45.26999999999201,-5.369041941822218,-2.4162632624752973,-1.446185475465768,-2.4162632624468188,-5.369041941845978,-9.406220258086194,-9.406220258104781,0.6665390916550508,0.7161224777932029,0.7286080541609382,0.716122477793127,0.6665390916545549,0.20804031889581326,0.11844233376899396,0.09345282933419508,0.11844233376937043,0.20804031889662372,0.0,0.0,0.0,0.0,0.0,off,off,off,off,off
180.9999999999906,0.3,45.299999999992,-5.359850351031412,-2.4070860257115783,-1.43701392332747,-2.407086025686283,-5.359850351054092,-9.39703271542885,-9.397032715447438,0.6665543601062532,0.7161468562725953,0.728632723300725,0.7161468562725111,0.6665543601057593,0.2080682092170034,0.11844233376899396,0.09345282933419508,0.11844233376937043,0.2080682092178147,0.0,0.0,0.0,0.0,0.0,off,off,off,off,off
181.0999999999906,0.3,45.329999999992,-5.350659891940154,-2.397909859298352,-1.4278434174352697,-2.3979098592698733,-5.350659891958799,-9.387846092164011,-9.387846092182542,0.6665697272185304,0.7161712286247497,0.72865738634789,0.7161712286246735,0.6665697272180464,0.20809586762356433,0.11844233376899396,0.09345282933419508,0.11844233376937043,0.20809586762437632,0.0,0.0,0.0,0.0,0.0,off,off,off,off,off
181.19999999999058,0.3,45.35999999999199,-5.3414705642508125,-2.3887347634573644,-1.4186739581744519,-2.3887347634276352,-5.341470564271049,-9.378660388789967,-9.378660388808328,0.6665851925919256,0.7161955948622175,0.7286820433145504,0.7161955948621445,0.6665851925914372,0.208123294996535,0.11844233376899396,0.09345282933419508,0.11844233376937043,0.2081232949973477,0.0,0.0,0.0,0.0,0.0,off,off,off,off,off
181.29999999999058,0.3,45.389999999991986,-5.332282367698269,-2.3795607384119535,-1.4095055459254695,-2.379560738383134,-5.332282367714356,-9.369475605802734,-9.369475605821037,0.6666007558387009,0.7162199549974918,0.7287066942127808,0.7162199549974165,0.666600755838222,0.20815049219014542,0.11844233376899396,0.09345282933419508,0.11844233376937043,0.20815049219095877,0.0,0.0,0.0,0.0,0.0,off,off,off,off,off
181.39999999999057,0.3,45.41999999999198,-5.323095302008426,-2.3703877843816485,-1.4003381810690598,-2.370387784355785,-5.323095302025763,-9.360291743696223,-9.360291743714583,0.6666164165825964,0.7162443090430206,0.7287313390546007,0.7162443090429373,0.6666164165821139,0.2081774600336339,0.11844233376899396,0.09345282933419508,0.11844233376937043,0.20817746003444795,0.0,0.0,0.0,0.0,0.0,off,off,off,off,off
181.49999999999056,0.3,45.449999999991974,-5.313909366906785,-2.3612159015853535,-1.391171863972147,-2.361215901558012,-5.313909366921223,-9.351108802962415,-9.351108802980718,0.6666321743376118,0.7162686570111982,0.7287559778520122,0.7162686570111189,0.6666321743371366,0.20820419922326916,0.11844233376899396,0.09345282933419508,0.11844233376937043,0.20820419922408384,0.0,0.0,0.0,0.0,0.0,off,off,off,off,off
181.59999999999056,0.3,45.47999999999197,-5.3047245613481095,-2.3520450902248626,-1.382006595012001,-2.3520450901969525,-5.304724561360445,-9.341926784089537,-9.341926784107784,0.6666480256296377,0.7162929989144099,0.7287806106169338,0.716292998914332,0.666648025629167,0.20823070561539148,0.11844233376899396,0.09345282933419508,0.11844233376937043,0.2082307056162068,0.0,0.0,0.0,0.0,0.0,off,off,off,off,off
181.69999999999055,0.3,45.50999999999196,-5.295540883996637,-2.342875350488839,-1.3728423745510554,-2.342875350461952,-5.295540884007153,-9.332745687560987,-9.332745687579347,0.6666639674936644,0.7163173347650195,0.7288052373612701,0.7163173347649391,0.6666639674931985,0.2082569739791998,0.11844233376899396,0.09345282933419508,0.11844233376937043,0.2082569739800157,0.0,0.0,0.0,0.0,0.0,off,off,off,off,off
181.79999999999055,0.3,45.539999999991956,-5.286358333741077,-2.3337066825455963,-1.3636792029504363,-2.3337066825147303,-5.286358333752673,-9.323565513855442,-9.323565513873746,0.666679998821013,0.7163416645753906,0.7288298580968754,0.7163416645753208,0.6666799988205433,0.20828300521287968,0.11844233376899396,0.09345282933419508,0.11844233376937043,0.20828300521369614,0.0,0.0,0.0,0.0,0.0,off,off,off,off,off
181.89999999999054,0.3,45.56999999999195,-5.277176909523689,-2.324539086549464,-1.3545170805653584,-2.3245390865192803,-5.277176909537104,-9.314386263447034,-9.314386263465451,0.6666961187181274,0.7163659883578687,0.7288544728355651,0.7163659883577963,0.6666961187176532,0.2083088013486805,0.11844233376899396,0.09345282933419508,0.11844233376937043,0.20830880134949753,0.0,0.0,0.0,0.0,0.0,off,off,off,off,off
181.99999999999054,0.3,45.599999999991944,-5.267996610364946,-2.315372562647724,-1.345356007741941,-2.3153725626181654,-5.267996610375178,-9.305207936806028,-9.305207936824388,0.6667123263571093,0.716390306124764,0.7288790815891264,0.7163903061246903,0.666712326356643,0.20833436441468692,0.11844233376899396,0.09345282933419508,0.11844233376937043,0.2083343644155046,0.0,0.0,0.0,0.0,0.0,off,off,off,off,off
182.09999999999053,0.3,45.62999999999194,-5.258817435329888,-2.306207110968444,-1.336195984830681,-2.30620711094258,-5.2588174353358,-9.29603053439837,-9.296030534416616,0.666728620958753,0.7164146178883835,0.72890368436928,0.7164146178883002,0.6667286209582962,0.20835969633377321,0.11844233376899396,0.09345282933419508,0.11844233376937043,0.20835969633459145,0.0,0.0,0.0,0.0,0.0,off,off,off,off,off
182.19999999999052,0.3,45.65999999999193,-5.24963938353136,-2.2970427316378164,-1.327037012167409,-2.2970427316119526,-5.249639383540909,-9.286854056686252,-9.286854056704442,0.6667450017877746,0.7164389236609849,0.7289282811877331,0.7164389236609016,0.6667450017873094,0.2083847989220209,0.11844233376899396,0.09345282933419508,0.11844233376937043,0.20838479892283962,0.0,0.0,0.0,0.0,0.0,off,off,off,off,off
182.29999999999052,0.3,45.689999999991926,-5.240462454128931,-2.2878794247617407,-1.3178790900841477,-2.287879424731102,-5.240462454139106,-9.277678504127948,-9.277678504146195,0.666761468149438,0.7164632234548267,0.7289528720561497,0.7164632234547563,0.6667614681489706,0.20840967389579224,0.11844233376899396,0.09345282933419508,0.11844233376937043,0.20840967389661147,0.0,0.0,0.0,0.0,0.0,off,off,off,off,off
182.3999999999905,0.3,45.71999999999192,-5.231286646334468,-2.2787171904375896,-1.3087222189141698,-2.2787171904096795,-5.231286646338106,-9.26850387717866,-9.268503877196792,0.6667780193864973,0.7164875172821378,0.7289774569861383,0.71648751728206,0.6667780193860456,0.20843432287907057,0.11844233376899396,0.09345282933419508,0.11844233376937043,0.20843432287989028,0.0,0.0,0.0,0.0,0.0,off,off,off,off,off
182.4999999999905,0.3,45.749999999991914,-5.222111959393828,-2.269556028764441,-1.2995663989766513,-2.269556028736588,-5.2221119593948515,-9.259330176289723,-9.259330176307799,0.6667946548764414,0.7165118051550876,0.7290020359892924,0.7165118051550096,0.6667946548759967,0.2084587474103287,0.11844233376899396,0.09345282933419508,0.11844233376937043,0.2084587474111488,0.0,0.0,0.0,0.0,0.0,off,off,off,off,off
182.5999999999905,0.3,45.77999999999191,-5.2129383925804404,-2.260395939826765,-1.2904116305862772,-2.2603959397959557,-5.212938392590502,-9.250157401909235,-9.250157401927197,0.6668113740289188,0.7165360870858337,0.7290266090771648,0.7165360870857636,0.6668113740284509,0.208482948948894,0.11844233376899396,0.09345282933419508,0.11844233376937043,0.20848294894971453,0.0,0.0,0.0,0.0,0.0,off,off,off,off,off
182.6999999999905,0.3,45.8099999999919,-5.203765945224404,-2.2512369237040275,-1.2812579140546632,-2.251236923667591,-5.2037659452377625,-9.240985554481995,-9.240985554500014,0.6668281762832585,0.7165603630864934,0.7290511762612634,0.7165603630864378,0.6668281762827823,0.20850692888084163,0.11844233376899396,0.09345282933419508,0.11844233376937043,0.20850692888166267,0.0,0.0,0.0,0.0,0.0,off,off,off,off,off
182.7999999999905,0.3,45.839999999991896,-5.1945946166792965,-2.2420789804596097,-1.2721052496819425,-2.242078980423969,-5.194594616696065,-9.231814634449734,-9.231814634467753,0.6668450611063346,0.7165846331691746,0.7290757375530766,0.7165846331691174,0.6668450611058491,0.2085306885244505,0.11844233376899396,0.09345282933419508,0.11844233376937043,0.20853068852527204,0.0,0.0,0.0,0.0,0.0,off,off,off,off,off
182.89999999999048,0.3,45.86999999999189,-5.185424406332288,-2.232922110166953,-1.2629536377696127,-2.2329221101277312,-5.185424406351899,-9.222644642251282,-9.222644642269245,0.6668620279904784,0.7166088973459082,0.729100292964037,0.7166088973458596,0.6668620279899866,0.2085542291352539,0.11844233376899396,0.09345282933419508,0.11844233376937043,0.20855422913607596,0.0,0.0,0.0,0.0,0.0,off,off,off,off,off
182.99999999999048,0.3,45.899999999991884,-5.176255313597551,-2.223766312880798,-1.2538030786092236,-2.2237663128424856,-5.176255313618242,-9.21347557832246,-9.213475578340365,0.6668790764515953,0.7166331556287205,0.7291248425055503,0.7166331556286696,0.6668790764511003,0.2085775519107155,0.11844233376899396,0.09345282933419508,0.11844233376937043,0.20857755191153815,0.0,0.0,0.0,0.0,0.0,off,off,off,off,off
183.09999999999047,0.3,45.92999999999188,-5.167087337915291,-2.2146115886584425,-1.2446535724877208,-2.2146115886175153,-5.1670873379368345,-9.20430744309607,-9.204307443113919,0.6668962060273963,0.7166574080295821,0.7291493861889865,0.7166574080295379,0.6668962060268994,0.2086006579945583,0.11844233376899396,0.09345282933419508,0.11844233376937043,0.20860065799538152,0.0,0.0,0.0,0.0,0.0,off,off,off,off,off
183.19999999999047,0.3,45.95999999999187,-5.157920478757717,-2.2054579375515573,-1.2355051196763043,-2.205457937508754,-5.157920478777726,-9.195140237002477,-9.195140237020325,0.6669134162757556,0.7166816545604261,0.729173924025704,0.716681654560387,0.6669134162752628,0.20862354848077264,0.11844233376899396,0.09345282933419508,0.11844233376937043,0.20862354848159645,0.0,0.0,0.0,0.0,0.0,off,off,off,off,off
183.29999999999046,0.3,45.989999999991866,-5.1487547356131245,-2.1963053596020927,-1.2263577204568037,-2.1963053595578685,-5.148754735634611,-9.185973960469084,-9.185973960486876,0.666930706773236,0.7167058952331614,0.7291984560269827,0.7167058952331259,0.6669307067727387,0.20864622441732655,0.11844233376899396,0.09345282933419508,0.11844233376937043,0.20864622441815092,0.0,0.0,0.0,0.0,0.0,off,off,off,off,off
183.39999999999046,0.3,46.01999999999186,-5.139590107998686,-2.187153854856149,-1.2172113750943936,-2.187153854815108,-5.139590108024379,-9.176808613920741,-9.17680861393859,0.6669480771136558,0.7167301300596352,0.7292229822040969,0.7167301300595909,0.6669480771131477,0.20866868680960124,0.11844233376899396,0.09345282933419508,0.11844233376937043,0.20866868681042616,0.0,0.0,0.0,0.0,0.0,off,off,off,off,off
183.49999999999045,0.3,46.049999999991854,-5.130426595447545,-2.178003423351697,-1.2080660838496442,-2.1780034233087235,-5.1304265954805715,-9.167644197780078,-9.167644197797927,0.6669655269068281,0.7167543590516648,0.7292475025682821,0.7167543590516259,0.6669655269063014,0.2086909366235715,0.11844233376899396,0.09345282933419508,0.11844233376937043,0.20869093662439708,0.0,0.0,0.0,0.0,0.0,off,off,off,off,off
183.59999999999044,0.3,46.07999999999185,-5.121264197519906,-2.16885406512489,-1.1989218469807383,-2.1688540650785058,-5.121264197557593,-9.158480712466826,-9.158480712484561,0.666983055777331,0.716778582221024,0.7292720171307303,0.7167785822209938,0.6669830557767925,0.2087129747887508,0.11844233376899396,0.09345282933419508,0.11844233376937043,0.20871297478957712,0.0,0.0,0.0,0.0,0.0,off,off,off,off,off
183.69999999999044,0.3,46.10999999999184,-5.11210291373618,-2.159705780208924,-1.1897786647411976,-2.1597057801578217,-5.112102913777051,-9.149318158398273,-9.149318158416008,0.6670006631789274,0.716802799579443,0.729296525902596,0.7168027995794254,0.667000663178381,0.20873480189639543,0.11844233376899396,0.09345282933419508,0.11844233376937043,0.20873480189722263,0.0,0.0,0.0,0.0,0.0,off,off,off,off,off
183.79999999999043,0.3,46.139999999991836,-5.102942742839787,-2.1505585686220456,-1.1806365373709014,-2.150558568566794,-5.10294274288151,-9.14015653598824,-9.140156536006089,0.6670183459582408,0.7168270111386436,0.7293210288950198,0.7168270111386367,0.6670183459576924,0.20875641242736948,0.11844233376899396,0.09345282933419508,0.11844233376937043,0.20875641242819756,0.0,0.0,0.0,0.0,0.0,off,off,off,off,off
183.89999999999043,0.3,46.16999999999183,-5.093783683424533,-2.1414124303736344,-1.171495465108194,-2.141412430317473,-5.09378368346114,-9.13099584564526,-9.130995845663165,0.6670361018405279,0.7168512169103172,0.7293455261190986,0.7168512169103126,0.6670361018399924,0.2087778022698817,0.11844233376899396,0.09345282933419508,0.11844233376937043,0.20877780227071066,0.0,0.0,0.0,0.0,0.0,off,off,off,off,off
183.99999999999042,0.3,46.199999999991824,-5.084625734271242,-2.13226736545397,-1.1623554481885776,-2.132267365399457,-5.084625734305575,-9.121836087773033,-9.121836087790996,0.6670539298595658,0.716875416906159,0.7293700175858843,0.7168754169061499,0.6670539298590358,0.20879897312230722,0.11844233376899396,0.09345282933419508,0.11844233376937043,0.20879897312313705,0.0,0.0,0.0,0.0,0.0,off,off,off,off,off
184.09999999999042,0.3,46.22999999999182,-5.0754688942435,-2.1231233738375863,-1.153216486836186,-2.123123373784665,-5.075468894279879,-9.112677262770887,-9.112677262788907,0.6670718291855829,0.7168996111378548,0.7293945033064134,0.7168996111378418,0.6670718291850466,0.20881992725450077,0.11844233376899396,0.09345282933419508,0.11844233376937043,0.2088199272553314,0.0,0.0,0.0,0.0,0.0,off,off,off,off,off
184.1999999999904,0.3,46.25999999999181,-5.0663131622748665,-2.113980455502997,-1.144078581274755,-2.1139804554518378,-5.066313162316021,-9.103519371033826,-9.103519371052016,0.6670897990483009,0.7169237996170309,0.7294189832916723,0.7169237996170127,0.6670897990477525,0.2088406668309966,0.11844233376899396,0.09345282933419508,0.11844233376937043,0.20884066683182817,0.0,0.0,0.0,0.0,0.0,off,off,off,off,off
184.2999999999904,0.3,46.28999999999181,-5.057158537354894,-2.1048386104055226,-1.1349417317142638,-2.104838610350953,-5.05715853739639,-9.094362412953103,-9.094362412971407,0.6671078387278371,0.7169479823553251,0.7294434575526365,0.7169479823553161,0.667107838727288,0.20886119387861102,0.11844233376899396,0.09345282933419508,0.11844233376937043,0.20886119387944352,0.0,0.0,0.0,0.0,0.0,off,off,off,off,off
184.3999999999904,0.3,46.3199999999918,-5.048005018533388,-2.0956978384914464,-1.1258059383578143,-2.0956978384363083,-5.048005018572098,-9.085206388915879,-9.085206388934239,0.667125947550241,0.7169721593643514,0.7294679261002499,0.7169721593643437,0.6671259475496981,0.2088815102951953,0.11844233376899396,0.09345282933419508,0.11844233376937043,0.20888151029602872,0.0,0.0,0.0,0.0,0.0,off,off,off,off,off
184.4999999999904,0.3,46.349999999991795,-5.038852604896363,-2.086558139700287,-1.116671201406632,-2.0865581396497532,-5.0388526049385405,-9.07605129930596,-9.076051299324263,0.6671441248837228,0.7169963306556926,0.729492388945415,0.7169963306556728,0.6671441248831712,0.20890161786014197,0.11844233376899396,0.09345282933419508,0.11844233376937043,0.20890161786097636,0.0,0.0,0.0,0.0,0.0,off,off,off,off,off
184.5999999999904,0.3,46.37999999999179,-5.029701295587927,-2.0774195139717904,-1.1075375210579637,-2.0774195139216545,-5.029701295637437,-9.066897144503002,-9.06689714452142,0.6671623701351019,0.7170204962408826,0.7295168460989948,0.7170204962408617,0.6671623701345315,0.2089215182441813,0.11844233376899396,0.09345282933419508,0.11844233376937043,0.20892151824501665,0.0,0.0,0.0,0.0,0.0,off,off,off,off,off
184.69999999999038,0.3,46.40999999999178,-5.020551089808976,-2.068281961228138,-1.0984048974913208,-2.068281961181583,-5.020551089855417,-9.057743924883766,-9.057743924902297,0.6671806827465995,0.7170446561314539,0.7295412975718532,0.7170446561314231,0.6671806827460367,0.20894121301837826,0.11844233376899396,0.09345282933419508,0.11844233376937043,0.20894121301921467,0.0,0.0,0.0,0.0,0.0,off,off,off,off,off
184.79999999999038,0.3,46.43999999999178,-5.011401986788087,-2.0591454813970813,-1.0892733308902507,-2.059145481352914,-5.011401986835665,-9.048591640821712,-9.048591640840414,0.6671990621929715,0.7170688103388758,0.7295657433747947,0.7170688103388397,0.6671990621924058,0.20896070366238662,0.11844233376899396,0.09345282933419508,0.11844233376937043,0.20896070366322406,0.0,0.0,0.0,0.0,0.0,off,off,off,off,off
184.89999999999037,0.3,46.46999999999177,-5.002253985795619,-2.0500100743891494,-1.0801428214225552,-2.0500100743498706,-5.002253985840298,-9.03944029268689,-9.039440292705763,0.6672175079787724,0.7170929588746171,0.7295901835186183,0.717092958874568,0.6672175079782136,0.2089799915720207,0.11844233376899396,0.09345282933419508,0.11844233376937043,0.20897999157285918,0.0,0.0,0.0,0.0,0.0,off,off,off,off,off
184.99999999999037,0.3,46.499999999991765,-4.993107086140242,-2.0408757401199296,-1.0710133692576846,-2.040875740082697,-4.99310708618583,-9.030289880846567,-9.030289880865666,0.6672360196358871,0.7171171017500849,0.729614618014071,0.7171171017500305,0.6672360196353257,0.20899907806620138,0.11844233376899396,0.09345282933419508,0.11844233376937043,0.2089990780670409,0.0,0.0,0.0,0.0,0.0,off,off,off,off,off
185.09999999999036,0.3,46.52999999999176,-4.983961287158195,-2.0317424784948344,-1.0618849745520151,-2.031742478460103,-4.983961287199747,-9.021140405665108,-9.021140405684264,0.6672545967212875,0.7171412389766659,0.7296390468718897,0.7171412389766054,0.6672545967207357,0.2090179643933285,0.11844233376899396,0.09345282933419508,0.11844233376937043,0.20901796439416906,0.0,0.0,0.0,0.0,0.0,off,off,off,off,off
185.19999999999035,0.3,46.55999999999175,-4.97481658821755,-2.022610289416889,-1.0527576374589103,-2.022610289387444,-4.974816588255294,-9.011991867503696,-9.011991867523022,0.6672732388149355,0.7171653705657074,0.7296634701027691,0.7171653705656323,0.6672732388143928,0.20903665173712668,0.11844233376899396,0.09345282933419508,0.11844233376937043,0.20903665173796826,0.0,0.0,0.0,0.0,0.0,off,off,off,off,off
185.29999999999035,0.3,46.58999999999175,-4.965672988722247,-2.01347917279611,-1.0436313581198533,-2.013479172764221,-4.965672988758968,-9.002844266721127,-9.002844266740567,0.6672919455178635,0.7171894965284904,0.7296878877173907,0.7171894965284221,0.6672919455173226,0.2090551412220084,0.11844233376899396,0.09345282933419508,0.11844233376937043,0.20905514122285096,0.0,0.0,0.0,0.0,0.0,off,off,off,off,off
185.39999999999034,0.3,46.61999999999174,-4.956530488097712,-2.0043491285186974,-1.0345061366820119,-2.0043491284866946,-4.956530488136195,-8.993697603673297,-8.993697603692794,0.6673107164504536,0.7172136168763131,0.7297122997263742,0.7172136168762455,0.667310716449908,0.20907343391799416,0.11844233376899396,0.09345282933419508,0.11844233376937043,0.2090734339188377,0.0,0.0,0.0,0.0,0.0,off,off,off,off,off
185.49999999999034,0.3,46.649999999991735,-4.947389085789325,-1.9952201564841516,-1.0253819732725447,-1.995220156456753,-4.947389085829741,-8.984551878713546,-8.984551878733043,0.6673295512508364,0.7172377316203927,0.7297367061403461,0.717237731620313,0.6673295512502855,0.20909153084522625,0.11844233376899396,0.09345282933419508,0.11844233376937043,0.20909153084607085,0.0,0.0,0.0,0.0,0.0,off,off,off,off,off
185.59999999999033,0.3,46.67999999999173,-4.938248781286063,-1.9860922565902115,-1.0162588680182694,-1.9860922565600276,-4.938248781323296,-8.975407092192768,-8.975407092212322,0.667348449573351,0.717261840771905,0.7297611069698878,0.7172618407718324,0.6673484495728077,0.20910943297811027,0.11844233376899396,0.09345282933419508,0.11844233376937043,0.20910943297895587,0.0,0.0,0.0,0.0,0.0,off,off,off,off,off
185.69999999999033,0.3,46.70999999999172,-4.9291095740704804,-1.9769654287243839,-1.0071368210399214,-1.97696542869204,-4.929109574112033,-8.96626324445964,-8.966263244479137,0.6673674110873191,0.7172859443420062,0.7297855022255509,0.7172859443419398,0.6673674110867646,0.20912714124911438,0.11844233376899396,0.09345282933419508,0.11844233376937043,0.20912714124996098,0.0,0.0,0.0,0.0,0.0,off,off,off,off,off
185.79999999999032,0.3,46.73999999999172,-4.919971463482909,-1.9678396727721292,-0.9980158324559625,-1.967839672741377,-4.919971463528157,-8.95712033585977,-8.95712033587921,0.667386434948041,0.7173100423418136,0.7298098919178476,0.717310042341743,0.6673864349474766,0.2091446550607482,0.11844233376899396,0.09345282933419508,0.11844233376937043,0.20914465506159585,0.0,0.0,0.0,0.0,0.0,off,off,off,off,off
185.8999999999903,0.3,46.76999999999171,-4.91083444806975,-1.9587149886136785,-0.9888959023734856,-1.958714988585541,-4.910834448118351,-8.947978366734844,-8.947978366754398,0.6674055182166242,0.7173341347824119,0.7298342760572748,0.7173341347823345,0.6674055182160512,0.20916196680181431,0.11844233376899396,0.09345282933419508,0.11844233376937043,0.2091619668026631,0.0,0.0,0.0,0.0,0.0,off,off,off,off,off
185.9999999999903,0.3,46.799999999991705,-4.9016985265136555,-1.9495913761151655,-0.9797770308939562,-1.9495913760876533,-4.901698526563166,-8.93883733742149,-8.93883733744127,0.6674246595165667,0.7173582216748768,0.729858654654298,0.7173582216747976,0.6674246595159913,0.20917907546116962,0.11844233376899396,0.09345282933419508,0.11844233376937043,0.2091790754620196,0.0,0.0,0.0,0.0,0.0,off,off,off,off,off
186.0999999999903,0.3,46.8299999999917,-4.892563697607898,-1.9404688351247614,-0.9706592181174187,-1.9404688350959987,-4.89256369766332,-8.929697248252126,-8.929697248271964,0.6674438580360998,0.7173823030302866,0.7298830277193431,0.7173823030302107,0.6674438580355094,0.20919598339994624,0.11844233376899396,0.09345282933419508,0.11844233376937043,0.20919598340079745,0.0,0.0,0.0,0.0,0.0,off,off,off,off,off
186.1999999999903,0.3,46.85999999999169,-4.883429960238573,-1.9313473654856352,-0.9615424641303889,-1.9313473654557924,-4.883429960291835,-8.920558099554853,-8.920558099574691,0.6674631130413903,0.7174063788596864,0.729907395262826,0.7174063788596134,0.6674631130408055,0.2092126929843324,0.11844233376899396,0.09345282933419508,0.11844233376937043,0.2092126929851848,0.0,0.0,0.0,0.0,0.0,off,off,off,off,off
186.2999999999903,0.3,46.88999999999169,-4.874297313357715,-1.9222269670265177,-0.9524267690179613,-1.9222269669961634,-4.8742973134026215,-8.911419891653736,-8.911419891673745,0.6674824238541827,0.7174304491741156,0.7299317572951212,0.717430449174044,0.6674824238536177,0.2092292064111546,0.11844233376899396,0.09345282933419508,0.11844233376937043,0.20922920641200823,0.0,0.0,0.0,0.0,0.0,off,off,off,off,off
186.39999999999029,0.3,46.91999999999168,-4.8651657559687465,-1.9131076395766513,-0.9433121328524408,-1.9131076395445916,-4.865165756015017,-8.902282624869258,-8.90228262488938,0.6675017898460534,0.7174545139845665,0.7299561138265946,0.7174545139844992,0.6675017898454849,0.20924552571644875,0.11844233376899396,0.09345282933419508,0.11844233376937043,0.20924552571730354,0.0,0.0,0.0,0.0,0.0,off,off,off,off,off
186.49999999999028,0.3,46.949999999991675,-4.856035287141026,-1.9039893829505559,-0.9341985557032899,-1.9039893829175867,-4.856035287187751,-8.893146299518207,-8.893146299538387,0.6675212104337248,0.7174785733020264,0.7299804648675735,0.7174785733019613,0.6675212104331544,0.20926165279006625,0.11844233376899396,0.09345282933419508,0.11844233376937043,0.2092616527909222,0.0,0.0,0.0,0.0,0.0,off,off,off,off,off
186.59999999999027,0.3,46.97999999999167,-4.846905906000757,-1.8948721969637745,-0.925086037638323,-1.8948721969280768,-4.846905906045322,-8.884010915914018,-8.884010915934255,0.667540685074888,0.7175026271374351,0.7300048104283448,0.7175026271373773,0.6675406850743233,0.20927758938920724,0.11844233376899396,0.09345282933419508,0.11844233376937043,0.20927758939006436,0.0,0.0,0.0,0.0,0.0,off,off,off,off,off
186.69999999999027,0.3,47.00999999999166,-4.837777611723709,-1.885756081420027,-0.9159745787136444,-1.8857560813831924,-4.837777611763272,-8.874876474366772,-8.874876474387122,0.6675602132644173,0.7175266755017209,0.7300291505191843,0.7175266755016662,0.6675602132638638,0.20929333715071266,0.11844233376899396,0.09345282933419508,0.11844233376937043,0.2092933371515709,0.0,0.0,0.0,0.0,0.0,off,off,off,off,off
186.79999999999026,0.3,47.03999999999166,-4.82865040352624,-1.8766410361203612,-0.9068641789750131,-1.8766410360860277,-4.828650403560573,-8.865742975183593,-8.865742975203943,0.6675797945309326,0.7175507184057734,0.7300534851503512,0.717550718405712,0.6675797945303922,0.2093088976022188,0.11844233376899396,0.09345282933419508,0.11844233376937043,0.20930889760307803,0.0,0.0,0.0,0.0,0.0,off,off,off,off,off
186.89999999999026,0.3,47.06999999999165,-4.819524280667224,-1.867527060866621,-0.8977548384710303,-1.8675270608293886,-4.819524280697863,-8.856610418668424,-8.856610418688774,0.6675994284336638,0.7175747558604386,0.7300778143320522,0.7175747558603844,0.667599428433132,0.20932427217227953,0.11844233376899396,0.09345282933419508,0.11844233376937043,0.20932427217313984,0.0,0.0,0.0,0.0,0.0,off,off,off,off,off
186.99999999999025,0.3,47.099999999991645,-4.810399242438905,-1.8584141554536586,-0.8886465572344378,-1.8584141554184157,-4.810399242469032,-8.847478805122535,-8.84747880514277,0.6676191145596253,0.7175987878765357,0.7301021380744936,0.7175987878764766,0.667619114559094,0.20933946219955266,0.11844233376899396,0.09345282933419508,0.11844233376937043,0.20933946220041397,0.0,0.0,0.0,0.0,0.0,off,off,off,off,off
187.09999999999025,0.3,47.12999999999164,-4.801275288172576,-1.8493023196725176,-0.8795393352988299,-1.8493023196333525,-4.801275288209013,-8.838348134844068,-8.838348134864304,0.6676388525210217,0.7176228144648519,0.7301264563878369,0.7176228144648034,0.6676388525204748,0.2093544689411358,0.11844233376899396,0.09345282933419508,0.11844233376937043,0.2093544689419981,0.0,0.0,0.0,0.0,0.0,off,off,off,off,off
187.19999999999024,0.3,47.15999999999163,-4.792152417247962,-1.8401915533128772,-0.8704331726871146,-1.8401915532716089,-4.7921524172754175,-8.829218408128952,-8.829218408149188,0.6676586419528807,0.7176468356361348,0.7301507692822277,0.7176468356360917,0.6676586419523557,0.20936929358013165,0.11844233376899396,0.09345282933419508,0.11844233376937043,0.20936929358099493,0.0,0.0,0.0,0.0,0.0,off,off,off,off,off
187.29999999999023,0.3,47.18999999999163,-4.783030629040127,-1.8310818561608357,-0.8613280694183345,-1.8310818561163842,-4.783030629069174,-8.820089625270214,-8.820089625290507,0.6676784825110599,0.7176708514010994,0.7301750767677794,0.7176708514010643,0.6676784825105304,0.2093839372325134,0.11844233376899396,0.09345282933419508,0.11844233376937043,0.20938393723337756,0.0,0.0,0.0,0.0,0.0,off,off,off,off,off
187.39999999999023,0.3,47.21999999999162,-4.773909922980351,-1.8219732280019798,-0.8522240255020392,-1.8219732279621894,-4.773909923005192,-8.81096178655855,-8.810961786579014,0.6676983738701643,0.7176948617704184,0.7301993788545882,0.717694861770371,0.6676983738696446,0.20939840095335546,0.11844233376899396,0.09345282933419508,0.11844233376937043,0.20939840095422052,0.0,0.0,0.0,0.0,0.0,off,off,off,off,off
187.49999999999022,0.3,47.249999999991616,-4.764790298504693,-1.8128656686297973,-0.8431210409504502,-1.8128656685856868,-4.764790298530386,-8.801834892282272,-8.801834892302736,0.6677183157219242,0.7177188667547022,0.7302236755527008,0.7177188667546658,0.667718315721402,0.20941268574248817,0.11844233376899396,0.09345282933419508,0.11844233376937043,0.2094126857433541,0.0,0.0,0.0,0.0,0.0,off,off,off,off,off
187.59999999999022,0.3,47.27999999999161,-4.755671755090987,-1.8037591778185629,-0.834019115754927,-1.8037591777726902,-4.7556717551193515,-8.792708942727359,-8.792708942747936,0.667738307773514,0.7177428663645692,0.7302479668721761,0.7177428663645375,0.6677383077729847,0.2094267925496295,0.11844233376899396,0.09345282933419508,0.11844233376937043,0.20942679255049626,0.0,0.0,0.0,0.0,0.0,off,off,off,off,off
187.6999999999902,0.3,47.309999999991604,-4.746554292210533,-1.7946537553531243,-0.8249182499222343,-1.7946537553113444,-4.746554292246003,-8.78358393817723,-8.78358393819775,0.6677583497116444,0.7177668606105684,0.7302722528229912,0.7177668606105255,0.6677583497110975,0.20944072213169135,0.11844233376899396,0.09345282933419508,0.11844233376937043,0.209440722132559,0.0,0.0,0.0,0.0,0.0,off,off,off,off,off
187.7999999999902,0.3,47.3399999999916,-4.7374379087683,-1.7855494010124175,-0.8158184434350915,-1.785549400971945,-4.737437908804452,-8.774459878912637,-8.7744598789331,0.6677784397361036,0.7177908495032225,0.7302965334151442,0.7177908495031767,0.6677784397355548,0.20945446878905327,0.11844233376899396,0.09345282933419508,0.11844233376937043,0.2094544687899218,0.0,0.0,0.0,0.0,0.0,off,off,off,off,off
187.8999999999902,0.3,47.36999999999159,-4.728322603348886,-1.7764461145640666,-0.8067196962776961,-1.7764461145252426,-4.728322603382935,-8.765336765209383,-8.765336765229677,0.6677985759210023,0.7178148330530413,0.7303208086585883,0.7178148330529909,0.6677985759204588,0.2094680275454152,0.11844233376899396,0.09345282933419508,0.11844233376937043,0.2094680275462847,0.0,0.0,0.0,0.0,0.0,off,off,off,off,off
187.9999999999902,0.3,47.399999999991586,-4.719208374737207,-1.7673438957620533,-0.7976220084295846,-1.7673438957252756,-4.719208374769835,-8.75621459733884,-8.75621459735919,0.6678187574649743,0.7178388112705284,0.7303450785632459,0.717838811270473,0.667818757464434,0.20948140062524992,0.11844233376899396,0.09345282933419508,0.11844233376937043,0.2094814006261204,0.0,0.0,0.0,0.0,0.0,off,off,off,off,off
188.0999999999902,0.3,47.42999999999158,-4.710095221801907,-1.758242744353879,-0.7885253798657459,-1.7582427443166466,-4.710095221837435,-8.747093375568511,-8.747093375588975,0.6678389836796685,0.7178627841661642,0.7303693431390125,0.7178627841661102,0.6678389836791209,0.20949459060050238,0.11844233376899396,0.09345282933419508,0.11844233376937043,0.20949459060137374,0.0,0.0,0.0,0.0,0.0,off,off,off,off,off
188.19999999999018,0.3,47.459999999991574,-4.700983143497979,-1.7491426600728914,-0.7794298105493453,-1.7491426600353748,-4.70098314353902,-8.737973100162264,-8.737973100182785,0.6678592539371041,0.7178867517504235,0.7303936023957717,0.7178867517503699,0.6678592539365422,0.20950759983402986,0.11844233376899396,0.09345282933419508,0.11844233376937043,0.20950759983490216,0.0,0.0,0.0,0.0,0.0,off,off,off,off,off
188.29999999999018,0.3,47.48999999999157,-4.691872138852261,-1.7400436426519263,-0.7703353004402516,-1.7400436426138413,-4.691872138893416,-8.728853771380045,-8.72885377140068,0.6678795676624731,0.717910714033741,0.7304178563433755,0.717910714033689,0.6678795676619111,0.20952043048919736,0.11844233376899396,0.09345282933419508,0.11844233376937043,0.2095204304900706,0.0,0.0,0.0,0.0,0.0,off,off,off,off,off
188.39999999999017,0.3,47.51999999999156,-4.682762206943778,-1.7309456918132469,-0.7612418494894087,-1.7309456917766397,-4.682762206995392,-8.719735389478842,-8.719735389499533,0.667899924328603,0.7179346710265393,0.7304421049916587,0.7179346710264833,0.6678999243280145,0.20953308455042455,0.11844233376899396,0.09345282933419508,0.11844233376937043,0.2095330845512988,0.0,0.0,0.0,0.0,0.0,off,off,off,off,off
188.49999999999017,0.3,47.549999999991556,-4.673653346921981,-1.7218488072825266,-0.7521494576496366,-1.7218488072412583,-4.673653346969388,-8.710617954712177,-8.710617954732868,0.6679203234509238,0.717958622739191,0.7304663483504102,0.7179586227391473,0.6679203234503457,0.20954556384186313,0.11844233376899396,0.09345282933419508,0.11844233376937043,0.2095455638427384,0.0,0.0,0.0,0.0,0.0,off,off,off,off,off
188.59999999999016,0.3,47.57999999999155,-4.664545557977533,-1.7127529887657715,-0.743058124868071,-1.7127529887250716,-4.6645455580303405,-8.701501467330615,-8.701501467351306,0.6679407645830769,0.71798256918208,0.7304905864293941,0.717982569182035,0.6679407645824854,0.20955787004413176,0.11844233376899396,0.09345282933419508,0.11844233376937043,0.209557870045008,0.0,0.0,0.0,0.0,0.0,off,off,off,off,off
188.69999999999015,0.3,47.609999999991544,-4.6554388393470845,-1.7036582359813792,-0.733967851068428,-1.703658235944772,-4.655438839402223,-8.692385927581768,-8.692385927602572,0.6679612473129044,0.7180065103655164,0.7305148192383951,0.7180065103654604,0.6679612473123065,0.2095700047093049,0.11844233376899396,0.09345282933419508,0.11844233376937043,0.20957000471018217,0.0,0.0,0.0,0.0,0.0,off,off,off,off,off
188.79999999999015,0.3,47.63999999999154,-4.646333190329585,-1.6945645486401304,-0.7248786361861335,-1.6945645486062517,-4.646333190386372,-8.683271335710515,-8.683271335731604,0.6679817712588261,0.7180304462997913,0.7305390467871274,0.7180304462997285,0.6679817712582239,0.2095819692743387,0.11844233376899396,0.09345282933419508,0.11844233376937043,0.20958196927521708,0.0,0.0,0.0,0.0,0.0,off,off,off,off,off
188.89999999999014,0.3,47.66999999999153,-4.637228610245927,-1.6854719264534879,-0.71579048015019,-1.6854719264167102,-4.637228610296802,-8.674157691959351,-8.67415769198061,0.6680023360667338,0.7180543769951542,0.7305632690852819,0.7180543769950989,0.6680023360661465,0.20959376507309657,0.11844233376899396,0.09345282933419508,0.11844233376937043,0.20959376507397603,0.0,0.0,0.0,0.0,0.0,off,off,off,off,off
188.99999999999014,0.3,47.699999999991526,-4.628125098448322,-1.6763803691226258,-0.7067033828740819,-1.6763803690857344,-4.628125098494991,-8.6650449965681,-8.665044996589415,0.6680229414070927,0.7180783024618405,0.7305874861425514,0.7180783024617858,0.6680229414065151,0.20960539334712056,0.11844233376899396,0.09345282933419508,0.11844233376937043,0.20960539334800105,0.0,0.0,0.0,0.0,0.0,off,off,off,off,off
189.09999999999013,0.3,47.72999999999152,-4.619022654328717,-1.6672898763540616,-0.6976173442749314,-1.6672898763168291,-4.619022654378341,-8.65593324977408,-8.655933249795453,0.6680435869723477,0.7181022227100342,0.7306116979685785,0.7181022227099797,0.6680435869717627,0.20961685525527968,0.11844233376899396,0.09345282933419508,0.11844233376937043,0.20961685525616125,0.0,0.0,0.0,0.0,0.0,off,off,off,off,off
189.19999999999013,0.3,47.759999999991514,-4.60992127730816,-1.6582004478552221,-0.6885323642593448,-1.6582004478195813,-4.609921277359831,-8.646822451812113,-8.646822451833714,0.6680642724746452,0.7181261377498751,0.7306359045729948,0.7181261377498168,0.6680642724740545,0.209628151882413,0.11844233376899396,0.09345282933419508,0.11844233376937043,0.20962815188329562,0.0,0.0,0.0,0.0,0.0,off,off,off,off,off
189.29999999999012,0.3,47.78999999999151,-4.600820966836579,-1.64911208332677,-0.6794484427294378,-1.649112083292664,-4.600820966884783,-8.637712602915087,-8.637712602936858,0.6680849976437668,0.7181500475914842,0.7306601059654045,0.718150047591422,0.6680849976431849,0.20963928424707098,0.11844233376899396,0.09345282933419508,0.11844233376937043,0.2096392842479547,0.0,0.0,0.0,0.0,0.0,off,off,off,off,off
189.39999999999011,0.3,47.8199999999915,-4.59172172237885,-1.640024782479486,-0.6703655795853933,-1.6400247824420262,-4.591721722426712,-8.628603703313786,-8.628603703335614,0.6681057622253177,0.7181739522449155,0.7306843021553767,0.7181739522448618,0.6681057622247362,0.20965025330845094,0.11844233376899396,0.09345282933419508,0.11844233376937043,0.2096502533093357,0.0,0.0,0.0,0.0,0.0,off,off,off,off,off
189.4999999999901,0.3,47.849999999991496,-4.5826235434354885,-1.6309385450079503,-0.6612837747164804,-1.6309385449727074,-4.582623543485454,-8.619495753236492,-8.619495753258434,0.6681265659729146,0.7181978517202265,0.7307084931524724,0.7181978517201674,0.6681265659723272,0.20966105993125878,0.11844233376899396,0.09345282933419508,0.11844233376937043,0.20966105993214465,0.0,0.0,0.0,0.0,0.0,off,off,off,off,off
189.5999999999901,0.3,47.87999999999149,-4.573526429020376,-1.6218533706178846,-0.6522030280126501,-1.6218533705828122,-4.573526429070682,-8.610388752909216,-8.610388752931215,0.6681474075725912,0.7182217460274077,0.7307326789662102,0.7182217460273478,0.6681474075720027,0.20967169843167566,0.11844233376899396,0.09345282933419508,0.11844233376937043,0.2096716984325627,0.0,0.0,0.0,0.0,0.0,off,off,off,off,off
189.6999999999901,0.3,47.909999999991484,-4.564430377743918,-1.6127692590009133,-0.643123339357146,-1.6127692589629419,-4.564430377797464,-8.601282702553249,-8.60128270257536,0.6681682852556761,0.7182456351764466,0.7307568596060889,0.7182456351763944,0.6681682852550792,0.2096821629636675,0.11844233376899396,0.09345282933419508,0.11844233376937043,0.20968216296455566,0.0,0.0,0.0,0.0,0.0,off,off,off,off,off
189.7999999999901,0.3,47.93999999999148,-4.555335388409446,-1.6036862098328584,-0.6340447086313361,-1.6036862097942617,-4.555335388467938,-8.59217760238596,-8.592177602408185,0.6681891982872935,0.7182695191773344,0.7307810350815722,0.7182695191772837,0.6681891982866848,0.2096924560898062,0.11844233376899396,0.09345282933419508,0.11844233376937043,0.20969245609069548,0.0,0.0,0.0,0.0,0.0,off,off,off,off,off
189.8999999999901,0.3,47.96999999999147,-4.546241459933185,-1.5946042227870407,-0.6249671356994213,-1.5946042227471366,-4.546241459988835,-8.583073452620852,-8.583073452643191,0.66821014603912,0.7182933980400289,0.730805205402134,0.7182933980399822,0.6682101460385177,0.20970258058119118,0.11844233376899396,0.09345282933419508,0.11844233376937043,0.20970258058208166,0.0,0.0,0.0,0.0,0.0,off,off,off,off,off
189.99999999999008,0.3,47.999999999991466,-4.5371485912970115,-1.5855232975262084,-0.6158906204393588,-1.5855232974859064,-4.537148591354196,-8.573970253468076,-8.573970253490415,0.6682311279460088,0.7183172717744798,0.7308293705771701,0.7183172717744334,0.6682311279454025,0.20971253893760206,0.11844233376899396,0.09345282933419508,0.11844233376937043,0.20971253893849368,0.0,0.0,0.0,0.0,0.0,off,off,off,off,off
190.09999999999008,0.3,48.02999999999146,-4.528056781573696,-1.5764434337100965,-0.6068151627050611,-1.5764434336726367,-4.52805678162963,-8.564868005134315,-8.564868005156598,0.6682521434980949,0.7183411403906032,0.7308535306161039,0.7183411403905493,0.6682521434974916,0.20972233341464855,0.11844233376899396,0.09345282933419508,0.11844233376937043,0.20972233341554136,0.0,0.0,0.0,0.0,0.0,off,off,off,off,off
190.19999999999007,0.3,48.059999999991454,-4.518966029892738,-1.5673646309982132,-0.5977407623584554,-1.5673646309614355,-4.518966029946739,-8.555766707823011,-8.555766707845407,0.6682731922342927,0.7183650038982808,0.7308776855283001,0.7183650038982252,0.668273192233694,0.20973196605267963,0.11844233376899396,0.09345282933419508,0.11844233376937043,0.20973196605357358,0.0,0.0,0.0,0.0,0.0,off,off,off,off,off
190.29999999999006,0.3,48.08999999999145,-4.509876335451509,-1.558286889038186,-0.5886674192449846,-1.5582868890013515,-4.509876335507329,-8.54666636173505,-8.546666361757616,0.6682942737364678,0.7183888623073864,0.7309018353231282,0.7183888623073312,0.6682942737358635,0.20974143870231773,0.11844233376899396,0.09345282933419508,0.11844233376937043,0.20974143870321288,0.0,0.0,0.0,0.0,0.0,off,off,off,off,off
190.39999999999006,0.3,48.11999999999144,-4.500787697495866,-1.5492102074801437,-0.5795951332177083,-1.549210207442627,-4.500787697556632,-8.537566967068585,-8.537566967091266,0.6683153876243689,0.7184127156277508,0.7309259800099,0.7184127156276976,0.6683153876237528,0.2097507530469665,0.11844233376899396,0.09345282933419508,0.11844233376937043,0.20975075304786284,0.0,0.0,0.0,0.0,0.0,off,off,off,off,off
190.49999999999005,0.3,48.14999999999144,-4.491700115327774,-1.5401345859721118,-0.5705239041137133,-1.5401345859334015,-4.491700115382741,-8.528468524019104,-8.528468524041784,0.6683365335511061,0.7184365638691723,0.7309501195979331,0.7184365638691217,0.668336533550504,0.2097599106226502,0.11844233376899396,0.09345282933419508,0.11844233376937043,0.20975991062354768,0.0,0.0,0.0,0.0,0.0,off,off,off,off,off
190.59999999999005,0.3,48.17999999999143,-4.482613588274489,-1.531060024155238,-0.5614537317676422,-1.5310600241153338,-4.482613588331446,-8.519371032779475,-8.519371032802383,0.6683577111992478,0.7184604070414294,0.7309742540965138,0.7184604070413823,0.6683577111986402,0.20976891283550164,0.11844233376899396,0.09345282933419508,0.11844233376937043,0.20976891283640026,0.0,0.0,0.0,0.0,0.0,off,off,off,off,off
190.69999999999004,0.3,48.209999999991425,-4.473528115726083,-1.5219865216717494,-0.5523846160116364,-1.5219865216375865,-4.4735281157777536,-8.51027449354035,-8.510274493563372,0.6683789202772309,0.7184842451542633,0.7309983835148983,0.7184842451542005,0.6683789202766366,0.20977776097717757,0.11844233376899396,0.09345282933419508,0.11844233376937043,0.20977776097807732,0.0,0.0,0.0,0.0,0.0,off,off,off,off,off
190.79999999999004,0.3,48.23999999999142,-4.4644436970879156,-1.5129140781742194,-0.5433165566762455,-1.512914078141307,-4.464443697139018,-8.501178906490338,-8.50117890651336,0.6684001605163887,0.7185080782173479,0.7310225078623095,0.7185080782172825,0.6684001605157955,0.20978645623844738,0.11844233376899396,0.09345282933419508,0.11844233376937043,0.20978645623934827,0.0,0.0,0.0,0.0,0.0,off,off,off,off,off
190.89999999999003,0.3,48.26999999999141,-4.455360331795703,-1.5038426933012374,-0.5342495535791727,-1.5038426932693483,-4.455360331844588,-8.492084271815543,-8.492084271838621,0.6684214316681958,0.7185319062403609,0.7310466271479682,0.7185319062402921,0.6684214316676071,0.20979499972117202,0.11844233376899396,0.09345282933419508,0.11844233376937043,0.20979499972207397,0.0,0.0,0.0,0.0,0.0,off,off,off,off,off
190.99999999999002,0.3,48.29999999999141,-4.446278019320914,-1.4947723667040123,-0.5251836065411908,-1.4947723666672346,-4.446278019365252,-8.482990589700364,-8.482990589723386,0.6684427335018516,0.7185557292329074,0.7310707413810503,0.7185557292328518,0.668442733501274,0.2098033924488634,0.11844233376899396,0.09345282933419508,0.11844233376937043,0.20980339244976642,0.0,0.0,0.0,0.0,0.0,off,off,off,off,off
191.09999999999002,0.3,48.3299999999914,-4.437196759151163,-1.4857030980207924,-0.5161187153735227,-1.48570309798464,-4.437196759199026,-8.473897860326929,-8.473897860350064,0.6684640658022191,0.7185795472045928,0.7310948505707212,0.7185795472045353,0.6684640658016331,0.20981163537599362,0.11844233376899396,0.09345282933419508,0.11844233376937043,0.20981163537689768,0.0,0.0,0.0,0.0,0.0,off,off,off,off,off
191.19999999999,0.3,48.359999999991395,-4.4281165507240985,-1.4766348868971022,-0.5070548798825598,-1.476634886858335,-4.428116550767811,-8.464806083875544,-8.464806083898736,0.6684854281971538,0.7186033601649652,0.7311189547261215,0.7186033601649151,0.6684854281965773,0.20981972781521305,0.11844233376899396,0.09345282933419508,0.11844233376937043,0.2098197278161182,0.0,0.0,0.0,0.0,0.0,off,off,off,off,off
191.29999999999,0.3,48.38999999999139,-4.41903739277501,-1.4675677329715882,-0.4979920998750913,-1.4675677329358336,-4.419037392819689,-8.455715260523391,-8.455715260546697,0.6685068190239415,0.7186271681235565,0.7311430538563556,0.7186271681234983,0.6685068190233622,0.20982765979636545,0.11844233376899396,0.09345282933419508,0.11844233376937043,0.20982765979727175,0.0,0.0,0.0,0.0,0.0,off,off,off,off,off
191.39999999999,0.3,48.41999999999138,-4.4099592840405535,-1.4585016358779512,-0.48893037515233573,-1.4585016358435041,-4.40995928408654,-8.44662539044316,-8.44662539046658,0.6685282372766788,0.7186509710898741,0.7311671479705062,0.7186509710898117,0.6685282372760961,0.20983543124981824,0.11844233376899396,0.09345282933419508,0.11844233376937043,0.2098354312507256,0.0,0.0,0.0,0.0,0.0,off,off,off,off,off
191.49999999999,0.3,48.44999999999138,-4.400882223414101,-1.4494365952322141,-0.47986970550590513,-1.4494365951965733,-4.400882223462531,-8.437536473804073,-8.437536473827663,0.6685496823393835,0.718674769073435,0.7311912370776467,0.7186747690733769,0.6685496823387944,0.20984304538188728,0.11844233376899396,0.09345282933419508,0.11844233376937043,0.20984304538279575,0.0,0.0,0.0,0.0,0.0,off,off,off,off,off
191.59999999999,0.3,48.47999999999137,-4.391806209882702,-1.4403726106525028,-0.47081009072769575,-1.4403726106160093,-4.391806209929939,-8.42844851077183,-8.428448510795647,0.66857115367057,0.7186985620837169,0.7312153211868131,0.718698562083661,0.6685711536699832,0.2098505050507256,0.11844233376899396,0.09345282933419508,0.11844233376937043,0.2098505050516351,0.0,0.0,0.0,0.0,0.0,off,off,off,off,off
191.69999999998998,0.3,48.509999999991365,-4.38273124252629,-1.431309681744608,-0.4617515306076143,-1.431309681705045,-4.3827312425712535,-8.419361501509059,-8.41936150153299,0.6685926507914554,0.718722350130193,0.7312394003070111,0.7187223501301455,0.6685926507908747,0.20985781278438925,0.11844233376899396,0.09345282933419508,0.11844233376937043,0.20985781278529983,0.0,0.0,0.0,0.0,0.0,off,off,off,off,off
191.79999999998998,0.3,48.53999999999136,-4.37365732049193,-1.4222478081125587,-0.4526940249236304,-1.4222478080735073,-4.373657320535926,-8.41027544617532,-8.410275446199307,0.6686141732774487,0.7187461332223055,0.7312634744472424,0.7187461332222564,0.66861417327687,0.20986497082566796,0.11844233376899396,0.09345282933419508,0.11844233376937043,0.20986497082657954,0.0,0.0,0.0,0.0,0.0,off,off,off,off,off
191.89999999998997,0.3,48.56999999999135,-4.364584443001377,-1.4131869893584508,-0.4436375734568969,-1.413186989322412,-4.364584443043498,-8.401190344927613,-8.401190344951658,0.6686357207507303,0.7187699113694683,0.7312875436164669,0.718769911369411,0.6686357207501555,0.20987198117092673,0.11844233376899396,0.09345282933419508,0.11844233376937043,0.20987198117183928,0.0,0.0,0.0,0.0,0.0,off,off,off,off,off
191.99999999998997,0.3,48.59999999999135,-4.3555126093326635,-1.4041272250846077,-0.4345821759807791,-1.4041272250469774,-4.355512609378366,-8.392106197920327,-8.392106197944486,0.6686572928739015,0.718793684581057,0.7313116078236284,0.7187936845810041,0.668657292873318,0.20987884560366096,0.11844233376899396,0.09345282933419508,0.11844233376937043,0.2098788456045745,0.0,0.0,0.0,0.0,0.0,off,off,off,off,off
192.09999999998996,0.3,48.62999999999134,-4.346441818819812,-1.395068514889033,-0.42552783226045676,-1.3950685148533353,-4.346441818869607,-8.383023005305517,-8.383023005329846,0.6686788893444647,0.7188174528664258,0.7313356670776568,0.7188174528663674,0.6686788893438713,0.20988556572348424,0.11844233376899396,0.09345282933419508,0.11844233376937043,0.20988556572439873,0.0,0.0,0.0,0.0,0.0,off,off,off,off,off
192.19999999998996,0.3,48.659999999991335,-4.337372070843287,-1.3860108583680244,-0.4164745420583813,-1.3860108583335204,-4.337372070890694,-8.373940767233137,-8.37394076725758,0.6687005098900741,0.7188412162348984,0.731359721387457,0.7188412162348367,0.6687005098894861,0.20989214297117148,0.11844233376899396,0.09345282933419508,0.11844233376937043,0.20989214297208697,0.0,0.0,0.0,0.0,0.0,off,off,off,off,off
192.29999999998995,0.3,48.68999999999133,-4.328303364805606,-1.3769542551224276,-0.40742230513291133,-1.376954255090368,-4.328303364859323,-8.364859483850921,-8.364859483875364,0.6687221542644729,0.718864974695751,0.7313837707619079,0.718864974695683,0.668722154263869,0.20989857865029454,0.11844233376899396,0.09345282933419508,0.11844233376937043,0.209898578651211,0.0,0.0,0.0,0.0,0.0,off,off,off,off,off
192.39999999998994,0.3,48.71999999999132,-4.319235700174545,-1.3678987047547366,-0.39837112124263285,-1.367898704721938,-4.319235700225647,-8.355779155304617,-8.355779155329003,0.6687438222438258,0.7188887282582227,0.7314078152098541,0.7188887282581568,0.6687438222432283,0.20990487394591414,0.11844233376899396,0.09345282933419508,0.11844233376937043,0.2099048739468316,0.0,0.0,0.0,0.0,0.0,off,off,off,off,off
192.49999999998994,0.3,48.74999999999132,-4.310169076422028,-1.3588442068630684,-0.3893209901438581,-1.358844206826518,-4.310169076466821,-8.346699781738096,-8.346699781762425,0.6687655136237961,0.7189124769315293,0.7314318547401121,0.7189124769314733,0.6687655136232141,0.2099110299407295,0.11844233376899396,0.09345282933419508,0.11844233376937043,0.20991102994164795,0.0,0.0,0.0,0.0,0.0,off,off,off,off,off
192.59999999998993,0.3,48.77999999999131,-4.301103493056132,-1.3497907610424136,-0.3802719115811328,-1.3497907610088191,-4.301103493097855,-8.337621363293295,-8.337621363317567,0.6687872282168059,0.7189362207248603,0.7314558893614952,0.7189362207247969,0.6687872282162314,0.20991704762903104,0.11844233376899396,0.09345282933419508,0.11844233376937043,0.2099170476299505,0.0,0.0,0.0,0.0,0.0,off,off,off,off,off
192.69999999998993,0.3,48.809999999991305,-4.2920389494681785,-1.3407383669019168,-0.3712238852946257,-1.340738366865935,-4.292038949510527,-8.328543900110503,-8.328543900134605,0.6688089656090612,0.7189599596473364,0.7314799190827944,0.7189599596472788,0.6688089656084846,0.2099229249327021,0.11844233376899396,0.09345282933419508,0.11844233376937043,0.20992292493362258,0.0,0.0,0.0,0.0,0.0,off,off,off,off,off
192.79999999998992,0.3,48.8399999999913,-4.282975444391354,-1.331687024029236,-0.3621769110281434,-1.3316870239916057,-4.2829754444308605,-8.31946739232643,-8.319467392350532,0.6688307243159624,0.7189836937080977,0.7315039439127569,0.7189836937080444,0.6688307243153929,0.2099286509083688,0.11844233376899396,0.09345282933419508,0.11844233376937043,0.20992865090929028,0.0,0.0,0.0,0.0,0.0,off,off,off,off,off
192.89999999998992,0.3,48.86999999999129,-4.273912976597217,-1.3226367320141321,-0.353130988519581,-1.3226367319752512,-4.273912976640361,-8.310391840074033,-8.310391840098191,0.6688525035299034,0.719007422916247,0.7315279638601121,0.7190074229161971,0.6688525035293245,0.20993422740883816,0.11844233376899396,0.09345282933419508,0.11844233376937043,0.20993422740976062,0.0,0.0,0.0,0.0,0.0,off,off,off,off,off
192.9999999999899,0.3,48.89999999999129,-4.2648515450212585,-1.313587490435566,-0.3440861175042187,-1.313587490395264,-4.264851545060424,-8.301317243482856,-8.301317243507071,0.6688743026906748,0.7190311472808798,0.7315519789335629,0.7190311472808335,0.6688743026901053,0.20993965803351908,0.11844233376899396,0.09345282933419508,0.11844233376937043,0.20993965803444245,0.0,0.0,0.0,0.0,0.0,off,off,off,off,off
193.0999999999899,0.3,48.92999999999128,-4.255791148693959,-1.304539298860334,-0.3350422977106291,-1.3045392988223057,-4.255791148728122,-8.29224360267915,-8.292243602703252,0.6688961213167517,0.7190548668110918,0.7315759891417959,0.7190548668110393,0.6688961213161948,0.20994494588260848,0.11844233376899396,0.09345282933419508,0.11844233376937043,0.20994494588353274,0.0,0.0,0.0,0.0,0.0,off,off,off,off,off
193.1999999999899,0.3,48.959999999991275,-4.246731786752719,-1.2954921568612576,-0.3259995288559594,-1.295492156823343,-4.246731786786768,-8.28317091778598,-8.283170917810196,0.6689179589925807,0.7190785815159284,0.7315999944934957,0.7190785815158754,0.6689179589920236,0.20995009363264786,0.11844233376899396,0.09345282933419508,0.11844233376937043,0.20995009363357295,0.0,0.0,0.0,0.0,0.0,off,off,off,off,off
193.2999999999899,0.3,48.98999999999127,-4.2376734584218525,-1.286446063999506,-0.3169578106640074,-1.2864460639645472,-4.237673458448967,-8.27409918892431,-8.274099188948583,0.6689398153581331,0.7191022914044325,0.7316239949972946,0.7191022914043721,0.6689398153575926,0.2099551036036343,0.11844233376899396,0.09345282933419508,0.11844233376937043,0.2099551036045602,0.0,0.0,0.0,0.0,0.0,off,off,off,off,off
193.3999999999899,0.3,49.01999999999126,-4.228616162985247,-1.277401019845513,-0.3079171428503287,-1.2774010198090764,-4.228616163013669,-8.265028416212544,-8.265028416236817,0.6689616901001406,0.7191259964855903,0.7316479906618161,0.7191259964855334,0.6689616900995973,0.20995997781550377,0.11844233376899396,0.09345282933419508,0.11844233376937043,0.20995997781643042,0.0,0.0,0.0,0.0,0.0,off,off,off,off,off
193.49999999998988,0.3,49.04999999999126,-4.219559899798867,-1.2683570239580604,-0.2988775251320135,-1.2683570239220217,-4.219559899833428,-8.255958599766757,-8.255958599791029,0.6689835829446301,0.7191496967683845,0.7316719814956432,0.7191496967683271,0.6689835829440707,0.20996471803566738,0.11844233376899396,0.09345282933419508,0.11844233376937043,0.2099647180365947,0.0,0.0,0.0,0.0,0.0,off,off,off,off,off
193.59999999998988,0.3,49.07999999999125,-4.2105046682632405,-1.2593140759024095,-0.28983895721529507,-1.2593140758692698,-4.2105046682999046,-8.246889739700975,-8.246889739725248,0.6690054936507353,0.7191733922617507,0.731695967507358,0.7191733922616855,0.6690054936501707,0.20996932581902011,0.11844233376899396,0.09345282933419508,0.11844233376937043,0.20996932581994818,0.0,0.0,0.0,0.0,0.0,off,off,off,off,off
193.69999999998987,0.3,49.109999999991246,-4.201450467820791,-1.2502721752389903,-0.2808014388104425,-1.2502721752056232,-4.2014504678548406,-8.23782183612741,-8.237821836151625,0.6690274220054396,0.719197082974602,0.7317199487054985,0.7191970829745377,0.6690274220048817,0.20997380254161416,0.11844233376899396,0.09345282933419508,0.11844233376937043,0.20997380254254297,0.0,0.0,0.0,0.0,0.0,off,off,off,off,off
193.79999999998986,0.3,49.13999999999124,-4.192397297954869,-1.2412313215347126,-0.2717649696165836,-1.2412313215007202,-4.192397297984542,-8.228754889156221,-8.22875488918055,0.6690493678191464,0.7192207689158042,0.731743925098599,0.7192207689157414,0.6690493678185989,0.20997814942900106,0.11844233376899396,0.09345282933419508,0.11844233376937043,0.20997814942993062,0.0,0.0,0.0,0.0,0.0,off,off,off,off,off
193.89999999998986,0.3,49.169999999991234,-4.183345158175655,-1.2321915143564297,-0.2627295493305155,-1.2321915143216984,-4.183345158199472,-8.219688898896266,-8.219688898920595,0.6690713309219857,0.7192444500941896,0.7317678966951678,0.7192444500941289,0.6690713309214529,0.20998236758008695,0.11844233376899396,0.09345282933419508,0.11844233376937043,0.2099823675810172,0.0,0.0,0.0,0.0,0.0,off,off,off,off,off
193.99999999998985,0.3,49.19999999999123,-4.174294047905278,-1.223152753270881,-0.2536951776494334,-1.2231527532370023,-4.174294047930118,-8.210623865454465,-8.21062386547868,0.6690933109601779,0.7192681265185608,0.7317918635036819,0.7192681265184973,0.669093310959642,0.20998645463043125,0.11844233376899396,0.09345282933419508,0.11844233376937043,0.20998645463136226,0.0,0.0,0.0,0.0,0.0,off,off,off,off,off
194.09999999998985,0.3,49.22999999999122,-4.165243965893865,-1.2141150378354268,-0.24466185426229003,-1.2141150378021166,-4.165243965918535,-8.201559788934503,-8.201559788958662,0.6691153066052723,0.7192917981977098,0.7318158255326047,0.7192917981976453,0.6691153066047366,0.20999039797310892,0.11844233376899396,0.09345282933419508,0.11844233376937043,0.20999039797404062,0.0,0.0,0.0,0.0,0.0,off,off,off,off,off
194.19999999998984,0.3,49.259999999991216,-4.156194910896431,-1.2050783676080528,-0.2356295788641205,-1.2050783675780394,-4.156194910921897,-8.19249666943631,-8.192496669460468,0.6691373171012165,0.7193154651403985,0.7318397827903547,0.7193154651403254,0.6691373171006786,0.2099942003547256,0.11844233376899396,0.09345282933419508,0.11844233376937043,0.209994200355658,0.0,0.0,0.0,0.0,0.0,off,off,off,off,off
194.29999999998984,0.3,49.28999999999121,-4.147146881849551,-1.1960427421300892,-0.22659835113466897,-1.196042742104737,-4.147146881882463,-8.183434507056518,-8.183434507080506,0.6691593419228481,0.7193391273553975,0.7318637352853566,0.719339127355312,0.6691593419222922,0.2099978660296383,0.11844233376899396,0.09345282933419508,0.11844233376937043,0.20999786603057133,0.0,0.0,0.0,0.0,0.0,off,off,off,off,off
194.39999999998983,0.3,49.319999999991204,-4.138099877833099,-1.1870081609458794,-0.21756817075714707,-1.1870081609148428,-4.138099877864761,-8.174373301888295,-8.17437330191234,0.6691813806341339,0.7193627848514387,0.7318876830259972,0.7193627848513685,0.6691813806335801,0.21000139853267039,0.11844233376899396,0.09345282933419508,0.11844233376937043,0.21000139853360403,0.0,0.0,0.0,0.0,0.0,off,off,off,off,off
194.49999999998983,0.3,49.3499999999912,-4.129053898024154,-1.1779746235878292,-0.20853903740697888,-1.177974623555599,-4.129053898060704,-8.165313054022647,-8.165313054046692,0.6692034328714443,0.719386437637254,0.7319116260206483,0.7193864376371872,0.6692034328708791,0.21000480081375278,0.11844233376899396,0.09345282933419508,0.11844233376937043,0.2100048008146871,0.0,0.0,0.0,0.0,0.0,off,off,off,off,off
194.59999999998982,0.3,49.37999999999119,-4.120008941713024,-1.1689421295894817,-0.19951095076220327,-1.168942129559241,-4.120008941751166,-8.15625376354808,-8.156253763572181,0.6692254983298737,0.7194100857215416,0.7319355642776482,0.7194100857214691,0.6692254983293044,0.21000807534774715,0.11844233376899396,0.09345282933419508,0.11844233376937043,0.2100080753486821,0.0,0.0,0.0,0.0,0.0,off,off,off,off,off
194.6999999999898,0.3,49.409999999991186,-4.110965008241806,-1.1599106784898368,-0.19048391049034308,-1.159910678458516,-4.110965008279436,-8.147195430550937,-8.147195430574982,0.6692475767523011,0.7194337291129524,0.7319594978053282,0.719433729112883,0.669247576751733,0.21001122422364688,0.11844233376899396,0.09345282933419508,0.11844233376937043,0.21001122422458243,0.0,0.0,0.0,0.0,0.0,off,off,off,off,off
194.7999999999898,0.3,49.43999999999118,-4.101922097026375,-1.150880269819993,-0.18145791625772745,-1.1508802697897522,-4.1019220970590595,-8.138138055115462,-8.138138055139564,0.6692696679203364,0.7194573678201288,0.7319834266119922,0.7194573678200563,0.6692696679197807,0.21001424921703107,0.11844233376899396,0.09345282933419508,0.11844233376937043,0.21001424921796732,0.0,0.0,0.0,0.0,0.0,off,off,off,off,off
194.8999999999898,0.3,49.469999999991174,-4.0928802075271165,-1.141850903117188,-0.17243296772966232,-1.1418509030846735,-4.092880207564633,-8.129081637324362,-8.12908163734852,0.6692917716470811,0.7194810018516657,0.7320073507059177,0.7194810018515992,0.6692917716465132,0.21001715184891775,0.11844233376899396,0.09345282933419508,0.11844233376937043,0.21001715184985467,0.0,0.0,0.0,0.0,0.0,off,off,off,off,off
194.9999999999898,0.3,49.49999999999117,-4.083839339254837,-1.1328225779170111,-0.16340906457253368,-1.1328225778834167,-4.083839339289739,-8.12002617725841,-8.120026177282739,0.6693138877711722,0.7195046312161316,0.7320312700953467,0.7195046312160676,0.6693138877706106,0.2100199334335701,0.11844233376899396,0.09345282933419508,0.11844233376937043,0.21001993343450762,0.0,0.0,0.0,0.0,0.0,off,off,off,off,off
195.0999999999898,0.3,49.52999999999116,-4.074799491638032,-1.1237952937576097,-0.15438620643857348,-1.1237952937261753,-4.0747994916658286,-8.110971674997074,-8.110971675021403,0.6693360159549773,0.7195282559220575,0.732055184788528,0.7195282559219879,0.6693360159544337,0.21002259089313616,0.11844233376899396,0.09345282933419508,0.11844233376937043,0.2100225908940744,0.0,0.0,0.0,0.0,0.0,off,off,off,off,off
195.19999999998979,0.3,49.559999999991156,-4.065760663393803,-1.114769050172356,-0.14536439298183268,-1.114769050145128,-4.0657606634154035,-8.101918130616639,-8.101918130640968,0.6693581549422303,0.719551875977957,0.7320790947936759,0.7195518759778765,0.6693581549417013,0.21002510948405764,0.11844233376899396,0.09345282933419508,0.11844233376937043,0.21002510948499656,0.0,0.0,0.0,0.0,0.0,off,off,off,off,off
195.29999999998978,0.3,49.58999999999115,-4.056722853233794,-1.1057438466862664,-0.136343623854998,-1.105743846659493,-4.056722853251756,-8.092865544189294,-8.09286554421351,0.6693803040142734,0.7195754913923342,0.7321030001189787,0.7195754913922525,0.6693803040137539,0.21002749351288313,0.11844233376899396,0.09345282933419508,0.11844233376937043,0.21002749351382263,0.0,0.0,0.0,0.0,0.0,off,off,off,off,off
195.39999999998977,0.3,49.619999999991144,-4.047686060091053,-1.0967196828151486,-0.1273238987069476,-1.0967196827878638,-4.047686060116291,-8.083813915783765,-8.083813915807923,0.6694024626783562,0.7195991021736867,0.7321269007726015,0.7195991021736069,0.6694024626778177,0.2100297482698955,0.11844233376899396,0.09345282933419508,0.11844233376937043,0.2100297482708356,0.0,0.0,0.0,0.0,0.0,off,off,off,off,off
195.49999999998977,0.3,49.64999999999114,-4.038650283081836,-1.087696558067364,-0.11830521718218279,-1.0876965580399656,-4.0386502831062785,-8.074763245466329,-8.074763245490374,0.6694246305457877,0.7196227083305028,0.7321507967626933,0.7196227083304226,0.669424630545251,0.21003187793080427,0.11844233376899396,0.09345282933419508,0.11844233376937043,0.2100318779317449,0.0,0.0,0.0,0.0,0.0,off,off,off,off,off
195.59999999998976,0.3,49.67999999999113,-4.029615521439894,-1.078674471955992,-0.10928757892054364,-1.078674471932004,-4.029615521464734,-8.065713533300368,-8.06571353332447,0.6694468073081883,0.7196463098712247,0.7321746880973847,0.7196463098711363,0.6694468073076508,0.2100338858115312,0.11844233376899396,0.09345282933419508,0.11844233376937043,0.2100338858124724,0.0,0.0,0.0,0.0,0.0,off,off,off,off,off
195.69999999998976,0.3,49.709999999991126,-4.020581774507093,-1.0696534239887683,-0.1002709835636324,-1.0696534239619382,-4.020581774531479,-8.0566647793475,-8.056664779371545,0.6694689927190741,0.7196699068042838,0.732198574784771,0.7196699068042024,0.6694689927185373,0.21003577456477796,0.11844233376899396,0.09345282933419508,0.11844233376937043,0.21003577456571965,0.0,0.0,0.0,0.0,0.0,off,off,off,off,off
195.79999999998975,0.3,49.73999999999112,-4.011549041699993,-1.0606334136733153,-0.0912554307467417,-1.0606334136416535,-4.011549041721821,-8.047616983667353,-8.047616983691228,0.6694911865797135,0.7196934991380785,0.7322224568329353,0.71969349913801,0.6694911865791828,0.21003754633165012,0.11844233376899396,0.09345282933419508,0.11844233376937043,0.2100375463325923,0.0,0.0,0.0,0.0,0.0,off,off,off,off,off
195.89999999998975,0.3,49.769999999991114,-4.0025173225076855,-1.051614440517426,-0.08224092010078721,-1.0516144404888905,-4.002517322531617,-8.038570146317625,-8.038570146341499,0.6695133887281636,0.7197170868809781,0.7322463342499427,0.7197170868809011,0.6695133887276273,0.21003920285861932,0.11844233376899396,0.09345282933419508,0.11844233376937043,0.210039202859562,0.0,0.0,0.0,0.0,0.0,off,off,off,off,off
195.99999999998974,0.3,49.79999999999111,-3.9934866162444678,-1.0425965040387837,-0.07322745125145502,-1.0425965040086567,-3.993486616267546,-8.029524267354532,-8.02952426737852,0.6695355986542317,0.719740670041297,0.7322702070438416,0.7197406700412242,0.6695355986536982,0.21004073621113992,0.11844233376899396,0.09345282933419508,0.11844233376937043,0.2100407362120832,0.0,0.0,0.0,0.0,0.0,off,off,off,off,off
196.09999999998973,0.3,49.8299999999911,-3.9844569214344574,-1.0335796037347222,-0.0642150238272734,-1.0335796037060732,-3.9844569214660055,-8.020479346830825,-8.020479346854984,0.6695578150839082,0.7197642486273736,0.732294075222644,0.719764248627297,0.6695578150833534,0.2100421321253557,0.11844233376899396,0.09345282933419508,0.11844233376937043,0.21004213212629955,0.0,0.0,0.0,0.0,0.0,off,off,off,off,off
196.19999999998973,0.3,49.859999999991096,-3.975428236764344,-1.0245637391023479,-0.055203637453985266,-1.0245637390729598,-3.9754282367976543,-8.011435384795163,-8.011435384819265,0.6695800373947981,0.7197878226475158,0.7323179387943399,0.7197878226474409,0.6695800373942389,0.21004339892298016,0.11844233376899396,0.09345282933419508,0.11844233376937043,0.21004339892392462,0.0,0.0,0.0,0.0,0.0,off,off,off,off,off
196.29999999998972,0.3,49.88999999999109,-3.966400561198327,-1.015548909621998,-0.046193291745851184,-1.0155489095960775,-3.9664005612365827,-8.002392381292566,-8.002392381316668,0.6696022651574848,0.719811392110047,0.7323417977669204,0.7198113921099628,0.6696022651569136,0.21004454329635988,0.11844233376899396,0.09345282933419508,0.11844233376937043,0.21004454329730493,0.0,0.0,0.0,0.0,0.0,off,off,off,off,off
196.39999999998972,0.3,49.919999999991084,-3.9573738939216696,-1.0065351147843558,-0.03718398631775699,-1.0065351147578667,-3.9573738939587884,-7.993350336365722,-7.993350336389767,0.669624498059767,0.7198349570232342,0.7323656521483469,0.7198349570231521,0.6696244980591989,0.2100455701151824,0.11844233376899396,0.09345282933419508,0.11844233376937043,0.21004557011612807,0.0,0.0,0.0,0.0,0.0,off,off,off,off,off
196.4999999999897,0.3,49.94999999999108,-3.94834823426919,-0.9975223540711227,-0.02817572078322428,-0.9975223540397451,-3.9483482343045466,-7.984309250055219,-7.98430925007915,0.6696467358726326,0.7198585173953398,0.7323895019465538,0.7198585173952708,0.6696467358720687,0.21004648295542097,0.11844233376899396,0.09345282933419508,0.11844233376937043,0.21004648295636727,0.0,0.0,0.0,0.0,0.0,off,off,off,off,off
196.5999999999897,0.3,49.97999999999107,-3.939323581649262,-0.9885106269618404,-0.019168494752591414,-0.9885106269272228,-3.9393235816860965,-7.975269122399425,-7.975269122423413,0.669668978374314,0.7198820732346026,0.7324133471694552,0.7198820732345415,0.6696689783737464,0.21004728267142092,0.11844233376899396,0.09345282933419508,0.11844233376937043,0.21004728267236789,0.0,0.0,0.0,0.0,0.0,off,off,off,off,off
196.6999999999897,0.3,50.00999999999107,-3.930299934783136,-0.9794999329361076,-0.010162307831649287,-0.9794999329013763,-3.930299934818322,-7.96622995343472,-7.966229953458594,0.669691224300821,0.7199056245492318,0.7324371878249504,0.7199056245491713,0.669691224300258,0.21004794400329527,0.11844233376899396,0.09345282933419508,0.11844233376937043,0.21004794400424312,0.0,0.0,0.0,0.0,0.0,off,off,off,off,off
196.7999999999897,0.3,50.03999999999106,-3.9212772919423173,-0.9704902714602781,-0.0011571596276098717,-0.9704902714260015,-3.9212772919803456,-7.957191743192027,-7.957191743215958,0.6697134726595435,0.7199291713474432,0.7324610239209038,0.7199291713473811,0.6697134726589731,0.21004847180142489,0.11844233376899396,0.09345282933419508,0.11844233376937043,0.21004847180237346,0.0,0.0,0.0,0.0,0.0,off,off,off,off,off
196.8999999999897,0.3,50.069999999991055,-3.9122556519381533,-0.9614816444468488,0.007846466530338603,-0.9614816444108669,-3.9122556519758405,-7.948154491698574,-7.948154491722505,0.6697357230083679,0.7199527136311319,0.732485119999549,0.7199527136310745,0.6697357230077977,0.21004887829855215,0.11844233376899396,0.09345211051914086,0.11844233376937043,0.21004887829950136,0.0,0.0,0.0,0.0,0.0,off,off,off,off,off
196.99999999998968,0.3,50.09999999999105,-3.9032350141064285,-0.9524740731358747,0.01684698716235289,-0.9524740730986423,-3.9032350141500274,-7.939118198979031,-7.939118199003019,0.6697579750454127,0.7199762513524547,0.732510362856659,0.7199762513524007,0.6697579750448281,0.210049169885117,0.11844233376899396,0.09344820906942376,0.11844233376937043,0.210049169886067,0.0,0.0,0.0,0.0,0.0,off,off,off,off,off
197.09999999998968,0.3,50.12999999999104,-3.8942153774011103,-0.943467586817917,0.025844285897221653,-0.9434675867807982,-3.8942153774518147,-7.930082865055908,-7.930082865080067,0.6697802270677747,0.7199997844428361,0.7325368153715304,0.7199997844427812,0.6697802270671728,0.21004930778513115,0.11844233376899396,0.09344094671231924,0.11844233376937043,0.2100493077860822,0.0,0.0,0.0,0.0,0.0,off,off,off,off,off
197.19999999998967,0.3,50.15999999999104,-3.8851967399371574,-0.934462213977099,0.034838361870697554,-0.9344622139417424,-3.8851967399937166,-7.921048489947282,-7.921048489971611,0.6698024766627534,0.7200233128357503,0.732564476746539,0.7200233128356907,0.6698024766621368,0.21004932294847597,0.11844233376899396,0.09343032597851023,0.11844233376937043,0.2100493229494275,0.0,0.0,0.0,0.0,0.0,off,off,off,off,off
197.29999999998967,0.3,50.18999999999103,-3.8761790986538927,-0.9254579822577966,0.04382921537990114,-0.9254579822218147,-3.8761790987116456,-7.912015073663213,-7.912015073687712,0.6698247210020549,0.7200468364668073,0.732593346106461,0.7200468364667495,0.6698247210014361,0.21004932294847597,0.11844233376899396,0.09341634951272638,0.11844233376937043,0.2100493229494275,0.0,0.0,0.0,0.0,0.0,off,off,off,off,off
197.39999999998966,0.3,50.219999999991025,-3.867162454345646,-0.9164549185094302,0.05281684694040223,-0.9164549184687303,-3.8671624544082874,-7.902982616211716,-7.902982616236329,0.66984696107772,0.7200703552736379,0.7326234224598221,0.7200703552735925,0.6698469610770889,0.21004932294847597,0.11844233376899396,0.09339902019347134,0.11844233376937043,0.2100493229494275,0.0,0.0,0.0,0.0,0.0,off,off,off,off,off
197.49999999998965,0.3,50.24999999999102,-3.858146808740287,-0.907453048832565,0.061801256988360365,-0.9074530487964125,-3.858146808808101,-7.89395111760507,-7.893951117629911,0.6698691968920708,0.7200938691957748,0.7326547046831231,0.7200938691957176,0.669869196891427,0.21004932294847597,0.11844233376899396,0.09337834118811496,0.11844233376937043,0.2100493229494275,0.0,0.0,0.0,0.0,0.0,off,off,off,off,off
197.59999999998965,0.3,50.27999999999101,-3.8491321638776412,-0.898452398631548,0.07078244573483516,-0.898452398595964,-3.849132163945228,-7.88492057786101,-7.884920577886021,0.6698914284466889,0.7201173781745169,0.7326871915121204,0.7201173781744576,0.6698914284460463,0.21004932294847597,0.11844233376899396,0.09335431598230892,0.11844233376937043,0.2100493229494275,0.0,0.0,0.0,0.0,0.0,off,off,off,off,off
197.69999999998964,0.3,50.30999999999101,-3.8401185220762386,-0.8894529926257633,0.07976041308944559,-0.8894529925887014,-3.8401185221466108,-7.87589099700341,-7.875890997028478,0.66991365574249,0.7201408821529,0.7327208815372303,0.7201408821528451,0.6699136557418406,0.21004932294847597,0.11844233376899396,0.09332694839626154,0.11844233376937043,0.2100493229494275,0.0,0.0,0.0,0.0,0.0,off,off,off,off,off
197.79999999998964,0.3,50.339999999991,-3.8311058859223976,-0.8804548548760636,0.08873515867173865,-0.8804548548420144,-3.8311058859968625,-7.8668623750627376,-7.866862375087919,0.6699358787797338,0.7201643810756294,0.7327557732001383,0.7201643810755667,0.6699358787790741,0.21004932294847597,0.11844233376899396,0.09329624259372837,0.11844233376937043,0.2100493229494275,0.0,0.0,0.0,0.0,0.0,off,off,off,off,off
197.89999999998963,0.3,50.369999999990995,-3.8220942582632347,-0.8714580088152957,0.09770668178930464,-0.8714580087811328,-3.822094258340769,-7.85783471207742,-7.857834712102658,0.6699580975580327,0.7201878748890022,0.7327918647952787,0.7201878748889395,0.6699580975573657,0.21004932294847597,0.11844233376899396,0.09326220308679976,0.11844233376937043,0.2100493229494275,0.0,0.0,0.0,0.0,0.0,off,off,off,off,off
197.99999999998963,0.3,50.39999999999099,-3.813083642170227,-0.8624624772677407,0.10667498146807475,-0.8624624772349989,-3.81308364224941,-7.84880800809367,-7.848808008119079,0.6699803120764373,0.7202113635408562,0.7328291544680436,0.72021136354079,0.6699803120757664,0.21004932294847597,0.11844233376899396,0.09322483473827298,0.11844233376937043,0.2100493229494275,0.0,0.0,0.0,0.0,0.0,off,off,off,off,off
198.09999999998962,0.3,50.42999999999098,-3.804074040928583,-0.8534682824858919,0.11564005646312125,-0.8534682824540027,-3.8040740410115177,-7.839782263166967,-7.8397822631925465,0.6700025223334583,0.7202348469804758,0.7328676402139609,0.7202348469804072,0.670002522332778,0.21004932294847597,0.11844233376899396,0.09318414276258316,0.11844233376937043,0.2100493229494275,0.0,0.0,0.0,0.0,0.0,off,off,off,off,off
198.19999999998961,0.3,50.45999999999098,-3.795065458034344,-0.8444754461557409,0.12460190528821613,-0.8444754461293087,-3.795065458121428,-7.8307574773618285,-7.8307574773875785,0.6700247283270702,0.7202583251585774,0.7329073198786833,0.7202583251584947,0.6700247283263797,0.21004932294847597,0.11844233376899396,0.09314013272587336,0.11844233376937043,0.2100493229494275,0.0,0.0,0.0,0.0,0.0,off,off,off,off,off
198.2999999999896,0.3,50.48999999999097,-3.7860578971729524,-0.8354839894421957,0.13356052624527592,-0.8354839894161614,-3.786057897261003,-7.821733650752776,-7.821733650778754,0.6700469300547633,0.7202817980271935,0.7329481911608707,0.7202817980271102,0.670046930054071,0.21004932294847597,0.11844233376899396,0.09309281054553961,0.11844233376937043,0.2100493229494275,0.0,0.0,0.0,0.0,0.0,off,off,off,off,off
198.3999999999896,0.3,50.519999999990965,-3.7770513621998134,-0.8264939329800995,0.1425159174343662,-0.8264939329519052,-3.77705136228883,-7.812710783424791,-7.812710783450825,0.670069127513593,0.7203052655396976,0.7329902516109152,0.7203052655396196,0.6700691275128979,0.21004932294847597,0.11844233376899396,0.09304218248943893,0.11844233376937043,0.2100493229494275,0.0,0.0,0.0,0.0,0.0,off,off,off,off,off
198.4999999999896,0.3,50.54999999999096,-3.7680458571348936,-0.8175052969118042,0.15146807679036556,-0.8175052968812793,-3.7680458572259568,-7.803688875473426,-7.803688875499688,0.6700913207001876,0.7203287276507043,0.7330334986315132,0.720328727650633,0.6700913206994874,0.21004932294847597,0.11844233376899396,0.09298825517487708,0.11844233376937043,0.2100493229494275,0.0,0.0,0.0,0.0,0.0,off,off,off,off,off
198.5999999999896,0.3,50.57999999999095,-3.7590413861477145,-0.8085181009039957,0.16041700211701482,-0.8085181008715381,-3.7590413862465084,-7.7946679270054915,-7.794667927032037,0.6701135096107887,0.7203521843160281,0.7330779294787048,0.7203521843159616,0.6701135096100697,0.21004932294847597,0.11844233376899396,0.09293103556742195,0.11844233376937043,0.2100493229494275,0.0,0.0,0.0,0.0,0.0,off,off,off,off,off
198.6999999999896,0.3,50.60999999999095,-3.750037953554454,-0.7995323641618484,0.1693626910798116,-0.7995323641296181,-3.7500379536592163,-7.785647938139562,-7.785647938166278,0.670135694241257,0.7203756354926458,0.733123541262524,0.720375635492578,0.6701356942405231,0.21004932294847597,0.11844233376899396,0.092870530979595,0.11844233376937043,0.2100493229494275,0.0,0.0,0.0,0.0,0.0,off,off,off,off,off
198.79999999998958,0.3,50.63999999999094,-3.74103556380021,-0.7905481054477832,0.178305141260239,-0.7905481054151551,-3.7410355639082695,-7.776628909005979,-7.776628909032752,0.6701578745871141,0.7203990811386496,0.7331703309478484,0.7203990811385833,0.6701578745863724,0.21004932294847597,0.11844233376899396,0.09280674906947968,0.11844233376937043,0.2100493229494275,0.0,0.0,0.0,0.0,0.0,off,off,off,off,off
198.89999999998957,0.3,50.669999999990935,-3.7320342214427455,-0.781565343092268,0.18724435014866003,-0.7815653430598104,-3.7320342215567166,-7.767610839747192,-7.767610839774193,0.6701800506435849,0.7204225212132196,0.7332182953546273,0.7204225212131522,0.6701800506428289,0.21004932294847597,0.11844233376899396,0.09273969783921698,0.11844233376937043,0.2100493229494275,0.0,0.0,0.0,0.0,0.0,off,off,off,off,off
198.99999999998957,0.3,50.69999999999093,-3.7230339311554985,-0.7725840950103589,0.19618031518240286,-0.7725840949824487,-3.7230339312733918,-7.758593730518328,-7.758593730545499,0.670202222405587,0.7204459556765785,0.7332674311599772,0.7204459556764997,0.6702022224048215,0.21004932294847597,0.11844233376899396,0.09266938563343992,0.11844233376937043,0.2100493229494275,0.0,0.0,0.0,0.0,0.0,off,off,off,off,off
199.09999999998956,0.3,50.72999999999092,-3.71403469771559,-0.7636043787234712,0.205113033764178,-0.7636043786990285,-3.714034697836894,-7.749577581487188,-7.749577581514529,0.6702243898677628,0.7204693844899396,0.7333177348985023,0.720469384489852,0.6702243898669888,0.21004932294847597,0.11844233376899396,0.09259582113761963,0.11844233376937043,0.2100493229494275,0.0,0.0,0.0,0.0,0.0,off,off,off,off,off
199.19999999998956,0.3,50.75999999999092,-3.705036525986202,-0.7546262113649504,0.21404250326685315,-0.7546262113395414,-3.70503652611103,-7.74056239283442,-7.740562392862046,0.6702465530245202,0.7204928076154895,0.733369202962707,0.7204928076154042,0.6702465530237375,0.21004932294847597,0.11844233376899396,0.09251901337635134,0.11844233376937043,0.2100493229494275,0.0,0.0,0.0,0.0,0.0,off,off,off,off,off
199.29999999998955,0.3,50.78999999999091,-3.696039420921693,-0.7456496096820047,0.22296872106244336,-0.7456496096594378,-3.696039421049136,-7.731548164754145,-7.731548164782112,0.6702687118700205,0.7205162250163845,0.7334218316042964,0.720516225016292,0.6702687118692316,0.21004932294847597,0.11844233376899396,0.09243897171156906,0.11844233376937043,0.2100493229494275,0.0,0.0,0.0,0.0,0.0,off,off,off,off,off
199.39999999998955,0.3,50.819999999990905,-3.6870433875527624,-0.7366745900656042,0.23189168453518505,-0.7366745900466185,-3.687043387682479,-7.722534897453727,-7.722534897482092,0.6702908663982174,0.720539636656674,0.733475616935147,0.720539636656572,0.6702908663974234,0.21004932294847597,0.11844233376899396,0.09235570584068276,0.11844233376937043,0.2100493229494275,0.0,0.0,0.0,0.0,0.0,off,off,off,off,off
199.49999999998954,0.3,50.8499999999909,-3.6780484309720123,-0.7277011685593493,0.24081139109500782,-0.7277011685441153,-3.6780484311072428,-7.713522591154174,-7.713522591182709,0.6703130166028884,0.7205630425012761,0.733530554928303,0.7205630425011647,0.670313016602081,0.21004932294847597,0.11844233376899396,0.09226922579467084,0.11844233376937043,0.2100493229494275,0.0,0.0,0.0,0.0,0.0,off,off,off,off,off
199.59999999998954,0.3,50.87999999999089,-3.6690545563519663,-0.7187293608542404,0.24972783818685684,-0.7187293608412233,-3.6690545564890726,-7.704511246090021,-7.704511246118727,0.670335162477593,0.7205864425159936,0.7335866414190061,0.7205864425158762,0.670335162476781,0.21004932294847597,0.11844233376899396,0.09217954193608961,0.11844233376937043,0.2100493229494275,0.0,0.0,0.0,0.0,0.0,off,off,off,off,off
199.69999999998953,0.3,50.90999999999089,-3.6600617689115325,-0.7097591823151106,0.2586410233184324,-0.7097591823054472,-3.6600617690436366,-7.695500862509505,-7.6955008625386085,0.6703573040157531,0.7206098366674436,0.7336438721057934,0.7206098366673176,0.6703573040149532,0.21004932294847597,0.11844233376899396,0.09208666495703652,0.11844233376937043,0.2100493229494275,0.0,0.0,0.0,0.0,0.0,off,off,off,off,off
199.79999999998952,0.3,50.93999999999088,-3.6510700739175945,-0.7007906479776125,0.26755094406513535,-0.7007906479700523,-3.6510700740482207,-7.686491440675297,-7.686491440704685,0.6703794412106514,0.7206332249230678,0.7337022425515806,0.7206332249229364,0.6703794412098553,0.21004932294847597,0.11844233376899396,0.09199060587702879,0.11844233376937043,0.2100493229494275,0.0,0.0,0.0,0.0,0.0,off,off,off,off,off
199.89999999998952,0.3,50.969999999990875,-3.6420794766833637,-0.6918237725676022,0.2764575980689301,-0.6918237725620315,-3.642079476816832,-7.677482980863488,-7.677482980893274,0.6704015740554331,0.7206566072510799,0.7337617481847454,0.7206566072509434,0.6704015740546304,0.21004932294847597,0.11844233376899396,0.0918913760408513,0.11844233376937043,0.2100493229494275,0.0,0.0,0.0,0.0,0.0,off,off,off,off,off
199.9999999999895,0.3,50.99999999999087,-3.6330899825692313,-0.682858570504095,0.28536098307495195,-0.6828585704965349,-3.6330899827005965,-7.6684754833646025,-7.668475483394673,0.6704237025431055,0.7206799836204603,0.7338223843003508,0.7206799836203294,0.6704237025423082,0.21004932294847597,0.11844233376899396,0.09178898711632648,0.11844233376937043,0.2100493229494275,0.0,0.0,0.0,0.0,0.0,off,off,off,off,off
200.0999999999895,0.3,51.029999999990864,-3.6241015969599744,-0.6738950559061436,0.2942610969164434,-0.6738950558970487,-3.624101597094864,-7.6594689484833225,-7.659468948513563,0.6704458266665927,0.7207033540009372,0.7338841460612571,0.7207033540008108,0.6704458266657867,0.21004932294847597,0.11844233376899396,0.09168345109203158,0.11844233376937043,0.2100493229494275,0.0,0.0,0.0,0.0,0.0,off,off,off,off,off
200.1999999999895,0.3,51.05999999999086,-3.6151143252772613,-0.6649332426031833,0.30315793755801224,-0.6649332425926104,-3.6151143254139697,-7.650463376538369,-7.650463376568894,0.6704679464187058,0.7207267183629618,0.7339470284994185,0.7207267183628389,0.670467946417895,0.21004932294847597,0.11844233376899396,0.09157478027495472,0.11844233376937043,0.2100493229494275,0.0,0.0,0.0,0.0,0.0,off,off,off,off,off
200.2999999999895,0.3,51.08999999999085,-3.6061281729641905,-0.6559731441328154,0.31205150306948326,-0.6559731441228109,-3.6061281730989663,-7.641458767862844,-7.641458767893482,0.6704900617921794,0.7207500766777114,0.7340110265170289,0.7207500766775867,0.6704900617913729,0.21004932294847597,0.11844233376899396,0.09146298728809235,0.11844233376937043,0.2100493229494275,0.0,0.0,0.0,0.0,0.0,off,off,off,off,off
200.3999999999895,0.3,51.119999999990846,-3.597143145482562,-0.6470147737616117,0.32094179165250125,-0.6470147737531988,-3.597143145617963,-7.632455122803776,-7.632455122834813,0.6705121727796792,0.7207734289170383,0.7340761348878249,0.7207734289169092,0.6705121727788717,0.21004932294847597,0.11844233376899396,0.09134808506800147,0.11844233376937043,0.2100493229494275,0.0,0.0,0.0,0.0,0.0,off,off,off,off,off
200.49999999998948,0.3,51.14999999999084,-3.588159248313957,-0.6380581444854556,0.3298288016581523,-0.6380581444796007,-3.5881592484528255,-7.623452441722748,-7.623452441754068,0.6705342793738005,0.7207967750534667,0.7341423482580385,0.7207967750533312,0.6705342793729843,0.21004932294847597,0.11844233376899396,0.0912300868622933,0.11844233376937043,0.2100493229494275,0.0,0.0,0.0,0.0,0.0,off,off,off,off,off
200.59999999998948,0.3,51.179999999990834,-3.579176486946608,-0.6291032690317593,0.33871253157053616,-0.6291032690232896,-3.5791764870879774,-7.614450724995606,-7.614450725027211,0.670556381567099,0.7208201150601902,0.7342096611486354,0.7208201150600615,0.6705563815662767,0.21004932294847597,0.11844233376899396,0.09110900622706503,0.11844233376937043,0.2100493229494275,0.0,0.0,0.0,0.0,0.0,off,off,off,off,off
200.69999999998947,0.3,51.20999999999083,-3.570194866887448,-0.6201501598663981,0.34759298003410777,-0.6201501598567916,-3.5701948670256343,-7.605449973012355,-7.605449973044244,0.6705784793520599,0.7208434489110512,0.7342780679559184,0.7208434489109253,0.6705784793512457,0.21004932294847597,0.11844233376899396,0.09098485702429601,0.11844233376937043,0.2100493229494275,0.0,0.0,0.0,0.0,0.0,off,off,off,off,off
200.79999999998947,0.3,51.23999999999082,-3.5612143936338043,-0.6111988291901866,0.3564701458566333,-0.6111988291876855,-3.561214393771479,-7.596450186177265,-7.596450186209381,0.6706005727211712,0.7208667765805515,0.734347562952937,0.7208667765804073,0.6706005727203583,0.21004932294847597,0.11844233376899396,0.09085765341917612,0.11844233376937043,0.2100493229494275,0.0,0.0,0.0,0.0,0.0,off,off,off,off,off
200.89999999998946,0.3,51.269999999990816,-3.5522350726955096,-0.6022492889770206,0.36534402801703436,-0.6022492889730984,-3.552235072835913,-7.587451364908532,-7.587451364940989,0.6706226616668658,0.7208900980437535,0.7344181402909852,0.7208900980436133,0.6706226616660457,0.21004932294847597,0.11844233376899396,0.09072740987738234,0.11844233376937043,0.2100493229494275,0.0,0.0,0.0,0.0,0.0,off,off,off,off,off
200.99999999998946,0.3,51.29999999999081,-3.543256909574552,-0.5933015509365873,0.37421462566635455,-0.5933015509328357,-3.543256909713932,-7.578453509638848,-7.578453509671647,0.6706447461815721,0.7209134132763765,0.7344897940009931,0.7209134132762357,0.670644746180755,0.21004932294847597,0.11844233376899396,0.0905941411623257,0.11844233376937043,0.2100493229494275,0.0,0.0,0.0,0.0,0.0,off,off,off,off,off
201.09999999998945,0.3,51.329999999990804,-3.5342799097679176,-0.5843556265408552,0.3830819381261108,-0.5843556265326697,-3.5342799099081503,-7.569456620814776,-7.569456620847916,0.6706668262577102,0.720936722254729,0.7345625179949422,0.7209367222545994,0.6706668262568903,0.21004932294847597,0.11844233376899396,0.09045786233232571,0.11844233376937043,0.2100493229494275,0.0,0.0,0.0,0.0,0.0,off,off,off,off,off
201.19999999998944,0.3,51.3599999999908,-3.5253040787669647,-0.5754115270239595,0.3919459649150099,-0.5754115270175362,-3.525304078906686,-7.560460698896918,-7.5604606989305125,0.6706889018876884,0.7209600249557082,0.7346363060673752,0.7209600249555744,0.6706889018868697,0.21004932294847597,0.11844233376899396,0.09031858873775998,0.11844233376937043,0.2100493229494275,0.0,0.0,0.0,0.0,0.0,off,off,off,off,off
201.29999999998944,0.3,51.38999999999079,-3.5163294220492958,-0.5664692633892514,0.40080670574337773,-0.5664692633815775,-3.5163294221928822,-7.551465744359859,-7.551465744393852,0.670710973063927,0.7209833213567831,0.7347111518968482,0.7209833213566528,0.6707109730630993,0.21004932294847597,0.11844233376899396,0.09017633601814129,0.11844233376937043,0.2100493229494275,0.0,0.0,0.0,0.0,0.0,off,off,off,off,off
201.39999999998943,0.3,51.419999999990786,-3.5073559450839866,-0.5575288464092409,0.4096641605141258,-0.557528846401226,-3.5073559452288805,-7.542471757692226,-7.542471757726503,0.6707330397788446,0.7210066114359941,0.7347870490474169,0.7210066114358644,0.6707330397780131,0.21004932294847597,0.11844233376899396,0.09003112009916482,0.11844233376937043,0.2100493229494275,0.0,0.0,0.0,0.0,0.0,off,off,off,off,off
201.49999999998943,0.3,51.44999999999078,-3.498383653319877,-0.5485902866279275,0.41851832932360367,-0.5485902866205947,-3.4983836534656234,-7.5334787393961165,-7.533478739430677,0.6707551020248854,0.7210298951719458,0.734863990970147,0.7210298951718144,0.6707551020240522,0.21004932294847597,0.11844233376899396,0.08988295718971392,0.11844233376937043,0.2100493229494275,0.0,0.0,0.0,0.0,0.0,off,off,off,off,off
201.59999999998942,0.3,51.479999999990774,-3.4894125521881847,-0.5396535943703498,0.42736921248524595,-0.5396535943592653,-3.4894125523338175,-7.524486689987498,-7.524486690022286,0.6707771597945147,0.7210531725437846,0.734941971004701,0.7210531725436637,0.670777159793682,0.21004932294847597,0.11844233376899396,0.08973186377881143,0.11844233376937043,0.2100493229494275,0.0,0.0,0.0,0.0,0.0,off,off,off,off,off
201.69999999998942,0.3,51.50999999999077,-3.4804426471003467,-0.5307187797376969,0.4362168105032538,-0.530718779727124,-3.48044264724615,-7.515495609995924,-7.51549561003111,0.6707992130802234,0.7210764435312116,0.7350209823808213,0.7210764435310884,0.6707992130793903,0.21004932294847597,0.11844233376899396,0.08957785663253058,0.11844233376937043,0.2100493229494275,0.0,0.0,0.0,0.0,0.0,off,off,off,off,off
201.7999999999894,0.3,51.53999999999076,-3.4714739434405715,-0.5217858526170858,0.445061124119718,-0.5217858526037844,-3.4714739435871707,-7.506505499964646,-7.506505500000117,0.6708212618745459,0.7210997081144542,0.7351010182200214,0.7210997081143381,0.6708212618737114,0.21004932294847597,0.11844233376899396,0.08942095279086297,0.11844233376937043,0.2100493229494275,0.0,0.0,0.0,0.0,0.0,off,off,off,off,off
201.8999999999894,0.3,51.569999999990756,-3.4625064465725472,-0.5128548226762177,0.45390215426925806,-0.5128548226628027,-3.462506446721534,-7.497516360450163,-7.497516360485918,0.6708433061700452,0.7211229662742838,0.7351820715370516,0.7211229662741679,0.6708433061692042,0.21004932294847597,0.11844233376899396,0.08926116956454729,0.11844233376937043,0.2100493229494275,0.0,0.0,0.0,0.0,0.0,off,off,off,off,off
201.9999999999894,0.3,51.59999999999075,-3.4535401618399533,-0.5039256993727577,0.4627399021053975,-0.5039256993609342,-3.4535401619920663,-7.488528192022045,-7.488528192058141,0.6708653459593088,0.721146217991989,0.7352641352415739,0.721146217991869,0.6708653459584595,0.21004932294847597,0.11844233376899396,0.08909852453185918,0.11844233376937043,0.2100493229494275,0.0,0.0,0.0,0.0,0.0,off,off,off,off,off
202.0999999999894,0.3,51.629999999990744,-3.4445750945474742,-0.4949984919606436,0.47157436901437677,-0.4949984919496728,-3.4445750946998146,-7.479540995263676,-7.479540995299999,0.6708873812349977,0.721169463249361,0.7353472021398211,0.7211694632492384,0.6708873812341484,0.21004932294847597,0.11844233376899396,0.08893303553536251,0.11844233376937043,0.2100493229494275,0.0,0.0,0.0,0.0,0.0,off,off,off,off,off
202.1999999999894,0.3,51.65999999999074,-3.4356112499719984,-0.48607320948099186,0.4804055565979297,-0.4860732094725222,-3.4356112501259872,-7.470554770770661,-7.470554770807325,0.6709094119898197,0.7211927020287164,0.7354312649361928,0.721192702028588,0.6709094119889664,0.21004932294847597,0.11844233376899396,0.08876472067861108,0.11844233376937043,0.2100493229494275,0.0,0.0,0.0,0.0,0.0,off,off,off,off,off
202.29999999998938,0.3,51.68999999999073,-3.426648633355626,-0.4771498607753415,0.4892334666821512,-0.4771498607663034,-3.426648633512457,-7.461569519152249,-7.461569519189197,0.6709314382165444,0.7212159343128639,0.735516316234934,0.7212159343127362,0.6709314382156844,0.21004932294847597,0.11844233376899396,0.08859359832282582,0.11844233376937043,0.2100493229494275,0.0,0.0,0.0,0.0,0.0,off,off,off,off,off
202.39999999998938,0.3,51.719999999990726,-3.4176872499155593,-0.468228454476332,0.4980581013263645,-0.46822845446894235,-3.417687250073584,-7.452585241030079,-7.452585241067425,0.6709534599079793,0.7212391600851267,0.7356023485418285,0.7212391600849949,0.6709534599071163,0.21004932294847597,0.11844233376899396,0.08841968708353337,0.11844233376937043,0.2100493229494275,0.0,0.0,0.0,0.0,0.0,off,off,off,off,off
202.49999999998937,0.3,51.74999999999072,-3.408727104826653,-0.45930899902378997,0.5068794628080582,-0.4593089990186172,-3.4087271049862693,-7.44360193703875,-7.44360193707638,0.670975477057014,0.7212623793293028,0.735689354265853,0.7212623793291659,0.6709754770561472,0.21004932294847597,0.11844233376899396,0.08824300582716002,0.11844233376937043,0.2100493229494275,0.0,0.0,0.0,0.0,0.0,off,off,off,off,off
202.59999999998936,0.3,51.779999999990714,-3.399768203227211,-0.4503915026539289,0.5156975536463619,-0.45039150264807404,-3.3997682033906926,-7.434619607825198,-7.434619607863226,0.6709974896566052,0.7212855920296933,0.7357773257209343,0.7212855920295576,0.670997489655729,0.21004932294847597,0.11844233376899396,0.08806357366760258,0.11844233376937043,0.2100493229494275,0.0,0.0,0.0,0.0,0.0,off,off,off,off,off
202.69999999998936,0.3,51.80999999999071,-3.3908105502216017,-0.4414759734023619,0.5245123765838571,-0.4414759733976439,-3.390810550387073,-7.425638254048636,-7.425638254087062,0.6710194976997697,0.7213087981710916,0.7358662551276228,0.7213087981709532,0.6710194976988882,0.21004932294847597,0.11844233376899396,0.08788140996275577,0.11844233376937043,0.2100493229494275,0.0,0.0,0.0,0.0,0.0,off,off,off,off,off
202.79999999998935,0.3,51.8399999999907,-3.381854150870936,-0.43256241911706184,0.5333239346065852,-0.4325624191142765,-3.3818541510373734,-7.416657876380839,-7.416657876419549,0.6710415011796081,0.7213319977387546,0.7359561346148709,0.7213319977386111,0.6710415011787247,0.21004932294847597,0.11844233376899396,0.08769653431101551,0.11844233376937043,0.2100493229494275,0.0,0.0,0.0,0.0,0.0,off,off,off,off,off
202.89999999998935,0.3,51.869999999990696,-3.372899010199774,-0.4236508474488687,0.5421322309196057,-0.42365084745023296,-3.3728990103672345,-7.407678475505406,-7.4076784755445715,0.6710635000892895,0.721355190718423,0.736046956221717,0.7213551907182685,0.6710635000884037,0.21004932294847597,0.11844233376899396,0.0875089665477383,0.11844233376937043,0.2100493229494275,0.0,0.0,0.0,0.0,0.0,off,off,off,off,off
202.99999999998934,0.3,51.89999999999069,-3.363945133183506,-0.41474126585819704,0.5509372689794532,-0.41474126586069815,-3.36394513335091,-7.398700052118215,-7.398700052157778,0.6710854944220797,0.7213783770963073,0.736138711899116,0.7213783770961504,0.6710854944211937,0.21004932294847597,0.11844233376899396,0.08731872674169103,0.11844233376937043,0.2100493229494275,0.0,0.0,0.0,0.0,0.0,off,off,off,off,off
203.09999999998934,0.3,51.929999999990685,-3.3549925247643273,-0.4058336816185033,0.5597390524674779,-0.40583368162117495,-3.354992524933948,-7.389722606926682,-7.389722606966529,0.6711074841713038,0.7214015568590767,0.7362313935116466,0.721401556858919,0.6711074841704127,0.21004932294847597,0.11844233376899396,0.08712583519144054,0.11844233376937043,0.2100493229494275,0.0,0.0,0.0,0.0,0.0,off,off,off,off,off
203.19999999998933,0.3,51.95999999999068,-3.3460411898353755,-0.39692810180952165,0.5685375852993388,-0.3969281018102606,-3.34604119000403,-7.380746140649762,-7.380746140690121,0.6711294693303864,0.7214247299938776,0.7363249928393045,0.7214247299937252,0.6711294693294975,0.21004932294847597,0.11844233376899396,0.08693031242174548,0.11844233376937043,0.2100493229494275,0.0,0.0,0.0,0.0,0.0,off,off,off,off,off
203.29999999998932,0.3,51.98999999999067,-3.3370911332442006,-0.388024533319026,0.5773328716357469,-0.38802453331965125,-3.3370911334134803,-7.3717706540183485,-7.371770654059048,0.6711514498928407,0.7214478964883299,0.7364195015793223,0.7214478964881779,0.6711514498919507,0.21004932294847597,0.11844233376899396,0.08673217917990027,0.11844233376937043,0.2100493229494275,0.0,0.0,0.0,0.0,0.0,off,off,off,off,off
203.39999999998932,0.3,52.01999999999067,-3.328142359788785,-0.3791229828550513,0.5861249158674582,-0.37912298285971247,-3.3281423599611344,-7.362796147774134,-7.362796147815175,0.6711734258522795,0.7214710563304937,0.7365149113479259,0.7214710563303308,0.6711734258513816,0.21004932294847597,0.11844233376899396,0.0865314564320562,0.11844233376937043,0.2100493229494275,0.0,0.0,0.0,0.0,0.0,off,off,off,off,off
203.4999999999893,0.3,52.04999999999066,-3.319194874233233,-0.37022345694691694,0.5949137226278935,-0.37022345694930436,-3.319194874404502,-7.353822622670236,-7.353822622711618,0.6711953972023764,0.7214942095088674,0.7366112136821757,0.721494209508711,0.671195397201481,0.21004932294847597,0.11844233376899396,0.08632816535951607,0.11844233376937043,0.2100493229494275,0.0,0.0,0.0,0.0,0.0,off,off,off,off,off
203.5999999999893,0.3,52.079999999990655,-3.3102486812809957,-0.36132596192618394,0.6036992967732999,-0.36132596192686606,-3.310248681454709,-7.3448500794708025,-7.3448500795125256,0.671217363936932,0.7215173560124393,0.7367084000417251,0.7215173560122873,0.6712173639360308,0.21004932294847597,0.11844233376899396,0.08612232735501464,0.11844233376937043,0.2100493229494275,0.0,0.0,0.0,0.0,0.0,off,off,off,off,off
203.6999999999893,0.3,52.10999999999065,-3.301303785591301,-0.35243050395030195,0.6124816434131048,-0.3524305039516662,-3.301303785768823,-7.335878518950665,-7.335878518992843,0.6712393260498337,0.7215404958306219,0.7368064618107274,0.721540495830468,0.6712393260489233,0.21004932294847597,0.11844233376899396,0.08591396401895719,0.11844233376937043,0.2100493229494275,0.0,0.0,0.0,0.0,0.0,off,off,off,off,off
203.7999999999893,0.3,52.13999999999064,-3.2923601917741507,-0.3435370889961291,0.621260767886838,-0.3435370889981755,-3.29236019195514,-7.326907941895513,-7.3269079419381455,0.6712612835350678,0.7215636289532734,0.7369053902996034,0.7215636289531174,0.6712612835341488,0.21004932294847597,0.11844233376899396,0.08570309715564278,0.11844233376937043,0.2100493229494275,0.0,0.0,0.0,0.0,0.0,off,off,off,off,off
203.8999999999893,0.3,52.16999999999064,-3.283417904394014,-0.33464572285828353,0.6300366757666325,-0.334645722858113,-3.2834179045748897,-7.317938349101382,-7.3179383491445265,0.6712832363867095,0.7215867553706987,0.7370051767468835,0.7215867553705486,0.6712832363857908,0.21004932294847597,0.11844233376899396,0.08548974876946794,0.11844233376937043,0.2100493229494275,0.0,0.0,0.0,0.0,0.0,off,off,off,off,off
203.99999999998929,0.3,52.19999999999063,-3.2744769279553907,-0.3257564111456759,0.6388093728591571,-0.3257564111484612,-3.274476928139279,-7.3089697413746535,-7.308969741418252,0.6713051845989604,0.7216098750736611,0.7371058123210553,0.7216098750735033,0.6713051845980346,0.21004932294847597,0.11844233376899396,0.08527394106111069,0.11844233376937043,0.2100493229494275,0.0,0.0,0.0,0.0,0.0,off,off,off,off,off
204.09999999998928,0.3,52.229999999990625,-3.265537266915487,-0.316869159301973,0.6475788652016945,-0.3168691593023141,-3.265537267100001,-7.300002119531939,-7.300002119575879,0.6713271281661166,0.7216329880533262,0.7372072881224034,0.7216329880531751,0.6713271281651892,0.21004932294847597,0.11844233376899396,0.08505569642368806,0.11844233376937043,0.2100493229494275,0.0,0.0,0.0,0.0,0.0,off,off,off,off,off
204.19999999998927,0.3,52.25999999999062,-3.2565989256795547,-0.3079839725867828,0.6563451590805016,-0.3079839725868396,-3.256598925863102,-7.291035484399686,-7.29103548444408,0.6713490670825785,0.7216560943013145,0.7373095951849062,0.7216560943011635,0.6713490670816535,0.21004932294847597,0.11844233376899396,0.08483503743889698,0.11844233376937043,0.2100493229494275,0.0,0.0,0.0,0.0,0.0,off,off,off,off,off
204.29999999998927,0.3,52.28999999999061,-3.2476619086053233,-0.29910085608077,0.6651082609898253,-0.2991008560813384,-3.247661908784494,-7.282069836814458,-7.28206983685908,0.6713710013428428,0.7216791938096853,0.7374127244779899,0.7216791938095328,0.6713710013419286,0.21004932294847597,0.11844233376899396,0.08461198687313401,0.11844233376937043,0.2100493229494275,0.0,0.0,0.0,0.0,0.0,off,off,off,off,off
204.39999999998926,0.3,52.31999999999061,-3.2387262199794122,-0.29021981469310276,0.6738681776796511,-0.29021981469293223,-3.238726220161766,-7.273105177621858,-7.27310517766665,0.6713929309415588,0.7217022865709185,0.737516666908512,0.7217022865707684,0.6713929309406368,0.21004932294847597,0.11844233376899396,0.08438656767360181,0.11844233376937043,0.2100493229494275,0.0,0.0,0.0,0.0,0.0,off,off,off,off,off
204.49999999998926,0.3,52.3499999999906,-3.229791864058427,-0.2813408531573032,0.6826249161097167,-0.28134085315832635,-3.229791864238564,-7.264141507677323,-7.26414150772257,0.6714148558734274,0.7217253725779254,0.7376214133225061,0.7217253725777723,0.6714148558725113,0.21004932294847597,0.11844233376899396,0.08415880296439882,0.11844233376937043,0.2100493229494275,0.0,0.0,0.0,0.0,0.0,off,off,off,off,off
204.59999999998925,0.3,52.379999999990595,-3.2208588450246793,-0.27246397603545347,0.6913784834850958,-0.2724639760399441,-3.2208588452061804,-7.2551788278456115,-7.255178827891257,0.671436776133311,0.7217484518240391,0.7377269545071402,0.7217484518238767,0.6714367761323913,0.21004932294847597,0.11844233376899396,0.08392871604258755,0.11844233376937043,0.2100493229494275,0.0,0.0,0.0,0.0,0.0,off,off,off,off,off
204.69999999998925,0.3,52.40999999999059,-3.2119271670160288,-0.2635891877175709,0.7001288872268674,-0.2635891877221752,-3.211927167197018,-7.246217139000521,-7.246217139046564,0.6714586917161599,0.7217715243030125,0.7378332811925089,0.72177152430285,0.6714586917152411,0.21004932294847597,0.11844233376899396,0.08369633037425649,0.11844233376937043,0.2100493229494275,0.0,0.0,0.0,0.0,0.0,off,off,off,off,off
204.79999999998924,0.3,52.43999999999058,-3.202996834107239,-0.2547164924200729,0.7088761349876904,-0.2547164924220624,-3.2029968342901043,-7.237256442024545,-7.2372564420709296,0.6714806026170569,0.7217945900090275,0.7379403840535436,0.721794590008872,0.6714806026161336,0.21004932294847597,0.11844233376899396,0.08346166959056038,0.11844233376937043,0.2100493229494275,0.0,0.0,0.0,0.0,0.0,off,off,off,off,off
204.89999999998923,0.3,52.46999999999058,-3.194067850328395,-0.24584589418799396,0.7176202346446416,-0.24584589418913083,-3.194067850512056,-7.228296737809046,-7.228296737855828,0.6715025088311734,0.7218176489366854,0.7380482537118649,0.7218176489365318,0.6715025088302483,0.21004932294847597,0.11844233376899396,0.08322475748375649,0.11844233376937043,0.2100493229494275,0.0,0.0,0.0,0.0,0.0,off,off,off,off,off
204.99999999998923,0.3,52.49999999999057,-3.1851402196418235,-0.23697739689703212,0.726361194292906,-0.23697739689970376,-3.1851402198275878,-7.219338027253912,-7.2193380273011485,0.6715244103538265,0.7218407010810026,0.7381568807376355,0.7218407010808451,0.6715244103528962,0.21004932294847597,0.11844233376899396,0.08298561800321679,0.11844233376937043,0.2100493229494275,0.0,0.0,0.0,0.0,0.0,off,off,off,off,off
205.09999999998922,0.3,52.529999999990565,-3.1762139459553396,-0.22811100425741415,0.7350990222561791,-0.22811100426150688,-3.1762139461415018,-7.2103803112675,-7.210380311315191,0.6715463071804455,0.7218637464374018,0.7382662556514593,0.7218637464372405,0.6715463071795142,0.21004932294847597,0.11844233376899396,0.08274427525144626,0.11844233376937043,0.2100493229494275,0.0,0.0,0.0,0.0,0.0,off,off,off,off,off
205.19999999998922,0.3,52.55999999999056,-3.1672890331230406,-0.21924671980747235,0.7438337270743887,-0.2192467198117356,-3.167289033315626,-7.20142359076624,-7.201423590814443,0.6715681993065707,0.721886785001728,0.738376368926219,0.7218867850015666,0.6715681993056237,0.21004932294847597,0.11844233376899396,0.08250075348006972,0.11844233376937043,0.2100493229494275,0.0,0.0,0.0,0.0,0.0,off,off,off,off,off
205.2999999999892,0.3,52.58999999999055,-3.1583654849408163,-0.21038454691870356,0.7525653175039224,-0.21038454692376263,-3.1583654851337997,-7.192467866674576,-7.192467866723234,0.6715900867278636,0.721909816770235,0.7384872109889437,0.721909816770071,0.6715900867269156,0.21004932294847597,0.11844233376899396,0.08225507708582752,0.11844233376937043,0.2100493229494275,0.0,0.0,0.0,0.0,0.0,off,off,off,off,off
205.3999999999892,0.3,52.61999999999055,-3.149443305142995,-0.20152448879957774,0.7612938025178551,-0.2015244888055463,-3.149443305335808,-7.183513139924742,-7.183513139973741,0.6716119694401165,0.7219328417395757,0.7385987722226762,0.7219328417394099,0.6716119694391689,0.21004932294847597,0.11844233376899396,0.08200727060656039,0.11844233376937043,0.2100493229494275,0.0,0.0,0.0,0.0,0.0,off,off,off,off,off
205.4999999999892,0.3,52.64999999999054,-3.140522497406266,-0.1926665484880914,0.7700191913045273,-0.19266654849536735,-3.140522497596578,-7.1745594114566416,-7.174559411505868,0.6716338474392416,0.7219558599068234,0.7387110429683317,0.7219558599066536,0.6716338474383002,0.21004932294847597,0.11844233376899396,0.08175735871717561,0.11844233376937043,0.2100493229494275,0.0,0.0,0.0,0.0,0.0,off,off,off,off,off
205.5999999999892,0.3,52.679999999990535,-3.13160306535093,-0.18381072886330685,0.7787414932639649,-0.18381072887507344,-3.1316030655436293,-7.165606682217401,-7.165606682266969,0.6716557207212692,0.7219788712694372,0.7388240135265546,0.7219788712692561,0.6716557207203218,0.21004932294847597,0.11844233376899396,0.0815053662256187,0.11844233376937043,0.2100493229494275,0.0,0.0,0.0,0.0,0.0,off,off,off,off,off
205.6999999999892,0.3,52.70999999999053,-3.1226850125385113,-0.17495703263756468,0.7874607180099815,-0.17495703264961548,-3.1226850127340526,-7.156654953161592,-7.156654953211557,0.6716775892823522,0.7220018758252896,0.7389376741595742,0.7220018758251076,0.6716775892813976,0.21004932294847597,0.11844233376899396,0.08125131806883168,0.11844233376937043,0.2100493229494275,0.0,0.0,0.0,0.0,0.0,off,off,off,off,off
205.79999999998918,0.3,52.73999999999052,-3.113768342468177,-0.1661054623569953,0.7961768753552292,-0.1661054623720588,-3.11376834266747,-7.147704225250834,-7.1477042253011405,0.6716994531187767,0.7220248735726574,0.7390520150930244,0.7220248735724675,0.6716994531178129,0.21004932294847597,0.11844233376899396,0.08099523930871368,0.11844233376937043,0.2100493229494275,0.0,0.0,0.0,0.0,0.0,off,off,off,off,off
205.89999999998918,0.3,52.76999999999052,-3.104853058582137,-0.15725602041129605,0.804889975325807,-0.15725602042999753,-3.1048530587833056,-7.138754499453569,-7.138754499504387,0.6717213122269479,0.7220478645102021,0.7391670265178275,0.7220478645100031,0.6717213122259794,0.21004932294847597,0.11844233376899396,0.08073715512807515,0.11844233376937043,0.2100493229494275,0.0,0.0,0.0,0.0,0.0,off,off,off,off,off
205.99999999998917,0.3,52.79999999999051,-3.09593916426104,-0.14840870903015002,0.8136000281493807,-0.14840870904708936,-3.0959391644640277,-7.129805776744945,-7.129805776796388,0.6717431666033998,0.7220708486369769,0.7392826985920077,0.7220708486367824,0.6717431666024277,0.21004932294847597,0.11844233376899396,0.08047709082658454,0.11844233376937043,0.2100493229494275,0.0,0.0,0.0,0.0,0.0,off,off,off,off,off
206.09999999998917,0.3,52.829999999990505,-3.087026662826645,-0.13956353027299429,0.8223070442556946,-0.13956353029061574,-3.087026663027359,-7.120858058106762,-7.12085805815866,0.671765016244794,0.7220938259524535,0.7393990214425353,0.7220938259522575,0.6717650162438273,0.21004932294847597,0.11844233376899396,0.08021507181671697,0.11844233376937043,0.2100493229494275,0.0,0.0,0.0,0.0,0.0,off,off,off,off,off
206.19999999998916,0.3,52.8599999999905,-3.0781155575361367,-0.1307204860494835,0.8310110342712846,-0.13072048607000397,-3.0781155577380446,-7.111911344527073,-7.111911344579312,0.6717868611479263,0.7221167964564695,0.7395159851671358,0.7221167964562656,0.6717868611469565,0.21004932294847597,0.11844233376899396,0.07995112361971013,0.11844233376937043,0.2100493229494275,0.0,0.0,0.0,0.0,0.0,off,off,off,off,off
206.29999999998915,0.3,52.88999999999049,-3.0692058515938925,-0.12187957810778016,0.8397120090189105,-0.12187957812636796,-3.0692058517954592,-7.102965636999727,-7.102965637052307,0.6718087013097033,0.7221397601492585,0.7396335798361224,0.7221397601490597,0.6718087013087345,0.21004932294847597,0.11844233376899396,0.07968527186150152,0.11844233376937043,0.2100493229494275,0.0,0.0,0.0,0.0,0.0,off,off,off,off,off
206.39999999998915,0.3,52.91999999999049,-3.0602975481378962,-0.1130408080383063,0.8484099795157363,-0.11304080805672356,-3.0602975483414525,-7.094020936524885,-7.094020936577863,0.6718305367271737,0.7221627170314402,0.7397517954942058,0.7221627170312422,0.6718305367262003,0.21004932294847597,0.11844233376899396,0.079417542268686,0.11844233376937043,0.2100493229494275,0.0,0.0,0.0,0.0,0.0,off,off,off,off,off
206.49999999998914,0.3,52.94999999999048,-3.051390650250994,-0.10420417727362974,0.8571049569761158,-0.10420417729193332,-3.0513906504541524,-7.0850772441083905,-7.085077244161766,0.6718523673975029,0.7221856671040222,0.7398706221623153,0.7221856671038244,0.6718523673965303,0.21004932294847597,0.11844233376899396,0.07914796066445803,0.11844233376937043,0.2100493229494275,0.0,0.0,0.0,0.0,0.0,off,off,off,off,off
206.59999999998914,0.3,52.979999999990476,-3.042485160948388,-0.0953696870877252,0.8657969528015315,-0.0953696871080183,-3.042485161147283,-7.076134560761659,-7.076134560815376,0.6718741933179997,0.7222086103683992,0.7399900498393773,0.7222086103681965,0.6718741933170377,0.21004932294847597,0.11844233376899396,0.07887655296456489,0.11844233376937043,0.2100493229494275,0.0,0.0,0.0,0.0,0.0,off,off,off,off,off
206.69999999998913,0.3,53.00999999999047,-3.0335810831839467,-0.08653733860325019,0.8744859785696804,-0.08653733862712443,-3.0335810833844903,-7.067192887501449,-7.067192887555393,0.671896014486105,0.7222315468263387,0.7401100685039997,0.7222315468261266,0.6718960144851386,0.21004932294847597,0.11844233376899396,0.07860334517326428,0.11844233376937043,0.2100493229494275,0.0,0.0,0.0,0.0,0.0,off,off,off,off,off
206.79999999998913,0.3,53.039999999990464,-3.0246784198583327,-0.07770713279455777,0.8831720460560746,-0.0777071328223542,-3.024678420053533,-7.058252225349577,-7.058252225403919,0.6719178308993689,0.7222544764799677,0.7402306681165196,0.7222544764797451,0.6719178308984156,0.21004932294847597,0.11844233376899396,0.07832836337928639,0.11844233376937043,0.2100493229494275,0.0,0.0,0.0,0.0,0.0,off,off,off,off,off
206.89999999998912,0.3,53.06999999999046,-3.015777173802178,-0.06887907047047293,0.8918551672134072,-0.0688790705013389,-3.0157771739962413,-7.049312575333147,-7.049312575387887,0.6719396425554939,0.7222773993318213,0.7403518386205926,0.722277399331591,0.671939642554544,0.21004932294847597,0.11844233376899396,0.07805163375179168,0.11844233376937043,0.2100493229494275,0.0,0.0,0.0,0.0,0.0,off,off,off,off,off
206.99999999998911,0.3,53.09999999999045,-3.006877347787679,-0.060053152298451096,0.9005353541680279,-0.060053152330681314,-3.006877347983334,-7.040373938484038,-7.040373938539233,0.6719614494523074,0.7223003153847798,0.7404735699449249,0.7223003153845458,0.6719614494513528,0.21004932294847597,0.11844233376899396,0.07777318253634635,0.11844233376937043,0.2100493229494275,0.0,0.0,0.0,0.0,0.0,off,off,off,off,off
207.0999999999891,0.3,53.129999999990446,-2.9979789445263236,-0.05122937878559242,0.9092126192258547,-0.051229378818675286,-2.9979789447235703,-7.031436315838562,-7.031436315894155,0.6719832515877626,0.7223232246421164,0.7405958520050863,0.7223232246418804,0.6719832515868043,0.21004932294847597,0.11844233376899396,0.07749303605089686,0.11844233376937043,0.2100493229494275,0.0,0.0,0.0,0.0,0.0,off,off,off,off,off
207.1999999999891,0.3,53.15999999999044,-2.9890819666710513,-0.04240775029552424,0.9178869748706688,-0.042407750331904026,-2.9890819668728454,-7.022499708437692,-7.022499708493626,0.6720050489599398,0.7223461271074546,0.7407186747052473,0.7223461271072099,0.6720050489589697,0.21004932294847597,0.11844233376899396,0.07721122068175584,0.11844233376937043,0.2100493229494275,0.0,0.0,0.0,0.0,0.0,off,off,off,off,off
207.2999999999891,0.3,53.189999999990434,-2.980186416805907,-0.033588267040499886,0.9265584337490509,-0.033588267075742806,-2.980186417009463,-7.013564117326553,-7.013564117382998,0.6720268415670666,0.7223690227847892,0.7408420279398827,0.7223690227845477,0.6720268415660923,0.21004932294847597,0.11844233376899396,0.07692776287958657,0.11844233376937043,0.2100493229494275,0.0,0.0,0.0,0.0,0.0,off,off,off,off,off
207.3999999999891,0.3,53.21999999999043,-2.9712922974611047,-0.02477092908503664,0.9352270086860699,-0.02477092911840373,-2.97129229766432,-7.004629543554472,-7.0046295436113155,0.6720486294074836,0.7223919116784756,0.7409659015955332,0.7223919116782386,0.6720486294065102,0.21004932294847597,0.11844233376899396,0.07664268915541446,0.11844233376937043,0.2100493229494275,0.0,0.0,0.0,0.0,0.0,off,off,off,off,off
207.4999999999891,0.3,53.24999999999042,-2.962399611098988,-0.015955736341084048,0.9438927126608974,-0.015955736373484797,-2.9623996113066937,-6.995695988174589,-6.995695988231887,0.6720704124796785,0.7224147937932429,0.7410902855524577,0.7224147937930087,0.6720704124786941,0.21004932294847597,0.11844233376899396,0.07635602607662935,0.11844233376937043,0.2100493229494275,0.0,0.0,0.0,0.0,0.0,off,off,off,off,off
207.59999999998908,0.3,53.279999999990416,-2.9535083601242036,-0.007142688577914669,0.9525555588169823,-0.0071426886116796595,-2.953508360328101,-6.986763452243736,-6.986763452301545,0.6720921907822607,0.7224376691341693,0.7412151696863593,0.7224376691339316,0.6720921907812862,0.21004932294847597,0.11844233376899396,0.07606780026301296,0.11844233376937043,0.2100493229494275,0.0,0.0,0.0,0.0,0.0,off,off,off,off,off
207.69999999998907,0.3,53.30999999999041,-2.944618546876029,0.0016682145807749293,0.9612155604598343,0.0016682145455320097,-2.9446185470762885,-6.97783193682244,-6.977831936880705,0.6721139643139813,0.7224605377066889,0.7413405438700739,0.7224605377064474,0.672113964313016,0.21004932294847597,0.11844233376899396,0.07577803838277074,0.11844233376937043,0.2100493229494275,0.0,0.0,0.0,0.0,0.0,off,off,off,off,off
207.79999999998907,0.3,53.339999999990404,-2.935730183235819,0.01047550522474694,0.9698727118322381,0.010475505185581824,-2.935730183432838,-6.9689014429856115,-6.96890144304416,0.672135733050454,0.7224841752656758,0.7414663979244275,0.7224841752654169,0.672135733049496,0.21004932294847597,0.11844034709519605,0.07548676714952644,0.11844034709558998,0.2100493229494275,0.0,0.0,0.0,0.0,0.0,off,off,off,off,off
207.89999999998906,0.3,53.3699999999904,-2.926843308278933,0.01927764963068057,0.9785269525963258,0.01927764959441447,-2.92684330847527,-6.959971971887853,-6.959971971946686,0.6721574969013914,0.7225094163981616,0.7415927215225447,0.722509416397903,0.6721574969004354,0.21004932294847597,0.11843419211013613,0.07519401332985598,0.1184341921105491,0.2100493229494275,0.0,0.0,0.0,0.0,0.0,off,off,off,off,off
207.99999999998906,0.3,53.39999999999039,-2.9179579646204843,0.028074646205482168,0.9871782151185471,0.028074646170068718,-2.9179579648163667,-6.951043524798877,-6.951043524857994,0.6721792557679186,0.7225362594643969,0.7417195043116829,0.7225362594641354,0.6721792557669638,0.21004932294847597,0.11842387346545279,0.07489980375047692,0.11842387346587886,0.2100493229494275,0.0,0.0,0.0,0.0,0.0,off,off,off,off,off
208.09999999998905,0.3,53.429999999990386,-2.9090741935163464,0.03686649720060586,0.9958264342346297,0.036866497162748146,-2.9090741937127973,-6.942116103101455,-6.9421161031611405,0.6722010095544413,0.7225647029170967,0.741846735940567,0.7225647029168228,0.672201009553485,0.21004932294847597,0.118409395446856,0.07460416529421891,0.11840939544729859,0.2100493229494275,0.0,0.0,0.0,0.0,0.0,off,off,off,off,off
208.19999999998905,0.3,53.45999999999038,-2.9001920349158468,0.04565320528615757,1.0044715471987047,0.04565320525102834,-2.9001920351091144,-6.933189708287273,-6.9331897083472995,0.6722227581685178,0.7225947451166178,0.7419744060613175,0.722594745116344,0.6722227581675693,0.21004932294847597,0.11839076243926017,0.07430712489494001,0.11839076243971917,0.2100493229494275,0.0,0.0,0.0,0.0,0.0,off,off,off,off,off
208.29999999998904,0.3,53.489999999990374,-2.891311527481207,0.05443477279243325,1.0131134936264061,0.054434772760600936,-2.8913115276774306,-6.924264341952323,-6.924264342012691,0.672244501520814,0.722626384275995,0.74210250433133,0.7226263842757251,0.6722445015198576,0.21004932294847597,0.11836797908237184,0.07400870953250699,0.11836797908284306,0.2100493229494275,0.0,0.0,0.0,0.0,0.0,off,off,off,off,off
208.39999999998903,0.3,53.51999999999037,-2.882432708661895,0.0632112014469044,1.021752215393974,0.06321120141768688,-2.8824327088598807,-6.91534000579378,-6.915340005854603,0.6722662395249195,0.7226596184323362,0.7422310204150236,0.7226596184320685,0.6722662395239588,0.21004932294847597,0.11834105034762049,0.07370894622780863,0.11834105034810305,0.2100493229494275,0.0,0.0,0.0,0.0,0.0,off,off,off,off,off
208.49999999998903,0.3,53.54999999999036,-2.8735556147310604,0.07198249224217079,1.0303876565641872,0.07198249221642072,-2.8735556149241006,-6.906416701606474,-6.906416701667638,0.6722879720972623,0.7226944454383568,0.7423599439856211,0.7226944454380945,0.6722879720963142,0.21004932294847597,0.11830998158005278,0.07340786203782787,0.11830998158054278,0.2100493229494275,0.0,0.0,0.0,0.0,0.0,off,off,off,off,off
208.59999999998902,0.3,53.579999999990356,-2.8646802808314646,0.08074864544948923,1.0390197632872287,0.0807486454195896,-2.864680281022288,-6.897494431278915,-6.897494431340419,0.6723096991569971,0.7227308629500467,0.742489264726839,0.7227308629497701,0.6723096991560541,0.21004932294847597,0.1182747785216791,0.07310548405076803,0.11827477852217796,0.2100493229494275,0.0,0.0,0.0,0.0,0.0,off,off,off,off,off
208.69999999998902,0.3,53.60999999999035,-2.855806741035053,0.08950966059802568,1.0476484837330986,0.08950966056181642,-2.8558067412240575,-6.888573196790389,-6.888573196852178,0.6723314206258592,0.7227688684250981,0.7426189723346344,0.7227688684247983,0.6723314206249205,0.21004932294847597,0.11823544732438394,0.072801839381233,0.11823544732489927,0.2100493229494275,0.0,0.0,0.0,0.0,0.0,off,off,off,off,off
208.799999999989,0.3,53.639999999990344,-2.846935028377061,0.09826553653863357,1.0562737680070313,0.09826553649736525,-2.846935028566577,-6.879653000207327,-6.87965300026957,0.6723531364280818,0.7228084591214406,0.7427490565188751,0.7228084591211197,0.6723531364271423,0.21004932294847597,0.11819199455687858,0.07249695516545022,0.11819199455741464,0.2100493229494275,0.0,0.0,0.0,0.0,0.0,off,off,off,off,off
208.899999999989,0.3,53.66999999999034,-2.8380651749051253,0.10701627148074522,1.064895568067186,0.10701627143981796,-2.838065175094073,-6.870733843681137,-6.8707338437437215,0.6723748464902811,0.7228496320948,0.7428795070049897,0.7228496320944722,0.6723748464893428,0.21004932294847597,0.11814442720815875,0.07219085855655193,0.11814442720871594,0.2100493229494275,0.0,0.0,0.0,0.0,0.0,off,off,off,off,off
208.999999999989,0.3,53.69999999999033,-2.829197211726523,0.11576186306626823,1.0735138376606983,0.11576186302312408,-2.8291972119155275,-6.861815729444174,-6.861815729507043,0.6723965507413344,0.7228923841984383,0.7430103135356375,0.722892384198096,0.6723965507403958,0.21004932294847597,0.11809275268892092,0.07188357671991072,0.1180927526894998,0.2100493229494275,0.0,0.0,0.0,0.0,0.0,off,off,off,off,off
209.099999999989,0.3,53.729999999990326,-2.820331169030453,0.12450230840522636,1.0821285322425638,0.12450230836583387,-2.8203311692195143,-6.852898659807352,-6.852898659870732,0.672418249112333,0.7229367120872137,0.7431414658723043,0.7229367120868744,0.672418249111394,0.21004932294847597,0.11803697883174705,0.07157513682851693,0.11803697883234344,0.2100493229494275,0.0,0.0,0.0,0.0,0.0,off,off,off,off,off
209.199999999989,0.3,53.75999999999032,-2.811467076139536,0.13323760413834407,1.0907396089260715,0.13323760409366514,-2.811467076335134,-6.843982637158206,-6.843982637222041,0.6724399415364527,0.7229826122149444,0.7432729537969578,0.7229826122145848,0.672439941535498,0.21004932294847597,0.11797711389054488,0.07126556605841525,0.11797711389115818,0.2100493229494275,0.0,0.0,0.0,0.0,0.0,off,off,off,off,off
209.29999999998898,0.3,53.789999999990314,-2.802604961544432,0.14196774648974042,1.0993470264147618,0.14196774644068455,-2.8026049617404283,-6.835067663957091,-6.835067664021324,0.6724616279488729,0.7230300808361149,0.743404767113621,0.723030080835735,0.6724616279479174,0.21004932294847597,0.11791316653951316,0.07095489158417884,0.11791316654014888,0.2100493229494275,0.0,0.0,0.0,0.0,0.0,off,off,off,off,off
209.39999999998898,0.3,53.81999999999031,-2.7937448529253857,0.15069273131655336,1.1079507449354082,0.15069273126181315,-2.7937448531228597,-6.826153742735357,-6.826153742799988,0.6724833082867233,0.7230791140070321,0.7435368956499283,0.7230791140066277,0.6724833082857639,0.21004932294847597,0.11784514587177648,0.07064314057444361,0.1178451458724386,0.2100493229494275,0.0,0.0,0.0,0.0,0.0,off,off,off,off,off
209.49999999998897,0.3,53.8499999999903,-2.7848867771984374,0.15941255416908007,1.1165507261900984,0.1594125541100766,-2.784886777390568,-6.817240876093024,-6.817240876158053,0.67250498248897,0.7231297075869579,0.7436693292586996,0.7231297075865315,0.6725049824880237,0.21004932294847597,0.11777306139779398,0.07033034018747993,0.1177730613984845,0.2100493229494275,0.0,0.0,0.0,0.0,0.0,off,off,off,off,off
209.59999999998897,0.3,53.8799999999903,-2.776030760525714,0.16812721032454192,1.1251469333012096,0.16812721027156385,-2.7760307607197205,-6.8083290666960465,-6.8083290667614165,0.6725266504963938,0.7231818572389626,0.7438020578194687,0.7231818572385414,0.6725266504954429,0.21004932294847597,0.11769692304358692,0.07001651756682772,0.11769692304430586,0.2100493229494275,0.0,0.0,0.0,0.0,0.0,off,off,off,off,off
209.69999999998896,0.3,53.90999999999029,-2.767176828370907,0.17683669485796827,1.133739330756896,0.17683669479868058,-2.767176828560082,-6.7994183172747285,-6.799418317340326,0.6725483122514537,0.723235558431474,0.7439350712399918,0.7232355584310274,0.672548312250515,0.21004932294847597,0.11761674114883275,0.06970169983696285,0.1176167411495753,0.2100493229494275,0.0,0.0,0.0,0.0,0.0,off,off,off,off,off
209.79999999998896,0.3,53.939999999990285,-2.7583250054915425,0.1855410026407185,1.1423278843700473,0.1855410025796118,-2.7583250056846396,-6.790508630620707,-6.790508630686645,0.6725699676983062,0.723290806440525,0.744068359457758,0.7232908064400628,0.6725699676973573,0.21004932294847597,0.11753252646483028,0.06938591409902302,0.11753252646560165,0.2100493229494275,0.0,0.0,0.0,0.0,0.0,off,off,off,off,off
209.89999999998895,0.3,53.96999999999028,-2.749475316003384,0.1942401284132984,1.1509125612324738,0.1942401283502022,-2.7494753161973335,-6.7816000095859295,-6.781600009652266,0.6725916167826483,0.7233475963495408,0.7442019124414663,0.7233475963490621,0.6725916167816977,0.21004932294847597,0.11744429015238124,0.06906918742657296,0.11744429015318293,0.2100493229494275,0.0,0.0,0.0,0.0,0.0,off,off,off,off,off
209.99999999998894,0.3,53.99999999999027,-2.740627783369291,0.20293406681605575,1.1594933296576642,0.20293406675403958,-2.74062778356182,-6.772692457079984,-6.772692457146604,0.6726132594517461,0.7234059230513763,0.7443357201924464,0.7234059230508885,0.6726132594507988,0.21004932294847597,0.11735204377954714,0.06875154686141849,0.11735204378037846,0.2100493229494275,0.0,0.0,0.0,0.0,0.0,off,off,off,off,off
210.09999999998894,0.3,54.02999999999027,-2.7317824304359988,0.21162281242652625,1.168070159159413,0.21162281236632907,-2.731782430630915,-6.763785976068505,-6.763785976135466,0.6726348956543449,0.7234657812497763,0.7444697727461406,0.7234657812492828,0.6726348956533921,0.21004932294847597,0.11725579931930967,0.06843301940947466,0.11725579932016814,0.2100493229494275,0.0,0.0,0.0,0.0,0.0,off,off,off,off,off
210.19999999998893,0.3,54.05999999999026,-2.7229392794633895,0.2203063597917776,1.1766430204085623,0.22030635973283097,-2.7229392796551792,-6.7548805695709575,-6.75488056963826,0.6726565253405976,0.7235271654608738,0.7446040601735128,0.723527165460375,0.672656525339652,0.21004932294847597,0.11715556914715515,0.06811363203666576,0.11715556914803642,0.2100493229494275,0.0,0.0,0.0,0.0,0.0,off,off,off,off,off
210.29999999998893,0.3,54.089999999990255,-2.7140983521235285,0.22898470345683108,1.185211885183321,0.22898470339526966,-2.7140983523174214,-6.745976240659331,-6.745976240726861,0.672678148462068,0.7235900700147292,0.7447385725824075,0.7235900700142142,0.6726781484611175,0.21004932294847597,0.11705136603855598,0.067793411664883,0.11705136603946259,0.2100493229494275,0.0,0.0,0.0,0.0,0.0,off,off,off,off,off
210.39999999998892,0.3,54.11999999999025,-2.7052596695421585,0.23765783799575502,1.1937767263472665,0.23765783792873663,-2.705259669739746,-6.737072992456092,-6.737072992523906,0.6726997649716295,0.72365448905692,0.7448733001189562,0.7236544890563795,0.6726997649706696,0.21004932294847597,0.11694320316639213,0.06747238516798804,0.11694320316732679,0.2100493229494275,0.0,0.0,0.0,0.0,0.0,off,off,off,off,off
210.49999999998892,0.3,54.14999999999024,-2.69642325230609,0.2463257580452023,1.2023375178054039,0.24632575797210166,-2.6964232525020293,-6.728170828132534,-6.728170828200689,0.6727213748234476,0.7237204165501885,0.745008232968904,0.7237204165496192,0.6727213748224923,0.21004932294847597,0.11683109409826817,0.06715057936786081,0.11683109409923766,0.2100493229494275,0.0,0.0,0.0,0.0,0.0,off,off,off,off,off
210.5999999999889,0.3,54.17999999999024,-2.6875891204688287,0.2549884583244193,1.2108942344929687,0.25498845825080707,-2.6875891206710207,-6.719269750907472,-6.719269750976082,0.6727429779729672,0.7237878462761019,0.7451433613589941,0.7237878462755183,0.6727429779719962,0.21004932294847597,0.1167150527937664,0.06682802103048975,0.1167150527947703,0.2100493229494275,0.0,0.0,0.0,0.0,0.0,off,off,off,off,off
210.6999999999889,0.3,54.20999999999023,-2.6787572935915023,0.2636459336738426,1.219446852313581,0.263645933599264,-2.678757293797389,-6.7103697640453674,-6.710369764114432,0.6727645743768108,0.7238567718368071,0.7452786755581922,0.7238567718362078,0.6727645743758308,0.21004932294847597,0.1165950936016041,0.06650473686211592,0.11659509360264393,0.2100493229494275,0.0,0.0,0.0,0.0,0.0,off,off,off,off,off
210.7999999999889,0.3,54.239999999990225,-2.6699277907372334,0.27229817905725895,1.227995348144816,0.2722981789800656,-2.669927790947611,-6.701470870854962,-6.701470870924368,0.6727861639927948,0.7239271866567272,0.7454141658790698,0.7239271866561073,0.672786163991804,0.21004932294847597,0.11647123125673733,0.06618075350541669,0.11647123125781217,0.2100493229494275,0.0,0.0,0.0,0.0,0.0,off,off,off,off,off
210.8999999999889,0.3,54.26999999999022,-2.661100630493877,0.2809451895976167,1.236539699785169,0.28094518952030967,-2.661100630707381,-6.692573074687573,-6.692573074757377,0.6728077467798731,0.7239990839843944,0.7455498226789973,0.7239990839837595,0.6728077467788747,0.21004932294847597,0.11634348087737964,0.06585609753573976,0.11634348087849336,0.2100493229494275,0.0,0.0,0.0,0.0,0.0,off,off,off,off,off
210.9999999999889,0.3,54.29999999999021,-2.6522758309904475,0.2895869606086876,1.2450798859421184,0.28958696053319954,-2.652275831204747,-6.683676378936013,-6.683676379006215,0.6728293226980977,0.7240724568943148,0.745685636361429,0.7240724568936707,0.6728293226970974,0.21004932294847597,0.11621185796194745,0.06553079545738194,0.11621185796309719,0.2100493229494275,0.0,0.0,0.0,0.0,0.0,off,off,off,off,off
211.09999999998888,0.3,54.32999999999021,-2.643453409893766,0.2982234875938161,1.2536158861876174,0.2982234875229324,-2.6434534101070994,-6.674780787033001,-6.6747807871034865,0.6728508917086261,0.7241472982883093,0.7458215973770715,0.724147298287666,0.6728508917076287,0.21004932294847597,0.11607637838593703,0.06520487369992005,0.11607637838711614,0.2100493229494275,0.0,0.0,0.0,0.0,0.0,off,off,off,off,off
211.19999999998888,0.3,54.3599999999902,-2.6346333844443848,0.30685476627968455,1.2621476809785577,0.3068547662082892,-2.634633384654819,-6.665886302449678,-6.665886302520505,0.6728724537736362,0.7242236008988385,0.745957696225203,0.7242236008981825,0.6728724537726455,0.21004932294847597,0.11593705839873537,0.06487835861457836,0.11593705839994276,0.2100493229494275,0.0,0.0,0.0,0.0,0.0,off,off,off,off,off
211.29999999998887,0.3,54.389999999990195,-2.625815771447094,0.31548079262199735,1.270675251587022,0.3154807925496925,-2.625815771658779,-6.656992928694592,-6.65699292876576,0.6728940088563463,0.724301357289648,0.7460939234547257,0.7243013572889787,0.6728940088553528,0.21004932294847597,0.11579391462036114,0.06455127647064375,0.1157939146215967,0.2100493229494275,0.0,0.0,0.0,0.0,0.0,off,off,off,off,off
211.39999999998886,0.3,54.41999999999019,-2.617000587300936,0.32410156283151537,1.279198580098182,0.32410156275636837,-2.617000587507505,-6.648100669312271,-6.648100669383723,0.6729155569209451,0.7243805598580842,0.7462302696653738,0.7243805598573961,0.6729155569199641,0.21004932294847597,0.11564696403815163,0.06422365345193812,0.11564696403941609,0.2100493229494275,0.0,0.0,0.0,0.0,0.0,off,off,off,off,off
211.49999999998886,0.3,54.44999999999018,-2.60818784798289,0.3327170733824687,1.2877176494036462,0.33271707331158495,-2.6081878481894023,-6.639209527882031,-6.639209527953767,0.6729370979326299,0.724461200837147,0.7463667255088835,0.7244612008364569,0.6729370979316491,0.21004932294847597,0.11549622400336859,0.0638955156533291,0.11549622400466726,0.2100493229494275,0.0,0.0,0.0,0.0,0.0,off,off,off,off,off
211.59999999998885,0.3,54.47999999999018,-2.5993775690891994,0.34132732103813623,1.2962324431530305,0.3413273209655472,-2.599377569296337,-6.630319508016441,-6.630319508088633,0.6729586318575072,0.724543272297561,0.7465032816900273,0.7245432722968552,0.6729586318565246,0.21004932294847597,0.11534171222776024,0.06356688907728843,0.11534171222908973,0.2100493229494275,0.0,0.0,0.0,0.0,0.0,off,off,off,off,off
211.69999999998885,0.3,54.50999999999017,-2.5905697658147915,0.34993230285647314,1.3047429457547537,0.34993230278200826,-2.5905697660248848,-6.621430613360872,-6.621430613433461,0.6729801586626412,0.7246267661498382,0.7466399289677554,0.7246267661491151,0.6729801586616512,0.21004932294847597,0.11518344678004169,0.06323779963050188,0.11518344678140204,0.2100493229494275,0.0,0.0,0.0,0.0,0.0,off,off,off,off,off
211.79999999998884,0.3,54.539999999990165,-2.581764452989489,0.3585320161961363,1.3132491423630768,0.35853201611388386,-2.5817644532036184,-6.612542847591499,-6.612542847664486,0.6730016783159677,0.7247116741463653,0.7467766581562771,0.7247116741456083,0.673001678314968,0.21004932294847597,0.11502144608233389,0.06290827312051907,0.1150214460837294,0.2100493229494275,0.0,0.0,0.0,0.0,0.0,off,off,off,off,off
211.89999999998884,0.3,54.56999999999016,-2.5729616450626054,0.3671264587387668,1.3217510188572987,0.3671264586548091,-2.572961645280543,-6.603656214414741,-6.603656214488012,0.6730231907863303,0.7247979878835712,0.7469134601260929,0.724797987882794,0.6730231907853209,0.21004932294847597,0.1148557289065402,0.06257833525245117,0.11485572890797806,0.2100493229494275,0.0,0.0,0.0,0.0,0.0,off,off,off,off,off
211.99999999998883,0.3,54.59999999999015,-2.56416135612983,0.37571562849126394,1.330248561807366,0.37571562840457773,-2.564161356348052,-6.5947707175658365,-6.5947707176395625,0.6730446960434159,0.7248856988040681,0.7470503258049691,0.7248856988032693,0.6730446960424062,0.21004932294847597,0.11468631437067893,0.06224801162572333,0.11468631437215522,0.2100493229494275,0.0,0.0,0.0,0.0,0.0,off,off,off,off,off
212.09999999998882,0.3,54.62999999999015,-2.555363599920554,0.38429952380994337,1.338741758480296,0.3842995237285436,-2.555363600137923,-6.585886360808104,-6.585886360882114,0.6730661940577853,0.724974798198889,0.7471872461789956,0.7249747981980914,0.6730661940567778,0.21004932294847597,0.11451322193513074,0.061917327730873974,0.11451322193664125,0.2100493229494275,0.0,0.0,0.0,0.0,0.0,off,off,off,off,off
212.19999999998882,0.3,54.65999999999014,-2.546568389819754,0.3928781433994004,1.347230596825682,0.3928781433144195,-2.546568390036782,-6.577003147931293,-6.577003148005815,0.6730876848008204,0.7250652772096826,0.7473242122935622,0.7250652772088626,0.6730876847998136,0.21004932294847597,0.11433647139885632,0.061586308946391305,0.11433647140040129,0.2100493229494275,0.0,0.0,0.0,0.0,0.0,off,off,off,off,off
212.2999999999888,0.3,54.689999999990135,-2.5377757388719147,0.40145148631359007,1.3557150654469297,0.4014514862319629,-2.5377757390883744,-6.568121082751475,-6.568121082826281,0.6731091682447141,0.7251571268309385,0.747461215254276,0.725157126830113,0.673109168243709,0.21004932294847597,0.11415608289556434,0.061254980535606365,0.11415608289714596,0.2100493229494275,0.0,0.0,0.0,0.0,0.0,off,off,off,off,off
212.3999999999888,0.3,54.71999999999013,-2.5289856597789253,0.410019551989933,1.3641951535959151,0.4100195519051226,-2.5289856600003873,-6.5592401691088185,-6.559240169184079,0.6731306443624759,0.7252503379123306,0.7475982462279144,0.7252503379114846,0.6731306443614582,0.21004932294847597,0.1139720768898225,0.06092336764363429,0.11397207689143754,0.2100493229494275,0.0,0.0,0.0,0.0,0.0,off,off,off,off,off
212.4999999999888,0.3,54.74999999999012,-2.5201981649267964,0.41858234021924545,1.3726708511732113,0.4185823401365383,-2.5201981651492247,-6.550360410867768,-6.550360410943313,0.6731521131278665,0.7253449011609218,0.7477352964433692,0.7253449011600672,0.6731521131268463,0.21004932294847597,0.11378447417311305,0.060591495294358914,0.11378447417476364,0.2100493229494275,0.0,0.0,0.0,0.0,0.0,off,off,off,off,off
212.5999999999888,0.3,54.77999999999012,-2.511413266365196,0.4271398511941129,1.3811421486847735,0.4271398511141342,-2.511413266585123,-6.541481811915105,-6.541481811991105,0.673173574515448,0.7254408071435872,0.7478723571924542,0.7254408071427275,0.6731735745144343,0.21004932294847597,0.11359329585985951,0.060259388387466147,0.11359329586154121,0.2100493229494275,0.0,0.0,0.0,0.0,0.0,off,off,off,off,off
212.6999999999888,0.3,54.80999999999011,-2.5026309758262073,0.4356920854832538,1.3896090372615504,0.43569208540151294,-2.5026309760458503,-6.532604376159952,-6.532604376236293,0.6731950285005394,0.7255380462892844,0.748009419830848,0.725538046288408,0.673195028499526,0.21004932294847597,0.11339856338337906,0.059927071695532,0.1133985633850935,0.2100493229494275,0.0,0.0,0.0,0.0,0.0,off,off,off,off,off
212.79999999998878,0.3,54.839999999990106,-2.49385130472632,0.44423904404760606,1.3980715086381679,0.4442390439663768,-2.493851304950681,-6.523728107531838,-6.523728107608463,0.6732164750592098,0.7256366088914395,0.7481464757789156,0.7256366088905517,0.6732164750581853,0.21004932294847597,0.11320029849182765,0.05959456986115095,0.11320029849357566,0.2100493229494275,0.0,0.0,0.0,0.0,0.0,off,off,off,off,off
212.89999999998878,0.3,54.8699999999901,-2.485074264181378,0.452780728251696,1.4065295551322947,0.45278072817228576,-2.4850742644059665,-6.514853009980243,-6.5148530100573225,0.6732379141682437,0.7257364851103513,0.7482835165224976,0.7257364851094564,0.6732379141672186,0.21004932294847597,0.1129985232440721,0.059261907394113786,0.11299852324585169,0.2100493229494275,0.0,0.0,0.0,0.0,0.0,off,off,off,off,off
212.99999999998877,0.3,54.899999999990094,-2.476299864996747,0.4613171398606255,1.414983169646348,0.46131713978081734,-2.4762998652198576,-6.505979087473975,-6.505979087551509,0.6732593458051638,0.7258376649755798,0.7484205336137444,0.7258376649746725,0.6732593458041419,0.21004932294847597,0.11279326000552738,0.058929108668641414,0.11279326000733611,0.2100493229494275,0.0,0.0,0.0,0.0,0.0,off,off,off,off,off
213.09999999998877,0.3,54.92999999999009,-2.4675281176732256,0.469848281046211,1.423432345650383,0.46984828096128695,-2.467528117901338,-6.497106343999803,-6.497106344077849,0.6732807699482171,0.7259401383883737,0.7485575186718696,0.7259401383874414,0.6732807699471834,0.21004932294847597,0.1125845314439623,0.058596197920656186,0.1125845314458023,0.2100493229494275,0.0,0.0,0.0,0.0,0.0,off,off,off,off,off
213.19999999998876,0.3,54.95999999999008,-2.458759032424439,0.47837415438783637,1.4318770771785694,0.47837415429654584,-2.458759032653461,-6.488234783561836,-6.488234783640223,0.6733021865763339,0.7260438951241055,0.7486944633839194,0.7260438951231418,0.6733021865752978,0.21004932294847597,0.112372360525261,0.05826319924511496,0.11237236052713924,0.2100493229494275,0.0,0.0,0.0,0.0,0.0,off,off,off,off,off
213.29999999998876,0.3,54.989999999990076,-2.449992619163993,0.4868947628842193,1.440317358815264,0.4868947627900866,-2.4499926193936403,-6.4793644101804375,-6.479364410259279,0.6733235956691569,0.7261489248347521,0.7488313595054924,0.726148924833765,0.6733235956681195,0.21004932294847597,0.11215677050914512,0.05793013659337828,0.11215677051106725,0.2100493229494275,0.0,0.0,0.0,0.0,0.0,off,off,off,off,off
213.39999999998875,0.3,55.01999999999007,-2.4412288875234935,0.49541010994931867,1.4487531856834721,0.49541010985660705,-2.4412288877485366,-6.47049522789149,-6.47049522797073,0.6733449972069991,0.726255217051354,0.7489681988614408,0.7262552170503556,0.6733449972059735,0.21004932294847597,0.11193778494485689,0.05759703377063577,0.11193778494681984,0.2100493229494275,0.0,0.0,0.0,0.0,0.0,off,off,off,off,off
213.49999999998875,0.3,55.049999999990064,-2.4324678468393586,0.5039201994158589,1.4571845534553631,0.5039201993277516,-2.4324678470645154,-6.461627240745656,-6.461627240825351,0.6733663911708757,0.7263627611865052,0.7491049733466086,0.7263627611855057,0.6733663911698493,0.21004932294847597,0.11171542766681591,0.05726391443338039,0.11171542766881398,0.2100493229494275,0.0,0.0,0.0,0.0,0.0,off,off,off,off,off
213.59999999998874,0.3,55.07999999999006,-2.423709506175669,0.5124250355382287,1.4656114583139015,0.5124250354542141,-2.4237095064032133,-6.452760452807411,-6.45276045288756,0.6733877775424468,0.7264715465368616,0.7492416749264166,0.7264715465358607,0.6733877775414149,0.21004932294847597,0.11148972279023105,0.0569308020869252,0.11148972279226103,0.2100493229494275,0.0,0.0,0.0,0.0,0.0,off,off,off,off,off
213.69999999998873,0.3,55.10999999999005,-2.4149538743124594,0.5209246230012354,1.474033896971605,0.5209246229148334,-2.414953874539094,-6.4438948681543025,-6.443894868234906,0.6734091563040494,0.7265815622856752,0.7493782956375751,0.7265815622846561,0.6734091563030193,0.21004932294847597,0.11126069470668819,0.05659772008297991,0.1112606947087498,0.2100493229494275,0.0,0.0,0.0,0.0,0.0,off,off,off,off,off
213.79999999998873,0.3,55.139999999990046,-2.406200959762657,0.5294189668996978,1.4824518666414406,0.5294189668186959,-2.406200959986222,-6.435030490876159,-6.435030490957047,0.673430527438652,0.7266927975052654,0.7495148275886501,0.7266927975042486,0.6734305274376294,0.21004932294847597,0.11102836807970452,0.05626469161726937,0.11102836808179828,0.2100493229494275,0.0,0.0,0.0,0.0,0.0,off,off,off,off,off
213.89999999998872,0.3,55.16999999999004,-2.397450770756791,0.5379080727707901,1.4908653650547876,0.5379080726907546,-2.3974507709805266,-6.42616732507372,-6.426167325155177,0.6734518909298952,0.72680524115964,0.7496512629607306,0.7268052411586147,0.6734518909288723,0.21004932294847597,0.11079276784025824,0.05593173972720137,0.11079276784237853,0.2100493229494275,0.0,0.0,0.0,0.0,0.0,off,off,off,off,off
213.99999999998872,0.3,55.199999999990034,-2.3887033152636263,0.5463919465702247,1.4992743904243753,0.5463919464835953,-2.38870331548668,-6.417305374859154,-6.417305374941009,0.6734732467620408,0.7269188821069833,0.7497875940079263,0.7269188821059308,0.6734732467610195,0.21004932294847597,0.1105539191822698,0.05559888728958503,0.11055391918441829,0.2100493229494275,0.0,0.0,0.0,0.0,0.0,off,off,off,off,off
214.0999999999887,0.3,55.22999999999003,-2.37995860097368,0.5548705946758901,1.5076789414651444,0.5548705945875554,-2.3799586012000304,-6.408444644353892,-6.408444644436258,0.6734945949200113,0.7270337091022241,0.7499238130579998,0.7270337091011536,0.6734945949189814,0.21004932294847597,0.11031184755808342,0.05526615701839834,0.11031184756026788,0.2100493229494275,0.0,0.0,0.0,0.0,0.0,off,off,off,off,off
214.1999999999887,0.3,55.25999999999002,-2.3712166353361113,0.5633440239087122,1.516079017363836,0.56334402381583,-2.3712166355621775,-6.3995851376888595,-6.3995851377716235,0.6735159353892992,0.7271497107996536,0.7500599125128383,0.7271497107985578,0.67351593538827,0.21004932294847597,0.11006657867390447,0.05493357146260909,0.1100665786761259,0.2100493229494275,0.0,0.0,0.0,0.0,0.0,off,off,off,off,off
214.2999999999887,0.3,55.289999999990016,-2.3624774255144985,0.5718122414940581,1.5244746177968977,0.5718122414044728,-2.362477425740792,-6.390726859002996,-6.3907268590862145,0.6735372681560776,0.7272668757554055,0.7501958848490349,0.7272668757543054,0.6735372681550481,0.21004932294847597,0.10981813848521642,0.05460115300403432,0.1098181384874727,0.2100493229494275,0.0,0.0,0.0,0.0,0.0,off,off,off,off,off
214.3999999999887,0.3,55.31999999999001,-2.35374097842913,0.5802752551076082,1.532865742901265,0.580275255013305,-2.3537409786518992,-6.381869812443142,-6.381869812526759,0.6735585932070944,0.727385192430154,0.7503317226183204,0.727385192429028,0.673558593206074,0.21004932294847597,0.10956655319217458,0.0542689238552609,0.10956655319446579,0.2100493229494275,0.0,0.0,0.0,0.0,0.0,off,off,off,off,off
214.4999999999887,0.3,55.349999999990004,-2.345007300734153,0.5887330728314737,1.5412523932785689,0.5887330727429116,-2.3450073009594234,-6.37301400216279,-6.3730140022465775,0.6735799105297303,0.7275046491915914,0.7504674184480625,0.7275046491904682,0.6735799105287037,0.21004932294847597,0.1093118492349784,0.053936906057607995,0.10931184923730383,0.2100493229494275,0.0,0.0,0.0,0.0,0.0,off,off,off,off,off
214.59999999998868,0.3,55.37999999999,-2.3362763988351958,0.5971857031875629,1.5496345699923495,0.597185703101843,-2.3362763990658664,-6.364159432321344,-6.364159432405472,0.6736012201119538,0.727625234317109,0.7506029650417286,0.7276252343159817,0.6736012201109134,0.21004932294847597,0.10905405328921988,0.053605121479140934,0.10905405329157579,0.2100493229494275,0.0,0.0,0.0,0.0,0.0,off,off,off,off,off
214.69999999998868,0.3,55.40999999998999,-2.3275482788877753,0.6056331551151857,1.558012274558223,0.6056331550367418,-2.327548279119071,-6.3553061070840045,-6.355306107168531,0.6736225219423265,0.7277469359963373,0.7507383551793038,0.7277469359952193,0.6736225219412846,0.21004932294847597,0.10879319226121405,0.05327359181273712,0.10879319226359682,0.2100493229494275,0.0,0.0,0.0,0.0,0.0,off,off,off,off,off
214.79999999998867,0.3,55.439999999989986,-2.3188229467903625,0.6140754379866848,1.5663855089331378,0.6140754379063083,-2.3188229470267174,-6.346454030620407,-6.346454030705445,0.6736438160100197,0.727869742333792,0.7508735817176913,0.7278697423326598,0.6736438160089655,0.21004932294847597,0.10852929328330502,0.052942338574196744,0.108529293285711,0.2100493229494275,0.0,0.0,0.0,0.0,0.0,off,off,off,off,off
214.89999999998867,0.3,55.46999999998998,-2.310100408198366,0.6225125615831075,1.5747542755176482,0.6225125615056868,-2.3101004084342662,-6.337603207104507,-6.337603207189829,0.6736651023047798,0.7279936413514132,0.7510086375911222,0.7279936413502804,0.6736651023037269,0.21004932294847597,0.10826238370916356,0.05261138310040197,0.10826238371159232,0.2100493229494275,0.0,0.0,0.0,0.0,0.0,off,off,off,off,off
214.99999999998866,0.3,55.499999999989974,-2.301380668520494,0.630944536111997,1.5831185771560286,0.6309445360350878,-2.301380668757872,-6.328753640712932,-6.328753640798652,0.6736863808169395,0.72811862099122,0.7511435158115426,0.7281186209900801,0.6736863808158833,0.21004932294847597,0.10799249110906799,0.05228074654753039,0.10799249111151975,0.2100493229494275,0.0,0.0,0.0,0.0,0.0,off,off,off,off,off
215.09999999998865,0.3,55.52999999998997,-2.292663732921824,0.6393713721923291,1.591478417102394,0.6393713721158178,-2.292663733161419,-6.319905335625492,-6.319905335711553,0.6737076515374073,0.7282446691178786,0.7512782094688853,0.7282446691167298,0.6737076515363455,0.21004932294847597,0.10771964326516438,0.0519504498893126,0.1077196432676419,0.2100493229494275,0.0,0.0,0.0,0.0,0.0,off,off,off,off,off
215.19999999998865,0.3,55.55999999998996,-2.283949606330225,0.6477930808683823,1.5998337990598657,0.6477930807906773,-2.2839496065710136,-6.311058296023418,-6.311058296109991,0.6737289144576526,0.7283717735213449,0.7514127117315221,0.7283717735201838,0.6737289144565878,0.21004932294847597,0.10744386816671687,0.051620513915344106,0.10744386816921989,0.2100493229494275,0.0,0.0,0.0,0.0,0.0,off,off,off,off,off
215.29999999998864,0.3,55.589999999989956,-2.2752382934239677,0.6562096735966634,1.6081847271328797,0.6562096735186742,-2.2752382936665754,-6.302212526089534,-6.302212526176561,0.6737501695697381,0.7284999219194441,0.7515470158464592,0.7284999219182732,0.673750169568669,0.21004932294847597,0.10716519400533342,0.05129095922943847,0.10716519400786112,0.2100493229494275,0.0,0.0,0.0,0.0,0.0,off,off,off,off,off
215.39999999998864,0.3,55.61999999998995,-2.266529798654176,0.6646211622369265,1.6165312058507197,0.6646211621611542,-2.2665297988939983,-6.293368030007173,-6.293368030094541,0.6737714168662623,0.7286291019604464,0.7516811151397063,0.7286291019592727,0.6737714168652004,0.21004932294847597,0.10688364917020042,0.05096180624803348,0.10688364917275125,0.2100493229494275,0.0,0.0,0.0,0.0,0.0,off,off,off,off,off
215.49999999998863,0.3,55.649999999989944,-2.257824126223454,0.6730275590676911,1.6248732401520556,0.6730275589916914,-2.257824126463447,-6.2845248119592725,-6.284524812047096,0.6737926563404144,0.7287593012257152,0.7518150030165219,0.7287593012245326,0.6737926563393516,0.21004932294847597,0.10659926224329071,0.050633075198646835,0.10659926224586422,0.2100493229494275,0.0,0.0,0.0,0.0,0.0,off,off,off,off,off
215.59999999998863,0.3,55.67999999998994,-2.249121280112945,0.6814288767652101,1.6332108353735748,0.6814288766857999,-2.249121280349641,-6.275682876128371,-6.275682876216592,0.673813887985906,0.72889050723225,0.7519486729616475,0.7288905072310494,0.6738138879848512,0.21004932294847597,0.10631206199456474,0.05030478611837917,0.10631206199716407,0.2100493229494275,0.0,0.0,0.0,0.0,0.0,off,off,off,off,off
215.69999999998862,0.3,55.70999999998993,-2.240421264059364,0.689825128407449,1.6415439972611239,0.6898251283341779,-2.240421264298732,-6.266842226695246,-6.266842226783979,0.6738351117970275,0.7290227074352917,0.7520821185395863,0.7290227074340982,0.6738351117959661,0.21004932294847597,0.10602207737717946,0.04997695885246644,0.10602207737980456,0.2100493229494275,0.0,0.0,0.0,0.0,0.0,off,off,off,off,off
215.79999999998861,0.3,55.73999999998993,-2.231724081578875,0.6982163274910249,1.6498727319459476,0.6982163274128652,-2.23172408182279,-6.2580028678391955,-6.258002867928326,0.6738563277685918,0.7291558892309611,0.7522153333947663,0.7291558892297468,0.6738563277675194,0.21004932294847597,0.10572933752266199,0.049649613052875234,0.10572933752530839,0.2100493229494275,0.0,0.0,0.0,0.0,0.0,off,off,off,off,off
215.8999999999886,0.3,55.76999999998992,-2.223029735952366,0.7066024878858457,1.6581970459600939,0.7066024878025132,-2.2230297361958833,-6.2491648037360505,-6.249164803825693,0.6738775358959687,0.7292900399587253,0.7523483112517948,0.7292900399574879,0.6738775358948973,0.21004932294847597,0.10543387173609224,0.04932276817695563,0.10543387173876559,0.2100493229494275,0.0,0.0,0.0,0.0,0.0,off,off,off,off,off
215.9999999999886,0.3,55.799999999989915,-2.2143382302368764,0.7149836238665443,1.6665169462191898,0.7149836237816771,-2.214338230481644,-6.240328038559198,-6.2403280386491815,0.6738987361750561,0.7294251469040562,0.7524810459155997,0.7294251469028044,0.6738987361739818,0.21004932294847597,0.10513570949129053,0.048996443486132704,0.10513570949399374,0.2100493229494275,0.0,0.0,0.0,0.0,0.0,off,off,off,off,off
216.0999999999886,0.3,55.82999999998991,-2.2056495672638903,0.7233597500913902,1.674832440017724,0.7233597500036808,-2.205649567509454,-6.231492576477251,-6.231492576567689,0.6739199286022872,0.7295611973009486,0.752613531271593,0.7295611972996794,0.6739199286012103,0.21004932294847597,0.10483488042598982,0.04867065804464862,0.10483488042872166,0.2100493229494275,0.0,0.0,0.0,0.0,0.0,off,off,off,off,off
216.1999999999886,0.3,55.8599999999899,-2.1969637496341647,0.731730881616329,1.6831435350239303,0.7317308815294155,-2.196963749883082,-6.222658421654899,-6.222658421745791,0.6739411131746398,0.7296981783344298,0.752745761285812,0.7296981783331525,0.6739411131735553,0.21004932294847597,0.10453141433700595,0.04834543071835808,0.10453141433976498,0.2100493229494275,0.0,0.0,0.0,0.0,0.0,off,off,off,off,off
216.2999999999886,0.3,55.8899999999899,-2.188280779736374,0.7400970338763955,1.6914502392871782,0.740097033788004,-2.188280779985803,-6.213825578251317,-6.213825578342664,0.6739622898895938,0.7298360771432687,0.7528777300050733,0.7298360771419777,0.6739622898885079,0.21004932294847597,0.10422534117539488,0.048020780173563045,0.10422534117818126,0.2100493229494275,0.0,0.0,0.0,0.0,0.0,off,off,off,off,off
216.39999999998858,0.3,55.91999999998989,-2.179600659728294,0.7484582226781527,1.6997525612227946,0.7484582225915233,-2.1796006599772113,-6.204994050420282,-6.204994050511857,0.6739834587451755,0.7299748808224417,0.7530094315570566,0.7299748808211449,0.6739834587440909,0.21004932294847597,0.10391669104163354,0.047696724875898835,0.10391669104444924,0.2100493229494275,0.0,0.0,0.0,0.0,0.0,off,off,off,off,off
216.49999999998857,0.3,55.949999999989885,-2.1709233915585173,0.7568144642150401,1.7080505096069487,0.7568144641296612,-2.1709233918031714,-6.196163842308579,-6.196163842400779,0.6740046197399043,0.7301145764255813,0.7531408601503893,0.7301145764242777,0.6740046197388305,0.21004932294847597,0.10360549418079205,0.047373283089263085,0.1036054941836348,0.2100493229494275,0.0,0.0,0.0,0.0,0.0,off,off,off,off,off
216.59999999998857,0.3,55.97999999998988,-2.162248976952867,0.7651657750419645,1.7163440935731273,0.765165774954653,-2.1622489771922915,-6.187334958057022,-6.187334958149506,0.6740257728728273,0.730255150967511,0.7532720100747244,0.7302551509661926,0.6740257728717668,0.21004932294847597,0.10329178097769538,0.04705047287479951,0.10329178098056563,0.2100493229494275,0.0,0.0,0.0,0.0,0.0,off,off,off,off,off
216.69999999998856,0.3,56.00999999998987,-2.153577417417921,0.7735121720889993,1.7246333226227648,0.7735121719974813,-2.153577417654674,-6.178507401797901,-6.178507401890727,0.6740469181435108,0.7303965914267925,0.7534028757008375,0.7303965914254527,0.6740469181424562,0.21004932294847597,0.10297558195210249,0.04672831208992005,0.10297558195500153,0.2100493229494275,0.0,0.0,0.0,0.0,0.0,off,off,off,off,off
216.79999999998856,0.3,56.03999999998987,-2.144908714248743,0.7818536726474576,1.7329182065955138,0.7818536725533818,-2.1449087144829377,-6.16968117765623,-6.169681177749283,0.6740680555520182,0.730538884748189,0.7535334514805974,0.7305388847468317,0.6740680555509705,0.21004932294847597,0.10265692775388013,0.046406818387375454,0.10265692775680856,0.2100493229494275,0.0,0.0,0.0,0.0,0.0,off,off,off,off,off
216.89999999998855,0.3,56.06999999998986,-2.1362428685297346,0.7901902943608548,1.7411987556860709,0.7901902942664378,-2.136242868760462,-6.160856289747528,-6.160856289841092,0.6740891850989134,0.7306820178451312,0.7536637319470468,0.7306820178437623,0.6740891850978734,0.21004932294847597,0.10233584915818326,0.04608600921437492,0.10233584916114324,0.2100493229494275,0.0,0.0,0.0,0.0,0.0,off,off,off,off,off
216.99999999998855,0.3,56.099999999989855,-2.127579881132249,0.7985220552398005,1.749474980424793,0.7985220551396424,-2.127579881366387,-6.152032742178903,-6.152032742272695,0.6741103067852622,0.7308259776022276,0.7537937117143705,0.7308259776008329,0.6741103067842137,0.21004932294847597,0.10201237706065035,0.04576590181174663,0.10201237706363964,0.2100493229494275,0.0,0.0,0.0,0.0,0.0,off,off,off,off,off
217.09999999998854,0.3,56.12999999998985,-2.1189197527236274,0.8068489736315883,1.757746891692193,0.8068489735340449,-2.1189197529587886,-6.143210539047061,-6.143210539141307,0.6741314206126119,0.7309707508776483,0.7539233854779338,0.73097075087625,0.6741314206115605,0.21004932294847597,0.10168654247257967,0.04544651321314947,0.10168654247560165,0.2100493229494275,0.0,0.0,0.0,0.0,0.0,off,off,off,off,off
217.19999999998853,0.3,56.15999999998984,-2.110262483750489,0.8151710682441831,1.7660145006873336,0.8151710681515851,-2.110262483992244,-6.134389684438645,-6.134389684533289,0.6741525265830327,0.7311163245056322,0.7540527480141882,0.7311163245042371,0.6741525265819651,0.21004932294847597,0.10135837651614994,0.04512786024432344,0.10135837651919938,0.2100493229494275,0.0,0.0,0.0,0.0,0.0,off,off,off,off,off
217.29999999998853,0.3,56.18999999998984,-2.1016080744735177,0.8234883581183681,1.7742778189564774,0.8234883580244627,-2.1016080747157275,-6.125570182429215,-6.125570182524427,0.6741736246990312,0.7312626852988438,0.7541817941807188,0.7312626852974349,0.6741736246979632,0.21004932294847597,0.10102791041961254,0.04480995952239227,0.10102791042269033,0.2100493229494275,0.0,0.0,0.0,0.0,0.0,off,off,off,off,off
217.39999999998852,0.3,56.21999999998983,-2.0929565249293773,0.8318008626345659,1.7825368583610839,0.8318008625403195,-2.092956525170962,-6.116752037083415,-6.116752037178969,0.6741947149636468,0.7314098200508032,0.7543105189161123,0.7314098200493832,0.67419471496258,0.21004932294847597,0.10069517551252333,0.044492827455203054,0.10069517551562884,0.2100493229494275,0.0,0.0,0.0,0.0,0.0,off,off,off,off,off
217.49999999998852,0.3,56.249999999989825,-2.0843078349610664,0.840108601504312,1.7907916310877,0.8401086014136467,-2.0843078351956024,-6.107935252453046,-6.107935252549225,0.6742157973803722,0.7315577155382644,0.7544389172399278,0.7315577155368453,0.674215797379323,0.21004932294847597,0.10036020322096381,0.044176480240715556,0.1003602032240934,0.2100493229494275,0.0,0.0,0.0,0.0,0.0,off,off,off,off,off
217.5999999999885,0.3,56.27999999998982,-2.075662004206947,0.8484115947723012,1.7990421496422755,0.8484115946766906,-2.0756620044434726,-6.09911983257831,-6.09911983267483,0.674236871953186,0.7317063585236013,0.7545669842526047,0.7317063585221603,0.6742368719521316,0.21004932294847597,0.10002302506277802,0.043860933866434824,0.10002302506593286,0.2100493229494275,0.0,0.0,0.0,0.0,0.0,off,off,off,off,off
217.6999999999885,0.3,56.30999999998981,-2.0670190321082487,0.8567098627967198,1.8072884268480038,0.8567098627052019,-2.0670190323467637,-6.0903057814857675,-6.0903057815826855,0.67425793868653,0.7318557357571148,0.7546947151353707,0.7318557357556758,0.6742579386854711,0.21004932294847597,0.09968367264283602,0.04354620410888407,0.09968367264601648,0.2100493229494275,0.0,0.0,0.0,0.0,0.0,off,off,off,off,off
217.7999999999885,0.3,56.33999999998981,-2.0583789179133873,0.8650034262621489,1.8155304758334978,0.865003426170972,-2.058378918147639,-6.08149310318862,-6.081493103285936,0.6742789975853016,0.7320058339794151,0.7548221051501057,0.7320058339779683,0.6742789975842532,0.21004932294847597,0.09934217764828977,0.04323230653312429,0.09934217765149313,0.2100493229494275,0.0,0.0,0.0,0.0,0.0,off,off,off,off,off
217.8999999999885,0.3,56.3699999999898,-2.0497416606536376,0.8732923061656379,1.8237683100340405,0.8732923060696294,-2.0497416608949948,-6.072681801686144,-6.0726818017837445,0.6743000486549118,0.7321566399237075,0.7549491496392294,0.732156639922239,0.6743000486538459,0.21004932294847597,0.09899857184385666,0.042919256492318245,0.09899857184708612,0.2100493229494275,0.0,0.0,0.0,0.0,0.0,off,off,off,off,off
217.9999999999885,0.3,56.399999999989795,-2.041107259188948,0.8815765238061317,1.8320019431861283,0.881576523708361,-2.0411072594353072,-6.0638718809629495,-6.063871881060891,0.6743210919011741,0.7323081403180739,0.7550758440255517,0.7323081403165912,0.6743210919000958,0.21004932294847597,0.09865288706711718,0.04260706912733422,0.09865288707037388,0.2100493229494275,0.0,0.0,0.0,0.0,0.0,off,off,off,off,off
218.09999999998848,0.3,56.42999999998979,-2.032475712177586,0.8898561007956118,1.8402313893294036,0.8898561006974433,-2.032475712425935,-6.055063344988525,-6.0550633450868645,0.6743421273303773,0.7324603218877876,0.7552021838121392,0.7324603218862943,0.6743421273292938,0.21004932294847597,0.09830515522381363,0.04229575936639039,0.09830515522709986,0.2100493229494275,0.0,0.0,0.0,0.0,0.0,off,off,off,off,off
218.19999999998848,0.3,56.45999999998978,-2.0238470180878494,0.898131059042214,1.8484566627947743,0.898131058939839,-2.0238470183378467,-6.046256197716787,-6.046256197815694,0.674363154949259,0.7326131713575363,0.7553281645821204,0.7326131713560214,0.6743631549481717,0.21004932294847597,0.09795540828318901,0.04198534192474538,0.09795540828650445,0.2100493229494275,0.0,0.0,0.0,0.0,0.0,off,off,off,off,off
218.29999999998847,0.3,56.48999999998978,-2.01522117518806,0.9064014207414743,1.8566777782019699,0.9064014206362003,-2.015221175444708,-6.037450443086129,-6.037450443185435,0.6743841747650287,0.7327666754536434,0.7554537819985072,0.7327666754521104,0.6743841747639248,0.21004932294847597,0.0976036782733218,0.04167583130443044,0.09760367827666885,0.2100493229494275,0.0,0.0,0.0,0.0,0.0,off,off,off,off,off
218.39999999998847,0.3,56.51999999998977,-2.006598181573338,0.9146672083828662,1.8648947504584612,0.9146672082770237,-2.0065981818330556,-6.028646085017726,-6.028646085117487,0.6744051867853025,0.73292082090631,0.7555790318039899,0.7329208209047648,0.6744051867841917,0.21004932294847597,0.09724999727649662,0.04136724179401957,0.09724999727987421,0.2100493229494275,0.0,0.0,0.0,0.0,0.0,off,off,off,off,off
218.49999999998846,0.3,56.549999999989765,-1.9979780351458203,0.9229284447418422,1.8731075947544582,0.922928444636625,-1.9979780354061063,-6.0198431274163795,-6.019843127516481,0.6744261910181526,0.7330755944518007,0.7557039098207148,0.7330755944502471,0.6744261910170399,0.21004932294847597,0.09689439742457603,0.0410595874684423,0.09689439742798324,0.2100493229494275,0.0,0.0,0.0,0.0,0.0,off,off,off,off,off
218.59999999998846,0.3,56.57999999998976,-1.9893607336207424,0.9311851528740362,1.881316326557851,0.9311851527657495,-1.9893607338807442,-6.011041574168814,-6.0110415742693135,0.6744471874720911,0.7332309828346056,0.7558284119502149,0.7332309828330333,0.6744471874709796,0.21004932294847597,0.09653691089440648,0.04075288218883732,0.09653691089784264,0.2100493229494275,0.0,0.0,0.0,0.0,0.0,off,off,off,off,off
218.69999999998845,0.3,56.60999999998975,-1.9807462745315547,0.9394373560995746,1.889520961613016,0.9394373559860014,-1.9807462747926934,-6.002241429144476,-6.00224142924543,0.6744681761560584,0.7333869728095604,0.755952534172987,0.7333869728079631,0.6744681761549444,0.21004932294847597,0.09617756990323516,0.04044713960244632,0.09617756990670376,0.2100493229494275,0.0,0.0,0.0,0.0,0.0,off,off,off,off,off
218.79999999998844,0.3,56.63999999998975,-1.9721346552287287,0.9476850780172867,1.8977215159317211,0.9476850778996209,-1.9721346554944716,-5.993442696193881,-5.9934426962954035,0.6744891570794262,0.7335435511440196,0.7560762725483097,0.7335435511423999,0.6744891570783007,0.21004932294847597,0.09581640670416,0.040142373142546414,0.09581640670766352,0.2100493229494275,0.0,0.0,0.0,0.0,0.0,off,off,off,off,off
218.89999999998844,0.3,56.66999999998974,-1.9635258728875442,0.9559283424742375,1.9059180057951153,0.9559283423614033,-1.9635258731539693,-5.984645379149242,-5.984645379251219,0.6745101302519777,0.7337007046198872,0.7561996232139981,0.7337007046182686,0.6745101302508505,0.21004932294847597,0.09545345358159209,0.039838596028424524,0.09545345358512952,0.2100493229494275,0.0,0.0,0.0,0.0,0.0,off,off,off,off,off
218.99999999998843,0.3,56.699999999989735,-1.9549199245057594,0.9641671736033572,1.9141104477427575,0.9641671734821671,-1.9549199247666706,-5.975849481823218,-5.975849481925707,0.674531095683914,0.7338584200358078,0.7563225823861183,0.7338584200341559,0.6745310956828008,0.21004932294847597,0.09508874284674465,0.039535821265387315,0.0950887428503135,0.2100493229494275,0.0,0.0,0.0,0.0,0.0,off,off,off,off,off
219.09999999998843,0.3,56.72999999998973,-1.9463168068961068,0.9724015957571055,1.922298858576255,0.9724015956412586,-1.9463168071619066,-5.967055008008856,-5.967055008111743,0.6745520533858732,0.7340166842090587,0.7564451463587262,0.7340166842074091,0.674552053384748,0.21004932294847597,0.09472230683313154,0.039234061644813537,0.09472230683673544,0.2100493229494275,0.0,0.0,0.0,0.0,0.0,off,off,off,off,off
219.19999999998842,0.3,56.759999999989724,-1.9377165167071553,0.9806316335606766,1.9304832553509073,0.9806316334481835,-1.9377165169664181,-5.958261961478911,-5.958261961582366,0.6745730033688783,0.7341754839777285,0.7565673115035693,0.734175483976078,0.6745730033677692,0.21004932294847597,0.09435417789212784,0.03893332974424028,0.09435417789575924,0.2100493229494275,0.0,0.0,0.0,0.0,0.0,off,off,off,off,off
219.29999999998842,0.3,56.78999999998972,-1.9291190504081328,0.9888573118754493,1.9386636553741141,0.9888573117639226,-1.9291190506697262,-5.949470345985958,-5.949470346089811,0.6745939456443742,0.7343348062026388,0.7566890742697845,0.7343348062009828,0.674593945643259,0.21004932294847597,0.09398438838850978,0.03863363792749031,0.0939843883921664,0.2100493229494275,0.0,0.0,0.0,0.0,0.0,off,off,off,off,off
219.3999999999884,0.3,56.81999999998971,-1.9205244043044445,0.9970786557975657,1.946840076198157,0.9970786556866074,-1.9205244045639347,-5.940680165261313,-5.940680165365393,0.6746148802241908,0.7344946377693369,0.7568104311835814,0.7344946377676737,0.6746148802230806,0.21004932294847597,0.09361297069604815,0.038334998344834045,0.09361297069972913,0.2100493229494275,0.0,0.0,0.0,0.0,0.0,off,off,off,off,off
219.4999999999884,0.3,56.849999999989706,-1.911932574523746,1.0052956906527015,1.9550125356195167,1.0052956905401516,-1.9119325747805647,-5.931891423014633,-5.931891423119225,0.6746358071205772,0.7346549655900424,0.756931378847927,0.7346549655883665,0.6746358071194737,0.21004932294847597,0.0932399571931239,0.038037422933191734,0.09323995719683044,0.2100493229494275,0.0,0.0,0.0,0.0,0.0,off,off,off,off,off
219.5999999999884,0.3,56.8799999999897,-1.9033435570267443,1.013508441995782,1.963181051673189,1.0135084418874953,-1.903343557288224,-5.9231041229345465,-5.923104123039536,0.6746567263461744,0.7348157766055937,0.7570519139422055,0.7348157766039202,0.6746567263450596,0.21004932294847597,0.09286538025837045,0.03774092341636927,0.09286538026210249,0.2100493229494275,0.0,0.0,0.0,0.0,0.0,off,off,off,off,off
219.6999999999884,0.3,56.909999999989694,-1.8947573476187358,1.0217169356103,1.9713456426274547,1.0217169354995121,-1.8947573478821482,-5.914318268686827,-5.914318268792215,0.6746776379139876,0.7349770577873587,0.7571720332218741,0.7349770577856708,0.6746776379128681,0.21004932294847597,0.09248927226633918,0.03744551130533117,0.09248927227009378,0.2100493229494275,0.0,0.0,0.0,0.0,0.0,off,off,off,off,off
219.7999999999884,0.3,56.93999999998969,-1.8861739419289165,1.0299211974883065,1.9795063269864954,1.029921197377007,-1.8861739421947732,-5.9055338639148545,-5.90553386402064,0.6746985418374372,0.7351387961390777,0.7572917335181246,0.7351387961373796,0.6746985418363117,0.21004932294847597,0.09211166558319044,0.037151197898508695,0.09211166558697055,0.2100493229494275,0.0,0.0,0.0,0.0,0.0,off,off,off,off,off
219.89999999998838,0.3,56.96999999998968,-1.8775933354356766,1.038121253836266,1.9876631234780575,1.038121253723375,-1.8775933357022723,-5.89675091223927,-5.8967509123453965,0.6747194381302964,0.7353009786987381,0.7574110117375007,0.7353009786970278,0.6747194381291691,0.21004932294847597,0.09173259256242858,0.03685799428214374,0.09173259256623419,0.2100493229494275,0.0,0.0,0.0,0.0,0.0,off,off,off,off,off
219.99999999998838,0.3,56.999999999989676,-1.8690155234500025,1.0463171310519783,1.995816051055499,1.046317130951877,-1.869015523717394,-5.887969417256954,-5.887969417363536,0.6747403268067328,0.7354635925403534,0.75752986486154,0.7354635925386703,0.6747403268056031,0.21004932294847597,0.09135208554065778,0.036565911330666494,0.09135208554448339,0.2100493229494275,0.0,0.0,0.0,0.0,0.0,off,off,off,off,off
220.09999999998837,0.3,57.02999999998967,-1.860440501127755,1.0545088557679492,2.003965128886989,1.054508855664892,-1.8604405013948622,-5.879189382541597,-5.879189382648349,0.6747612078812764,0.7356266247758904,0.7576482899463752,0.7356266247741929,0.6747612078801476,0.21004932294847597,0.09097017683336188,0.03627495970710836,0.09097017683720485,0.2100493229494275,0.0,0.0,0.0,0.0,0.0,off,off,off,off,off
220.19999999998836,0.3,57.059999999989664,-1.8518682634619381,1.0626964547837474,2.0121103763609653,1.0626964546792124,-1.8518682637341612,-5.870410811641932,-5.8704108117491955,0.6747820813688415,0.7357900625568747,0.7577662841223677,0.7357900625551664,0.6747820813677002,0.21004932294847597,0.0905868987307201,0.03598514986354812,0.09058689873458353,0.2100493229494275,0.0,0.0,0.0,0.0,0.0,off,off,off,off,off
220.29999999998836,0.3,57.08999999998966,-1.8432988053023678,1.0708799550935737,2.0202518130748786,1.0708799549865944,-1.8432988055784563,-5.8616337080831045,-5.861633708190766,0.6748029472846765,0.7359538930762217,0.7578838445936905,0.7359538930745005,0.6748029472835256,0.21004932294847597,0.09020228349346208,0.03569649204159068,0.09020228349734596,0.2100493229494275,0.0,0.0,0.0,0.0,0.0,off,off,off,off,off
220.39999999998835,0.3,57.11999999998965,-1.8347321213418013,1.0790593838843847,2.028389458836841,1.079059383777917,-1.8347321216141381,-5.8528580753649635,-5.8528580754731365,0.6748238056443979,0.7361181035699629,0.7580009686379334,0.7361181035682354,0.674823805643257,0.21004932294847597,0.08981636334874618,0.03540899627288071,0.08981636335265376,0.2100493229494275,0.0,0.0,0.0,0.0,0.0,off,off,off,off,off
220.49999999998835,0.3,57.149999999989646,-1.8261682061120723,1.0872347685219097,2.0365233336543724,1.0872347684119745,-1.8261682063905482,-5.844083916962347,-5.844083917070975,0.6748446564640026,0.7362826813189117,0.7581176536056708,0.7362826813171681,0.6748446564628464,0.21004932294847597,0.08942917048607095,0.035122672379645815,0.08942917049000093,0.2100493229494275,0.0,0.0,0.0,0.0,0.0,off,off,off,off,off
220.59999999998834,0.3,57.17999999998964,-1.817607054011205,1.0954061365398502,2.0446534577418447,1.0954061364287213,-1.817607054291102,-5.835311236324571,-5.835311236433654,0.6748654997597974,0.7364476136503135,0.758233896920066,0.7364476136485596,0.6748654997586376,0.21004932294847597,0.08904073705322225,0.03483752997527396,0.0890407370571746,0.2100493229494275,0.0,0.0,0.0,0.0,0.0,off,off,off,off,off
220.69999999998834,0.3,57.209999999989634,-1.8090486592816433,1.1035735156436886,2.0527798514993947,1.1035735155314228,-1.8090486595633593,-5.826540036874917,-5.826540036984568,0.6748863355484551,0.736612887939503,0.758349696076393,0.7366128879377385,0.6748863355472906,0.21004932294847597,0.08865109515225324,0.034553578464921304,0.08865109515622786,0.2100493229494275,0.0,0.0,0.0,0.0,0.0,off,off,off,off,off
220.79999999998833,0.3,57.23999999998963,-1.8004930160144,1.1117369337080163,2.060902535532364,1.1117369335947842,-1.800493016304813,-5.817770322010972,-5.817770322121078,0.674907163847004,0.7367784916115182,0.7584650486416624,0.7367784916097441,0.6749071638458181,0.21004932294847597,0.08826027683550071,0.03427082704615139,0.08826027683949847,0.2100493229494275,0.0,0.0,0.0,0.0,0.0,off,off,off,off,off
220.89999999998832,0.3,57.26999999998962,-1.7919401181816852,1.1198964187574347,2.0690215306221944,1.1198964186451121,-1.791940118473633,-5.809002095103267,-5.809002095213771,0.6749279846727468,0.7369444121426446,0.7585799522541032,0.7369444121408663,0.6749279846715577,0.21004932294847597,0.08786831410163402,0.033989284709603614,0.08786831410565331,0.2100493229494275,0.0,0.0,0.0,0.0,0.0,off,off,off,off,off
220.99999999998832,0.3,57.299999999989616,-1.783389959584781,1.1280519989802542,2.077136857740868,1.128051998868159,-1.78338995987491,-5.800235359495616,-5.8002353596065745,0.6749487980433921,0.7371106370620181,0.7586944046227628,0.7371106370602333,0.6749487980422076,0.21004932294847597,0.08747523889173767,0.0337089602396959,0.08747523889577802,0.2100493229494275,0.0,0.0,0.0,0.0,0.0,off,off,off,off,off
221.0999999999883,0.3,57.32999999998961,-1.7748425339004825,1.1362037027094516,2.0852485380421513,1.1362037025942868,-1.7748425341936809,-5.791470118504947,-5.791470118616303,0.6749696039769348,0.7372771539531123,0.7588084035270286,0.7372771539513123,0.6749696039757429,0.21004932294847597,0.08708108308542957,0.03342986221534897,0.08708108308949164,0.2100493229494275,0.0,0.0,0.0,0.0,0.0,off,off,off,off,off
221.1999999999883,0.3,57.359999999989604,-1.7662978346672276,1.1443515584167585,2.0933565928539224,1.1443515583038106,-1.7662978349632112,-5.782706375420332,-5.782706375532314,0.6749904024916964,0.7374439504552319,0.758921946816152,0.7374439504534311,0.6749904024904974,0.21004932294847597,0.08668587849702233,0.03315199901074778,0.08668587850110525,0.2100493229494275,0.0,0.0,0.0,0.0,0.0,off,off,off,off,off
221.2999999999883,0.3,57.3899999999896,-1.7577558552861205,1.152495594723689,2.1014610436691896,1.1524955946105706,-1.7577558555812516,-5.773944133503676,-5.773944133616055,0.6750111936063165,0.7376110142650264,0.7590350324087599,0.7376110142632188,0.6750111936051194,0.21004932294847597,0.08628965687171194,0.0328753787961286,0.08628965687581465,0.2100493229494275,0.0,0.0,0.0,0.0,0.0,off,off,off,off,off
221.3999999999883,0.3,57.41999999998959,-1.7492165890259344,1.16063584037056,2.109561912170534,1.1606358402604542,-1.7492165893220886,-5.765183395988288,-5.7651833961009515,0.6750319773397458,0.7377783331378608,0.7591476582924517,0.7377783331360559,0.6750319773385466,0.21004932294847597,0.08589244988181148,0.032600009538591095,0.08589244988593188,0.2100493229494275,0.0,0.0,0.0,0.0,0.0,off,off,off,off,off
221.4999999999883,0.3,57.449999999989586,-1.7406800290237925,1.1687723242411039,2.117659220184464,1.1687723241283834,-1.7406800293201172,-5.756424166079341,-5.756424166192403,0.6750527537112426,0.7379458948893062,0.7592598225231967,0.7379458948874891,0.675052753710043,0.21004932294847597,0.08549428912301865,0.03232589900294186,0.08549428912715547,0.2100493229494275,0.0,0.0,0.0,0.0,0.0,off,off,off,off,off
221.59999999998828,0.3,57.47999999998958,-1.7321461682810764,1.176905075333309,2.125752989705859,1.1769050752147905,-1.732146168578879,-5.74766644695336,-5.747666447066933,0.675073522740381,0.738113687396465,0.7593715232249192,0.7381136873946252,0.675073522739178,0.21004932294847597,0.08509520611071199,0.032053054752564925,0.08509520611486988,0.2100493229494275,0.0,0.0,0.0,0.0,0.0,off,off,off,off,off
221.69999999998828,0.3,57.509999999989574,-1.7236149996762151,1.185034122758509,2.1338432428975125,1.1850341226414685,-1.7236149999755526,-5.738910241757935,-5.738910241872077,0.6750942844470229,0.7382816985993317,0.75948275858901,0.7382816985974899,0.6750942844458164,0.21004932294847597,0.08469523227631169,0.03178148415031635,0.08469523228049058,0.2100493229494275,0.0,0.0,0.0,0.0,0.0,off,off,off,off,off
221.79999999998827,0.3,57.53999999998957,-1.7150865159626392,1.193159495753548,2.141930002060633,1.1931594956322442,-1.7150865162615787,-5.730155553611667,-5.73015555372632,0.6751150388513213,0.7384499165021717,0.7595935268737486,0.7384499165003124,0.6751150388501155,0.21004932294847597,0.0842943989636529,0.03151119435944504,0.08429439896785292,0.2100493229494275,0.0,0.0,0.0,0.0,0.0,off,off,off,off,off
221.89999999998827,0.3,57.56999999998956,-1.7065607097687803,1.2012812236542345,2.1500132896545665,1.2012812235327033,-1.7065607100661282,-5.7214023856035965,-5.721402385718818,0.6751357859737201,0.7386183291747666,0.7597038264038631,0.7386183291728988,0.6751357859725181,0.21004932294847597,0.08389273742540483,0.031242192344543722,0.08389273742962755,0.2100493229494275,0.0,0.0,0.0,0.0,0.0,off,off,off,off,off
221.99999999998826,0.3,57.599999999989556,-1.698037573599379,1.2093993359042088,2.1580931282803704,1.209399335782166,-1.698037573895931,-5.712650740793038,-5.7126507409088845,0.6751565258349521,0.738786924753717,0.7598136555699754,0.7387869247518418,0.6751565258337522,0.21004932294847597,0.08349027881953822,0.03097448487252016,0.08349027882378285,0.2100493229494275,0.0,0.0,0.0,0.0,0.0,off,off,off,off,off
222.09999999998826,0.3,57.62999999998955,-1.6895170998367917,1.217513862040846,2.1661695406831427,1.2175138619223844,-1.6895171001359586,-5.7039006222096305,-5.703900622326046,0.6751772584560347,0.738955691443669,0.7599230128280994,0.7389556914417975,0.6751772584548281,0.21004932294847597,0.08308705420582635,0.030708078513595607,0.08308705421008875,0.2100493229494275,0.0,0.0,0.0,0.0,0.0,off,off,off,off,off
222.19999999998825,0.3,57.659999999989545,-1.6809992807528715,1.2256248317040104,2.174242549752705,1.225624831585833,-1.6809992810493668,-5.695152032852548,-5.695152032969418,0.6751979838582419,0.7391246175185657,0.7600318966991301,0.7391246175166898,0.6751979838570422,0.21004932294847597,0.08268309454237949,0.030442979642324598,0.08268309454665841,0.2100493229494275,0.0,0.0,0.0,0.0,0.0,off,off,off,off,off
222.29999999998824,0.3,57.68999999998954,-1.6724841084956665,1.233732274609963,2.1823121785014905,1.2337322744888866,-1.6724841087907407,-5.686404975690493,-5.686404975807875,0.6752187020631367,0.7392936913227781,0.7601403057682621,0.7392936913208888,0.6752187020619408,0.21004932294847597,0.08227843068223613,0.03017919443864128,0.08227843068653228,0.2100493229494275,0.0,0.0,0.0,0.0,0.0,off,off,off,off,off
222.39999999998824,0.3,57.71999999998953,-1.6639715750982305,1.2418362205676203,2.190378450081141,1.2418362204458617,-1.6639715753972837,-5.677659453661818,-5.677659453779597,0.6752394130925501,0.7394629012723232,0.7602482386845112,0.739462901270427,0.6752394130913437,0.21004932294847597,0.08187309336998103,0.0299167288889289,0.08187309337429456,0.2100493229494275,0.0,0.0,0.0,0.0,0.0,off,off,off,off,off
222.49999999998823,0.3,57.74999999998953,-1.6554616724892526,1.2499366994600223,2.198441387768412,1.2499366993346825,-1.655461672792569,-5.668915469673777,-5.6689154697920685,0.6752601169685525,0.7396322358559636,0.7603556941601478,0.7396322358540524,0.6752601169673361,0.21004932294847597,0.08146711323840967,0.029655588787109916,0.08146711324274283,0.2100493229494275,0.0,0.0,0.0,0.0,0.0,off,off,off,off,off
222.59999999998823,0.3,57.77999999998952,-1.646954392484588,1.2580337412451286,2.2065010149684667,1.258033741118993,-1.6469543927838117,-5.6601730266025925,-5.660173026721338,0.6752808137134787,0.7398016836363229,0.7604626709701741,0.739801683634404,0.6752808137122722,0.21004932294847597,0.08106052080523828,0.029395779735758857,0.08106052080959156,0.2100493229494275,0.0,0.0,0.0,0.0,0.0,off,off,off,off,off
222.69999999998822,0.3,57.809999999989515,-1.638449726786007,1.266127375955591,2.214557355192767,1.2661273758307061,-1.6384497270848328,-5.6514321272931625,-5.651432127412249,0.6753015033499274,0.7399712332509812,0.7605691679517276,0.7399712332490591,0.6753015033487221,0.21004932294847597,0.08065334646984483,0.0291373071472382,0.08065334647421761,0.2100493229494275,0.0,0.0,0.0,0.0,0.0,off,off,off,off,off
222.79999999998822,0.3,57.83999999998951,-1.6299476669915975,1.274217633681701,2.2226104320795343,1.274217633554656,-1.6299476672875244,-5.642692774558668,-5.64269277467821,0.6753221859007386,0.7401408734134902,0.760675184003594,0.7401408734115573,0.6753221858995401,0.21004932294847597,0.0802456205100603,0.028880176244856698,0.08024562051445013,0.2100493229494275,0.0,0.0,0.0,0.0,0.0,off,off,off,off,off
222.8999999999882,0.3,57.8699999999895,-1.6214482045952536,1.282304544570252,2.2306602693764717,1.2823045444449122,-1.62144820489533,-5.6339549711809696,-5.633954971300966,0.6753428613889924,0.740310592914406,0.7607807180856203,0.7403105929124727,0.6753428613877839,0.21004932294847597,0.07983737307900478,0.028624392064043123,0.07983737308341236,0.2100493229494275,0.0,0.0,0.0,0.0,0.0,off,off,off,off,off
222.9999999999882,0.3,57.8999999999895,-1.6129513309909385,1.2903881388343734,2.238706890939852,1.2903881387138085,-1.612951331293516,-5.62521871990964,-5.625218720030148,0.6753635298380011,0.7404803806223247,0.7608857692181625,0.7404803806203997,0.6753635298367863,0.21004932294847597,0.07942863420196183,0.028369959453545097,0.07942863420638306,0.2100493229494275,0.0,0.0,0.0,0.0,0.0,off,off,off,off,off
223.0999999999882,0.3,57.92999999998949,-1.6044570374702403,1.298468446732329,2.2467503207296318,1.2984684466117073,-1.6044570377736136,-5.616484023462306,-5.616484023583382,0.6753841912713128,0.7406502254848065,0.7609903364815204,0.7406502254828778,0.675384191270096,0.21004932294847597,0.07901943377328716,0.028116883076645695,0.07901943377772154,0.2100493229494275,0.0,0.0,0.0,0.0,0.0,off,off,off,off,off
223.1999999999882,0.3,57.959999999989485,-1.595965315223907,1.306545498571836,2.2547905828104717,1.306545498450987,-1.5959653155278488,-5.607750884524307,-5.607750884645839,0.6754048457127099,0.7408201165293444,0.7610944190153911,0.7408201165274113,0.6754048457114918,0.21004932294847597,0.0786098015533757,0.02786516741240013,0.07860980155782266,0.2100493229494275,0.0,0.0,0.0,0.0,0.0,off,off,off,off,off
223.2999999999882,0.3,57.98999999998948,-1.5874761553491794,1.3146193246922167,2.2628277013398588,1.3146193245719928,-1.5874761556522117,-5.5990193057484134,-5.599019305870513,0.6754254931861905,0.7409900428642382,0.7611980160182751,0.7409900428623032,0.6754254931849745,0.21004932294847597,0.07819976716566454,0.027614816756889603,0.07819976717012371,0.2100493229494275,0.0,0.0,0.0,0.0,0.0,off,off,off,off,off
223.39999999998818,0.3,58.01999999998947,-1.5789895488450156,1.3226899554794045,2.2708617005721408,1.3226899553549174,-1.5789895491467405,-5.590289289754935,-5.590289289877489,0.6754461337159787,0.7411599936795408,0.76130112674693,0.7411599936775903,0.6754461337147663,0.21004932294847597,0.07778936009368027,0.02736583522449609,0.07778936009815378,0.2100493229494275,0.0,0.0,0.0,0.0,0.0,off,off,off,off,off
223.49999999998818,0.3,58.04999999998947,-1.5705054866168666,1.330757421348153,2.278892604850398,1.3307574212206532,-1.5705054869222863,-5.581560839131157,-5.581560839254166,0.6754667673265166,0.7413299582478797,0.7614037505157858,0.7413299582459162,0.6754667673252949,0.21004932294847597,0.0773786096781273,0.027118226749193477,0.07737860968261881,0.2100493229494275,0.0,0.0,0.0,0.0,0.0,off,off,off,off,off
223.59999999998817,0.3,58.07999999998946,-1.5620239594890108,1.3388217527362372,2.286920438607524,1.3388217526078279,-1.5620239597955674,-5.572833956431452,-5.572833956554973,0.675487394042429,0.741499925925291,0.7615058866963825,0.7414999259233203,0.6754873940412045,0.21004932294847597,0.07696754511402941,0.026871995085853983,0.07696754511853746,0.2100493229494275,0.0,0.0,0.0,0.0,0.0,off,off,off,off,off
223.69999999998817,0.3,58.109999999989455,-1.5535449581856824,1.3468829801152538,2.2949452263547414,1.3468829799871855,-1.5535449584920684,-5.564108644177054,-5.564108644301143,0.6755080138885748,0.7416698861520692,0.7616075347167724,0.7416698861500949,0.6755080138873506,0.21004932294847597,0.07655619544789768,0.026627143811575632,0.07655619545242182,0.2100493229494275,0.0,0.0,0.0,0.0,0.0,off,off,off,off,off
223.79999999998816,0.3,58.13999999998945,-1.5450684733460776,1.3549411339702147,2.3029669926855263,1.3549411338414643,-1.5450684736558742,-5.555384904855941,-5.555384904980599,0.6755286268900071,0.7418398284535078,0.7617086940609609,0.7418398284515282,0.6755286268887752,0.21004932294847597,0.07614458957495912,0.026383676327023115,0.07614458957949666,0.2100493229494275,0.0,0.0,0.0,0.0,0.0,off,off,off,off,off
223.89999999998815,0.3,58.16999999998944,-1.5365944955305508,1.3629962448038668,2.3109857622669665,1.3629962446732407,-1.5365944958409727,-5.546662740922727,-5.546662741047896,0.6755492330719602,0.7420097424406785,0.7618093642683123,0.7420097424386891,0.6755492330707262,0.21004932294847597,0.07573275623642049,0.02614159585778504,0.07573275624097346,0.2100493229494275,0.0,0.0,0.0,0.0,0.0,off,off,off,off,off
223.99999999998815,0.3,58.19999999998944,-1.5281230152079956,1.3710483431283365,2.319001559842718,1.3710483429892975,-1.5281230155219419,-5.537942154798486,-5.537942154924053,0.6755698324598772,0.742179617811152,0.7619095449329817,0.7421796178091356,0.675569832458635,0.21004932294847597,0.07532072401678318,0.025900905455747542,0.0753207240213523,0.2100493229494275,0.0,0.0,0.0,0.0,0.0,off,off,off,off,off
224.09999999998814,0.3,58.22999999998943,-1.519654022778525,1.379097459453476,2.3270144102201016,1.379097459317336,-1.5196540230892879,-5.529223148870415,-5.529223148996493,0.6755904250793595,0.7423494443496829,0.762009235703309,0.7423494443476696,0.675590425078125,0.21004932294847597,0.07490852134119932,0.025661608000482054,0.07490852134578636,0.2100493229494275,0.0,0.0,0.0,0.0,0.0,off,off,off,off,off
224.19999999998814,0.3,58.259999999989425,-1.5111875085460156,1.3871436243064181,2.3350243382726035,1.3871436241703918,-1.511187508858427,-5.520505725491887,-5.520505725618591,0.6756110109562301,0.7425192119289565,0.7621084362812466,0.7425192119269385,0.6756110109549918,0.21004932294847597,0.07449617647286931,0.02542370620064728,0.07449617647747261,0.2100493229494275,0.0,0.0,0.0,0.0,0.0,off,off,off,off,off
224.29999999998813,0.3,58.28999999998942,-1.5027234627478379,1.3951868682045756,2.343031368943798,1.3951868680649682,-1.502723463063603,-5.511789886982797,-5.511789887110012,0.6756315901164628,0.7426889105101792,0.7622071464217918,0.7426889105081474,0.6756315901152157,0.21004932294847597,0.07408371751049077,0.025187202595406473,0.0740837175151094,0.2100493229494275,0.0,0.0,0.0,0.0,0.0,off,off,off,off,off
224.39999999998813,0.3,58.31999999998941,-1.4942618755488297,1.4032272216569481,2.3510355272278503,1.4032272215160333,-1.494261875862378,-5.50307563562842,-5.503075635756147,0.6756521625861958,0.7428585301437268,0.7623053659323539,0.7428585301416868,0.6756521625849544,0.21004932294847597,0.07367117238574582,0.024952099555854864,0.07367117239038182,0.2100493229494275,0.0,0.0,0.0,0.0,0.0,off,off,off,off,off
224.49999999998812,0.3,58.34999999998941,-1.4858027370326568,1.4112647151662827,2.3590368381703115,1.4112647150309385,-1.4858027373479104,-5.494362973680097,-5.4943629738085065,0.6756727283917546,0.7430280609697637,0.7624030946721772,0.7430280609677345,0.6756727283905086,0.21004932294847597,0.07325856886083953,0.024718399286466713,0.07325856886548976,0.2100493229494275,0.0,0.0,0.0,0.0,0.0,off,off,off,off,off
224.5999999999881,0.3,58.3799999999894,-1.477346037210964,1.4192993792213429,2.3670353268728945,1.4192993790886135,-1.477346037528548,-5.485651903355176,-5.485651903483927,0.6756932875596274,0.7431974932188159,0.7625003325517702,0.7431974932167911,0.6756932875583758,0.21004932294847597,0.07284593452607856,0.024486103826549175,0.07284593453074005,0.2100493229494275,0.0,0.0,0.0,0.0,0.0,off,off,off,off,off
224.6999999999881,0.3,58.409999999989395,-1.4688917660313336,1.427331244294976,2.37503101848921,1.4273312441623602,-1.4688917663515895,-5.476942426836217,-5.476942426965422,0.6757138401164485,0.7433668172123344,0.7625970795323127,0.7433668172103067,0.675713840115191,0.21004932294847597,0.07243329679749483,0.024255215051709942,0.07243329680216741,0.2100493229494275,0.0,0.0,0.0,0.0,0.0,off,off,off,off,off
224.7999999999881,0.3,58.43999999998939,-1.4604399133751258,1.4353603408305844,2.383023938210897,1.4353603406980824,-1.46043991369487,-5.468234546271447,-5.468234546401163,0.6757343860890018,0.7435360233631993,0.762693335625034,0.7435360233611686,0.6757343860877456,0.21004932294847597,0.07202068291451962,0.02402573467533627,0.0720206829192028,0.2100493229494275,0.0,0.0,0.0,0.0,0.0,off,off,off,off,off
224.8999999999881,0.3,58.46999999998938,-1.451990469049008,1.4433866992508229,2.3910141112732504,1.4433866991163882,-1.451990469367729,-5.459528263774587,-5.459528263904929,0.6757549255042415,0.7437051021762622,0.7627891008906438,0.7437051021742237,0.6757549255029879,0.21004932294847597,0.07160811993770191,0.023797664250087502,0.0716081199423951,0.2100493229494275,0.0,0.0,0.0,0.0,0.0,off,off,off,off,off
224.9999999999881,0.3,58.49999999998938,-1.443543422803316,1.4514103499436146,2.3990015629501045,1.4514103498105442,-1.44354342311982,-5.450823581425084,-5.450823581555767,0.6757754583892487,0.743874044248806,0.7628843754387336,0.7438740442467688,0.6757754583880003,0.21004932294847597,0.07119563474646358,0.02357100516939607,0.07119563475116783,0.2100493229494275,0.0,0.0,0.0,0.0,0.0,off,off,off,off,off
225.09999999998809,0.3,58.52999999998937,-1.4350987643190365,1.4594313232715876,2.4069863185515032,1.4594313231366982,-1.4350987646338353,-5.44212050126697,-5.442120501398222,0.6757959847712606,0.7440428402710417,0.7629791594271847,0.744042840268997,0.6757959847700166,0.21004932294847597,0.07078325403691456,0.023345758668979387,0.07078325404162873,0.2100493229494275,0.0,0.0,0.0,0.0,0.0,off,off,off,off,off
225.19999999998808,0.3,58.559999999989365,-1.4266564832211657,1.4674496495525204,2.4149684034177312,1.4674496494141067,-1.4266564835391478,-5.433419025310059,-5.433419025441822,0.6758165046776423,0.7442114810265019,0.7630734530615674,0.7442114810244449,0.6758165046763901,0.21004932294847597,0.07037100431969492,0.02312192582836166,0.07037100432442017,0.2100493229494275,0.0,0.0,0.0,0.0,0.0,off,off,off,off,off
225.29999999998807,0.3,58.58999999998936,-1.4182165690832562,1.475465359063321,2.4229478429098776,1.4754653589307622,-1.4182165693985667,-5.424719155529374,-5.424719155661535,0.6758370181358707,0.7443799573924806,0.7631672565945286,0.7443799573904367,0.6758370181346255,0.21004932294847597,0.06995891191788071,0.022899507572407257,0.06995891192261648,0.2100493229494275,0.0,0.0,0.0,0.0,0.0,off,off,off,off,off
225.39999999998807,0.3,58.61999999998935,-1.4097790114095687,1.4834784820504296,2.430924662424104,1.4834784819144602,-1.4097790117230034,-5.416020893864584,-5.416020893997256,0.6758575251735827,0.7445482603404614,0.7632605703252451,0.7445482603384068,0.6758575251723419,0.21004932294847597,0.06954700296492179,0.0226785046728602,0.06954700296966494,0.2100493229494275,0.0,0.0,0.0,0.0,0.0,off,off,off,off,off
225.49999999998806,0.3,58.64999999998935,-1.4013437996570133,1.491489048687754,2.4388988873724884,1.4914890485525802,-1.401343799964991,-5.407324242220909,-5.407324242354036,0.6758780258185177,0.7447163809363853,0.7633533945987862,0.7447163809343308,0.6758780258172907,0.21004932294847597,0.06913530340262909,0.0224589177498935,0.06913530340738144,0.2100493229494275,0.0,0.0,0.0,0.0,0.0,off,off,off,off,off
225.59999999998806,0.3,58.67999999998934,-1.392910923225088,1.4994970891114008,2.446870543190073,1.4994970889742945,-1.3929109235342594,-5.398629202468442,-5.398629202602024,0.6758985200985463,0.7448843103411006,0.7634457298055466,0.744884310339039,0.6758985200973163,0.21004932294847597,0.06872383897921695,0.022240747273666046,0.06872383898397819,0.2100493229494275,0.0,0.0,0.0,0.0,0.0,off,off,off,off,off
225.69999999998805,0.3,58.709999999989336,-1.3844803714683849,1.5075026334015433,2.4548396553221323,1.5075026332680181,-1.3844803717763625,-5.389935776442144,-5.389935776575953,0.6759190080416367,0.74505203981065,0.7635375763806275,0.7450520398085969,0.6759190080404094,0.21004932294847597,0.06831263524737327,0.02202399356588964,0.06831263525214214,0.2100493229494275,0.0,0.0,0.0,0.0,0.0,off,off,off,off,off
225.79999999998805,0.3,58.73999999998933,-1.3760521336866418,1.5155057115799764,2.46280624923196,1.5155057114420174,-1.3760521339925162,-5.381243965941735,-5.381243966076056,0.6759394896758795,0.7452195606965789,0.7636289348032709,0.7452195606945121,0.6759394896746572,0.21004932294847597,0.06790171756238692,0.02180865680140066,0.06790171756716297,0.2100493229494275,0.0,0.0,0.0,0.0,0.0,off,off,off,off,off
225.89999999998804,0.3,58.769999999989324,-1.367626199130143,1.5235063535982931,2.470770350382793,1.5235063534611868,-1.3676261994405081,-5.37255377273226,-5.372553772867036,0.6759599650294761,0.7453868644461943,0.7637198055962291,0.745386864444128,0.6759599650282425,0.21004932294847597,0.0674911110803151,0.02159473700973986,0.0674911110851004,0.2100493229494275,0.0,0.0,0.0,0.0,0.0,off,off,off,off,off
225.99999999998803,0.3,58.79999999998932,-1.3592025570125656,1.5315045893514707,2.4787319842473607,1.531504589214876,-1.3592025573262276,-5.363865198543351,-5.363865198678582,0.6759804341307065,0.7455539426028729,0.7638101893252035,0.7455539426008065,0.6759804341294644,0.21004932294847597,0.06708084075620259,0.02138223407674038,0.06708084076099514,0.2100493229494275,0.0,0.0,0.0,0.0,0.0,off,off,off,off,off
226.09999999998803,0.3,58.82999999998931,-1.3507811964947223,1.5395004486605899,2.486691176303907,1.5395004485217783,-1.3507811968122496,-5.355178245069567,-5.355178245205423,0.6760008970079681,0.7457207868062632,0.7639000865982524,0.7457207868041895,0.6760008970067163,0.21004932294847597,0.06667093134233495,0.021171147746118394,0.06667093134713457,0.2100493229494275,0.0,0.0,0.0,0.0,0.0,off,off,off,off,off
226.19999999998802,0.3,58.859999999989306,-1.3423621067001932,1.5474939612722665,2.4946479520280604,1.5474939611367518,-1.3423621070210743,-5.34649291397028,-5.346492914106591,0.6760213536897391,0.7458873887925137,0.7639894980651872,0.7458873887904476,0.6760213536884797,0.21004932294847597,0.06626140738655009,0.02096147762107158,0.0662614073913566,0.2100493229494275,0.0,0.0,0.0,0.0,0.0,off,off,off,off,off
226.29999999998802,0.3,58.8899999999893,-1.333945276716804,1.5554851568617778,2.502602336894199,1.5554851567268884,-1.333945277037401,-5.337809206869792,-5.337809207006501,0.6760418042045749,0.7460537403944904,0.7640784244169926,0.7460537403924256,0.6760418042033163,0.21004932294847597,0.06585229323058207,0.020753223165883263,0.06585229323539357,0.2100493229494275,0.0,0.0,0.0,0.0,0.0,off,off,off,off,off
226.399999999988,0.3,58.919999999989294,-1.3255306955804826,1.5634740650232857,2.510554356365674,1.5634740648880552,-1.3255306959015911,-5.3291271253569334,-5.3291271254941535,0.676062248581147,0.7462198335419358,0.7641668663852216,0.7462198335398696,0.6760622485798872,0.21004932294847597,0.06544361300846077,0.020546383707531063,0.06544361301327606,0.2100493229494275,0.0,0.0,0.0,0.0,0.0,off,off,off,off,off
226.499999999988,0.3,58.94999999998929,-1.3171183523003833,1.5714607152705753,2.5185040359005484,1.5714607151376754,-1.3171183526215486,-5.320446670985575,-5.32044667112342,0.6760826868481815,0.7463856602616424,0.7642548247414319,0.7463856602595821,0.6760826868469219,0.21004932294847597,0.06503539064494473,0.0203409584373,0.06503539064976432,0.2100493229494275,0.0,0.0,0.0,0.0,0.0,off,off,off,off,off
226.599999999988,0.3,58.97999999998928,-1.308708235845529,1.5794451370289835,2.526451400944609,1.579445136895231,-1.3087082361680586,-5.31176784527446,-5.311767845412589,0.6761031190344924,0.7465512126775757,0.764342300296586,0.7465512126755129,0.6761031190332292,0.21004932294847597,0.06462764985401236,0.02013694641239923,0.06462764985883518,0.2100493229494275,0.0,0.0,0.0,0.0,0.0,off,off,off,off,off
226.699999999988,0.3,59.009999999989276,-1.3003003351528832,1.5874273596382977,2.5343964769256786,1.5874273595038062,-1.3003003354754696,-5.303090649706633,-5.3030906498453305,0.6761235451689613,0.7467164830110129,0.7644292939004623,0.7467164830089473,0.6761235451676981,0.21004932294847597,0.06422041413738654,0.01993434655758335,0.06422041414221327,0.2100493229494275,0.0,0.0,0.0,0.0,0.0,off,off,off,off,off
226.799999999988,0.3,59.03999999998927,-1.291894639129282,1.5954074123418422,2.542339289250606,1.5954074122079192,-1.29189463944806,-5.294415085730577,-5.2944150858699,0.6761439652805338,0.7468814635806212,0.7645158064410695,0.7468814635785582,0.6761439652792798,0.21004932294847597,0.06381370678311082,0.019733157666778547,0.06381370678793939,0.2100493229494275,0.0,0.0,0.0,0.0,0.0,off,off,off,off,off
226.89999999998798,0.3,59.069999999989264,-1.2834911366458073,1.6033853242948908,2.5502798633143016,1.6033853241615361,-1.2834911369654378,-5.285741154759592,-5.285741154899313,0.6761643793982319,0.7470461468025726,0.7646018388440982,0.7470461468005116,0.6761643793969756,0.21004932294847597,0.0634075508641631,0.01953337840470775,0.0634075508689938,0.2100493229494275,0.0,0.0,0.0,0.0,0.0,off,off,off,off,off
226.99999999998798,0.3,59.09999999998926,-1.275089816557852,1.6113611245529,2.5582182244752403,1.6113611244234676,-1.2750898168765161,-5.27706885817139,-5.277068858311566,0.676184787551106,0.747210525190585,0.7646873920722814,0.7472105251885345,0.6761847875498523,0.21004932294847597,0.06300196923711919,0.01933500730852256,0.06300196924195157,0.2100493229494275,0.0,0.0,0.0,0.0,0.0,off,off,off,off,off
227.09999999998797,0.3,59.12999999998925,-1.2666906676781764,1.619334842073556,2.5661543980803003,1.6193348419467952,-1.2666906679987164,-5.26839819730867,-5.268398197449358,0.6762051897683015,0.7473745913559754,0.7647724671248897,0.7473745913539339,0.6762051897670431,0.21004932294847597,0.0625969845408598,0.019138042789435917,0.06259698454569,0.2100493229494275,0.0,0.0,0.0,0.0,0.0,off,off,off,off,off
227.19999999998797,0.3,59.159999999989246,-1.258293678807263,1.6273065057076792,2.574088409433159,1.6273065055829647,-1.2582936791293378,-5.2597291734794,-5.259729173620599,0.6762255860789826,0.747538338007679,0.7648570650370802,0.7475383380056444,0.6762255860777205,0.21004932294847597,0.062192619195315935,0.01894248313435509,0.06219261920014495,0.2100493229494275,0.0,0.0,0.0,0.0,0.0,off,off,off,off,off
227.29999999998796,0.3,59.18999999998924,-1.2498988387116583,1.6352761442052497,2.5820202838136765,1.6352761440797963,-1.249898839034131,-5.251061787956246,-5.251061788097957,0.6762459765123882,0.7477017579522756,0.7649411868793781,0.7477017579502409,0.6762459765111244,0.21004932294847597,0.06178889540026872,0.018748326507519633,0.06178889540509467,0.2100493229494275,0.0,0.0,0.0,0.0,0.0,off,off,off,off,off
227.39999999998795,0.3,59.219999999989234,-1.2415061361442667,1.6432437862025608,2.589950046459535,1.6432437860764821,-1.2415061364666258,-5.24239604197669,-5.242396042119026,0.6762663610977783,0.7478648440939578,0.7650248337570638,0.747864844091923,0.6762663610965152,0.21004932294847597,0.061385835134180056,0.018555570952137827,0.061385835139005286,0.2100493229494275,0.0,0.0,0.0,0.0,0.0,off,off,off,off,off
227.49999999998795,0.3,59.24999999998923,-1.2331155598292298,1.6512094602239245,2.597877722577948,1.6512094600967089,-1.233115560155511,-5.233731936743766,-5.2337319368865,0.676286739864476,0.7480275894345173,0.7651080068096393,0.7480275894324813,0.676286739863203,0.21004932294847597,0.06098346015308027,0.018364214392025423,0.060983460157904026,0.2100493229494275,0.0,0.0,0.0,0.0,0.0,off,off,off,off,off
227.59999999998794,0.3,59.27999999998922,-1.2247270984842658,1.6591731946838308,2.6058033373329295,1.659173194557468,-1.2247270988064543,-5.225069473425151,-5.225069473568283,0.6763071128418079,0.7481899870733163,0.7651907072102344,0.7481899870712841,0.6763071128405455,0.21004932294847597,0.06058179198948777,0.01817425463324415,0.06058179199430922,0.2100493229494275,0.0,0.0,0.0,0.0,0.0,off,off,off,off,off
227.69999999998794,0.3,59.309999999989216,-1.2163407407969657,1.6671350178828561,2.6137269158428467,1.6671350177541626,-1.216340741121769,-5.2164086531535645,-5.216408653297037,0.6763274800591673,0.7483520302072243,0.76527293616504,0.7483520302051873,0.6763274800578988,0.21004932294847597,0.060180851951374036,0.017985689365740506,0.06018085195619486,0.2100493229494275,0.0,0.0,0.0,0.0,0.0,off,off,off,off,off
227.79999999998793,0.3,59.33999999998921,-1.2079564754496346,1.6750949579940766,2.621648483180934,1.6750949578653263,-1.207956475778417,-5.207749477026994,-5.207749477171205,0.6763478415459491,0.7485137121305141,0.7653546949127505,0.7485137121284784,0.6763478415446704,0.21004932294847597,0.05978066112117646,0.017798516164985928,0.05978066112599622,0.2100493229494275,0.0,0.0,0.0,0.0,0.0,off,off,off,off,off
227.89999999998793,0.3,59.369999999989204,-1.1995742911078082,1.6830530430790418,2.6295680643761443,1.6830530429497799,-1.1995742914332368,-5.199091946109206,-5.19909194625393,0.6763681973315798,0.7486750262348197,0.7654359847240153,0.7486750262327846,0.6763681973303092,0.21004932294847597,0.05938124035485209,0.01761273249361428,0.05938124035966978,0.2100493229494275,0.0,0.0,0.0,0.0,0.0,off,off,off,off,off
227.99999999998792,0.3,59.3999999999892,-1.1911941764172411,1.6910093010690161,2.6374856844061014,1.691009300935491,-1.1911941767430676,-5.19043606142867,-5.190436061573848,0.676388547445526,0.7488359660089865,0.7655168069008637,0.7488359660069411,0.6763885474442548,0.21004932294847597,0.058982610280966984,0.017428335703059086,0.05898261028578353,0.2100493229494275,0.0,0.0,0.0,0.0,0.0,off,off,off,off,off
228.09999999998792,0.3,59.42999999998919,-1.1828161200198792,1.6989637597652063,2.645401368185901,1.6989637596354328,-1.182816120351049,-5.181781823979293,-5.181781824125039,0.6764088919172528,0.7489965250389538,0.7655971627761247,0.7489965250369203,0.6764088919159688,0.21004932294847597,0.05858479129984016,0.017245323035191613,0.05858479130465516,0.2100493229494275,0.0,0.0,0.0,0.0,0.0,off,off,off,off,off
228.1999999999879,0.3,59.459999999989186,-1.1744401105537463,1.706916446855928,2.653315140587438,1.706916446719731,-1.1744401108844613,-5.173129234720648,-5.173129234866963,0.6764292307762272,0.7491566970076722,0.7656770537129339,0.7491566970056233,0.6764292307749442,0.21004932294847597,0.05818780358271886,0.017063691623955615,0.05818780358753183,0.2100493229494275,0.0,0.0,0.0,0.0,0.0,off,off,off,off,off
228.2999999999879,0.3,59.48999999998918,-1.1660661366393583,1.7148673898810785,2.661227026416441,1.7148673897457911,-1.1660661369713239,-5.164478294577918,-5.164478294724631,0.6764495640519487,0.7493164756948592,0.7657564811041249,0.7493164756928143,0.6764495640506624,0.21004932294847597,0.05779166707099945,0.016883438496999654,0.05779166707581146,0.2100493229494275,0.0,0.0,0.0,0.0,0.0,off,off,off,off,off
228.3999999999879,0.3,59.519999999989174,-1.1576941868948438,1.7228166162581715,2.669137050420261,1.722816616125101,-1.1576941872257862,-5.155829004441557,-5.155829004588668,0.6764698917739135,0.7494758549769082,0.765835446371707,0.749475854974871,0.6764698917726302,0.21004932294847597,0.0573964014754928,0.016704560577310217,0.05739640148030259,0.2100493229494275,0.0,0.0,0.0,0.0,0.0,off,off,off,off,off
228.4999999999879,0.3,59.54999999998917,-1.1493242499275311,1.7307641532610774,2.67704523728338,1.7307641531306786,-1.1493242502578482,-5.147181365167796,-5.147181365315532,0.6764902139716368,0.749634828826654,0.7659139509663146,0.7496348288246262,0.676490213970355,0.21004932294847597,0.05700202627572791,0.01652705468484015,0.057002026280534544,0.2100493229494275,0.0,0.0,0.0,0.0,0.0,off,off,off,off,off
228.5999999999879,0.3,59.57999999998916,-1.1409563143495802,1.7387100280371328,2.6849516116259906,1.738710027904915,-1.1409563146784194,-5.138535377578762,-5.138535377726953,0.6765105306746111,0.7497933913132293,0.7659919963666659,0.7497933913111995,0.6765105306733324,0.21004932294847597,0.056608560719298054,0.016350917538134405,0.05660856072409989,0.2100493229494275,0.0,0.0,0.0,0.0,0.0,off,off,off,off,off
228.69999999998788,0.3,59.60999999998916,-1.1325903687678078,1.7466542675823575,2.692856197994047,1.7466542674531524,-1.1325903690949417,-5.129891042462532,-5.1298910426111775,0.6765308419123339,0.749951536601793,0.7660695840789994,0.7499515365997739,0.6765308419110598,0.21004932294847597,0.05621602382124343,0.016176145755955208,0.056216023826041246,0.2100493229494275,0.0,0.0,0.0,0.0,0.0,off,off,off,off,off
228.79999999998788,0.3,59.63999999998915,-1.1242264017868138,1.7545968987623155,2.700759020872397,1.7545968986295861,-1.1242264021150845,-5.121248360572736,-5.1212483607220065,0.6765511477142996,0.7501092589533672,0.7661467156365815,0.7501092589513414,0.6765511477130228,0.21004932294847597,0.05582443436348222,0.016002735858901673,0.0558244343682748,0.2100493229494275,0.0,0.0,0.0,0.0,0.0,off,off,off,off,off
228.89999999998787,0.3,59.669999999989145,-1.1158644020155748,1.762537948286706,2.7086601046693204,1.7625379481561936,-1.1158644023459487,-5.112607332629636,-5.112607332779476,0.6765714481099825,0.7502665527245349,0.7662233925991343,0.7502665527225186,0.6765714481087007,0.21004932294847597,0.055433810894276465,0.01583068427102608,0.05543381089906302,0.2100493229494275,0.0,0.0,0.0,0.0,0.0,off,off,off,off,off
228.99999999998786,0.3,59.69999999998914,-1.107504358067331,1.770477442729657,2.716559473714824,1.7704774425973255,-1.1075043583970796,-5.103967959319448,-5.103967959469628,0.6765917431288385,0.7504234123672529,0.7662996165523028,0.750423412365234,0.6765917431275575,0.21004932294847597,0.05504417172773958,0.015659987321448434,0.055044171732520734,0.2100493229494275,0.0,0.0,0.0,0.0,0.0,off,off,off,off,off
229.09999999998786,0.3,59.72999999998913,-1.0991462585508884,1.7784154085122168,2.7244571522639944,1.7784154083798853,-1.0991462588810919,-5.095330241294334,-5.095330241445026,0.6766120328003252,0.7505798324285406,0.7663753891071449,0.750579832426525,0.6766120327990436,0.21004932294847597,0.05465553494338458,0.015490641245964873,0.0546555349481601,0.2100493229494275,0.0,0.0,0.0,0.0,0.0,off,off,off,off,off
229.19999999998785,0.3,59.75999999998913,-1.0907900920805673,1.7863518719110516,2.732353164495123,1.7863518717759916,-1.0907900924116234,-5.086694179173094,-5.086694179324468,0.676632317153879,0.7507358075502366,0.7664507118996047,0.750735807548216,0.6766323171525955,0.21004932294847597,0.054267918385709255,0.015322642188652423,0.05426791839047987,0.2100493229494275,0.0,0.0,0.0,0.0,0.0,off,off,off,off,off
229.29999999998785,0.3,59.78999999998912,-1.082435847287286,1.7942868590413923,2.740247534504192,1.7942868589084355,-1.082435847617603,-5.0780597735413835,-5.078059773693155,0.6766525962188866,0.7508913324686647,0.7665255865899809,0.7508913324666526,0.6766525962176047,0.21004932294847597,0.05388133966382415,0.01515598620346928,0.053881339668590496,0.2100493229494275,0.0,0.0,0.0,0.0,0.0,off,off,off,off,off
229.39999999998784,0.3,59.819999999989115,-1.0740835128046342,1.8022203958787486,2.7481402863019184,1.8022203957440297,-1.0740835131331323,-5.069427024950869,-5.069427025103096,0.6766728700247195,0.7510464020143979,0.7666000148624066,0.7510464020123836,0.6766728700234421,0.21004932294847597,0.05349581615112095,0.014990669255850119,0.05349581615588179,0.2100493229494275,0.0,0.0,0.0,0.0,0.0,off,off,off,off,off
229.49999999998784,0.3,59.84999999998911,-1.065733077267737,1.8101525082306011,2.756031443818472,1.8101525080973602,-1.0657330775963487,-5.060795933920133,-5.060795934072814,0.6766931386007384,0.7512010111118721,0.7666739984243489,0.7512010111098657,0.6766931385994605,0.21004932294847597,0.053111364984971106,0.014826687224296854,0.05311136498972526,0.2100493229494275,0.0,0.0,0.0,0.0,0.0,off,off,off,off,off
229.59999999998783,0.3,59.8799999999891,-1.0573845293350246,1.8180832217571492,2.7639210308913107,1.8180832216260114,-1.0573845296598279,-5.052166500934732,-5.052166501087925,0.6767134019762376,0.7513551547791235,0.7667475390060716,0.7513551547771259,0.6767134019749691,0.21004932294847597,0.05272800306647168,0.014664035901962838,0.052728003071218686,0.2100493229494275,0.0,0.0,0.0,0.0,0.0,off,off,off,off,off
229.69999999998782,0.3,59.9099999999891,-1.049037857661176,1.8260125619554515,2.7718090712688195,1.8260125618277812,-1.0490378579876847,-5.043538726447309,-5.0435387266009,0.6767336601805131,0.7515088281274114,0.7668206383601407,0.7515088281254269,0.6767336601792403,0.21004932294847597,0.05234574706022742,0.014502710998233068,0.05234574706496717,0.2100493229494275,0.0,0.0,0.0,0.0,0.0,off,off,off,off,off
229.79999999998782,0.3,59.93999999998909,-1.0406930509264498,1.8339405541687483,2.779695588614061,1.8339405540382359,-1.0406930512548342,-5.0349126108773135,-5.034912611031473,0.6767539132427903,0.7516620263609015,0.7668932982608115,0.7516620263589127,0.6767539132415125,0.21004932294847597,0.0519646133941671,0.014342708140297573,0.05196461339889805,0.2100493229494275,0.0,0.0,0.0,0.0,0.0,off,off,off,off,off
229.8999999999878,0.3,59.969999999989085,-1.0323500978255993,1.8418672235724216,2.787580606482493,1.8418672234400901,-1.0323500981480151,-5.0262881546116205,-5.026288154766348,0.6767741611922504,0.7518147447762715,0.766965520503727,0.7518147447742827,0.6767741611909879,0.21004932294847597,0.051584618259400264,0.014184022874719066,0.05158461826412271,0.2100493229494275,0.0,0.0,0.0,0.0,0.0,off,off,off,off,off
229.9999999999878,0.3,59.99999999998908,-1.0240089870564475,1.8497925951768366,2.7954641483511864,1.8497925950436525,-1.024008987381933,-5.017665358004649,-5.017665358159775,0.6767944040580598,0.7519669787623575,0.7670373069054652,0.7519669787603693,0.6767944040567896,0.21004932294847597,0.05120577761011351,0.014026650668994431,0.05120577761482859,0.2100493229494275,0.0,0.0,0.0,0.0,0.0,off,off,off,off,off
230.0999999999878,0.3,60.02999999998907,-1.015669707341715,1.8577166938342202,2.8033462375879594,1.8577166937011498,-1.0156697076703836,-5.009044221378019,-5.009044221533713,0.6768146418693164,0.7521187237997908,0.7671086593027581,0.7521187237978071,0.6768146418680384,0.21004932294847597,0.05082810716350064,0.013870586913108414,0.05082810716820823,0.2100493229494275,0.0,0.0,0.0,0.0,0.0,off,off,off,off,off
230.1999999999878,0.3,60.05999999998907,-1.0073322474293036,1.865639544226724,2.811226897463257,1.8656395440939946,-1.0073322477567217,-5.0004247450212915,-5.000424745177497,0.6768348746550482,0.7522699754605838,0.7671795795521511,0.7522699754586047,0.676834874653773,0.21004932294847597,0.05045162239972826,0.01371582692108279,0.05045162240442783,0.2100493229494275,0.0,0.0,0.0,0.0,0.0,off,off,off,off,off
230.2999999999878,0.3,60.08999999998906,-0.9989965960708105,1.8735611708737565,2.8191061511564612,1.8735611707417092,-0.9989965963987402,-4.991806929191512,-4.991806929348286,0.6768551024442665,0.752420729407751,0.7672500695295306,0.752420729405778,0.6768551024429906,0.21004932294847597,0.05007633856194126,0.013562365932517466,0.05007633856663193,0.2100493229494275,0.0,0.0,0.0,0.0,0.0,off,off,off,off,off
230.39999999998778,0.3,60.119999999989055,-0.9906627420457426,1.8814815981226047,2.826984021726105,1.8814815979894775,-0.990662742370148,-4.983190774114007,-4.98319077427135,0.6768753252659069,0.7525709813948795,0.7673201311295686,0.7525709813929076,0.6768753252646394,0.21004932294847597,0.04970227065630012,0.01341019911412337,0.04970227066098093,0.2100493229494275,0.0,0.0,0.0,0.0,0.0,off,off,off,off,off
230.49999999998778,0.3,60.14999999998905,-0.9823306741552074,1.8894008501453072,2.834860532139828,1.88940085001218,-0.9823306744767137,-4.974576279982216,-4.974576280139843,0.6768955431488446,0.7527207272657009,0.7673897662653228,0.7527207272637331,0.676895543147584,0.21004932294847597,0.04932943345205904,0.013259321561250459,0.0493294334567306,0.2100493229494275,0.0,0.0,0.0,0.0,0.0,off,off,off,off,off
230.59999999998777,0.3,60.17999999998904,-0.9740003812198097,1.8973189509539452,2.8427357052567572,1.8973189508183168,-0.9740003815431919,-4.965963446957403,-4.965963447115598,0.6769157561218998,0.752869962953711,0.7674589768677202,0.75286996295174,0.6769157561206343,0.21004932294847597,0.04895784148167814,0.013109728299405606,0.04895784148634043,0.2100493229494275,0.0,0.0,0.0,0.0,0.0,off,off,off,off,off
230.69999999998777,0.3,60.20999999998904,-0.9656718520899403,1.9052359243804062,2.8506095638201145,1.9052359242428452,-0.9656718524113899,-4.95735227516991,-4.9573522753284465,0.6769359642138111,0.7530186844816762,0.7675277648850658,0.7530186844797047,0.6769359642125505,0.21004932294847597,0.04858750904096397,0.012961414285764151,0.04858750904561808,0.2100493229494275,0.0,0.0,0.0,0.0,0.0,off,off,off,off,off
230.79999999998776,0.3,60.23999999998903,-0.95734507563634,1.9131517940825802,2.8584821304731918,1.913151793942177,-0.9573450759593243,-4.948742764717963,-4.948742764877011,0.6769561674532616,0.7531668879612128,0.7675961322826194,0.7531668879592369,0.6769561674519972,0.21004932294847597,0.04821845018925441,0.012814374410673537,0.048218450193901065,0.2100493229494275,0.0,0.0,0.0,0.0,0.0,off,off,off,off,off
230.89999999998776,0.3,60.269999999989025,-0.949020040756011,1.9210665835430518,2.866353427739398,1.9210665834070824,-0.9490200410780858,-4.940134915669262,-4.940134915828537,0.6769763658688625,0.7533145695923231,0.7676640810420826,0.7533145695903636,0.6769763658676002,0.21004932294847597,0.047850678749633835,0.012668603499148078,0.04785067875427197,0.2100493229494275,0.0,0.0,0.0,0.0,0.0,off,off,off,off,off
230.99999999998775,0.3,60.29999999998902,-0.9406967363695458,1.9289803160752967,2.8742234780379476,1.9289803159364851,-0.9406967366913364,-4.931528728059504,-4.931528728219291,0.676996559489159,0.753461725662958,0.7677316131611803,0.7534617256609947,0.6769965594878977,0.21004932294847597,0.04748420830918042,0.01252409631235578,0.04748420831380844,0.2100493229494275,0.0,0.0,0.0,0.0,0.0,off,off,off,off,off
231.09999999998774,0.3,60.32999999998901,-0.9323751514306196,1.936893014812597,2.882092303665786,1.9368930146740126,-0.9323751517501933,-4.922924201894261,-4.9229242020546735,0.6770167483426099,0.7536083525485121,0.7677987306531615,0.7536083525465541,0.6770167483413538,0.21004932294847597,0.047119052219247,0.012380847549096458,0.04711905222386604,0.2100493229494275,0.0,0.0,0.0,0.0,0.0,off,off,off,off,off
231.19999999998774,0.3,60.35999999998901,-0.9240552749224094,1.9448047027036637,2.8899599268110023,1.9448047025679784,-0.9240552752449389,-4.914321337148294,-4.914321337309104,0.677036932457593,0.7537544467113412,0.7678654355463798,0.7537544467093947,0.6770369324563299,0.21004932294847597,0.04675522359577896,0.012238851847271737,0.04675522360038761,0.2100493229494275,0.0,0.0,0.0,0.0,0.0,off,off,off,off,off
231.29999999998773,0.3,60.389999999989,-0.9157370958549222,1.9527154025262234,2.897826369535437,1.9527154023894582,-0.9157370961761444,-4.905720133765271,-4.905720133926479,0.6770571118624145,0.7539000047003063,0.7679317298838031,0.7539000046983622,0.6770571118611544,0.21004932294847597,0.04639273531966355,0.012098103785345348,0.04639273532426125,0.2100493229494275,0.0,0.0,0.0,0.0,0.0,off,off,off,off,off
231.39999999998773,0.3,60.419999999988995,-0.9074206032714187,1.9606251368751373,2.9056916537863913,1.9606251367381446,-0.9074206035924703,-4.897120591658734,-4.8971205918203395,0.6770772865852915,0.754045023150254,0.767997615722601,0.7540450231483136,0.6770772865840325,0.21004932294847597,0.04603160003711049,0.011958597883795285,0.04603160004169766,0.2100493229494275,0.0,0.0,0.0,0.0,0.0,off,off,off,off,off
231.49999999998772,0.3,60.44999999998899,-0.8991057862396588,1.968533928160582,2.913555801390771,1.968533928022282,-0.8991057865658263,-4.888522710712095,-4.888522710873872,0.6770974566543765,0.754189498781509,0.7680630951336918,0.7541894987795699,0.6770974566531043,0.21004932294847597,0.04567183016006654,0.01182032860655598,0.045671830164642525,0.2100493229494275,0.0,0.0,0.0,0.0,0.0,off,off,off,off,off
231.59999999998772,0.3,60.47999999998898,-0.8907926338731613,1.976441798622261,2.9214188340491205,1.9764417984817442,-0.8907926342034216,-4.879926490778303,-4.879926490940477,0.6771176220977002,0.7543334283994044,0.7681281702012871,0.7543334283974636,0.6771176220964175,0.21004932294847597,0.045313437866658084,0.011683290362451793,0.04531343787122352,0.2100493229494275,0.0,0.0,0.0,0.0,0.0,off,off,off,off,off
231.6999999999877,0.3,60.50999999998898,-0.882481135312787,1.9843487702981406,2.929280773344999,1.9843487701601248,-0.8824811356457758,-4.8713319316808565,-4.871331931843486,0.6771377829432206,0.7544768088936834,0.7681928430224901,0.7544768088917542,0.6771377829419315,0.21004932294847597,0.04495643510167112,0.01154747750662064,0.044956435106225566,0.2100493229494275,0.0,0.0,0.0,0.0,0.0,off,off,off,off,off
231.7999999999877,0.3,60.53999999998897,-0.8741712797317405,1.9922548650613408,2.937141640731113,1.992254864919346,-0.8741712800675145,-4.862739033213302,-4.862739033376556,0.6771579392188104,0.7546196372380776,0.7682571157068269,0.7546196372361427,0.6771579392175149,0.21004932294847597,0.04460083357705982,0.011412884341927564,0.04460083358160261,0.2100493229494275,0.0,0.0,0.0,0.0,0.0,off,off,off,off,off
231.8999999999877,0.3,60.569999999988966,-0.8658630563435281,2.000160104589156,2.9450014575369323,2.0001601044441486,-0.8658630566790748,-4.854147795140079,-4.854147795303788,0.6771780909522381,0.7547619104896944,0.7683209903758468,0.7547619104877555,0.677178090950943,0.21004932294847597,0.04424664477248197,0.01127950512036952,0.044246644777014496,0.2100493229494275,0.0,0.0,0.0,0.0,0.0,off,off,off,off,off
231.9999999999877,0.3,60.59999999998896,-0.857556454402868,2.0080645103777783,2.952860244964711,2.0080645102281665,-0.8575564547360841,-4.845558217195787,-4.845558217359837,0.6771982381711618,0.7549036257884432,0.7683844691626898,0.7549036257864963,0.6771982381698727,0.21004932294847597,0.04389387993587199,0.011147334044469551,0.04389387994039475,0.2100493229494275,0.0,0.0,0.0,0.0,0.0,off,off,off,off,off
232.0999999999877,0.3,60.629999999988954,-0.849251463189546,2.0159681037383734,2.9607180240881235,2.01596810359365,-0.8492514635192379,-4.836970299086033,-4.836970299250595,0.6772183809031744,0.7550447803566794,0.7684475542116668,0.75504478035475,0.6772183809018939,0.21004932294847597,0.04354255008403756,0.011016365268660322,0.043542550088550604,0.2100493229494275,0.0,0.0,0.0,0.0,0.0,off,off,off,off,off
232.19999999998768,0.3,60.65999999998895,-0.8409480720225133,2.023870905800152,2.968574815848797,2.023870905655997,-0.8409480723579463,-4.8283840404877765,-4.828384040652736,0.6772385191757657,0.7551853714985549,0.7685102476778396,0.7551853714966319,0.6772385191744713,0.21004932294847597,0.04319266600328891,0.010886592900659091,0.04319266600779003,0.2100493229494275,0.0,0.0,0.0,0.0,0.0,off,off,off,off,off
232.29999999998768,0.3,60.68999999998894,-0.832646270283135,2.0317729374923488,2.9764306410567656,2.0317729373464317,-0.8326462706191364,-4.819799441048701,-4.8197994412141725,0.6772586530162661,0.7553253965993684,0.768572551726614,0.7553253965974455,0.6772586530149701,0.21004932294847597,0.04284423825009778,0.010758011002831185,0.04284423825458668,0.2100493229494275,0.0,0.0,0.0,0.0,0.0,off,off,off,off,off
232.39999999998767,0.3,60.719999999988936,-0.8243460473643154,2.03967421956753,2.984285520390415,2.0396742194236595,-0.8243460476980431,-4.811216500388525,-4.8112165005543375,0.6772787824519716,0.7554648531251134,0.7686344685333357,0.7554648531232011,0.6772787824506808,0.21004932294847597,0.04249727715178541,0.010630613593542906,0.04249727715626239,0.2100493229494275,0.0,0.0,0.0,0.0,0.0,off,off,off,off,off
232.49999999998766,0.3,60.74999999998893,-0.816047392719895,2.047574772587893,2.9921394743969927,2.0475747724436246,-0.8160473930488479,-4.802635218098089,-4.8026352182642995,0.6772989075100231,0.7556037386218766,0.7686960002828916,0.755603738619968,0.6772989075087447,0.21004932294847597,0.04215179280723595,0.010504394648504665,0.042151792811700894,0.2100493229494275,0.0,0.0,0.0,0.0,0.0,off,off,off,off,off
232.59999999998766,0.3,60.779999999988924,-0.8077502958317382,2.0554746169278246,2.999992523485105,2.055474616782533,-0.8077502961596679,-4.794055593740268,-4.794055593907046,0.6773190282174866,0.7557420507152758,0.7687571491692943,0.7557420507133698,0.67731902821621,0.21004932294847597,0.04180779508764111,0.010379348102102441,0.041807795092093675,0.2100493229494275,0.0,0.0,0.0,0.0,0.0,off,off,off,off,off
232.69999999998765,0.3,60.80999999998892,-0.7994547462280934,2.0633737727712287,3.00784468793006,2.063373772626278,-0.7994547465615938,-4.785477626850195,-4.785477627017428,0.6773391446013082,0.7558797871098788,0.768817917395303,0.7558797871079784,0.6773391446000181,0.21004932294847597,0.04146529363727161,0.010255467848719255,0.04146529364171114,0.2100493229494275,0.0,0.0,0.0,0.0,0.0,off,off,off,off,off
232.79999999998765,0.3,60.83999999998891,-0.7911607334942232,2.0712722601126643,3.0156959878704015,2.0712722599687368,-0.7911607338218687,-4.776901316934982,-4.776901317102613,0.6773592566882886,0.7560169455886252,0.7688783071720293,0.7560169455867334,0.6773592566870126,0.21004932294847597,0.041124297874275344,0.010132747744045326,0.04112429787870207,0.2100493229494275,0.0,0.0,0.0,0.0,0.0,off,off,off,off,off
232.89999999998764,0.3,60.869999999988906,-0.7828682472401738,2.0791700987539343,3.023546443301143,2.07917009861211,-0.7828682475674782,-4.768326663474056,-4.768326663642256,0.6773793645051613,0.7561535240122356,0.7689383207185314,0.756153524010355,0.6773793645038867,0.21004932294847597,0.04078481699150331,0.010011181606377609,0.04078481699591645,0.2100493229494275,0.0,0.0,0.0,0.0,0.0,off,off,off,off,off
232.99999999998764,0.3,60.8999999999889,-0.7745772771346537,2.0870673083135785,3.0313960740882635,2.0870673081690825,-0.7745772774663919,-4.759753665919845,-4.759753666088557,0.6773994680785118,0.756289520318648,0.7689979602614767,0.756289520316765,0.6773994680772258,0.21004932294847597,0.0404468599573633,0.00989076321790771,0.04044685996176277,0.2100493229494275,0.0,0.0,0.0,0.0,0.0,off,off,off,off,off
233.09999999998763,0.3,60.929999999988894,-0.766287812885821,2.0949639082114686,3.0392448999548947,2.0949639080663474,-0.766287813218753,-4.751182323697549,-4.751182323866715,0.6774195674348215,0.7564249325223809,0.7690572280347273,0.7564249325205014,0.6774195674335329,0.21004932294847597,0.04011043551669606,0.009771486325998726,0.040110435521082524,0.2100493229494275,0.0,0.0,0.0,0.0,0.0,off,off,off,off,off
233.19999999998763,0.3,60.95999999998889,-0.7579998442473652,2.102859917686544,3.047092940476375,2.102859917538865,-0.7579998445871183,-4.742612636205195,-4.742612636374815,0.6774396626004557,0.7565597587139868,0.7691161262789545,0.7565597587121063,0.6774396625991506,0.21004932294847597,0.03977555219168009,0.009653344644450815,0.03977555219605311,0.2100493229494275,0.0,0.0,0.0,0.0,0.0,off,off,off,off,off
233.29999999998762,0.3,60.98999999998888,-0.7497133610331161,2.1107553557750407,3.054940215095769,2.110755355628555,-0.7497133613742903,-4.734044602814265,-4.73404460298417,0.6774597536016257,0.7566939970593922,0.7691746572413136,0.7566939970575202,0.6774597536003168,0.21004932294847597,0.039442218282760635,0.009536331854756044,0.03944221828712093,0.2100493229494275,0.0,0.0,0.0,0.0,0.0,off,off,off,off,off
233.3999999999876,0.3,61.019999999988876,-0.7414283530873149,2.118650241328851,3.062786743101242,2.1186502411812285,-0.741428353429626,-4.725478222869526,-4.725478223039943,0.6774798404644631,0.7568276457993396,0.7692328231750194,0.7568276457974692,0.6774798404631519,0.21004932294847597,0.03911044186960636,0.009420441607340674,0.03911044187395321,0.2100493229494275,0.0,0.0,0.0,0.0,0.0,off,off,off,off,off
233.4999999999876,0.3,61.04999999998887,-0.7331448103134903,2.126544593009953,3.0706325436482302,2.1265445928613076,-0.7331448106546645,-4.7169134956897665,-4.716913495860638,0.6774999232149502,0.7569607032487649,0.7692906263390465,0.7569607032468973,0.6774999232136416,0.21004932294847597,0.03878023081208638,0.009305667522796874,0.03878023081641943,0.2100493229494275,0.0,0.0,0.0,0.0,0.0,off,off,off,off,off
233.5999999999876,0.3,61.079999999988864,-0.7248627226628059,2.1344384292813174,3.0784776357480723,2.134438429135514,-0.7248627230005695,-4.708350420567399,-4.708350420738725,0.6775200018789442,0.75709316779616,0.769348068997743,0.7570931677943057,0.6775200018776442,0.21004932294847597,0.03845159275127292,0.009192003193101804,0.03845159275559195,0.2100493229494275,0.0,0.0,0.0,0.0,0.0,off,off,off,off,off
233.6999999999876,0.3,61.10999999998886,-0.7165820801290579,2.1423317684207177,3.0863220382585723,2.1423317682762786,-0.7165820804737564,-4.699788996768916,-4.699788996940924,0.6775400764821944,0.7572250379029949,0.7694051534204541,0.7572250379011503,0.6775400764808776,0.21004932294847597,0.038124535110471244,0.009079442182825413,0.038124535114774566,0.2100493229494275,0.0,0.0,0.0,0.0,0.0,off,off,off,off,off
233.7999999999876,0.3,61.13999999998885,-0.7083028727687406,2.150224628511012,3.0941657698992913,2.150224628366118,-0.7083028731181003,-4.691229223535686,-4.691229223708092,0.6775601470502914,0.7573563121030708,0.7694618818812133,0.757356312101231,0.6775601470489628,0.21004932294847597,0.03779906509626699,0.008967978030327495,0.03779906510055403,0.2100493229494275,0.0,0.0,0.0,0.0,0.0,off,off,off,off,off
233.89999999998759,0.3,61.169999999988846,-0.7000250906862675,2.15811702744287,3.1020088492375066,2.15811702729809,-0.7000250910363661,-4.682671100082928,-4.682671100255902,0.6775802136087017,0.7574869890019069,0.769518256658366,0.7574869890000739,0.6775802136073712,0.21004932294847597,0.037475189699599974,0.00885760424894116,0.03747518970387143,0.2100493229494275,0.0,0.0,0.0,0.0,0.0,off,off,off,off,off
233.99999999998758,0.3,61.19999999998884,-0.6917487240291393,2.1660089829163667,3.109851294694977,2.166008982767721,-0.6917487243827622,-4.674114625600907,-4.6741146257743935,0.6776002761827818,0.7576170672761184,0.7695742800342437,0.7576170672742811,0.6776002761814427,0.21004932294847597,0.03715291569686219,0.008748314328145643,0.03715291570111902,0.2100493229494275,0.0,0.0,0.0,0.0,0.0,off,off,off,off,off
234.09999999998757,0.3,61.229999999988834,-0.6834737630128984,2.173900512436717,3.117693124550158,2.173900512288583,-0.683473763365555,-4.665559799254936,-4.665559799428934,0.6776203347977159,0.7577465456727766,0.7696299542948393,0.7577465456709458,0.6776203347963796,0.21004932294847597,0.03683224965101521,0.00864010173472679,0.03683224965525698,0.2100493229494275,0.0,0.0,0.0,0.0,0.0,off,off,off,off,off
234.19999999998757,0.3,61.25999999998883,-0.6752001978881594,2.1817916333178573,3.1255343569264937,2.181791633170292,-0.675200198238656,-4.657006620185655,-4.65700662036005,0.6776403894785981,0.7578754230087876,0.76968528172944,0.7578754230069643,0.6776403894772675,0.21004932294847597,0.036513197912728515,0.008532959913925053,0.03651319791695482,0.2100493229494275,0.0,0.0,0.0,0.0,0.0,off,off,off,off,off
234.29999999998756,0.3,61.28999999998882,-0.6669280189739766,2.1896823626822197,3.1333750098059454,2.189682362532551,-0.6669280193238478,-4.6484550875088075,-4.648455087683601,0.6776604402503488,0.7580036981702601,0.7697402646303398,0.7580036981684372,0.6776604402490193,0.21004932294847597,0.036195766621542724,0.008426882290572155,0.03619576662575364,0.2100493229494275,0.0,0.0,0.0,0.0,0.0,off,off,off,off,off
234.39999999998756,0.3,61.319999999988816,-0.6586572166385167,2.1975727174576605,3.1412151010072193,2.1975727173124824,-0.6586572169870237,-4.6399052003159795,-4.639905200491114,0.6776804871377627,0.75813137011186,0.7697949052924572,0.7581313701100556,0.677680487136437,0.21004932294847597,0.035879961707051614,0.008321862270215691,0.03587996171124662,0.2100493229494275,0.0,0.0,0.0,0.0,0.0,off,off,off,off,off
234.49999999998755,0.3,61.34999999998881,-0.6503877812958194,2.2054627143873518,3.1490546482101536,2.205462714242799,-0.6503877816482486,-4.631356957674427,-4.631356957850187,0.677700530165519,0.7582584378562004,0.7698492060130793,0.7582584378544035,0.6777005301641831,0.21004932294847597,0.03556578889010318,0.008217893240231306,0.03556578889428139,0.2100493229494275,0.0,0.0,0.0,0.0,0.0,off,off,off,off,off
234.59999999998755,0.3,61.379999999988804,-0.6421197034308079,2.2133523700185833,3.156893668938096,2.2133523698708473,-0.6421197037849993,-4.622810358627817,-4.622810358804088,0.6777205693581153,0.7583849004931705,0.7699031690915038,0.7583849004913714,0.6777205693567753,0.21004932294847597,0.03525325368402343,0.008114968570921886,0.035253253688185215,0.2100493229494275,0.0,0.0,0.0,0.0,0.0,off,off,off,off,off
234.69999999998754,0.3,61.4099999999888,-0.6338529735764382,2.221241700699693,3.1647321805626802,2.2212417005529232,-0.6338529739323349,-4.614265402196111,-4.614265402372666,0.6777406047399296,0.7585107571792854,0.769956796828738,0.758510757177495,0.6777406047385853,0.21004932294847597,0.03494236139586053,0.008013081616606037,0.03494236140000629,0.2100493229494275,0.0,0.0,0.0,0.0,0.0,off,off,off,off,off
234.79999999998753,0.3,61.43999999998879,-0.6255875823152337,2.229130722595926,3.1725702003082574,2.2291307224486445,-0.6255875826733472,-4.6057220873754545,-4.605722087552408,0.6777606363352118,0.7586360071370856,0.7700100915272041,0.7586360071352997,0.6777606363338622,0.21004932294847597,0.034633117127647224,0.007912225716693201,0.03463311713177614,0.2100493229494275,0.0,0.0,0.0,0.0,0.0,off,off,off,off,off
234.89999999998753,0.3,61.46999999998879,-0.61732352030333,2.237019451678975,3.180407745240018,2.237019451531637,-0.6173235206586014,-4.597180413138858,-4.59718041331638,0.6777806641680273,0.7587606496544643,0.7700630554904051,0.7587606496526847,0.6777806641666847,0.21004932294847597,0.0343255257776789,0.00781239419674687,0.03432552578179126,0.2100493229494275,0.0,0.0,0.0,0.0,0.0,off,off,off,off,off
234.99999999998752,0.3,61.49999999998878,-0.6090607782342659,2.2449079037294837,3.1882448322758137,2.244907903584135,-0.6090607785905036,-4.588640378436651,-4.588640378614741,0.6778006882623451,0.7588846840840253,0.7701156910224157,0.7588846840822578,0.6778006882610002,0.21004932294847597,0.0340195920418163,0.007713580369534881,0.03401959204591174,0.2100493229494275,0.0,0.0,0.0,0.0,0.0,off,off,off,off,off
235.09999999998752,0.3,61.529999999988775,-0.6007993468789437,2.252796094335622,3.1960814781799627,2.252796094192661,-0.6007993472303497,-4.580101982196197,-4.580101982374742,0.6778207086419392,0.7590081098424323,0.7701680004282585,0.759008109840678,0.6778207086406065,0.21004932294847597,0.033715320414802095,0.0076157775360686545,0.03371532041887963,0.2100493229494275,0.0,0.0,0.0,0.0,0.0,off,off,off,off,off
235.1999999999875,0.3,61.55999999998877,-0.59253921704709,2.2606840388995124,3.2039176995520506,2.260684038757404,-0.5925392173994624,-4.571565223322239,-4.571565223501295,0.6778407253304863,0.7591309264097771,0.7702199860129719,0.7591309264080317,0.6778407253291506,0.21004932294847597,0.03341271519159636,0.007518978986628908,0.033412715195655626,0.2100493229494275,0.0,0.0,0.0,0.0,0.0,off,off,off,off,off
235.2999999999875,0.3,61.58999999998876,-0.5842803796172689,2.2685717526267695,3.2117535128528516,2.268571752479943,-0.5842803799687317,-4.5630301006971195,-4.563030100876745,0.6778607383514864,0.7592531333288985,0.7702716500815199,0.7592531333271467,0.6778607383501529,0.21004932294847597,0.03311178046872938,0.007423178001779646,0.03311178047277044,0.2100493229494275,0.0,0.0,0.0,0.0,0.0,off,off,off,off,off
235.3999999999875,0.3,61.61999999998876,-0.5760228255310267,2.276459250534913,3.2195889343755653,2.2764592503928043,-0.5760228258834559,-4.55449661318147,-4.5544966133614935,0.677880747728283,0.7593747302047548,0.7703229949384676,0.7593747302030228,0.6778807477269476,0.21004932294847597,0.03281252014567326,0.007328367853368844,0.03281252014969629,0.2100493229494275,0.0,0.0,0.0,0.0,0.0,off,off,off,off,off
235.4999999999875,0.3,61.64999999998875,-0.5677665457811827,2.2843465474558684,3.227423980267531,2.2843465473098377,-0.5677665461361698,-4.545964759613582,-4.54596475979406,0.6779007534840887,0.7594957167037784,0.7703740228877662,0.7594957167020419,0.6779007534827469,0.21004932294847597,0.03251493792622542,0.007234541805517818,0.03251493793023046,0.2100493229494275,0.0,0.0,0.0,0.0,0.0,off,off,off,off,off
235.5999999999875,0.3,61.679999999988745,-0.5595115314239365,2.2922336580228375,3.2352586665184617,2.2922336578783415,-0.5595115317751151,-4.537434538810373,-4.537434538991249,0.6779207556419572,0.7596160925531833,0.770424736232441,0.7596160925514582,0.6779207556406245,0.21004932294847597,0.03221903731991452,0.007141693115597027,0.03221903732390193,0.2100493229494275,0.0,0.0,0.0,0.0,0.0,off,off,off,off,off
235.69999999998748,0.3,61.70999999998874,-0.5512577735739796,2.3001205966911584,3.24309300895942,2.3001205965474014,-0.5512577739249309,-4.528905949567161,-4.528905949748491,0.6779407542247924,0.7597358575403724,0.7704751372743212,0.7597358575386558,0.6779407542234605,0.21004932294847597,0.03192482164341776,0.007049815035190734,0.03192482164738672,0.2100493229494275,0.0,0.0,0.0,0.0,0.0,off,off,off,off,off
235.79999999998748,0.3,61.73999999998873,-0.5430052634069966,2.308007377716251,3.2509270232696394,2.3080073775751657,-0.5430052637565836,-4.520378990658344,-4.520378990840186,0.677960749255347,0.7598550115122181,0.7705252283137883,0.7598550115105162,0.6779607492540185,0.21004932294847597,0.031632294021992684,0.006958900811048192,0.03163229402594277,0.2100493229494275,0.0,0.0,0.0,0.0,0.0,off,off,off,off,off
235.89999999998747,0.3,61.76999999998873,-0.5347539921586417,2.3158940151822662,3.2587607249696475,2.315894015037941,-0.5347539925078877,-4.511853660837289,-4.511853661019472,0.6779807407562211,0.7599735543744892,0.7705750116494979,0.7599735543727851,0.6779807407548928,0.21004932294847597,0.031341457390928716,0.006868943686022554,0.031341457394859405,0.2100493229494275,0.0,0.0,0.0,0.0,0.0,off,off,off,off,off
235.99999999998747,0.3,61.79999999998872,-0.5265039511261875,2.3237805229690025,3.266594129423652,2.3237805228218917,-0.5265039514717955,-4.503329958836559,-4.5033299590191405,0.6780007287498593,0.7600914860911013,0.7706244895781247,0.7600914860893961,0.6780007287485404,0.21004932294847597,0.031052314497006135,0.0067799368999976505,0.031052314500919,0.2100493229494275,0.0,0.0,0.0,0.0,0.0,off,off,off,off,off
236.09999999998746,0.3,61.829999999988715,-0.518255131667388,2.33166691477345,3.2744272518406774,2.3316669146240656,-0.5182551320159519,-4.4948078833680825,-4.494807883551118,0.6780207132585547,0.7602088066835222,0.7706736643941087,0.7602088066818176,0.6780207132572279,0.21004932294847597,0.030764867899979537,0.006691873690802363,0.03076486790387499,0.2100493229494275,0.0,0.0,0.0,0.0,0.0,off,off,off,off,off
236.19999999998745,0.3,61.85999999998871,-0.510007525203946,2.3395532041081424,3.2822601072787734,2.3395532039585305,-0.5100075255556362,-4.4862874331238345,-4.486287433307382,0.6780406943044386,0.7603255162301091,0.7707225383894191,0.76032551622841,0.6780406943031045,0.21004932294847597,0.030479119974066483,0.006604747295111825,0.030479119977944304,0.2100493229494275,0.0,0.0,0.0,0.0,0.0,off,off,off,off,off
236.29999999998745,0.3,61.8899999999887,-0.5017611232192962,2.347439404302122,3.2900927106251174,2.347439404151487,-0.5017611235716117,-4.477768606775669,-4.477768606959614,0.6780606719094878,0.7604416148654584,0.7707711138532485,0.760441614863763,0.6780606719081522,0.21004932294847597,0.030195072909450196,0.006518550949336871,0.03019507291331013,0.2100493229494275,0.0,0.0,0.0,0.0,0.0,off,off,off,off,off
236.39999999998744,0.3,61.9199999999887,-0.49351591725536537,2.355325528494461,3.2979250766191512,2.3553255283455314,-0.4935159176103525,-4.469251402975715,-4.469251403159888,0.6780806460955309,0.760557102779729,0.7708193930718352,0.7605571027780451,0.6780806460941887,0.21004932294847597,0.029912728713798447,0.006433277890501466,0.029912728717640454,0.2100493229494275,0.0,0.0,0.0,0.0,0.0,off,off,off,off,off
236.49999999998744,0.3,61.94999999998869,-0.4852718989243954,2.363211589640514,3.305757219847351,2.3632115894907884,-0.485271899279212,-4.460735820356035,-4.460735820540776,0.6781006168842207,0.7606719802180052,0.7708673783282073,0.7606719802163259,0.678100616882879,0.21004932294847597,0.029632089213794965,0.006348921357106588,0.029632089217618052,0.2100493229494275,0.0,0.0,0.0,0.0,0.0,off,off,off,off,off
236.59999999998743,0.3,61.979999999988685,-0.4770290598908673,2.3710976005082216,3.3135891547341316,2.371097600359178,-0.4770290602469913,-4.4522218575300485,-4.452221857715244,0.6781205842970783,0.7607862474796303,0.7709150719019233,0.7607862474779598,0.6781205842957335,0.21004932294847597,0.029353156056680728,0.00626547458998211,0.029353156060485153,0.2100493229494275,0.0,0.0,0.0,0.0,0.0,off,off,off,off,off
236.69999999998743,0.3,62.00999999998868,-0.4687873918946366,2.3789835736891973,3.3214208955446907,2.378983573542598,-0.4687873922443373,-4.44370951309179,-4.443709513277383,0.6781405483554346,0.7608999049175833,0.7709624760688454,0.7608999049159261,0.6781405483541061,0.21004932294847597,0.029075930711809143,0.006182930833126868,0.029075930715594528,0.2100493229494275,0.0,0.0,0.0,0.0,0.0,off,off,off,off,off
236.79999999998742,0.3,62.03999999998867,-0.4605468867192144,2.3868695215846856,3.3292524563923394,2.386869521440076,-0.46054688707170044,-4.4351987856164214,-4.435198785802356,0.6781605090805123,0.7610129529377828,0.7710095931009311,0.7610129529361382,0.6781605090791767,0.21004932294847597,0.028800414472210156,0.006101283334536171,0.028800414475975974,0.2100493229494275,0.0,0.0,0.0,0.0,0.0,off,off,off,off,off
236.89999999998741,0.3,62.06999999998867,-0.4523075362324107,2.3947554564174993,3.337083851227135,2.394755456274993,-0.4523075365902969,-4.426689673660121,-4.426689673846511,0.6781804664933208,0.7611253919984687,0.771056425265981,0.7611253919968369,0.6781804664919716,0.21004932294847597,0.028526608456168726,0.006020525347016213,0.028526608459914386,0.2100493229494275,0.0,0.0,0.0,0.0,0.0,off,off,off,off,off
236.9999999999874,0.3,62.09999999998866,-0.4440693323595042,2.402641390230258,3.344915093853558,2.4026413900818966,-0.4440693327168219,-4.418182175761274,-4.418182175948061,0.678200420614727,0.7612372226095416,0.7711029748274618,0.7612372226079012,0.6782004206133793,0.21004932294847597,0.028254513608811233,0.005940650128987196,0.02825451361253696,0.2100493229494275,0.0,0.0,0.0,0.0,0.0,off,off,off,off,off
237.0999999999874,0.3,62.129999999988655,-0.4358322670817074,2.410527334874473,3.3527461979065265,2.41052733472452,-0.43583226743811565,-4.409676290439791,-4.409676290626919,0.6782203714654552,0.7613484453318833,0.7711492440442258,0.7613484453302451,0.6782203714641097,0.21004932294847597,0.02798413070370377,0.005861650945273541,0.02798413070741058,0.2100493229494275,0.0,0.0,0.0,0.0,0.0,off,off,off,off,off
237.1999999999874,0.3,62.15999999998865,-0.42759633244997985,2.418413302032036,3.3605771768713453,2.418413301883618,-0.4275963328091166,-4.401172016197506,-4.401172016384976,0.6782403190660566,0.7614590607767587,0.7711952351703495,0.7614590607751321,0.6782403190647042,0.21004932294847597,0.027715460344459927,0.005783521067882221,0.027715460348147817,0.2100493229494275,0.0,0.0,0.0,0.0,0.0,off,off,off,off,off
237.2999999999874,0.3,62.18999999998864,-0.41936152058383414,2.42629930320021,3.3684080440700654,2.426299303049177,-0.41936152094115187,-4.392669351518691,-4.3926693517066155,0.6782602634369096,0.7615690696051296,0.7712409504548904,0.7615690696035019,0.6782602634355618,0.21004932294847597,0.027448502966357893,0.0057062537767687115,0.027448502970026753,0.2100493229494275,0.0,0.0,0.0,0.0,0.0,off,off,off,off,off
237.3999999999874,0.3,62.21999999998864,-0.41112782366377587,2.434185349690779,3.376238812677059,2.4341853495388364,-0.411127824015864,-4.384168294870165,-4.384168295058487,0.6782802045982398,0.7616784725269972,0.7712863921417196,0.7616784725253738,0.6782802045969054,0.21004932294847597,0.027183258837967607,0.005629842360590676,0.027183258841617524,0.2100493229494275,0.0,0.0,0.0,0.0,0.0,off,off,off,off,off
237.49999999998738,0.3,62.24999999998863,-0.40289523392698356,2.4420714526547727,3.3840694957014534,2.4420714525012954,-0.4028952342752632,-4.375668844701352,-4.375668844890072,0.6783001425701314,0.7617872703008246,0.7713315624692739,0.7617872702992039,0.6783001425688062,0.21004932294847597,0.026919728062784785,0.005554280117449645,0.026919728066415953,0.2100493229494275,0.0,0.0,0.0,0.0,0.0,off,off,off,off,off
237.59999999998738,0.3,62.279999999988625,-0.3946637436844753,2.44995762304643,3.391900106004755,2.449957622895795,-0.39466374403446025,-4.367170999444738,-4.367170999633913,0.6783200773724817,0.7618954637327895,0.7713764636704025,0.7618954637311839,0.6783200773711522,0.21004932294847597,0.026657910580874272,0.005479560355620517,0.026657910584486435,0.2100493229494275,0.0,0.0,0.0,0.0,0.0,off,off,off,off,off
237.69999999998737,0.3,62.30999999998862,-0.38643334531167284,2.4578438716576443,3.3997306562811787,2.4578438715051902,-0.38643334566410203,-4.358674757515985,-4.358674757705614,0.678340009025029,0.7620030536762321,0.7714210979721201,0.7620030536746284,0.6783400090236933,0.21004932294847597,0.026397806170523157,0.0054056763942689195,0.026397806174115534,0.2100493229494275,0.0,0.0,0.0,0.0,0.0,off,off,off,off,off
237.79999999998736,0.3,62.33999999998861,-0.37820403124334234,2.4657302090958524,3.4075611590766925,2.4657302089433983,-0.37820403159463467,-4.350180117314267,-4.350180117504294,0.678359937547361,0.7621100410309486,0.7714654675954663,0.7621100410293515,0.6783599375460279,0.21004932294847597,0.026139414449898056,0.005332621564157085,0.026139414453471402,0.2100493229494275,0.0,0.0,0.0,0.0,0.0,off,off,off,off,off
237.89999999998736,0.3,62.36999999998861,-0.3699757939822348,2.473616645800064,3.4153916267799787,2.4736166456418687,-0.36997579433528927,-4.341687077222332,-4.3416870774127005,0.6783798629588959,0.7622164267425933,0.7715095747552932,0.7622164267409878,0.6783798629575585,0.21004932294847597,0.025882734878714654,0.005260389208336725,0.025882734882268763,0.2100493229494275,0.0,0.0,0.0,0.0,0.0,off,off,off,off,off
237.99999999998735,0.3,62.3999999999886,-0.3617486261050544,2.481503192019659,3.4232220716237975,2.481503191861975,-0.3617486264546983,-4.333195635606728,-4.333195635797438,0.678399785278867,0.7623222118019772,0.7715534216600843,0.7623222118003794,0.6783997852775385,0.21004932294847597,0.025627766759908764,0.005188972682830878,0.025627766763444634,0.2100493229494275,0.0,0.0,0.0,0.0,0.0,off,off,off,off,off
238.09999999998735,0.3,62.429999999988596,-0.3535225202327297,2.489389857847641,3.43105250568442,2.4893898576899005,-0.353522520580384,-4.324705790818143,-4.324705791009308,0.6784197045263972,0.7624273972445186,0.7715970105117719,0.7624273972429274,0.6784197045250735,0.21004932294847597,0.02537450924131923,0.005118365357303351,0.02537450924483631,0.2100493229494275,0.0,0.0,0.0,0.0,0.0,off,off,off,off,off
238.19999999998734,0.3,62.45999999998859,-0.3452974690675319,2.497276653199094,3.4388829408833885,2.497276653041979,-0.3452974694158115,-4.316217541191804,-4.316217541383423,0.6784396207204045,0.7625319841495457,0.7716403435055641,0.7625319841479629,0.6784396207190788,0.21004932294847597,0.0251229613173714,0.005048560615717036,0.02512296132086948,0.2100493229494275,0.0,0.0,0.0,0.0,0.0,off,off,off,off,off
238.29999999998734,0.3,62.489999999988584,-0.3370734653772729,2.50516358781465,3.4467133889861543,2.505163587656398,-0.33707346572401775,-4.307730885047533,-4.3077308852394935,0.678459533879644,0.762635973639669,0.7716834228297671,0.76263597363809,0.6784595338783218,0.21004932294847597,0.0248731218307709,0.004979551856979307,0.024873121834249896,0.2100493229494275,0.0,0.0,0.0,0.0,0.0,off,off,off,off,off
238.39999999998733,0.3,62.51999999998858,-0.32885050198535737,2.513050671263784,3.4545438616051456,2.513050671104793,-0.3288505023380708,-4.2992458206896345,-4.299245820881879,0.6784794440227311,0.7627393668801553,0.7717262506653784,0.7627393668785812,0.6784794440213946,0.21004932294847597,0.024624989474201605,0.004911332495576808,0.02462498947766167,0.2100493229494275,0.0,0.0,0.0,0.0,0.0,off,off,off,off,off
238.49999999998732,0.3,62.54999999998857,-0.32062857178766535,2.520937912950899,3.462374370200621,2.5209379127887814,-0.3206285721413451,-4.290762346407405,-4.290762346600161,0.6784993511681008,0.7628421650783104,0.7717688291865942,0.7628421650767341,0.678499351166762,0.21004932294847597,0.024378562792028127,0.004843895962197551,0.024378562795469592,0.2100493229494275,0.0,0.0,0.0,0.0,0.0,off,off,off,off,off
238.59999999998732,0.3,62.579999999988566,-0.3124076677477774,2.5288253221045807,3.4702049260687318,2.5288253219409853,-0.31240766810185505,-4.282280460475931,-4.282280460669028,0.678519255334018,0.7629443694828176,0.7718111605600707,0.7629443694812438,0.6785192553326787,0.21004932294847597,0.02413384018200496,0.004777235704342476,0.024133840185427854,0.2100493229494275,0.0,0.0,0.0,0.0,0.0,off,off,off,off,off
238.6999999999873,0.3,62.60999999998856,-0.3041877828870838,2.536712907789706,3.478035540366534,2.5367129076239507,-0.3041877832418436,-4.273800161155236,-4.273800161348788,0.6785391565386043,0.7630459813831424,0.7718532469448806,0.7630459813815695,0.6785391565372626,0.21004932294847597,0.023890819896986958,0.004711345186924728,0.02389081990039146,0.2100493229494275,0.0,0.0,0.0,0.0,0.0,off,off,off,off,off
238.7999999999873,0.3,62.639999999988554,-0.295968910292288,2.544600678898405,3.4858662240909553,2.5446006787305464,-0.2959689106488099,-4.265321446691303,-4.2653214468852525,0.6785590547998158,0.7631470021088813,0.7718950904923658,0.7631470021073095,0.6785590547984699,0.21004932294847597,0.023649500046647464,0.004646217892857323,0.02364950005003374,0.2100493229494275,0.0,0.0,0.0,0.0,0.0,off,off,off,off,off
238.8999999999873,0.3,62.66999999998855,-0.2877510431270025,2.552488644164214,3.4936969880805577,2.5524886439951615,-0.2877510434837518,-4.256844315315789,-4.256844315510307,0.6785789501354191,0.7632474330291722,0.7719366933459869,0.7632474330276033,0.6785789501340722,0.21004932294847597,0.023409878599197863,0.0045818473236299275,0.023409878602565975,0.2100493229494275,0.0,0.0,0.0,0.0,0.0,off,off,off,off,off
238.9999999999873,0.3,62.69999999998854,-0.27953417461179697,2.5603768121514463,3.5015278430300896,2.5603768119819392,-0.2795341749658178,-4.24836876524688,-4.248368765441967,0.6785988425630357,0.763347275552046,0.7719780576412164,0.7633472755504823,0.6785988425616962,0.21004932294847597,0.0231719533831106,0.004518226999874131,0.023171953386460248,0.2100493229494275,0.0,0.0,0.0,0.0,0.0,off,off,off,off,off
239.0999999999873,0.3,62.729999999988536,-0.2713182980292004,2.5682651912571828,3.5093587994744553,2.568265191087619,-0.27131829837833266,-4.239894794689121,-4.239894794884378,0.6786187321001351,0.7634465311238076,0.7720191855053428,0.7634465311222506,0.6786187320988079,0.21004932294847597,0.02293572208884662,0.004455350461916911,0.022935722092177948,0.2100493229494275,0.0,0.0,0.0,0.0,0.0,off,off,off,off,off
239.19999999998728,0.3,62.75999999998853,-0.2631034067301812,2.576153789719797,3.517189867804177,2.5761537895518813,-0.2631034070786882,-4.231422401833015,-4.23142240202867,0.6786386187640139,0.7635452012284446,0.7720600790573744,0.7635452012268983,0.6786386187626879,0.21004932294847597,0.022701182270586255,0.004393211270323578,0.022701182273898456,0.2100493229494275,0.0,0.0,0.0,0.0,0.0,off,off,off,off,off
239.29999999998728,0.3,62.789999999988524,-0.25488949413471573,2.584042615613953,3.525021058253401,2.584042615446265,-0.2548894944831659,-4.222951584856446,-4.222951585052442,0.6786585025717973,0.7636432873869933,0.7721007404078625,0.7636432873854542,0.6786585025704714,0.21004932294847597,0.022468331347958604,0.004331803006428871,0.022468331351251734,0.2100493229494275,0.0,0.0,0.0,0.0,0.0,off,off,off,off,off
239.39999999998727,0.3,62.81999999998852,-0.24667655372252284,2.591931676849015,3.53285238090416,2.5919316766818383,-0.24667655407353095,-4.214482341924281,-4.214482342120675,0.6786783835404606,0.7637407911569241,0.7721411716587768,0.763740791155394,0.6786783835391281,0.21004932294847597,0.022237166607777865,0.004271119272857438,0.02223716661105199,0.2100493229494275,0.0,0.0,0.0,0.0,0.0,off,off,off,off,off
239.49999999998727,0.3,62.84999999998851,-0.23846457904551244,2.599820981176947,3.540683845696435,2.5998209810145454,-0.23846457939851007,-4.2060146711883135,-4.206014671385219,0.6786982616867997,0.7638377141315519,0.772181374903401,0.7638377141300415,0.6786982616854621,0.21004932294847597,0.022007685205778837,0.004211153694033093,0.022007685209033255,0.2100493229494275,0.0,0.0,0.0,0.0,0.0,off,off,off,off,off
239.59999999998726,0.3,62.879999999988506,-0.23025356370993677,2.6077105361901545,3.5485154624091706,2.6077105360311066,-0.23025356406719766,-4.1975485707882285,-4.197548570985475,0.6787181370274742,0.7639340579394187,0.7722213522261462,0.7639340579379242,0.6787181370261259,0.21004932294847597,0.021779884168354115,0.004151899916676995,0.021779884171588042,0.2100493229494275,0.0,0.0,0.0,0.0,0.0,off,off,off,off,off
239.69999999998726,0.3,62.9099999999885,-0.22204350140316365,2.615600349323131,3.5563472406795995,2.615600349164424,-0.22204350175979926,-4.189084038851092,-4.1890840390489075,0.6787380095789419,0.7640298242436947,0.7722611057024799,0.7640298242422086,0.6787380095775954,0.21004932294847597,0.021553760394292836,0.004093351610295129,0.02155376039750569,0.2100493229494275,0.0,0.0,0.0,0.0,0.0,off,off,off,off,off
239.79999999998725,0.3,62.939999999988494,-0.213834385864061,2.6234904278514932,3.564179189990341,2.623490427695401,-0.21383438621677442,-4.180621073492034,-4.180621073690304,0.6787578793575308,0.7641250147415725,0.7723006373987636,0.7641250147401005,0.6787578793561946,0.21004932294847597,0.021329310656519652,0.0040355024676550465,0.021329310659711935,0.2100493229494275,0.0,0.0,0.0,0.0,0.0,off,off,off,off,off
239.89999999998724,0.3,62.96999999998849,-0.20562621089754884,2.6313807788981762,3.5720113196805983,2.631380778739981,-0.2056262112555487,-4.172159672814303,-4.17215967301297,0.6787777463794066,0.764219631163682,0.7723399493721645,0.764219631162211,0.6787777463780572,0.21004932294847597,0.02110653160383521,0.003978346205251432,0.02110653160700697,0.2100493229494275,0.0,0.0,0.0,0.0,0.0,off,off,off,off,off
239.99999999998724,0.3,62.99999999998848,-0.1974189703807383,2.639271409422747,3.5798436389418953,2.6392714092635288,-0.19741897073703285,-4.163699834909153,-4.163699835108332,0.6787976106605524,0.764313675273464,0.7723790436705221,0.7643136752719976,0.678797610659207,0.21004932294847597,0.02088541976265655,0.003921876563761207,0.020885419765808506,0.2100493229494275,0.0,0.0,0.0,0.0,0.0,off,off,off,off,off
240.09999999998723,0.3,63.029999999988476,-0.18921265824900502,2.647162326235275,3.587676156818077,2.647162326077705,-0.18921265860558378,-4.155241557856812,-4.155241558056559,0.6788174722168066,0.7644071488666149,0.7724179223322374,0.764407148865159,0.6788174722154608,0.21004932294847597,0.020665971538757977,0.0038660873084882586,0.02066597154188972,0.2100493229494275,0.0,0.0,0.0,0.0,0.0,off,off,off,off,off
240.19999999998723,0.3,63.05999999998847,-0.18100726850764204,2.655053535991499,3.5955088821983168,2.65505353583751,-0.1810072688629134,-4.1467848397262514,-4.146784839926397,0.6788373310638339,0.764500053770477,0.7724565873861365,0.7645000537690384,0.678837331062491,0.21004932294847597,0.020448183219009295,0.003810972229797482,0.020448183222120102,0.2100493229494275,0.0,0.0,0.0,0.0,0.0,off,off,off,off,off
240.29999999998722,0.3,63.089999999988464,-0.17280279521997954,2.6629450452005585,3.6033418238343415,2.662945045044637,-0.17280279557650147,-4.1383296785751895,-4.138329678775676,0.6788571872171538,0.7645923918434758,0.7724950408514116,0.764592391842039,0.6788571872158083,0.21004932294847597,0.020232050973115197,0.003756525143538519,0.020232050976205194,0.2100493229494275,0.0,0.0,0.0,0.0,0.0,off,off,off,off,off
240.39999999998722,0.3,63.11999999998846,-0.1645992325189809,2.670836860211466,3.611174990329573,2.670836860054237,-0.16459923287584388,-4.129876072450486,-4.129876072651314,0.6788770406921126,0.7646841649744935,0.7725332847374865,0.7646841649730605,0.678877040690766,0.21004932294847597,0.020017570855353516,0.0037027398914587536,0.020017570858423272,0.2100493229494275,0.0,0.0,0.0,0.0,0.0,off,off,off,off,off
240.4999999999872,0.3,63.14999999998845,-0.15639657459729506,2.6787289872293627,3.6190083901392427,2.6787289870717927,-0.15639657495438541,-4.121424019388542,-4.121424019589767,0.6788968915039073,0.7647753750823313,0.7725713210439094,0.7647753750809039,0.67889689150256,0.21004932294847597,0.019804738806312727,0.0036496103416063853,0.01980473880936231,0.2100493229494275,0.0,0.0,0.0,0.0,0.0,off,off,off,off,off
240.5999999999872,0.3,63.179999999988446,-0.14819481571493043,2.68662143231154,3.62684203158193,2.686621432152265,-0.14819481607736407,-4.112973517415298,-4.112973517616979,0.6789167396675668,0.7648660241151178,0.772609151760287,0.7648660241136925,0.6789167396662065,0.21004932294847597,0.019593550654625813,0.0035971303887233044,0.019593550657655244,0.2100493229494275,0.0,0.0,0.0,0.0,0.0,off,off,off,off,off
240.6999999999872,0.3,63.20999999998844,-0.13999395019885696,2.694514201358743,3.6346759228280234,2.694514201200036,-0.1399939505608927,-4.104524564546807,-4.104524564748772,0.6789365851979533,0.7649561140497095,0.7726467788661555,0.7649561140482928,0.6789365851965941,0.21004932294847597,0.01938400211870508,0.0035452939546275195,0.019384002121714317,0.2100493229494275,0.0,0.0,0.0,0.0,0.0,off,off,off,off,off
240.7999999999872,0.3,63.239999999988434,-0.13179397243578705,2.7024073001343822,3.642510071899835,2.70240729997397,-0.13179397279816385,-4.096077158788603,-4.096077158990852,0.678956428109781,0.765045646891168,0.7726842043308845,0.7650456468897536,0.6789564281084208,0.21004932294847597,0.019176088808472457,0.0034940949885859393,0.019176088811461735,0.2100493229494275,0.0,0.0,0.0,0.0,0.0,off,off,off,off,off
240.8999999999872,0.3,63.26999999998843,-0.12359487687768933,2.7103007342514047,3.650344486681604,2.71030073408906,-0.12359487723739448,-4.087631298136728,-4.087631298339431,0.6789762684175994,0.7651346246721545,0.7727214301134487,0.7651346246707414,0.6789762684162461,0.21004932294847597,0.018969806227088434,0.0034435274676771674,0.01896980623005816,0.2100493229494275,0.0,0.0,0.0,0.0,0.0,off,off,off,off,off
240.99999999998718,0.3,63.29999999998842,-0.11539665803655907,2.718194509179682,3.658179174916029,2.718194509017394,-0.11539665839433155,-4.0791869805779015,-4.079186980780946,0.6789961061358107,0.7652230494523817,0.7727584581626564,0.7652230494509759,0.6789961061344624,0.21004932294847597,0.018765149772678524,0.003393585397144303,0.018765149775628518,0.2100493229494275,0.0,0.0,0.0,0.0,0.0,off,off,off,off,off
241.09999999998718,0.3,63.32999999998842,-0.10719931049055731,2.7260886302457834,3.6660141442115446,2.7260886300801417,-0.10719931085094458,-4.070744204088896,-4.070744204292396,0.6790159412786513,0.7653109233180502,0.772795290417096,0.7653109233166423,0.6790159412772959,0.21004932294847597,0.018562114740055938,0.0033442628107376877,0.01856211474298631,0.2100493229494275,0.0,0.0,0.0,0.0,0.0,off,off,off,off,off
241.19999999998717,0.3,63.35999999998841,-0.09900282887934964,2.733983102632351,3.673849402023677,2.7339831024666523,-0.09900282924161274,-4.0623029666377874,-4.062302966841742,0.6790357738602034,0.7653982483812847,0.7728319288046537,0.7653982483798831,0.6790357738588437,0.21004932294847597,0.018360696322441642,0.0032955537710485515,0.018360696325352602,0.2100493229494275,0.0,0.0,0.0,0.0,0.0,off,off,off,off,off
241.29999999998716,0.3,63.389999999988405,-0.09080720791160957,2.7418779313810546,3.6816849556746547,2.741877931216493,-0.09080720827182631,-4.053863266183612,-4.053863266388021,0.679055603894379,0.7654850267795846,0.772868375242661,0.7654850267781929,0.6790556038930243,0.21004932294847597,0.01816088961318096,0.003247452369832862,0.0181608896160725,0.2100493229494275,0.0,0.0,0.0,0.0,0.0,off,off,off,off,off
241.39999999998716,0.3,63.4199999999884,-0.08261244234734022,2.749773121399869,3.68952081234346,2.749773121234,-0.08261244270596535,-4.045425100676539,-4.0454251008814595,0.6790754313949606,0.7655712606752912,0.7729046316377873,0.7655712606739027,0.6790754313936103,0.21004932294847597,0.01796268960745599,0.0031999527283255494,0.01796268961032791,0.2100493229494275,0.0,0.0,0.0,0.0,0.0,off,off,off,off,off
241.49999999998715,0.3,63.44999999998839,-0.07441852702470442,2.7576686774519317,3.697356979073845,2.75766867728089,-0.07441852737866839,-4.036988468058439,-4.036988468263758,0.6790952563755381,0.7656569522550053,0.7729406998859873,0.7656569522536092,0.6790952563741989,0.21004932294847597,0.0177660912039932,0.0031530489975452203,0.017766091206846,0.2100493229494275,0.0,0.0,0.0,0.0,0.0,off,off,off,off,off
241.59999999998715,0.3,63.47999999998839,-0.06622545682790815,2.7655646041595787,3.7051934627752985,2.7655646039857515,-0.06622545717868888,-4.028553366262372,-4.028553366468145,0.6791150788495847,0.7657421037290512,0.7729765818724316,0.7657421037276538,0.6791150788482527,0.21004932294847597,0.017571089206769534,0.003106735358589642,0.01757108920960378,0.2100493229494275,0.0,0.0,0.0,0.0,0.0,off,off,off,off,off
241.69999999998714,0.3,63.50999999998838,-0.05803322670772104,2.773460906012531,3.713030270209913,2.7734609058392152,-0.058033227062765036,-4.020119793213553,-4.020119793419838,0.6791348988304072,0.7658267173309553,0.7730122794713976,0.7658267173295652,0.6791348988290647,0.21004932294847597,0.017377678326711277,0.003061006022922129,0.017377678329526997,0.2100493229494275,0.0,0.0,0.0,0.0,0.0,off,off,off,off,off
241.79999999998714,0.3,63.539999999988375,-0.049841831686421756,2.7813575873665286,3.720867408016886,2.7813575871936678,-0.049841832041693124,-4.0116877468292955,-4.011687747035921,0.6791547163311376,0.7659107953169014,0.7730477945462751,0.7659107953155193,0.6791547163297944,0.21004932294847597,0.017185853183388906,0.00301585523264866,0.017185853186185724,0.2100493229494275,0.0,0.0,0.0,0.0,0.0,off,off,off,off,off
241.89999999998713,0.3,63.56999999998837,-0.04165126683926701,2.7892546524449813,3.7287048826878504,2.7892546522724047,-0.04165126719721002,-4.00325722501907,-4.00325722522598,0.6791745313647723,0.7659943399652008,0.7730831289494261,0.7659943399638264,0.6791745313634233,0.21004932294847597,0.016995608306706527,0.0029712772607857077,0.01699560830948437,0.2100493229494275,0.0,0.0,0.0,0.0,0.0,off,off,off,off,off
241.99999999998712,0.3,63.59999999998836,-0.033461527308077166,2.7971521053327137,3.736542700586199,2.7971521051582044,-0.0334615276653949,-3.9948282256845005,-3.9948282258917516,0.6791943439441455,0.7660773535757398,0.7731182845221821,0.7660773535743671,0.6791943439427975,0.21004932294847597,0.016806938138587108,0.0029272664115196213,0.016806938141345772,0.2100493229494275,0.0,0.0,0.0,0.0,0.0,off,off,off,off,off
242.09999999998712,0.3,63.62999999998836,-0.025272608289753862,2.805049949983868,3.7443808679390145,2.8050499498107797,-0.025272608645423134,-3.986400746719994,-3.9864007469277567,0.679214154081951,0.7661598384694733,0.7731532630947593,0.7661598384681102,0.6792141540806075,0.21004932294847597,0.016619837034651485,0.002883817020456565,0.016619837037391293,0.2100493229494275,0.0,0.0,0.0,0.0,0.0,off,off,off,off,off
242.1999999999871,0.3,63.65999999998835,-0.01708450504980874,2.812948190222869,3.752219390841617,2.812948190051486,-0.017084505402749528,-3.9779747860130215,-3.977974786221125,0.6792339617907137,0.7662417969878996,0.7731880664862126,0.7662417969865477,0.6792339617893767,0.21004932294847597,0.01643429926589174,0.002840923454864043,0.016434299268612354,0.2100493229494275,0.0,0.0,0.0,0.0,0.0,off,off,off,off,off
242.2999999999871,0.3,63.689999999988345,-0.008897212904685148,2.8208468297492004,3.7600582752571654,2.8208468295767375,-0.008897213258308057,-3.9695503414438917,-3.9695503416523934,0.6792537670828311,0.7663232314925543,0.7732226965043819,0.766323231491206,0.6792537670814925,0.21004932294847597,0.016250319020338248,0.0027985801139035153,0.016250319023039524,0.2100493229494275,0.0,0.0,0.0,0.0,0.0,off,off,off,off,off
242.3999999999871,0.3,63.71999999998834,-0.0007107272356279282,2.828745872121374,3.7678975270173396,2.828745871952208,-0.0007107275919224776,-3.9611274108856946,-3.9611274110947647,0.6792735699705398,0.7664041443642482,0.7732571549458407,0.7664041443629157,0.6792735699691942,0.21004932294847597,0.016067890404720894,0.0027567814288545793,0.016067890407402762,0.2100493229494275,0.0,0.0,0.0,0.0,0.0,off,off,off,off,off
242.4999999999871,0.3,63.74999999998833,0.007473366560930117,2.836645312348196,3.7757371517338356,2.836645312179769,0.0074733662067956175,-3.9527059938751563,-3.952705994084795,0.6792941910715217,0.7664845379804445,0.7732914435956045,0.7664845379791205,0.679294191070066,0.21004767802453364,0.0158870074461773,0.002715521863330567,0.01588700744883955,0.2100476780257204,0.0,0.0,0.0,0.0,0.0,off,off,off,off,off
242.5499999999871,0.3,63.76499999998833,0.011562885236912734,2.8405951637001294,3.7796571053946764,2.840595163531816,0.011562884890395253,-3.9484958560627774,-3.9484958562725296,0.6793056923795826,0.7665245407715476,0.7733085248025718,0.7665245407702272,0.6793056923780701,0.21004443538578657,0.015797143700780787,0.0026950925291627293,0.015797143703433183,0.21004443538712594,0.0,0.0,0.0,0.0,0.0,off,off,off,off,off
