time_s,current_A_cm2,charge_C_cm2,T1_C,T2_C,T3_C,T4_C,T5_C,left_plate_C,right_plate_C,V1_V,V2_V,V3_V,V4_V,V5_V,ice1,ice2,ice3,ice4,ice5,q1_W_cm2,q2_W_cm2,q3_W_cm2,q4_W_cm2,q5_W_cm2,mode1,mode2,mode3,mode4,mode5
0.0,0.0,0.0,-30.00000000000017,-30.00000000000017,-30.00000000000017,-30.00000000000017,-30.000000000000085,-30.0,-30.0,1.26757512097522,1.26757512097522,1.26757512097522,1.26757512097522,1.26757512097522,0.0,0.0,0.0,0.0,0.0,0.0,0.0,0.0,0.0,0.0,off,off,off,off,off
0.24999999999999997,0.0012499999999999998,0.00015625000000000003,-29.8041918668292,-29.8685431390372,-29.896736618574096,-29.868542988647988,-29.804184054542674,-29.99924421509698,-29.999244184832094,0.8470227082714014,0.8468245247054177,0.8467367455119911,0.8468245251736477,0.8470227325944699,0.0,0.0,0.0,0.0,0.0,0.49466,0.32,0.25,0.32,0.49468,hold,hold,hold,hold,hold
0.5,0.0025,0.0006249999999999998,-29.61858851476333,-29.735671200590673,-29.791157108268436,-29.735670654084117,-29.61857348031242,-29.997171961771187,-29.9971718494304,0.816095384110529,0.8157483176965378,0.8155817816296851,0.815748319336822,0.8160954292340937,0.0,0.0,0.0,0.0,0.0,0.49466,0.32,0.25,0.32,0.49468,hold,hold,hold,hold,hold
0.75,0.00375,0.001406249999999999,-29.442288473659943,-29.601716631244017,-29.683317938928838,-29.60171547884036,-29.442266751860615,-29.99386017378862,-29.993859931822357,0.7971972947004374,0.7967352749513035,0.7964954546757484,0.7967352783381031,0.797197358536246,0.0,0.0,0.0,0.0,0.0,0.49466,0.32,0.25,0.32,0.49468,hold,hold,hold,hold,hold
1.0,0.005,0.0024999999999999983,-29.274480873432054,-29.466969955623625,-29.573300376523605,-29.4669680192587,-29.27445294938485,-29.98937932068523,-29.98937890541194,0.7832202830247952,0.7826714107754632,0.7823634016385316,0.7826714163844756,0.7832203639067011,0.0,0.0,0.0,0.0,0.0,0.49466,0.32,0.25,0.32,0.49468,hold,hold,hold,hold,hold
1.2499999999999991,0.006249999999999996,0.003906249999999998,-29.11443194926676,-29.331681242951333,-29.461201063859022,-29.331678372497123,-29.114398263348647,-29.983794026768834,-29.983793398020993,0.7719406287623676,0.7713289834127949,0.7709578312158553,0.7713289916381734,0.7719407252822489,0.0,0.0,0.0,0.0,0.0,0.49466,0.32,0.25,0.32,0.49468,hold,hold,hold,hold,hold
1.4999999999999982,0.007499999999999991,0.0056249999999999955,-28.961476369568175,-29.196064568421207,-29.347127160236482,-29.19606063832012,-28.96143732191524,-29.977163614970777,-29.977162735775863,0.762370354304478,0.7617168723622564,0.7612876297166028,0.7617168835292139,0.7623704652419714,0.0,0.0,0.0,0.0,0.0,0.49466,0.32,0.25,0.32,0.49468,hold,hold,hold,hold,hold
1.7499999999999973,0.008749999999999987,0.007656249999999993,-28.815010098725026,-29.06030246161194,-29.23119281860167,-29.060297367913364,-28.814966053241676,-29.969542592913257,-29.969541429206487,0.7539842800662433,0.7533073096937637,0.752825023975891,0.7533073240685215,0.7539844043489029,0.0,0.0,0.0,0.0,0.0,0.49466,0.32,0.25,0.32,0.49468,hold,hold,hold,hold,hold
1.9999999999999964,0.009999999999999983,0.00999999999999999,-28.674484217143373,-28.92454996511205,-29.11351643913798,-28.924543622803554,-28.67443550509944,-29.960981089693092,-29.960979610058672,0.746470336200276,0.7457860352401671,0.7452557175476524,0.7457860530382835,0.7464704728772596,0.0,0.0,0.0,0.0,0.0,0.49466,0.32,0.25,0.32,0.49468,hold,hold,hold,hold,hold
2.2499999999999956,0.011249999999999979,0.012656249999999985,-28.539399473970263,-28.788938244918825,-28.994218481432114,-28.788930585588645,-28.539346397229963,-29.951525249441545,-29.951523424879213,0.739628359454473,0.7389510023040972,0.7383775933634645,0.7389510236974077,0.739628507677486,0.0,0.0,0.0,0.0,0.0,0.49466,0.32,0.25,0.32,0.49468,hold,hold,hold,hold,hold
2.4999999999999947,0.012499999999999973,0.01562499999999998,-28.409301446680615,-28.653577769607296,-28.873419713750536,-28.653568739351158,-28.409244280580964,-29.941217586552483,-29.941215390266734,0.7333225990719852,0.7326648236793057,0.7320531624170875,0.7326648488019156,0.7333227580806979,0.0,0.0,0.0,0.0,0.0,0.49466,0.32,0.25,0.32,0.49468,hold,hold,hold,hold,hold
2.749999999999994,0.013749999999999969,0.01890624999999997,-28.28377622096292,-28.51856109568783,-28.751239816990534,-28.518550653260007,-28.283715216920484,-29.93009730672827,-29.930094713938246,0.727456989941202,0.7268300021362218,0.7261847988684252,0.7268300310896446,0.7274571590515317,0.0,0.0,0.0,0.0,0.0,0.49466,0.32,0.25,0.32,0.49468,hold,hold,hold,hold,hold
2.999999999999993,0.014999999999999965,0.022499999999999964,-28.162446524383654,-28.383965300983533,-28.62779628105926,-28.383953416153503,-28.162381912220297,-29.918200597444525,-29.918197585212084,0.7219612364509345,0.7213749821232057,0.7207007967980654,0.7213750149808319,0.7219614150454606,0.0,0.0,0.0,0.0,0.0,0.49466,0.32,0.25,0.32,0.49468,hold,hold,hold,hold,hold
3.249999999999992,0.01624999999999996,0.026406249999999954,-28.044968259380596,-28.24985410655799,-28.50320354412679,-28.24984075865845,-28.044900249397813,-29.905560890995133,-29.905557438069508,0.7167824896364678,0.7162458017032103,0.7155470269933547,0.7162458385141827,0.7167826771564438,0.0,0.0,0.0,0.0,0.0,0.49466,0.32,0.25,0.32,0.49468,hold,hold,hold,hold,hold
3.499999999999991,0.017499999999999957,0.030624999999999944,-27.931027389682697,-28.1162797246468,-28.377572334036756,-28.116264901283557,-27.93095617454989,-29.892209102910897,-29.89220518958868,0.7118801201504277,0.711400845191902,0.7106816939742332,0.7114008859845066,0.7118803160889247,0.0,0.0,0.0,0.0,0.0,0.49466,0.32,0.25,0.32,0.49468,hold,hold,hold,hold,hold
3.7499999999999902,0.01874999999999995,0.03515624999999994,-27.820337140652185,-27.983284466291963,-28.251009177948873,-27.983268162219105,-27.820262897088583,-29.878173848235235,-29.878169456232257,0.7072223008246877,0.7068074089770824,0.7060719056540911,0.7068074537616651,0.7072225047207502,0.0,0.0,0.0,0.0,0.0,0.49466,0.32,0.25,0.32,0.49468,hold,hold,hold,hold,hold
3.9999999999999893,0.01999999999999995,0.039999999999999925,-27.71263547912531,-27.85090213869816,-28.123616051754453,-27.850884354792953,-27.712558369404746,-29.863481637860644,-29.863476750197464,0.7027836958044535,0.702439376652121,0.701691351764559,0.7024394254237261,0.7027839072380582,0.0,0.0,0.0,0.0,0.0,0.49466,0.32,0.25,0.32,0.49468,hold,hold,hold,hold,hold
4.249999999999993,0.021249999999999963,0.04515624999999991,-27.745789359601446,-27.810939299305147,-28.067454778113557,-27.810920119416778,-27.745715066117782,-29.84854404991856,-29.84853866635561,0.6981656466746444,0.6980242281565042,0.6973215224066927,0.6980242806901396,0.6981658501451459,0.0,0.0,0.0,0.0,0.0,0.0,0.0,0.0,0.0,0.0,off,off,off,off,off
4.499999999999993,0.022499999999999964,0.05062499999999983,-27.831544871276492,-27.81194338932403,-28.04318104668829,-27.81192307270703,-27.83147539110189,-29.834293816491595,-29.834287973812167,0.6935934410133104,0.6936862726272944,0.69305345654772,0.6936863282183711,0.6935936311295855,0.0,0.0,0.0,0.0,0.0,0.0,0.0,0.0,0.0,0.0,off,off,off,off,off
4.749999999999993,0.023749999999999966,0.05640624999999975,-27.90972902095382,-27.814440019357477,-28.020273512148748,-27.814418800446646,-27.909663929727856,-29.820713174719145,-29.820706908050568,0.6892173357135177,0.6895192453774219,0.6889564198756993,0.6895193033896685,0.689217513692578,0.0,0.0,0.0,0.0,0.0,0.0,0.0,0.0,0.0,0.0,off,off,off,off,off
4.999999999999993,0.024999999999999967,0.06249999999999966,-27.980995642757193,-27.81812458585287,-27.998726465540727,-27.81810266931157,-27.980934557693303,-29.807747193919965,-29.807740535347307,0.6850232155308339,0.6855118133932541,0.6850183106636795,0.685511873273426,0.6850233824632072,0.0,0.0,0.0,0.0,0.0,0.0,0.0,0.0,0.0,0.0,off,off,off,off,off
5.249999999999993,0.026249999999999964,0.06890624999999957,-28.045936467704905,-27.82273409443127,-27.97851548113985,-27.82271165852802,-28.04587904331885,-29.795345644008563,-29.795338622869195,0.6809990534350059,0.6816544042770423,0.6812289474827893,0.6816544655448965,0.6809992102992216,0.0,0.0,0.0,0.0,0.0,0.0,0.0,0.0,0.0,0.0,off,off,off,off,off
5.499999999999993,0.027499999999999965,0.07562499999999947,-28.105087411847848,-27.828041738944307,-27.95960133247013,-27.82801893855256,-28.105033336120556,-29.78346255428133,-29.78345519742902,0.6771345172964571,0.6779388557340272,0.6775796929701771,0.6779389179735616,0.6771346649717144,0.0,0.0,0.0,0.0,0.0,0.0,0.0,0.0,0.0,0.0,off,off,off,off,off
5.749999999999993,0.028749999999999967,0.08265624999999936,-28.158934191095994,-27.833852176475602,-27.941933296641253,-27.833829145776036,-28.158883182055206,-29.77205581648144,-29.77204814852402,0.6734206622221302,0.6743581443259046,0.6740631607379802,0.67435820717758,0.6734208014993371,0.0,0.0,0.0,0.0,0.0,0.0,0.0,0.0,0.0,0.0,off,off,off,off,off
5.999999999999993,0.029999999999999964,0.08999999999999926,-28.207917338289292,-27.83999740967778,-27.925451932995458,-27.839974264523136,-28.207869140932047,-29.76108682743765,-29.76107887094969,0.6698496870010454,0.670906173077434,0.6706729844192528,0.6709062362314546,0.6698498185925597,0.0,0.0,0.0,0.0,0.0,0.0,0.0,0.0,0.0,0.0,off,off,off,off,off
6.249999999999993,0.031249999999999965,0.09765624999999915,-28.25243668924091,-27.846333199042107,-27.91009141043716,-27.846310039095016,-28.252391072798844,-29.75052016709381,-29.75051194280846,0.6664147392376885,0.6675776033990504,0.6674036338203275,0.6675776665893506,0.6664148637858318,0.0,0.0,0.0,0.0,0.0,0.0,0.0,0.0,0.0,0.0,off,off,off,off,off
6.499999999999993,0.032499999999999966,0.10562499999999904,-28.292855396836245,-27.85273593753982,-27.89578144799657,-27.852712848150816,-28.292812152306254,-29.740323308213533,-29.740314835194425,0.6631097579530993,0.6643677208112291,0.6642502672504076,0.6643677838102442,0.6631098760377274,0.0,0.0,0.0,0.0,0.0,0.0,0.0,0.0,0.0,0.0,off,off,off,off,off
6.749999999999993,0.03374999999999997,0.11390624999999892,-28.3295035253293,-27.859099928597402,-27.882448924346107,-27.8590769825002,-28.32946246327967,-29.730466354452346,-29.73045765024878,0.6599293453706248,0.6612723267579985,0.6612086119656276,0.661272389371986,0.659929457515766,0.0,0.0,0.0,0.0,0.0,0.0,0.0,0.0,0.0,0.0,off,off,off,off,off
6.999999999999993,0.03499999999999997,0.1224999999999988,-28.362681271088974,-27.865335015918646,-27.870019204497112,-27.865312274719656,-28.36264221968483,-29.720921803855617,-29.720912884641564,0.656868661688207,0.658287650777877,0.6582748666991577,0.6582877128428309,0.656868768367968,0.0,0.0,0.0,0.0,0.0,0.0,0.0,0.0,0.0,0.0,off,off,off,off,off
7.249999999999993,0.03624999999999996,0.1314062499999987,-28.392661850669555,-27.87136452011697,-27.858417225363013,-27.871342035630335,-28.392624653899276,-29.71166433515873,-29.711655215858343,0.653923338141621,0.6554102787216721,0.6554456217142761,0.6554103400996907,0.6539234397854393,0.0,0.0,0.0,0.0,0.0,0.0,0.0,0.0,0.0,0.0,off,off,off,off,off
7.499999999999993,0.037499999999999964,0.14062499999999858,-28.419694092419718,-27.87712344293749,-27.847568376110075,-27.87710125835474,-28.41965860851809,-29.702670614555473,-29.70266130895618,0.6510894047599557,0.6526370937386109,0.6527177928871883,0.6526371543147292,0.6510895017572234,0.0,0.0,0.0,0.0,0.0,0.0,0.0,0.0,0.0,0.0,off,off,off,off,off
7.749999999999993,0.038749999999999965,0.15015624999999846,-28.444004763773535,-27.882556904732695,-27.8373992043407,-27.88253505568173,-28.443970863808687,-29.693919120849756,-29.693909641703527,0.648363230025398,0.6499652275116105,0.6500885671166656,0.6499652871909466,0.6483633227295742,0.0,0.0,0.0,0.0,0.0,0.0,0.0,0.0,0.0,0.0,off,off,off,off,off
7.999999999999993,0.039999999999999966,0.1599999999999983,-28.465800662690157,-27.88761878530164,-27.82783797482014,-27.887597300778793,-28.465768229284635,-29.685389987131032,-29.685380346246518,0.6457414702558711,0.6473920197865587,0.6475553569486223,0.6473920784918166,0.6457415589881788,0.0,0.0,0.0,0.0,0.0,0.0,0.0,0.0,0.0,0.0,off,off,off,off,off
8.249999999999993,0.04124999999999997,0.17015624999999815,-28.48527049847098,-27.892270541959192,-27.81881510369209,-27.892249445164936,-28.48523942466457,-29.67706485731341,-29.677055065638456,0.6432210269875179,0.6449149846644701,0.6451157627503276,0.6449150423337049,0.6432211120402063,0.0,0.0,0.0,0.0,0.0,0.0,0.0,0.0,0.0,0.0,off,off,off,off,off
8.499999999999993,0.04249999999999997,0.180624999999998,-28.50258658442243,-27.896480182054773,-27.810263488018705,-27.896459491109567,-28.5025567726492,-29.66892675605439,-29.66891682375055,0.6407990109836957,0.6425317824467269,0.6427675411092721,0.6425318390314403,0.6407990926229601,0.0,0.0,0.0,0.0,0.0,0.0,0.0,0.0,0.0,0.0,off,off,off,off,off
8.749999999999993,0.04374999999999996,0.19140624999999786,-28.517906362249875,-27.900221370023786,-27.802118747551333,-27.900201098639087,-28.51787772342263,-29.660959970725088,-29.660949907235334,0.6384727117670526,0.6402401960696958,0.6405085783944998,0.6402402515330533,0.6384727902356344,0.0,0.0,0.0,0.0,0.0,0.0,0.0,0.0,0.0,0.0,off,off,off,off,off
8.999999999999993,0.044999999999999964,0.2024999999999977,-28.531373775897777,-27.90347265167179,-27.79431939328947,-27.9034528097105,-28.53134622858704,-29.65314994424486,-29.653139758354655,0.6362395717808037,0.6380381113546179,0.6383368686218234,0.6380381656699675,0.6362396473003111,0.0,0.0,0.0,0.0,0.0,0.0,0.0,0.0,0.0,0.0,off,off,off,off,off
9.249999999999993,0.046249999999999965,0.21390624999999758,-28.543120510614273,-27.906216780472874,-27.78680693529722,-27.906197374471276,-28.543093980301535,-29.64548317771721,-29.64547287760911,0.6340971644496461,0.635923500446712,0.6362504949240839,0.6359235535962029,0.6340972372226533,0.0,0.0,0.0,0.0,0.0,0.0,0.0,0.0,0.0,0.0,off,off,off,off,off
9.499999999999993,0.047499999999999966,0.22562499999999738,-28.55326711117641,-27.908440132778793,-27.77952594038075,-27.908421166384812,-28.553241529604577,-29.637947141911383,-29.637936735215163,0.632043175540993,0.6338944079327202,0.63424761405381,0.6338944599061486,0.6320432457528643,0.0,0.0,0.0,0.0,0.0,0.0,0.0,0.0,0.0,0.0,off,off,off,off,off
9.749999999999993,0.04874999999999997,0.23765624999999724,-28.561923991857896,-27.910132200340655,-27.772424048712992,-27.910113674737346,-28.56189929641954,-29.630530196737055,-29.63051969057514,0.630075387330164,0.6319489392180939,0.6323264434458186,0.6319489900117817,0.6300754551507624,0.0,0.0,0.0,0.0,0.0,0.0,0.0,0.0,0.0,0.0,off,off,off,off,off
9.999999999999993,0.04999999999999997,0.24999999999999706,-28.56919234914986,-27.9112851501516,-27.76545195714681,-27.911267064391268,-28.569168482366678,-29.623221517943563,-29.623210918971324,0.6281916651567527,0.6300852508173741,0.6304852504476137,0.6300853004332968,0.6281917307418892,0.0,0.0,0.0,0.0,0.0,0.0,0.0,0.0,0.0,0.0,off,off,off,off,off
10.249999999999993,0.05124999999999996,0.2626562499999969,-28.575164987236604,-27.911893442839443,-27.758563375725117,-27.911875794157737,-28.575141896271475,-29.61601103035389,-29.61600034479713,0.6263899460258885,0.6283015422698208,0.6287223433904414,0.6283015907147778,0.6263900095186786,0.0,0.0,0.0,0.0,0.0,0.0,0.0,0.0,0.0,0.0,off,off,off,off,off
10.499999999999993,0.05249999999999996,0.27562499999999673,-28.57992706502276,-27.9119535019789,-27.751714962977047,-27.911936286078998,-28.579904701246363,-29.60888934701481,-29.608878580703532,0.624668228963017,0.6265960494392414,0.6270360642262082,0.6265960967241089,0.6246682904950825,0.0,0.0,0.0,0.0,0.0,0.0,0.0,0.0,0.0,0.0,off,off,off,off,off
10.749999999999993,0.053749999999999964,0.28890624999999653,-28.583556772634694,-27.911463427699204,-27.74486624466877,-27.911446638976003,-28.58353509124234,-29.601847713705638,-29.6018368721046,0.6230245668752279,0.624967038995087,0.6254247824986282,0.6249670851342319,0.6230246265677546,0.0,0.0,0.0,0.0,0.0,0.0,0.0,0.0,0.0,0.0,off,off,off,off,off
10.999999999999993,0.054999999999999966,0.3024999999999964,-28.58612594443744,-27.91042274874121,-27.737979519975,-27.910406380509443,-28.58610490409376,-29.59487795830401,-29.59486704654043,0.6214570597090475,0.6234128039032486,0.6238868904521536,0.6234128489139253,0.6214571176737663,0.0,0.0,0.0,0.0,0.0,0.0,0.0,0.0,0.0,0.0,off,off,off,off,off
11.249999999999993,0.05624999999999997,0.3164062499999962,-28.58770061489915,-27.908832207985398,-27.731019758356013,-27.908816252666497,-28.58768017743128,-29.587972444556243,-29.587961467445467,0.6199638487249561,0.621931659780293,0.622420799111597,0.6219317036821532,0.6199639050649897,0.0,0.0,0.0,0.0,0.0,0.0,0.0,0.0,0.0,0.0,off,off,off,off,off
11.499999999999993,0.05749999999999997,0.330624999999996,-28.58834152293113,-27.906693577002216,-27.72395448990312,-27.90667802628039,-28.588321653032295,-29.581124029846507,-29.581112991914523,0.6185431117344116,0.6205219419864355,0.6210249351895547,0.6205219848011186,0.6185431665450887,0.0,0.0,0.0,0.0,0.0,0.0,0.0,0.0,0.0,0.0,off,off,off,off,off
11.749999999999993,0.05874999999999997,0.3451562499999958,-28.588104569764994,-27.904009495826585,-27.716753691474366,-27.9039943407966,-28.58808523475153,-29.574326026595656,-29.574314932100805,0.6171930591663896,0.6191820033499753,0.6196977386989898,0.6191820451007191,0.6171931125359105,0.0,0.0,0.0,0.0,0.0,0.0,0.0,0.0,0.0,0.0,off,off,off,off,off
11.999999999999993,0.05999999999999996,0.35999999999999566,-28.58704123490739,-27.900783334614886,-27.70938967047161,-27.90076856591432,-28.587022404478432,-29.567572166959792,-29.567561019911523,0.615911930848391,0.6179102124308468,0.6184376611656154,0.6179102531421367,0.6159119828584885,0.0,0.0,0.0,0.0,0.0,0.0,0.0,0.0,0.0,0.0,off,off,off,off,off
12.249999999999993,0.061249999999999964,0.3751562499999955,-28.58519895422492,-27.897019074291592,-27.70183694786178,-27.897004682199224,-28.5851806002548,-29.560856570527875,-29.5608453747044,0.6146979934021612,0.6167049522433624,0.6172431643488826,0.6167049919406749,0.6146980441286682,0.0,0.0,0.0,0.0,0.0,0.0,0.0,0.0,0.0,0.0,off,off,off,off,off
12.499999999999993,0.062499999999999965,0.3906249999999952,-28.582621463810256,-27.892721203648904,-27.694072141634706,-27.892707178182576,-28.582603560173055,-29.55417371474789,-29.55416247371261,0.6135495381672987,0.6155646193688767,0.6161127193929993,0.6155646580784198,0.6135495876806282,0.0,0.0,0.0,0.0,0.0,0.0,0.0,0.0,0.0,0.0,off,off,off,off,off
12.749999999999993,0.06374999999999996,0.40640624999999503,-28.579349112896608,-27.88789463074002,-27.686073851804537,-27.88788096174389,-28.579331635283637,-29.547518407837543,-29.547507124953597,0.6124648795770793,0.6144876233979842,0.6150448063394179,0.6144876611464648,0.6124649279427224,0.0,0.0,0.0,0.0,0.0,0.0,0.0,0.0,0.0,0.0,off,off,off,off,off
12.999999999999993,0.06499999999999996,0.4224999999999948,-28.575419148797806,-27.882544606613834,-27.677822547668057,-27.882531283823766,-28.57540207456296,-29.540885763956766,-29.540874442400366,0.6114423539202792,0.6134723866498397,0.6140379139417319,0.613472423464293,0.6114424011992288,0.0,0.0,0.0,0.0,0.0,0.0,0.0,0.0,0.0,0.0,off,off,off,off,off
13.249999999999993,0.06624999999999996,0.43890624999999456,-28.57086597643743,-27.876676659770794,-27.669300458042358,-27.876663672881932,-28.5708492844671,-29.53427118044175,-29.534259823214597,0.6104803184313863,0.6125173441226247,0.6130905397311484,0.6125173800302305,0.6104803646804898,0.0,0.0,0.0,0.0,0.0,0.0,0.0,0.0,0.0,0.0,off,off,off,off,off
13.499999999999993,0.06749999999999996,0.4556249999999944,-28.56572139495438,-27.87029653988489,-27.660491464866084,-27.870283878600702,-28.56570506554047,-29.52767031691866,-29.527658926859658,0.609577150658238,0.6116209436351232,0.6122011902879331,0.6116209786630789,0.6095771959305448,0.0,0.0,0.0,0.0,0.0,0.0,0.0,0.0,0.0,0.0,off,off,off,off,off
13.749999999999993,0.06874999999999996,0.47265624999999417,-28.56001481346638,-27.863410169536394,-27.65138100061432,-27.86339782361759,-28.5599988281879,-29.52107907613197,-29.52106765592754,0.6087312480628837,0.6107816461243827,0.6113683816795121,0.6107816802997674,0.6087312924079648,0.0,0.0,0.0,0.0,0.0,0.0,0.0,0.0,0.0,0.0,off,off,off,off,off
13.999999999999993,0.06999999999999997,0.4899999999999939,-28.55377344790844,-27.856023602874245,-27.641955949720426,-27.856011562178537,-28.553757789533734,-29.51449358633809,-29.51448213853172,0.6079410278167929,0.6099979260688063,0.6105906400314166,0.6099979594184791,0.60794107128101,0.0,0.0,0.0,0.0,0.0,0.0,0.0,0.0,0.0,0.0,off,off,off,off,off
14.249999999999993,0.07124999999999997,0.5076562499999938,-28.54702250075681,-27.84814299028986,-27.632204554194914,-27.848131244792086,-28.547007153141465,-29.50791018512743,-29.507898712128764,0.6072049267561415,0.6092682720098501,0.6098665022014579,0.6092683045603936,0.607204969382923,0.0,0.0,0.0,0.0,0.0,0.0,0.0,0.0,0.0,0.0,off,off,off,off,off
14.499999999999993,0.07249999999999997,0.5256249999999935,-28.539785325150888,-27.839774548218003,-27.622116323523727,-27.839763088051683,-28.539770273159007,-29.501325404552944,-29.50131390864587,0.6065214014674888,0.6085911871491513,0.6091945165315424,0.6085912189267576,0.6065214432975435,0.0,0.0,0.0,0.0,0.0,0.0,0.0,0.0,0.0,0.0,off,off,off,off,off
14.749999999999993,0.07374999999999997,0.5439062499999934,-28.532083574849366,-27.830924533449007,-27.611681948908057,-27.83091334891435,-28.532068804281522,-29.494735957451297,-29.49472444080149,0.6058889284776983,0.6079651900004807,0.6085732436548179,0.6079652210309313,0.6058889695492091,0.0,0.0,0.0,0.0,0.0,0.0,0.0,0.0,0.0,0.0,off,off,off,off,off
14.999999999999993,0.07499999999999997,0.5624999999999931,-28.52393734133733,-27.82159922124407,-27.60089322181139,-27.821588302843026,-28.52392283884666,-29.48813872485573,-29.488127189517797,0.6053060045252177,0.6073888150791171,0.6080012573390369,0.6073888453876852,0.6053060448740731,0.0,0.0,0.0,0.0,0.0,0.0,0.0,0.0,0.0,0.0,off,off,off,off,off
15.249999999999993,0.07624999999999997,0.5814062499999927,-28.51536527919319,-27.811804886804538,-27.58974295676819,-27.811794225248406,-28.51535103223469,-29.48153074440731,-29.48151919233149,0.6047711468930231,0.6068606136131016,0.6074771453496081,0.6068606432245314,0.6047711865529504,0.0,0.0,0.0,0.0,0.0,0.0,0.0,0.0,0.0,0.0,off,off,off,off,off
15.499999999999993,0.07749999999999997,0.6006249999999925,-28.506384720808228,-27.801547789574954,-27.57822491838064,-27.801537375796187,-28.50637071757015,-29.474909199680326,-29.474897632718637,0.6042828937858621,0.6063791542633508,0.6069995103181453,0.6063791832018242,0.6042829327886166,0.0,0.0,0.0,0.0,0.0,0.0,0.0,0.0,0.0,0.0,off,off,off,off,off
15.749999999999993,0.07874999999999997,0.6201562499999923,-28.497011781392587,-27.790834160004465,-27.566333752393234,-27.790823985163456,-28.49699801074584,-29.468271410344528,-29.468259830255874,0.6038398047369424,0.60594302384125,0.6065669706044843,0.6059430521303658,0.6038398431124423,0.0,0.0,0.0,0.0,0.0,0.0,0.0,0.0,0.0,0.0,off,off,off,off,off
15.999999999999993,0.07999999999999996,0.6399999999999919,-28.48726145512194,-27.77967018843296,-27.554064920737716,-27.77966024392211,-28.487247906578574,-29.461614823093527,-29.46160323154936,0.6034404610312339,0.6055508280140568,0.6061781611419067,0.6055508556768215,0.6034404988076717,0.0,0.0,0.0,0.0,0.0,0.0,0.0,0.0,0.0,0.0,off,off,off,off,off
16.24999999999998,0.08124999999999989,0.660156249999992,-28.477147703229832,-27.76806201576258,-27.541414640378974,-27.76805229322241,-28.477134366888407,-29.454937003276484,-29.454925401865353,0.6030834661343172,0.6052011919901015,0.6058317342571103,0.6052012190488785,0.6030835033383083,0.0,0.0,0.0,0.0,0.0,0.0,0.0,0.0,0.0,0.0,off,off,off,off,off
16.499999999999964,0.08249999999999982,0.6806249999999919,-28.46668353473339,-27.756015725728247,-27.52837982586027,-27.75600621704109,-28.466670401243817,-29.448235627173432,-29.448224017406005,0.6027674461174779,0.6048927611767555,0.6055263604576937,0.6048927876532851,0.6027674827741574,0.0,0.0,0.0,0.0,0.0,0.0,0.0,0.0,0.0,0.0,off,off,off,off,off
16.74999999999995,0.08374999999999976,0.7014062499999918,-28.455881080454304,-27.743537338472436,-27.51495803535863,-27.743528035764427,-28.45586814098192,-29.44150847486239,-29.441496858175157,0.6024910500710878,0.6046242018057794,0.6052607291814539,0.60462422772117,0.6024910862042047,0.0,0.0,0.0,0.0,0.0,0.0,0.0,0.0,0.0,0.0,off,off,off,off,off
16.999999999999936,0.08499999999999969,0.7224999999999918,-28.444751660895776,-27.7306328052577,-27.50114742011644,-27.730623700907103,-28.444738907080932,-29.434753423627626,-29.43474180138736,0.6022529504997403,0.6043942015213913,0.605033549502769,0.6043942268960952,0.6022529861317678,0.0,0.0,0.0,0.0,0.0,0.0,0.0,0.0,0.0,0.0,off,off,off,off,off
17.249999999999922,0.0862499999999996,0.7439062499999917,-28.433305848527255,-27.71730800419965,-27.486946677071273,-27.717299090823303,-28.433293272460133,-29.427968441866824,-29.42795681537396,0.6020518436936257,0.6042014699273245,0.6048435507924692,0.6042014947811727,0.602051878845828,0.0,0.0,0.0,0.0,0.0,0.0,0.0,0.0,0.0,0.0,off,off,off,off,off
17.499999999999908,0.08749999999999954,0.7656249999999916,-28.421553524959307,-27.703568736772183,-27.472355004551247,-27.703560007230124,-28.42154111914627,-29.4211515834549,-29.42113995394695,0.601886450071732,0.6040447390903685,0.6046894833283644,0.604044763442557,0.6018864847642565,0.0,0.0,0.0,0.0,0.0,0.0,0.0,0.0,0.0,0.0,off,off,off,off,off
17.749999999999893,0.08874999999999947,0.7876562499999915,-28.40950393343732,-27.689420725085768,-27.45737206084621,-27.689412172478313,-28.409491690776036,-29.41430098252704,-29.414289351182276,0.6017555144933794,0.6039227639980054,0.6045701188545524,0.603922787867101,0.6017555487453231,0.0,0.0,0.0,0.0,0.0,0.0,0.0,0.0,0.0,0.0,off,off,off,off,off
17.99999999999988,0.0899999999999994,0.8099999999999912,-28.397165727048815,-27.67486960973966,-27.441997925546588,-27.674861227408087,-28.397153640808,-29.40741484864955,-29.407403216589557,0.6016578065353921,0.6038343229690158,0.6044842510880888,0.6038343463729537,0.6016578403648548,0.0,0.0,0.0,0.0,0.0,0.0,0.0,0.0,0.0,0.0,off,off,off,off,off
18.249999999999865,0.09124999999999933,0.8326562499999911,-28.384547013038514,-27.659920948204558,-27.42623306345655,-27.659912729715757,-28.384535076826836,-29.400491462343638,-29.400479830636527,0.6015921207328125,0.6037782180160921,0.6044306961724665,0.6037782409722142,0.6015921541569822,0.0,0.0,0.0,0.0,0.0,0.0,0.0,0.0,0.0,0.0,off,off,off,off,off
18.49999999999985,0.09249999999999925,0.855624999999991,-28.37165539353498,-27.644580213633162,-27.410078290941158,-27.644572152785827,-28.371643601280425,-29.393529170936944,-29.39351754060013,0.6015572767818489,0.6037532751602066,0.6044082930777196,0.6037532976852461,0.601557309817057,0.0,0.0,0.0,0.0,0.0,0.0,0.0,0.0,0.0,0.0,off,off,off,off,off
18.749999999999837,0.09374999999999918,0.8789062499999906,-28.35849800298473,-27.62885279406686,-27.39353474462564,-27.628844884881772,-28.358486348927528,-29.386526384715268,-29.38651475671776,0.6015521197042383,0.6037583446967625,0.604415903947289,0.6037583668068648,0.6015521523659773,0.0,0.0,0.0,0.0,0.0,0.0,0.0,0.0,0.0,0.0,off,off,off,off,off
18.999999999999822,0.09499999999999911,0.9024999999999905,-28.345081542609307,-27.61274399193377,-27.37660385220417,-27.612736228649908,-28.34507002126915,-29.379481573350233,-29.379469948614798,0.6015755199725327,0.6037923014141406,0.6044524143926315,0.6037923231248762,0.6015755522755459,0.0,0.0,0.0,0.0,0.0,0.0,0.0,0.0,0.0,0.0,off,off,off,off,off
19.249999999999808,0.09624999999999904,0.9264062499999903,-28.331412312100127,-27.596259023831465,-27.35928730533695,-27.59625140090094,-28.33140091826769,-29.37239326258174,-29.37238164198766,0.6016263735964558,0.6038540447653542,0.6045167337362748,0.6038540660917286,0.6016264055547587,0.0,0.0,0.0,0.0,0.0,0.0,0.0,0.0,0.0,0.0,off,off,off,off,off
19.499999999999794,0.09749999999999898,0.95062499999999,-28.317496238792614,-27.579403020532254,-27.341587034444757,-27.579395532605986,-28.317484967511604,-29.365260031135136,-29.365248415520114,0.6017036021706818,0.6039424989939477,0.6046077952048174,0.603942519950442,0.6017036337976114,0.0,0.0,0.0,0.0,0.0,0.0,0.0,0.0,0.0,0.0,off,off,off,off,off
19.74999999999978,0.0987499999999989,0.9751562499999898,-28.30333890417259,-27.56218102716096,-27.323505185296796,-27.56217366910346,-28.3033277507308,-29.358080507854424,-29.35806889801634,0.6018061526583233,0.6040566132155192,0.6047245560733407,0.6040566338160441,0.6018061839667462,9.498145035057855e-09,0.0,0.0,0.0,9.490394060608385e-09,0.0,0.0,0.0,0.0,0.0,off,off,off,off,off
19.999999999999766,0.09999999999999883,0.9999999999999895,-28.288945463860102,-27.544598002282896,-27.30504409726194,-27.544590769144293,-28.288934423780205,-29.350853368775006,-29.3508417654744,0.6019329303341987,0.6041953614598226,0.6048659977630242,0.604195381717798,0.6019329613463736,1.5538348632072819e-06,0.0,0.0,0.0,1.5536496260732322e-06,0.0,0.0,0.0,0.0,0.0,off,off,off,off,off
20.24999999999975,0.10124999999999876,1.025156249999989,-28.27432056255114,-27.526658811528222,-27.28620628283963,-27.526651698552485,-28.274309631582952,-29.343577333242933,-29.343565737204727,0.6020827266449607,0.604357742687325,0.6050311258946026,0.6043577626156544,0.6020827573860725,6.502874940500556e-06,0.0,0.0,0.0,6.502456196378405e-06,0.0,0.0,0.0,0.0,0.0,off,off,off,off,off
20.499999999999737,0.10249999999999869,1.0506249999999886,-28.259468590039518,-27.50836822616074,-27.2669944083448,-27.508361228774874,-28.259457764124363,-29.336251161076206,-29.336239572991047,0.602254363276165,0.6045427807528145,0.6052189702997345,0.6045428003639126,0.6022543937690955,1.5486640117266488e-05,0.0,0.0,0.0,1.5485952370727838e-05,0.0,0.0,0.0,0.0,0.0,off,off,off,off,off
20.749999999999723,0.10374999999999862,1.0764062499999885,-28.24439372141316,-27.489730925902023,-27.24741127605583,-27.489724039713877,-28.24438299667807,-29.328873650726933,-29.328862071253013,0.6024467061863655,0.6047495243198103,0.605428584991252,0.6047495436256098,0.6024467364522306,2.8913489036180647e-05,0.0,0.0,0.0,2.8912514472646915e-05,0.0,0.0,0.0,0.0,0.0,off,off,off,off,off
20.99999999999971,0.10499999999999854,1.102499999999988,-28.22909992475914,-27.470751474692662,-27.227459807422292,-27.47074469548585,-28.229089297520375,-29.321443637538493,-29.32143206730308,0.6026586610347868,0.6049770297220289,0.6056590480953036,0.6049770487369017,0.6026586910932249,4.706870153634882e-05,5.145175026934614e-07,0.0,5.144418782844096e-07,4.706742971997624e-05,0.0,0.0,0.0,0.0,0.0,off,off,off,off,off
21.249999999999694,0.10624999999999847,1.1289062499999876,-28.213590967135872,-27.451434127312723,-27.207143018088345,-27.45142745104252,-28.21358043386644,-29.31395999206717,-29.313948431668138,0.6028891707376504,0.6052242355498525,0.6059094611892313,0.6052242542938112,0.6028892006069664,7.018305806171539e-05,3.895676882799278e-06,2.4794514780930974e-08,3.895457394842901e-06,7.018147983052178e-05,0.0,0.0,0.0,0.0,0.0,off,off,off,off,off
21.49999999999968,0.1074999999999984,1.1556249999999872,-28.197870419249966,-27.431782980899413,-27.186463875549464,-27.431776403681567,-28.19785997659355,-29.306421618444972,-29.306410068451783,0.6031372134291885,0.6054900539007998,0.6061788744541982,0.6054900723924437,0.6031372431265063,9.844776249075543e-05,1.1131156973338645e-05,1.767468334933819e-06,1.113077007226939e-05,9.844587279246891e-05,0.0,0.0,0.0,0.0,0.0,off,off,off,off,off
21.749999999999666,0.10874999999999833,1.1826562499999869,-28.181941667149772,-27.41180208485352,-27.165425206144306,-27.41179560295734,-28.18193131190131,-29.298827452814066,-29.29881591376963,0.6034018009923571,0.6057734424525802,0.6064662307055839,0.605773460709185,0.6034018305336771,0.00013202911338460382,2.2685224570945428e-05,7.0192009334744125e-06,2.268465787312607e-05,0.00013202690596779087,0.0,0.0,0.0,0.0,0.0,off,off,off,off,off
21.999999999999652,0.10999999999999827,1.2099999999999864,-28.165807923410483,-27.39149543011277,-27.14402991346364,-27.391489039949448,-28.16579765250654,-29.29117646185543,-29.291164934276765,0.6036819774947876,0.6060733991775664,0.606770505320706,0.6060734172152593,0.603682006895151,0.00017106520612088024,3.889543818100842e-05,1.6388314726656198e-05,3.8894681814740094e-05,0.00017106267713242596,0.0,0.0,0.0,0.0,0.0,off,off,off,off,off
22.249999999999638,0.11124999999999818,1.237656249999986,-28.149472237470604,-27.370866945410285,-27.12228098424805,-27.37086064354645,-28.14946204799,-29.28346764140403,-29.283456125783687,0.6039768177755938,0.606388958995966,0.6070907156931203,0.6063889768298151,0.6039768470490717,0.00021566703589089736,6.001768714206924e-05,3.0276538596185e-05,6.001673447376389e-05,0.0002156641804405228,0.0,0.0,0.0,0.0,0.0,off,off,off,off,off
22.499999999999623,0.11249999999999812,1.2656249999999853,-28.13293750607221,-27.349920495149576,-27.100181471795565,-27.349914278271797,-28.132927395224158,-29.27570001514769,-29.275688511955053,0.6042854266814762,0.6067191914133324,0.6074259167791101,0.6067192090575346,0.60428545584142,0.00026595112731596355,8.625497004791845e-05,4.8968432322311254e-05,8.625381623321161e-05,0.000265947947017712,0.0,0.0,0.0,0.0,0.0,off,off,off,off,off
22.74999999999961,0.11374999999999805,1.293906249999985,-28.116206483773652,-27.328659877974104,-27.077734483057384,-27.328653742917396,-28.116196448890577,-29.26787263339736,-29.267861143079244,0.6046069388308302,0.607063198663263,0.6077751984664007,0.6070632161311332,0.6046069678897676,0.0003220335347646566,0.00011777313290252862,7.269073278055768e-05,0.00011777177472154578,0.0003220300263072315,0.0,0.0,0.0,0.0,0.0,off,off,off,off,off
22.999999999999595,0.11499999999999798,1.3224999999999845,-28.09928178774092,-27.3070888260622,-27.054943167526915,-27.307082769781687,-28.099271826270268,-29.25998457192955,-29.25997309491146,0.6049405152921926,0.6074201142470264,0.6081376835694615,0.6074201315511648,0.6049405442618155,0.0003839748226168196,0.00015472073751575198,0.00010163177649454321,0.0001547191747355249,0.00038397098329708424,0.0,0.0,0.0,0.0,0.0,off,off,off,off,off
23.24999999999958,0.11624999999999791,1.351406249999984,-28.082165922205263,-27.2852110054161,-27.03181070726265,-27.285205024994582,-28.082156031711122,-29.252034930930478,-29.252023467617704,0.6052853531810602,0.6077891019896511,0.6085125260859261,0.6077891191419386,0.6052853820714579,0.0004518851440289479,0.00019723788574183153,0.00013594656462983355,0.00019723611690668707,0.00045188097807059076,0.0,0.0,0.0,0.0,0.0,off,off,off,off,off
23.499999999999567,0.11749999999999783,1.3806249999999836,-28.064861300757713,-27.26303001486957,-27.008340307915603,-27.26302410750975,-28.06485147891499,-29.244022834130107,-29.244011384908532,0.605640694623962,0.6081693538877487,0.6088989096398844,0.6081693708993157,0.6056407234435569,0.0005257654297765191,0.0002454203174894335,0.00017575942142993687,0.00024541833904677824,0.000525760936413762,0.0,0.0,0.0,0.0,0.0,off,off,off,off,off
23.749999999999552,0.11874999999999776,1.410156249999983,-28.047370235139937,-27.240549387230857,-26.984535191333777,-27.24054355024714,-28.04736047971531,-29.235947427975617,-29.235935993212394,0.6060058152517563,0.6085600893899363,0.6092960464761336,0.608560106271398,0.6060058440083308,0.0006057542243657929,0.0002993630907577289,0.0002211947365543785,0.00029936090463754075,0.0006057493984601212,0.0,0.0,0.0,0.0,0.0,off,off,off,off,off
23.999999999999538,0.11999999999999769,1.4399999999999822,-28.02969493092249,-27.217772591904577,-26.96039858952082,-27.217766822713116,-28.029685239782737,-29.22780788072953,-29.227796460774186,0.6063800168245709,0.6089605559693608,0.6097031769200486,0.608960572730758,0.6063800455253485,0.0006920014287347741,0.0003591880780394851,0.000272374856942869,0.00035918568304434497,0.0006919962658399837,0.0,0.0,0.0,0.0,0.0,off,off,off,off,off
24.249999999999524,0.12124999999999762,1.4701562499999818,-28.01183749154515,-27.194703029568814,-26.935933735069085,-27.19469732569698,-28.01182786265707,-29.219603381593032,-29.219591976777735,0.6067626494048014,0.60937002481717,0.6101195663557037,0.6093700414679277,0.6067626780483736,0.0007846341567849376,0.0004249389992390194,0.00032936167901767083,0.0004249363949153726,0.0007846286586579819,0.0,0.0,0.0,0.0,0.0,off,off,off,off,off
24.49999999999951,0.12249999999999756,1.5006249999999812,-27.993799952533124,-27.171344049453836,-26.911143859541,-27.171338408529977,-27.9937903839415,-29.211333139912313,-29.211321750553395,0.6071534289564674,0.6097878006897097,0.6105445066651336,0.6097878172381854,0.6071534575202893,0.0008831970397927143,0.0004967273396539499,0.00039227170528231977,0.0004967245297629433,0.0008831912730739261,0.0,0.0,0.0,0.0,0.0,off,off,off,off,off
24.749999999999496,0.12374999999999749,1.5314062499999805,-27.975584395537737,-27.147698967586877,-26.886032188539048,-27.147693387337966,-27.975574885370634,-29.202996385054405,-29.202985011452682,0.6075520175962427,0.6102132306805764,0.6109773143955609,0.6102132471340118,0.6075520460770683,0.0009867930090051975,0.0005745349632572951,0.0004611680990254297,0.0005745319483307971,0.0009867870137668388,0.0,0.0,0.0,0.0,0.0,off,off,off,off,off
24.99999999999948,0.1249999999999974,1.56249999999998,-27.957192843062813,-27.123771053444358,-26.860601956885034,-27.123765531688065,-27.957183389527273,-29.1945923662619,-29.19458100870318,0.6079579260197392,0.6106456934614631,0.6114173416020409,0.6106457098266188,0.6079579544167916,0.0010950837305884122,0.0006584839077984076,0.0005361093679919801,0.00065848068559176,0.0010950775231694085,0.0,0.0,0.0,0.0,0.0,off,off,off,off,off
25.249999999999467,0.12624999999999734,1.5939062499999792,-27.938627139783335,-27.0995635179128,-26.834856413601614,-27.09955805255811,-27.938617741169935,-29.186120351639232,-29.1861090103952,0.6083707288254521,0.6110845913952818,0.6118639810353399,0.6110846076785013,0.6083707571321919,0.0012078165566559048,0.0007487113301769008,0.0006171090340162947,0.0007487078988456307,0.0012078101637704678,0.0,0.0,0.0,0.0,0.0,off,off,off,off,off
25.499999999999453,0.12749999999999725,1.6256249999999786,-27.91988898428656,-27.075079509483686,-26.808798795992374,-27.075074098516666,-27.91987963896335,-29.177579626725816,-29.177568302054453,0.6087900088532748,0.6115293500784753,0.61231665211482,0.6115293662850182,0.6087900370704635,0.0013246284922325774,0.0008453439632299145,0.0007042986883560761,0.0008453403214905535,0.0013246219319708004,0.0,0.0,0.0,0.0,0.0,off,off,off,off,off
25.74999999999944,0.1287499999999972,1.657656249999978,-27.900980029785757,-27.05032211911194,-26.782432320111212,-27.05031676060662,-27.900970736181023,-29.168969493851023,-29.16895818599727,0.6092152779236173,0.6119796518707492,0.6127747965319245,0.6119796679876807,0.6092153060544613,0.0014453860788730998,0.0009482140318873016,0.0007978081471731134,0.0009482102099101031,0.001445379356387841,0.0,0.0,0.0,0.0,0.0,off,off,off,off,off
25.999999999999424,0.12999999999999712,1.689999999999977,-27.881901868826162,-27.025294494859992,-26.755760180420992,-27.02528918696163,-27.881892625445772,-29.160289271637083,-29.160277980833627,0.6096460428710287,0.6124353489601588,0.6132378872989764,0.6124353649851357,0.6096460709191873,0.001570076848744914,0.001056361022361323,0.0008977534159309503,0.0010563570549809557,0.0015700699656264756,0.0,0.0,0.0,0.0,0.0,off,off,off,off,off
26.24999999999941,0.13124999999999706,1.7226562499999765,-27.862656011017236,-26.999999797358413,-26.728785571505455,-26.999994538288746,-27.86264681642669,-29.15153829440817,-29.151527020875818,0.6100818399502939,0.6128960668219883,0.61370572886224,0.6128960827565985,0.6100818679163185,0.0016987029950816664,0.0011692887312900072,0.0010037848667505383,0.0011692846311351563,0.0016986959559104997,0.0,0.0,0.0,0.0,0.0,off,off,off,off,off
26.499999999999396,0.13249999999999698,1.7556249999999758,-27.843243852150778,-26.97444108731841,-26.701511802601658,-26.974435875384046,-27.843234704983843,-29.142715911308528,-29.142704655256892,0.6105222676322374,0.6133614176819759,0.6141781510768869,0.6133614335259335,0.6105222955166114,0.0018311509340855194,0.0012867907546573205,0.0011149484838391714,0.0012867865319385074,0.0018311437499282674,0.0,0.0,0.0,0.0,0.0,off,off,off,off,off
26.749999999999382,0.1337499999999969,1.7889062499999748,-27.823666758310026,-26.948621248162482,-26.673942197848334,-26.94861608173349,-27.823657657255183,-29.133821485747262,-29.133810247375294,0.6109668980540636,0.613831102716302,0.6146547960803671,0.6138311184688402,0.610966925859929,0.0019673395210880783,0.001408531420601157,0.0012308439804840552,0.00140852709219523,0.0019673321952771165,0.0,0.0,0.0,0.0,0.0,off,off,off,off,off
26.999999999999368,0.13499999999999684,1.8224999999999743,-27.803926058733538,-26.92254310890837,-26.646079991230636,-26.92253798643509,-27.803917002528237,-29.124854395085066,-29.124843174580974,0.6114152963749792,0.6143047517925165,0.6151353140764422,0.6143047674565443,0.611415324106048,0.0021072816322809476,0.0015342447369884942,0.0013512736939251967,0.00153424030973439,0.0021072741645605324,0.0,0.0,0.0,0.0,0.0,off,off,off,off,off
27.249999999999353,0.13624999999999676,1.8564062499999734,-27.784023040602534,-26.896209458362648,-26.617928262260506,-26.896204378347107,-27.784014028033823,-29.1158140302515,-29.115802827793686,0.6118670377075636,0.6147819598097897,0.6156194354229063,0.6147819753889587,0.6118670653675755,0.00225102090533316,0.0016638707348431002,0.0014758857569854226,0.0016638662108497853,0.0022510132945008357,0.0,0.0,0.0,0.0,0.0,off,off,off,off,off
27.49999999999934,0.1374999999999967,1.8906249999999725,-27.763958941565647,-26.869623028803943,-26.589490064837577,-26.86961798981207,-27.763949971489666,-29.106699795340717,-29.10668861109815,0.6123217141484654,0.61526232509432,0.616106809272253,0.6152623405923464,0.612321741740118,0.0023986063121455305,0.0017974135369705773,0.001604445639961594,0.0017974089170979632,0.00239859855754158,0.0,0.0,0.0,0.0,0.0,off,off,off,off,off
27.749999999999325,0.13874999999999663,1.9251562499999717,-27.743734905046693,-26.842786463491507,-26.56076842622059,-26.842781464158975,-27.74372597635886,-29.0975111069952,-29.09749994112775,0.6127789662704163,0.6157454814219119,0.6165970576659209,0.6157454968402035,0.61277899379416,0.0025500313863160286,0.0019348688358858527,0.0017369054117281416,0.0019348641236347096,0.002550023493552264,0.0,0.0,0.0,0.0,0.0,off,off,off,off,off
27.99999999999931,0.13999999999999654,1.9599999999999709,-27.723352040607637,-26.81570229893913,-26.531766328893013,-26.815697337947853,-27.723343152250465,-29.088247393837833,-29.08823624649696,0.6132384457638389,0.6162311150980889,0.617089807038586,0.6162311304385969,0.6132384732220034,0.0027052390879537913,0.00207611277138754,0.001873271239382811,0.0020761079731875937,0.0027052310604693403,0.0,0.0,0.0,0.0,0.0,off,off,off,off,off
28.249999999999297,0.1412499999999965,1.99515624999997,-27.702811436811857,-26.788373044342848,-26.502486678227285,-26.788368120433546,-27.70280258777362,-29.07890809625465,-29.078896967583347,0.613699794486852,0.6167188812713511,0.6175847180521593,0.6167188965373227,0.6136998218824653,0.0028642339503082673,0.002221075323728,0.002013539390169261,0.002221070441388907,0.002864225787976645,0.0,0.0,0.0,0.0,0.0,off,off,off,off,off
28.499999999999282,0.1424999999999964,2.030624999999969,-27.682114152509797,-26.7608011689791,-26.47293228395432,-26.76079628094817,-27.682105341820147,-29.06949266612085,-29.06948155625423,0.614162660450992,0.6172084291839158,0.6180815038727455,0.617208444378809,0.6141626877871962,0.003027055445862613,0.0023697711602156516,0.0021575867261201223,0.0023697661936752617,0.003027047147389617,0.0,0.0,0.0,0.0,0.0,off,off,off,off,off
28.749999999999268,0.14374999999999635,2.066406249999968,-27.661261215052264,-26.732989095876206,-26.443105938566987,-26.732984242563674,-27.661252441772945,-29.060000566503987,-29.059989475569637,0.6146267030890652,0.6176994165306587,0.6185798462272534,0.6176994316578922,0.6146267303689489,0.00319375305174077,0.00252224086799197,0.0023053409987731804,0.002522235816705607,0.0031937446155640504,0.0,0.0,0.0,0.0,0.0,off,off,off,off,off
28.999999999999254,0.14499999999999627,2.102499999999967,-27.64025361671466,-26.704939200030424,-26.413010405599522,-26.704934380322186,-27.640244879964143,-29.05043127135761,-29.050420199475923,0.6150915952560843,0.6181915133476082,0.6190794198946667,0.6181915284104191,0.6150916224822323,0.0033643773662199524,0.0026785304134923985,0.002456814860836286,0.002678525276861489,0.003364368791001583,0.0,0.0,0.0,0.0,0.0,off,off,off,off,off
29.24999999999924,0.1462499999999962,2.1389062499999665,-27.61909227227318,-26.67665377006344,-26.382648410751074,-26.67664898290613,-27.61908357118648,-29.040784265051826,-29.04077321233615,0.6155570416410638,0.6186844233210599,0.619579907260129,0.6186844383209367,0.6155570688141399,0.003538951811608643,0.002838660567923352,0.0026120470707969097,0.0028386553478999617,0.0035389431001044036,0.0,0.0,0.0,0.0,0.0,off,off,off,off,off
29.499999999999226,0.14749999999999613,2.175624999999965,-27.597778066168843,-26.648135024403956,-26.352022635772897,-26.648130268778687,-27.59776939992628,-29.031059041864808,-29.031048008421863,0.6160227691229108,0.6191778832013612,0.6200810021117923,0.6191778981403069,0.6160227962445174,0.0037174448706781926,0.003002570195207601,0.0027710818315339588,0.003002564895168347,0.0037174360259151764,0.0,0.0,0.0,0.0,0.0,off,off,off,off,off
29.74999999999921,0.14874999999999605,2.2126562499999642,-27.576311873286954,-26.619385159039325,-26.321135691366464,-26.619380433976943,-27.576303241104966,-29.021255105845512,-29.021244091775714,0.6164884981237536,0.6196716144109075,0.6205824237897855,0.6196716292915877,0.6164885251961928,0.0038998557753637557,0.003170235815829394,0.002933949263094794,0.0031702304364858293,0.003899846797504131,0.0,0.0,0.0,0.0,0.0,off,off,off,off,off
29.999999999999197,0.149999999999996,2.2499999999999636,-27.554694547413703,-26.590406332649337,-26.289990107763998,-26.590401637212665,-27.554685948534456,-29.01137197062141,-29.011360976019148,0.6169539524494392,0.6201653380361682,0.6210839332678273,0.6201653528613941,0.6169539794752001,0.004086215974716429,0.003341682932677061,0.0031005961456233026,0.0033416774736234993,0.0040862068627279015,0.0,0.0,0.0,0.0,0.0,off,off,off,off,off
30.249999999999183,0.15124999999999592,2.287656249999962,-27.53292691903866,-26.56120066297683,-26.258588397532606,-26.561195996267088,-27.532918352744787,-29.00140915917251,-29.00139818412626,0.6174188644529609,0.6206587830091903,0.6215852778906684,0.620658797781718,0.6174188914344844,0.004276568376457712,0.0035169531177116848,0.0032709843576629247,0.0035169475782339398,0.00427655912895388,0.0,0.0,0.0,0.0,0.0,off,off,off,off,off
30.49999999999917,0.15249999999999583,2.3256249999999614,-27.511009794742307,-26.531770226165065,-26.22693304213678,-26.531765587318205,-27.511001260337792,-28.991366203599455,-28.99135524819218,0.6178829766570921,0.6211516884985526,0.6220862009963818,0.6211517032210373,0.6178830035967595,0.004470958636769181,0.003696091313341336,0.003445131542634821,0.0036960856926870826,0.004470949252316136,0.0,0.0,0.0,0.0,0.0,off,off,off,off,off
30.749999999999154,0.15374999999999578,2.3639062499999604,-27.488943952370107,-26.502117052288042,-26.195026486253653,-26.50211244048586,-27.488935449187608,-28.98124264488422,-28.98123170919345,0.6183460425611994,0.6216438052255606,0.6225864521438929,0.621643819900326,0.6183460694611187,0.004669431824676504,0.003879141324603907,0.003623075509689053,0.003879135622181608,0.004669422301995897,0.0,0.0,0.0,0.0,0.0,off,off,off,off,off
30.99999999999914,0.1549999999999957,2.402499999999959,-27.46673009952778,-26.472243082958727,-26.162871133545167,-26.47223849741195,-27.466721626929996,-28.971038032469266,-28.971027116567626,0.6188078395337151,0.6221349142090616,0.6230857901519271,0.6221349288372621,0.6188078663945036,0.004872013052005226,0.004066116820146178,0.0038048588226811167,0.004066111037735511,0.004872003392565934,0.0,0.0,0.0,0.0,0.0,off,off,off,off,off
31.249999999999126,0.15624999999999564,2.4414062499999583,-27.44436892897295,-26.44215022207686,-26.13046934352903,-26.442145662032004,-27.44436048635538,-28.96075192386172,-28.96074102781691,0.619268163322072,0.6226248138183685,0.6235839838432563,0.622624828401679,0.6192681901447752,0.0050786861309255055,0.004256980457770934,0.003990523732685826,0.004256974597293458,0.00507867633715428,0.0,0.0,0.0,0.0,0.0,off,off,off,off,off
31.499999999999112,0.15749999999999556,2.4806249999999572,-27.42186112981699,-26.41184035121043,-26.09782340440711,-26.411835815942027,-27.421852716589257,-28.950383884574535,-28.95037300844993,0.6197268064121121,0.6231132940242534,0.6240808209724293,0.623113308564743,0.6197268331984273,0.005289453073204201,0.004451727631558614,0.004180101585817291,0.004451721693264924,0.00528944314541825,0.0,0.0,0.0,0.0,0.0,off,off,off,off,off
31.749999999999098,0.15874999999999548,2.520156249999956,-27.399207375869935,-26.381315317193582,-26.064935534452786,-26.38131080600928,-27.39919899147384,-28.939933487986593,-28.939922631840773,0.6201835635584778,0.6236001463494896,0.6245761208095292,0.6236001608492863,0.6201835903102738,0.005504340642341974,0.004650384171001933,0.0043735650245021775,0.00465037815444193,0.005504330579752039,0.0,0.0,0.0,0.0,0.0,off,off,off,off,off
31.999999999999083,0.15999999999999542,2.5599999999999548,-27.37640832349456,-26.35057693016867,-26.03180793561171,-26.350572442397947,-27.376399967387528,-28.929400315169772,-28.929389479057193,0.6206382358177278,0.6240851687673007,0.6250696966315265,0.6240851832285148,0.6206382625369147,0.005723385794177253,0.004852986549135879,0.0045708890392518004,0.004852980453646389,0.005723375595602305,0.0,0.0,0.0,0.0,0.0,off,off,off,off,off
32.24999999999907,0.16124999999999534,2.6001562499999538,-27.3534646109012,-26.31962696335225,-25.998442778146426,-26.319622498355386,-27.35345628256232,-28.918783954709625,-28.91877313868045,0.6210906319756055,0.6245681672683244,0.6255613586164178,0.6245681816929783,0.621090658664048,0.005946628506401209,0.005059573710389394,0.0047720879225763395,0.005059567535272845,0.005946618170561189,0.0,0.0,0.0,0.0,0.0,off,off,off,off,off
32.499999999999055,0.1624999999999953,2.6406249999999525,-27.33037685797339,-26.28846715304425,-25.964842196272826,-26.28846271021243,-27.33036855690048,-28.90808400252311,-28.90807320662401,0.6215405689071424,0.625048956208067,0.6260509213212636,0.6250489705980857,0.6215405955666441,0.006174108962027704,0.005270184162163533,0.004977192816367214,0.005270177906747892,0.006174098487652919,0.0,0.0,0.0,0.0,0.0,off,off,off,off,off
32.74999999999904,0.1637499999999952,2.6814062499999514,-27.307145655424478,-26.25709918420401,-25.931008286163888,-26.25709476294614,-27.30713738114838,-28.897300061659507,-28.89728928593317,0.621987872306798,0.6255273604363221,0.6265382062232115,0.6255273747932737,0.6219878989388398,0.006405866025299365,0.005484853382724847,0.005186239677584274,0.005484847046654017,0.006405855411334372,0.0,0.0,0.0,0.0,0.0,off,off,off,off,off
32.99999999999903,0.16499999999999512,2.72249999999995,-27.283771530276795,-26.225524662681494,-25.896943102612568,-26.225520262436476,-27.28376328233702,-28.886431741878056,-28.88642098636356,0.622432387174378,0.6260032302168965,0.627023042447303,0.6260032445416109,0.6224324137793934,0.006641919877004275,0.005703584168373473,0.0053992648427916125,0.005703577753175296,0.00664190912464285,0.0,0.0,0.0,0.0,0.0,off,off,off,off,off
33.24999999999901,0.16624999999999507,2.7639062499999487,-27.260255014004457,-26.193745181598956,-25.862648658385353,-26.19374080183303,-27.26024679195484,-28.875478659407207,-28.875467924140366,0.6228739703454785,0.6264764220413859,0.6275052668236804,0.626476436335124,0.6228739969242906,0.006882262629588112,0.005926354010581166,0.00561630352527897,0.005926347517400671,0.006882251740470383,0.0,0.0,0.0,0.0,0.0,off,off,off,off,off
33.499999999999,0.167499999999995,2.8056249999999476,-27.23659663563373,-26.161762310195485,-25.82812689578529,-26.16175795038697,-27.236588439054742,-28.86444043693828,-28.86442972195158,0.623312476772207,0.6269467879305654,0.6279847297410647,0.6269468021948612,0.6233125033260671,0.007126900758778558,0.006153167505622353,0.005837383364986448,0.006153160934504154,0.0071268897330351594,0.0,0.0,0.0,0.0,0.0,off,off,off,off,off
33.749999999998984,0.16874999999999493,2.8476562499999463,-27.212796912816543,-26.129577586262826,-25.79337969665235,-26.129573245912184,-27.212788741307207,-28.853316703518345,-28.853306008841173,0.6237477631032571,0.6274141818365,0.6284613054191325,0.6274141960729378,0.6237477896335808,0.007375858479333762,0.006384048497723656,0.006062490103306132,0.006384041848229263,0.007375847316236806,0.0,0.0,0.0,0.0,0.0,off,off,off,off,off
33.99999999999897,0.16999999999999485,2.889999999999945,-27.18885634995908,-26.09719251524166,-25.758408929751653,-26.09718819387666,-27.188848203125673,-28.842107094416406,-28.84209642007528,0.6241796905005071,0.6278784626345613,0.6289348659822744,0.6278784768446828,0.6241797170087688,0.007629167977854099,0.006619027934071836,0.0062916052129172485,0.006619021205599168,0.007629156676335846,0.0,0.0,0.0,0.0,0.0,off,off,off,off,off
34.249999999998956,0.17124999999999477,2.9326562499999436,-27.164775437523275,-26.064608570320132,-25.72321643407696,-26.06460426748609,-27.164767314988893,-28.830811250983885,-28.830800597002423,0.6246081257475936,0.6283394951529194,0.6294052806337421,0.6283395093382214,0.6246081522352435,0.007886864096905,0.00685813855822011,0.006524738421438354,0.006858131750130333,0.00788685265579152,0.0,0.0,0.0,0.0,0.0,off,off,off,off,off
34.49999999999894,0.1724999999999947,2.9756249999999422,-27.14055465179058,-26.03182719256378,-25.687804015071123,-26.031822907826836,-27.140546553200608,-28.8194288205126,-28.81941818691169,0.6250329415688103,0.6287971504135662,0.6298724211611831,0.6287971645754833,0.6250329680372337,0.008148982065993644,0.007101412866860761,0.006761913915254588,0.0071014059785248496,0.008148970484100055,0.0,0.0,0.0,0.0,0.0,off,off,off,off,off
34.74999999999893,0.17374999999999463,3.018906249999941,-27.11619445485411,-25.99884979105599,-25.652173443387028,-25.998845523998767,-27.116186379858817,-28.80795945609333,-28.807948842891278,0.6254540166148136,0.6292513055657539,0.6303361641313472,0.6292513197056645,0.6254540430653751,0.008415556604190955,0.007348882387616021,0.007003160749473261,0.0073488754184301616,0.008415544880356687,0.0,0.0,0.0,0.0,0.0,off,off,off,off,off
34.99999999999891,0.17499999999999458,3.0624999999999396,-27.09169527515661,-25.965677715944963,-25.6163264536724,-25.965673466167345,-27.091687223425822,-28.796402816431424,-28.796392223643977,0.6258712363489087,0.6297018468424324,0.6307963916114837,0.6297018609612907,0.6258712627826689,0.008686620817550826,0.007600574621663027,0.007248508904309958,0.007600567571483076,0.008686608950875738,0.0,0.0,0.0,0.0,0.0,off,off,off,off,off
35.2499999999989,0.1762499999999945,3.1064062499999383,-27.067057490041265,-25.93231226095415,-25.580264741903903,-25.93230802807102,-27.067049461258534,-28.78475856543602,-28.784747993076564,0.626284501155218,0.630148679232108,0.6312529913075716,0.6301486933305095,0.6262845275724621,0.008962191380464357,0.007856488810222186,0.007497987796592648,0.007856481680231637,0.008962179371842951,0.0,0.0,0.0,0.0,0.0,off,off,off,off,off
35.499999999998884,0.1774999999999944,3.1506249999999367,-27.042281492195713,-25.898754715422427,-25.543989966413847,-25.898750499060412,-27.04227348605187,-28.77302637211693,-28.773015820196548,0.6266937189457686,0.6305917099509092,0.6317058564641709,0.630591724029788,0.6266937453471007,0.009242265880016372,0.008116611664960114,0.007751625774191443,0.008116604455824855,0.009242253730524617,0.0,0.0,0.0,0.0,0.0,off,off,off,off,off
35.74999999999887,0.17874999999999436,3.1951562499999353,-27.017367672521175,-25.86500634686459,-25.50750372646246,-25.86500214667248,-27.017359688719836,-28.76120591060007,-28.761195379127884,0.6270987963117113,0.6310308434248694,0.6321548881384818,0.6310308574853115,0.6270988226980783,0.009526852603494038,0.008380949585016255,0.008009447903242622,0.008380942296648604,0.009526840313107913,0.0,0.0,0.0,0.0,0.0,off,off,off,off,off
35.999999999998856,0.17999999999999428,3.239999999999934,-26.992316413552942,-25.83106839562302,-25.470807557219985,-25.831064211251487,-26.992308451817053,-28.749296860047394,-28.749286349030456,0.6274996407509706,0.6314659853306405,0.6326000053911406,0.6314659993738138,0.6274996671234443,0.009815972784433481,0.008649522458470765,0.008271453124967838,0.008649515090431655,0.009815960352449542,0.0,0.0,0.0,0.0,0.0,off,off,off,off,off
36.24999999999884,0.18124999999999422,3.2851562499999325,-26.967128087738217,-25.7969420741652,-25.433902986687087,-25.796937905295238,-26.967120147783618,-28.73729890455425,-28.73728841399756,0.6278961626815338,0.6318970446743376,0.6330411302840664,0.6318970587013535,0.6278961890412835,0.010109654001074607,0.008922355558129393,0.008537624810342736,0.008922348109848138,0.010109641426491784,0.0,0.0,0.0,0.0,0.0,off,off,off,off,off
36.49999999999883,0.18249999999999414,3.330624999999931,-26.941803056731004,-25.762628567459245,-25.39679151844743,-25.762624413774915,-26.941795138303092,-28.725211733041306,-28.725201262947735,0.6282882763327898,0.63232393457592,0.6334781813813943,0.6323239485878901,0.6282883026809255,0.010407926167327447,0.009199475689254848,0.008807965184376943,0.009199468160123483,0.010407913449036195,0.0,0.0,0.0,0.0,0.0,off,off,off,off,off
36.74999999999881,0.18374999999999406,3.3764062499999294,-26.916341671167913,-25.72812903316816,-25.359474626898418,-25.72812489436498,-26.91633377400737,-28.713035039142994,-28.713024589513793,0.6286759000440053,0.6327465724845918,0.6339110777857699,0.6327465864825942,0.6286759263816549,0.010710819672988809,0.009480909587452806,0.00908249048063943,0.009480901976863382,0.010710806809854338,0.0,0.0,0.0,0.0,0.0,off,off,off,off,off
36.9999999999988,0.184999999999994,3.422499999999928,-26.89074427055175,-25.693444601901945,-25.321953755994514,-25.693440477692292,-26.890736394423243,-28.70076852109679,-28.70075809193162,0.6290589562934266,0.633164880156085,0.6343397413396817,0.6331648941411444,0.6290589826216485,0.011018364588139897,0.009766683297757766,0.009361222635022821,0.009766675605115955,0.011018351579036315,0.0,0.0,0.0,0.0,0.0,off,off,off,off,off
37.249999999998785,0.18624999999999392,3.4689062499999266,-26.865011183297128,-25.65857637752893,-25.284230318841423,-25.658572267631826,-26.865003327958988,-28.688411881633016,-28.688401472929684,0.6294373716107796,0.6335787835342924,0.6347640974799447,0.6335787975074121,0.6294373979306453,0.011330590348598997,0.010056821965456698,0.009644185256828652,0.010056814190185307,0.011330577192421327,0.0,0.0,0.0,0.0,0.0,off,off,off,off,off
37.49999999999877,0.18749999999999387,3.515624999999925,-26.839142708475066,-25.623525413605876,-25.246305697036007,-25.623521317758787,-26.839134873705177,-28.675964827824714,-28.675954439579442,0.6298110769642737,0.6339882141094351,0.6351840754951592,0.6339882280713778,0.6298111032766517,0.011647525278764222,0.010351348576128927,0.009931401942412103,0.010351340717853007,0.011647511974558905,0.0,0.0,0.0,0.0,0.0,off,off,off,off,off
37.74999999999876,0.18874999999999378,3.5626562499999235,-26.813139096488356,-25.588292709068696,-25.208181238262085,-25.588288627020773,-26.813131282066337,-28.663427070712345,-28.663416702919903,0.6301800134281988,0.634393116663511,0.6355996085373279,0.6343931306146323,0.6301800397333573,0.011969187346139042,0.010650268166830082,0.010222895615848548,0.010650260226215158,0.011969173894240244,0.0,0.0,0.0,0.0,0.0,off,off,off,off,off
37.99999999999874,0.18999999999999373,3.609999999999922,-26.787000616132445,-25.552879264492475,-25.16985825735634,-25.552875196003157,-26.78699282185758,-28.650798325224258,-28.650787977878053,0.6305441291220584,0.6347934402015916,0.6360106335223652,0.6347934541424448,0.6305441554203626,0.012295577883093173,0.010953570387379158,0.010518688301665908,0.010953562365038078,0.012295564284278806,0.0,0.0,0.0,0.0,0.0,off,off,off,off,off
38.24999999999873,0.19124999999999365,3.6576562499999206,-26.76072753811468,-25.517286064668923,-25.131338035045673,-25.5172820095043,-26.760719763788558,-28.63807831022774,-28.638067983319672,0.630903371269179,0.6351891310973928,0.6364170910550956,0.6351891450287159,0.6309033975613018,0.012626702792928495,0.011261256698554453,0.010818801052232542,0.011261248594479217,0.012626689047185691,0.0,0.0,0.0,0.0,0.0,off,off,off,off,off
38.499999999998714,0.19249999999999357,3.7056249999999187,-26.734320127711044,-25.481514072911864,-25.092621781471763,-25.481510030840383,-26.734312373133918,-28.625266748479135,-28.625256441999824,0.6312576868693752,0.6355801355191902,0.6368189297670018,0.635580149441813,0.6312577131561724,0.012962578180287464,0.011573340273135802,0.011123248848599497,0.011573332086955573,0.012962564286990129,0.0,0.0,0.0,0.0,0.0,off,off,off,off,off
38.7499999999987,0.1937499999999935,3.7539062499999174,-26.707778642753766,-25.445564229041622,-25.053710682745162,-25.44556019985035,-26.707770907743196,-28.612363366549175,-28.612353080488106,0.6316070242990536,0.635966401290824,0.6372161098558946,0.6359664152055633,0.6316070505814128,0.013303226084844078,0.011889839793994486,0.01143202365220893,0.011889831525180113,0.013303212043060125,0.0,0.0,0.0,0.0,0.0,off,off,off,off,off
38.999999999998685,0.19499999999999343,3.802499999999916,-26.68110333285432,-25.409437449880613,-25.014605916883227,-25.40943343336133,-26.68109561722602,-28.599367894740283,-28.599357629085773,0.6319513341718715,0.6363478787181753,0.6376085904339348,0.6363478926258485,0.6319513604507218,0.013648671061804644,0.012210775881425166,0.011745115371106648,0.012210767529388806,0.013648656870472262,0.0,0.0,0.0,0.0,0.0,off,off,off,off,off
39.24999999999867,0.19624999999999337,3.851406249999914,-26.65429443904469,-25.373134629622967,-24.975308639760414,-25.373130625579762,-26.654286742622276,-28.58628006700144,-28.586269821740444,0.6322905696938431,0.636724520886488,0.6379963284421041,0.6367245347878817,0.6322905959701002,0.013998938397348334,0.01253616944978302,0.012062527809771706,0.012536161013921956,0.013998924055361055,0.0,0.0,0.0,0.0,0.0,off,off,off,off,off
39.49999999999866,0.1974999999999933,3.9006249999999127,-26.627352193645294,-25.336656640087227,-24.93581998241487,-25.336652648317568,-26.627344516259342,-28.573099620841106,-28.57308939595967,0.6326246867621248,0.6370962837176367,0.6383792811566358,0.6370962976135564,0.6326247130366888,0.014354053275031323,0.01286604100473814,0.012384273531667697,0.012866032484452252,0.014354038781276375,0.0,0.0,0.0,0.0,0.0,off,off,off,off,off
39.74999999999864,0.1987499999999932,3.9501562499999108,-26.600276820223513,-25.300004330978766,-24.89614105030705,-25.300000351297456,-26.600269161712646,-28.55982629724113,-28.55981609272419,0.6329536439442057,0.6374631259230885,0.6387574075504233,0.6374631398142871,0.632953670217952,0.01471404041051913,0.013200410364802583,0.012710368739958892,0.0132004017595013,0.014714025763893324,0.0,0.0,0.0,0.0,0.0,off,off,off,off,off
39.99999999999863,0.19999999999999316,3.999999999999909,-26.57306853361115,-25.263178530176532,-24.85627292307757,-25.263174562410256,-26.573060893822714,-28.546459840570776,-28.54644965640233,0.6332774024040494,0.637825008913893,0.6391306688600973,0.6378250228010878,0.633277428677826,0.015078923905456678,0.013539296568755913,0.013040830696831866,0.013539287877859855,0.01507890910487213,0.0,0.0,0.0,0.0,0.0,off,off,off,off,off
40.249999999998614,0.20124999999999307,4.050156249999907,-26.545727538061698,-25.226180042751537,-24.81621665460301,-25.226176086731613,-26.54571991684594,-28.532999998500088,-28.53298983466283,0.6335959258043634,0.638181896704341,0.6394990287725537,0.6381819105882315,0.6335959520790059,0.015448727198977535,0.013882717859883065,0.013375676575767156,0.013882709082824811,0.015448712243365036,0.0,0.0,0.0,0.0,0.0,off,off,off,off,off
40.4999999999986,0.20249999999999302,4.100624999999905,-26.518253988867286,-25.189009615955342,-24.775973271964688,-25.189005671519283,-26.51824638608221,-28.51944652177602,-28.51943637825218,0.6339091816927667,0.6385337578584641,0.6398624534454351,0.6385337717395084,0.6339092079687763,0.015823471656053804,0.014230689739558622,0.013714922982284702,0.014230680876054325,0.015823456544746962,0.0,0.0,0.0,0.0,0.0,off,off,off,off,off
40.749999999998586,0.20374999999999294,4.151406249999903,-26.49064803189148,-25.151667970244716,-24.735543773663238,-25.151664037236543,-26.49064044739663,-28.505799163931073,-28.505789040701814,0.6342171455500125,0.6388805703521658,0.6402209114573918,0.6388805842305978,0.634217171827588,0.016203166819774118,0.014583212216205576,0.014058585772352977,0.014583203266738894,0.016203151553162883,0.0,0.0,0.0,0.0,0.0,off,off,off,off,off
40.99999999999857,0.20499999999999285,4.202499999999902,-26.462909829651295,-25.114155829445508,-24.694929131464477,-25.11415190771072,-26.46290226331317,-28.492057681367385,-28.492047578413406,0.6345197952013926,0.6392223136471695,0.6405743737191288,0.6392223275233999,0.6345198214809312,0.01658781397475504,0.014940276956931797,0.01440668000001954,0.014940267921818318,0.0165877985530984,0.0,0.0,0.0,0.0,0.0,off,off,off,off,off
41.24999999999856,0.2062499999999928,4.2539062499999005,-26.435039544215755,-25.076473904457885,-24.654130291764773,-25.0764699938575,-26.43503199590006,-28.478221833374818,-28.478211750675456,0.6348171072803277,0.6395589650780843,0.6409228133759814,0.6395589789526298,0.6348171335624447,0.01697742014573589,0.015301884463931197,0.014759219919113062,0.015301875343034862,0.016977404568686294,0.0,0.0,0.0,0.0,0.0,off,off,off,off,off
41.49999999999854,0.20749999999999272,4.305624999999899,-26.407037333289736,-25.038622889563044,-24.613148156928276,-25.03861898994799,-26.4070298028698,-28.464291382088646,-28.46428131962287,0.6351090580870246,0.6398905014303442,0.6412662063863992,0.6398905153038283,0.6351090843724356,0.017371999137838007,0.01566804337983514,0.01511621852922778,0.0156680341727465,0.017371983404634722,0.0,0.0,0.0,0.0,0.0,off,off,off,off,off
41.74999999999853,0.20874999999999266,4.357656249999897,-26.378903348809388,-25.000603460186767,-24.571983575937907,-25.000599571425624,-26.378895836157255,-28.45026609243334,-28.45025605017932,0.6353956246098265,0.6402169002253485,0.6416045368764529,0.6402169140983779,0.635395650899312,0.017771568565812676,0.016038766382590216,0.015477678351823808,0.016038757088771335,0.01777155267548344,0.0,0.0,0.0,0.0,0.0,off,off,off,off,off
41.999999999998515,0.20999999999999258,4.4099999999998944,-26.35063773630162,-24.962416272946,-24.5306374017527,-24.962412394916583,-26.350630241302127,-28.436145732059543,-28.436135709994716,0.6356767850938522,0.6405381403507214,0.6419377934104152,0.6405381542238915,0.6356768113881813,0.01817614765382793,0.01641406764304685,0.015843587612222904,0.016414058261907664,0.018176131605305644,0.0,0.0,0.0,0.0,0.0,off,off,off,off,off
42.2499999999985,0.2112499999999925,4.462656249999893,-26.322240634595033,-24.92406196631009,-24.489110474720746,-24.92405809887967,-26.322233157129062,-28.421930071278183,-28.421920069379354,0.6359525192939873,0.6408542023160739,0.6422659622874234,0.6408542161900145,0.6359525455939515,0.018585756040079567,0.016793961568571665,0.016213939716594714,0.016793952099504964,0.01858573983226222,0.0,0.0,0.0,0.0,0.0,off,off,off,off,off
42.49999999999849,0.21249999999999244,4.515624999999891,-26.29371217568385,-24.885541160892274,-24.447403616743344,-24.88553730394736,-26.293704715647436,-28.40761888299457,-28.407608901238092,0.6362228085584928,0.6411650683275942,0.642589028431599,0.6411650822028813,0.6362228348648459,0.019000413188612366,0.01717846222820505,0.016588737171049264,0.017178452670602536,0.019000396820391063,0.0,0.0,0.0,0.0,0.0,off,off,off,off,off
42.74999999999847,0.21374999999999236,4.568906249999889,-26.265052484696128,-24.84685445972076,-24.405517629816813,-24.84685061314724,-26.265045041982432,-28.393211942641983,-28.393201981003415,0.6364876358289717,0.6414707222785021,0.6429069768845279,0.6414707361557139,0.6364876621424748,0.019420138116672852,0.017567583105532313,0.01696798758215297,0.01756757345879115,0.019420121586944155,0.0,0.0,0.0,0.0,0.0,off,off,off,off,off
42.99999999999846,0.2149999999999923,4.622499999999887,-26.236261679898945,-24.808002448459348,-24.363453295542087,-24.807998612148708,-26.23625425439849,-28.378709028115537,-28.378699086569867,0.6367469856011737,0.641771149702475,0.6432197936145657,0.6417711635821723,0.6367470119225959,0.019844949277480657,0.017961337003614682,0.017351700635132118,0.01796132726713943,0.01984493258515089,0.0,0.0,0.0,0.0,0.0,off,off,off,off,off
43.249999999998444,0.21624999999999223,4.676406249999885,-26.207339872723537,-24.768985695677458,-24.321211375050524,-24.768981869515414,-26.20733246434,-28.36410991970675,-28.36409999822854,0.6370008438686433,0.6420663377117768,0.6435274658744122,0.6420663515945356,0.6370008701987154,0.02027486451732161,0.018359736018640254,0.017739886530085364,0.018359726191842906,0.020274847661308704,0.0,0.0,0.0,0.0,0.0,off,off,off,off,off
43.49999999999843,0.21749999999999214,4.730624999999883,-26.17828716783299,-24.729804753071022,-24.278792609068603,-24.729800936957105,-26.178279776469964,-28.349414400039308,-28.349404498602752,0.6372491980597951,0.6423562749305534,0.6438299823303594,0.6423562888169108,0.6372492243992479,0.020709901067101216,0.018762791543416563,0.01813255525056765,0.018762781625716082,0.020709884046334125,0.0,0.0,0.0,0.0,0.0,off,off,off,off,off
43.749999999998415,0.2187499999999921,4.785156249999881,-26.149103649392657,-24.69046015402975,-24.236197718092825,-24.690456347861954,-26.149096274954985,-28.334622253977102,-28.334612372555682,0.6374920370543742,0.6426409514346824,0.6441273330840404,0.6426409653251752,0.6374920634039082,0.021150075491750117,0.019170514281412022,0.01852971624105625,0.019170504272235028,0.021150058305191937,0.0,0.0,0.0,0.0,0.0,off,off,off,off,off
43.9999999999984,0.219999999999992,4.839999999999879,-26.11978935532352,-24.65095237831369,-24.19342740131222,-24.650948581998676,-26.11978199772804,-28.319733268316867,-28.319723406883753,0.6377293535650898,0.6429203600367057,0.6444195096493478,0.6429203739316716,0.637729379925027,0.021595400704123746,0.019582913046613328,0.018931378276117627,0.01958290294561152,0.021595383351292238,0.0,0.0,0.0,0.0,0.0,off,off,off,off,off
44.24999999999839,0.22124999999999195,4.895156249999878,-26.090344343877263,-24.611281887416908,-24.15048233499533,-24.611278100870805,-26.09033700303803,-28.30474723171963,-28.304737390247453,0.6379611451018604,0.6431945000077206,0.6447065049102249,0.6431945139073006,0.6379611714724293,0.022045879356620664,0.019999985901650856,0.0193375494171296,0.01999997570907178,0.022045861837694643,0.0,0.0,0.0,0.0,0.0,off,off,off,off,off
44.49999999999837,0.22249999999999187,4.950624999999875,-26.060768680853045,-24.571449150132167,-24.10736317441888,-24.571445373259678,-26.060761356676522,-28.289663934812893,-28.289654113273997,0.6381874092092436,0.6434633721335163,0.6449883130607756,0.6434633860380079,0.6381874355908812,0.022501511638273658,0.02042172311732033,0.01974823700777305,0.020421712833334396,0.022501493953173784,0.0,0.0,0.0,0.0,0.0,off,off,off,off,off
44.74999999999836,0.2237499999999918,5.0064062499998725,-26.031062431004443,-24.531454626842816,-24.06407055511653,-24.531450859559158,-26.03105512340545,-28.274483170188688,-28.27447336855502,0.6384081422497301,0.6437269753440004,0.6452649295454418,0.643726989253798,0.6384081686430066,0.022962302603121588,0.020848120119523226,0.020163447685699196,0.020848109743954003,0.022962284751317202,0.0,0.0,0.0,0.0,0.0,off,off,off,off,off
44.999999999998344,0.22499999999999173,5.06249999999987,-26.00122565566349,-24.49129876602578,-24.020605093518526,-24.491295008250717,-26.00121836456387,-28.25920473237116,-28.259194950614386,0.6386233401044332,0.6439853075172595,0.6455363510016967,0.6439853214328142,0.6386233665099922,0.023428261690073237,0.021279178542600426,0.020583187400012387,0.02127916807503454,0.023428243670731038,0.0,0.0,0.0,0.0,0.0,off,off,off,off,off
45.24999999999833,0.22624999999999165,5.118906249999869,-25.971258411749147,-24.45098200295635,-23.97696737308371,-24.45097825461599,-25.97125113707267,-28.243828417775433,-28.24381865586676,0.638832998837281,0.6442383664667303,0.6458025754569078,0.6442383803885111,0.6388330252558099,0.02389940073447868,0.02171490349616039,0.021007461285923745,0.02171489293606241,0.02389938254660382,0.0,0.0,0.0,0.0,0.0,off,off,off,off,off
45.499999999998316,0.2274999999999916,5.175624999999867,-25.94116075129,-24.410504758224278,-23.933157926537007,-24.410501019242957,-25.941153492955834,-28.228354024660717,-28.228344282571015,0.6390371150791624,0.6444861505101058,0.6460636056704787,0.6444861644386023,0.6390371415113864,0.024375732545638205,0.022155301523846274,0.021436268842731403,0.022155290870625066,0.024375714188159207,0.0,0.0,0.0,0.0,0.0,off,off,off,off,off
45.7499999999983,0.22874999999999152,5.232656249999866,-25.910932721141677,-24.369867437789964,-23.889177294390635,-24.36986370808961,-25.910925479078884,-28.21278135308185,-28.21277163078159,0.6392356862132497,0.6447286587376934,0.6463194487441778,0.6447286726734118,0.6392357126598764,0.024857270104742982,0.022600379489278965,0.021869597722018273,0.022600368742321457,0.024857251576556983,0.0,0.0,0.0,0.0,0.0,off,off,off,off,off
45.99999999999829,0.22999999999999143,5.289999999999863,-25.880574362883095,-24.329070433751326,-23.845026011367167,-24.32906671325813,-25.880567137017408,-28.19711020483996,-28.197100502299378,0.6394287104477518,0.6449658911185392,0.6465701104663438,0.6449659050619729,0.6394287369095032,0.025344026151192165,0.0230501440250891,0.02230743587615375,0.023050133183776682,0.025344007451187988,0.0,0.0,0.0,0.0,0.0,off,off,off,off,off
46.24999999999827,0.23124999999999138,5.347656249999861,-25.850085712756965,-24.28811412469338,-23.80070459952006,-24.28811041334231,-25.850078503014146,-28.18134038343311,-28.18133070062214,0.639616186830269,0.645197848527872,0.6468155949304457,0.6451978624794918,0.6396162133078702,0.025836012980833926,0.02350460127555804,0.022749777742237354,0.02350459033927388,0.025835994107902303,0.0,0.0,0.0,0.0,0.0,off,off,off,off,off
46.49999999999826,0.2324999999999913,5.4056249999998585,-25.81946680166419,-24.246998875923282,-23.756213566435576,-24.24699517364556,-25.81945960798032,-28.165471694006754,-28.165462030895156,0.6397981152331216,0.6454245327367992,0.6470559056001874,0.6454245466970864,0.639798141727269,0.02633324235375695,0.023963756784437337,0.02319662228505294,0.023963745752569238,0.026333223306795463,0.0,0.0,0.0,0.0,0.0,off,off,off,off,off
46.749999999998245,0.23374999999999124,5.463906249999856,-25.788717655212963,-24.20572503967847,-23.711553404625022,-24.20572134641199,-25.78871047752125,-28.149503943305064,-28.149494299862283,0.6399744963249652,0.6456459463847607,0.6472910460470791,0.645645960354178,0.6399745228363655,0.026835725457036476,0.024427615452576698,0.023647970596378333,0.024427604324518033,0.02683570623495124,0.0,0.0,0.0,0.0,0.0,off,off,off,off,off
46.99999999999823,0.23499999999999116,5.522499999999854,-25.757838293719942,-24.1642929553185,-23.666724591321042,-24.16428927100364,-25.757831131952145,-28.13343693962247,-28.133427315817613,0.6401453315367858,0.6458620929448406,0.6475210203311768,0.6458621069238444,0.64014535806615,0.027343472894298552,0.02489618152821579,0.02410382445359446,0.02489617030336582,0.02734345349600391,0.0,0.0,0.0,0.0,0.0,off,off,off,off,off
47.24999999999822,0.23624999999999108,5.581406249999852,-25.726828732284588,-24.122702949532055,-23.621727588496924,-24.122699274104832,-25.726821586377724,-28.11727049275595,-28.117260888558093,0.640310623025807,0.6460729766867112,0.6477458331723585,0.6460729906757687,0.640310649573833,0.027856494687855976,0.025369458611897655,0.02456418558005387,0.025369447289660466,0.02785647511227426,0.0,0.0,0.0,0.0,0.0,off,off,off,off,off
47.4999999999982,0.23749999999999102,5.64062499999985,-25.695688980831733,-24.080955336510186,-23.576562842966382,-24.080951669910576,-25.695681850724867,-28.10100441395815,-28.100994829336145,0.6404703736395326,0.646278602639643,0.6479654900139938,0.6462786166392126,0.6404704002069151,0.028374800286302397,0.025847449667347255,0.025029055290110607,0.025847438247131416,0.02837478053236309,0.0,0.0,0.0,0.0,0.0,off,off,off,off,off
47.74999999999819,0.23874999999999094,5.700156249999847,-25.66441903946179,-24.039050418111827,-23.531230786530102,-24.039046760285686,-25.664411925095038,-28.084638515884507,-28.08462895080669,0.6406245868693643,0.6464789765565562,0.6481799970341111,0.6464789905670801,0.6406246134568008,0.028898398571473135,0.026330157034233883,0.02549843432822094,0.026330145515451948,0.02889837863811371,0.0,0.0,0.0,0.0,0.0,off,off,off,off,off
47.999999999998174,0.2399999999999909,5.759999999999845,-25.63301886168614,-23.99698848295131,-23.4857318361112,-23.996984833848245,-25.633011763011865,-28.06817261237083,-28.068163066805965,0.6407732677060894,0.6466741048820167,0.6483893611320131,0.6466741189039275,0.6407732943140693,0.02942729708128598,0.026817582440923433,0.02597232280259913,0.026817570822991625,0.02942727696764659,0.0,0.0,0.0,0.0,0.0,off,off,off,off,off
48.24999999999816,0.2412499999999908,5.820156249999843,-25.601488409912236,-23.954769779852143,-23.440066393145145,-23.954766139417472,-25.601481326866377,-28.051606518265118,-28.051596992181373,0.6409164247996244,0.6468639951582513,0.6485935899060731,0.646864009191918,0.6409164514284532,0.029961497047772363,0.027309726718975223,0.026450720163815868,0.027309715001388953,0.029961476753649033,0.0,0.0,0.0,0.0,0.0,off,off,off,off,off
48.499999999998145,0.24249999999999072,5.880624999999841,-25.56982766092787,-23.912394530701278,-23.394234841652235,-23.912390898890038,-25.569820593457877,-28.03494004955874,-28.034930542924087,0.641054067963867,0.6470486587903891,0.6487926916309407,0.6470486728359547,0.6410540946138992,0.030500994252781174,0.027806585098749788,0.026933625204048524,0.02780657328146204,0.030500973778072853,0.0,0.0,0.0,0.0,0.0,off,off,off,off,off
48.74999999999813,0.24374999999999067,5.941406249999839,-25.538036592701417,-23.86986297141422,-23.348237549728765,-23.869859348170223,-25.538029540750813,-28.01817302341422,-28.01816353619671,0.6411862059694741,0.6472281096141334,0.6489866752240733,0.6472281236718141,0.6411862326412222,0.03104578620240471,0.028308144557638363,0.027421036065279677,0.028308132640753516,0.031045765546677546,0.0,0.0,0.0,0.0,0.0,off,off,off,off,off
48.99999999999812,0.2449999999999906,6.002499999999836,-25.506115181516464,-23.82717533505945,-23.3020748709354,-23.8271717203408,-25.506108145037615,-28.001305258153366,-28.001295790320768,0.6413128466250744,0.6474023602468061,0.6491755502129005,0.6474023743168877,0.6413128733191318,0.0315958739104316,0.028814392998805366,0.027912950250899335,0.028814380982185556,0.03159585307294346,0.0,0.0,0.0,0.0,0.0,off,off,off,off,off
49.2499999999981,0.24624999999999053,6.0639062499998335,-25.47406340080005,-23.78433184738313,-23.255747144922424,-23.784328241137985,-25.474056379739466,-27.98433657323153,-27.98432712475156,0.6414339973017281,0.6475714219407896,0.6493593267051517,0.6475714360236632,0.6414340240187678,0.03215126079571234,0.02932532284892703,0.02840936463808824,0.029325310732203406,0.03215123977552943,0.0,0.0,0.0,0.0,0.0,off,off,off,off,off
49.49999999999809,0.24749999999999045,6.125624999999831,-25.441881220558173,-23.741332725282177,-23.20925469785888,-23.74132912746896,-25.44187421486663,-27.967266789207258,-27.967257360047398,0.6415496653254628,0.6477353052985989,0.6495380153610066,0.6477353193946691,0.6415496920661783,0.032711951452239464,0.029840929736929218,0.02891027548980959,0.02984091751959445,0.03271193024832529,0.0,0.0,0.0,0.0,0.0,off,off,off,off,off
49.749999999998074,0.24874999999999037,6.187656249999828,-25.409568607090534,-23.698178176240646,-23.162597842758743,-23.69817458681723,-25.409561616710192,-27.950095727709368,-27.95008631783716,0.6416598582033994,0.6478940208057696,0.6497116273668997,0.6478940349154658,0.6416598849685273,0.03327795083813884,0.030361210843888597,0.029415678465932495,0.03036119852536458,0.033277929449407107,0.0,0.0,0.0,0.0,0.0,off,off,off,off,off
49.99999999999806,0.2499999999999903,6.249999999999827,-25.37712552282983,-23.654868398002833,-23.115776870031567,-23.65486481693202,-25.3771185477178,-27.932823211403218,-27.932813820785896,0.6417645837381266,0.6480475791283549,0.6498801744935092,0.6480475932521025,0.6417646105283715,0.03384926381466805,0.030886163846681497,0.02992556859807816,0.030886151426357845,0.03384924224001249,0.0,0.0,0.0,0.0,0.0,off,off,off,off,off
50.249999999998046,0.25124999999999026,6.312656249999825,-25.344551926270015,-23.611403577578926,-23.068792024607262,-23.61140000481157,-25.344544966371444,-27.915449063955293,-27.915439692560057,0.6418638500775952,0.6481959912618483,0.6500436709274504,0.6481960054001138,0.6418638768937003,0.03442589490177958,0.03141578634242218,0.030439938087879842,0.031415773819675495,0.034425873140088464,0.0,0.0,0.0,0.0,0.0,off,off,off,off,off
50.49999999999803,0.2524999999999902,6.375624999999822,-25.311847771880224,-23.56778389124338,-23.02164356048229,-23.567780326746686,-25.311840827151144,-27.897973109998986,-27.897963757793036,0.6419576657304131,0.6483392685946717,0.6502021343599693,0.6483392827478746,0.6419576925730952,0.03500784815507493,0.03195007555615945,0.030958770733683572,0.03195006293036395,0.035007826205238776,0.0,0.0,0.0,0.0,0.0,off,off,off,off,off
50.74999999999802,0.2537499999999901,6.438906249999819,-25.279013010093763,-23.5240095053814,-22.974331732081225,-23.524005949114127,-25.27900608049137,-27.88039517509887,-27.88038584204932,0.6420460395629999,0.6484774229265431,0.6503555820953113,0.6484774370951303,0.6420460664329742,0.035595127107812624,0.0324890282001393,0.03148204784589258,0.03248901547067136,0.03559510496872762,0.0,0.0,0.0,0.0,0.0,off,off,off,off,off
50.999999999998,0.25499999999999,6.5024999999998165,-25.246047587322323,-23.48008057681281,-22.926856786491697,-23.480077028737867,-25.246040672795687,-27.86271508571687,-27.862705771790502,0.6421289807877916,0.6486104664670427,0.6505040298863966,0.64861048065145,0.6421290076858001,0.036187734746832644,0.03303264041087057,0.03200975456153146,0.03303262757710988,0.03618771241740181,0.0,0.0,0.0,0.0,0.0,off,off,off,off,off
51.24999999999799,0.25624999999998993,6.566406249999814,-25.212951445968372,-23.435997253037755,-22.87921896145076,-23.435993713121036,-25.212944546472812,-27.84493266917687,-27.84492337434071,0.6422064989473817,0.6487384118242339,0.6506474925298452,0.6487384260248893,0.6422065258741505,0.03678567350571394,0.03358090772511757,0.03254187959192236,0.033580894786448864,0.03678565098484691,0.0,0.0,0.0,0.0,0.0,off,off,off,off,off
51.499999999997975,0.2574999999999899,6.630624999999812,-25.17972452447097,-23.391759672394215,-22.831418484596526,-23.39175614059826,-25.17971763996667,-27.82704775363166,-27.827038477852568,0.6422786038969764,0.6488612719890288,0.6507859844623263,0.6488612862063706,0.6422786308532209,0.037388945266379696,0.034133825074867494,0.03307841358049521,0.034133812030679854,0.037388922552992906,0.0,0.0,0.0,0.0,0.0,off,off,off,off,off
51.74999999999796,0.2587499999999898,6.695156249999809,-25.146366757356105,-23.34736796423084,-22.783455573170556,-23.347364440519954,-25.146359887796706,-27.80906016802902,-27.80905091127366,0.6423453057865383,0.6489790603178366,0.6509195201202368,0.6489790745523004,0.6423453327729954,0.03799755136458817,0.034691386791171626,0.03361934790372563,0.03469137364085839,0.037997528457604235,0.0,0.0,0.0,0.0,0.0,off,off,off,off,off
51.99999999999795,0.25999999999998974,6.759999999999806,-25.112878075266906,-23.302822249034193,-22.73533043393988,-23.30281873337651,-25.11287122061674,-27.790969742079255,-27.790960504314256,0.6424066150433144,0.6490917905150675,0.6510481141267446,0.6490918047670763,0.6424066420606942,0.03861149259697009,0.035253586611814464,0.03416467398890011,0.03525357335477284,0.0386114694953176,0.0,0.0,0.0,0.0,0.0,off,off,off,off,off
52.24999999999793,0.26124999999998966,6.825156249999804,-25.079258405031197,-23.258122638578556,-22.687043263232056,-23.25811913094327,-25.079251565247063,-27.772776306222454,-27.772767087414564,0.642462542354894,0.6491994766159593,0.6511717813799972,0.6491994908859379,0.6424625694039318,0.03923076922844581,0.035820417690327296,0.03471438295959967,0.03582040432595801,0.03923074593105821,0.0,0.0,0.0,0.0,0.0,off,off,off,off,off
52.49999999999792,0.2624999999999896,6.890624999999801,-25.04550766969689,-23.21326923606668,-22.63859424702784,-23.213265736424603,-25.045500844738655,-27.75447969159771,-27.754470491713505,0.6425130986531195,0.6493021329701335,0.6512905370891762,0.6493021472585018,0.6425131257345463,0.03985538099946062,0.03639187260515796,0.03526846546129005,0.036391859132865204,0.03985535750527597,0.0,0.0,0.0,0.0,0.0,off,off,off,off,off
52.749999999997904,0.26374999999998955,6.956406249999799,-25.011625788479023,-23.168262136265298,-22.589983561044022,-23.168258644578714,-25.01161897830727,-27.73607973001097,-27.73607054901703,0.6425582950968405,0.64939977422597,0.6514043967842305,0.6493997885331743,0.6425583222113912,0.0404853271327899,0.03696794336845832,0.03582691158063028,0.036967929787648394,0.04048530344075035,0.0,0.0,0.0,0.0,0.0,off,off,off,off,off
52.99999999999789,0.26499999999998947,7.022499999999797,-24.97761265163689,-23.123101425302792,-22.54121137087546,-23.123097941546632,-24.977605856210857,-27.717576253838104,-27.717567091700914,0.6425981431383744,0.649492415316773,0.6515133763125376,0.6494924296432248,0.6425981702867581,0.041120606269829774,0.03754862143426767,0.03638971081217219,0.03754860774434949,0.041120582378912494,0.0,0.0,0.0,0.0,0.0,off,off,off,off,off
53.249999999997875,0.2662499999999894,7.088906249999794,-24.94346812803252,-23.07778717971641,-22.49227783205788,-23.077783703866686,-24.943461347319413,-27.69896909576957,-27.69895995245571,0.6426326560409192,0.6495800714498614,0.6516174918297575,0.6495800857959719,0.642632683223589,0.0417612146423778,0.03813389770601686,0.03695685204847223,0.03813388390640207,0.04176119055194616,0.0,0.0,0.0,0.0,0.0,off,off,off,off,off
53.49999999999786,0.2674999999999893,7.155624999999791,-24.909192110864353,-23.032319467226216,-22.44318309015182,-23.03231599925266,-24.909185344839614,-27.68025808889152,-27.680248964367593,0.642661849002739,0.6496627580916371,0.6517167597880783,0.6496627724578377,0.6426618762200635,0.04240714309885226,0.03872376254337443,0.03752832358139924,0.038723748633476184,0.04240711880866676,0.0,0.0,0.0,0.0,0.0,off,off,off,off,off
53.74999999999785,0.2687499999999892,7.222656249999788,-24.874784499263058,-22.98669834064077,-22.393927280733237,-22.98669488051246,-24.874777747879364,-27.661443066778304,-27.661433961010886,0.6426857369774424,0.6497404909826147,0.6518111969239112,0.6497405053693347,0.6426857642299639,0.043058380760752295,0.03931820576019855,0.03810411310850053,0.03931819173943558,0.043058356270457294,0.0,0.0,0.0,0.0,0.0,off,off,off,off,off
53.99999999999783,0.2699999999999892,7.289999999999785,-24.84024519210422,-22.940923812035578,-22.34451052790436,-22.940920359732303,-24.840238455327153,-27.642523863503357,-27.642514776458995,0.6427043339136126,0.649813287125724,0.6519008202497291,0.6498133015332312,0.6427043612019457,0.04371491865031356,0.03991721563452954,0.038684207741360443,0.03991720150249926,0.043714893959280576,0.0,0.0,0.0,0.0,0.0,off,off,off,off,off
54.24999999999782,0.2712499999999891,7.357656249999782,-24.805574085947512,-22.89499590365196,-22.29493294413166,-22.894992459144646,-24.80556736374257,-27.62350031362388,-27.62349124526918,0.6427176529859292,0.6498811661971831,0.6519856470426459,0.6498811806256697,0.6427176803107666,0.044376749921560474,0.04052077474337751,0.03926859401444603,0.040520760500036654,0.04437672502894705,0.0,0.0,0.0,0.0,0.0,off,off,off,off,off
54.499999999997804,0.27249999999998903,7.42562499999978,-24.770771074919423,-22.848914644085056,-22.245194631910238,-22.848911207351534,-24.770764367246983,-27.60437225216083,-27.604363202462167,0.6427257069373487,0.6499441481836561,0.6520656948285057,0.6499441626333625,0.6427257342994435,0.04504386903964899,0.04112886208711866,0.03985725789380753,0.041128847732402045,0.045043843944481333,0.0,0.0,0.0,0.0,0.0,off,off,off,off,off
54.74999999999779,0.27374999999998895,7.493906249999777,-24.735836050544776,-22.802680059484572,-22.195295684522534,-22.802676630495654,-24.735829357369965,-27.585139514577605,-27.58513048350156,0.6427285083251679,0.6500022518956929,0.6521409813691407,0.6500022663669645,0.6427285357252879,0.04571627103340249,0.041741458516492566,0.04045018478533985,0.04174144405013257,0.04571624573463505,0.0,0.0,0.0,0.0,0.0,off,off,off,off,off
54.999999999997776,0.27499999999998886,7.562499999999774,-24.700768901630084,-22.756292171268825,-22.14523618642744,-22.756288750007315,-24.700762222923288,-27.565801936759016,-27.565792924272017,0.6427260696677456,0.6500554951720259,0.6522115246513203,0.6500555096652313,0.6427260971066576,0.04639395100611267,0.04235854758677065,0.04104735954247937,0.042358533008333886,0.04639392550266575,0.0,0.0,0.0,0.0,0.0,off,off,off,off,off
55.24999999999776,0.27624999999998884,7.631406249999771,-24.665569514206368,-22.709750995219935,-22.095016213545392,-22.709747581659514,-24.66556284992896,-27.54635935498797,-27.546350361056653,0.6427184035239097,0.6501038953267759,0.652277342876633,0.6501039098423435,0.6427184310024187,0.04707690385072424,0.04298011456495176,0.04164876647331922,0.04298009987390566,0.047076878141503554,0.0,0.0,0.0,0.0,0.0,off,off,off,off,off
55.49999999999775,0.27749999999998876,7.700624999999769,-24.630237771466057,-22.663056541092516,-22.044635833484847,-22.66305313520897,-24.630231121587713,-27.526811605924394,-27.52680263051508,0.6427055225323888,0.6501474694695404,0.6523384544521378,0.65014748400791,0.6427055500512812,0.04776512409403515,0.04360614547125266,0.04225438934717155,0.043606130667011564,0.04776509817794295,0.0,0.0,0.0,0.0,0.0,off,off,off,off,off
55.74999999999773,0.2787499999999887,7.770156249999766,-24.594773553775667,-22.61620881243755,-21.9940951057159,-22.61620541420595,-24.594766918259637,-27.50715852658172,-27.50714956966101,0.6426874394285256,0.6501862346914831,0.6523948779817431,0.6501862492531079,0.6426874669886102,0.04845860581572885,0.0442366264657339,0.04286421140062106,0.04423661154768733,0.04845857969166987,0.0,0.0,0.0,0.0,0.0,off,off,off,off,off
55.99999999999772,0.2799999999999886,7.839999999999764,-24.559176738662188,-22.569207806551532,-21.943394081771345,-22.56920441595264,-24.559170117480164,-27.487399954305232,-27.487391015839677,0.6426641670488641,0.6502202081638262,0.6524466322580494,0.6502202227491469,0.642664194650932,0.04915734260905052,0.04487154350321681,0.043478215343124245,0.04487152847074444,0.04915731627593393,0.0,0.0,0.0,0.0,0.0,off,off,off,off,off
56.249999999997705,0.2812499999999885,7.91015624999976,-24.523447200829708,-22.52205351449078,-21.89253280538304,-22.522050131504443,-24.52344059394906,-27.467535726749674,-27.46752680670585,0.6426357183292526,0.6502494071861218,0.6524937362548812,0.6502494217955873,0.6426357459741103,0.0498613275640573,0.04551088215124783,0.04409638336220467,0.04551086700372728,0.049861301020799144,0.0,0.0,0.0,0.0,0.0,off,off,off,off,off
56.49999999999769,0.2824999999999885,7.980624999999757,-24.487584812176095,-22.474745921113538,-21.841511311612095,-22.474742545719806,-24.487578219559282,-27.44756568185781,-27.44755678020215,0.6426021062997408,0.6502738492073455,0.652536209121265,0.6502738638414046,0.6426021339882128,0.05057055326282748,0.04615462749900536,0.044718697128139175,0.04615461223581594,0.050570526508349575,0.0,0.0,0.0,0.0,0.0,off,off,off,off,off
56.74999999999768,0.2837499999999884,8.051406249999754,-24.45158944178627,-22.427285004718527,-21.79032960253579,-22.427281636891195,-24.451582863410152,-27.42748965783835,-27.427480774537543,0.6425633440780721,0.6502935518338885,0.6525740705544307,0.6502935664930087,0.6425633718109475,0.051285011780812566,0.04680276411494739,0.045345137533730775,0.046802748735471564,0.05128498481404314,0.0,0.0,0.0,0.0,0.0,off,off,off,off,off
56.99999999999766,0.2849999999999883,8.12249999999975,-24.41546095595021,-22.379670736461463,-21.738987672121368,-22.37966737617836,-24.415454391780685,-27.407307493144998,-27.407298628165705,0.6425194448625685,0.650308532830956,0.6526073424503221,0.6503085475155954,0.6425194726406699,0.05200469469119343,0.04745527602992164,0.04597568174203137,0.04745526053354566,0.05200466751106675,0.0,0.0,0.0,0.0,0.0,off,off,off,off,off
57.24999999999765,0.28624999999998824,8.193906249999747,-24.37919921816001,-22.331903081082515,-21.68748552473636,-22.33189972832909,-24.37919266817184,-27.38701902645505,-27.387010179763877,0.6424704219250159,0.6503188101168162,0.6526360478531559,0.6503188248274145,0.6424704497491479,0.05272959307056966,0.04811214673329299,0.046610302159960114,0.04811213111940761,0.05272956567602578,0.0,0.0,0.0,0.0,0.0,off,off,off,off,off
57.499999999997634,0.28749999999998815,8.265624999999744,-24.34280408914219,-22.28398199736131,-21.63582316329112,-22.283978652121277,-24.34279755329939,-27.366624096648223,-27.366615268211802,0.6424162886036473,0.6503244017562433,0.6526602089307398,0.6503244164932459,0.6424163164746481,0.05345969750510319,0.04877335917552213,0.04724897153905492,0.04877334344352265,0.05345966989508684,0.0,0.0,0.0,0.0,0.0,off,off,off,off,off
57.74999999999762,0.2887499999999881,8.337656249999743,-24.306275426872844,-22.23590743832949,-21.584000586343734,-22.235904100584406,-24.30626890514762,-27.346122542786276,-27.346113732571354,0.642357058296483,0.650325325954081,0.6526798468356668,0.6503253407179406,0.6423570862151742,0.054194998096672595,0.04943889577375158,0.04789166502105363,0.049438879923036985,0.05419497027013342,0.0,0.0,0.0,0.0,0.0,off,off,off,off,off
57.999999999997605,0.28999999999998805,8.409999999999739,-24.269613086636667,-22.187679351423725,-21.532017787037887,-22.187676021148263,-24.269606578995848,-27.325514204092826,-27.325505412066207,0.6422927444549099,0.6503216010489288,0.6526949821013825,0.6503216158401192,0.6422927724221335,0.05493548446882678,0.05010873841862659,0.048538359529540685,0.05010872244859913,0.05493545642471878,0.0,0.0,0.0,0.0,0.0,off,off,off,off,off
58.24999999999759,0.29124999999998796,8.482656249999737,-24.232816921054678,-22.13929767861191,-21.479874752663363,-22.13929435579047,-24.232810427471208,-27.30479891993349,-27.304790146061833,0.6422233605777199,0.6503132455071097,0.6527056349751272,0.6503132603260809,0.6422233885943045,0.05568114577244586,0.05078286848145835,0.04918903285468881,0.05078285239152357,0.055681117509727096,0.0,0.0,0.0,0.0,0.0,off,off,off,off,off
58.49999999999758,0.2924999999999879,8.555624999999734,-24.195886780143468,-22.090762356497578,-21.427571464461096,-22.09075904111353,-24.195880300591682,-27.283976529796348,-27.283967774046715,0.6421489202054289,0.6503002779170276,0.6527118256226269,0.6503002927642328,0.642148948272207,0.05643197069108384,0.05146126682129606,0.04984366301554661,0.05146125061086277,0.05643194220871626,0.0,0.0,0.0,0.0,0.0,off,off,off,off,off
58.74999999999756,0.2937499999999878,8.62890624999973,-24.158822511340134,-22.04207331641871,-21.375107897585366,-22.042070008453067,-24.15881604578894,-27.26304687327368,-27.26303813561279,0.6420694369150469,0.6502827169838983,0.6527135742407459,0.6502827318598011,0.6420694650328719,0.05718794744599704,0.052143913791710406,0.05050222788915974,0.052143897460190346,0.057187918742946174,0.0,0.0,0.0,0.0,0.0,off,off,off,off,off
58.99999999999755,0.29499999999998777,8.702499999999727,-24.121623959556587,-21.9932304845602,-21.3224840211071,-21.993227183986278,-24.121617507972644,-27.242009790042715,-27.242001070437595,0.6419849243151011,0.6502605815248246,0.6527109011156952,0.650260596429913,0.6419849524848383,0.05794906380087946,0.05283078924721345,0.05116470501112188,0.052830772794020334,0.05794903487611407,0.0,0.0,0.0,0.0,0.0,off,off,off,off,off
59.249999999997534,0.2962499999999877,8.776406249999724,-24.084290967212638,-21.944233782008467,-21.2696997980635,-21.94423048882038,-24.084284529573182,-27.220865119848185,-27.220856418265697,0.6418953960410327,0.6502338904644028,0.6527038266511347,0.6502339053991067,0.6418954242635235,0.058715307066332316,0.053521872549299736,0.051831071473960176,0.05352185597384986,0.058715277918824124,0.0,0.0,0.0,0.0,0.0,off,off,off,off,off
59.49999999999752,0.2974999999999876,8.850624999999722,-24.04682337428133,-21.895083124902186,-21.216755185517798,-21.895079839077,-24.046816950558707,-27.19961270248419,-27.19960401889128,0.6418008657508578,0.6502026628304031,0.6526923713802962,0.6502026777952038,0.6418008940269649,0.05948666410409478,0.054217142572125024,0.05250130387861709,0.054217125873837216,0.05948663473281886,0.0,0.0,0.0,0.0,0.0,off,off,off,off,off
59.749999999997506,0.2987499999999875,8.925156249999718,-24.009221016547798,-21.84577842445998,-21.163650134661395,-21.84577514598638,-24.009214606711737,-27.178252377775266,-27.17824371213905,0.6417013471059597,0.6501669177501337,0.652676555969746,0.6501669327454825,0.6417013754365695,0.06026312133098508,0.05491657770784937,0.053175378313963746,0.05491656088614417,0.06026309173491915,0.0,0.0,0.0,0.0,0.0,off,off,off,off,off
59.99999999999749,0.29999999999998744,8.999999999999714,-23.971483696226045,-21.796319586536896,-21.110384590876095,-21.796316315397235,-23.97147730026029,-27.156783985447618,-27.15677533773507,0.6415968539540273,0.6501266744484144,0.6526564012191152,0.6501266894747851,0.6415968823399184,0.06104466460717653,0.055620155871669776,0.05385327035079282,0.055620138925970175,0.06104463478535824,0.0,0.0,0.0,0.0,0.0,off,off,off,off,off
60.24999999999749,0.3,9.074999999998967,-23.933846777180833,-21.746943691037018,-21.057195034356795,-21.746940427208443,-23.933840395055938,-27.13520799862573,-27.135199368803995,0.6419060097276428,0.650496739497741,0.6530462910948215,0.650496754553558,0.6419060381648252,0.06183104826224734,0.05632764606421712,0.0545347532162527,0.05632762899397892,0.06183101821414037,0.0,0.0,0.0,0.0,0.0,off,off,off,off,off
60.49999999999748,0.3,9.14999999999897,-23.896532231381002,-21.69788742900687,-21.00431790014858,-21.69788417246815,-23.89652586305067,-27.113527020033274,-27.11351840806958,0.642204321351041,0.650856370532503,0.6534259049989383,0.650856385618243,0.642204349840154,0.06262141988127354,0.05703826985086715,0.05521907038911071,0.057038252655662015,0.06262138960681911,0.0,0.0,0.0,0.0,0.0,off,off,off,off,off
60.74999999999746,0.3,9.224999999998973,-23.859521000234395,-21.64914967472663,-20.951753044209624,-21.649146425455854,-23.859514645661534,-27.091743973875708,-27.0917353797372,0.642492216174974,0.651205928971497,0.6537955969319386,0.6512059440876063,0.6424922447166579,0.06341514574769005,0.05775144944524336,0.05590566005304898,0.057751432124728365,0.06341511524687739,0.0,0.0,0.0,0.0,0.0,off,off,off,off,off
60.99999999999745,0.3,9.299999999998976,-23.822795576187275,-21.60072874982467,-20.89950023385984,-21.600725507800888,-23.822789235332294,-27.06986163680324,-27.069853060457092,0.6427700434931519,0.6515457108591487,0.6541556562444352,0.6515457260060515,0.6427700720881016,0.0642118240100314,0.05846681679971993,0.05659416354099901,0.0584667993536047,0.0642117932827349,0.0,0.0,0.0,0.0,0.0,off,off,off,off,off
61.249999999997435,0.3,9.374999999998979,-23.78633984559127,-21.552622495510803,-20.847559106979077,-21.552619260706194,-23.786333518412476,-27.047882649141428,-27.047874090554558,0.6430381067152338,0.6518759756396452,0.6545063358010118,0.6518759908177697,0.6430381353641854,0.06501117276908863,0.05918411137880834,0.05728432630594852,0.05918409380683817,0.06501114181507843,0.0,0.0,0.0,0.0,0.0,off,off,off,off,off
61.49999999999742,0.3,9.449999999998981,-23.750138954748394,-21.50482834191729,-20.7959291468334,-21.504825114309995,-23.750132641209717,-27.025809525041097,-27.025800984180336,0.6432966792112882,0.6521969599345118,0.6548478655664619,0.6521969751442598,0.6432967079149768,0.06581297795877825,0.05990313299920449,0.057975952279500656,0.059903115301150625,0.06581294677776313,0.0,0.0,0.0,0.0,0.0,off,off,off,off,off
61.74999999999741,0.3,9.524999999998984,-23.714179193005663,-21.45734337136031,-20.744609666641253,-21.457340150927138,-23.71417289307115,-27.00364466169262,-27.00363613852508,0.6435460128322863,0.6525088846527994,0.6551804596954082,0.6525088998945674,0.6435460415914537,0.06661706706723373,0.060623718341983386,0.058668881153497096,0.060623700517637394,0.06661703565889697,0.0,0.0,0.0,0.0,0.0,off,off,off,off,off
61.99999999999739,0.3,9.599999999998987,-23.678447889434636,-21.410164374834494,-20.693599800945464,-21.41016116155194,-23.678441603062282,-26.98139034771438,-26.9813818422071,0.6437863428286106,0.6528119588703225,0.6555043204591469,0.6528119741445005,0.6437863716440126,0.06742329493862041,0.061345728488490535,0.05936297633067448,0.06134571053765962,0.06742326330264103,0.0,0.0,0.0,0.0,0.0,off,off,off,off,off
62.24999999999738,0.3,9.67499999999899,-23.64293332070224,-21.36328790181406,-20.642898501920172,-21.363284695660127,-23.64292704786365,-26.959048770805452,-26.959040282925486,0.6440178908793833,0.6531063820639746,0.6558196405499015,0.6531063973709417,0.6440179197517325,0.06823153565683843,0.062069041941833866,0.06005811818262713,0.06206902386433943,0.06823150379290412,0.0,0.0,0.0,0.0,0.0,off,off,off,off,off
62.499999999997364,0.3,9.749999999998993,-23.60762462842723,-21.31671030383822,-20.592504539311335,-21.316707104793608,-23.6076183690856,-26.93662202474141,-26.93661355445562,0.6442408670809636,0.6533923454810291,0.6561266045219597,0.6533923608211532,0.6442408960109897,0.06904167766294135,0.06279355049869634,0.060754200064416224,0.06279353229437117,0.06904164557075414,0.0,0.0,0.0,0.0,0.0,off,off,off,off,off
62.74999999999735,0.3,9.824999999998996,-23.572511744671345,-21.270427772413512,-20.542416503107944,-21.270424580458126,-23.572505498788104,-26.9141121157748,-26.914103663050014,0.6444554713384354,0.6536700330417613,0.656425389758994,0.6536700484154079,0.6444555003268654,0.06985362066333133,0.06351915665045403,0.06145112580731855,0.06351913831914086,0.06985358834260945,0.0,0.0,0.0,0.0,0.0,off,off,off,off,off
62.999999999997335,0.3,9.899999999998998,-23.5375853246002,-21.224436371901106,-20.492632808299305,-21.224433187015705,-23.53757909213664,-26.891520968500686,-26.89151253330394,0.6446618944009997,0.6539396219829405,0.6567161671719639,0.6539396373904686,0.6446619234485554,0.07066727356334149,0.06424577183059424,0.06214880802871143,0.06424575337214528,0.07066724101382006,0.0,0.0,0.0,0.0,0.0,off,off,off,off,off
63.24999999999732,0.3,9.974999999999001,-23.502836685441622,-21.178732067940132,-20.443151701195376,-21.178728890105845,-23.50283046637341,-26.868850431236524,-26.868842013534618,0.6448603186760333,0.6542012833522096,0.6569991017369505,0.6542012987939735,0.6448603477833886,0.07148255300719643,0.06497331514815727,0.06284716691049136,0.06497329656243192,0.07148252022862742,0.0,0.0,0.0,0.0,0.0,off,off,off,off,off
63.49999999999731,0.3,10.049999999999004,-23.468257751128164,-21.133310751962597,-20.393971266908522,-21.133307581159073,-23.468251545416223,-26.8461022809596,-26.846093880719394,0.6450509188985365,0.6544551824122032,0.6572743529324454,0.6544551978885583,0.6450509480664024,0.07229938228964349,0.06570171241397402,0.06354612925915458,0.06570169370083905,0.07229934928179398,0.0,0.0,0.0,0.0,0.0,off,off,off,off,off
63.74999999999729,0.3,10.124999999999007,-23.433841001938333,-21.088168262319755,-20.345089437673153,-21.088165098514736,-23.433834809544777,-26.823278227844384,-26.823269845032826,0.6452338627012183,0.6547014789863701,0.6575420751092638,0.6547014944977017,0.6452338919302962,0.07311769050521016,0.06643089535411399,0.06424562774552349,0.0664308765134415,0.07311765726786086,0.0,0.0,0.0,0.0,0.0,off,off,off,off,off
63.99999999999728,0.3,10.19999999999901,-23.399579428734,-21.043300402365446,-20.29650400175464,-21.04329724554856,-23.399573249630322,-26.800379919435272,-26.800371554019193,0.6454093111119251,0.6549403277645586,0.6578024178121232,0.6549403433111901,0.645409340402886,0.07393741185697576,0.06716080095135621,0.06494560026703566,0.06716078198302443,0.07393737838992044,0.0,0.0,0.0,0.0,0.0,off,off,off,off,off
64.24999999999733,0.3,10.274999999999013,-23.36546649125424,-20.998702956034805,-20.248212612708755,-20.998699806178365,-23.365460325420088,-26.777408944485302,-26.777400596431818,0.6455774189954667,0.6551718785781749,0.6580555260644341,0.6551718941604748,0.6455774483489553,0.07475848507820806,0.0678913708803103,0.06564598939952385,0.06789135178420211,0.07475845138125273,0.0,0.0,0.0,0.0,0.0,off,off,off,off,off
64.49999999999733,0.3,10.349999999999,-23.331496080170467,-20.954371701086046,-20.200212798839942,-20.95436855817485,-23.331489927570004,-26.754366836493546,-26.754358505769574,0.6457383354504356,0.6553962766515441,0.6583015406235292,0.6553962922698447,0.6457383648671364,0.07558085293812648,0.06862255101521587,0.06634674191838041,0.0686225317912192,0.07558081901108801,0.0,0.0,0.0,0.0,0.0,off,off,off,off,off
64.74999999999733,0.3,10.424999999998986,-23.297662482403013,-20.91030242041029,-20.15250197270649,-20.91029928443831,-23.297656343006707,-26.731255076964743,-26.731246763537285,0.6458922041688453,0.6556136628331013,0.6585405982113076,0.655613678487706,0.645892233649423,0.07640446181336676,0.0693542909968382,0.06704780837613755,0.06935427164484585,0.07640442765607142,0.0,0.0,0.0,0.0,0.0,off,off,off,off,off
64.99999999999733,0.3,10.499999999998973,-23.26396034953828,-20.866490911667597,-20.10507744053723,-20.866487782598455,-23.2639542233145,-26.708075098416515,-26.70806680225266,0.6460391637634972,0.6558241738091203,0.6587728317239216,0.6558241895004178,0.6460391933086194,0.0772292613127649,0.07008654384904107,0.06774914272749923,0.07008652436894977,0.077229226925048,0.0,0.0,0.0,0.0,0.0,off,off,off,off,off
65.24999999999733,0.3,10.57499999999896,-23.230384668978985,-20.822932995359537,-20.057936411556994,-20.822929873183853,-23.230378555893054,-26.68482828715659,-26.684820008223397,0.6461793480673513,0.6560279423022879,0.6589983704230137,0.6560279580305879,0.6461793776776912,0.07805520394670298,0.07081926563806543,0.06845070199522164,0.07081924602977535,0.0780551693284082,0.0,0.0,0.0,0.0,0.0,off,off,off,off,off
65.49999999999733,0.3,10.649999999998947,-23.19693073756531,-20.779624521716443,-20.011076007035285,-20.779621406416823,-23.196924637592076,-26.66151598584804,-26.66150772411251,0.6463128864081349,0.6562250972561827,0.65921734011101,0.6562251130218171,0.6463129160843384,0.07888224483448468,0.07155241516904781,0.069152445971672,0.07155239543246326,0.07888220998546293,0.0,0.0,0.0,0.0,0.0,off,off,off,off,off
65.74999999999733,0.3,10.724999999998934,-23.163594137477105,-20.736561376420752,-19.96449326903894,-20.736558267971105,-23.16358805058374,-26.638139495881774,-26.638131251311165,0.6464399038607299,0.6564157640073793,0.6594298632922214,0.6564157798107026,0.6464399336034614,0.07971034144464359,0.0722859537153105,0.06985433695183559,0.07228593385033903,0.07971030636475314,0.0,0.0,0.0,0.0,0.0,off,off,off,off,off
65.99999999999733,0.3,10.79999999999892,-23.13037071420203,-20.693739485356588,-19.918185168950487,-20.69373638375251,-23.1303646403546,-26.614700079573083,-26.614691852134712,0.6465605214796032,0.6566000644461609,0.6596360593210017,0.6566000802874659,0.6465605512895307,0.08053945336405402,0.07301984477664211,0.07055633949420911,0.07301982478319499,0.08053941805316016,0.0,0.0,0.0,0.0,0.0,off,off,off,off,off
66.24999999999733,0.3,10.874999999998908,-23.09725655632778,-20.651154818577027,-19.87214861551942,-20.651151723798336,-23.097250495504028,-26.591198962195335,-26.591190751856345,0.6466748565133847,0.6567781171666546,0.6598360445389007,0.656778133046277,0.6466748863911407,0.0813695420923905,0.07375405386331679,0.07125842020650247,0.07375403374130869,0.08136950655036462,0.0,0.0,0.0,0.0,0.0,off,off,off,off,off
66.49999999999733,0.3,10.949999999998894,-23.064247977099967,-20.608803393524028,-19.82638046262963,-20.60880030554543,-23.06424192927207,-26.567637333865804,-26.56762914059317,0.64678302260298,0.6569500376074657,0.660029932401399,0.6569500535257551,0.646783052549214,0.08220057085898981,0.07448854830301108,0.07196054755345932,0.07448852805235953,0.08220053508570963,0.0,0.0,0.0,0.0,0.0,off,off,off,off,off
66.74999999999733,0.3,11.024999999998881,-23.031341497482174,-20.566681277610286,-19.78087751663628,-20.566678196407935,-23.031335462620632,-26.54401635129517,-26.54400817505632,0.6468851299650563,0.6571159381835691,0.6602178335956533,0.6571159541408681,0.6468851599804181,0.08303250445957251,0.07522329706811534,0.07266269168442845,0.07522327668874057,0.08303246845492165,0.0,0.0,0.0,0.0,0.0,off,off,off,off,off
66.99999999999733,0.3,11.099999999998868,-22.998533830621795,-20.524784590294416,-19.735636543330656,-20.524781515863936,-22.998527808696082,-26.52033713941276,-26.520328980175094,0.646981285562108,0.6572759284100177,0.6603998561499668,0.657275944406615,0.6469813156472525,0.08386530911059119,0.07595827062122712,0.0733648242785855,0.07595825011305278,0.0838652728744587,0.0,0.0,0.0,0.0,0.0,off,off,off,off,off
67.24999999999733,0.3,11.174999999998855,-22.965821867641466,-20.483109504713894,-19.690654274493596,-20.483106437046303,-22.965815858635636,-26.49660079287642,-26.49659265060731,0.647071593260209,0.6574301150181566,0.6605761055359123,0.6574301310543529,0.6470716234157481,0.08469895231924997,0.07669344077686496,0.07406691840593935,0.07669342013981853,0.08469891585153048,0.0,0.0,0.0,0.0,0.0,off,off,off,off,off
67.49999999999733,0.3,11.249999999998842,-22.93320266457053,-20.441652248889483,-19.645927414073356,-20.441649187962696,-22.933196668454883,-26.472808377477946,-26.472800252144822,0.6471561539757157,0.6575786020650505,0.6607466847637229,0.6575786181411816,0.647156184202301,0.08553340276746402,0.07742878057765483,0.07476894840246046,0.07742875981166639,0.08553336606805807,0.0,0.0,0.0,0.0,0.0,off,off,off,off,off
67.74999999999733,0.3,11.324999999998829,-22.900673430357955,-20.40040910660977,-19.601452643985027,-20.400406052404918,-22.90066744709523,-26.448960931450728,-26.448952823021074,0.6472350658117879,0.6577214910365119,0.660911694471622,0.6577215071529046,0.6472350961100906,0.08636863020822623,0.07816426418343649,0.07547088975784907,0.07816424328843889,0.08636859327703869,0.0,0.0,0.0,0.0,0.0,off,off,off,off,off
67.99999999999733,0.3,11.399999999998816,-22.86823151584511,-20.35937641800541,-19.557226629502992,-20.359373370505352,-22.868225545416408,-26.42505946668905,-26.425051375130266,0.6473084241856715,0.6578588809443245,0.6610712330097519,0.6578588971012976,0.6473084545563113,0.08720460537301852,0.07889986677190389,0.07617271901462067,0.07889984574783285,0.08720456820995896,0.0,0.0,0.0,0.0,0.0,off,off,off,off,off
68.24999999999733,0.3,11.474999999998802,-22.83587440366597,-20.318550579917826,-19.51324602433428,-20.31854753911213,-22.83586844604639,-26.401104969885637,-26.401096895165296,0.6473763219474015,0.6579908684179213,0.661225396518999,0.6579908846157755,0.6473763523910151,0.08804129988906179,0.07963556444954754,0.07687441367732663,0.07963554329634193,0.08804126249404527,0.0,0.0,0.0,0.0,0.0,off,off,off,off,off
68.49999999999733,0.3,11.54999999999879,-22.803599698927968,-20.277928046027256,-19.469507475282256,-20.27792501189674,-22.80359375408517,-26.37709840359321,-26.377090345678937,0.6474388494908339,0.6581175477911274,0.6613742790054452,0.6581175640301878,0.6474388800080776,0.08887868620532957,0.08037133417179924,0.07757595213085386,0.08037131288940073,0.08887864857827552,0.0,0.0,0.0,0.0,0.0,off,off,off,off,off
68.74999999999733,0.3,11.624999999998776,-22.771405120664156,-20.237505326802506,-19.426007626642757,-20.237502299333926,-22.771399188565653,-26.353040707216934,-26.3530326660765,0.6474960948574797,0.6582390111842463,0.6615179724104902,0.6582390274648193,0.6474961254490108,0.08971673752636801,0.08110715367139675,0.07827731356686196,0.08110713225974962,0.08971669966720056,0.0,0.0,0.0,0.0,0.0,off,off,off,off,off
68.99999999999733,0.3,11.699999999998763,-22.73928849391521,-20.19727898933695,-19.38274312420586,-20.197275968513992,-22.73928257454898,-26.328932797942826,-26.32892477354386,0.6475481438339545,0.6583553485817204,0.6616565666773916,0.6583553649041206,0.6475481745003739,0.09055542775307211,0.0818430013940949,0.0789784779175126,0.08184297985314701,0.09055538966172025,0.0,0.0,0.0,0.0,0.0,off,off,off,off,off
69.24999999999733,0.3,11.77499999999875,-22.70724774254515,-20.15724565700225,-19.339710619015847,-20.157242642805784,-22.70724183587663,-26.304775571607166,-26.304767563917437,0.6475950800431183,0.6584666479059319,0.6617901498141627,0.6584666642704811,0.6475951107850884,0.09139473142966181,0.08257885644094314,0.07967942579573939,0.08257883477064451,0.09139469310605886,0.0,0.0,0.0,0.0,0.0,off,off,off,off,off
69.49999999999733,0.3,11.849999999998737,-22.675280882520468,-20.11740200904015,-19.296906770758255,-20.11739900145531,-22.67527498851834,-26.280569903511207,-26.280561912498513,0.6476369850299926,0.6585729950871525,0.6619188079535159,0.6585730114941594,0.6476370158481674,0.09223462369618383,0.08331469851642981,0.08038013844137896,0.08331467671673334,0.09223458514026764,0.0,0.0,0.0,0.0,0.0,off,off,off,off,off
69.74999999999733,0.3,11.924999999998724,-22.643386015742124,-20.077744780053365,-19.254328250966893,-20.077741779074273,-22.643380134383307,-26.256316649185692,-26.256308674817916,0.647673938342518,0.6586744741300492,0.6620426254096143,0.6586744905797968,0.6476739692375285,0.09307508024593734,0.08405050788187575,0.08108059767256671,0.08405048595273765,0.09307504145764971,0.0,0.0,0.0,0.0,0.0,off,off,off,off,off
69.99999999999733,0.3,11.99999999999871,-22.611561324399332,-20.0382707594446,-19.211971745870812,-20.038267765048857,-22.611555455656315,-26.232016645109326,-26.23200868735435,0.6477060176074996,0.6587711671768947,0.6621616847323998,0.6587711836697123,0.6477060485799899,0.0939160772872889,0.08478626531352065,0.08178078584185199,0.08478624325489977,0.09391603826657643,0.0,0.0,0.0,0.0,0.0,off,off,off,off,off
70.24999999999733,0.3,12.074999999998697,-22.57980506570675,-19.998976790743427,-19.169833959068427,-19.9989738029181,-22.579799209560548,-26.20767070938362,-26.207662768209303,0.6477332986023939,0.6588631545679082,0.6622760667592315,0.658863171104096,0.6477333296529829,0.09475759150940367,0.08552195206480621,0.08248068579655092,0.08552192987666407,0.09475755225621722,0.0,0.0,0.0,0.0,0.0,off,off,off,off,off
70.49999999999733,0.3,12.149999999998684,-22.548115567089127,-19.95985977093676,-19.127911613924283,-19.959856789666446,-22.548109723516404,-26.183279642368376,-26.183271717742628,0.6477558553229671,0.6589505148986202,0.6623858506643358,0.6589505314784858,0.6477558864522881,0.0955996000514641,0.08625754983241438,0.08318028084290487,0.08625752751471524,0.09559956056575973,0.0,0.0,0.0,0.0,0.0,off,off,off,off,off
70.74999999999733,0.3,12.224999999998671,-22.51649122172202,-19.92091664972432,-19.08620145576205,-19.920913675004527,-22.516485390688388,-26.15884422728027,-26.1588363191712,0.6477737600473025,0.65903332507471,0.6624911140060876,0.65903334169853,0.6477737912560184,0.09644208047500408,0.08699304072566513,0.08387955471365756,0.0869930182783769,0.09644204075674136,0.0,0.0,0.0,0.0,0.0,off,off,off,off,off
70.99999999999733,0.3,12.299999999998658,-22.4849304844077,-19.882144428807777,-19.044700253835742,-19.882141460618584,-22.48492466589431,-26.134365230757908,-26.134357339133658,0.6477870833963933,0.659111660364192,0.6625919327723404,0.6591116770322849,0.6477871146851245,0.09728501073901621,0.0877284072389243,0.08457849153870141,0.08772838466201699,0.09728497078815874,0.0,0.0,0.0,0.0,0.0,off,off,off,off,off
71.24999999999733,0.3,12.374999999998645,-22.453431867759377,-19.843540161082757,-19.00340480314665,-19.843537199408985,-22.453426061740686,-26.109843403395132,-26.10983552822381,0.6477958943915682,0.6591855944474956,0.6626883814238033,0.6591856111601645,0.6477959257609534,0.09812836917753635,0.08846363222670256,0.08527707581848488,0.0884636095201493,0.0981283289940523,0.0,0.0,0.0,0.0,0.0,off,off,off,off,off
71.49999999999733,0.3,12.449999999998631,-22.421993938695294,-19.80510094983194,-18.962311926058703,-19.805097994660713,-22.42198814514623,-26.08527948024451,-26.0852716214944,0.6478002605089058,0.659255199465321,0.6627805329357508,0.6592552162228644,0.6478002919595834,0.09897213447943616,0.08919869888116577,0.08597529239990354,0.08919867604494186,0.0989720940632976,0.0,0.0,0.0,0.0,0.0,off,off,off,off,off
71.74999999999733,0.3,12.524999999998618,-22.39061531516805,-19.766823947959466,-18.921418473703596,-19.766820999272284,-22.390609534058484,-26.060674181294644,-26.060666338934055,0.6478002477309868,0.6593205460643143,0.662868458838225,0.6593205628670442,0.6478002792636083,0.09981628567018737,0.08993359071180451,0.08667312645441937,0.08993356774588845,0.09981624502137076,0.0,0.0,0.0,0.0,0.0,off,off,off,off,off
71.99999999999733,0.3,12.599999999998605,-22.359294663158636,-19.7287063571535,-18.880721327322135,-19.7287034149401,-22.359288894470154,-26.036028211921973,-26.036020385919244,0.647795920596029,0.6593817034409981,0.6629522292544688,0.659381720289203,0.6477959522112153,0.1006608020953846,0.09066829152704008,0.08737056345819139,0.09066826843141257,0.10066076121386991,0.0,0.0,0.0,0.0,0.0,off,off,off,off,off
72.24999999999733,0.3,12.674999999998592,-22.32803069388146,-19.690745427084607,-18.84021739935781,-19.69074249133405,-22.328024937590868,-26.011342263318795,-26.01133445364235,0.6477873422446835,0.6594387393837952,0.6630319129382096,0.6594387562777642,0.6477873739430675,0.10150566340583689,0.09140278541756326,0.08806758917401218,0.09140276219220861,0.10150562229160896,0.0,0.0,0.0,0.0,0.0,off,off,off,off,off
72.49999999999733,0.3,12.749999999998579,-22.29682216120952,-19.652938454591748,-18.79990363450119,-19.65293552528223,-22.29681641729556,-25.986617012900524,-25.986609219518755,0.6477745744645668,0.6594917203133775,0.6631075773093668,0.6594917372534311,0.6477746062467777,0.10235084954406314,0.09213705674123018,0.08876418963487338,0.09213703338613462,0.10235080819711073,0.0,0.0,0.0,0.0,0.0,off,off,off,off,off
72.74999999999733,0.3,12.824999999998566,-22.265667859281905,-19.61528278285749,-18.759777010543445,-19.615279859988135,-22.265662127709817,-25.961853124692055,-25.961845347573387,0.6477576777327393,0.659540711321459,0.6631792884886636,0.6595407283078573,0.647757709599444,0.10319634073203739,0.09287109010934785,0.08946035112899638,0.09287106662450102,0.10319629915235318,0.0,0.0,0.0,0.0,0.0,off,off,off,off,off
72.99999999999733,0.3,12.899999999998553,-22.234566620240685,-19.577775800624465,-18.719834539187218,-19.577772884187425,-22.234560900995888,-25.937051249695287,-25.9370434888084,0.6477367112563728,0.6595857762079577,0.6632471113308473,0.65958579324098,0.6477367432081815,0.1040421174600517,0.09360487037421548,0.09015606018618537,0.09360484675960982,0.10404207564763186,0.0,0.0,0.0,0.0,0.0,off,off,off,off,off
73.24999999999733,0.3,12.97499999999854,-22.203517312238944,-19.540414941396506,-18.680073266658667,-19.54041203137737,-22.20351160528824,-25.91221202624004,-25.912204281553528,0.6477117330112921,0.6596269775167973,0.6633111094570174,0.6596269945967392,0.6477117650488673,0.10488816047657698,0.09433838261778478,0.090851303565372,0.09433835887341532,0.10488811843142185,0.0,0.0,0.0,0.0,0.0,off,off,off,off,off
73.49999999999733,0.3,13.049999999998526,-22.1725188374551,-19.503197682629036,-18.640490274293825,-19.50319477900416,-22.172513142787153,-25.887336080317624,-25.887328351800193,0.647682799779208,0.6596643765704014,0.6633713452856744,0.6596643936975852,0.6476828319031522,0.1057344507790175,0.09507161214132828,0.09154606824323258,0.09507158826719238,0.10573440850113172,0.0,0.0,0.0,0.0,0.0,off,off,off,off,off
73.74999999999733,0.3,13.124999999998513,-22.141570130363988,-19.46612154496293,-18.601082679004122,-19.466118647725864,-22.141564447956227,-25.862424025899685,-25.862416313520185,0.6476499671830245,0.6596980335028101,0.6634278800628319,0.6596980506775085,0.6476499993939733,0.10658096960526219,0.09580454445601334,0.0922403414037784,0.09580452045211067,0.10658092709465447,0.0,0.0,0.0,0.0,0.0,off,off,off,off,off
73.99999999999733,0.3,13.1999999999985,-22.110670156095807,-19.429184091446814,-18.56184763364115,-19.429181200587806,-22.110664485915606,-25.837476465243213,-25.83746876897044,0.6476132897207482,0.6597280072916405,0.6634807738911912,0.6597280245141339,0.6476133220193627,0.10742769842594867,0.09653716527428688,0.09293411042881773,0.09653714114062048,0.10742765568263046,0.0,0.0,0.0,0.0,0.0,off,off,off,off,off
74.24999999999733,0.3,13.274999999998487,-22.0798179088292,-19.392382926795364,-18.522782327330674,-19.39238004229992,-22.07981225085527,-25.812493989181803,-25.81248630898469,0.6475728207982115,0.6597543557888201,0.6635300857582633,0.659754373059405,0.6475728531851235,0.10827461893736537,0.0972694605019927,0.09362736288921113,0.09726943623856794,0.10827457596135276,0.0,0.0,0.0,0.0,0.0,off,off,off,off,off
74.49999999999733,0.3,13.349999999998474,-22.049012410432454,-19.355715696625793,-18.48388398569091,-19.355712818477997,-22.0490067646424,-25.787477177404583,-25.787469513252205,0.6475286127600793,0.6597771357503247,0.6635758735637309,0.6597771530692965,0.6475286452359235,0.10912171305492299,0.09800141623114522,0.09432008653684128,0.09800139183796963,0.10912166984623553,0.0,0.0,0.0,0.0,0.0,off,off,off,off,off
74.74999999999733,0.3,13.42499999999846,-22.018252709103137,-19.319180086728153,-18.44514987101053,-19.319177214907853,-22.018247075473937,-25.762426598724204,-25.76241895058547,0.6474807169198818,0.6597964028648023,0.6636181941458827,0.6597964202324691,0.6474807494852952,0.10996896290713991,0.09873301873329228,0.0950122692972299,0.09873299421037601,0.10996891946580087,0.0,0.0,0.0,0.0,0.0,off,off,off,off,off
74.99999999999733,0.3,13.499999999998447,-21.98753787812882,-19.282773822336765,-18.406577282344898,-19.282770956841347,-21.987532256642027,-25.737342811332866,-25.73733517917691,0.6474291835887824,0.6598122117812427,0.6636571033073108,0.6598122291978636,0.6474292162443899,0.11081635083008123,0.09946425445341238,0.09570389926273726,0.09946422980076786,0.11081630715611793,0.0,0.0,0.0,0.0,0.0,off,off,off,off,off
75.24999999999733,0.3,13.574999999998434,-21.95686701473406,-19.246494667438952,-18.368163555586392,-19.24649180825267,-21.956861405367903,-25.712226363049353,-25.712218746845423,0.6473740621032245,0.6598246161356336,0.6636926558397449,0.6598246336015038,0.6473740948496611,0.11166385936221111,0.10019511000428834,0.0963949646862931,0.10019508522193088,0.11166381545565425,0.0,0.0,0.0,0.0,0.0,off,off,off,off,off
75.49999999999733,0.3,13.649999999998421,-21.926239239000353,-19.21034042406731,-18.329906063450267,-19.210337571170214,-21.926233641724167,-25.68707779155588,-25.687070191273165,0.647315400851536,0.6598336685767948,0.6637249055482403,0.6598336860922195,0.6473154336894608,0.11251147123960989,0.1009255721613155,0.09708545397560721,0.10092554724926216,0.11251142710049362,0.0,0.0,0.0,0.0,0.0,off,off,off,off,off
75.74999999999733,0.3,13.724999999998408,-21.895653692861032,-19.17430893160551,-18.291802215437883,-19.17430608499626,-21.895648107646224,-25.661897624625965,-25.6618900402338,0.6472532472995284,0.6598394207913524,0.6637539052745894,0.6598394383565851,0.647253280229596,0.11335916939152249,0.10165562785769501,0.09777535568781384,0.10165560281596593,0.11335912501988418,0.0,0.0,0.0,0.0,0.0,off,off,off,off,off
75.99999999999733,0.3,13.799999999998395,-21.865109539146687,-19.13839806614834,-18.253849457758434,-19.138395225812587,-21.86510396598203,-25.636686380344543,-25.63667881181223,0.6471876480151939,0.6598419235277766,0.6637797069200433,0.6598419411431078,0.6471876810380108,0.11420693693620274,0.10238526417998312,0.09846465852451057,0.102385239008601,0.11420689233208364,0.0,0.0,0.0,0.0,0.0,off,off,off,off,off
76.24999999999733,0.3,13.874999999998382,-21.834605960731523,-19.102605739810343,-18.216045273207897,-19.102602905741975,-21.834600399591125,-25.61144456731938,-25.6114370146162,0.6471186486923941,0.6598412266198178,0.6638023614673954,0.6598412442855117,0.6471186818086088,0.11505475717702217,0.10311446836395288,0.09915335132715702,0.10311444306294322,0.11505471234046777,0.0,0.0,0.0,0.0,0.0,off,off,off,off,off
76.49999999999733,0.3,13.949999999998369,-21.80414215966971,-19.066929900116804,-18.178387180992843,-19.066927072311188,-21.80413661053825,-25.58617268488547,-25.586165147980893,0.6470462941738868,0.6598373790089951,0.6638219190024811,0.6598373967253132,0.6470463273841183,0.11590261359881926,0.10384322779074656,0.09984142307279638,0.1038432023601372,0.1159025685298783,0.0,0.0,0.0,0.0,0.0,off,off,off,off,off
76.74999999999733,0.3,14.024999999998355,-21.773717356482194,-19.03136852933733,-18.14087273656932,-19.031365707785113,-21.773711819332647,-25.56087122330277,-25.560863702166273,0.6469706284732698,0.6598304287665627,0.6638384287349446,0.659830446533778,0.6469706617781704,0.11675048986446374,0.10457152998328266,0.10052886287007497,0.10457150442310416,0.11675044456318791,0.0,0.0,0.0,0.0,0.0,off,off,off,off,off
76.99999999999733,0.3,14.099999999998342,-21.743330789373715,-18.995919643897736,-18.1034995313984,-18.995916828575105,-21.743325264190304,-25.535540663946307,-25.535533158547537,0.6468916947964861,0.6598204231146118,0.663851939018569,0.6598204409330354,0.6468917281966771,0.11759836981161294,0.10529936260290067,0.10121565995552874,0.10529933691318517,0.11759832427805797,0.0,0.0,0.0,0.0,0.0,off,off,off,off,off
77.24999999999733,0.3,14.17499999999833,-21.71298171358893,-18.960581293727046,-18.066265189209247,-18.96057848462212,-21.712976200349857,-25.510181479491365,-25.510173989799995,0.6468095355623341,0.6598074084467164,0.6638624973849833,0.6598074263166287,0.6468095690584549,0.1184462374496451,0.1060267134462173,0.10190180368663734,0.1060266876269994,0.11844619168386976,0.0,0.0,0.0,0.0,0.0,off,off,off,off,off
77.49999999999733,0.3,14.249999999998316,-21.682669400765974,-18.92535156122213,-18.029167352254632,-18.925348758327175,-21.682663899451683,-25.48479413409197,-25.484786660077816,0.6467241924224085,0.6597914303490117,0.6638701511931484,0.6597914482706777,0.6467242260150915,0.11929407695674828,0.10675357044216666,0.10258728301872874,0.106753544493483,0.11929403095881509,0.0,0.0,0.0,0.0,0.0,off,off,off,off,off
77.74999999999733,0.3,14.324999999998303,-21.65239313831694,-18.890228560627605,-17.992203708932493,-18.89022576392776,-21.652387648893153,-25.459379083553443,-25.45937162518635,0.6466357062804021,0.6597725336195803,0.6638749484680507,0.6597725515932864,0.6466357399703208,0.12014187267715266,0.10747992164920174,0.10327208434466309,0.10747989557109153,0.12014182644712658,0.0,0.0,0.0,0.0,0.0,off,off,off,off,off
77.99999999999733,0.3,14.39999999999829,-21.622152228828924,-18.855210437877446,-17.955371988742883,-18.855207647354717,-21.622146751267394,-25.433936775500683,-25.433929332750495,0.646544117310821,0.6597507622860695,0.6638769363200419,0.6597507803121083,0.6465441510986333,0.12098960911848926,0.10820575525266436,0.10395619288582007,0.10820572904516848,0.12098956265643808,0.0,0.0,0.0,0.0,0.0,off,off,off,off,off
78.24999999999733,0.3,14.474999999998277,-21.591945989578335,-18.82029537010513,-17.918669957637462,-18.820292585749854,-21.591940523864054,-25.408467649540114,-25.408460222376846,0.6464494649768748,0.6597261596236561,0.6638761602292187,0.6597261777022987,0.6464494988632032,0.12183727094926647,0.10893105956230915,0.10463959539477471,0.10893103322547068,0.12183722425526161,0.0,0.0,0.0,0.0,0.0,off,off,off,off,off
78.49999999999733,0.3,14.549999999998263,-21.561773752033048,-18.78548156518667,-17.882095416746495,-18.785478786994446,-21.561768298134723,-25.382972137417994,-25.382964725811547,0.6463517880479094,0.6596987681724166,0.6638726642952649,0.6596987863039179,0.6463518220334213,0.12268484299645432,0.10965582300996161,0.10532228031573952,0.10965579654382612,0.12268479607057056,0.0,0.0,0.0,0.0,0.0,off,off,off,off,off
78.74999999999733,0.3,14.62499999999825,-21.53163486134099,-18.750767261193573,-17.845646201611714,-18.750764489150725,-21.531629419247764,-25.357450663173637,-25.357443267094055,0.6462511246163991,0.6596686297544524,0.6638664915341879,0.6596686479390921,0.6462511587017068,0.12353231024316312,0.11038003414729755,0.1060042371939034,0.11038000755191317,0.12353226308547822,0.0,0.0,0.0,0.0,0.0,off,off,off,off,off
78.99999999999733,0.3,14.699999999998237,-21.501528675935475,-18.716150725872893,-17.809320181631932,-18.716147959970215,-21.501523245622764,-25.331903643288655,-25.331896262705925,0.646147512114166,0.6596357854904735,0.6638576840717991,0.6596358037285186,0.6461475462999204,0.12437965782640929,0.1111036816437308,0.10668545620372417,0.11110365491914781,0.12437961043700431,0.0,0.0,0.0,0.0,0.0,off,off,off,off,off
79.24999999999733,0.3,14.774999999998224,-21.47145456709677,-18.681630256154193,-17.77311525959098,-18.6816274963804,-21.471449148550533,-25.306331486831965,-25.306324121716386,0.6460409873282812,0.6596002758158614,0.6638462832565406,0.6596002941075841,0.6460410216151035,0.1252268710349636,0.11182675428440265,0.10736592787163281,0.11182672743067328,0.1252268234139229,0.0,0.0,0.0,0.0,0.0,off,off,off,off,off
79.49999999999733,0.3,14.84999999999821,-21.441411918578837,-18.647204177613645,-17.737029371223656,-18.647201423953845,-21.44140651177395,-25.28073459560116,-25.280727245922947,0.6459315864163617,0.659562140496415,0.663832329724897,0.659562158842096,0.6459316208049054,0.12607393530727187,0.11254924096826177,0.10804564292808892,0.11254921398543993,0.12607388745468268,0.0,0.0,0.0,0.0,0.0,off,off,off,off,off
79.74999999999733,0.3,14.924999999998198,-21.41140012620548,-18.61287084400297,-17.701060484790162,-18.612868096447357,-21.41139473112881,-25.255113364259984,-25.25510602998955,0.645819344921551,0.6595214186435046,0.6638158634411975,0.6595214370434102,0.6458193794124365,0.12692083622944217,0.1132711307062287,0.10872459223209198,0.11327110359437066,0.12692078814539576,0.0,0.0,0.0,0.0,0.0,off,off,off,off,off
79.99999999999733,0.3,14.999999999998185,-21.38141859755956,-18.578628636753763,-17.66520660064208,-18.57862589530066,-21.38141321418263,-25.229468180472793,-25.229460861580492,0.6457042977868487,0.6594781487288904,0.6637969237240026,0.6594781671832659,0.6457043323807393,0.12776755953329552,0.11399241261943706,0.10940276673387396,0.11399238537860176,0.12776751121788496,0.0,0.0,0.0,0.0,0.0,off,off,off,off,off
80.24999999999733,0.3,15.074999999998171,-21.351466751602402,-18.544475964501004,-17.629465750852745,-18.544473229128442,-21.35146137990185,-25.203799425034816,-25.203792121491176,0.6455864793692553,0.6594323685991085,0.6637755492653153,0.6594323871082519,0.6455865140668009,0.1286140910944707,0.11471307593754802,0.1100801574571636,0.11471304856779573,0.12861404254779218,0.0,0.0,0.0,0.0,0.0,off,off,off,off,off
80.49999999999733,0.3,15.149999999998158,-21.321544018387613,-18.51041126259497,-17.59383599876361,-18.510408533293912,-21.32153865834499,-25.178107472000107,-25.178100183775626,0.6454659234532949,0.659384115489508,0.6637517781463438,0.6593841340536812,0.6454659582551324,0.12946041693058274,0.11543310999712594,0.11075675549130506,0.11543308249851897,0.1294603681527354,0.0,0.0,0.0,0.0,0.0,off,off,off,off,off
80.74999999999733,0.3,15.224999999998145,-21.291649838739062,-18.476432992660932,-17.558315438605916,-18.47643026942586,-21.29164449033101,-25.152392688805605,-25.152385415870754,0.6453426632642868,0.6593334260378076,0.6637256478510978,0.6593334446572635,0.6453426981710669,0.1303065231994298,0.11615250424007696,0.11143255198824355,0.11615247661267984,0.13030647419051591,0.0,0.0,0.0,0.0,0.0,off,off,off,off,off
80.99999999999733,0.3,15.299999999998132,-21.26178366398048,-18.442539642138257,-17.52290219505548,-18.44253692496045,-21.26177832718335,-25.126655436392838,-25.12664817871837,0.6452167314811348,0.6592803362973556,0.6636971952790686,0.6592803549723557,0.6452167664935091,0.1311523961972452,0.11687124821214376,0.11210753816184504,0.11687122045602309,0.13115234695736933,0.0,0.0,0.0,0.0,0.0,off,off,off,off,off
81.24999999999733,0.3,15.374999999998119,-21.231944955635356,-18.40872972384122,-17.48759442284853,-18.408727012708482,-21.231939630430134,-25.100896069326694,-25.100888826883363,0.6450881602488706,0.6592248817500033,0.6636664567570896,0.6592249004808155,0.6450881953674801,0.13199802235698974,0.11758933156144981,0.11278170528827432,0.1175893036766744,0.1319979728862594,0.0,0.0,0.0,0.0,0.0,off,off,off,off,off
81.49999999999733,0.3,15.449999999998106,-21.20213318518435,-18.3750017755157,-17.452390306355227,-18.3749990704124,-21.2021278715533,-25.07511493591136,-25.075107708669833,0.6449569811907293,0.6591670973186605,0.6636334680508877,0.6591671161055633,0.6449570164162113,0.13284338824668365,0.11830674403709411,0.1134550447067977,0.11830671602373413,0.13284333854520938,0.0,0.0,0.0,0.0,0.0,off,off,off,off,off
81.74999999999733,0.3,15.524999999998093,-21.17234783382463,-18.341354359411838,-17.41728805919942,-18.3413516603309,-21.17234253174351,-25.04931237830334,-25.049305166234575,0.6448232254199081,0.6591070173795021,0.6635982643761916,0.6591070362227499,0.6448232607529185,0.13368848056777527,0.11902347548778727,0.11412754782069427,0.11902344734591501,0.13368843063567049,0.0,0.0,0.0,0.0,0.0,off,off,off,off,off
81.99999999999733,0.3,15.59999999999808,-21.14258839219687,-18.30778606188281,-17.382285923785503,-18.307783368808344,-21.142583101647176,-25.023488732622866,-25.023481535697613,0.6446869235511227,0.6590446757737985,0.6635608804098393,0.6590446946736688,0.6446869589923024,0.13453328615354393,0.1197395158605324,0.1147992060981334,0.11973948759022189,0.13453323599092465,0.0,0.0,0.0,0.0,0.0,off,off,off,off,off
82.24999999999733,0.3,15.674999999998066,-21.1128543601846,-18.27429549294476,-17.347382170976374,-18.27429280586989,-21.112849081142087,-24.997644329061785,-24.997637147251254,0.6445481057116814,0.658980105819565,0.6635213503002427,0.6589801247763095,0.6445481412616875,0.13537779196753244,0.12045485519934171,0.11547001107295192,0.12045482680066916,0.13537774157451732,0.0,0.0,0.0,0.0,0.0,off,off,off,off,off
82.49999999999733,0.3,15.749999999998053,-21.0831452466864,-18.240881285906795,-17.312575099618073,-18.240878604816828,-21.083139979133733,-24.971779491989764,-24.971772325264908,0.6444068015523557,0.6589133403227363,0.6634797076780657,0.6589133593366282,0.6444068372118268,0.1362219851020118,0.12116948364399224,0.11613995434530745,0.12116945511703456,0.13622193447872236,0.0,0.0,0.0,0.0,0.0,off,off,off,off,off
82.74999999999733,0.3,15.82499999999804,-21.053460562759454,-18.207542096868593,-17.277863036176512,-18.207539421759293,-21.053455306665285,-24.945894540043014,-24.9458873883749,0.6442630402529563,0.6588444115884229,0.6634359856663876,0.6588444306597059,0.6442630760225733,0.13706585277095967,0.12188339142881115,0.11680902758220431,0.12188336277364842,0.13706580191750908,0.0,0.0,0.0,0.0,0.0,off,off,off,off,off
82.99999999999733,0.3,15.899999999998027,-21.023799819608996,-18.174276603964955,-17.243244334283474,-18.174273934825038,-21.023794574949477,-24.919989786147,-24.91998264950672,0.6441168509567916,0.6587733514325718,0.6633902168909143,0.6587733705615085,0.6441168868374747,0.13790938201204975,0.12259656888148723,0.11747722251789511,0.12259654009820097,0.13790933092830399,0.0,0.0,0.0,0.0,0.0,off,off,off,off,off
83.24999999999733,0.3,15.974999999998014,-20.994162547405182,-18.141083507198744,-17.20871737435985,-18.141080844003994,-20.994157314153256,-24.894065537648913,-24.894058416007596,0.643968262997984,0.6587001911918245,0.6633424334897902,0.6587002103787113,0.6439682989907792,0.1387525588333188,0.12330900642190377,0.11814453095417177,0.12330897751057722,0.1387525075187438,0.0,0.0,0.0,0.0,0.0,off,off,off,off,off
83.49999999999733,0.3,16.049999999998,-20.96454828739317,-18.107961528230675,-17.174280563163677,-18.107958870987687,-20.96454306553386,-24.868122096459075,-24.868114989787756,0.6438173052418755,0.6586249617332397,0.6632926671234167,0.6586249809782898,0.6438173413476947,0.1395953687948206,0.12402069456101135,0.11881094476055032,0.1240206655217291,0.1395953172489181,0.0,0.0,0.0,0.0,0.0,off,off,off,off,off
83.74999999999733,0.3,16.12499999999799,-20.934956590010103,-18.07490941015311,-17.1399323334403,-18.074906758845714,-20.934951379530446,-24.84215975915791,-24.842152667428053,0.6436640057678251,0.6585476934638133,0.6632409489838128,0.6585477127672995,0.6436640419874516,0.14043779805349477,0.1247316238997305,0.11947645587436517,0.12473159473257946,0.14043774627600453,0.0,0.0,0.0,0.0,0.0,off,off,off,off,off
83.99999999999733,0.3,16.199999999997978,-20.90538701413766,-18.041925917095483,-17.105671143510733,-18.04192327171046,-20.905381815008127,-24.816178817096073,-24.816171740278918,0.6435083919311082,0.6584684163402171,0.6631873098039485,0.6584684357024054,0.6435084282652817,0.14127983354311563,0.12544178512788406,0.12014105630078055,0.12544175583295264,0.14127978153398235,0.0,0.0,0.0,0.0,0.0,off,off,off,off,off
84.24999999999733,0.3,16.274999999997966,-20.875839126656075,-18.00900983391614,-17.071495476923815,-18.00900719443166,-20.875833938853333,-24.79017955648777,-24.790172494554724,0.6433504904836779,0.6583871598780825,0.6631317798667316,0.6583871792992602,0.6433505269330729,0.1421214627944087,0.12615116902315202,0.12080473811273194,0.1261511396005294,0.14212141055370836,0.0,0.0,0.0,0.0,0.0,off,off,off,off,off
84.49999999999733,0.3,16.349999999997955,-20.84631250216634,-17.976159965817033,-17.037403842058836,-17.97615733223168,-20.846307325683682,-24.76416225850315,-24.764155211425845,0.6431903276677159,0.658303953161269,0.6630743890139399,0.6583039726416676,0.6431903642329365,0.1429626737425541,0.1268597664500484,0.12146749345080181,0.12685973689982608,0.142962621270438,0.0,0.0,0.0,0.0,0.0,off,off,off,off,off
84.74999999999733,0.3,16.424999999997944,-20.816806722757747,-17.943375138039272,-17.00339477177141,-17.943372510348723,-20.816801557573882,-24.738127199357535,-24.73812016710744,0.6430279292769949,0.6582188248507114,0.6630151666548625,0.65821884439057,0.6430279659586707,0.1438034545946533,0.1275675683589213,0.12212931452304017,0.12756753868119264,0.14380340189131202,0.0,0.0,0.0,0.0,0.0,off,off,off,off,off
84.99999999999733,0.3,16.499999999997932,-20.787321377796218,-17.910654195547096,-16.96946682300404,-17.910651573736175,-20.78731622389131,-24.712074650397653,-24.712067632946372,0.6428633206956151,0.6581318031930901,0.6629541417748609,0.6581318227926769,0.6428633574943673,0.14464379374990344,0.1282745657849744,0.12279019360473552,0.1282745359798345,0.14464374081554676,0.0,0.0,0.0,0.0,0.0,off,off,off,off,off
85.24999999999733,0.3,16.57499999999792,-20.757856063780906,-17.87799600263827,-16.93561857644653,-17.877993386701604,-20.757850921132956,-24.68600487818719,-24.6859978755065,0.6426965269227407,0.6580429160295044,0.6628913429436247,0.6580429356890592,0.6426965638391956,0.14548367975424062,0.12898074984730654,0.12345012303814269,0.1289807199148522,0.14548362658908595,0.0,0.0,0.0,0.0,0.0,off,off,off,off,off
85.49999999999733,0.3,16.64999999999791,-20.72841038416442,-17.845399442645686,-16.901848636151612,-17.84539683257512,-20.72840525275376,-24.659918144590137,-24.659911156651816,0.6425275725894426,0.6579521908037055,0.6628267983233807,0.6579522105234766,0.642527609624221,0.14632310127536763,0.1296861117479695,0.12410909523217356,0.12968608168829923,0.14632304787963413,0.0,0.0,0.0,0.0,0.0,off,off,off,off,off
85.74999999999733,0.3,16.724999999997898,-20.698983949211794,-17.812863417647833,-16.868155629189516,-17.81286081341699,-20.69897882901799,-24.633814706852462,-24.633807733628288,0.642356481970893,0.6578596545701249,0.6627605356768272,0.6578596743504083,0.6423565191246211,0.1471620470892926,0.13039064277104598,0.12476710266205414,0.13039061258425894,0.1471619934631987,0.0,0.0,0.0,0.0,0.0,off,off,off,off,off
85.99999999999733,0.3,16.799999999997887,-20.669576375855826,-17.780386848089137,-16.834538205317358,-17.78038424970586,-20.669571266860004,-24.607694817682187,-24.607687859143994,0.6421832789960322,0.6577653340019617,0.6626925823748769,0.6577653538429589,0.6421833162693331,0.14800050607320783,0.13109433428174244,0.12542413786895512,0.13109430396793978,0.14800045221696995,0.0,0.0,0.0,0.0,0.0,off,off,off,off,off
86.24999999999733,0.3,16.874999999997875,-20.640187287586144,-17.747968672550996,-16.80099503657692,-17.747966079991812,-20.640182189770485,-24.581558725327824,-24.581551781447615,0.6420079872556929,0.657669255398688,0.6626229654044244,0.657669275300687,0.6420080246491934,0.14883846720179084,0.13179717772550048,0.12608019345959642,0.1317971472847853,0.148838413115623,0.0,0.0,0.0,0.0,0.0,off,off,off,off,off
86.49999999999733,0.3,16.949999999997864,-20.610816314283227,-17.715607847393585,-16.76752481700254,-17.715605260650875,-20.610811227635168,-24.555406673655654,-24.555399744405747,0.6418306300100521,0.6575714446937404,0.6625517113756692,0.6575714646569838,0.641830667524364,0.14967591954531628,0.13249916462712452,0.12673526210583166,0.13249913405960068,0.14967586522943033,0.0,0.0,0.0,0.0,0.0,off,off,off,off,off
86.74999999999733,0.3,17.024999999997853,-20.58146309213427,-17.683303346461287,-16.73412626224956,-17.683300765537126,-20.58145801663295,-24.529238902225785,-24.529231987578044,0.6416512301953566,0.657471927461864,0.6624788465294982,0.6574719474865687,0.641651267831119,0.15051285226869682,0.13320028658992225,0.1273893365442154,0.13320025589569606,0.15051279772330195,0.0,0.0,0.0,0.0,0.0,off,off,off,off,off
86.99999999999733,0.3,17.09999999999784,-20.55212726349785,-17.651054160825908,-16.70079810926029,-17.65105158570549,-20.552122199117605,-24.503055646365482,-24.503048746292194,0.6414698104304843,0.657370728926206,0.6624043967446223,0.6573707490126329,0.6414698481883492,0.1513492546309779,0.13390053529486193,0.12804240957555377,0.13390050447404098,0.15134919985628134,0.0,0.0,0.0,0.0,0.0,off,off,off,off,off
87.24999999999733,0.3,17.17499999999783,-20.52280847677264,-17.61885929846369,-16.667539115949126,-17.618856729136724,-20.52280342349721,-24.476857137243286,-24.476850251716797,0.6412863930232703,0.6572678739654235,0.6623283875445132,0.6572678941138207,0.6412864309038704,0.15218511598503048,0.1345999024997445,0.12869447406444517,0.1345998715524378,0.15218506098123755,0.0,0.0,0.0,0.0,0.0,off,off,off,off,off
87.49999999999733,0.3,17.24999999999782,-20.493506386324015,-17.586717784009636,-16.634348060857803,-17.586715220462708,-20.493501344132284,-24.45064360193976,-24.45063673093236,0.6411009999765335,0.6571633871204384,0.6622508441042836,0.6571634073310625,0.6411010379805122,0.15302042577730868,0.13529838003838818,0.12934552293880852,0.13529834896470602,0.15302037054462336,0.0,0.0,0.0,0.0,0.0,off,off,off,off,off
87.74999999999733,0.3,17.324999999997807,-20.46422065233608,-17.55462865844231,-16.601223742847026,-17.554626100676046,-20.464215621201106,-24.42441526351837,-24.424408407002403,0.640913652994158,0.6570572926012316,0.6621717912573282,0.6570573128742998,0.6409136911221802,0.15385517354760342,0.13599595981982726,0.12999554918940584,0.13599592861988213,0.15385511808622795,0.0,0.0,0.0,0.0,0.0,off,off,off,off,off
87.99999999999733,0.3,17.399999999997796,-20.43495094072236,-17.52259097885542,-16.568164980743518,-17.52258842684705,-20.434945920626973,-24.39817234109435,-24.39816549904225,0.640724373486915,0.6569496142932587,0.6620912535019535,0.6569496346290513,0.640724411739619,0.15468934892875946,0.13669263382752522,0.13064454586935437,0.13669260250143028,0.15468929323889546,0.0,0.0,0.0,0.0,0.0,off,off,off,off,off
88.24999999999733,0.3,17.474999999997785,-20.405696923025715,-17.490603818140414,-16.53517061305189,-17.490601271893922,-20.405691913951898,-24.371915049902867,-24.371908222287203,0.6405331825782018,0.6568403757639701,0.6620092550076989,0.6568403961626936,0.6405332209562314,0.15552294164634328,0.13738839411859716,0.13129250609363635,0.13738836266646734,0.15552288572819223,0.0,0.0,0.0,0.0,0.0,off,off,off,off,off
88.49999999999733,0.3,17.549999999997773,-20.376458276192693,-17.458666254491646,-16.502239497402968,-17.458663713985516,-20.37645327813388,-24.345643601365055,-24.345636788158203,0.64034010111001,0.6567296003691918,0.6619258196222201,0.656729620831158,0.6403401396139786,0.15635594151825696,0.1380832327857303,0.1319394230386041,0.1380832012076614,0.15635588537202016,0.0,0.0,0.0,0.0,0.0,off,off,off,off,off
88.74999999999733,0.3,17.624999999997762,-20.347234681946816,-17.4267773697253,-16.469370509118505,-17.426774834956973,-20.34722969487774,-24.319358203150813,-24.31935140432543,0.6401451496498317,0.6566173125176546,0.6618409708803611,0.6566173330433747,0.640145188280405,0.157188338454284,0.13877714070777286,0.1325852899414518,0.13877710900354634,0.1571882820801633,0.0,0.0,0.0,0.0,0.0,off,off,off,off,off
88.99999999999733,0.3,17.69999999999775,-20.318025826939532,-17.39493627564366,-16.43656254148891,-17.394933746585565,-20.318020850839474,-24.293059059239397,-24.293052274768144,0.6399483484954663,0.6565035376379267,0.6617547320086443,0.6565035582280023,0.6399483872532993,0.15802012245557664,0.13947010570561327,0.13323010009966968,0.13947007387472893,0.15802006585377298,0.0,0.0,0.0,0.0,0.0,off,off,off,off,off
89.24999999999733,0.3,17.77499999999774,-20.28883140301312,-17.36314210281799,-16.40381450612415,-17.363139579467003,-20.2888264378673,-24.266746369980865,-24.266739599836683,0.6397497176794297,0.6563883001212374,0.6616671259294322,0.6563883207760688,0.6397497565651618,0.15885128361411469,0.14016211554608532,0.13387384687052775,0.14016208358821344,0.15885122678482982,0.0,0.0,0.0,0.0,0.0,off,off,off,off,off
89.49999999999733,0.3,17.849999999997728,-20.25965110720179,-17.3313939979939,-16.37112533281106,-17.33139148034263,-20.259646152993724,-24.240420332159403,-24.240413576315063,0.6395492769739481,0.6562716230580573,0.6615781752662695,0.6562716437779528,0.6395493159882251,0.15968181211213395,0.14085315993704892,0.1345165236705746,0.14085312785209145,0.15968175505557053,0.0,0.0,0.0,0.0,0.0,off,off,off,off,off
89.74999999999733,0.3,17.924999999997716,-20.230484641666095,-17.29969112303158,-16.33849396933607,-17.299688611074885,-20.230479698365798,-24.214081139053803,-24.214074397482193,0.6393470458960304,0.6561535286129375,0.6614879023491878,0.6561535493981382,0.6393470850395345,0.16051169822152184,0.14154323020547668,0.13515812397514124,0.14154319799348672,0.1605116409378822,0.0,0.0,0.0,0.0,0.0,off,off,off,off,off
89.99999999999733,0.3,17.999999999997705,-20.201331713604418,-17.268032654346484,-16.305919381185106,-17.268030148071432,-20.201326781199356,-24.187728980498605,-24.18772225317278,0.6391430437125123,0.6560340383312443,0.6613963292202297,0.6560340591819837,0.6391430829858806,0.1613409323031801,0.1422323186468987,0.1357986413178494,0.14223228630801008,0.16134087479266776,0.0,0.0,0.0,0.0,0.0,off,off,off,off,off
90.24999999999733,0.3,18.074999999997694,-20.17219203520804,-17.236417782482363,-16.27340055131276,-17.236415281885,-20.172187113667974,-24.16136404294386,-24.161357329836733,0.6389372894448866,0.655913173321724,0.6613034776386774,0.6559131942381978,0.6389373288488039,0.16216950480636447,0.14292041808016198,0.13643806929012162,0.14292038561454787,0.16216944706918293,0.0,0.0,0.0,0.0,0.0,off,off,off,off,off
90.49999999999733,0.3,18.149999999997682,-20.14306532354928,-17.204845711800544,-16.240936479844436,-17.20484321686206,-20.143060412862212,-24.13498650951348,-24.13497981059814,0.6387298018742271,0.6557909543560113,0.6612093690863536,0.6557909753384484,0.6387298414093309,0.1629974062679992,0.14360752159758694,0.13707640154069498,0.14360748900543668,0.16299734830435314,0.0,0.0,0.0,0.0,0.0,off,off,off,off,off
90.74999999999733,0.3,18.22499999999767,-20.11395130054123,-17.17331566018106,-16.208526183838842,-17.173313170898894,-20.113946400684142,-24.108596560063233,-24.10858987531276,0.6385205995458296,0.6556674019216322,0.6611140247726597,0.6556674229702171,0.6385206392127877,0.16382462731197522,0.1442936224348563,0.1377136317751387,0.14429358971636544,0.1638245691220705,0.0,0.0,0.0,0.0,0.0,off,off,off,off,off
90.99999999999733,0.3,18.29999999999766,-20.084849692815112,-17.14182685878859,-16.176168696974628,-17.141824375157285,-20.084844803769215,-24.08219437123722,-24.082187700624814,0.6383097007739872,0.6555425362502565,0.6610174656397135,0.6555425573651819,0.6383097405734559,0.16465115864842905,0.1449787139061414,0.1383497537553762,0.1449786810615058,0.16465110023247248,0.0,0.0,0.0,0.0,0.0,off,off,off,off,off
91.24999999999733,0.3,18.374999999997648,-20.055760231642807,-17.110378551833833,-16.14386306930578,-17.11037607383531,-20.055755353401764,-24.055780116523778,-24.05577346002275,0.6380971236465574,0.6554163773332984,0.6609197123672103,0.6554163985147915,0.6380971635791618,0.16547699107300867,0.145662789373167,0.13898476129920878,0.14566275640257975,0.1654769324312084,0.0,0.0,0.0,0.0,0.0,off,off,off,off,off
91.49999999999733,0.3,18.449999999997637,-20.02668265290808,-17.078969996337435,-16.111608366979908,-17.078967523966128,-20.02667778544094,-24.029353966310367,-24.029347323894,0.6378828860293174,0.655288944931079,0.6608207853772811,0.6552889661793344,0.6378829260957478,0.166302115466129,0.146345842231519,0.1396186482798465,0.14634580913516948,0.16630205659869465,0.0,0.0,0.0,0.0,0.0,off,off,off,off,off
91.74999999999733,0.3,18.524999999997625,-19.99761669695053,-17.047600461899776,-16.079403671988587,-17.047597995150284,-19.997611840249476,-24.00291608793725,-24.002909459579,0.6376670055705734,0.6551602585787453,0.6607207048391794,0.655160279893961,0.6376670457714588,0.1671265227922177,0.1470278659055371,0.140251408625441,0.1470278326836118,0.16712646369935938,0.0,0.0,0.0,0.0,0.0,off,off,off,off,off
91.99999999999733,0.3,18.599999999997614,-19.968562108565266,-17.016269230529417,-16.04724808190258,-17.016266769392075,-19.968557262599575,-23.976466645750577,-23.97646003142387,0.6374494997052742,0.6550303375904493,0.6606194906739139,0.6550303589728343,0.6374495400413064,0.1679502040989528,0.1477088538473798,0.1408830363186243,0.14770882050006198,0.1679501447808825,0.0,0.0,0.0,0.0,0.0,off,off,off,off,off
92.24999999999733,0.3,18.674999999997603,-19.939518636860868,-16.98497559637491,-16.01514070960593,-16.984973140835052,-19.939513801621075,-23.950005801154163,-23.949999200832536,0.6372303856594247,0.6548992010630074,0.6605171625587958,0.6548992225127865,0.6372304261312379,0.1687731505164965,0.1483887995380192,0.14151352539605308,0.14838876606548834,0.16877309097342671,0.0,0.0,0.0,0.0,0.0,off,off,off,off,off
92.49999999999733,0.3,18.74999999999759,-19.9104860352505,-16.953718865562394,-15.983080683090463,-16.953716415619965,-19.910481210711538,-23.923533712660827,-23.92352712631788,0.6370096804540619,0.6547668678789347,0.6604137399317409,0.6547668893962936,0.637009721062333,0.16959535325672276,0.14906769648904616,0.14214286994795625,0.14906766289147966,0.16959529348886784,0.0,0.0,0.0,0.0,0.0,off,off,off,off,off
92.74999999999733,0.3,18.82499999999758,-19.88146406132566,-16.922498356025017,-15.951067145132185,-16.922495911652675,-19.88145924747809,-23.89705053594264,-23.89704396355208,0.6367874009094721,0.6546333567093485,0.6603092419958011,0.6546333782945467,0.6367874416548366,0.17041680361244557,0.14974553824473855,0.1427710641176887,0.14974550452231042,0.17041674362002138,0.0,0.0,0.0,0.0,0.0,off,off,off,off,off
92.99999999999733,0.3,18.89999999999757,-19.852452476823316,-16.891313397216095,-15.919099253109493,-16.89131095841418,-19.85244767364506,-23.870556423880657,-23.87054986541594,0.6365635636490785,0.6544986860171312,0.6602036877232363,0.6544987076703553,0.6365636045322061,0.17123749295664198,0.15042231838411713,0.14339810210128875,0.1504222845369988,0.17123743273986541,0.0,0.0,0.0,0.0,0.0,off,off,off,off,off
93.24999999999733,0.3,18.974999999997557,-19.823451047535627,-16.860163330014643,-15.887176178736013,-16.860160896775653,-19.82344625500292,-23.84405152661259,-23.84404498204765,0.6363381851034132,0.6543628740595773,0.660097095859736,0.6543628957810363,0.636338226124978,0.17205741274167774,0.15109803052287385,0.14402397814704157,0.15109799655123587,0.17205735230076702,0.0,0.0,0.0,0.0,0.0,off,off,off,off,off
93.49999999999733,0.3,19.049999999997546,-19.794459543254646,-16.829047506454344,-15.855297104181261,-16.82904507875446,-19.79445476135197,-23.817535991581423,-23.81752946089003,0.636111281513919,0.6542259388915209,0.659989484953597,0.6542259606814672,0.6361113226745727,0.17287655449853115,0.15177266831512573,0.1446486865490231,0.15177263421913642,0.17287649383370574,0.0,0.0,0.0,0.0,0.0,off,off,off,off,off
93.74999999999733,0.3,19.124999999997534,-19.765477737694653,-16.79796528903495,-15.823461203593808,-16.79796286687838,-19.765472966399102,-23.791009963582127,-23.79100344673813,0.6358828689367426,0.6540878983695505,0.6598808746622962,0.6540879202281616,0.6358829102371584,0.1736949098360216,0.15244622545496783,0.14527222068250362,0.15244619123479394,0.17369484894750262,0.0,0.0,0.0,0.0,0.0,off,off,off,off,off
93.99999999999733,0.3,19.199999999997523,-19.736505408390656,-16.766916050425664,-15.79166767711422,-16.76691363380479,-19.736500647688302,-23.76447358480749,-23.7644670817848,0.6356529632465189,0.6539487701552361,0.6597712871125567,0.6539487920827224,0.6356530046873456,0.17451247044003532,0.15311869567781755,0.145894569380375,0.15311866133362576,0.17451240932804502,0.0,0.0,0.0,0.0,0.0,off,off,off,off,off
94.24999999999733,0.3,19.27499999999751,-19.707542336645872,-16.735899173775863,-15.759915746728552,-16.73589676269671,-19.707537586520687,-23.7379269948932,-23.737920505665926,0.6354215801399589,0.6538085717168072,0.65966074344848,0.6538085937133417,0.6354216217218513,0.17532922807275633,0.15379007276159862,0.14651572010642872,0.15379003829355514,0.17532916673751864,0.0,0.0,0.0,0.0,0.0,off,off,off,off,off
94.49999999999733,0.3,19.3499999999975,-19.678588307457346,-16.704914052731453,-15.72820465010227,-16.70491164716458,-19.678583567891252,-23.711370330962467,-23.711363855504715,0.635188735139432,0.6536673203315807,0.6595492629084472,0.6536673423974317,0.6351887768630508,0.17614517457189968,0.15446035052777402,0.1471356631788657,0.15446031593604373,0.17614511301364025,0.0,0.0,0.0,0.0,0.0,off,off,off,off,off
94.74999999999733,0.3,19.42499999999749,-19.649643109465188,-16.673960091274807,-15.696533639080997,-16.673957691215207,-19.64963838044065,-23.684803727669447,-23.68479726595521,0.6349544435964191,0.6535250330888581,0.6594368634719039,0.6535250552242277,0.6349544854624231,0.1769603018499494,0.155129522842236,0.14775439147748376,0.1551294881269825,0.17696024006889496,0.0,0.0,0.0,0.0,0.0,off,off,off,off,off
94.99999999999733,0.3,19.499999999997478,-19.62070653489758,-16.643036703622954,-15.664901978974285,-16.6430343090596,-19.62070181639993,-23.658227317242023,-23.65822086924541,0.6347187206949149,0.6533817268926556,0.6593235623862046,0.6533817490977624,0.6347187627039551,0.17777460189339994,0.15579758361606472,0.14837189934012018,0.15579754877745153,0.1777745398897785,0.0,0.0,0.0,0.0,0.0,off,off,off,off,off
95.24999999999733,0.3,19.574999999997466,-19.591778379519752,-16.612143314063417,-15.633308948085755,-16.61214092498858,-19.591773671533133,-23.631641229524035,-23.63163479521947,0.634481581454756,0.6532374184645964,0.6592093764609589,0.6532374407396494,0.6344816236074869,0.1785880667620035,0.15646452680616824,0.14898818182926976,0.15646449184435876,0.1785880045360453,0.0,0.0,0.0,0.0,0.0,off,off,off,off,off
95.49999999999733,0.3,19.649999999997455,-19.562858442571894,-16.58127935678351,-15.601753837378737,-16.5812769731877,-19.562853745077746,-23.605045592017177,-23.605039171379076,0.6342430407349191,0.6530921243468039,0.6590943222179784,0.653092146692017,0.6342430830320023,0.17940068858802288,0.15713034641581491,0.14960323434180187,0.1571303113309724,0.17940062613995927,0.0,0.0,0.0,0.0,0.0,off,off,off,off,off
95.74999999999733,0.3,19.724999999997443,-19.533946526733388,-16.550444275737334,-15.57023595017938,-16.550441897614576,-19.533941839705506,-23.57844052992141,-23.578434122924193,0.6340031132366893,0.6529458609046822,0.6589784159652121,0.6529458833202598,0.6340031556788065,0.18021245957548904,0.15779503649506993,0.15021705241640848,0.15779500128735738,0.1802123969055524,0.0,0.0,0.0,0.0,0.0,off,off,off,off,off
95.99999999999733,0.3,19.799999999997432,-19.50504243805031,-16.519637524480515,-15.53875460192154,-16.519635151821888,-19.505037761479798,-23.5518261661758,-23.551819772793806,0.6337618135068669,0.6527986443297655,0.6588616738325909,0.6527986668159184,0.6337618560946541,0.18102337199946528,0.15845859114114685,0.1508296316428125,0.1584585558107278,0.18102330910788983,0.0,0.0,0.0,0.0,0.0,off,off,off,off,off
96.24999999999733,0.3,19.87499999999742,-19.476145985908857,-16.488858566011686,-15.507309119949298,-16.488856198817246,-19.476141319766498,-23.525202621497613,-23.525196241705203,0.6335191559407966,0.6526504906425221,0.6587441117891378,0.6526505131994375,0.6335191986749436,0.1818334182053172,0.15912100449868097,0.15144096762126016,0.15912096904571926,0.18183335509233817,0.0,0.0,0.0,0.0,0.0,off,off,off,off,off
96.49999999999733,0.3,19.94999999999741,-19.447256982978303,-16.458106872639462,-15.475898843243385,-16.45810451089301,-19.447252327250624,-23.49857001442109,-23.498563648192942,0.6332751547854224,0.6525014156950747,0.6586257456513299,0.6525014383229824,0.633275197666577,0.1826425906079905,0.1597822707599351,0.15205105594634047,0.15978223518459483,0.18264252727384428,0.0,0.0,0.0,0.0,0.0,off,off,off,off,off
96.74999999999733,0.3,20.024999999997398,-19.418375245156312,-16.42738192579509,-15.444523122265025,-16.42737956948781,-19.418370599828762,-23.471928461336518,-23.471922108647448,0.6330298241422804,0.6523514351740344,0.6585065910869083,0.6523514578731429,0.633029867171093,0.1834508816912923,0.16044238416494355,0.1526598922023366,0.1604423484673884,0.18345081813621714,0.0,0.0,0.0,0.0,0.0,off,off,off,off,off
96.99999999999733,0.3,20.099999999997387,-19.38950059152475,-16.39668321593149,-15.41318131871219,-16.396680865052417,-19.38949595658667,-23.445278076527615,-23.445271737352186,0.6327831779704095,0.6522005646030816,0.6583866636169822,0.6522005873736053,0.6327832211475213,0.18425828400718203,0.16110133900160006,0.1532674719638772,0.1611013031819944,0.1842582202314178,0.0,0.0,0.0,0.0,0.0,off,off,off,off,off
97.24999999999733,0.3,20.174999999997375,-19.36063284431134,-16.36601024233329,-15.381872805327646,-16.366007896875033,-19.360628219742978,-23.418618972208606,-23.41861264652161,0.6325352300891983,0.6520488193457529,0.6582659786171584,0.6520488421878957,0.6325352734152738,0.18506479017506733,0.16175912960570007,0.15387379079886868,0.16175909366420851,0.18506472617885553,0.0,0.0,0.0,0.0,0.0,off,off,off,off,off
97.49999999999733,0.3,20.249999999997364,-19.331771828827556,-16.33536251298301,-15.350596965749673,-16.33536017294432,-19.331767214613564,-23.391951258560823,-23.391944946337134,0.6322859941812405,0.6518962146080467,0.6581445513182582,0.6518962375219957,0.6322860376569317,0.1858703928811072,0.16241575036093459,0.1544788442722658,0.1624157142977223,0.18587032866469042,0.0,0.0,0.0,0.0,0.0,off,off,off,off,off
97.74999999999733,0.3,20.324999999997353,-19.302917373428926,-16.30473954445256,-15.319353194301982,-16.304737209824793,-19.302912769553984,-23.36527504376886,-23.365268744983467,0.632035483795084,0.6517427654409381,0.6580223968071334,0.6517427884268997,0.6320355274210425,0.18667508487752207,0.1630711956988505,0.15508262795000913,0.1630711595140838,0.18667502044114473,0.0,0.0,0.0,0.0,0.0,off,off,off,off,off
97.99999999999733,0.3,20.39999999999734,-19.27406930948254,-16.27414086172695,-15.288140895782135,-16.2741385324926,-19.274064715922293,-23.338590434055675,-23.338584148683452,0.6317837123479098,0.6515884867430352,0.6578995300275368,0.6515885098012372,0.6317837561248106,0.18747885898191127,0.16372546009877423,0.15568513740281292,0.16372542379261962,0.18747879432581863,0.0,0.0,0.0,0.0,0.0,off,off,off,off,off
98.24999999999733,0.3,20.47499999999733,-19.245227471308056,-16.24356599805759,-15.256959485334392,-16.243563674221548,-19.245222888041354,-23.311897533717627,-23.311891261733535,0.6315306931282337,0.651433393263126,0.6577759657808661,0.6514334163937365,0.6315307370567433,0.18828170807657735,0.16437853808770345,0.15628636820968833,0.16437850166032747,0.18828164320101537,0.0,0.0,0.0,0.0,0.0,off,off,off,off,off
98.49999999999733,0.3,20.54999999999732,-19.216391696129875,-16.21301449490045,-15.225808388238136,-16.213012176440373,-19.2163871231335,-23.285196445158647,-23.285190186537648,0.6312764392985347,0.6512774996024706,0.6576517187272408,0.6512775228057287,0.6312764833793245,0.1890836251078558,0.16503042424017522,0.15688631596115452,0.16503038769174536,0.18908356001307214,0.0,0.0,0.0,0.0,0.0,off,off,off,off,off
98.74999999999733,0.3,20.624999999997307,-19.187561824034645,-16.182485901675932,-15.194687039778444,-16.182483588597904,-19.187557261298082,-23.258487268923915,-23.25848102364111,0.6310209638978187,0.6511208202175278,0.6575268033864604,0.6511208434935973,0.6310210081315267,0.1898846030854541,0.16568111317810733,0.15748497626213448,0.16568107650879196,0.1898845377716974,0.0,0.0,0.0,0.0,0.0,off,off,off,off,off
98.99999999999733,0.3,20.699999999997296,-19.158737697941916,-16.151979775733935,-15.163594885049292,-16.151977468016355,-19.15873314545371,-23.231770103733083,-23.231763871763775,0.6307642798441093,0.6509633694221089,0.6574012341392498,0.6509633927712254,0.6307643242313766,0.1906846350817957,0.16633059957062074,0.15808234473455443,0.16633056278058853,0.19068456954931678,0.0,0.0,0.0,0.0,0.0,off,off,off,off,off
99.24999999999733,0.3,20.774999999997284,-19.12991916356509,-16.12149568217012,-15.132531378820374,-16.121493379808953,-19.12991462129682,-23.205045046512964,-23.205038827832283,0.630506399936916,0.6508051613898909,0.6572750252284155,0.650805184812242,0.6305064444784265,0.1914837142313739,0.1669788781338417,0.15867841701966567,0.16697884122326176,0.19148364848042426,0.0,0.0,0.0,0.0,0.0,off,off,off,off,off
99.49999999999733,0.3,20.849999999997273,-19.1011060693383,-16.091033193724627,-15.101495985341444,-16.091030896710265,-19.101101537281323,-23.178312192429672,-23.178305987013033,0.6302473368597505,0.6506462101566748,0.6571481907602498,0.6506462336524625,0.630247381556136,0.1922818337301094,0.16762594363068944,0.15927318878011443,0.1676259065997317,0.1922817677609422,0.0,0.0,0.0,0.0,0.0,off,off,off,off,off
99.74999999999733,0.3,20.92499999999726,-19.07229826640895,-16.06059189064905,-15.070488178235564,-16.06058959896535,-19.07229374454039,-23.151571634919947,-23.151565442742623,0.6299871031824288,0.6504865296226957,0.657020744705766,0.6504865531921384,0.6299871480343571,0.19307898683471728,0.16827179087064875,0.15986665570178163,0.16827175371948352,0.19307892064758686,0.0,0.0,0.0,0.0,0.0,off,off,off,off,off
99.99999999999733,0.3,20.99999999999725,-19.043495608574403,-16.030171360582813,-15.03950744028225,-16.030169074228297,-19.043491096885248,-23.124823465722386,-23.12481728675982,0.629725711363479,0.6503261335548786,0.6568927009022819,0.6503261571981545,0.6297257563715833,0.19387516686207956,0.16891641470953053,0.16045881349541666,0.16891637743832894,0.19387510045724182,0.0,0.0,0.0,0.0,0.0,off,off,off,off,off
100.24999999999733,0.3,21.07499999999724,-19.01469795226265,-15.999771198434814,-15.008553263351814,-15.999768917406925,-19.01469345073596,-23.098067774908287,-23.098061609135982,0.6294631737523945,0.6501650355890368,0.6567640730546555,0.6501650593063264,0.6294632189173267,0.19467036718862604,0.16955981004922105,0.16104965789808426,0.16955977265815533,0.19467030056633797,0.0,0.0,0.0,0.0,0.0,off,off,off,off,off
100.49999999999733,0.3,21.149999999997227,-18.9859051564745,-15.969391006282535,-14.977625148185268,-15.969388730570017,-18.98590066509695,-23.071304650911173,-23.071298498304685,0.6291995025919496,0.6500032492320025,0.6566348747369675,0.6500032730235081,0.6291995479143521,0.19546458124972038,0.1702019718374236,0.16163918467444507,0.1702019343266665,0.19546451441024104,0.0,0.0,0.0,0.0,0.0,off,off,off,off,off
100.74999999999733,0.3,21.224999999997216,-18.95711708276039,-15.939030393237601,-14.946722604299623,-15.939028122836248,-18.957112601504292,-23.044534180557008,-23.04452804109195,0.6289347100203828,0.6498407878638031,0.6565051193939117,0.6498408117297069,0.6289347555009341,0.1962578025390551,0.17084289506739134,0.1622273896178826,0.17084285743711652,0.1962577354826438,0.0,0.0,0.0,0.0,0.0,off,off,off,off,off
100.99999999999733,0.3,21.299999999997205,-18.92833359515842,-15.908688975340453,-14.91584514982435,-15.908686710232303,-18.92832912401002,-23.017756449092815,-23.017750322744774,0.6286688080736466,0.6496776647397318,0.6563748203423885,0.6496776886802519,0.6286688537129881,0.19705002460805104,0.17148257477765358,0.16281426855149742,0.171482537028035,0.19704995733496833,0.0,0.0,0.0,0.0,0.0,off,off,off,off,off
101.24999999999733,0.3,21.374999999997193,-18.8995545601897,-15.878366375444443,-14.88499231137547,-15.878364115624834,-18.899550099137343,-22.99097154021561,-22.990965426960344,0.6284018086874719,0.649513892992414,0.6562439907730301,0.6495139170077306,0.6284018544862401,0.19784124106526524,0.1721210060517368,0.16339981732897677,0.17212096818294909,0.19784117357577358,0.0,0.0,0.0,0.0,0.0,off,off,off,off,off
101.49999999999733,0.3,21.449999999997182,-18.870779846805647,-15.848062223112436,-14.8541636238931,-15.84805996857807,-18.870775395823756,-22.964179536100318,-22.964173435913523,0.6281337236995197,0.6493494856338062,0.65611264375183,0.6493495097240966,0.628133769658385,0.1986314455758066,0.17275818401788046,0.16398403183535532,0.1727581460300993,0.19863137787016913,0.0,0.0,0.0,0.0,0.0,off,off,off,off,off
101.74999999999733,0.3,21.52499999999717,-18.84200932633226,-15.817776154511023,-14.823358630550103,-15.817773905241154,-18.842004885411257,-22.937380517427783,-22.937374430285416,0.6278645648515043,0.6491844555571716,0.655980792221608,0.6491844797226568,0.6278646109710961,0.19942063186075468,0.17339410384875012,0.16456690798767842,0.17339406574215196,0.1994205639392359,0.0,0.0,0.0,0.0,0.0,off,off,off,off,off
101.99999999999733,0.3,21.59999999999716,-18.813242872472358,-15.787507812291835,-14.792576882584342,-15.787505568277481,-18.81323844159266,-22.9105745634119,-22.910568489289858,0.6275943437911372,0.6490188155390542,0.6558484490036806,0.6490188397799239,0.6275943900721094,0.20020879369658903,0.1740287607611473,0.16514844173557516,0.1740287225359082,0.20020872555945485,0.0,0.0,0.0,0.0,0.0,off,off,off,off,off
102.24999999999733,0.3,21.674999999997148,-18.784480361246494,-15.757256845496215,-14.761817939202842,-15.757254606731067,-18.78447594038937,-22.883761751826484,-22.883755690700553,0.6273230720741887,0.6488525782411656,0.655715626799345,0.6488526025576009,0.6273231185171921,0.2009959249146228,0.17466215001571572,0.16572862906175498,0.17466211167201284,0.20099585656213997,0.0,0.0,0.0,0.0,0.0,off,off,off,off,off
102.49999999999733,0.3,21.749999999997137,-18.7557216709599,-15.727022909462448,-14.731081367410013,-15.727020675942924,-18.75571726010358,-22.85694215903152,-22.85693611087774,0.6270507611664541,0.6486857562122289,0.6555823381915732,0.6486857806044025,0.6270508077721468,0.2017820194004438,0.17529426691664815,0.16630746598242857,0.1752942284546596,0.20178195083288017,0.0,0.0,0.0,0.0,0.0,off,off,off,off,off
102.74999999999733,0.3,21.824999999997125,-18.726966682173384,-15.696805665709519,-14.700366741926928,-15.69680343742749,-18.7269622813036,-22.83011585999938,-22.830109824793738,0.6267774224456748,0.6485183618898562,0.6554485956464585,0.6485183863579521,0.6267774692146949,0.20256707109336156,0.17592510681139073,0.16688494854766844,0.1759250682312961,0.20256700231098593,0.0,0.0,0.0,0.0,0.0,off,off,off,off,off
102.99999999999733,0.3,21.899999999997114,-18.6982152776678,-15.666604781850538,-14.669673645059277,-15.66660255880521,-18.698210886774177,-22.80328292834011,-22.803276906058784,0.626503067203447,0.6483504076023194,0.655314411514799,0.6483504321465012,0.6265031141364211,0.20335107398586122,0.17655466509034792,0.16746107284171147,0.1765546263923272,0.20335100498894404,0.0,0.0,0.0,0.0,0.0,off,off,off,off,off
103.24999999999733,0.3,21.974999999997102,-18.669467342415544,-15.636419931494629,-14.63900166656174,-15.636417713672643,-18.66946296147927,-22.7764434363269,-22.776437426945847,0.6262277066470775,0.6481819055703191,0.6551797980336839,0.6481819301907813,0.6262277537446534,0.20413402212306375,0.17718293718658584,0.16803583498321012,0.17718289837081966,0.20413395291187714,0.0,0.0,0.0,0.0,0.0,off,off,off,off,off
103.49999999999733,0.3,22.04999999999709,-18.64072276354139,-15.606250794138248,-14.608350403525094,-15.60624858153011,-18.64071839254754,-22.749597454920377,-22.74959145841592,0.6259513519014388,0.6480128679087533,0.6550447673280121,0.6480128926056785,0.6259513991642525,0.2049159096021932,0.17780991857553646,0.16860923112543547,0.17780987964220618,0.20491584017700976,0.0,0.0,0.0,0.0,0.0,off,off,off,off,off
103.74999999999733,0.3,22.12499999999708,-18.611981430219174,-15.576097047330336,-14.577719460091544,-15.576094839922007,-18.61197706913893,-22.722745053793005,-22.722739070141387,0.6256740140109514,0.6478433067333921,0.6549093314124421,0.6478433315070243,0.6256740614396747,0.20569673057204732,0.17843560474440004,0.16918125745644044,0.17843556569366603,0.20569666093314085,0.0,0.0,0.0,0.0,0.0,off,off,off,off,off
103.99999999999733,0.3,22.19999999999707,-18.58324323297842,-15.545958353927801,-14.547108446084621,-15.545956151708992,-18.583238881805784,-22.695886301350214,-22.6958803305277,0.6253957039430109,0.6476732362970364,0.6547735021960814,0.6476732611479593,0.6253957515382548,0.2064764792324642,0.17905998951394617,0.16975191019916036,0.17905995034558428,0.20647640938010925,0.0,0.0,0.0,0.0,0.0,off,off,off,off,off
104.24999999999733,0.3,22.274999999997057,-18.554508059360842,-15.515834399529808,-14.51651697708445,-15.515832202497847,-18.554503718074585,-22.669021264741218,-22.66901530672419,0.625116432577301,0.6475026732629721,0.6546372914835307,0.6475026981917387,0.6251164803397128,0.20725514983170829,0.17968306176525156,0.17032118561144305,0.1796830224787256,0.20725507976617816,0.0,0.0,0.0,0.0,0.0,off,off,off,off,off
104.49999999999733,0.3,22.349999999997046,-18.52577577806565,-15.485724881161616,-14.485944675306087,-15.48572268929155,-18.525771446640903,-22.642150009770205,-22.642144064535188,0.6248362114574552,0.647331632640444,0.6545007109738521,0.6473316576474644,0.624836259388006,0.208032736298367,0.18030481026620657,0.17088907998608543,0.18030477086122804,0.20803266601973383,0.0,0.0,0.0,0.0,0.0,off,off,off,off,off
104.74999999999733,0.3,22.424999999997034,-18.497046273657332,-15.455629502879788,-14.455391169639142,-15.455627316175537,-18.497041952084174,-22.61527260090341,-22.615266668426727,0.6245550539346685,0.6471601274826201,0.6543637722616552,0.6471601525680974,0.6245551020345317,0.20880923039624688,0.1809252269811972,0.17145558965086258,0.1809251874577527,0.20880915990406657,0.0,0.0,0.0,0.0,0.0,off,off,off,off,off
104.99999999999733,0.3,22.499999999997023,-18.468319440377712,-15.425547975102631,-14.424856095683992,-15.42554579356215,-18.468315128636903,-22.588389101383626,-22.588383181642,0.6242729732658922,0.6469881696801594,0.6542264868381692,0.6469881948442449,0.624273021536096,0.20958462241053022,0.18154430632437668,0.17202071096853888,0.18154426668261517,0.20958455170434848,0.0,0.0,0.0,0.0,0.0,off,off,off,off,off
105.24999999999733,0.3,22.57499999999701,-18.439595176907744,-15.395480014169209,-14.39433909564525,-15.395477837772887,-18.4395908749768,-22.561499573281054,-22.56149366625084,0.6239899815887943,0.64681577050833,0.6540888660926656,0.6468157957511903,0.6239900300301799,0.21035890366335078,0.18216204404251743,0.17258444033685985,0.18216200428266632,0.21035883274300374,0.0,0.0,0.0,0.0,0.0,off,off,off,off,off
105.49999999999733,0.3,22.649999999997,-18.41087338509476,-15.365425342064555,-14.363839818318866,-15.365423170802046,-18.410869092964703,-22.53460407752621,-22.534598183184016,0.6237060901383156,0.6466429409207184,0.653950921313623,0.6466429662424806,0.6237061387515632,0.21113206699599735,0.1827784365247415,0.17314677418852856,0.18277839664706166,0.21113199586157141,0.0,0.0,0.0,0.0,0.0,off,off,off,off,off
105.74999999999733,0.3,22.72499999999699,-18.382153969420358,-15.335383686221633,-14.333357918956494,-15.335381520082649,-18.382149687083967,-22.507702673938724,-22.5076967922613,0.6234213095869969,0.6464696916957479,0.6538126636901911,0.6464697170965359,0.6234213583727106,0.21190410633158496,0.18339348044327553,0.17370770899116508,0.18339344044803987,0.21190403498332014,0.0,0.0,0.0,0.0,0.0,off,off,off,off,off
105.99999999999733,0.3,22.799999999996977,-18.35343683670095,-15.3053547793873,-14.302893059207804,-15.305352618387076,-18.353432564132618,-22.48079542125214,-22.480789552216066,0.6231356502796747,0.6462960335071057,0.6536741043134359,0.646296058986978,0.6231356992384703,0.21267501622970578,0.184007172578331,0.17426724124725282,0.18400713246581496,0.2126749446679238,0.0,0.0,0.0,0.0,0.0,off,off,off,off,off
106.24999999999733,0.3,22.874999999996966,-18.32472189585897,-15.275338359520049,-14.272444907025033,-15.275336203637721,-18.324717633045253,-22.453882377136836,-22.453876520718836,0.6228491223708708,0.64612197695643,0.653535254177665,0.6461220025155381,0.6228491715033155,0.2134447915965522,0.1846195097366068,0.17482536749407274,0.1846194695070828,0.2134447198216143,0.0,0.0,0.0,0.0,0.0,off,off,off,off,off
106.49999999999733,0.3,22.949999999996955,-18.29600905787069,-15.245334169599346,-14.242013131964427,-15.245332018821728,-18.296004804795672,-22.426963598222102,-22.426957754399126,0.6225617358999269,0.6459475325879048,0.6533961242564592,0.645947558226383,0.6225617852065889,0.21421342751976477,0.18523048871577708,0.17538208428507343,0.18523044836951183,0.21421335553204832,0.0,0.0,0.0,0.0,0.0,off,off,off,off,off
106.74999999999733,0.3,23.024999999996943,-18.267298235637327,-15.21534195692658,-14.211597385291213,-15.215339811247588,-18.26729399229373,-22.400039140118025,-22.400033308866995,0.6222735008310737,0.6457727108953712,0.6532567281719581,0.6457727366133376,0.6222735503124962,0.21498091917996603,0.18584010629110734,0.17593738624671404,0.18584006582836202,0.21498084697985334,0.0,0.0,0.0,0.0,0.0,off,off,off,off,off
106.99999999999733,0.3,23.099999999996932,-18.238589343899832,-15.185361472921727,-14.181197338724587,-15.185359332328574,-18.23858511026151,-22.3731090574351,-22.37310323873288,0.6219844270741568,0.6455975223241103,0.6531170832022256,0.6455975481217024,0.6219844767309332,0.21574726180538387,0.1864483592124702,0.1764912610660494,0.18644831863350017,0.21574718939325532,0.0,0.0,0.0,0.0,0.0,off,off,off,off,off
107.24999999999733,0.3,23.17499999999692,-18.209882299179696,-15.155392473593565,-14.150812678912075,-15.155390338079997,-18.20987807522758,-22.346173403804357,-22.346167597628067,0.6216945244950787,0.6454219772691079,0.6529772041899033,0.6454220031464468,0.6216945743277857,0.21651245064972177,0.18705524420610006,0.17704369625150676,0.18705520351115537,0.21651237802595302,0.0,0.0,0.0,0.0,0.0,off,off,off,off,off
107.49999999999733,0.3,23.24999999999691,-18.1811770197167,-15.125434719598843,-14.120443101013223,-15.125432589157583,-18.181172805444334,-22.319232231896677,-22.319226438223268,0.6214038029208957,0.6452460860736104,0.6528371032736144,0.6452461120308238,0.621403852930081,0.21727648098227031,0.18766075797834025,0.17759468398008163,0.18766071716766686,0.21727640814723198,0.0,0.0,0.0,0.0,0.0,off,off,off,off,off
107.74999999999733,0.3,23.324999999996898,-18.152473425473232,-15.095487976232846,-14.090088307281917,-15.095485850856562,-18.15246922086706,-22.29228559344142,-22.292279812248125,0.6211122721420106,0.6450698590276316,0.6526967911403192,0.6450698850648465,0.6211123223282415,0.21803934808433043,0.18826489722006154,0.17814421970575806,0.18826485629390077,0.21803927503838755,0.0,0.0,0.0,0.0,0.0,off,off,off,off,off
107.99999999999733,0.3,23.399999999996886,-18.123771438061453,-15.065552013371132,-14.059748006418886,-15.06554989305829,-18.12376724309496,-22.26533353924495,-22.26532777050906,0.6208199419131905,0.6448933063666006,0.6525562777768802,0.6448933324839315,0.6208199922770705,0.21880104724879884,0.18886765861114144,0.17869230051457408,0.1888676175697313,0.21880097399231113,0.0,0.0,0.0,0.0,0.0,off,off,off,off,off
108.24999999999733,0.3,23.474999999996875,-18.095070980711625,-15.035626605406833,-14.029421913194483,-15.035624490146063,-18.095066795378955,-22.238376119208908,-22.23837036290766,0.6205268219538457,0.6447164382701438,0.6524155728400437,0.6447164644677302,0.6205268724959271,0.21956157378126148,0.18946903882473423,0.17923892420890128,0.18946899766830896,0.21956150031458344,0.0,0.0,0.0,0.0,0.0,off,off,off,off,off
108.49999999999733,0.3,23.549999999996864,-18.066371978275754,-15.005711531175166,-13.999109748234787,-15.005709420964308,-18.06636780256278,-22.211413382347615,-22.211407638458326,0.6202329219479435,0.6445392648610567,0.6522746858285519,0.6445392911390153,0.6202329726687994,0.220320923001737,0.19006903453122195,0.1797840888660567,0.1900689932600134,0.22032084932521895,0.0,0.0,0.0,0.0,0.0,off,off,off,off,off
108.74999999999733,0.3,23.624999999996852,-18.037674357192373,-14.97580657388471,-13.968811237810257,-14.975804468704837,-18.03767019107468,-22.184445376805883,-22.18443964530576,0.6199382515439432,0.6443617962044301,0.6521336261605966,0.6443618225629208,0.6199383024441759,0.22107909024662992,0.19066764240181494,0.180327792637112,0.1906676010160516,0.2210790163606174,0.0,0.0,0.0,0.0,0.0,off,off,off,off,off
108.99999999999733,0.3,23.69999999999684,-18.00897804544755,-14.945911521043797,-13.938526113705336,-14.945909420903945,-18.008973888918177,-22.157472149875844,-22.157466430742403,0.6196428203547608,0.6441840423069487,0.6519924032068501,0.6441840687460596,0.6196428714349275,0.22183607087067386,0.19126485911180663,0.18087003365978635,0.1912648176117151,0.22183599677550922,0.0,0.0,0.0,0.0,0.0,off,off,off,off,off
109.24999999999733,0.3,23.77499999999683,-17.980282972560246,-14.916026164395987,-13.908254113066903,-14.91602406928206,-17.980278825589636,-22.13049374801426,-22.130488041224908,0.6193466379577213,0.6440060131163214,0.6518510263032156,0.6440060396361997,0.6193466892184394,0.22259186024876357,0.19186068134350273,0.18141081002422363,0.19186063972930764,0.22259178594478576,0.0,0.0,0.0,0.0,0.0,off,off,off,off,off
109.49999999999733,0.3,23.849999999996818,-17.95158906955939,-14.886150299838164,-13.877994978300535,-14.88614820973811,-17.95158493215115,-22.10351021685858,-22.10350452239095,0.6190497138946179,0.6438277185208919,0.651709504754274,0.64382774512168,0.6190497653364179,0.2233464537776292,0.19245510578884936,0.18195011976282424,0.1924550640607728,0.22334637926517456,0.0,0.0,0.0,0.0,0.0,off,off,off,off,off
109.74999999999733,0.3,23.924999999996807,-17.92289626898028,-14.856283727350274,-13.847748456935335,-14.856281642255112,-17.922892141106587,-22.07652160124377,-22.07651591907532,0.61875205767179,0.6436491683493452,0.6515678478328134,0.6436491950311763,0.6187521092952833,0.22409984687734377,0.19304812915178388,0.18248796085071714,0.19304808731004697,0.22409977215674667,0.0,0.0,0.0,0.0,0.0,off,off,off,off,off
109.99999999999733,0.3,23.999999999996795,-17.894204504807618,-14.8264262509295,-13.817514301530593,-14.826424170846792,-17.89420038645298,-22.049527945218188,-22.049522275326552,0.6184536787604213,0.6434703723705145,0.6514260647776448,0.6434703991334795,0.6184537305661885,0.2248520349926617,0.1936397481503405,0.18302433121066103,0.19363970619516288,0.22485196006425387,0.0,0.0,0.0,0.0,0.0,off,off,off,off,off
110.24999999999733,0.3,24.074999999996784,-17.86551371248015,-14.796577678531207,-13.787292269579893,-14.796575603454244,-17.865509603640874,-22.022529292059374,-22.022523634422328,0.6181545865967513,0.6432913402932703,0.6512841647909078,0.6432913671374966,0.618154638585341,0.2256030135941991,0.19422995951852673,0.1835592287195426,0.19422991745012785,0.22560293845831056,0.0,0.0,0.0,0.0,0.0,off,off,off,off,off
110.49999999999733,0.3,24.149999999996773,-17.836823828882473,-14.766737821995605,-13.757082123407201,-14.766735751903525,-17.836819729534085,-21.995525684289646,-21.995520038884848,0.6178547905823791,0.6431120817665366,0.6511421570353664,0.6431121086921858,0.6178548427543938,0.22635277817946917,0.19481876000800138,0.18409265121518875,0.19481871782659882,0.2263527028364289,0.0,0.0,0.0,0.0,0.0,off,off,off,off,off
110.74999999999733,0.3,24.22499999999676,-17.80813479228314,-14.736906496964366,-13.726883630069949,-14.736904431849155,-17.808130702417884,-21.968517163691303,-21.96851153049664,0.6175543000847697,0.6429326063794109,0.6510000506318568,0.6429326333866113,0.6175543524407657,0.2271013242737833,0.19540614638956427,0.18462459650294571,0.19540610409537418,0.22710124872391835,0.0,0.0,0.0,0.0,0.0,off,off,off,off,off
110.99999999999733,0.3,24.29999999999675,-17.77944654237487,-14.707083522826224,-13.69669656126274,-14.7070814626843,-17.779442461962816,-21.941503771321635,-21.941498150315084,0.6172531244375425,0.6427529236612772,0.6508578546569833,0.6427529507501452,0.6172531769781333,0.22784864743103148,0.19599211545448353,0.18515506236180038,0.19599207304772154,0.22784857167466807,0.0,0.0,0.0,0.0,0.0,off,off,off,off,off
111.24999999999733,0.3,24.37499999999674,-17.75075902018429,-14.677268722692872,-13.66652069326318,-14.67726666750957,-17.75075494921066,-21.914485547528358,-21.914479938687663,0.6169512729411406,0.6425730430819102,0.6507155781409752,0.6425730702525889,0.6169513256668993,0.22859474323435344,0.19657666401567575,0.1856840465499839,0.19657662149655725,0.2285946672718162,0.0,0.0,0.0,0.0,0.0,off,off,off,off,off
111.49999999999733,0.3,24.449999999996727,-17.722072168111083,-14.647461923267599,-13.636355806825804,-14.647459873038713,-17.72206810656573,-21.887462531963223,-21.887456935266357,0.6166487548632137,0.6423929740519018,0.6505732300659377,0.6423930013045076,0.6166488077746995,0.22933960729671046,0.19715978890875152,0.18621154681005217,0.19715974627749033,0.2293395311283242,0.0,0.0,0.0,0.0,0.0,off,off,off,off,off
111.74999999999733,0.3,24.524999999996716,-17.69338592990968,-14.617662954839545,-13.606201687100906,-14.617660909561494,-17.69338187777737,-21.86043476359714,-21.860429179022105,0.6163455794391711,0.6422127259228171,0.650430819364279,0.6422127532574635,0.6163456325369566,0.23008323526137403,0.1977414869929379,0.18673756087346927,0.19774144424974874,0.2300831588874625,0.0,0.0,0.0,0.0,0.0,off,off,off,off,off
111.99999999999733,0.3,24.599999999996705,-17.664700250624804,-14.587871651189516,-13.576058123562461,-14.587869610864118,-17.66469620789516,-21.833402280733907,-21.833396708258874,0.61604175587289,0.6420323079876183,0.6502883549173429,0.6420323354044036,0.6160418091575321,0.2308256228023303,0.1983217551518973,0.18726208646473674,0.19832171229699472,0.23082554622321763,0.0,0.0,0.0,0.0,0.0,off,off,off,off,off
112.24999999999733,0.3,24.674999999996693,-17.636015076619884,-14.558087849580318,-13.54592490992826,-14.558085814199728,-17.636011043273754,-21.80636512102447,-21.80635956062747,0.6157372933372091,0.6418517294809117,0.6501458455542547,0.6418517569799566,0.615737346809285,0.2315667656246155,0.19890059029444634,0.1877851213051051,0.19890054732804463,0.231566688840625,0.0,0.0,0.0,0.0,0.0,off,off,off,off,off
112.49999999999733,0.3,24.74999999999668,-17.607330355538664,-14.528311390633633,-13.51580184409778,-14.528309360183982,-17.607326331565332,-21.77932332148029,-21.779317773139695,0.6154322009746073,0.6416709995795093,0.650003300050914,0.6416710271609494,0.6154322546346719,0.23230665946458953,0.19947798935518773,0.18830666311590777,0.1994779462775007,0.23230658247604424,0.0,0.0,0.0,0.0,0.0,off,off,off,off,off
112.74999999999733,0.3,24.82499999999667,-17.578646036301166,-14.498542118332296,-13.485688728069988,-14.498540092785504,-17.57864202167056,-21.752276918487155,-21.75227138218088,0.6151264878978246,0.6414901274027057,0.6498607271291926,0.6414901550667114,0.6151265417464783,0.23304530009015112,0.20005394929506257,0.18882670962155554,0.2000539061063031,0.23304522289737387,0.0,0.0,0.0,0.0,0.0,off,off,off,off,off
112.99999999999733,0.3,24.89999999999666,-17.54996206905804,-14.468779879909789,-13.45558536787621,-14.468777859269323,-17.549958063766468,-21.725225947818018,-21.72522042352429,0.6148201631905883,0.6413091220128626,0.649718135456248,0.6413091497595226,0.6148202172283631,0.2337826833009029,0.200628467101833,0.1893452585522221,0.20062842380221352,0.23378260590421643,0.0,0.0,0.0,0.0,0.0,off,off,off,off,off
113.24999999999733,0.3,24.974999999996648,-17.52127840521274,-14.439024525858088,-13.42549157353261,-14.43902251010985,-17.521274409247383,-21.69817044464628,-21.698164932343474,0.6145132359081882,0.6411279924157115,0.6495755336439119,0.6411280202451572,0.6145132901356378,0.23451880492827246,0.2012015397905004,0.1898623076462539,0.20120149638023363,0.23451872732799972,0.0,0.0,0.0,0.0,0.0,off,off,off,off,off
113.49999999999733,0.3,25.049999999996636,-17.492594997394463,-14.409275909811242,-13.395407158934688,-14.409273898961942,-17.492591010740455,-21.67111044355866,-21.67110494322523,0.6142057150781852,0.6409467475609925,0.6494329302483488,0.6409467754733024,0.614205769495865,0.23525366083559102,0.20177316440366622,0.19037785465233012,0.2017731208829658,0.2352535830320565,0.0,0.0,0.0,0.0,0.0,off,off,off,off,off
113.74999999999733,0.3,25.124999999996625,-17.463911799411846,-14.379533888569824,-13.36533194183545,-14.37953188260758,-17.463907822064954,-21.64404597856793,-21.644040490182334,0.6138976097011675,0.6407653963427447,0.6492903337696011,0.6407654243380417,0.6138976643096037,0.23598724691813938,0.20234333801184373,0.19089189733139633,0.20234329438092374,0.23598716891166666,0.0,0.0,0.0,0.0,0.0,off,off,off,off,off
113.99999999999733,0.3,25.199999999996614,-17.43522876629649,-14.349798321968194,-13.335265743749574,-14.349796320885844,-17.435224798223658,-21.61697708312522,-21.616971606665913,0.6135889287512907,0.6405839476000122,0.6491477526514225,0.6405839756784066,0.6135889835510796,0.236719559103158,0.20291205771372112,0.1914044334583992,0.20291201397279465,0.23671948089407116,0.0,0.0,0.0,0.0,0.0,off,off,off,off,off
114.24999999999733,0.3,25.274999999996602,-17.406545854215835,-14.320069072897354,-13.305208389916288,-14.320067076689611,-17.406541895419224,-21.589903790132325,-21.589898325577877,0.6132796811771505,0.6404024101171624,0.6490051952810373,0.6404024382787575,0.6132797361687964,0.23745059334983143,0.20347932063638383,0.19191546082383526,0.20347927678566455,0.2374505149384552,0.0,0.0,0.0,0.0,0.0,off,off,off,off,off
114.49999999999733,0.3,25.34999999999659,-17.3778630205303,-14.290346007195353,-13.27515970922093,-14.290344015855567,-17.37785907099331,-21.56282613195367,-21.562820679282794,0.6129698759022878,0.6402207926245486,0.6488626699890866,0.6402208208694495,0.6129699310863399,0.23818034564924692,0.20404512393550076,0.19242497723513938,0.20404507997520277,0.23818026703590703,0.0,0.0,0.0,0.0,0.0,off,off,off,off,off
114.74999999999733,0.3,25.42499999999658,-17.34918022372611,-14.260628993656724,-13.245119534148671,-14.260627007178073,-17.34917628342984,-21.535744140428477,-21.535738699619742,0.6126595218260095,0.640039103798872,0.6487201850495532,0.6400391321271823,0.6126595772030203,0.23890881202433095,0.20460946479547576,0.1929329805179231,0.20460942072581367,0.23890873320935294,0.0,0.0,0.0,0.0,0.0,off,off,off,off,off
114.99999999999733,0.3,25.499999999996568,-17.32049742341661,-14.23091790393056,-13.215087700727452,-14.23091592231276,-17.3204934923358,-21.50865784688196,-21.508652417914078,0.6123486278240364,0.6398573522638386,0.6485777486797758,0.6398573806756447,0.6123486833945699,0.23963598852976423,0.20517234042957097,0.1934394685170818,0.20517229625075917,0.23963590951347333,0.0,0.0,0.0,0.0,0.0,off,off,off,off,off
115.24999999999733,0.3,25.574999999996557,-17.291814580323376,-14.20121261253172,-13.185064048455672,-14.201210635757775,-17.291810658445968,-21.481567282137206,-21.481561864989033,0.6120372027491937,0.6396755465905242,0.6484353690405498,0.6396755750859525,0.6120372585137791,0.24036187125187974,0.20573374808000258,0.19394443909778095,0.2057337037922564,0.24036179203460226,0.0,0.0,0.0,0.0,0.0,off,off,off,off,off
115.49999999999733,0.3,25.649999999996545,-17.263131656268627,-14.171512996729348,-13.155048420268088,-14.171511024793915,-17.263127743597153,-21.45447247652632,-21.45446707117668,0.6117252554320769,0.6394936952980559,0.6482930542361806,0.6394937238772016,0.611725311391204,0.24108645630854791,0.20629368501801237,0.19444789014633584,0.2062936406215465,0.2410863768906107,0.0,0.0,0.0,0.0,0.0,off,off,off,off,off
115.74999999999733,0.3,25.724999999996534,-17.234448614178376,-14.141818936562686,-13.125040662450658,-14.141816969466902,-17.234444710684272,-21.427373459901617,-21.42736806632925,0.611412794681678,0.639311806853969,0.6481508123147078,0.6393118355169084,0.6114128508359102,0.2418097398490455,0.20685214854391848,0.1949498195709932,0.2068521040389486,0.24180966023077646,0.0,0.0,0.0,0.0,0.0,off,off,off,off,off
115.99999999999733,0.3,25.799999999996523,-17.20576541803584,-14.112130314782519,-13.095040624630485,-14.112128352510808,-17.20576152370805,-21.400270261646455,-21.400264879830274,0.6110998292861354,0.6391298896747512,0.6480086512679676,0.6391299184216017,0.6110998856359897,0.24253171805391405,0.20740913598714794,0.19545022530262787,0.20740909137388985,0.24253163823564106,0.0,0.0,0.0,0.0,0.0,off,off,off,off,off
116.24999999999733,0.3,25.87499999999651,-17.177082032808016,-14.082447009609098,-13.065048159569187,-14.082445052147534,-17.17707814763517,-21.373162910686148,-21.373157540605035,0.6107863680135349,0.6389479523038222,0.6478665790321841,0.6389479811347601,0.610786424559525,0.24325238713480637,0.20796464466086664,0.19594910529535942,0.20796459993951447,0.24325230711685858,0.0,0.0,0.0,0.0,0.0,off,off,off,off,off
116.49999999999733,0.3,25.9499999999965,-17.148398423756248,-14.05276887810129,-13.03506312169327,-14.052766925446008,-17.148394547727037,-21.346051435495298,-21.346046077128506,0.6104724196141845,0.6387660070694223,0.6477246034917242,0.6387660359850731,0.6104724763568212,0.2439717433343117,0.20851866925206256,0.19644645752707254,0.20851862442234376,0.24397166311701934,0.0,0.0,0.0,0.0,0.0,off,off,off,off,off
116.74999999999733,0.3,26.02499999999649,-17.11971455647813,-14.02309579764443,-13.005085367198603,-14.023093849787642,-17.119710689571036,-21.318935864102883,-21.318930517429436,0.6101579928211438,0.6385840696727526,0.6475827324789862,0.6385840986736773,0.610158049760959,0.24468978292575033,0.2090711974357041,0.19694227999983183,0.20907115249700287,0.24468970250944305,0.0,0.0,0.0,0.0,0.0,off,off,off,off,off
116.99999999999733,0.3,26.099999999996477,-17.091030397434736,-13.993427655902906,-12.975114755058485,-13.993425712826934,-17.091026539633276,-21.291816224099932,-21.291810889098883,0.6098430963495665,0.6384021525802636,0.6474409737720666,0.6384021816667688,0.6098431534870774,0.24540650221297922,0.20962221781945242,0.1974365707402763,0.2096221727715002,0.2454064215979883,0.0,0.0,0.0,0.0,0.0,off,off,off,off,off
117.24999999999733,0.3,26.174999999996466,-17.062345914078378,-13.963764345566005,-12.945151147272327,-13.963762407274942,-17.062342065374253,-21.264692542648874,-21.26468721929953,0.6095277388969924,0.6382202654311111,0.6472993350943125,0.6382202946032949,0.6095277962326912,0.24612189753020935,0.2101717238030559,0.19792932779998307,0.2101716786459039,0.24612181671686575,0.0,0.0,0.0,0.0,0.0,off,off,off,off,off
117.49999999999733,0.3,26.249999999996454,-17.033661074934002,-13.934105763043192,-12.915194405204886,-13.93410382952942,-17.033657235307828,-21.237564846494593,-21.237559534776125,0.6092119291437335,0.6380384164300391,0.6471578242215246,0.6380384456879558,0.6092119866781374,0.2468359652418186,0.21071971191417138,0.1984205492332309,0.210719666648039,0.24683588423045486,0.0,0.0,0.0,0.0,0.0,off,off,off,off,off
117.74999999999733,0.3,26.324999999996443,-17.00497584953473,-13.904451807284715,-12.885244366897723,-13.904449878537719,-17.004972018982016,-21.21043316197384,-21.21042786186561,0.6088956757536109,0.6378566131273568,0.6470164532717337,0.6378566424710382,0.6088957334871937,0.2475487017421628,0.21126618020078997,0.19891023023580887,0.21126613482597004,0.24754862053311194,0.0,0.0,0.0,0.0,0.0,off,off,off,off,off
117.99999999999733,0.3,26.39999999999643,-16.976290208478304,-13.874802379244898,-12.855300886591351,-13.874800455267803,-16.97628638699291,-21.183297515026396,-21.183292226507746,0.6085789873743719,0.6376748627954948,0.6468752394185947,0.6376748922249278,0.6085790453076114,0.2482601034553851,0.21181112736198732,0.1993983563191308,0.21181108187880143,0.24826002204898207,0.0,0.0,0.0,0.0,0.0,off,off,off,off,off
118.24999999999733,0.3,26.47499999999642,-16.947604123367228,-13.845157382379796,-12.825363832106063,-13.845155463156459,-16.947600310913003,-21.15615793120398,-21.156152654254385,0.6082618726383987,0.6374931726003595,0.6467341953248176,0.6374932021155761,0.6082619307718403,0.24897016683522133,0.212354552333134,0.19988491415191628,0.21235450674191045,0.2489700852318003,0.0,0.0,0.0,0.0,0.0,off,off,off,off,off
118.49999999999733,0.3,26.54999999999641,-16.918917566762445,-13.815516722622306,-12.795433077267546,-13.815514808150965,-16.91891376332569,-21.12901443568083,-21.129009170279517,0.60794434016336,0.6373115496776663,0.6465933299279015,0.6373115792786651,0.607944398497489,0.249678888364801,0.2128964540983192,0.2003698971604846,0.2128964083993835,0.24967880656469651,0.0,0.0,0.0,0.0,0.0,off,off,off,off,off
118.74999999999733,0.3,26.624999999996398,-16.89023051224882,-13.785880308412231,-12.765508500425483,-13.78587839868095,-16.890226717808787,-21.10186705326251,-21.101861799388843,0.6076263985525824,0.6371300011643434,0.6464526504522917,0.6371300308511497,0.6076264570878999,0.2503862645564491,0.21343683161017332,0.20085330280130262,0.213436785803845,0.25038618255999673,0.0,0.0,0.0,0.0,0.0,off,off,off,off,off
118.99999999999733,0.3,26.699999999996386,-16.861542934345607,-13.75624805065712,-12.735589983789794,-13.756246145658395,-16.861539148901898,-21.07471580839615,-21.074710566029722,0.6073080563957931,0.6369485342095818,0.6463121634036669,0.6369485639822134,0.6073081151327462,0.2510922919514869,0.2139756837593088,0.20133513031784794,0.21397563784589968,0.2510922097590229,0.0,0.0,0.0,0.0,0.0,off,off,off,off,off
119.24999999999733,0.3,26.774999999996375,-16.83285480858217,-13.726619862658879,-12.705677413093497,-13.726617962395949,-16.832851032116025,-21.04756072517924,-21.04755549429956,0.6069893222694439,0.6367671559767809,0.6461718750121205,0.636767185835233,0.6069893812085192,0.2517969671200306,0.21451300936623224,0.20181537964240193,0.21451296334604703,0.2517968847318926,0.0,0.0,0.0,0.0,0.0,off,off,off,off,off
119.49999999999733,0.3,26.849999999996363,-16.80416611142266,-13.696995660093307,-12.675770677391597,-13.696993764541503,-16.804162343918108,-21.020401827368943,-21.020396607955803,0.6066702047373931,0.6365858736414081,0.6460317914226407,0.6365859035857458,0.606670263879066,0.2525002866607933,0.21504880718311356,0.20229405091018124,0.21504876105644938,0.2525002040773195,0.0,0.0,0.0,0.0,0.0,off,off,off,off,off
119.74999999999733,0.3,26.924999999996352,-16.77547682027796,-13.667375360925519,-12.645869668886519,-13.667373470099164,-16.77547306173011,-20.99323913839146,-20.99323393042448,0.6063507123513604,0.636404694387478,0.6458919187733891,0.6364047244176734,0.6063507716960764,0.25320224720088297,0.2155830758995901,0.20277114425476855,0.21558302966673779,0.25320216442241184,0.0,0.0,0.0,0.0,0.0,off,off,off,off,off
119.99999999999733,0.3,26.99999999999634,-16.74678691350414,-13.637758885420908,-12.615974282813454,-13.637756999299654,-16.746783163895714,-20.966072681350653,-20.966067484809514,0.6060308536514093,0.6362236254033614,0.6457522632246505,0.636223655519474,0.6060309131996227,0.25390284539560265,0.21611581414995207,0.2032466597281497,0.21611576781119643,0.25390276242247467,0.0,0.0,0.0,0.0,0.0,off,off,off,off,off
120.24999999999733,0.3,27.07499999999633,-16.718096353942883,-13.608146155819043,-12.586084417323605,-13.608144274394988,-16.71809261323324,-20.93890247899438,-20.93889729385873,0.6057106374245108,0.6360426738784609,0.6456128309665677,0.6360427040805213,0.6057106971769392,0.25460207785038025,0.21664702052051607,0.20372059727497632,0.21664697407613634,0.2546019946828744,0.0,0.0,0.0,0.0,0.0,off,off,off,off,off
120.49999999999733,0.3,27.149999999996318,-16.689405095825748,-13.578537095653815,-12.556199973352307,-13.578535218912009,-16.68940136400755,-20.911728553581554,-20.911723379831102,0.605390075541011,0.6358618470009976,0.6454736282180482,0.6358618772890533,0.6053901354988314,0.2552999393142343,0.2171766935566642,0.2041929567298784,0.2171766470069338,0.25529985595207905,0.0,0.0,0.0,0.0,0.0,off,off,off,off,off
120.74999999999733,0.3,27.224999999996307,-16.660713112382552,-13.548931630168681,-12.526320854490223,-13.548929758093095,-16.660709389452393,-20.884550926974185,-20.884545764588694,0.6050691814763137,0.6356811519534455,0.645334661222198,0.6356811823275492,0.6050692416405571,0.25599642091984454,0.21770483176936276,0.20466373782409733,0.21770478511455085,0.2559963373624697,0.0,0.0,0.0,0.0,0.0,off,off,off,off,off
120.99999999999733,0.3,27.299999999996295,-16.63202038256003,-13.519329686616516,-12.496446966899498,-13.519327819218802,-16.632016668504093,-20.857369620715133,-20.85736446967445,0.6047479667844096,0.6355005959085742,0.6451959362405616,0.6355006263687103,0.6047480271558119,0.2566915141799342,0.21823143364113598,0.2051329401954534,0.21823138688150798,0.25669143042708126,0.0,0.0,0.0,0.0,0.0,off,off,off,off,off
121.24999999999733,0.3,27.374999999996284,-16.60332688824144,-13.489731194346916,-12.466578219248333,-13.489729331621731,-16.603323183033126,-20.830184656057696,-20.830179516341786,0.6044264412655117,0.6353201860263148,0.6450574595472142,0.6353202165725103,0.6044265018446343,0.25738521300174705,0.21875649763148666,0.20560056339907498,0.21875645076730585,0.25738512905349414,0.0,0.0,0.0,0.0,0.0,off,off,off,off,off
121.49999999999733,0.3,27.449999999996272,-16.574632613209644,-13.460136084823773,-12.436714522648344,-13.460134226753496,-16.57462891684105,-20.80299605398386,-20.8029909255726,0.604104613715248,0.6351399294510927,0.6449192374231558,0.6351399600834045,0.6041046745024977,0.25807751314784283,0.21928002218179588,0.20606660691782422,0.21927997521332143,0.2580774290044771,0.0,0.0,0.0,0.0,0.0,off,off,off,off,off
121.74999999999733,0.3,27.52499999999626,-16.545937542734748,-13.43054429155967,-12.406855790616987,-13.430542438141117,-16.545933855196438,-20.775803835217573,-20.77579871809081,0.6037824924201093,0.6349598333096363,0.6447812761510997,0.6349598640280852,0.6037825534158433,0.2587684114397537,0.21980200571973593,0.20653107017201286,0.21980195864722368,0.2587683271016697,0.0,0.0,0.0,0.0,0.0,off,off,off,off,off
121.99999999999733,0.3,27.59999999999625,-16.51724166330166,-13.400955750132141,-12.377001939000934,-13.400953901352977,-16.51723798456902,-20.748608020235707,-20.748602914373464,0.6034600854309652,0.6347799047088203,0.6446435820108363,0.6347799355134495,0.6034601466355517,0.2594579052335265,0.22032244666324372,0.20699395252828304,0.22032239948694768,0.2594578207011694,0.0,0.0,0.0,0.0,0.0,off,off,off,off,off
122.24999999999733,0.3,27.67499999999624,-16.488544962428477,-13.371370398098179,-12.347152885967944,-13.371368553965567,-16.488541292501054,-20.721408629277477,-20.721403534659856,0.6031374007046664,0.6346001507339873,0.6445061612749016,0.6346001816247916,0.6031374621184061,0.26014599213005596,0.22084134342409464,0.20745525330765566,0.22084129614426687,0.2601459074038899,0.0,0.0,0.0,0.0,0.0,off,off,off,off,off
122.49999999999733,0.3,27.749999999996227,-16.45984742863186,-13.341788175027943,-12.317308551933593,-13.341786335533357,-16.459843767496693,-20.69420568235364,-20.694200598960663,0.6028144461743392,0.63442057844717,0.6443690202048402,0.6344206094241823,0.602814507797559,0.2608326698261831,0.22135869441111664,0.20791497179279164,0.2213586470280071,0.2608325849066762,0.0,0.0,0.0,0.0,0.0,off,off,off,off,off
122.74999999999733,0.3,27.824999999996216,-16.431149051330465,-13.31220902241023,-12.287468859545072,-13.312207187544459,-16.431145398972603,-20.666999199254036,-20.666994127065976,0.602491229783054,0.6342411948858123,0.6442321650477307,0.6342412259490662,0.602491291616084,0.2615179360417823,0.2218744980330779,0.20837310723452948,0.22187445054693464,0.2615178509293994,0.0,0.0,0.0,0.0,0.0,off,off,off,off,off
122.99999999999733,0.3,27.899999999996204,-16.402449820800825,-13.282632883631607,-12.257633733652483,-13.282631053390787,-16.402446177197078,-20.63978919955602,-20.63978413855307,0.6021677594987042,0.6340620070614665,0.6440956020331026,0.6340620382109802,0.6021678215418972,0.2622017884861465,0.2223887527012815,0.20882965885776136,0.22238870511235168,0.2622017031813451,0.0,0.0,0.0,0.0,0.0,off,off,off,off,off
123.24999999999733,0.3,27.974999999996193,-16.37374972812205,-13.253059703939584,-12.227803101222833,-13.253057878315474,-16.373746093282364,-20.612575702631062,-20.612570652793522,0.6018440433196002,0.6338830219586727,0.6439593373703213,0.6338830531944761,0.601844105573229,0.26288422484420515,0.2229014568318955,0.20928462586671845,0.22290140914042472,0.2628841393474358,0.0,0.0,0.0,0.0,0.0,off,off,off,off,off
123.49999999999733,0.3,28.04999999999618,-16.345048765202193,-13.223489430396569,-12.197976891347196,-13.22348760938138,-16.34504513908996,-20.585358727652476,-20.58535368896065,0.601520089275321,0.6337042465340013,0.6438233772460384,0.63370427785612,0.6015201517397715,0.26356524277253945,0.22341260884804506,0.20973800744971605,0.22341256105427784,0.2635651570842452,0.0,0.0,0.0,0.0,0.0,off,off,off,off,off
123.74999999999733,0.3,28.12499999999617,-16.31634692469197,-13.193922011869006,-12.168155035192228,-13.193920195454837,-16.316343307290197,-20.558138293601672,-20.55813326603598,0.6011959054257158,0.6335256877151099,0.6436877278220466,0.6335257191235709,0.6011959681013275,0.2642448399000776,0.2239222071816913,0.2101898027834186,0.22392215928587017,0.2642447540206929,0.0,0.0,0.0,0.0,0.0,off,off,off,off,off
123.99999999999733,0.3,28.19999999999616,-16.28764419997509,-13.164357398973209,-12.138337465964412,-13.164355587156308,-16.28764059128588,-20.530914419275263,-20.530909402816235,0.6008714998588047,0.6333473524000284,0.6435523952333347,0.6333473838948446,0.6008715627458711,0.2649230138308936,0.22443025027531513,0.21064001103666904,0.2244302022776832,0.26492292776084686,0.0,0.0,0.0,0.0,0.0,off,off,off,off,off
124.24999999999733,0.3,28.274999999996147,-16.258940585189862,-13.134795544033864,-12.108524118871514,-13.134793736809968,-16.25893698519303,-20.503687123291314,-20.503682117919226,0.6005468806882945,0.6331692474564935,0.6434173855863736,0.6331692790376785,0.6005469437871627,0.2655997621478291,0.22493673658343002,0.21108863137392966,0.22493668848422824,0.2655996758875423,0.0,0.0,0.0,0.0,0.0,off,off,off,off,off
124.49999999999733,0.3,28.349999999996136,-16.23023607514267,-13.105236401079026,-12.078714931108777,-13.105234598434606,-16.230232483822874,-20.47645642409546,-20.4764514297909,0.6002220560513292,0.632991379721285,0.6432827049575219,0.6329914113888742,0.6002221193623333,0.26627508241630626,0.2254416645739343,0.21153566295837012,0.22544161637340382,0.2662749959661962,0.0,0.0,0.0,0.0,0.0,off,off,off,off,off
124.74999999999733,0.3,28.424999999996125,-16.20153066536278,-13.075679925783845,-12.048909841797013,-13.075678127708557,-16.20152708270433,-20.449222339967122,-20.44921735671062,0.599897034106011,0.6328137559997632,0.643148359391734,0.6328137877537813,0.5998970976294837,0.26694897218803787,0.22594503272932684,0.21198110495464148,0.22594498442770775,0.2669488855485157,0.0,0.0,0.0,0.0,0.0,off,off,off,off,off
124.99999999999733,0.3,28.499999999996113,-16.172824352041744,-13.046126075434472,-12.019108791991755,-13.046124281936727,-16.172820778039807,-20.421984889025453,-20.421979916797483,0.5995718230293681,0.6326363830654215,0.6430143549012398,0.632636414905847,0.5995718867656151,0.2676214290045041,0.2264468395477925,0.212424956531366,0.22644679114532468,0.26762134217597716,0.0,0.0,0.0,0.0,0.0,off,off,off,off,off
125.24999999999733,0.3,28.574999999996102,-16.144117132010308,-13.01657480893914,-11.989311724613913,-13.016573019999896,-16.144113566666135,-20.39474408923499,-20.394739128016482,0.5992464310154151,0.6324592676593876,0.6428806974645619,0.6324592995862637,0.5992464949647256,0.2682924504001434,0.2269470835441744,0.2128672168633727,0.22694703504109742,0.26829236338301576,0.0,0.0,0.0,0.0,0.0,off,off,off,off,off
125.49999999999733,0.3,28.64999999999609,-16.115409002788397,-12.98702608674563,-11.959518584420266,-12.987024302362045,-16.115405446079194,-20.367499958411514,-20.367495008183198,0.5989208662732192,0.6322824164902058,0.642747393025557,0.6322824485035335,0.5989209304359349,0.2689620339052545,0.22744576325084404,0.2133078851337016,0.22744571464739713,0.2689619466999267,0.0,0.0,0.0,0.0,0.0,off,off,off,off,off
125.74999999999733,0.3,28.72499999999608,-16.08669996251308,-12.957479870865996,-11.929729318027569,-12.957478091008738,-16.086696414425433,-20.340252514227416,-20.340247574970135,0.5985951370254297,0.6321058362334037,0.6426144474924373,0.6321058683332489,0.5985952014018696,0.2696301770486192,0.22794287721847883,0.21374696053540534,0.22794282851489975,0.26963008965548846,0.0,0.0,0.0,0.0,0.0,off,off,off,off,off
125.99999999999733,0.3,28.799999999996068,-16.05799000994682,-12.927936124769815,-11.899943873817051,-12.927934349453267,-16.05798647047095,-20.31300177421747,-20.312996845911982,0.5982692515067803,0.6319295335314312,0.6424818667371914,0.6319295657177494,0.5982693160972502,0.27029687735985947,0.22843842401675257,0.2141844422731631,0.22843837521327975,0.2702967897793199,0.0,0.0,0.0,0.0,0.0,off,off,off,off,off
126.24999999999733,0.3,28.874999999996056,-16.029279144486964,-12.89839481345166,-11.870162201936353,-12.898393042667692,-16.0292756135957,-20.285747755783518,-20.285742838410783,0.5979432179627264,0.6317535149932003,0.6423496565948492,0.6317535472660014,0.5979432827675701,0.2709621323715582,0.22893240223495642,0.21462032956472868,0.22893235333182818,0.27096204460400164,0.0,0.0,0.0,0.0,0.0,off,off,off,off,off
126.49999999999733,0.3,28.949999999996045,-16.00056736611964,-12.868855903354245,-11.84038425425922,-12.868854137094274,-16.00056384380497,-20.25849047620065,-20.25848556974134,0.5976170446483493,0.6315777871940236,0.6422178228629347,0.6315778195533148,0.5976171096678612,0.2716259396211561,0.22942481048254892,0.21505462164222733,0.22942476148000335,0.2716258516669726,0.0,0.0,0.0,0.0,0.0,off,off,off,off,off
126.74999999999733,0.3,29.024999999996034,-15.97185467544847,-12.839319362331764,-11.810609984385223,-12.839317600592608,-15.97185116168697,-20.23122995262105,-20.231225057056207,0.5972907398271979,0.631402356675476,0.6420863713008935,0.6314023891212508,0.5972908050617051,0.2722882966526564,0.22991564738964537,0.21548731775332203,0.22991559828792082,0.27228820851223334,0.0,0.0,0.0,0.0,0.0,off,off,off,off,off
126.99999999999733,0.3,29.099999999996022,-15.94314107363084,-12.809785155494865,-11.780839347520043,-12.809783398261004,-15.943137568419672,-20.203966202080125,-20.203961317390792,0.5969643117704566,0.6312272300891655,0.6419553076298748,0.6312272626215248,0.5969643772202333,0.2729492010181447,0.23040491158099977,0.21591841716225493,0.23040486238031316,0.2729491126918681,0.0,0.0,0.0,0.0,0.0,off,off,off,off,off
127.24999999999733,0.3,29.17499999999601,-15.914426561746666,-12.780253221915359,-11.751072282259258,-12.78025146917497,-15.914423065066387,-20.176699241498966,-20.17669436766613,0.5966377687575266,0.6310524193100565,0.6418246397832751,0.6310524519297279,0.5966378344228807,0.273608650279139,0.23089259865331835,0.2163479182389099,0.2308925493533195,0.2736085617673943,0.0,0.0,0.0,0.0,0.0,off,off,off,off,off
127.49999999999733,0.3,29.249999999996,-15.885711140591638,-12.750723515201855,-11.721308714314375,-12.750721766949198,-15.885707652438725,-20.149429087682563,-20.14942422468738,0.5963111190757133,0.6308779415612794,0.6416943861320837,0.630877974268797,0.5963111849569116,0.27426664200776935,0.2313786944818621,0.21677580848150238,0.2313786450818295,0.2742665533109401,0.0,0.0,0.0,0.0,0.0,off,off,off,off,off
127.74999999999733,0.3,29.32499999999599,-15.856994811272216,-12.721196000220175,-11.691548589792717,-12.721194256468209,-15.856991331625181,-20.122155757321536,-20.12215090514502,0.5959843710181306,0.6307038087002005,0.6415645616226382,0.6307038414956838,0.5959844371154767,0.274923173787836,0.23186318641845163,0.2172020697496798,0.2318631369181367,0.2749230849063057,0.0,0.0,0.0,0.0,0.0,off,off,off,off,off
127.99999999999733,0.3,29.399999999995977,-15.828277575356424,-12.691670646018792,-11.661791861271013,-12.691668906747964,-15.828274104198954,-20.094879266995292,-20.094874425618684,0.5956575328826896,0.6305300285377423,0.6414351744483205,0.63053006142122,0.5956575991964707,0.2755782432157685,0.23234606862309537,0.21762669326881978,0.2323460190226124,0.27557815414991876,0.0,0.0,0.0,0.0,0.0,off,off,off,off,off
128.24999999999733,0.3,29.474999999995966,-15.79955943495645,-12.662147424403372,-11.632038485097212,-12.662145689602028,-15.799555972278426,-20.06759963317728,-20.067594802581596,0.5953306129713054,0.6303566070832438,0.6413062299160139,0.6303566400546508,0.5953306795017884,0.2762318479014806,0.23282733925751595,0.21804967693401242,0.2328272895571477,0.27623175865169297,0.0,0.0,0.0,0.0,0.0,off,off,off,off,off
128.49999999999733,0.3,29.549999999995954,-15.770840392801631,-12.632626309362252,-11.602288420571995,-12.632624579031074,-15.770836938583557,-20.040316872238776,-20.040312052405113,0.5950036195891744,0.6301835496148444,0.6411777322313107,0.6301835826740612,0.5950036863366439,0.27688398546913573,0.23330699824294437,0.21847102147445732,0.233306948443041,0.2768838960357912,0.0,0.0,0.0,0.0,0.0,off,off,off,off,off
128.74999999999733,0.3,29.624999999995943,-15.74212045217206,-12.603107276806725,-11.572541629533134,-12.60310555093372,-15.742117006412684,-20.013031000454333,-20.013026191364162,0.5946765610444278,0.630010861151641,0.6410496852331964,0.6300108942985708,0.5946766280091185,0.27753465355782453,0.23378504616795862,0.2188907286363931,0.2337849962688909,0.2775345639413036,0.0,0.0,0.0,0.0,0.0,off,off,off,off,off
128.99999999999733,0.3,29.69999999999593,-15.713399616980837,-12.573590304391928,-11.54279807609663,-12.573588582956347,-15.713396179645372,-19.985742034006563,-19.985737235641153,0.5943494456474714,0.6298385466552605,0.6409220926897442,0.6298385798898287,0.5943495128296924,0.2781838498221655,0.23426148380674017,0.21930880042691045,0.23426143380887918,0.2781837600228483,0.0,0.0,0.0,0.0,0.0,off,off,off,off,off
129.24999999999733,0.3,29.77499999999592,-15.68467789173468,-12.544075371377119,-11.513057726516877,-12.544073654385613,-15.68467446282574,-19.958449988990907,-19.95844520133147,0.5940222817106466,0.6296666111116853,0.6407949584109842,0.6296666444337543,0.5940223491106137,0.2788315719328384,0.23473631191713967,0.21972523881504372,0.2347362618208503,0.27883148195110374,0.0,0.0,0.0,0.0,0.0,off,off,off,off,off
129.49999999999733,0.3,29.84999999999591,-15.655955281597528,-12.514562458585374,-11.483320549066605,-12.51456074603226,-15.655951861100505,-19.931154881420724,-19.93115010444862,0.5936950775476858,0.6294950595605017,0.6406682862863741,0.6294950929699691,0.5936951451656478,0.27947781757705525,0.23520953116250154,0.2201400456234329,0.23520948096813954,0.279477727413284,0.0,0.0,0.0,0.0,0.0,off,off,off,off,off
129.74999999999733,0.3,29.924999999995897,-15.62723179229664,-12.485051548335548,-11.45358651393525,-12.485049840207353,-15.62722838020619,-19.903856727231897,-19.903851960928648,0.5933678414735564,0.6293238971017189,0.6405420802916664,0.629323930598506,0.5933679093097367,0.28012258445897625,0.235681142087243,0.22055322249809214,0.2356810917951536,0.28012249411354867,0.0,0.0,0.0,0.0,0.0,off,off,off,off,off
129.99999999999733,0.3,29.999999999995886,-15.598507430191262,-12.455542624328928,-11.423855593136466,-12.45554092062838,-15.598504026488627,-19.876555542287775,-19.876550786634965,0.5930405818039505,0.6291531288933506,0.6404163444838782,0.6291531624773431,0.5930406498585964,0.2807658703000723,0.23615114511520072,0.22096477090930228,0.23615109472571985,0.2807657797733692,0.0,0.0,0.0,0.0,0.0,off,off,off,off,off
130.24999999999733,0.3,30.074999999995875,-15.56978220225858,-12.42603567166185,-11.394127760475158,-12.426033972385767,-15.569778806928355,-19.84925134238415,-19.849246597363276,0.5927133068549875,0.62898276014511,0.6402910829919656,0.628982793816212,0.5927133751283321,0.2814076728394473,0.2366195405571282,0.22137469216411887,0.23661949007058306,0.28140758213184863,0.0,0.0,0.0,0.0,0.0,off,off,off,off,off
130.49999999999733,0.3,30.149999999995863,-15.541056116041432,-12.396530676730038,-11.364402991415886,-12.396528981868528,-15.541052729074352,-19.82194414325349,-19.82193940884622,0.5923860249430232,0.6288127961112904,0.64016630000675,0.6288128298694262,0.5923860934352804,0.28204798983411544,0.2370863286214042,0.22178298742247285,0.23708627803811372,0.28204789894600196,0.0,0.0,0.0,0.0,0.0,off,off,off,off,off
130.74999999999733,0.3,30.224999999995852,-15.51232917970492,-12.367027627215464,-11.334681263064454,-12.367025936754942,-15.512325801098427,-19.79463396057011,-19.794629236757828,0.5920587443842156,0.6286432420834234,0.6400419997708148,0.6286432759285281,0.5920588130955767,0.2826868190592451,0.23755150942541037,0.22218965771363688,0.23755145874568565,0.2826867279909976,0.0,0.0,0.0,0.0,0.0,off,off,off,off,off
130.99999999999733,0.3,30.29999999999584,-15.483601402013676,-12.337526512024965,-11.304962554059273,-12.33752482597157,-15.483598031739746,-19.767320809953816,-19.767316096718332,0.5917314734942911,0.6284741033834517,0.6399181865693264,0.6284741373154139,0.5917315424250005,0.2833241583083694,0.23801508300653296,0.22259470395183015,0.23801503223067888,0.283324067060369,0.0,0.0,0.0,0.0,0.0,off,off,off,off,off
131.24999999999733,0.3,30.37499999999583,-15.454872792284732,-12.3080273212787,-11.275246844587457,-12.308025639625043,-15.454869430341319,-19.74000470697544,-19.74000000429845,0.5914042205883763,0.6283053853573257,0.639794864721383,0.6283054193760704,0.5914042897386119,0.2839600053935666,0.23847704933238867,0.2229981269505493,0.23847699846070447,0.283959913966195,0.0,0.0,0.0,0.0,0.0,off,off,off,off,off
131.49999999999733,0.3,30.449999999995818,-15.426143360429876,-12.278530046251376,-11.245534116260785,-12.278528368976822,-15.426140006790149,-19.712685667160343,-19.712680975023687,0.5910769939806254,0.6281370933692905,0.6396720385725301,0.6281371274747749,0.5910770633506158,0.28459435814561546,0.23893740831016627,0.22339992743555517,0.23893735734294486,0.28459426653925407,0.0,0.0,0.0,0.0,0.0,off,off,off,off,off
131.74999999999733,0.3,30.524999999995806,-15.397413116913185,-12.249034679348256,-11.21582435212207,-12.249033006448371,-15.397409771572086,-19.685363705993552,-19.685359024378897,0.5907498019840549,0.6279692327966364,0.6395497124877411,0.6279692669887802,0.590749871573972,0.28522721441412474,0.23939615979508286,0.22380010605656175,0.23939610873261255,0.28522712262915567,0.0,0.0,0.0,0.0,0.0,off,off,off,off,off
131.99999999999733,0.3,30.599999999995795,-15.368682072760237,-12.219541214073786,-11.186117536568531,-12.219539545545786,-15.368678735702872,-19.658038838922863,-19.658034167811962,0.5904226529102601,0.6278018090249822,0.6394278908453077,0.6278018433037013,0.5904227227202922,0.28585857206764514,0.23985330359801438,0.22419866339773326,0.23985325244057942,0.2858584801044504,0.0,0.0,0.0,0.0,0.0,off,off,off,off,off
132.24999999999733,0.3,30.674999999995784,-15.339950239556572,-12.190049645017325,-11.156413655352367,-12.190047980865472,-15.339946910772426,-19.630711081363927,-19.630706420738818,0.5900955550691576,0.6276348274439846,0.6393065780311867,0.6276348618091779,0.5900956250994768,0.28648842899375965,0.24030883949236187,0.22459559998709577,0.24030878824024288,0.28648833685272274,0.0,0.0,0.0,0.0,0.0,off,off,off,off,off
132.49999999999733,0.3,30.749999999995772,-15.311217629426608,-12.160559967805568,-11.126712695468598,-12.160558308034126,-15.311214308887543,-19.603380448703717,-19.603375798546296,0.5897685167687803,0.6274682934435506,0.6391857784342061,0.6274683278951173,0.5897685870195923,0.287116783099158,0.24076276722022652,0.22499091630496842,0.24076271587370174,0.2871166907806616,0.0,0.0,0.0,0.0,0.0,off,off,off,off,off
132.74999999999733,0.3,30.82499999999576,-15.282484255002657,-12.131072179107093,-11.097014645211061,-12.131070523678034,-15.282480942709526,-19.576046956304793,-19.576042316597068,0.5894415463150883,0.6273022124103098,0.6390654964413757,0.6273022469482522,0.5894416167865246,0.2877436323096951,0.2412150864979606,0.2253846127915177,0.24121503505730368,0.28774353981412343,0.0,0.0,0.0,0.0,0.0,off,off,off,off,off
132.99999999999733,0.3,30.89999999999575,-15.25375012947211,-12.101586276557896,-11.06731949406452,-12.101584625472697,-15.253746825419569,-19.548710619508967,-19.548705990232776,0.5891146520116013,0.6271365897246205,0.6389457364340718,0.6271366243488441,0.5891147227038012,0.2883689745704374,0.2416657970211536,0.22577668985352584,0.24166574548663516,0.2883688818981745,0.0,0.0,0.0,0.0,0.0,off,off,off,off,off
133.24999999999733,0.3,30.974999999995738,-15.225015266538321,-12.072102258794587,-11.037627232721434,-12.072100612062115,-15.225011970701814,-19.521371453641194,-19.52136683477849,0.5887878421592294,0.626971430757627,0.6388265027843336,0.6269714654680176,0.5887879130723702,0.288992807845696,0.2421148984691132,0.22616714787044997,0.24211484684100257,0.288992714997128,0.0,0.0,0.0,0.0,0.0,off,off,off,off,off
133.49999999999733,0.3,31.049999999995727,-15.196279679976897,-12.042620125404426,-11.007937853019769,-12.042618483012859,-15.196276392346249,-19.494029474012564,-19.494024865545583,0.5884611250513336,0.6268067408687954,0.6387077998517289,0.626806775665291,0.5884611961855483,0.28961513011899565,0.24256239050889117,0.22655598719985004,0.2425623387874553,0.2896150370945077,0.0,0.0,0.0,0.0,0.0,off,off,off,off,off
133.74999999999733,0.3,31.124999999995715,-15.167543362067192,-12.013139876571586,-10.978251347917762,-12.013138238505576,-15.167540082638368,-19.466684695857367,-19.466680097768062,0.5881345101435219,0.6266425254044296,0.638589631980468,0.6266425602869734,0.5881345814994056,0.2902359390928034,0.24300827279889634,0.2269432081822501,0.24300822098439925,0.2902358458926219,0.0,0.0,0.0,0.0,0.0,off,off,off,off,off
133.99999999999733,0.3,31.199999999995704,-15.138806303420381,-11.983661512419076,-10.948567711426051,-11.983659878683397,-15.138803032177634,-19.439337134203356,-19.43933254647385,0.587808012795097,0.6264787896971363,0.6384720034969221,0.6264788246656227,0.5878080843738581,0.29085522869997676,0.24345254499211386,0.22732881114549244,0.2434524930848189,0.2908551353235787,0.0,0.0,0.0,0.0,0.0,off,off,off,off,off
134.24999999999733,0.3,31.274999999995693,-15.1100685122571,-11.95418503361725,-10.918886938527805,-11.954183404188711,-15.110065249175591,-19.411986803983552,-19.411982226596194,0.5874816481233347,0.6263155390624929,0.6383549187074434,0.6263155741168832,0.5874817199257043,0.2914729889361662,0.24389520673899748,0.22771279640863312,0.24389515473916593,0.29147289538298093,0.0,0.0,0.0,0.0,0.0,off,off,off,off,off
134.49999999999733,0.3,31.34999999999568,-15.081330001743197,-11.924710441631703,-10.88920902514593,-11.924708816516613,-15.081326746798368,-19.384633720102215,-19.384629153039242,0.5871554274698422,0.6261527787967481,0.6382383818963163,0.6261528139369297,0.5871554994961576,0.2920892120505533,0.24433625769007855,0.22809516428543103,0.2443362055979702,0.29208911832046935,0.0,0.0,0.0,0.0,0.0,off,off,off,off,off
134.74999999999733,0.3,31.42499999999567,-15.05259078747713,-11.895237738866513,-10.859533968159496,-11.895236118051912,-15.052587540663865,-19.357277897457834,-19.357273340701255,0.5868293599447421,0.6259905141749229,0.6381223973238037,0.6259905494008298,0.5868294321950956,0.2927038936138493,0.24477569749831815,0.22847591508747117,0.24477564531419216,0.2927037997070997,0.0,0.0,0.0,0.0,0.0,off,off,off,off,off
134.99999999999733,0.3,31.49999999999566,-15.023850886554555,-11.865766928638891,-10.82986176536059,-11.865765312129895,-15.02384764787405,-19.32991935095589,-19.329914804487856,0.5865034535901358,0.6258287504494742,0.6380069692245395,0.6258287857609938,0.5865035260645128,0.2933170312567752,0.24521352582121994,0.22885504912696353,0.24521347354533457,0.2933169371737767,0.0,0.0,0.0,0.0,0.0,off,off,off,off,off
135.24999999999733,0.3,31.574999999995647,-14.995110317144452,-11.836298015223576,-10.800192415433628,-11.836296403003416,-14.995107086580788,-19.302558095517696,-19.30255355932067,0.5861777159791607,0.6256674928489092,0.6378921018060376,0.6256675282459818,0.5861777886775431,0.2939286236396766,0.24564974232273007,0.22923256671924616,0.24564968995534175,0.29392852938093,0.0,0.0,0.0,0.0,0.0,off,off,off,off,off
135.49999999999733,0.3,31.649999999995636,-14.966369098254688,-11.806831003807588,-10.77052591799793,-11.806829395872512,-14.966365875781946,-19.27519414608679,-19.275189620143067,0.5858521545078436,0.6255067465767465,0.6377777992472038,0.6255067820592777,0.5858522274302229,0.29453866987752747,0.24608434667494095,0.22960846818502806,0.2460842942163054,0.2945385754435649,0.0,0.0,0.0,0.0,0.0,off,off,off,off,off
135.74999999999733,0.3,31.724999999995624,-14.937627249555476,-11.777365900403709,-10.740862265190401,-11.777364296748829,-14.93762403517627,-19.24782751763368,-19.247823001925667,0.5855267765329155,0.6253465168106721,0.6376640671935478,0.6253465523785697,0.5855268496792085,0.29514716925216666,0.2465173385596228,0.22998275342459817,0.24651728600999553,0.2951470746435284,0.0,0.0,0.0,0.0,0.0,off,off,off,off,off
135.99999999999733,0.3,31.799999999995613,-14.908884791341109,-11.74790271108941,-10.711201425067372,-11.747901111703925,-14.908881585035829,-19.220458225160314,-19.220453719670417,0.5852015894339501,0.6251868087033973,0.6375509255213271,0.625186844356581,0.5852016628041269,0.29575412107605764,0.24694871766958457,0.23035541080777877,0.24694866502921972,0.29575402629328057,0.0,0.0,0.0,0.0,0.0,off,off,off,off,off
136.24999999999733,0.3,31.8749999999956,-14.880141744392972,-11.718441442053518,-10.681543385387272,-11.718439846926401,-14.880138546148771,-19.19308628370345,-19.193081788414247,0.5848766006393598,0.6250276273817027,0.6374383919512371,0.625027663120092,0.5848766742333762,0.29635952463145665,0.24737848370987225,0.23072641750613482,0.24737843097902398,0.2963594296750702,0.0,0.0,0.0,0.0,0.0,off,off,off,off,off
136.49999999999733,0.3,31.94999999999559,-14.85139812992685,-11.688982098203553,-10.651888142154235,-11.688980507326221,-14.851394939721047,-19.16571170833791,-19.165707223231834,0.5845518176348702,0.6248689780387823,0.6373264736851805,0.6248690138623404,0.584551891452707,0.29696337914612175,0.2478066363866413,0.2310957631326517,0.2478065835655535,0.2969632840166441,0.0,0.0,0.0,0.0,0.0,off,off,off,off,off
136.74999999999733,0.3,32.02499999999558,-14.822653969037844,-11.659524658261375,-10.62223569398401,-11.659523071642923,-14.8226507868755,-19.13833451417733,-19.13833003923702,0.584227247965081,0.6247108725428645,0.6372151739790556,0.6247109084523339,0.5842273220066556,0.29756568378633463,0.248233172129604,0.23146344666350907,0.24823311921793487,0.29756558848427456,0.0,0.0,0.0,0.0,0.0,off,off,off,off,off
136.99999999999733,0.3,32.09999999999557,-14.793909282258767,-11.630069109116619,-10.592586039989442,-11.63006752672851,-14.793906108109013,-19.110954716370912,-19.110950251578885,0.5839028992311988,0.6245533309808121,0.6371044947579767,0.624553366976818,0.5839029734965147,0.29816643765786055,0.24865807437775717,0.23182947071019985,0.24865802137462042,0.2981663421837167,0.0,0.0,0.0,0.0,0.0,off,off,off,off,off
137.24999999999733,0.3,32.174999999995556,-14.765164090142548,-11.600615451937927,-10.56293918055701,-11.600613873777888,-14.765160924002544,-19.083572330101276,-19.083567875440025,0.5835787790850326,0.6243963650216618,0.6369944375888567,0.6243964011042636,0.5835788535740271,0.2987656398103513,0.24908132858028595,0.23219383903646088,0.24908127548539877,0.29876554416461343,0.0,0.0,0.0,0.0,0.0,off,off,off,off,off
137.49999999999733,0.3,32.249999999995545,-14.736418413566696,-11.571163692258438,-10.533295117517355,-11.571162118331586,-14.736415255429563,-19.056187370585576,-19.05618292603785,0.5832548952231752,0.6242399807853444,0.6368850040413687,0.6242400169543819,0.5832549699357957,0.29936328924305067,0.2495029295788754,0.2325565556053005,0.24950287639239102,0.2993631934262014,0.0,0.0,0.0,0.0,0.0,off,off,off,off,off
137.74999999999733,0.3,32.32499999999553,-14.707672273744038,-11.541713838214434,-10.503653854155857,-11.541712268507979,-14.707669123598691,-19.028799853077857,-19.0287954186264,0.582931255381907,0.624084182236515,0.6367761958115827,0.624084218491798,0.5829313303181103,0.29995938491077606,0.24992287718552275,0.23291762423365414,0.24992282390777784,0.2999592889232907,0.0,0.0,0.0,0.0,0.0,off,off,off,off,off
137.99999999999733,0.3,32.39999999999552,-14.678925692282917,-11.5122658998352,-10.474015395145045,-11.512264334336408,-14.678922550107984,-19.0014097928711,-19.001405368498723,0.5826078673322267,0.6239289725685134,0.636668014754364,0.6239290089098278,0.5826079424919908,0.3005539257297133,0.2503411731762196,0.23327704848292286,0.25034111980761514,0.30055382957206034,0.0,0.0,0.0,0.0,0.0,off,off,off,off,off
138.24999999999733,0.3,32.47499999999551,-14.650178691174972,-11.482819888705137,-10.444379746512539,-11.482818327406903,-14.65017555696653,-18.974017205300242,-18.974012790989548,0.5822847388753738,0.6237743547638621,0.6365604628815199,0.6237743911909779,0.5822848142586352,0.3011469105828323,0.2507578199676334,0.2336348316393119,0.25075776650858506,0.30114681425547374,0.0,0.0,0.0,0.0,0.0,off,off,off,off,off
138.49999999999733,0.3,32.5499999999955,-14.62143129283254,-11.453375817766982,-10.414746915565104,-11.453374260671978,-14.621428166584451,-18.946622105743643,-18.946617701477777,0.5819618778385804,0.6236203318150568,0.6364535423482125,0.6236203683277243,0.5819619534452778,0.30173833832486147,0.2511728200782308,0.2339909767268777,0.25117276652915066,0.3017382418282559,0.0,0.0,0.0,0.0,0.0,off,off,off,off,off
138.74999999999733,0.3,32.62499999999549,-14.592683520081607,-11.423933701186172,-10.385116910836189,-11.423932148294966,-14.5926804017692,-18.91922450962673,-18.919220115388327,0.5816392920712546,0.623466906804729,0.6363472554360666,0.6234669434027111,0.5816393679013673,0.3023282077868171,0.25158617592121413,0.23434548653113887,0.2515861222825036,0.30232811112141694,0.0,0.0,0.0,0.0,0.0,off,off,off,off,off
138.99999999999733,0.3,32.69999999999548,-14.563935396172837,-11.39449355424972,-10.355489742033399,-11.394492005537586,-14.5639322857769,-18.891824432423874,-18.891820048195825,0.581316989441434,0.6233140829281841,0.6362416045362675,0.6233141196113131,0.5813170654949249,0.30291651778010137,0.25199788973473497,0.2346983636248069,0.25199783600678144,0.302916420946355,0.0,0.0,0.0,0.0,0.0,off,off,off,off,off
139.24999999999733,0.3,32.774999999995465,-14.535186944734107,-11.365055393282773,-10.32586541999541,-11.36505384874198,-14.535183842247818,-18.86442188966123,-18.864417515426453,0.5809949778326564,0.623161863492945,0.6361365921337452,0.623161900261018,0.5809950541094565,0.30350326710020514,0.2524079635678099,0.2350496103925396,0.25240790975098754,0.303503170098557,0.0,0.0,0.0,0.0,0.0,off,off,off,off,off
139.49999999999733,0.3,32.849999999995454,-14.506438189809444,-11.335619235563172,-10.29624395661358,-11.33561769519821,-14.506435095222457,-18.837016896918897,-18.83701253266028,0.5806732651408953,0.6230102519097187,0.6360322207928865,0.623010288762511,0.5806733416409392,0.30408845453004596,0.2528163992879543,0.23539922905370292,0.2528163453826257,0.30408835736093753,0.0,0.0,0.0,0.0,0.0,off,off,off,off,off
139.74999999999733,0.3,32.92499999999544,-14.477689155852772,-11.306185099283425,-10.266625364841161,-11.30618356309651,-14.477686069157812,-18.809609469833532,-18.809605115534083,0.5803518592718305,0.622859251680578,0.6359284931444852,0.622859288617876,0.5803519359950418,0.3046720788429789,0.25322319859648307,0.23574722168292084,0.2532231446029995,0.30467198150684993,0.0,0.0,0.0,0.0,0.0,off,off,off,off,off
139.99999999999733,0.3,32.99999999999543,-14.448939867697845,-11.276753003496765,-10.237009658582565,-11.276751471469254,-14.44893678887803,-18.782199624100485,-18.78219527974332,0.5800307681383868,0.6227088663868934,0.6358254118743569,0.6227089034085385,0.5800308450847078,0.3052541388055073,0.2536283630457456,0.23609359022848048,0.25362830896444866,0.3052540413027938,0.0,0.0,0.0,0.0,0.0,off,off,off,off,off
140.24999999999733,0.3,33.07499999999542,-14.42019035058479,-11.247322968053936,-10.207396852704164,-11.247321440183157,-14.420187279626418,-18.754787375476354,-18.754783041044504,0.579709999658335,0.6225590996779021,0.6357229797128904,0.6225591367837003,0.5797100768276945,0.30583463317972315,0.25403189405603255,0.2364383365287647,0.2540318398872536,0.3058345355108598,0.0,0.0,0.0,0.0,0.0,off,off,off,off,off
140.49999999999733,0.3,33.14999999999541,-14.391440630102352,-11.217895013565226,-10.177786962982111,-11.217893489850837,-14.391437567009916,-18.72737273978086,-18.727368415257587,0.579389561752259,0.6224099552601445,0.6356211994258807,0.6224099924499008,0.5793896391445402,0.3064135607255052,0.25443379293132456,0.23678146232689887,0.25443373867538777,0.30641346289092447,0.0,0.0,0.0,0.0,0.0,off,off,off,off,off
140.74999999999733,0.3,33.2249999999954,-14.362690732243095,-11.188469161379373,-10.148180006047198,-11.188467641810917,-14.362687676986639,-18.69995573289961,-18.699951418267943,0.5790694623414149,0.6222614368878372,0.6355200738063697,0.6222614741613839,0.5790695399565742,0.306990920202498,0.2548340608736481,0.23712296928379933,0.25483400653087007,0.30699082220263085,0.0,0.0,0.0,0.0,0.0,off,off,off,off,off
140.99999999999733,0.3,33.299999999995386,-14.333940683353148,-11.159045433533208,-10.118575999365987,-11.159043918103293,-14.33393763591181,-18.672536370785508,-18.67253206602865,0.5787497093459747,0.6221135483542637,0.6354196056672882,0.622113585711427,0.5787497871839433,0.3075667103718922,0.2552326989960327,0.23746285898979413,0.25523264456672395,0.30756661220716786,0.0,0.0,0.0,0.0,0.0,off,off,off,off,off
141.24999999999733,0.3,33.374999999995374,-14.305190510131808,-11.129623852704924,-10.08897496123842,-11.129622341416393,-14.305187470493138,-18.645114669461037,-18.64511037456225,0.5784303106832841,0.6219662934840287,0.6353197978348596,0.6219663309246134,0.5784303887439671,0.30814092999802817,0.25562970833415166,0.23780113297497282,0.2556296538186168,0.3081408316688741,0.0,0.0,0.0,0.0,0.0,off,off,off,off,off
141.49999999999733,0.3,33.44999999999536,-14.276440239610281,-11.100204442240909,-10.05937691071324,-11.100202935067784,-14.276437207771437,-18.617690645020502,-18.617686359962846,0.5781112742662703,0.6218196761259291,0.6352206531429163,0.6218197136498103,0.5781113525495467,0.30871357784983666,0.25602508985676325,0.23813779271840466,0.2560250352553013,0.30871347935667925,0.0,0.0,0.0,0.0,0.0,off,off,off,off,off
141.74999999999733,0.3,33.52499999999535,-14.247689899202726,-11.07078722604706,-10.029781867604868,-11.070785722989854,-14.24768687513108,-18.59026431363128,-18.59026003839807,0.5777926080017978,0.6216737001468682,0.6351221744275984,0.6216737377538576,0.5777926865076095,0.3092846527021383,0.25641884447506236,0.23847283965634375,0.2564187897879672,0.30928455404540334,0.0,0.0,0.0,0.0,0.0,off,off,off,off,off
141.99999999999733,0.3,33.59999999999534,-14.218939516604678,-11.0413722286483,-10.000189852439064,-11.041370729696268,-14.218936500305915,-18.56283569153615,-18.562831426110563,0.5774743197894564,0.621528369426007,0.6350243645227975,0.6215284071159456,0.5774743985176507,0.3098541533368103,0.2568109730510548,0.23880627518954003,0.25681091827861646,0.30985405451692233,0.0,0.0,0.0,0.0,0.0,off,off,off,off,off
142.24999999999733,0.3,33.67499999999533,-14.190189119893716,-11.011959475119397,-9.97060088642445,-11.011957980277543,-14.190186111360674,-18.53540479505486,-18.535400539420266,0.57715641751997,0.6213836878498072,0.6349272262560399,0.6213837256224979,0.5771564964704194,0.31042207854383624,0.25720147640505736,0.23913810068974808,0.2572014215475623,0.31042197956122086,0.0,0.0,0.0,0.0,0.0,off,off,off,off,off
142.49999999999733,0.3,33.74999999999532,-14.161438737433457,-10.982548991081956,-9.941014991473196,-10.98254750033351,-14.161435736652265,-18.507971640585936,-18.50796739472574,0.5768389090741294,0.6212396593074306,0.6348307624446948,0.6212396971627292,0.5768389882467153,0.31098842712225344,0.2575903553224105,0.23946831750552441,0.2575903003801419,0.31098832797733494,0.0,0.0,0.0,0.0,0.0,off,off,off,off,off
142.74999999999733,0.3,33.824999999995306,-14.132688397922209,-10.953140802663881,-9.911432190135258,-10.953139316006911,-14.132685404875758,-18.480536244608146,-18.480532008505605,0.5765218023214572,0.621096287686693,0.634734975892804,0.6210963256244192,0.5765218817160628,0.3115531978809995,0.2579776105594872,0.23979692696739227,0.25797755553272506,0.3115530985742017,0.0,0.0,0.0,0.0,0.0,off,off,off,off,off
142.99999999999733,0.3,33.899999999995295,-14.10393813034517,-10.923734936506719,-9.881852505573761,-10.923733453934403,-14.103935145021808,-18.453098623682337,-18.453094397320825,0.5762051051191579,0.620953576870323,0.6346398693881601,0.6209536148903084,0.5762051847356469,0.3121163896396771,0.25836324284907314,0.24012393039243835,0.258363187738095,0.3121162901714237,0.0,0.0,0.0,0.0,0.0,off,off,off,off,off
143.24999999999733,0.3,33.97499999999528,-14.075187963984774,-10.894331419752803,-9.85227596157705,-10.894329941275146,-14.075184986385011,-18.425658794452573,-18.425654577815664,0.5758888253109765,0.6208115307326425,0.6345454456996197,0.6208115688346773,0.5758889051491793,0.31267800122923967,0.2587472529051842,0.24044932908840885,0.2587471977102657,0.3126779015999551,0.0,0.0,0.0,0.0,0.0,off,off,off,off,off
143.49999999999733,0.3,34.04999999999527,-14.046437928427451,-10.864930279895816,-9.822702570871058,-10.86492880549281,-14.046434958534576,-18.39821677364776,-18.398212566719025,0.575572970726124,0.6206701531368998,0.634451711923163,0.6206701913208464,0.575573050785906,0.31323803149260887,0.2591296414273775,0.24077312288924976,0.25912958614879184,0.31323793170271697,0.0,0.0,0.0,0.0,0.0,off,off,off,off,off
143.74999999999733,0.3,34.12499999999526,-14.017688053529469,-10.835531543940874,-9.793132325378451,-10.83553007360814,-14.01768509133575,-18.370772578083177,-18.37076838084633,0.5752575491783334,0.6205294479345278,0.6343586952190402,0.62052948620021,0.5752576294595306,0.3137964792852284,0.259510409104595,0.24109529197749568,0.2595103537426131,0.31379637933515336,0.0,0.0,0.0,0.0,0.0,off,off,off,off,off
143.99999999999733,0.3,34.19999999999525,-13.988938369359687,-10.806135238679758,-9.76356523697467,-10.806133772401893,-13.988935414837158,-18.343326224661126,-18.343322037099853,0.5749425684649992,0.6203894189620691,0.6342664106542556,0.620389457309335,0.5749426489674906,0.31435334347556015,0.2598895566185843,0.2414158111380534,0.25988950117347526,0.3143532433657257,0.0,0.0,0.0,0.0,0.0,off,off,off,off,off
144.24999999999733,0.3,34.27499999999524,-13.960188906213602,-10.776741391106953,-9.73400132426417,-10.776739928887025,-13.960185959350724,-18.31587773037242,-18.315873552470237,0.5746280363661994,0.6202500700380122,0.6341748617758851,0.6202501084666663,0.5746281170898189,0.31490862294552907,0.26026708464697645,0.2417346737581464,0.260267029119008,0.31490852267635844,0.0,0.0,0.0,0.0,0.0,off,off,off,off,off
144.49999999999733,0.3,34.34999999999523,-13.931439694590836,-10.747350028605752,-9.704440609142921,-10.747348570432166,-13.931436755376978,-18.28842711229663,-18.288422944037166,0.5743139606438258,0.6201114049603723,0.634084048744842,0.6201114434702523,0.5743140415883994,0.3154623165909221,0.26064299386604944,0.24205188241014564,0.2606429382554882,0.3154622161628388,0.0,0.0,0.0,0.0,0.0,off,off,off,off,off
144.74999999999733,0.3,34.424999999995215,-13.902690765213379,-10.717961178963435,-9.674883115666034,-10.717959724828972,-13.902687833632967,-18.26097438760334,-18.26097022897011,0.5740003490406476,0.6199734275048709,0.6339939708023627,0.6199734660958032,0.5740004302060085,0.3160144233217451,0.2610172849532034,0.24236744260599746,0.26101722926031434,0.31601432273517316,0.0,0.0,0.0,0.0,0.0,off,off,off,off,off
144.99999999999733,0.3,34.499999999995204,-13.873942148964602,-10.688574870245873,-9.645328869526054,-10.688573420141154,-13.873939225022923,-18.233519573552513,-18.23351542452926,0.5736872092795849,0.6198361414297405,0.6339046271144848,0.61983618010156,0.5736872906655124,0.31656494206254415,0.2613899585888087,0.24268136050663824,0.2613899028138554,0.3165648413179084,0.0,0.0,0.0,0.0,0.0,off,off,off,off,off
145.24999999999733,0.3,34.57499999999519,-13.84519387669593,-10.659191109945652,-9.61577789716381,-10.659189663866357,-13.845190960368768,-18.20606268749495,-18.206058548065613,0.5733745490632759,0.6196995568591698,0.6338160170476667,0.6196995956125964,0.5733746306696095,0.31711387175269035,0.26176101303677063,0.24299364213808344,0.26176095717956416,0.31711377085041614,0.0,0.0,0.0,0.0,0.0,off,off,off,off,off
145.49999999999733,0.3,34.64999999999518,-13.816445970551115,-10.629809899027748,-9.586230224123597,-10.629808456966089,-13.816443061823065,-18.178603746852502,-18.1785996170008,0.5730623764563257,0.6195636982650412,0.6337281402428023,0.6195637371008431,0.5730624582830868,0.3176612112984403,0.26213043004695863,0.24330429315136218,0.2621303741063817,0.3176611102389208,0.0,0.0,0.0,0.0,0.0,off,off,off,off,off
145.74999999999733,0.3,34.72499999999517,-13.787698427288944,-10.60043125592938,-9.556685875930441,-10.600429817884788,-13.787695526160746,-18.151142768961762,-18.151138648671463,0.5727507069930963,0.6194285783381173,0.6336409966126226,0.6194286172562913,0.5727507890414971,0.3182069569160479,0.2624981911834901,0.24361331877514994,0.26249813515913195,0.31820685569899104,0.0,0.0,0.0,0.0,0.0,off,off,off,off,off
145.99999999999733,0.3,34.79999999999516,-13.75895126347416,-10.571055203293213,-9.527144878641252,-10.571053769257901,-13.758948369911423,-18.123679771079054,-18.1236756603341,0.5724395599639545,0.6192942016157015,0.6335545863171526,0.6192942406160056,0.5724396422347463,0.3187510978602915,0.2628642911445632,0.24392072383387364,0.2628642350365856,0.31875099648490907,0.0,0.0,0.0,0.0,0.0,off,off,off,off,off
146.24999999999733,0.3,34.87499999999515,-13.730204504372352,-10.541681766232728,-9.497607258893993,-10.54168033619652,-13.730201618358024,-18.096214770492594,-18.09621066927653,0.572128947778647,0.6191605699098685,0.6334689097347895,0.6191606089919829,0.5721290302718742,0.3192936244902166,0.2632287312450313,0.24422651278548396,0.2632286750538167,0.31929352295624164,0.0,0.0,0.0,0.0,0.0,off,off,off,off,off
146.49999999999733,0.3,34.949999999995136,-13.701458178284838,-10.512310971614738,-9.468073043998231,-10.51230954556803,-13.701455299810334,-18.06874778455378,-18.068743692850518,0.5718188789527563,0.6190276841839925,0.6333839674336161,0.6190277233475748,0.5718189616681654,0.3198345320235349,0.2635915151608705,0.24453068976270842,0.2635914588868706,0.3198344303311765,0.0,0.0,0.0,0.0,0.0,off,off,off,off,off
146.74999999999733,0.3,35.024999999995124,-13.672712315208514,-10.482942847702759,-9.43854226190382,-10.482941425644242,-13.67270944426133,-18.041278830693443,-18.041274748486757,0.5715093604082033,0.618895545251097,0.6332997601452244,0.6188955844957879,0.5715094433454396,0.3203738188050134,0.2639526472157714,0.2448332586123386,0.263952590859449,0.32037371695472633,0.0,0.0,0.0,0.0,0.0,off,off,off,off,off
146.99999999999733,0.3,35.09999999999511,-13.643966946214618,-10.453577423956744,-9.409014941197142,-10.453576005887669,-13.643964082791342,-18.01380792642928,-18.01380385370325,0.5712003984361864,0.6187641540252294,0.633216288741136,0.6187641933506733,0.5712004815948306,0.32091148467228264,0.26431213173797496,0.24513422293094222,0.2643120752997843,0.3209113826646303,0.0,0.0,0.0,0.0,0.0,off,off,off,off,off
147.24999999999733,0.3,35.1749999999951,-13.615222103201177,-10.424214730924461,-9.379491111102652,-10.42421331681902,-13.615219247291577,-17.98633508937263,-17.98633102611103,0.5708919991138266,0.6186335116000923,0.6331335542118083,0.6186335510060094,0.5708920824934639,0.3214475300781731,0.26466997283669685,0.24543358609675434,0.26466991631707415,0.32144742791375813,0.0,0.0,0.0,0.0,0.0,off,off,off,off,off
147.49999999999733,0.3,35.24999999999509,-13.586477818776189,-10.394854800030373,-9.349970801442169,-10.3948533898797,-13.586474970362758,-17.958860337231926,-17.958856283418726,0.570584168484999,0.6185036192623554,0.6330515576481333,0.6185036587484377,0.5705842520852323,0.3219819556748538,0.2650261743402052,0.24573135129795814,0.26502611773956875,0.32198185335428564,0.0,0.0,0.0,0.0,0.0,off,off,off,off,off
147.74999999999733,0.3,35.32499999999508,-13.557734126078685,-10.365497663573535,-9.320454042620327,-10.365496257390532,-13.557731285147838,-17.931383687817032,-17.931379643436372,0.5702769126355532,0.6183744784806718,0.6329703002250212,0.6183745180465705,0.5702769964559815,0.3225147621278151,0.2653807397945127,0.2460275215576914,0.26538068311326424,0.3225146596516976,0.0,0.0,0.0,0.0,0.0,off,off,off,off,off
147.99999999999733,0.3,35.39999999999507,-13.528991058739223,-10.336143354639773,-9.290940865648622,-10.336141952397156,-13.528988225264868,-17.90390515904187,-17.903901124077777,0.5699702377203876,0.6182460908873018,0.6328897831867971,0.6182461305327731,0.5699703217606473,0.32304595003799896,0.26573367248332247,0.2463220997561319,0.26573361572184856,0.3230458474069243,0.0,0.0,0.0,0.0,0.0,off,off,off,off,off
148.24999999999733,0.3,35.474999999995056,-13.500248650848903,-10.306791906972933,-9.261431302067365,-10.306790508670474,-13.500245824844626,-17.87642476892711,-17.876420743363383,0.5696641499691191,0.6181184582583975,0.6328100078345322,0.6181184979831424,0.5696642342287644,0.3235755199136067,0.2660849754540473,0.2466150886499954,0.2660849186127191,0.32357541712815396,0.0,0.0,0.0,0.0,0.0,off,off,off,off,off
148.49999999999733,0.3,35.549999999995045,-13.471506936912476,-10.277443354981585,-9.231925383955002,-10.27744196060587,-13.471504118365033,-17.84894253560185,-17.848938519422717,0.5693586556825245,0.6179915824947968,0.6327309755146572,0.617991622298554,0.5693587401611784,0.3241034721642086,0.26643465154420126,0.24690649088974478,0.2664345946233782,0.32410336922494587,0.0,0.0,0.0,0.0,0.0,off,off,off,off,off
148.74999999999733,0.3,35.62499999999503,-13.442765951796446,-10.248097733610678,-9.202423143921749,-10.24809634316938,-13.44276314069208,-17.821458477306038,-17.821454470495752,0.5690537612252917,0.6178654656046867,0.6326526876089383,0.617865505487151,0.5690538459225845,0.32462980710449385,0.2667827034061485,0.24719630903478199,0.266782646406178,0.32462970401197616,0.0,0.0,0.0,0.0,0.0,off,off,off,off,off
148.99999999999733,0.3,35.69999999999502,-13.414025730688195,-10.218755078394395,-9.172924615060992,-10.21875369188416,-13.414022927015424,-17.793972612392082,-17.793968614934755,0.5687494730175454,0.6177401096875487,0.6325751455257181,0.6177401496484477,0.5687495579331063,0.3251545249618416,0.26712913352961387,0.247484545566854,0.26712907645083483,0.3251544217166133,0.0,0.0,0.0,0.0,0.0,off,off,off,off,off
149.24999999999733,0.3,35.77499999999501,-13.385286309077856,-10.189415425315303,-9.143429830938828,-10.189414042729084,-13.385283512809053,-17.766484959325737,-17.766480971205567,0.5684457975262402,0.6176155169202171,0.6324983506920951,0.6176155569592913,0.5684458826597409,0.32567762588508287,0.2674739442619043,0.2477712029018875,0.2674738871046459,0.3256775224876781,0.0,0.0,0.0,0.0,0.0,off,off,off,off,off
149.49999999999733,0.3,35.849999999995,-13.356547722723917,-10.160078810829361,-9.113938825593493,-10.16007743215306,-13.356544933864143,-17.73899553668744,-17.73899155788871,0.5681427412569792,0.6174916895440543,0.6324223045469927,0.6174917296610644,0.5681428266080221,0.32619910995328966,0.26781713782596833,0.2480562834004365,0.267817080590552,0.32619900640423305,0.0,0.0,0.0,0.0,0.0,off,off,off,off,off
149.74999999999733,0.3,35.92499999999499,-13.3278100076501,-10.130745271780256,-9.08445163351206,-10.130743897017055,-13.327807226183666,-17.7115043631739,-17.711500393680836,0.5678403107463179,0.617368629853764,0.6323470085350882,0.617368670048433,0.5678403963145553,0.32671897718410114,0.26815871633649246,0.2483397893769026,0.2681586590232326,0.32671887348390966,0.0,0.0,0.0,0.0,0.0,off,off,off,off,off
149.99999999999733,0.3,35.99999999999498,-13.299073200117846,-10.101414845421687,-9.054968289582632,-10.101413474561468,-13.299070426040203,-17.684011457598046,-17.684007497395044,0.5675385125547346,0.6172463401871807,0.6322724641015083,0.6172463804592658,0.567538598339795,0.32723722754141255,0.2684986818142307,0.24862172310767539,0.26849862442343553,0.3272371236905963,0.0,0.0,0.0,0.0,0.0,off,off,off,off,off
150.24999999999733,0.3,36.074999999994965,-13.270337336595844,-10.072087569353698,-9.025488829119865,-10.072086202391233,-13.270334569872546,-17.6565168388901,-17.65651288796161,0.567237353260187,0.6171248229163534,0.6321986726869823,0.6171248632656037,0.5672374392617697,0.32775386094238207,0.268837036198758,0.24890208683831802,0.2688369787307295,0.3277537569414446,0.0,0.0,0.0,0.0,0.0,off,off,off,off,off
150.49999999999733,0.3,36.149999999994954,-13.241602453737812,-10.042763481433099,-8.99601327895408,-10.042762118362987,-13.241599694356864,-17.629020526098827,-17.629016584428967,0.5669368394522148,0.6170040804396735,0.6321256412597773,0.6170041208658384,0.566936925669969,0.32826887726378173,0.26917378135981457,0.2491808811084806,0.26917372381485005,0.32826877311321934,0.0,0.0,0.0,0.0,0.0,off,off,off,off,off
150.74999999999733,0.3,36.22499999999494,-13.21286858837675,-10.013442618921886,-8.966541641568028,-10.01344125975453,-13.21286583633821,-17.60152253839061,-17.601518605963832,0.5666369777265051,0.616884115176639,0.6320534039962916,0.616884155679433,0.566637064160056,0.3287822763477274,0.2695089191073869,0.24945808083297621,0.26950886148578035,0.3287821720480323,0.0,0.0,0.0,0.0,0.0,off,off,off,off,off
150.99999999999733,0.3,36.29999999999493,-13.184135777455708,-9.984125018656698,-8.937073937310117,-9.984123663366745,-13.184133032757643,-17.574022895050746,-17.574018971851444,0.5663377746800676,0.6167649295610411,0.6319819759267873,0.6167649701402654,0.5663378613290452,0.3292940580068483,0.2698424512006579,0.24973365576529458,0.2698423935026983,0.3292939535585092,0.0,0.0,0.0,0.0,0.0,off,off,off,off,off
151.24999999999733,0.3,36.37499999999492,-13.155404058023919,-9.954810717424607,-8.907610194369965,-9.954809366016548,-13.155401320633928,-17.546521615482675,-17.54651770149519,0.5660392369066823,0.6166465260343754,0.6319113574797875,0.6166465666897598,0.5660393237707843,0.32980422202894055,0.27017437935597766,0.2500076010427048,0.2701743215819504,0.3298041174324413,0.0,0.0,0.0,0.0,0.0,off,off,off,off,off
151.49999999999733,0.3,36.44999999999491,-13.126673467233559,-9.925499752197481,-8.878150444464666,-9.925498404662108,-13.12667073712339,-17.519018719207992,-17.519014814416835,0.5657413709927264,0.6165289070401785,0.6318415456520797,0.6165289477714858,0.5657414580716418,0.33031276818115923,0.27050470525396286,0.25027992242793323,0.270504647404151,0.33031266343697907,0.0,0.0,0.0,0.0,0.0,off,off,off,off,off
151.74999999999733,0.3,36.5249999999949,-13.097944042254426,-9.89619216017968,-8.848694721514676,-9.896190816499654,-13.09794131943977,-17.491514225866467,-17.491510330255863,0.5654441835135307,0.6164120750193521,0.6317725368092733,0.6164121158263648,0.5654442708068511,0.33081969621379015,0.27083343054582104,0.2505506284755956,0.27083337262050355,0.33081959132240546,0.0,0.0,0.0,0.0,0.0,off,off,off,off,off
151.99999999999733,0.3,36.599999999994886,-13.069215820387171,-9.866887978830107,-8.819243061097495,-9.866886638988547,-13.069213104871324,-17.46400815521463,-17.46400426876923,0.5651476810295984,0.6162960324060326,0.6317043275332352,0.6162960732885325,0.5651477685369429,0.3313250058636452,0.27116055685897367,0.25081972800543206,0.2711604988584267,0.33132490082553173,0.0,0.0,0.0,0.0,0.0,off,off,off,off,off
152.24999999999733,0.3,36.674999999994874,-13.040488839009754,-9.837587245883299,-8.78979550005181,-9.837585909893505,-13.04048613074599,-17.436500527126668,-17.43649664983093,0.5648518700834794,0.6161807816239012,0.6316369148444548,0.6161808225815988,0.5648519578045786,0.3318286968571254,0.27148608580206324,0.251087229354117,0.27148602772656133,0.3318285916727553,0.0,0.0,0.0,0.0,0.0,off,off,off,off,off
152.49999999999733,0.3,36.74999999999486,-13.011763135519004,-9.808289999389444,-8.760352076244885,-9.808288667240674,-13.011760434516532,-17.408991361593507,-17.40898749343205,0.5645567571969047,0.616066325082836,0.631570296225093,0.6160663661154985,0.5645568451313632,0.3323307689129716,0.271810018969411,0.25135314020371985,0.27180996081922687,0.332330663582814,0.0,0.0,0.0,0.0,0.0,off,off,off,off,off
152.74999999999733,0.3,36.82499999999485,-12.983038747426576,-9.778996277697956,-8.73091282846201,-9.778994949385549,-12.983036053665785,-17.38148067872254,-17.381476819680074,0.5642623488678045,0.6159526651760433,0.6315044695825159,0.6159527062834226,0.5642624370152911,0.3328312217447427,0.27213235794498214,0.2516174675908841,0.2721322997203872,0.3328311162692659,0.0,0.0,0.0,0.0,0.0,off,off,off,off,off
152.99999999999733,0.3,36.89999999999484,-12.954315712071548,-9.749706101416791,-8.701477795743756,-9.749704776922101,-12.954313025534645,-17.353968498736805,-17.353964648797927,0.563968651568371,0.6158398130195506,0.6314394332002307,0.615839854202576,0.5639687399285496,0.3333300550630492,0.27245310126842764,0.2518802179671764,0.27245304296916617,0.3333299494427194,0.0,0.0,0.0,0.0,0.0,off,off,off,off,off
153.24999999999733,0.3,36.97499999999483,-12.925594065857638,-9.720419479344002,-8.672047015700855,-9.720418158665552,-12.925591386538201,-17.32645484196999,-17.326451001119125,0.5636756717443328,0.6157277987183107,0.6313751856915811,0.6157278399778178,0.5636757603168415,0.33382726857753925,0.2727722258160265,0.25214139726889284,0.2727721674407281,0.33382716281282104,0.0,0.0,0.0,0.0,0.0,off,off,off,off,off
153.49999999999733,0.3,37.04999999999482,-12.896873844733364,-9.69113643905041,-8.64262052537697,-9.691135122189564,-12.896871172621502,-17.298939728860006,-17.298935897081805,0.5633834158117341,0.6156166337586785,0.6313117259518891,0.6156166750945211,0.5633835045962191,0.33432286199867434,0.27308971061697934,0.2524010109835298,0.27308965216524006,0.3343227560900321,0.0,0.0,0.0,0.0,0.0,off,off,off,off,off
153.74999999999733,0.3,37.124999999994806,-12.868155084564023,-9.661857013309827,-8.613198361924617,-9.66185570025965,-12.868152419643422,-17.27142317994705,-17.271419357226307,0.5630918901540859,0.6155063198631439,0.6312490531162367,0.6155063612749392,0.5630919791502056,0.33481683503934834,0.2734055520890503,0.2526590642095797,0.27340549356111543,0.33481672898724485,0.0,0.0,0.0,0.0,0.0,off,off,off,off,off
153.99999999999733,0.3,37.199999999994795,-12.839437821255615,-9.632581237577483,-8.583780562736194,-9.632579928328482,-12.839435163514906,-17.24390521587307,-17.243901402194325,0.562801101120184,0.6153968560313061,0.6311871665235143,0.6153968975186068,0.5628011903275868,0.3353091874163516,0.2737197540590024,0.2529155617092337,0.2737196954553337,0.33530908122124803,0.0,0.0,0.0,0.0,0.0,off,off,off,off,off
154.24999999999733,0.3,37.27499999999478,-12.810722090817933,-9.603309149002655,-8.554367165539645,-9.603307843546759,-12.810719440254672,-17.21638585738097,-17.216382052729102,0.5625110550221772,0.6152882406141457,0.6311260656850421,0.6152882821764922,0.5625111444404899,0.33579991885169347,0.2740323226068892,0.25317050795449064,0.2740322639280029,0.3357998125140518,0.0,0.0,0.0,0.0,0.0,off,off,off,off,off
154.49999999999733,0.3,37.34999999999477,-12.78200792938452,-9.574040785993077,-8.524958208438989,-9.57403948431562,-12.782005285991715,-17.188865125315345,-17.188861329675035,0.5622217581338443,0.6151804720164056,0.6310657502572941,0.6151805136533668,0.5622218477627046,0.3362890290737944,0.2743432642121505,0.2534239071673857,0.2743432054585605,0.3362889225940762,0.0,0.0,0.0,0.0,0.0,off,off,off,off,off
154.74999999999733,0.3,37.42499999999476,-12.753295373281617,-9.544776187917137,-8.495553729923188,-9.544774890012775,-12.753292737053187,-17.161343040622313,-17.16133925397847,0.5619332166888584,0.6150735489152241,0.6310062200181648,0.6150735906263655,0.5619333065279006,0.33677651781856455,0.27465258512977175,0.25367576335505365,0.2746525263019714,0.3367764111972306,0.0,0.0,0.0,0.0,0.0,off,off,off,off,off
154.99999999999733,0.3,37.49999999999475,-12.724584459013442,-9.515515394950796,-8.46615376882869,-9.51551410083681,-12.724581829921647,-17.13381962435045,-17.13381584668815,0.5616454368793279,0.6149674703069464,0.6309474748463907,0.614967512091798,0.5616455269282336,0.33726238483037463,0.2749602912087151,0.2539260803402784,0.2749602323071745,0.3372622780678858,0.0,0.0,0.0,0.0,0.0,off,off,off,off,off
155.24999999999733,0.3,37.57499999999474,-12.695875223234623,-9.486258447971863,-8.436758364378932,-9.486257157622333,-12.695872601285771,-17.106294897651082,-17.106291128955206,0.5613584248544472,0.6148622354952603,0.6308895147034275,0.6148622773534719,0.561358515112823,0.337746629862933,0.2752663878659405,0.25417486178810594,0.2752663288911061,0.33774652295974966,0.0,0.0,0.0,0.0,0.0,off,off,off,off,off
155.49999999999733,0.3,37.649999999994726,-12.667167702833922,-9.45700538839128,-8.407367556126644,-9.457004101802,-12.667165088000218,-17.07876888177907,-17.07876512203444,0.5610721867189779,0.6147578440615765,0.6308323396178759,0.6147578859927612,0.5610722771865059,0.33822925268007625,0.2755708801122823,0.25442211122902963,0.27557082106457725,0.3382291456366584,0.0,0.0,0.0,0.0,0.0,off,off,off,off,off
155.74999999999733,0.3,37.724999999994715,-12.638461934870008,-9.427756258089346,-8.377981383972326,-9.427754975255311,-12.638459327129738,-17.051241598092872,-17.05123784728454,0.5607867285321219,0.6146542958316583,0.6307759496717301,0.6146543378354444,0.5607868192084706,0.3387102530564858,0.27587377259299056,0.25466783207918875,0.27587371347281947,0.3387101458732929,0.0,0.0,0.0,0.0,0.0,off,off,off,off,off
155.99999999999733,0.3,37.799999999994704,-12.609757956468854,-9.39851109933727,-8.348599888145941,-9.398509820241316,-12.60975535582969,-17.023713068055656,-17.023709326168444,0.5605020563064312,0.6145515908436667,0.6307203449884814,0.614551632919723,0.5605021471912036,0.33918963077829367,0.2761750696299129,0.2549120276579658,0.2761750104376616,0.33918952345578574,0.0,0.0,0.0,0.0,0.0,off,off,off,off,off
156.24999999999733,0.3,37.87499999999469,-12.581055784802174,-9.369269954455717,-8.319223109149107,-9.369268679100628,-12.581053191248884,-16.996183313180097,-16.99617958019911,0.5602181800467299,0.6144497293196592,0.6306655257228365,0.6144497714676188,0.5602182711408279,0.3396673849768563,0.2764747752610018,0.25515470120331607,0.2764747159970419,0.33966727751521264,0.0,0.0,0.0,0.0,0.0,off,off,off,off,off
156.49999999999733,0.3,37.94999999999468,-12.552355429337695,-9.340032865018088,-8.289851087734917,-9.340031593392155,-12.552352842846574,-16.968652354875076,-16.96864863078514,0.559935124180898,0.614348711641245,0.6306114920516869,0.6143487538607824,0.5599352154857402,0.3401435072358582,0.2767728932759674,0.2553958558851251,0.2767728339406566,0.3401433996341864,0.0,0.0,0.0,0.0,0.0,off,off,off,off,off
156.74999999999733,0.3,38.02499999999467,-12.52365691942839,-9.310799872386553,-8.260483864813693,-9.310798604490515,-12.523654339971529,-16.94112021454856,-16.941116499334782,0.5596529044691748,0.6142485383251375,0.6305582441664163,0.6142485806159067,0.5596529959847987,0.34061798438151575,0.27706942724799033,0.2556354948168434,0.27706936784167446,0.34061787663921306,0.0,0.0,0.0,0.0,0.0,off,off,off,off,off
156.99999999999733,0.3,38.09999999999466,-12.49496028936727,-9.281571017821307,-8.231121465411888,-9.28156975366187,-12.494957716942565,-16.913586913680263,-16.913583207327633,0.5593715279413926,0.6141492100023717,0.630505800924531,0.6141492523640183,0.5593716196673402,0.3410908093863869,0.2773643805617972,0.25587361342732845,0.27736432108481157,0.34109070150354087,0.0,0.0,0.0,0.0,0.0,off,off,off,off,off
157.24999999999733,0.3,38.17499999999465,-12.46626557557073,-9.252346341781504,-8.201763898163676,-9.252345081352303,-12.466263010175851,-16.88605247384237,-16.88604877633577,0.5590909990499484,0.6140507274017607,0.6304542040804126,0.6140507698339688,0.5590910909856381,0.3415619804711917,0.2776577564384289,0.2561101680652573,0.27765769689110015,0.3415618724482622,0.0,0.0,0.0,0.0,0.0,off,off,off,off,off
157.49999999999733,0.3,38.249999999994635,-12.43757281564416,-9.223125884256035,-8.172411189803313,-9.223124627527056,-12.437570257258528,-16.85851691670979,-16.858513228034383,0.5588113214405658,0.6139530913331385,0.6304034581839375,0.6139531338356494,0.5588114135854242,0.34203149834847835,0.2779495579570717,0.2563451347797822,0.27794949833971705,0.34203139018608114,0.0,0.0,0.0,0.0,0.0,off,off,off,off,off
157.74999999999733,0.3,38.324999999994624,-12.408882047918155,-9.193909685141648,-8.143063373508312,-9.193908432128353,-12.408879496531426,-16.8309802640656,-16.830976584206496,0.5585324985405977,0.613856302672357,0.6303535576926432,0.6138563452448111,0.5585325908940314,0.34249936471534365,0.27823978807431277,0.25657851753663774,0.2782397283872424,0.3424992564141485,0.0,0.0,0.0,0.0,0.0,off,off,off,off,off
157.99999999999733,0.3,38.39999999999461,-12.38019331127856,-9.16469778450272,-8.113720485627653,-9.16469653517845,-12.380190766877377,-16.80344253780487,-16.803438866747,0.5582545337820942,0.6137603623482066,0.630304495448962,0.6137604049903476,0.5582546263435334,0.34296558157181284,0.27852844964112283,0.25681032780762836,0.2785283898846399,0.3429654731324998,0.0,0.0,0.0,0.0,0.0,off,off,off,off,off
158.24999999999733,0.3,38.4749999999946,-12.351506644992412,-9.135490222513226,-8.084382564581176,-9.135488976863826,-12.351504107577057,-16.77590375993657,-16.775900097665215,0.5579774306838783,0.6136652713315378,0.6302562646317031,0.6136653140430812,0.5579775234527413,0.343430150931635,0.2788155454178263,0.2570405780319693,0.2788154855922284,0.3434300423548756,0.0,0.0,0.0,0.0,0.0,off,off,off,off,off
158.49999999999733,0.3,38.54999999999459,-12.322822088642454,-9.10628703959594,-8.05504965022368,-9.106285797618455,-12.322819558195988,-16.748363952585407,-16.748360299085732,0.5577011928749093,0.6135710306252057,0.6302088591962671,0.6135710734058442,0.5577012858506746,0.34389307470777275,0.2791010780872999,0.2572692799096589,0.27910101819287897,0.3438929659942246,0.0,0.0,0.0,0.0,0.0,off,off,off,off,off
158.74999999999733,0.3,38.62499999999458,-12.29413968206444,-9.077088276365771,-8.02572178356911,-9.077087038062473,-12.294137158562307,-16.72082313799308,-16.720819493250417,0.5574258240934984,0.6134776412556168,0.6301622738985786,0.6134776841050331,0.5574259172756814,0.34435435467387354,0.2793850502666069,0.2574964440615143,0.2793849903036508,0.34435424582417645,0.0,0.0,0.0,0.0,0.0,off,off,off,off,off
158.99999999999733,0.3,38.69999999999457,-12.265459465252832,-9.047893973702344,-7.996399006526076,-9.04789273906988,-12.265456948699295,-16.69328133851866,-16.69327770251789,0.5571513281771495,0.6133851042649731,0.6301165042145355,0.613385147182865,0.5571514215652215,0.34481399245803346,0.27966746451725516,0.2577220800599902,0.27966740448604843,0.3448138834728114,0.0,0.0,0.0,0.0,0.0,off,off,off,off,off
159.24999999999733,0.3,38.774999999994556,-12.236781478365401,-9.018704172713058,-7.967081361715373,-9.018702941737445,-12.236778968748354,-16.665738576638375,-16.665734949365287,0.5568777090490412,0.6132934207046647,0.6300715462419992,0.6132934636907553,0.5568778026425268,0.3452719895496912,0.2799483233542421,0.2579461965477852,0.27994826325506494,0.3452718804295537,0.0,0.0,0.0,0.0,0.0,off,off,off,off,off
159.49999999999733,0.3,38.849999999994544,-12.20810576166457,-8.989518914744224,-7.937768892333736,-8.989517687418243,-12.208103258969231,-16.638194874946862,-16.638191256386676,0.5566049707041499,0.6132025916293272,0.6300273966086186,0.613202634683326,0.5566050645025972,0.34572834731131885,0.2802276292540266,0.2581688013656579,0.2802275690871561,0.3457282380568608,0.0,0.0,0.0,0.0,0.0,off,off,off,off,off
159.74999999999733,0.3,38.92499999999453,-12.179432355494782,-8.96033824134446,-7.908461641968643,-8.960337017680274,-12.179429859693187,-16.610650256156248,-16.61064664629356,0.5563331171958763,0.6131126180917081,0.6299840523907876,0.6131126612132789,0.5563332111988767,0.3461830669913303,0.28050538466156,0.2583899016692196,0.2805053244272713,0.346182957603134,0.0,0.0,0.0,0.0,0.0,off,off,off,off,off
159.99999999999733,0.3,38.99999999999452,-12.150761300201737,-8.931162189276279,-7.879159654482123,-8.931160969246719,-12.150758811297237,-16.583104743094793,-16.58310114191505,0.5560621526237469,0.6130235043876645,0.6299415110435687,0.613023547577301,0.5560622468308393,0.3466361497367331,0.28078159136749203,0.25860950403088917,0.2807815310658571,0.34663604021536937,0.0,0.0,0.0,0.0,0.0,off,off,off,off,off
160.24999999999733,0.3,39.07499999999451,-12.122092635480612,-8.901990768172539,-7.849862972529081,-8.901989551784311,-12.122090153460078,-16.555558358705525,-16.555554766194177,0.5557920811233854,0.6129352852586243,0.6298997703438157,0.6129353285178202,0.5557921755341574,0.34708759660493854,0.2810562310933465,0.2588276145276023,0.2810561707227583,0.3470874869509697,0.0,0.0,0.0,0.0,0.0,off,off,off,off,off
160.49999999999733,0.3,39.1499999999945,-12.093426400146257,-8.872824001553113,-7.820571637212424,-8.872822788789563,-12.09342392500156,-16.52801112603828,-16.52800754218083,0.5555229068566488,0.6128479806580611,0.6298588283393523,0.6128480239867378,0.5555230014706903,0.347537408574539,0.28132927161523846,0.2590442388158806,0.28132921117489834,0.34753729878851786,0.0,0.0,0.0,0.0,0.0,off,off,off,off,off
160.74999999999733,0.3,39.22499999999449,-12.064762632749648,-8.84366192255203,-7.7912856890868625,-8.843660713425948,-12.06476016447283,-16.500463068245608,-16.500459493027392,0.5552546340009268,0.6127615909804516,0.6298186833024901,0.6127616343780751,0.5552547288178405,0.3479855865550781,0.2816007055024492,0.2592593821960238,0.28160064499257126,0.34798547663754964,0.0,0.0,0.0,0.0,0.0,off,off,off,off,off
160.99999999999733,0.3,39.299999999994476,-12.03610137171728,-8.814504567944141,-7.762005168614735,-8.814503362439382,-12.03609891030402,-16.472914208580676,-16.47291064198714,0.5549872667403423,0.6126761123797012,0.6297793336912049,0.6126761558457192,0.5549873617597343,0.34843213139586954,0.28187053788193756,0.2594730496669823,0.2818704773030474,0.34843202134737133,0.0,0.0,0.0,0.0,0.0,off,off,off,off,off
161.24999999999733,0.3,39.374999999994465,-12.007442655486273,-8.785351976522065,-7.732730116214327,-8.785350774623453,-12.007440200912754,-16.44536457039618,-16.44536101241289,0.5547208092577397,0.6125915402134403,0.6297407781167484,0.612591583747298,0.5547209044792699,0.3488770438939328,0.28213877733196674,0.25968524597324716,0.28213871668465557,0.3488769337149968,0.0,0.0,0.0,0.0,0.0,off,off,off,off,off
161.49999999999733,0.3,39.44999999999445,-11.978786522464134,-8.756204188513777,-7.703460572387996,-8.756202990214376,-11.978784074722853,-16.41781417714401,-16.41781062775641,0.5544552657277874,0.6125078700680513,0.6297030153157473,0.6125079136691994,0.554455361151091,0.34932032480112485,0.28240543289041453,0.2598959756449163,0.28240537217526246,0.3493202144922771,0.0,0.0,0.0,0.0,0.0,off,off,off,off,off
161.74999999999733,0.3,39.52499999999444,-11.950133011142896,-8.727061245166624,-7.674196577768157,-8.72706005047894,-11.950130570212309,-16.39026305237411,-16.390259511567706,0.5541906403103842,0.6124250980301118,0.6296660441265017,0.6124251416979849,0.5541907359351383,0.34976197483054644,0.28267051315650493,0.2601052430319325,0.28267045237406135,0.3497618643923079,0.0,0.0,0.0,0.0,0.0,off,off,off,off,off
161.99999999999733,0.3,39.59999999999443,-11.921482160046082,-8.697923188590494,-7.644938173120181,-8.697921997487924,-11.921479725928066,-16.362711219734592,-16.362707687495003,0.5539269371450242,0.6123432207173671,0.6296298634688087,0.6123432644515189,0.5539270329708651,0.35020199466229385,0.28293402607296153,0.2603130523333394,0.2829339652237408,0.3502018840951805,0.0,0.0,0.0,0.0,0.0,off,off,off,off,off
162.24999999999733,0.3,39.67499999999442,-11.892834007786234,-8.66879006148389,-7.615685399361325,-8.668788873978201,-11.892831580468624,-16.3351587029714,-16.33515517928447,0.5536641603454386,0.6122622352383706,0.6295944723266778,0.612262279038289,0.553664256372044,0.3506403849486242,0.2831959789226189,0.260519407622281,0.2831959180071021,0.35064027425314964,0.0,0.0,0.0,0.0,0.0,off,off,off,off,off
162.49999999999733,0.3,39.74999999999441,-11.864188593018582,-8.639661907059747,-7.586438297604104,-8.639660723144232,-11.864186172498421,-16.307605525928466,-16.30760201077959,0.5534023139949451,0.6121821391346394,0.6295598697334885,0.6121821829998793,0.5534024102219822,0.351077146318595,0.28345637838689985,0.26072431286736836,0.28345631740553956,0.3510770354952692,0.0,0.0,0.0,0.0,0.0,off,off,off,off,off
162.74999999999733,0.3,39.8249999999944,-11.835545954501924,-8.610538768936067,-7.55719690876424,-8.610537588580144,-11.83554354075551,-16.280051712546367,-16.28004820592099,0.5531414021419861,0.6121029303230521,0.6295260552590877,0.6121029742532417,0.5531414985691778,0.3515122793822287,0.2837152306169319,0.26092777191419514,0.2837151695701531,0.35151216843155836,0.0,0.0,0.0,0.0,0.0,off,off,off,off,off
162.99999999999733,0.3,39.899999999994385,-11.806906131013761,-8.581420690645984,-7.527961251221882,-8.58141951386142,-11.806903724023016,-16.25249728686299,-16.25249378874696,0.5528814287963686,0.6120246070441838,0.6294930711512314,0.6120246510388698,0.5528815254234354,0.3519457847342547,0.28397254130205446,0.26112976690402573,0.2839724801902604,0.3519456736567431,0.0,0.0,0.0,0.0,0.0,off,off,off,off,off
163.24999999999733,0.3,39.974999999994374,-11.778269161357855,-8.552307714840651,-7.4987313348621,-8.552306541621931,-11.778266761124314,-16.224942273013028,-16.224938783392076,0.552622397925645,0.611947167817393,0.6294609559808632,0.6119472118761761,0.5526224947522754,0.3523776629574657,0.28422831573156554,0.26133023696227176,0.28422825455513995,0.35237755175361457,0.0,0.0,0.0,0.0,0.0,off,off,off,off,off
163.49999999999733,0.3,40.04999999999436,-11.749635084366275,-8.523199883693735,-7.469507187592683,-8.523198714028183,-11.749632690876524,-16.197386695227124,-16.197383214086926,0.5523643134518207,0.6118706113989829,0.6294297025033098,0.6118706555214942,0.5523644104777461,0.3528079146257374,0.2844825588491151,0.2615291705907047,0.2844824976084244,0.3528078032960464,0.0,0.0,0.0,0.0,0.0,off,off,off,off,off
163.74999999999733,0.3,40.12499999999435,-11.721003938810782,-8.494097239277778,-7.44028884368106,-8.494096073158005,-11.721001552049984,-16.169830577830908,-16.169827105157196,0.5521071792485335,0.6117949367456448,0.6293992984218242,0.611794980931513,0.5521072764734989,0.3532365403067356,0.28473527530024567,0.2617265820683425,0.28473521399564145,0.35323642885170303,0.0,0.0,0.0,0.0,0.0,off,off,off,off,off
163.99999999999733,0.3,40.19999999999434,-11.692375763417942,-8.464999823630365,-7.411076340536738,-8.464998661060235,-11.6923733833803,-16.14227394524437,-16.14227048102282,0.5518509991382675,0.6117201429832105,0.629369732038897,0.6117201872320467,0.5518510965620079,0.3536635405643493,0.2849864694738056,0.2619224892911683,0.2849864081056263,0.3536634289844717,0.0,0.0,0.0,0.0,0.0,off,off,off,off,off
164.24999999999733,0.3,40.27499999999433,-11.66375059692507,-8.435907678848764,-7.381869717669247,-8.435906519805599,-11.663748223583468,-16.11471682198072,-16.114713366196952,0.5515957768896964,0.6116462293793541,0.62934099316866,0.6116462736908392,0.5515958745120045,0.3540889159608782,0.2852361455379844,0.2621169089544427,0.28523608410655676,0.3540888042566499,0.0,0.0,0.0,0.0,0.0,off,off,off,off,off
164.49999999999733,0.3,40.34999999999432,-11.635128477970397,-8.406820847071913,-7.35266901605155,-8.406819691564806,-11.635126111324382,-16.087159232645433,-16.087155785285574,0.5513415162155976,0.61157319532007,0.6293130731052708,0.611573239693819,0.5513416140362185,0.35451266705899454,0.28548430747165215,0.26230985580850086,0.2854842459772936,0.35451255523090947,0.0,0.0,0.0,0.0,0.0,off,off,off,off,off
164.74999999999733,0.3,40.424999999994306,-11.606509445171014,-8.377739370496158,-7.323474277836453,-8.377738218526588,-11.606507085205749,-16.059601201935834,-16.059597762985334,0.5510882207705357,0.6115010402891247,0.6292859644177674,0.611501084724775,0.5510883187892573,0.3549347944235103,0.2857309590916136,0.2625013427780664,0.2857308975346331,0.35493468247206184,0.0,0.0,0.0,0.0,0.0,off,off,off,off,off
164.99999999999733,0.3,40.499999999994294,-11.577893537085629,-8.348663291381513,-7.294285546004005,-8.348662142941123,-11.577891183791621,-16.032042754638837,-16.032039324083712,0.5508358941489626,0.6114297638501901,0.6292596607397224,0.6114298083474072,0.5508359923655731,0.3553552986229635,0.28597610407630525,0.26269138122794855,0.2859760424570042,0.35535518654864395,0.0,0.0,0.0,0.0,0.0,off,off,off,off,off
165.24999999999733,0.3,40.57499999999428,-11.549280792249135,-8.319592652044435,-7.265102864162145,-8.319591507120265,-11.549278445603477,-16.004483915631226,-16.00448049345715,0.5505845398833111,0.6113593656313236,0.6292341565852834,0.6113594101897883,0.5505846382976386,0.3557741802310462,0.28621974598640415,0.26287998122116796,0.2862196843050769,0.35577406803434664,0.0,0.0,0.0,0.0,0.0,off,off,off,off,off
165.49999999999733,0.3,40.64999999999427,-11.52067124911565,-8.290527494854018,-7.235926276376688,-8.290526353441408,-11.520668909122037,-15.976924709878062,-15.976921296071112,0.550334161442417,0.6112898453114604,0.6292094471944152,0.6112898899308362,0.5503342600542437,0.356191439827886,0.2864618882827477,0.2630671517416118,0.28646182653968283,0.3561913275092974,0.0,0.0,0.0,0.0,0.0,off,off,off,off,off
165.74999999999733,0.3,40.72499999999426,-11.492064944143237,-8.261467862167365,-7.206755827001302,-8.261466724267507,-11.492062610780295,-15.949365162429501,-15.94936175697535,0.5500847624983093,0.6112212026087938,0.6291855284040372,0.6112212472887358,0.5500848613077172,0.35660707798960767,0.2867025343419168,0.2632529008806652,0.28670247253739817,0.3566069655496086,0.0,0.0,0.0,0.0,0.0,off,off,off,off,off
165.99999999999733,0.3,40.79999999999425,-11.463461886763241,-8.232413795866591,-7.1775915605495015,-8.23241266147113,-11.463459560023296,-15.921805298315746,-15.921801901200297,0.5498363628052854,0.6111534372715883,0.6291623965409215,0.6111534820117754,0.5498364618150606,0.35702109224419165,0.2869416874697817,0.26343723599246893,0.2869416256040893,0.35702097968241775,0.0,0.0,0.0,0.0,0.0,off,off,off,off,off
166.24999999999733,0.3,40.87499999999424,-11.434862095178005,-8.20336533688237,-7.148433521539971,-8.203364205984485,-11.434859775059238,-15.894245142454338,-15.89424175366355,0.5495889911670274,0.611086549070366,0.6291400483328693,0.6110865938704749,0.5495890903779534,0.3574334681638766,0.2871793509132645,0.26362016382281556,0.2871792889866737,0.35743335547920013,0.0,0.0,0.0,0.0,0.0,off,off,off,off,off
166.49999999999733,0.3,40.949999999994226,-11.406265601438974,-8.174322524284264,-7.119281754393455,-8.174321396879805,-11.406263287913646,-15.866684719775776,-15.866681339295553,0.5493426533283596,0.6110205393978537,0.6291184808349269,0.6110205842581927,0.5493427527400755,0.35784419338018675,0.287415527691522,0.26380169061610126,0.2874154657041929,0.3578440805723612,0.0,0.0,0.0,0.0,0.0,off,off,off,off,off
166.74999999999733,0.3,41.024999999994215,-11.377672440100696,-8.145285370949807,-7.0901363023708655,-8.145284247026495,-11.3776701331754,-15.839124055265529,-15.839120683081887,0.5490973493039754,0.6109554481701316,0.6290976913704052,0.6109554930928561,0.5490974489159477,0.3582532643537024,0.28765020088532517,0.26398182220405003,0.2876501388353561,0.3582531514231124,0.0,0.0,0.0,0.0,0.0,off,off,off,off,off
166.99999999999733,0.3,41.0999999999942,-11.349082646155807,-8.1162538928196,-7.060997206545835,-8.11625277236027,-11.34908034580991,-15.811563173971479,-15.811559810070378,0.5488530785172115,0.6108913033524368,0.6290776774822733,0.6108913483373624,0.5488531783289903,0.35866068216859115,0.2878833275560917,0.26416056407928445,0.28788326544239956,0.3586605691158843,0.0,0.0,0.0,0.0,0.0,off,off,off,off,off
167.24999999999733,0.3,41.17499999999419,-11.320496255046237,-8.087228119302154,-7.031864506874854,-8.087227002305553,-11.320493961273314,-15.784002101005683,-15.783998745373367,0.5486098404678239,0.6108281017542809,0.6290584368883831,0.6108281468007393,0.5486099404789734,0.35906644969444,0.28811489833348103,0.2643379214563524,0.28811483615636563,0.3590663365203513,0.0,0.0,0.0,0.0,0.0,off,off,off,off,off
167.49999999999733,0.3,41.24999999999418,-11.291913302641149,-8.058208084317585,-7.002738242761268,-8.058206970781157,-11.29191101542989,-15.756440861547787,-15.756437514170443,0.5483676348599481,0.6107658353352233,0.629039967445052,0.6107658804424869,0.5483677350700885,0.35947057034580576,0.28834492158415426,0.2645138993223719,0.2883448593442717,0.35947045705108976,0.0,0.0,0.0,0.0,0.0,off,off,off,off,off
167.74999999999733,0.3,41.32499999999417,-11.26333382521392,-8.02919382418196,-6.973618453273218,-8.029192714088765,-11.263331544541586,-15.728879480846842,-15.728876141710487,0.5481264616213672,0.6107044957098241,0.6290222671174185,0.6107045408772253,0.5481265620301894,0.35987304758294064,0.28857340957533406,0.26468850247905207,0.288573347273385,0.3598729341683416,0.0,0.0,0.0,0.0,0.0,off,off,off,off,off
167.99999999999733,0.3,41.39999999999416,-11.234757859360172,-8.000185376776244,-6.944505177289386,-8.000184270121338,-11.234755585222615,-15.701317984223351,-15.701314653313887,0.5478863208898442,0.6106440752352411,0.6290053339549307,0.610644120462132,0.5478864214970421,0.3602738847241145,0.28880037456690555,0.26486173557755943,0.28880031220355235,0.3602737711903573,0.0,0.0,0.0,0.0,0.0,off,off,off,off,off
168.24999999999733,0.3,41.47499999999415,-11.20618544196816,-7.9711827811267995,-6.915398453545436,-7.971181677902223,-11.206183174355715,-15.673756397071088,-15.673753074374531,0.5476472129891188,0.6105845671959617,0.6289891660711843,0.6105846124817462,0.5476473137944401,0.36067308488583655,0.2890258278562637,0.2650336031474465,0.28902576543211683,0.3606729712336259,0.0,0.0,0.0,0.0,0.0,off,off,off,off,off
168.49999999999733,0.3,41.549999999994135,-11.177616610157997,-7.942186076864232,-6.88629830292092,-7.942184977075669,-11.177614349068676,-15.646194744858121,-15.646191430360943,0.5474091384029923,0.6105259657485902,0.6289738134046837,0.6105260110926842,0.5474092394062073,0.3610706509743736,0.28924977964765686,0.2652040873866181,0.2892497171632757,0.36107053720439264,0.0,0.0,0.0,0.0,0.0,off,off,off,off,off
168.74999999999733,0.3,41.624999999994124,-11.149051401261318,-7.913195303088969,-6.8572047237913125,-7.913194206729031,-11.149049146672837,-15.618633053128292,-15.618629746816396,0.5471720977503106,0.6104682658150348,0.6289593347509169,0.610468311216918,0.5471721989512701,0.36146658569685847,0.28947223913724307,0.2653731018659725,0.289472176593141,0.36146647180977126,0.0,0.0,0.0,0.0,0.0,off,off,off,off,off
168.99999999999733,0.3,41.69999999999411,-11.12048985265983,-7.884210498542188,-6.828117739222705,-7.884209405587455,-11.120487604555649,-15.591071347500531,-15.591068049360388,0.546936091762199,0.6104114629712619,0.6289457089519448,0.6104115084304823,0.5469361931607774,0.3618608915789782,0.289693214641997,0.26554063647252674,0.2896931520386482,0.36186077757542995,0.0,0.0,0.0,0.0,0.0,off,off,off,off,off
169.24999999999733,0.3,41.7749999999941,-11.091932001799023,-7.855231702096887,-6.799037380525419,-7.855230612560604,-11.091929760172093,-15.56350965367011,-15.563506363687566,0.5467011212610701,0.6103555533465809,0.6289329147592205,0.6103555988626285,0.5467012228571552,0.36225357098399286,0.28991271372578103,0.26570671757246195,0.289912651063626,0.36225345686461446,0.0,0.0,0.0,0.0,0.0,off,off,off,off,off
169.49999999999733,0.3,41.84999999999409,-11.063377886145702,-7.826258952855767,-6.769963682431126,-7.826257866718549,-11.06337565100398,-15.53594799740722,-15.535944715568803,0.5464671871418284,0.6103005335370238,0.6289209345704371,0.6103005791094844,0.5464672889353099,0.36264462613106574,0.29013074331144,0.2658713716039956,0.2901306805908902,0.36264451189647345,0.0,0.0,0.0,0.0,0.0,off,off,off,off,off
169.74999999999733,0.3,41.92499999999408,-11.034827543164738,-7.797292290086546,-6.740896681886625,-7.797291207345154,-11.03482531449771,-15.508386404556916,-15.508383130848927,0.5462342903549451,0.6102464005313915,0.6289097540038514,0.6102464461598349,0.5462343923457847,0.36303405911218034,0.29034730977765816,0.2660346209714529,0.2903472469991009,0.3630339447629792,0.0,0.0,0.0,0.0,0.0,off,off,off,off,off
169.99999999999733,0.3,41.99999999999407,-11.006281010281725,-7.768331753231223,-6.711836417401003,-7.7683306738797455,-11.006278788063469,-15.480824901038602,-15.480821635447398,0.5460024318912879,0.6101931516479167,0.6288993612658567,0.6101931973319326,0.5460025340795098,0.3634218719074808,0.29056241904188346,0.26619648435963833,0.2905623562056845,0.36342175744426375,0.0,0.0,0.0,0.0,0.0,off,off,off,off,off
170.24999999999733,0.3,42.074999999994056,-10.977738324876327,-7.739377381887778,-6.682782928608219,-7.739376305922633,-10.977736109091268,-15.453263512844558,-15.45326025535661,0.5457716127684381,0.6101407844802736,0.6288897466120219,0.6101408302194616,0.5457717151540757,0.3638080663990604,0.29077607663110466,0.26635697744417614,0.2907760137376126,0.36380795182241044,0.0,0.0,0.0,0.0,0.0,off,off,off,off,off
170.49999999999733,0.3,42.149999999994044,-10.949199524247831,-7.7104292157536065,-6.653736255923661,-7.710428143164222,-10.949197314887272,-15.425702266040162,-15.425699016641602,0.5455418340184524,0.610089296851618,0.6288809019153213,0.6100893426456042,0.5455419366015558,0.3641926443833164,0.29098828774220176,0.26651611351348203,0.2909882247917495,0.36419252969380717,0.0,0.0,0.0,0.0,0.0,off,off,off,off,off
170.74999999999733,0.3,42.22499999999403,-10.920664645611623,-7.6814872946120545,-6.624696440283628,-7.681486225403887,-10.920662442665844,-15.398141186761109,-15.398137945438407,0.5453130966767991,0.6100386867753097,0.6288728203234869,0.6100387326236946,0.5453131994574505,0.36457560758199636,0.29119905729338763,0.266673903968826,0.2911989942862948,0.36457549278019413,0.0,0.0,0.0,0.0,0.0,off,off,off,off,off
170.99999999999733,0.3,42.29999999999402,-10.89213372610476,-7.652551658297398,-6.595663522935695,-7.652550592473517,-10.89213152956188,-15.370580301214147,-15.370577067953548,0.545085401772383,0.6099889524214744,0.6288654959875509,0.6099889983238705,0.5450855047506981,0.36495695765206976,0.2914083899680518,0.2668303587211761,0.29140832690462776,0.36495684273853485,0.0,0.0,0.0,0.0,0.0,off,off,off,off,off
171.24999999999733,0.3,42.37499999999401,-10.863606802733045,-7.6236223466498245,-6.566637545322237,-7.623621284208241,-10.863604612591189,-15.343019635674068,-15.343016410461985,0.5448587503186761,0.6099400920885178,0.6288589238467129,0.609940138044558,0.5448588534947799,0.3653366961945495,0.2916162902521302,0.26698548650547055,0.2916162271326748,0.36533658116983514,0.0,0.0,0.0,0.0,0.0,off,off,off,off,off
171.49999999999733,0.3,42.449999999994,-10.835083912409686,-7.594699399513274,-6.537618548889554,-7.594698340437503,-10.835081728657428,-15.315459216483703,-15.315455999306721,0.5446331433055419,0.609892104178762,0.6288530994581945,0.609892150188118,0.544633246679609,0.36571482476236666,0.29182276246595473,0.26713929512940865,0.29182269929075927,0.3657147096270214,0.0,0.0,0.0,0.0,0.0,off,off,off,off,off
171.74999999999733,0.3,42.52499999999399,-10.806565091911182,-7.5657828566581315,-6.508606575057513,-7.565781800948628,-10.806562914533231,-15.287899070052333,-15.287895860896867,0.544408581692017,0.60984498717784,0.6288480188622023,0.6098450332401478,0.5444086852642598,0.3660913448674081,0.29202781079139933,0.2672917916703984,0.29202774756074806,0.3660912296219754,0.0,0.0,0.0,0.0,0.0,off,off,off,off,off
171.99999999999733,0.3,42.599999999993976,-10.778050377851457,-7.536872757800893,-6.479601665110181,-7.5368717054420244,-10.778048206840992,-15.260339222854157,-15.26033602170628,0.5441850663997542,0.6097987396369333,0.6288436784751964,0.6097987857518727,0.5441851701703977,0.3664662579868,0.292231439295016,0.26744298263145533,0.29223137600918714,0.3664661426318196,0.0,0.0,0.0,0.0,0.0,off,off,off,off,off
172.24999999999733,0.3,42.674999999993965,-10.749539806733594,-7.507969142540787,-6.450603860187243,-7.507968093530167,-10.749537642079986,-15.232779701426068,-15.232776508272707,0.543962598306927,0.6097533601578201,0.6288400750051879,0.6097534063250424,0.5439627022762337,0.3668395655685238,0.2924336519477559,0.26759287406461313,0.29243358860702245,0.3668394501045316,0.0,0.0,0.0,0.0,0.0,off,off,off,off,off
172.49999999999733,0.3,42.74999999999395,-10.721033414894464,-7.4790720503793295,-6.421613201200557,-7.479071004714513,-10.721031256595438,-15.205220532367719,-15.2052173471954,0.5437411782429169,0.6097088473799566,0.6288372053848598,0.6097088935991176,0.5437412824111627,0.367211269036431,0.292634452641778,0.2677414716686113,0.2926343892464088,0.36721115346396027,0.0,0.0,0.0,0.0,0.0,off,off,off,off,off
172.74999999999733,0.3,42.82499999999394,-10.692531238328513,-7.450181505403862,-6.392629728444831,-7.4501804630749575,-10.692529086376055,-15.177661742338444,-15.177658565133868,0.5435208069837372,0.6096652333904486,0.6288350667193575,0.6096652796647388,0.5435209113512414,0.36758136979472344,0.2928338336425512,0.2678887808662197,0.2928337701910212,0.3675812541143049,0.0,0.0,0.0,0.0,0.0,off,off,off,off,off
172.99999999999733,0.3,42.89999999999393,-10.664033311840342,-7.421297512617116,-6.363653479910852,-7.421296473614632,-10.664031166225811,-15.150103358051467,-15.150100188801389,0.5433014852492827,0.609622572139791,0.6288336562481576,0.6096226184692819,0.5433015898163965,0.3679498692319364,0.2930317380628449,0.2680348068654186,0.293031674552985,0.3679497534440977,0.0,0.0,0.0,0.0,0.0,off,off,off,off,off
173.24999999999733,0.3,42.97499999999392,-10.635539669385196,-7.392420095843988,-6.334684491881205,-7.392419060150132,-10.635537530099839,-15.12254540626617,-15.12254224495723,0.5430832136985514,0.609580856709325,0.6288329713104508,0.6095809030931555,0.5430833184656583,0.368316768724481,0.2932281455300643,0.2681795547077957,0.2932280819621469,0.36831665282974824,0.0,0.0,0.0,0.0,0.0,off,off,off,off,off
173.49999999999733,0.3,43.04999999999391,-10.607050344505751,-7.363549285837337,-6.305722799763942,-7.363548253450972,-10.607048211515519,-15.09498791378337,-15.094984760402212,0.5428659929250127,0.6095400729925672,0.6288330126364069,0.6095401194298082,0.5428660978925826,0.36868206963982386,0.2934230681468493,0.26832302913776623,0.2934230045217183,0.3686819536387205,0.0,0.0,0.0,0.0,0.0,off,off,off,off,off
173.74999999999733,0.3,43.124999999993896,-10.578565370492186,-7.334685116289677,-6.2767684383048845,-7.334684087210803,-10.57856324380623,-15.067430907442656,-15.067427761975921,0.542649823452839,0.6095002075230358,0.6288339733501912,0.6095002540128315,0.542649928621284,0.3690457733393366,0.2936165235134627,0.2684651301628483,0.2936164598319882,0.3690456572323847,0.0,0.0,0.0,0.0,0.0,off,off,off,off,off
173.99999999999733,0.3,43.199999999993885,-10.550084780521729,-7.305827623317043,-6.247821481682877,-7.305826597527812,-10.550082660123621,-15.039874414121414,-15.039871276556028,0.5424347057334472,0.6094612485563843,0.6288359414177224,0.609461295098004,0.5424348111032675,0.36940788118084605,0.29380852839245003,0.2686056516525413,0.29380846465542193,0.36940776496856725,0.0,0.0,0.0,0.0,0.0,off,off,off,off,off
174.24999999999733,0.3,43.274999999993874,-10.521608607700841,-7.276976845848367,-6.218882017489932,-7.2769758233590665,-10.521606493573756,-15.012318460733923,-15.012315331056527,0.5422206401424834,0.6094231860358598,0.6288389355305072,0.6094232326285823,0.5422207457142133,0.36976839452091986,0.29399909763469784,0.26874454422252075,0.293999033842817,0.3697682782038331,0.0,0.0,0.0,0.0,0.0,off,off,off,off,off
174.49999999999733,0.3,43.34999999999386,-10.493136885171737,-7.248132825197786,-6.1899501292504056,-7.2481318059887485,-10.493134777312548,-14.984763074230727,-14.984759952428135,0.5420076269768792,0.6093860113558114,0.6288429746378668,0.609386057999049,0.542007732751062,0.37012731471690785,0.294188244236849,0.26888178232774845,0.2941881803907379,0.37012719829553226,0.0,0.0,0.0,0.0,0.0,off,off,off,off,off
174.74999999999733,0.3,43.42499999999385,-10.464669632149253,-7.219295604346314,-6.1610258966617835,-7.219294588425726,-10.464667530544148,-14.957208281565727,-14.957205167624466,0.5417956779432932,0.6093497171194454,0.6288480736904131,0.6093497638125972,0.5417957839234373,0.37048464210294346,0.29437597960299544,0.269017346443309,0.29437591570321003,0.3704845255774442,0.0,0.0,0.0,0.0,0.0,off,off,off,off,off
174.99999999999733,0.3,43.49999999999384,-10.436206852466569,-7.190465226833055,-6.132109395984628,-7.190464214189092,-10.436204757097187,-14.929654109539797,-14.929651003446907,0.541584840771355,0.6093142969288687,0.6288542442366998,0.6093143436714237,0.541584946960886,0.3708403640743595,0.29456231380951725,0.26915122178989465,0.29456224985655866,0.3708402474433704,0.0,0.0,0.0,0.0,0.0,off,off,off,off,off
175.24999999999733,0.3,43.57499999999383,-10.407748571275079,-7.161641736771799,-6.1032007003618105,-7.161640727383997,-10.407746482148866,-14.902100584877473,-14.902097486619823,0.5413751196464793,0.6092797452069081,0.6288614949909109,0.6092797919984116,0.5413752260450468,0.37119446312981474,0.29474725583498157,0.2692833975255509,0.294747191829305,0.3711943463926945,0.0,0.0,0.0,0.0,0.0,off,off,off,off,off
175.49999999999733,0.3,43.64999999999382,-10.37929481798534,-7.13282517899853,-6.074299880131832,-7.1328241728764965,-10.379292735072,-14.874547734305509,-14.874544643869967,0.5411665047432141,0.6092460570488797,0.6288698323055335,0.6092461038888359,0.5411666113507265,0.37154693391747284,0.29493081375267144,0.2694138660793158,0.29493074969469385,0.3715468170745296,0.0,0.0,0.0,0.0,0.0,off,off,off,off,off
175.74999999999733,0.3,43.724999999993805,-10.350845623638236,-7.10401559893387,-6.045407003086382,-7.104014596066349,-10.350843546935835,-14.846995584569015,-14.846992501942111,0.5409589884938958,0.6092132281004333,0.6288792605639528,0.6092132749884206,0.5409590953104834,0.3718977781915716,0.29511299489029813,0.26954262259829204,0.29511293078040596,0.37189766124349743,0.0,0.0,0.0,0.0,0.0,off,off,off,off,off
175.99999999999733,0.3,43.799999999993794,-10.322401020497125,-7.075213042403277,-6.016522134733179,-7.075212042800786,-10.322398949988951,-14.819444162440902,-14.819441087609675,0.5407525649915951,0.6091812544566454,0.6288897825064027,0.6091813013922115,0.5407526720175944,0.37224700027496743,0.2952938059621503,0.2696696644887968,0.2952937418007041,0.37224688322257626,0.0,0.0,0.0,0.0,0.0,off,off,off,off,off
176.24999999999733,0.3,43.87499999999378,-10.293961041729403,-7.046417555520122,-5.987645338482025,-7.046416559172599,-10.293958977422335,-14.791893494729493,-14.791890427680812,0.540547229260435,0.6091501325784773,0.6289013995007483,0.6091501795612345,0.5405473364962544,0.37259460519405146,0.29547325317835976,0.2697949910355895,0.2954731889656991,0.3725944880381785,0.0,0.0,0.0,0.0,0.0,off,off,off,off,off
176.49999999999733,0.3,43.94999999999377,-10.26552572126019,-7.017629184565976,-5.958776675820445,-7.017628191458925,-10.265523663140414,-14.764343608283525,-14.76434054900426,0.5403429769053598,0.609119859223733,0.6289141117673369,0.6091199062533174,0.5403430843515497,0.37294059798170437,0.2956513423352327,0.2699186030859001,0.29565127807167896,0.37294048072317076,0.0,0.0,0.0,0.0,0.0,off,off,off,off,off
176.74999999999733,0.3,44.02499999999376,-10.237095093610321,-6.9888479758619155,-5.929916206475809,-6.98884698599818,-10.237093041672495,-14.736794529996246,-14.736791478473549,0.5401398039383408,0.6090904313900344,0.62892791856571,0.6090904784660536,0.5401399115955192,0.3732849834369596,0.295828078889921,0.2700405027872374,0.29582801457578056,0.37328486607656014,0.0,0.0,0.0,0.0,0.0,off,off,off,off,off
176.99999999999733,0.3,44.09999999999375,-10.20866919376732,-6.96007397573112,-5.901063988561248,-6.960072989096773,-10.208667147990013,-14.709246286809105,-14.70924324302996,0.5399377066806593,0.6090618462674994,0.628942818349662,0.6090618933896094,0.539937814549559,0.3736277660594085,0.2960034680221505,0.27016069336983034,0.2960034036577179,0.37362764859790926,0.0,0.0,0.0,0.0,0.0,off,off,off,off,off
177.24999999999733,0.3,44.17499999999374,-10.180248057070855,-6.931307230407924,-5.872220078669443,-6.931306247002283,-10.18024601742809,-14.681698905714086,-14.681695869665589,0.5397366816992365,0.6090341011997568,0.6289588088960972,0.6090341483675912,0.5397367897806764,0.37396895004856434,0.296177514685249,0.27027917896610937,0.2961774502708083,0.3739688324867042,0.0,0.0,0.0,0.0,0.0,off,off,off,off,off
177.49999999999733,0.3,44.249999999993726,-10.15183171913975,-6.90254778596136,-5.843384531962613,-6.902546805783743,-10.151829685661028,-14.65415241375581,-14.654149385424887,0.5395367257594116,0.6090071936517168,0.6289758874120411,0.6090072408649158,0.5395368340541684,0.37430853932571134,0.29635022364832775,0.27039596446092684,0.2963501591841547,0.37430842166420514,0.0,0.0,0.0,0.0,0.0,off,off,off,off,off
177.74999999999733,0.3,44.324999999993715,-10.123420215799058,-6.8737956882767435,-5.814557402317121,-6.87379471131419,-10.12341818845897,-14.626606838032387,-14.626603817406078,0.5393378357867764,0.6089811211828227,0.6289940506233739,0.6089811684410599,0.5393379442958153,0.37464653756200444,0.2965215995311504,0.27051105536728937,0.2965215350175141,0.37464641980154534,0.0,0.0,0.0,0.0,0.0,off,off,off,off,off
177.99999999999733,0.3,44.3999999999937,-10.095013582973763,-6.845050982961936,-5.785738742338253,-6.845050009218539,-10.095011561757985,-14.599062205695759,-14.599059192761331,0.5391400088348258,0.608955881425128,0.6290132948487913,0.6089559287280429,0.5391401175591598,0.37498294820677086,0.29669164683295585,0.270624457723265,0.2966915822701191,0.37498283034803176,0.0,0.0,0.0,0.0,0.0,off,off,off,off,off
178.24999999999733,0.3,44.47499999999369,-10.066611856638474,-6.81631371516994,-5.756928603454753,-6.816312744640982,-10.066609841546665,-14.571518543953175,-14.571515538697668,0.5389432420566538,0.6089314728186875,0.6290336160610652,0.6089315201663357,0.5389433509973379,0.3753177745139162,0.2968603699242895,0.27073617800645783,0.29686030531249397,0.3753176565575527,0.0,0.0,0.0,0.0,0.0,off,off,off,off,off
178.49999999999733,0.3,44.54999999999368,-10.038215072454477,-6.787583906261489,-5.72812703532162,-6.7875829389426485,-10.03821306349056,-14.543975880064465,-14.543972882475032,0.5387475326805806,0.608907969158541,0.6290550099395013,0.6089080165556783,0.5387476418387307,0.3756510195658319,0.297027741024676,0.2708462230630665,0.2970276763607864,0.3756509015124861,0.0,0.0,0.0,0.0,0.0,off,off,off,off,off
178.74999999999733,0.3,44.62499999999367,-10.009823264821534,-6.758861565767006,-5.6993340841054305,-6.758860601640663,-10.00982126197681,-14.516434241336583,-14.516431251400718,0.5385528779897468,0.6088854085894292,0.6290774719163403,0.6088854560347587,0.5385529873665751,0.37598268629476533,0.2971936824468807,0.27095460004901545,0.2971936177291468,0.37598256814506475,0.0,0.0,0.0,0.0,0.0,off,off,off,off,off
178.99999999999733,0.3,44.69999999999366,-9.981436467437334,-6.730146725165696,-5.670549793710222,-6.730145764223778,-9.98143447069458,-14.488893655115817,-14.488890672820958,0.5383592753010579,0.6088637641697363,0.6291009972092572,0.6088638116619178,0.5383593848978653,0.37631277750181397,0.2973581962027002,0.2710613163811142,0.2973581314321675,0.3763126592563747,0.0,0.0,0.0,0.0,0.0,off,off,off,off,off
179.24999999999733,0.3,44.774999999993646,-9.953054713735412,-6.701439421980126,-5.641774206769753,-6.7014384642192795,-9.953052723078315,-14.461354148784608,-14.46135117411825,0.5381667219464409,0.6088430130525734,0.6291255808484271,0.6088430605904668,0.5381668317645978,0.37664129587381084,0.2975213088873404,0.27116637969657387,0.29752124406523445,0.37664117753323756,0.0,0.0,0.0,0.0,0.0,off,off,off,off,off
179.49999999999733,0.3,44.849999999993635,-9.924678036993043,-6.67273969617878,-5.613007364967984,-6.672738741588319,-9.924676052431323,-14.433815749760186,-14.433812782709367,0.5379752152565901,0.608823136659629,0.6291512177001869,0.6088231842422841,0.5379753252974833,0.3769682439983064,0.2976830455829564,0.2712697978194572,0.2976829807103361,0.3769681255631955,0.0,0.0,0.0,0.0,0.0,off,off,off,off,off
179.74999999999733,0.3,44.924999999993624,-9.896306470365346,-6.644047589131333,-5.584249309232746,-6.6440466377109715,-9.896304491895421,-14.406278485492635,-14.406275526044908,0.5377847525464611,0.6088041198472331,0.6291779024868742,0.608804167473815,0.5377848628115781,0.37729362437685393,0.29784342734121294,0.2713715787328815,0.2978433624189667,0.37729350584779403,0.0,0.0,0.0,0.0,0.0,off,off,off,off,off
179.99999999999733,0.3,44.99999999999361,-9.867940046964122,-6.615363143081595,-5.555500079838907,-6.615362194820989,-9.86793807454734,-14.378742383464896,-14.378739431607812,0.5375953311020871,0.60878595018148,0.6292056298034595,0.6087859978512857,0.5375954415930637,0.37761743943678905,0.29800247167415467,0.2714717305559975,0.2980024067030309,0.3776173208143612,0.0,0.0,0.0,0.0,0.0,off,off,off,off,off
180.24999999999733,0.3,45.0749999999936,-9.839578799744118,-6.586686400700728,-5.526759716520473,-6.5866854556063,-9.839576833402646,-14.351207471191572,-14.351204526912682,0.5374069481690422,0.6087686173586635,0.6292343941313171,0.6087686650710358,0.5374070588874585,0.37793969154167156,0.2981601932619466,0.2715702615249331,0.298160128242584,0.37793957282645013,0.0,0.0,0.0,0.0,0.0,off,off,off,off,off
180.49999999999733,0.3,45.14999999999359,-9.811222761631257,-6.558017404867428,-5.498028258521742,-6.558016462918147,-9.811220801336503,-14.323673776218072,-14.323670839504587,0.5372196009414827,0.608752112747258,0.6292641898497826,0.6087521605016727,0.5372197118891047,0.3782603830005413,0.29831660455186226,0.27166717997702927,0.2983165394848117,0.37826026419309616,0.0,0.0,0.0,0.0,0.0,off,off,off,off,off
180.74999999999733,0.3,45.22499999999358,-9.782871965390882,-6.5293561983760355,-5.46930574460157,-6.529355259589181,-9.782870011146315,-14.296141326119141,-14.296138396958952,0.5370332865527058,0.6087364290271994,0.6292950112458572,0.6087364768230958,0.5370333977313086,0.3785795160761262,0.2984717162353526,0.27176249433780686,0.2984716511210965,0.37857939717702194,0.0,0.0,0.0,0.0,0.0,off,off,off,off,off
180.99999999999733,0.3,45.29999999999357,-9.75452644367897,-6.50070282378897,-5.4405922130732165,-6.500701888159085,-9.754524495473504,-14.26861014849925,-14.268607226879851,0.536848002066154,0.6087215599054826,0.6293268525222055,0.6087216077423948,0.5368481134776238,0.37889709299211743,0.2986255376244062,0.27185621311020397,0.2986254724633737,0.3788969740019149,0.0,0.0,0.0,0.0,0.0,off,off,off,off,off
181.24999999999733,0.3,45.374999999993555,-9.726186228980396,-6.472057323322758,-5.411887701798889,-6.4720563908439885,-9.726184286808575,-14.241080270989357,-14.241077356898359,0.5366637444674037,0.6087074998921026,0.629359707803902,0.6087075477695997,0.5366638561136954,0.37921311593961793,0.2987780769479938,0.2719483448656955,0.2987780117405717,0.3792129968588746,0.0,0.0,0.0,0.0,0.0,off,off,off,off,off
181.49999999999733,0.3,45.449999999993544,-9.697851353639976,-6.443419738739351,-5.383192247748013,-6.443418809401578,-9.697849417492819,-14.213551721247427,-14.213548814672436,0.5364805106565926,0.6086942441235927,0.6293935655728647,0.6086942920412781,0.5364806225397527,0.37952758708286377,0.2989293415855078,0.27203889641912765,0.29892927633204874,0.37952746791213365,0.0,0.0,0.0,0.0,0.0,off,off,off,off,off
181.74999999999733,0.3,45.52499999999353,-9.669521849750652,-6.414790111157515,-5.3545058798870855,-6.414789184956987,-9.669519919619006,-14.186024526955634,-14.186021627884429,0.536298297441713,0.6086817882242421,0.6294283623932783,0.6086818361817263,0.5362984095638734,0.3798405085642916,0.2990793382505713,0.27212783563897147,0.29907927295140113,0.3798403893041261,0.0,0.0,0.0,0.0,0.0,off,off,off,off,off
181.99999999999733,0.3,45.59999999999352,-9.641197749202547,-6.386168480755089,-5.325828623859422,-6.38616755768669,-9.641195825078341,-14.158498715819519,-14.158495824239594,0.5361171015320461,0.6086701281971285,0.629464072860763,0.6086701761940407,0.5361172138954264,0.3801518825090342,0.29922807313576355,0.2722151464497789,0.29922800779118824,0.38015176315998245,0.0,0.0,0.0,0.0,0.0,off,off,off,off,off
182.24999999999733,0.3,45.67499999999351,-9.612879083611574,-6.357554886822982,-5.297160506185321,-6.357553966884666,-9.612877165515556,-14.130974315565254,-14.130971431464502,0.5359369195322711,0.6086592603376458,0.6295006897457406,0.6086593083736221,0.5359370321391201,0.3804617110289058,0.2993755520265703,0.27230083930916826,0.29937548663687824,0.3804615915915156,0.0,0.0,0.0,0.0,0.0,off,off,off,off,off
182.49999999999733,0.3,45.7499999999935,-9.58456588431767,-6.3289493677563655,-5.268501553538272,-6.328948450947564,-9.58456397220931,-14.103451353938226,-14.103448477304596,0.5357577479367841,0.6086491811655301,0.6295382061437236,0.6086492292402133,0.5357578607895731,0.38076999622593477,0.29952178039109945,0.2723849252744573,0.2995217149565667,0.3807698767007526,0.0,0.0,0.0,0.0,0.0,off,off,off,off,off
182.74999999999733,0.3,45.82499999999349,-9.55625818163361,-6.3003519610948615,-5.2398517926451404,-6.3003510474185305,-9.556256275524504,-14.075929858699794,-14.075926989521236,0.5355795835812983,0.6086398873712309,0.629576615256248,0.6086399354842646,0.5355796966828044,0.3810767401883151,0.2996667634507169,0.2724674152254321,0.2996666979716096,0.381076620575879,0.0,0.0,0.0,0.0,0.0,off,off,off,off,off
182.99999999999733,0.3,45.899999999993476,-9.527955983563288,-6.271762703195918,-5.211211250220003,-6.271761792625114,-9.527954083430814,-14.048409857552599,-14.048406995817004,0.5354024779288822,0.6086313757744946,0.6296159103666961,0.6086314239255963,0.5354025912898981,0.3813819398477196,0.29981050623565514,0.27254831989147754,0.29981044071223006,0.38138182014740546,0.0,0.0,0.0,0.0,0.0,off,off,off,off,off
183.24999999999733,0.3,45.974999999993464,-9.499659302658017,-6.243181628732714,-5.182579952827155,-6.2431807212827835,-9.49965740848387,-14.020891378038414,-14.020888523733845,0.5352264820007541,0.6086236432923228,0.6296560848221096,0.6086236914811192,0.5352265956225802,0.3816855731299147,0.29995301362877336,0.2726276498813478,0.2999529480612819,0.38168545334015286,0.0,0.0,0.0,0.0,0.0,off,off,off,off,off
183.49999999999733,0.3,46.04999999999345,-9.47136816388479,-6.214608771423855,-5.1539579268153375,-6.2146078670755855,-9.471366275683408,-13.993374447651263,-13.993371600765556,0.5350515611964588,0.6086166869112557,0.6296971320179957,0.6086167351374564,0.535051675079155,0.3819876264804432,0.30009429040000546,0.27270541570799495,0.30009422478869324,0.38198750660115033,0.0,0.0,0.0,0.0,0.0,off,off,off,off,off
183.74999999999733,0.3,46.12499999999344,-9.443082592557744,-6.186044162434428,-5.1253451982400975,-6.186043261188843,-9.443080710324807,-13.965859093862036,-13.965856254383311,0.53487769035779,0.6086105622053444,0.6297390453857601,0.6086106104764317,0.5348778045028996,0.38228810012106956,0.3002343291104795,0.2727816278092202,0.3002342634531299,0.38228798015290333,0.0,0.0,0.0,0.0,0.0,off,off,off,off,off
183.99999999999733,0.3,46.19999999999343,-9.414802614411258,-6.157487843408205,-5.096741791538022,-6.157486945264736,-9.414800738130566,-13.938345344121387,-13.938342512037536,0.5347048535980891,0.608605492288114,0.6297818094859221,0.6086055406081935,0.5347049680078758,0.382586999436173,0.30037295348265963,0.27285629232824815,0.30037288776993337,0.38258687938002156,0.0,0.0,0.0,0.0,0.0,off,off,off,off,off
184.24999999999733,0.3,46.27499999999342,-9.386528256742565,-6.128939891782636,-5.06814771777556,-6.12893899673702,-9.386526386423157,-13.910833225866156,-13.910830401165242,0.5345330389590043,0.6086014894683822,0.629825356801168,0.6086015378377815,0.5345331536360475,0.382884331210622,0.3005100483644137,0.2729293788063239,0.30050998259467515,0.3828842110674184,0.0,0.0,0.0,0.0,0.0,off,off,off,off,off
184.49999999999733,0.3,46.34999999999341,-9.358259548808348,-6.100400384460443,-5.039562985384407,-6.100399492512622,-9.35825768441697,-13.883322766532956,-13.883319949203326,0.5343622362429219,0.6085985693129414,0.6298696562479504,0.608598617732062,0.5343623511901311,0.38318010231671845,0.3006455900863517,0.27300090164358737,0.3006455242588134,0.3831799820873787,0.0,0.0,0.0,0.0,0.0,off,off,off,off,off
184.74999999999733,0.3,46.424999999993396,-9.329996521399607,-6.071869393600821,-5.010987607966001,-6.071868504728343,-9.329994662950241,-13.855813993570052,-13.85581118359977,0.5341924361532774,0.6085967446358368,0.6299146901288942,0.6085967931049907,0.5341925513736594,0.3834743192928591,0.30077956323032723,0.2730708932296402,0.30077949734439297,0.3834741989782634,0.0,0.0,0.0,0.0,0.0,off,off,off,off,off
184.99999999999733,0.3,46.499999999993385,-9.301739206566538,-6.043346987112557,-4.98242160307251,-6.0433461013385,-9.301737354039517,-13.828306934447255,-13.828304131824666,0.5340236299291855,0.608596024961181,0.6299604431331235,0.6085960734804584,0.5340237454259938,0.3837669882379076,0.30091195662754766,0.2731393818879375,0.3009118906827687,0.3837668678388986,0.0,0.0,0.0,0.0,0.0,off,off,off,off,off
185.24999999999733,0.3,46.57499999999337,-9.273487637236144,-6.014833229226099,-4.953864991480316,-6.014832346526646,-9.273485790624136,-13.800801616663193,-13.800798821376304,0.5338558091697863,0.6085964170924967,0.6300069018346435,0.6085964656619994,0.5338559249464188,0.38405811481381386,0.3010427625443631,0.27320639240068395,0.30104269654041,0.38405799433119714,0.0,0.0,0.0,0.0,0.0,off,off,off,off,off
185.49999999999733,0.3,46.64999999999336,-9.245241846930128,-5.986328180782721,-4.925317796632839,-5.986327301170263,-9.245240006255301,-13.773298067749124,-13.773295279786282,0.5336889657335455,0.6085979255977744,0.6300540543316426,0.6085979742174433,0.5336890817935055,0.3843477042822627,0.3011719760603791,0.27327194668427107,0.3011719099970199,0.3843475837168131,0.0,0.0,0.0,0.0,0.0,off,off,off,off,off
185.74999999999733,0.3,46.72499999999335,-9.217001869612204,-5.957831899718542,-4.896780044194486,-5.95783102318893,-9.217000034849661,-13.745796315272969,-13.745793534622578,0.533523091669303,0.6086005532065536,0.6301018899545456,0.608600601876304,0.5335232080163611,0.38463576154919893,0.3012995945602596,0.2733360643378479,0.30129952843734165,0.38463564090166263,0.0,0.0,0.0,0.0,0.0,off,off,off,off,off
185.99999999999733,0.3,46.79999999999334,-9.18876773938615,-5.929344441283888,-4.8682517615808365,-5.929343567837066,-9.188765910554025,-13.718296386841018,-13.718293613491596,0.5333581791630747,0.6086043011355826,0.6301503990297443,0.6086043498552681,0.5333582958010799,0.3849222912083196,0.30142561731780626,0.2733987630877186,0.3014255511352416,0.3849221704794166,0.0,0.0,0.0,0.0,0.0,off,off,off,off,off
186.24999999999733,0.3,46.87499999999333,-9.160539490424412,-5.90086585833086,-4.8397329772393505,-5.9008649879662585,-9.160537667504855,-13.690798310098046,-13.690795544038053,0.5331942204931908,0.6086091693553132,0.6301995703646878,0.6086092181247466,0.5331943374262395,0.3852072975808057,0.30155004515555767,0.2734600578923457,0.3015499789133113,0.385207176771236,0.0,0.0,0.0,0.0,0.0,off,off,off,off,off
186.49999999999733,0.3,46.94999999999332,-9.132317156768295,-5.872396201344259,-4.811223709522608,-5.872395334073644,-9.132315339760623,-13.66330211272674,-13.663299353944865,0.5330312079916663,0.6086151568086564,0.6302493533941738,0.6086152056275883,0.5330313252239954,0.3854907847507315,0.30167288016620397,0.2735199274746456,0.30167281386428413,0.3854906638611745,0.0,0.0,0.0,0.0,0.0,off,off,off,off,off
186.74999999999733,0.3,47.024999999993305,-9.10410077220996,-5.843935518218586,-4.782723969316635,-5.84393465402519,-9.104098961110594,-13.635807822446111,-13.635805070930928,0.5328691340099425,0.6086222615907179,0.6302997133098939,0.6086223104589363,0.5328692515459712,0.3857727565963057,0.30179412548459206,0.2735783813924592,0.3017940591230424,0.38577263562742437,0.0,0.0,0.0,0.0,0.0,off,off,off,off,off
186.99999999999733,0.3,47.099999999993294,-9.07589037016146,-5.8154838544327845,-4.754233771233942,-5.8154829933062615,-9.075888564979039,-13.60831546700922,-13.608312722749417,0.5327079908883678,0.6086304810952495,0.6303506327304572,0.608630530012504,0.5327081087326737,0.3860532168173288,0.30191378510113887,0.27363545664075756,0.30191371868003053,0.38605309576977226,0.0,0.0,0.0,0.0,0.0,off,off,off,off,off
187.24999999999733,0.3,47.17499999999328,-9.047685983601582,-5.787041253340931,-4.725753132572663,-5.787040395272243,-9.047684184321724,-13.580825074199595,-13.580822337184145,0.5325477709286538,0.6086398121342916,0.630402097084993,0.6086398611003107,0.5325478890860491,0.3863321689592899,0.3020318637091432,0.2736911847608156,0.30203179722857065,0.38633204783369474,0.0,0.0,0.0,0.0,0.0,off,off,off,off,off
187.49999999999733,0.3,47.24999999999327,-9.019487644956314,-5.758607756356014,-4.697282072817188,-5.75860690136318,-9.019485851580043,-13.553336671828106,-13.553333942045754,0.5323884663691472,0.6086502510363148,0.6304540939526972,0.6086503000507509,0.5323885848446043,0.386609616434496,0.30214836657984356,0.27374559256845094,0.3021483000399206,0.3866094952314873,0.0,0.0,0.0,0.0,0.0,off,off,off,off,off
187.74999999999733,0.3,47.32499999999326,-8.991295386047568,-5.730183403123306,-4.668820613052333,-5.730182551184896,-8.99129359855118,-13.52585028772819,-13.525847565167737,0.5322300693622647,0.6086617937265766,0.6305066126045504,0.6086618427891618,0.5322301881610053,0.3868855625405935,0.30226329946018904,0.2737987031618814,0.3022632328610452,0.3868854412607872,0.0,0.0,0.0,0.0,0.0,off,off,off,off,off
187.99999999999733,0.3,47.39999999999325,-8.963109238010531,-5.701768231726589,-4.640368775645754,-5.7017673828522675,-8.963107456403236,-13.498365949751417,-13.498363234401836,0.5320725719539654,0.6086744357928199,0.6305596436423152,0.6086744849032026,0.5320726910813479,0.38716001047680604,0.3023766684892015,0.27385053671643317,0.30237660183097864,0.387159889120809,0.0,0.0,0.0,0.0,0.0,off,off,off,off,off
188.24999999999733,0.3,47.47499999999324,-8.93492923131231,-5.673362278747561,-4.611926583937247,-5.673361432932495,-8.93492745558433,-13.470883685762942,-13.470880977613092,0.5319159660647148,0.6086881725393536,0.6306131787144216,0.6086882216972098,0.5319160855263472,0.387432963358166,0.30248848012955476,0.2739011111102928,0.3024884134124054,0.3874328419265786,0.0,0.0,0.0,0.0,0.0,off,off,off,off,off
188.49999999999733,0.3,47.549999999993226,-8.90675539564927,-5.6449655793912825,-4.583494061518763,-5.644964736631323,-8.906753625804924,-13.443403523635482,-13.443400822674448,0.5317602434721416,0.6087029990312032,0.6306672081667557,0.6087030482362009,0.531760363273822,0.3877044242279895,0.3025987411116092,0.27395044060748247,0.30259867433569426,0.38770430272140594,0.0,0.0,0.0,0.0,0.0,off,off,off,off,off
188.74999999999733,0.3,47.624999999993214,-8.878587759981713,-5.616578167413877,-4.555071221940636,-5.616577327712207,-8.878585996016682,-13.415925491245048,-13.415922797462088,0.5316053957946343,0.608718910130685,0.6307216921913918,0.6087189593824699,0.5316055159424021,0.38797439606881096,0.30270745838764473,0.27399850291670075,0.30270739155313187,0.38797427448782024,0.0,0.0,0.0,0.0,0.0,off,off,off,off,off
188.99999999999733,0.3,47.6999999999932,-8.850426352425814,-5.588200074803638,-4.526658072571081,-5.5881992381536065,-8.850424594368576,-13.388449616464982,-13.388446929849351,0.531451414476268,0.6087359005279698,0.6307766038692549,0.6087359498262062,0.5314515349763299,0.3882428818119655,0.3028146390944319,0.2740453134141774,0.302814572201495,0.3882427601571529,0.0,0.0,0.0,0.0,0.0,off,off,off,off,off
189.24999999999733,0.3,47.77499999999319,-8.822271200334967,-5.559831331910118,-4.498254624127526,-5.559830498302233,-8.822269448141526,-13.360975927159984,-13.36097324770094,0.5312982907721974,0.6087539647652761,0.6308319287063023,0.6087540141096319,0.5312984116311503,0.3885098843459891,0.3029202905226325,0.27409090884283377,0.3029202235714497,0.38850976261793607,0.0,0.0,0.0,0.0,0.0,off,off,off,off,off
189.49999999999733,0.3,47.84999999999318,-8.79412233011692,-5.531471967596531,-4.469860889720849,-5.531471137039659,-8.794120583822632,-13.333504451181057,-13.333501778867685,0.5311460157353062,0.6087730972566147,0.6308876548226795,0.6087731466467129,0.5311461369598341,0.38877540652397885,0.3030244200917927,0.27413531948033293,0.3030243530825464,0.38877528472326256,0.0,0.0,0.0,0.0,0.0,off,off,off,off,off
189.74999999999733,0.3,47.92499999999317,-8.76597976736548,-5.503122009430967,-4.441476884151825,-5.503121181914196,-8.765978026957896,-13.306035216358566,-13.306032551180579,0.5309945802027769,0.6087932923038257,0.6309437723088955,0.6087933417393337,0.5309947017999218,0.389039451170042,0.3031270353299192,0.27417857050803046,0.30312696826279484,0.389039329297238,0.0,0.0,0.0,0.0,0.0,off,off,off,off,off
189.99999999999733,0.3,47.99999999999316,-8.737843536741195,-5.474781483753361,-4.413102623497707,-5.474780659269868,-8.737841802217247,-13.27856825049713,-13.278565592443954,0.5308439747836307,0.6088145441099501,0.631000272754551,0.6088145935905233,0.5308440967606867,0.38930202108494794,0.30322814385680513,0.27422068323221527,0.3032280767319908,0.38930189914062907,0.0,0.0,0.0,0.0,0.0,off,off,off,off,off
190.24999999999733,0.3,48.074999999993146,-8.70971366199717,-5.446450415728918,-4.384738124701869,-5.446449594289959,-8.709711933354754,-13.251103581368795,-13.251100930430027,0.5306941898463124,0.6088368467902,0.631057148889875,0.6088368963154521,0.5306943122108514,0.38956311905108015,0.3033277533704279,0.27426167601387225,0.30332768618811407,0.38956299703581776,0.0,0.0,0.0,0.0,0.0,off,off,off,off,off
190.49999999999733,0.3,48.149999999993135,-8.68159015609234,-5.4181288293741545,-4.35638340530943,-5.41812801097177,-8.681588433348963,-13.223641236684102,-13.223638592849738,0.5305452736739625,0.6088601943810029,0.6311143943127254,0.6088602439505917,0.5305453964472165,0.3898227455368745,0.30342587163586116,0.2743015649764537,0.3034258043962405,0.38982262345041024,0.0,0.0,0.0,0.0,0.0,off,off,off,off,off
190.74999999999733,0.3,48.22499999999312,-8.653473024251753,-5.389816747047178,-4.3280384818574476,-5.3898159316888155,-8.653471307405766,-13.196181243984938,-13.196178607244747,0.5303973774907957,0.6088845808486191,0.6311719983937955,0.6088846304621652,0.5303975006792513,0.39008087828498367,0.3035225064762419,0.2743403573474044,0.3035224391795084,0.39008075612524407,0.0,0.0,0.0,0.0,0.0,off,off,off,off,off
190.99999999999733,0.3,48.29999999999311,-8.625362287297605,-5.361514189776813,-4.299703359630826,-5.3615133774508195,-8.625360576348385,-13.168723630727243,-13.168721001071162,0.5302504079033069,0.6089100000945601,0.6312299282786211,0.6089100497517278,0.5302505315071487,0.39033749657880273,0.30361766576541704,0.27437802975345804,0.3036175984117664,0.3903373743455329,0.0,0.0,0.0,0.0,0.0,off,off,off,off,off
191.24999999999733,0.3,48.3749999999931,-8.597257960626848,-5.333221177117423,-4.271378042047729,-5.333220367823856,-8.597256255561149,-13.141268424293514,-13.141265801711143,0.5301042917228226,0.6089364459609717,0.6312881668843285,0.6089364956613991,0.530104415747691,0.3905926001096595,0.303711357421973,0.2744146115625715,0.3037112900116019,0.3905924778036113,0.0,0.0,0.0,0.0,0.0,off,off,off,off,off
191.49999999999733,0.3,48.44999999999309,-8.569160057478257,-5.3049377271696585,-4.24306253562338,-5.304936920906869,-8.569158358321374,-13.113815651965353,-13.1138130364468,0.5299589921891803,0.6089639122347579,0.6313467030255583,0.6089639619780861,0.5299591166428851,0.3908461961734589,0.3038035894043927,0.27445013659157125,0.30380352193749927,0.3908460737956561,0.0,0.0,0.0,0.0,0.0,off,off,off,off,off
191.74999999999733,0.3,48.52499999999308,-8.541068590878467,-5.276663856764742,-4.214756848827108,-5.2766630535385275,-8.541066897606186,-13.086365340918633,-13.08636273245412,0.5298144856567657,0.6089923926505996,0.6314055277432642,0.6089924424364532,0.529814610548246,0.3910982938207043,0.3038943697071396,0.2744846318698022,0.30389430218392277,0.39109817137220476,0.0,0.0,0.0,0.0,0.0,off,off,off,off,off
191.99999999999733,0.3,48.59999999999307,-8.512983573939664,-5.248399581586227,-4.186460991444562,-5.248398781399715,-8.512981886552836,-13.05891751822486,-13.05891491680427,0.529670753205155,0.6090218808935175,0.6314646337042749,0.6090219307215283,0.5296708785439177,0.3913489020259659,0.3039837063575035,0.2745181194573469,0.30398363877816337,0.39134877950779046,0.0,0.0,0.0,0.0,0.0,off,off,off,off,off
192.24999999999733,0.3,48.674999999993055,-8.48490501993308,-5.220144916274137,-4.158174974136045,-5.220144119120562,-8.484903338457116,-13.031472210851575,-13.031469616465245,0.5295277777253412,0.609052370220031,0.6315240147634328,0.6090524200895636,0.5295279035213308,0.3915980291793643,0.3040716073778764,0.27455061778680845,0.30407153974258716,0.39159790659248234,0.0,0.0,0.0,0.0,0.0,off,off,off,off,off
192.49999999999733,0.3,48.749999999993044,-8.456832942061624,-5.191899868581402,-4.129898807882171,-5.19189907447236,-8.456831266485779,-13.004029445664457,-13.00402685830278,0.529385542865925,0.6090837994743833,0.6315836656440987,0.609083849380872,0.529385669129612,0.3918456829983708,0.30415805995140577,0.27458214264404185,0.3041579922583071,0.39184556034369894,0.0,0.0,0.0,0.0,0.0,off,off,off,off,off
192.74999999999733,0.3,48.82499999999303,-8.428767352919692,-5.163664436147769,-4.101632503072324,-5.1636636450693345,-8.428765683245217,-12.976589249425558,-12.976586669078927,0.529244032615389,0.6091161114169089,0.6316435816307363,0.6091161613597121,0.5292441593576661,0.3920918705663762,0.30424303950123244,0.2746127077800385,0.3042429717501717,0.39209174784478346,0.0,0.0,0.0,0.0,0.0,off,off,off,off,off
192.99999999999733,0.3,48.89999999999302,-8.400708264333275,-5.1354386169591635,-4.073376063650187,-5.135437828898034,-8.400706600560795,-12.949151648788757,-12.949149075447565,0.5291032311052324,0.6091492955848008,0.6317037448557067,0.6091493455635457,0.5291033583374504,0.3923365984034613,0.30432655664476854,0.27464229764321907,0.3043264888361412,0.3923364756157753,0.0,0.0,0.0,0.0,0.0,off,off,off,off,off
193.24999999999733,0.3,48.97499999999301,-8.372655687254337,-5.107222408838652,-4.04512948438321,-5.107221623796875,-8.372654029400621,-12.921716670294416,-12.921714103949398,0.5289631224940248,0.6091833431694662,0.6317641342406136,0.6091833931837781,0.5289632502279705,0.392579872539717,0.30440862415734843,0.27467091507557817,0.3044085562915149,0.3925797496867299,0.0,0.0,0.0,0.0,0.0,off,off,off,off,off
193.49999999999733,0.3,49.049999999993,-8.34460963174223,-5.079015809329746,-4.016892762192242,-5.079015027316473,-8.344607979815407,-12.89428434036489,-12.894281781006725,0.5288236908839514,0.6092182458459847,0.631824739472406,0.609218295895496,0.5288238191319169,0.39282169858251215,0.30448925413334316,0.27469859667727,0.30448918621063126,0.3928215756649856,0.0,0.0,0.0,0.0,0.0,off,off,off,off,off
193.74999999999733,0.3,49.12499999999299,-8.316570106873769,-5.05081881574597,-3.98866589580922,-5.050818036764952,-8.31656846087725,-12.866854685298051,-12.866852132917472,0.5286849202530627,0.6092539956713118,0.6318855526955219,0.6092540457556882,0.5286850490278533,0.39306208177584234,0.30456845808722266,0.2747253707768718,0.3045683901079327,0.3930619587945119,0.0,0.0,0.0,0.0,0.0,off,off,off,off,off
193.99999999999733,0.3,49.199999999992976,-8.288537120673425,-5.022631425151758,-3.9604488849842596,-5.022630649189409,-8.288535480624262,-12.839427731261253,-12.839425185849507,0.5285467943965452,0.6092905850105761,0.6319465677422567,0.609290635129538,0.528546923711462,0.3933010270519633,0.3046462470635339,0.2747512595753078,0.3046461790279443,0.39330090400754214,0.0,0.0,0.0,0.0,0.0,off,off,off,off,off
194.24999999999733,0.3,49.274999999992964,-8.260510680136235,-4.994453634382694,-3.932241729960026,-4.994452861442596,-8.260509046046593,-12.812003504285826,-12.812000965833931,0.5284092968740549,0.6093280064769845,0.632007779619199,0.6093280566302268,0.528409426742955,0.3935385390760803,0.3047226317269122,0.27477628101491636,0.3047225636352838,0.39353841596926353,0.0,0.0,0.0,0.0,0.0,off,off,off,off,off
194.49999999999733,0.3,49.34999999999295,-8.232490791159705,-4.966285440008733,-3.9040444311346505,-4.966284670093501,-8.232489163041294,-12.78458203025923,-12.78457949875866,0.5282724109619994,0.609366252882919,0.6320691841498594,0.6093663030701496,0.5282725413993073,0.3937746222849559,0.30479762243551906,0.2748004500798934,0.3047975542880984,0.3937744991164209,0.0,0.0,0.0,0.0,0.0,off,off,off,off,off
194.74999999999733,0.3,49.42499999999294,-8.204477458547956,-4.93812683831743,-3.875856988848227,-4.938126071426552,-8.20447583640032,-12.757163334919824,-12.757160810361881,0.5281361196094493,0.60940531720001,0.6321307777259504,0.6094053674209519,0.5281362506302083,0.3940092809202329,0.30487122930096333,0.27482377970118504,0.3048711610979862,0.3940091576906443,0.0,0.0,0.0,0.0,0.0,off,off,off,off,off
194.99999999999733,0.3,49.49999999999293,-8.176470685944253,-4.909977825212422,-3.847679399687024,-4.90997706134965,-8.17646906978564,-12.729747443849192,-12.729744926225408,0.5280004053972458,0.6094451922268729,0.6321925495367209,0.6094452424809863,0.5280005370170786,0.39424251905719443,0.3049434621953158,0.27484625944691055,0.3049433939369724,0.3942423957672044,0.0,0.0,0.0,0.0,0.0,off,off,off,off,off
195.24999999999733,0.3,49.57499999999292,-8.148470475742727,-4.881838387041114,-3.8195116508337605,-4.881837626219351,-8.148468865575637,-12.70233438246504,-12.702331871767285,0.527865250499564,0.6094858214330829,0.6322544813372047,0.6094858717159902,0.5278653827347725,0.3944743406295773,0.3050143104375093,0.27486788376496735,0.30501424212211453,0.3944742172798277,0.0,0.0,0.0,0.0,0.0,off,off,off,off,off
195.49999999999733,0.3,49.64999999999291,-8.120476828508117,-4.853708494028126,-3.7913537304361853,-4.853707736229524,-8.120475224345228,-12.674924176012496,-12.674921672232585,0.5277306366483715,0.6095271436116766,0.6323165642877739,0.6095271939223569,0.5277307695159114,0.3947047494509721,0.30508376716823193,0.27488868954559786,0.30508369879669417,0.3947046260420972,0.0,0.0,0.0,0.0,0.0,off,off,off,off,off
195.74999999999733,0.3,49.724999999992896,-8.092489742873397,-4.8255881178221784,-3.763205627512093,-4.825587363076409,-8.092488144710956,-12.647516849550811,-12.64751435268073,0.527596545098413,0.6095691386485648,0.6323787920192312,0.6095691889862237,0.5275966786159795,0.39493374923327607,0.3051518642652371,0.2749087044616884,0.30515179583876284,0.3949336257659024,0.0,0.0,0.0,0.0,0.0,off,off,off,off,off
195.99999999999733,0.3,49.799999999992885,-8.06450921557024,-4.7974772320065995,-3.7350673312346885,-4.797476480293483,-8.064507623423935,-12.620112427942047,-12.62010993797361,0.5274629565930071,0.6096117901366439,0.6324411597401719,0.6096118405007279,0.5274630907789954,0.3951613436026051,0.3052186307722752,0.27492794933958753,0.30521856229185035,0.39516122007735305,0.0,0.0,0.0,0.0,0.0,off,off,off,off,off
196.24999999999733,0.3,49.87499999999287,-8.036535241683737,-4.769375811627583,-3.7069388305512234,-4.769375062938195,-8.036533655566586,-12.592710935840046,-12.59270845276535,0.5273298513300761,0.609655084043648,0.6325036636924646,0.6096551344336772,0.5273299862036593,0.39538753611302574,0.30528409146312097,0.2749464405275277,0.30528402292955353,0.3953874125305107,0.0,0.0,0.0,0.0,0.0,off,off,off,off,off
196.49999999999733,0.3,49.94999999999286,-8.00856781460277,-4.741283832872568,-3.6788201139171974,-4.741283087220097,-8.008566234552461,-12.565312397680145,-12.565309921491519,0.5271972089291771,0.6096990082131509,0.6325663007947427,0.6096990586286721,0.527197344510288,0.39561233025839876,0.30534826772174095,0.2749641914465266,0.30534819913570077,0.39561220661923324,0.0,0.0,0.0,0.0,0.0,off,off,off,off,off
196.74999999999733,0.3,50.02499999999285,-7.980606926184294,-4.713201272776416,-3.6507111690772263,-4.71320053015728,-7.980605352215889,-12.537916837669343,-12.53791436835968,0.5270650083981909,0.6097435519728813,0.632629068075936,0.609743602413543,0.5270651447076576,0.3958357294825969,0.30541117825149905,0.27498121219054567,0.30541110961354634,0.39583560578739047,0.0,0.0,0.0,0.0,0.0,off,off,off,off,off
196.99999999999733,0.3,50.09999999999284,-7.952652566731956,-4.685128108929177,-3.6226119769426646,-4.685127369345253,-7.952650998866659,-12.510524279778394,-12.510521817340532,0.5269332281002235,0.609788705824782,0.6326919532400911,0.6097887562902677,0.5269333651597503,0.3960577371883171,0.30547283963668814,0.2749974780386343,0.3054727709472975,0.39605761343767665,0.0,0.0,0.0,0.0,0.0,off,off,off,off,off
197.24999999999733,0.3,50.17499999999283,-7.92470472504948,-4.657064319000199,-3.594522513118875,-4.6570635824655255,-7.92470316328405,-12.483134747732038,-12.483132292158814,0.5268018457199526,0.6098344612001405,0.632754944579783,0.6098345116901461,0.526801983552227,0.39627835674467926,0.3055332667871192,0.2750130082788624,0.3055331980466983,0.3962782329392097,0.0,0.0,0.0,0.0,0.0,off,off,off,off,off
197.49999999999733,0.3,50.249999999992816,-7.896763386439659,-4.629009880629781,-3.5664427562499554,-4.629009147136685,-7.896761830810306,-12.455748264997169,-12.455745816281535,0.5266708708625528,0.6098808102650924,0.6328180357687768,0.6098808607793915,0.5266710095073144,0.396497591117334,0.30559247329014677,0.2750278363658926,0.3055924044990511,0.39649746725735896,0.0,0.0,0.0,0.0,0.0,off,off,off,off,off
197.74999999999733,0.3,50.324999999992805,-7.868828534841953,-4.600964769915265,-3.5383726867768814,-4.600964039476764,-7.868826985353621,-12.428364854743961,-12.428362412879324,0.5265407170295432,0.6099277375412487,0.6328812224225056,0.6099277880778483,0.5265408565256977,0.3967154234921397,0.3056504676955566,0.27504198556227283,0.3056503988530948,0.39671529957521395,0.0,0.0,0.0,0.0,0.0,off,off,off,off,off
197.99999999999733,0.3,50.399999999992794,-7.8409001768905,-4.572928948905314,-3.5103122854714,-4.5729282215217495,-7.840898633580423,-12.400984539970977,-12.40098210495097,0.5264112291931111,0.6099751824764814,0.6329445013352993,0.6099752330331678,0.5264113695345355,0.39693182168792623,0.30570723170674924,0.2750554729420926,0.3057071628125638,0.39693169771322545,0.0,0.0,0.0,0.0,0.0,off,off,off,off,off
198.24999999999733,0.3,50.47499999999278,-7.812978293726474,-4.544902375398522,-3.4822615321525063,-4.5449016510826254,-7.8129767566209125,-12.373607343467768,-12.373604915285796,0.5262821489100679,0.6100231178792648,0.6330078700187143,0.6100231684553356,0.5262822901134765,0.39714678254715086,0.3057627886707016,0.2750683118297622,0.30576271972621955,0.3971466585154973,0.0,0.0,0.0,0.0,0.0,off,off,off,off,off
198.49999999999733,0.3,50.54999999999277,-7.78506285354382,-4.51688500998921,-3.4542204054932313,-4.516884288733024,-7.785061322645902,-12.34623328766844,-12.346230866318365,0.526153375872415,0.6100715284842068,0.6330713263478804,0.6100715790791572,0.5261535179633685,0.39736031561658997,0.30581717128034136,0.2750805128428235,0.3058171022866981,0.39736019152919294,0.0,0.0,0.0,0.0,0.0,off,off,off,off,off
198.74999999999733,0.3,50.62499999999276,-7.757153821840404,-4.4888768148292115,-3.4261888783639165,-4.488876096635352,-7.757152297186508,-12.318862394611358,-12.318859980087382,0.5260248597963348,0.6101204017205346,0.6331348618175392,0.6101204523339467,0.5260250028037454,0.3975724328459999,0.305870406500403,0.2750920518909331,0.30587033745849246,0.39757230870409194,0.0,0.0,0.0,0.0,0.0,off,off,off,off,off
198.99999999999733,0.3,50.69999999999275,-7.72925116397181,-4.460877752931026,-3.398166917293622,-4.460877037812452,-7.729249645589789,-12.29149468593505,-12.291492278231544,0.5258965647968254,0.6101697270584193,0.6331984661858665,0.6101697776899355,0.5258967087515045,0.3977831457925083,0.30592251682759186,0.2751029438249998,0.3059224477381247,0.39778302159725704,0.0,0.0,0.0,0.0,0.0,off,off,off,off,off
199.24999999999733,0.3,50.77499999999274,-7.701354845769174,-4.4328877878674575,-3.3701544916696093,-4.432887075841336,-7.70135333367989,-12.264130182883036,-12.264127781994603,0.5257684587996083,0.6102194955278669,0.6332621341965655,0.6102195461771843,0.5257686037338661,0.3979924649954986,0.3059735213467052,0.2751132230756282,0.3059734522102535,0.3979923407479914,0.0,0.0,0.0,0.0,0.0,off,off,off,off,off
199.49999999999733,0.3,50.849999999992725,-7.673464833258549,-4.404906883666399,-3.342151572599107,-4.404906174731991,-7.673463327499007,-12.236768906309123,-12.236766512230417,0.5256405103386772,0.6102696993508231,0.6333258624901118,0.6102697500177272,0.5256406562862143,0.3982003999424127,0.3060234365380488,0.27512291184202864,0.30602336735508,0.3982002756436638,0.0,0.0,0.0,0.0,0.0,off,off,off,off,off
199.74999999999733,0.3,50.924999999992714,-7.645581092428358,-4.376935004640586,-3.3141581318315048,-4.376934298803917,-7.6455795930272075,-12.209410876680636,-12.209408489406485,0.5255126875326287,0.6103203316601888,0.6333896487496906,0.6103203823444862,0.5255128345286275,0.39840695918005525,0.30607227689457595,0.27513202559017247,0.3060722076654779,0.3984068348310157,0.0,0.0,0.0,0.0,0.0,off,off,off,off,off
199.99999999999733,0.3,50.9999999999927,-7.617703588918516,-4.348972115291076,-3.2861741411529124,-4.348971412572951,-7.617702095885477,-12.182056114079728,-12.182053733605642,0.5253849577086029,0.6103713862849408,0.6334534912317502,0.6103714369864327,0.5253851057898256,0.3986121504482633,0.3061200553936305,0.2751405760890019,0.3061199861187315,0.39861202604982976,0.0,0.0,0.0,0.0,0.0,off,off,off,off,off
200.24999999999733,0.3,51.07499999999269,-7.589832287733714,-4.321018180194585,-3.2581995705792224,-4.321017480580224,-7.5898308011120434,-12.154704638202759,-12.154702264523905,0.5252572872219529,0.6104228575859422,0.6335173864194321,0.6104229083045315,0.5252574364267196,0.3988159808039169,0.30616678385758606,0.2751485555757034,0.30616671453716926,0.3988158563569406,0.0,0.0,0.0,0.0,0.0,off,off,off,off,off
200.49999999999733,0.3,51.14999999999268,-7.561967152937086,-4.293073157889296,-3.2302343821576187,-4.293072461400072,-7.561965672767997,-12.127356468356936,-12.127354101469507,0.5251296413375605,0.6104747176715343,0.6335813246194977,0.6104747684046473,0.5251297917059186,0.39901845672869884,0.30621245594106966,0.2751559499272017,0.30621238657356514,0.39901833223399485,0.0,0.0,0.0,0.0,0.0,off,off,off,off,off
200.74999999999733,0.3,51.22499999999267,-7.534108147048187,-4.265136994633394,-3.20227853862707,-4.265136301285224,-7.5341066733695925,-12.1000116234556,-12.100009263355616,0.5250019841326713,0.6105269290588468,0.6336453004412368,0.6105269798056829,0.5250021357064993,0.3992195842208497,0.30625706993665053,0.2751627986877467,0.3062570005231634,0.39921945967920125,0.0,0.0,0.0,0.0,0.0,off,off,off,off,off
200.99999999999733,0.3,51.29999999999266,-7.50625523076917,-4.237209638884963,-3.174332004580492,-4.237208948678472,-7.506253763624159,-12.072670122007992,-12.072667768691929,0.5248742784070087,0.6105794780358178,0.6337093109632221,0.6105795287959146,0.5248744312301042,0.3994193688727685,0.3063006593234025,0.27516912645280306,0.30630058986522474,0.3994192442849334,0.0,0.0,0.0,0.0,0.0,off,off,off,off,off
201.24999999999733,0.3,51.374999999992646,-7.478408362958021,-4.209291041548397,-3.1463947449585703,-4.209290354498364,-7.478406902380925,-12.045331982109929,-12.045329635574433,0.5247464855955323,0.6106323539919656,0.6337733543857718,0.6106324047649481,0.5247466397137561,0.39961781593650286,0.30634325195163814,0.27517494869293635,0.30634318244974146,0.3996176913032176,0.0,0.0,0.0,0.0,0.0,off,off,off,off,off
201.49999999999733,0.3,51.449999999992635,-7.450567500538398,-4.1813811551965046,-3.1184667243531408,-4.181380471305374,-7.450566046570941,-12.017997221433006,-12.017994881675008,0.5246185656822256,0.6106855483554492,0.6338374293621591,0.6106855991410572,0.5246187211435871,0.3998149303789784,0.30638487023407474,0.27518027511973975,0.3063848006891977,0.3998148057009615,0.0,0.0,0.0,0.0,0.0,off,off,off,off,off
201.74999999999733,0.3,51.52499999999262,-7.4227325984711,-4.153479933480526,-3.0905479021561746,-4.153479252770637,-7.422731151186838,-11.990665857214651,-11.990663524231536,0.5244904771132693,0.6107390540477603,0.6339015300694161,0.610739104845752,0.5244906339680028,0.400010716928562,0.30642553260226724,0.2751850740542964,0.3064254630149793,0.4000105922065188,0.0,0.0,0.0,0.0,0.0,off,off,off,off,off
201.99999999999733,0.3,51.59999999999261,-7.394903609712003,-4.1255873305129285,-3.0626382332861795,-4.125586652996958,-7.3949021691536245,-11.963337906246977,-11.963335580036755,0.5243621767087058,0.6107928650850244,0.6339656495519225,0.6107929158952257,0.5243623350095363,0.40020518011431405,0.30646525457502666,0.27518937145265027,0.30646518494577485,0.400205055348939,0.0,0.0,0.0,0.0,0.0,off,off,off,off,off
202.24999999999733,0.3,51.6749999999926,-7.3670804849979845,-4.097703300578871,-3.0347376766146112,-4.097702626261309,-7.367079051213011,-11.936013384866442,-11.936011065426726,0.5242336195720261,0.6108469762856038,0.6340297848069976,0.6108470271078918,0.5242337793742378,0.40039832429907407,0.30650404954106736,0.2751932006517334,0.3065039798702099,0.4003981994910514,0.0,0.0,0.0,0.0,0.0,off,off,off,off,off
202.49999999999733,0.3,51.74999999999259,-7.339263172849144,-4.069827798029451,-3.006846192754267,-4.069827126927919,-7.339261745903514,-11.908692308939635,-11.908689996269231,0.5241047589960721,0.6109013830556583,0.6340939343244075,0.6109014338899043,0.5241049203576349,0.40059015370734313,0.30654192933237356,0.2751965790139075,0.30654185962020475,0.4005900288573506,0.0,0.0,0.0,0.0,0.0,off,off,off,off,off
202.74999999999733,0.3,51.82499999999258,-7.311451619453408,-4.041960777115776,-2.9789637417674726,-4.041960109259378,-7.31145019942096,-11.881374693852763,-11.881372387950819,0.5239755463652018,0.6109560812322146,0.6341580962287107,0.6109561320782818,0.5239757093469524,0.4007806724487866,0.30657890464429094,0.27519950103977897,0.3065788348910595,0.4007805475574975,0.0,0.0,0.0,0.0,0.0,off,off,off,off,off
202.99999999999733,0.3,51.899999999992566,-7.283645768518966,-4.014102190839139,-2.9510902764494062,-4.014101526235379,-7.2836443554450625,-11.854060554497721,-11.854058255363327,0.52384593105282,0.6110110635149885,0.6342222635099583,0.611011114371998,0.523846095718717,0.4009698845380364,0.30661498176951746,0.2752019436627787,0.3066149119745365,0.4009697596061183,0.0,0.0,0.0,0.0,0.0,off,off,off,off,off
203.24999999999733,0.3,51.974999999992555,-7.255845560976866,-3.9862519810347976,-2.9232257509025885,-3.98625131969186,-7.255844154936312,-11.82674990525635,-11.82674761288996,0.5237158603138371,0.6110662988783222,0.6342864321767475,0.6110663497448339,0.523716026731018,0.4011577939113697,0.3066501449129284,0.2752039547425884,0.3066500750758417,0.40115766893948823,0.0,0.0,0.0,0.0,0.0,off,off,off,off,off
203.49999999999733,0.3,52.049999999992544,-7.228050934619603,-3.9584100859853493,-2.8953701217966454,-3.958409427932736,-7.228049535669697,-11.799442759985197,-11.79944047438704,0.5235852791712051,0.6111217709225535,0.6343506008398194,0.6111218217980728,0.5235854474102872,0.4013444044407553,0.30668441857869866,0.27520555587474727,0.3066843487009983,0.40134427942957507,0.0,0.0,0.0,0.0,0.0,off,off,off,off,off
203.74999999999733,0.3,52.12499999999253,-7.200261824037568,-3.9305764468263646,-2.8675233412391776,-3.9305757920870406,-7.200260432275002,-11.772139131995914,-11.7721368531665,0.5234541302951897,0.6111774705887166,0.6344147650270153,0.6111775214728999,0.5234543004303611,0.40152971994567643,0.30671783202655595,0.27520670422646093,0.3067177621093131,0.4015295948958603,0.0,0.0,0.0,0.0,0.0,off,off,off,off,off
203.99999999999733,0.3,52.19999999999252,-7.172478160647074,-3.902751006077665,-2.8396853569720975,-3.902750354676641,-7.172476776127439,-11.74483903403717,-11.744836761977751,0.5233223538750329,0.6112333908956583,0.6344789191369423,0.6112334417882465,0.5233225259844476,0.4017137442030822,0.30675040777463863,0.2752074403918207,0.30675033781862593,0.40171361911529374,0.0,0.0,0.0,0.0,0.0,off,off,off,off,off
204.24999999999733,0.3,52.27499999999251,-7.144699875800768,-3.8749337070612455,-2.8118561194937115,-3.87493305900216,-7.144698498623825,-11.717542478278745,-11.717540212991594,0.5231902191277823,0.6112895263053656,0.6345430596467788,0.6112895772062099,0.5231903933733085,0.4018964782730275,0.3067821636352046,0.2752077501351564,0.3067820936409886,0.40189635314687194,0.0,0.0,0.0,0.0,0.0,off,off,off,off,off
204.49999999999733,0.3,52.3499999999925,-7.116926985117004,-3.847124494552702,-2.7840355694475534,-3.847123849869888,-7.1169256153751235,-11.69024947658528,-11.690247218073011,0.523058848505473,0.611345872281675,0.6346071768501548,0.6113459231905999,0.5230590249125333,0.40207788669956346,0.30681311415074014,0.27520776033665884,0.3068130441187461,0.4020777615319192,0.0,0.0,0.0,0.0,0.0,off,off,off,off,off
204.74999999999733,0.3,52.42499999999249,-7.089159488119208,-3.819323316340899,-2.7562236497465165,-3.819322675052433,-7.089158125884353,-11.662960040932091,-11.662957789197662,0.5229271342868335,0.6114024249808729,0.6346712644162298,0.6114024758977692,0.5229273128681571,0.40225794180426105,0.30684327159301494,0.27520776033665884,0.30684320152357125,0.40225781659533283,0.0,0.0,0.0,0.0,0.0,off,off,off,off,off
204.99999999999733,0.3,52.499999999992475,-7.061397285102714,-3.7915301200664544,-2.728420313703225,-3.7915294821995644,-7.061395930481353,-11.635674182774721,-11.63567193782211,0.5227945109714346,0.6114591810458337,0.6347353225428614,0.6114592319705914,0.5227946918098411,0.4024366516205443,0.3068726466581601,0.27520776033665884,0.30687257655152916,0.40243652637175553,0.0,0.0,0.0,0.0,0.0,off,off,off,off,off
205.24999999999733,0.3,52.574999999992464,-7.033640252423936,-3.7637448513471554,-2.700625514609442,-3.763744216939017,-7.033638905494115,-11.608391912677234,-11.60838967451076,0.5226608069663446,0.611516137462061,0.6347993514148129,0.6115161883945621,0.5226609901648505,0.4026140320240842,0.3069012489502827,0.27520776033665884,0.30690117880668205,0.40261390673697334,0.0,0.0,0.0,0.0,0.0,off,off,off,off,off
205.49999999999733,0.3,52.64999999999245,-7.005888264873079,-3.73596745358293,-2.6728392051668948,-3.7359668226570193,-7.005886925749337,-11.581113240256684,-11.581111008881408,0.5225259386886136,0.6115732913950924,0.6348633512175232,0.611573342335175,0.5225261243583573,0.4027900985610885,0.3069290872510566,0.27520776033665884,0.3069290170705802,0.40278997323709,0.0,0.0,0.0,0.0,0.0,off,off,off,off,off
205.74999999999733,0.3,52.72499999999244,-6.9781411994177915,-3.7081978628119145,-2.6450613372545604,-3.7081972354002914,-6.978139868190681,-11.553838174198233,-11.553835949619724,0.522389837854828,0.6116306271525853,0.6349273221375507,0.6116306780987557,0.5223900261128149,0.4029648649976616,0.30695615119367875,0.27520776033665884,0.30695608097473365,0.40296473963808194,0.0,0.0,0.0,0.0,0.0,off,off,off,off,off
205.99999999999733,0.3,52.79999999999243,-6.9503989345975015,-3.6804360052939273,-2.6172918612367653,-3.6804353814423507,-6.950397611365588,-11.526566722275618,-11.52656450450047,0.5222524347124943,0.6116881259858343,0.6349912643641386,0.6116881769375659,0.5222526256813899,0.40313834331370196,0.30698244801662306,0.27520776033665884,0.3069823777608008,0.40313821791973403,0.0,0.0,0.0,0.0,0.0,off,off,off,off,off
206.24999999999733,0.3,52.87499999999242,-6.922661349348914,-3.652681808743921,-2.5895307259083324,-3.6526811884706945,-6.922660034253738,-11.499298891364333,-11.49929668039971,0.5221136542451347,0.6117457801211282,0.6350551780893359,0.6117458310781214,0.5221138480535781,0.4033105439613006,0.30700800835693315,0.27520776033665884,0.3070079380654257,0.403310418534045,0.0,0.0,0.0,0.0,0.0,off,off,off,off,off
206.49999999999733,0.3,52.94999999999241,-6.8949283220210305,-3.6249352017746332,-2.5617778786590293,-3.624934585121082,-6.894927015190262,-11.472034687446865,-11.472032483300666,0.5219734153433054,0.6118035839409919,0.6351190635076328,0.6118036349029895,0.5219736121265474,0.40348147613402185,0.307032854788644,0.27520776033665884,0.30703278446225934,0.40348135067450464,0.0,0.0,0.0,0.0,0.0,off,off,off,off,off
206.74999999999733,0.3,53.024999999992396,-6.867199729382435,-3.597196113040411,-2.534033265640005,-3.5971955000397884,-6.867198430928795,-11.44477411561121,-11.44477191829219,0.5218316306160444,0.6118615332097005,0.6351829208155809,0.6118615841765236,0.5218318305165303,0.40365114799921165,0.30705700434680133,0.27520776033665884,0.30705693398609935,0.40365102250839924,0.0,0.0,0.0,0.0,0.0,off,off,off,off,off
206.99999999999733,0.3,53.099999999992384,-6.839475445719472,-3.569464470660364,-2.5062968318034677,-3.5694638613621237,-6.839474155804737,-11.41751718004241,-11.417514989560289,0.5216882063047426,0.6119196245946521,0.635246750211715,0.611919675566124,0.5216884094725819,0.403819566889951,0.30708047045392234,0.27520776033665884,0.3070804000593033,0.40381944136876274,0.0,0.0,0.0,0.0,0.0,off,off,off,off,off
207.24999999999733,0.3,53.17499999999237,-6.811755342078982,-3.541740201793857,-2.4785685209466806,-3.541739596227899,-6.811754060866008,-11.390263884009698,-11.390261700375333,0.5215430421770876,0.6119778553540158,0.6353105518964548,0.6119779063300299,0.5215432487707985,0.4039867394618684,0.3071032641779206,0.27520776033665884,0.3071031937496824,0.40398661391118745,0.0,0.0,0.0,0.0,0.0,off,off,off,off,off
207.49999999999733,0.3,53.24999999999236,-6.784039285530184,-3.5140232323249165,-2.4508482756908165,-3.5140226305438205,-6.784038013177337,-11.363014229847522,-11.363012053072282,0.5213960313751064,0.6120362231328738,0.6353743260721634,0.6120362741132888,0.5213962415623068,0.4041526718208436,0.30712539505357034,0.27520776033665884,0.3071253245919452,0.4041525462415242,0.0,0.0,0.0,0.0,0.0,off,off,off,off,off
207.74999999999733,0.3,53.32499999999235,-6.756327138410995,-3.4863134866543533,-2.423136037491588,-3.4863128886972845,-6.756325875103414,-11.335768218930582,-11.335766049027427,0.5212470602127368,0.612094725830092,0.6354380729431289,0.6120947768148062,0.5212472741708001,0.4043173696269054,0.30714687161900656,0.27520776033665884,0.30714680112418563,0.4043172440197806,0.0,0.0,0.0,0.0,0.0,off,off,off,off,off
207.99999999999733,0.3,53.39999999999234,-6.728618757772097,-3.4586108874801766,-2.395431746587633,-3.458610293407048,-6.728617503684347,-11.308525851646948,-11.308523688630032,0.5210960079222168,0.6121533615115338,0.6355017927156879,0.6121534125004043,0.5210962258391303,0.4044808381787348,0.30716770176616015,0.27520776033665884,0.30716763123830915,0.4044807125446218,0.0,0.0,0.0,0.0,0.0,off,off,off,off,off
208.24999999999733,0.3,53.47499999999233,-6.7009139946322875,-3.4309153528160437,-2.367735341925709,-3.430914762676821,-6.7009127499781584,-11.281287127365545,-11.28128497125033,0.5209427463502501,0.6122121221631661,0.6355654855984024,0.612212173155135,0.5209429684253427,0.40464308248237885,0.3071878801271954,0.27520776033665884,0.30718780956474345,0.40464295682208307,0.0,0.0,0.0,0.0,0.0,off,off,off,off,off
208.49999999999733,0.3,53.549999999992316,-6.673212693244807,-3.4032267904791524,-2.340046760600387,-3.403226204330508,-6.673211458216315,-11.254052044398065,-11.254049895201149,0.5207871396031989,0.6122709920446344,0.6356291518033457,0.6122710430390832,0.5207873660481642,0.40480410730710664,0.3072074061434744,0.27520776033665884,0.3072073355477607,0.404803981621427,0.0,0.0,0.0,0.0,0.0,off,off,off,off,off
208.74999999999733,0.3,53.624999999992305,-6.645514690353764,-3.3755451086204857,-2.3123659377232,-3.3755445265341564,-6.645513465179306,-11.226820599957364,-11.226818457696766,0.5206290436404187,0.6123299647386592,0.635692791546404,0.6123300157352093,0.5206292746801673,0.4049639172308076,0.30722630988088806,0.27520776033665884,0.30722623925317655,0.4049637915205377,0.0,0.0,0.0,0.0,0.0,off,off,off,off,off
208.99999999999733,0.3,53.69999999999229,-6.617819814817608,-3.3478702159061413,-2.2846928066157375,-3.3478696379435178,-6.617818599713928,-11.199592790110898,-11.199590654805888,0.5204683058132968,0.6123890360225489,0.6357564050468436,0.6123890870209376,0.5204685416871034,0.40512251667687094,0.30724461282532034,0.27520776033665884,0.30724454216640945,0.4051223909428032,0.0,0.0,0.0,0.0,0.0,off,off,off,off,off
209.24999999999733,0.3,53.77499999999228,-6.590127887005735,-3.320202020212264,-2.2570272989126465,-3.320201446428257,-6.590126682227378,-11.172368609732587,-11.17236648140397,0.5203047643487678,0.612448202891885,0.6358199925270843,0.6124482538919179,0.5203050053113166,0.405279909944145,0.30726233040680634,0.27520776033665884,0.307262259717217,0.40527978418707183,0.0,0.0,0.0,0.0,0.0,off,off,off,off,off
209.49999999999733,0.3,53.84999999999227,-6.562438718262342,-3.29254042774744,-2.229369344585564,-3.292539858210546,-6.562437524060954,-11.145148052449713,-11.145145931120055,0.520138247773661,0.6125074630796217,0.6358835542126459,0.6125075140811074,0.5201384940963661,0.40543610123125173,0.3072794744045744,0.27520776033665884,0.30727940368466206,0.40543597545196836,0.0,0.0,0.0,0.0,0.0,off,off,off,off,off
209.74999999999733,0.3,53.92499999999226,-6.534752110285979,-3.264885342448565,-2.2017188719235037,-3.264884777241946,-6.534750926953961,-11.117931110587449,-11.117928996280966,0.5199685742763422,0.6125668147660551,0.635947090332206,0.6125668657687869,0.5199688262486113,0.4055910946563144,0.30729605439884194,0.27520776033665884,0.30729598364886457,0.40559096885562007,0.0,0.0,0.0,0.0,0.0,off,off,off,off,off
209.99999999999733,0.3,53.99999999999225,-6.5070678544278735,-3.23723666554082,-2.1740758074664086,-3.237236104748831,-6.507066682248876,-11.090717775107919,-11.090715667850588,0.519795551001094,0.6126262564039431,0.6360106011177517,0.6126263074077237,0.5197958089319071,0.4057448942729429,0.3073120786472789,0.27520776033665884,0.30731200786743773,0.4057447684516431,0.0,0.0,0.0,0.0,0.0,off,off,off,off,off
210.24999999999733,0.3,54.07499999999224,-6.479385730994295,-3.2095942951450525,-2.146440075949272,-3.209593738854835,-6.479384570265779,-11.063508035545738,-11.063505935365413,0.5196189732695993,0.61268578661321,0.6360740868047152,0.6126858376178425,0.5196192374890857,0.40589750408317404,0.30732755461420197,0.27520776033665884,0.30732748380466524,0.40589737824208005,0.0,0.0,0.0,0.0,0.0,off,off,off,off,off
210.49999999999733,0.3,54.149999999992225,-6.451705509353587,-3.1819581259959477,-2.118811600164406,-3.181957574286457,-6.451704360444637,-11.036301879939401,-11.036299786866152,0.5194387220601677,0.6127454040936077,0.6361375476322942,0.612745455098868,0.5194389929825919,0.4060489279127564,0.30734248921751917,0.27520776033665884,0.30734241837828713,0.4060488020525897,0.0,0.0,0.0,0.0,0.0,off,off,off,off,off
210.74999999999733,0.3,54.224999999992214,-6.4240271984725155,-3.154328048328125,-2.091190300863957,-3.154327501307705,-6.424026061755228,-11.009099295385454,-11.009097209451568,0.5192595386895993,0.6128051009431308,0.6362009838436764,0.6128051519479413,0.5192598168177592,0.4061991395081412,0.3073568714208554,0.27520776033665884,0.30735680055040765,0.40619901362528915,0.0,0.0,0.0,0.0,0.0,off,off,off,off,off
210.99999999999733,0.3,54.2999999999922,-6.396351031655058,-3.126703958686619,-2.06357609687052,-3.126703416446901,-6.396349907499314,-10.981900270588483,-10.981898191828861,0.5190787486661415,0.6128648669509021,0.6362643956857966,0.6128649179547783,0.5190790338394018,0.40634808556026336,0.3073707120302028,0.27520776033665884,0.3073706411303862,0.4063479596540029,0.0,0.0,0.0,0.0,0.0,off,off,off,off,off
211.24999999999733,0.3,54.37499999999219,-6.368676703695883,-3.0990857580289912,-2.0359689057821697,-3.0990852206937802,-6.368675592434158,-10.95470479383249,-10.954702722283855,0.5188929257564296,0.6129246978742328,0.6363277834077355,0.6129247488767537,0.5188932183593558,0.4064957750536579,0.3073840383104655,0.27520776033665884,0.3073839673823771,0.4064956491260035,0.0,0.0,0.0,0.0,0.0,off,off,off,off,off
211.49999999999733,0.3,54.44999999999218,-6.341003767261782,-3.071473339228021,-2.0083686438245536,-3.071472806910606,-6.341002669291356,-10.927512850637982,-10.927510786339667,0.5187015101290018,0.6129845910534313,0.6363911472610599,0.6129846420542717,0.5187018106606394,0.4066422314227111,0.30739686788565257,0.27520776033665884,0.3073967969299387,0.4066421054757486,0.0,0.0,0.0,0.0,0.0,off,off,off,off,off
211.74999999999733,0.3,54.52499999999217,-6.3133317769081145,-3.0438665852761915,-1.9807752252449404,-3.0438660580900887,-6.31333069264042,-10.900324423506277,-10.900322366499893,0.5185043242299647,0.6130445447011802,0.6364544875012142,0.6130445957000519,0.5185046332256972,0.4067874756381055,0.30740921304166263,0.27520776033665884,0.3074091420587265,0.4067873496736873,0.0,0.0,0.0,0.0,0.0,off,off,off,off,off
211.99999999999733,0.3,54.59999999999216,-6.285660300363361,-3.0162653697312862,-1.9531885618515048,-3.016264847794389,-6.285659230258773,-10.873139492019106,-10.873137442349162,0.5183011945006325,0.6131045575150852,0.6365178043885676,0.6131046085117091,0.5183015125258841,0.40693152495979495,0.30742108315142785,0.27520776033665884,0.307421012141543,0.4069313989795616,0.0,0.0,0.0,0.0,0.0,off,off,off,off,off
212.24999999999733,0.3,54.674999999992146,-6.257988912801693,-2.988669557349283,-1.9256085625023616,-2.9886690408027334,-6.257987857377998,-10.845958032932629,-10.84595599064653,0.5180919048052095,0.6131646284651059,0.6365810981895884,0.6131646794591619,0.5180922324589831,0.4070743935615957,0.3074324860007712,0.27520776033665884,0.3074324149641417,0.40707426756702536,0.0,0.0,0.0,0.0,0.0,off,off,off,off,off
212.49999999999733,0.3,54.749999999992134,-6.230317190013409,-2.9610790045542785,-1.8980351327756466,-2.9610784935443917,-6.230316149803684,-10.81878002022222,-10.818777985371298,0.5178761934006675,0.6132247566771035,0.6366443691775973,0.613224807668266,0.5178765313205808,0.40721609321572694,0.30744342851335554,0.27520776033665884,0.30744335745015056,0.4072159672081771,0.0,0.0,0.0,0.0,0.0,off,off,off,off,off
212.74999999999733,0.3,54.82499999999212,-6.202644702183306,-2.9334935597116782,-1.870468174580708,-2.933493054394262,-6.202643677781509,-10.79160542508356,-10.791603397721815,0.5176537546182406,0.6132849413691417,0.6367076176336588,0.6132849923570675,0.5176541034857017,0.407356633845156,0.3074539171471278,0.27520776033665884,0.30745384605749887,0.40735650782589755,0.0,0.0,0.0,0.0,0.0,off,off,off,off,off
212.99999999999733,0.3,54.89999999999211,-6.174971008605269,-2.905913061485137,-1.8429075858697956,-2.9059125620215696,-6.174970000640542,-10.76443421589147,-10.764432196077507,0.5174242401927117,0.6133451791173317,0.6367708438472409,0.6133452301011683,0.5174246007385618,0.40749602395129614,0.3074639470740839,0.27520776033665884,0.3074638759564712,0.40749589792153823,0.0,0.0,0.0,0.0,0.0,off,off,off,off,off
213.24999999999733,0.3,54.9749999999921,-6.147295652698915,-2.878337334109176,-1.8153532600029507,-2.878336840673228,-6.1472946618334845,-10.737266358126647,-10.737264345922995,0.5171872596980587,0.6134054612851606,0.6368340481176645,0.6134055122641471,0.5171876327085314,0.4076342709429086,0.3074735176715365,0.27520776033665884,0.3074734465273797,0.4076341449038188,0.0,0.0,0.0,0.0,0.0,off,off,off,off,off
213.49999999999733,0.3,55.04999999999209,-6.119618157552566,-2.850766195973222,-1.7878050853936998,-2.8507657087425855,-6.119617184514141,-10.710101814268796,-10.710099809742132,0.5169423801173405,0.6134657843814114,0.636897230754916,0.613465835355025,0.5169427664404289,0.40777138138867763,0.30748265695518195,0.27520776033665884,0.30748258578572985,0.40777125534139785,0.0,0.0,0.0,0.0,0.0,off,off,off,off,off
213.74999999999733,0.3,55.12499999999208,-6.091938022055103,-2.8231994595895458,-1.7602629454910357,-2.823198978762207,-6.091937067655465,-10.68294054366055,-10.682938546882667,0.5166891246191505,0.6135261466241483,0.6369603920796889,0.6135261975918911,0.5166895251715953,0.4079073612110655,0.30749138209008636,0.27520776033665884,0.30749131089599985,0.4079072351567246,0.0,0.0,0.0,0.0,0.0,off,off,off,off,off
213.99999999999733,0.3,55.199999999992066,-6.064254716973835,-2.795636929664056,-1.7327267186338986,-2.7956364554472657,-6.064253782045512,-10.655782502348245,-10.655780513395712,0.516426970593366,0.6135865469932626,0.6370235324237219,0.6135865979546509,0.5164273863685277,0.4080422158350222,0.30749970420086,0.27520776033665884,0.30749963298252136,0.40804208977474676,0.0,0.0,0.0,0.0,0.0,off,off,off,off,off
214.24999999999733,0.3,55.274999999992055,-6.036567681023712,-2.76807840177554,-1.7051962778099323,-2.768077934438054,-6.036566766489443,-10.628627642894173,-10.628625661849583,0.5161553469717941,0.6136469848457659,0.6370866521303484,0.6136470358001942,0.5161557790481137,0.40817595030198317,0.3075076315127042,0.27520776033665884,0.3075075602703653,0.4081758242369046,0.0,0.0,0.0,0.0,0.0,off,off,off,off,off
214.49999999999733,0.3,55.34999999999204,-6.008876316937517,-2.7405236614490605,-1.6776714903849097,-2.7405232012051783,-6.0088754238040565,-10.601475914164041,-10.601473941116126,0.5158736308355132,0.6137074597315555,0.637149751555116,0.6137075106785483,0.5158740803861064,0.40830856935717375,0.30751517086227664,0.27520776033665884,0.30751509959612966,0.4083084432884356,0.0,0.0,0.0,0.0,0.0,off,off,off,off,off
214.74999999999733,0.3,55.42499999999203,-5.981179987323628,-2.712972483100259,-1.6501522177422316,-2.712972030204469,-5.98117911664491,-10.574327261088115,-10.574325296132258,0.5155811432891767,0.6137679713062083,0.6372128310666122,0.6137680222452043,0.5155816115926584,0.40844007751638106,0.3075223284245348,0.27520776033665884,0.30752225713474535,0.4084399514451451,0.0,0.0,0.0,0.0,0.0,off,off,off,off,off
214.99999999999733,0.3,55.49999999999202,-5.9534780102405875,-2.6854246289310026,-1.6226383149008825,-2.685424183705777,-5.953477163176501,-10.547181624393204,-10.547179667631667,0.5152771445609693,0.6138285190329548,0.6372758910473331,0.6138285699631172,0.5152776330134596,0.4085704791169261,0.3075291082212107,0.27520776033665884,0.3075290369070866,0.4085703530443764,0.0,0.0,0.0,0.0,0.0,off,off,off,off,off
215.24999999999733,0.3,55.57499999999201,-5.92576965444664,-2.6578798435503472,-1.595129629955352,-2.6578794062809266,-5.9257688322703075,-10.520038940306279,-10.520036991848713,0.5149608282655679,0.6138890974904497,0.6373389318949642,0.613889148410661,0.5149613383943367,0.4086997783564644,0.30753549644914685,0.27520776033665884,0.30753542511039084,0.40869965228381333,0.0,0.0,0.0,0.0,0.0,off,off,off,off,off
215.49999999999733,0.3,55.649999999992,-5.898054134116194,-2.6303378555505788,-1.5676260032643086,-2.6303374265943376,-5.898053338184866,-10.492899140222278,-10.492897200186974,0.5146313147452579,0.6139497025125344,0.6374019540242274,0.6139497534218604,0.5146318482243484,0.40882797932240417,0.30754151617134523,0.27520776033665884,0.3075414448097367,0.4088278532508956,0.0,0.0,0.0,0.0,0.0,off,off,off,off,off
215.74999999999733,0.3,55.72499999999199,-5.870330603321918,-2.602798381728178,-1.5401272671960555,-2.6027979614077594,-5.87032983511574,-10.465762150340026,-10.465760218854655,0.5142876433787762,0.6140103328040327,0.6374649578674597,0.6140103837017074,0.5142882020465852,0.4089550860140803,0.30754718751477084,0.27520776033665884,0.307547116131109,0.4089549599449945,0.0,0.0,0.0,0.0,0.0,off,off,off,off,off
215.99999999999733,0.3,55.799999999991975,-5.842598149881383,-2.5752611235605514,-1.5126332456709974,-2.575260712274087,-5.842597411037502,-10.43862789125808,-10.438625968460258,0.5139287637209657,0.6140709879130557,0.6375279438756603,0.6140710387981784,0.5139293496003747,0.409081102359326,0.30755252175616415,0.27520776033665884,0.307552450350857,0.4090809762939839,0.0,0.0,0.0,0.0,0.0,off,off,off,off,off
216.24999999999733,0.3,55.874999999991964,-5.81485578849464,-2.547725764818324,-1.4851437536287904,-2.5477253629746315,-5.814855080766449,-10.411496277529011,-10.411494363566533,0.5135535253039243,0.6141316677531276,0.6375909125197016,0.6141317186247893,0.5135541406255661,0.40920603222669305,0.3075575265940277,0.27520776033665884,0.30755745516732913,0.40920590616645997,0.0,0.0,0.0,0.0,0.0,off,off,off,off,off
216.49999999999733,0.3,55.94999999999195,-5.787102452979866,-2.5201919693974446,-1.45765859631706,-2.5201915774627537,-5.787101778273552,-10.384367217164254,-10.38436531219719,0.513160665892856,0.6141923724125959,0.6376538642919509,0.6141924232697651,0.5131613131216709,0.40932987943427906,0.3075622082842196,0.27520776033665884,0.3075621368363251,0.4093297533805689,0.0,0.0,0.0,0.0,0.0,off,off,off,off,off
216.74999999999733,0.3,56.02499999999194,-5.759338158566663,-2.4926593908470522,-1.4301775687802092,-2.492659009299132,-5.75933751908957,-10.357240613388399,-10.357238717589894,0.5127769252274974,0.6142531020546318,0.6377167997074294,0.6142531528962545,0.512777607487133,0.40945261477348255,0.30756657250517017,0.27520776033665884,0.307566501036255,0.4094524887219961,0.0,0.0,0.0,0.0,0.0,off,off,off,off,off
216.99999999999733,0.3,56.09999999999193,-5.731566288246938,-2.4651277757428147,-1.402700459314815,-2.4651274051183236,-5.731565685914575,-10.330116385781537,-10.330114499337753,0.5124045740159978,0.6143138550849464,0.6377797192959559,0.6143139059095019,0.512405288737283,0.40957411468400734,0.3075706130006826,0.27520776033665884,0.30757054150897406,0.4095739886322358,0.0,0.0,0.0,0.0,0.0,off,off,off,off,off
217.24999999999733,0.3,56.17499999999192,-5.703786628822741,-2.4375969282031633,-1.3752270564467608,-2.4375965690556427,-5.703786065501845,-10.30299446531501,-10.302992588424274,0.5120174478830983,0.6143746265533128,0.6378426235862706,0.6143746773593483,0.5120181973039926,0.40969436378609003,0.30757433062341494,0.27520776033665884,0.30757425911081987,0.40969423773582714,0.0,0.0,0.0,0.0,0.0,off,off,off,off,off
217.49999999999733,0.3,56.24999999999191,-5.67599804024718,-2.4100666284151657,-1.34775714900735,-2.410066281341301,-5.675997517988151,-10.275874776878027,-10.275872909750206,0.5116140391310774,0.6144354149906209,0.6379055131058678,0.6144354657767652,0.5116148259154173,0.4098133727602647,0.3075777519098067,0.27520776033665884,0.30757768037740196,0.4098132467133492,0.0,0.0,0.0,0.0,0.0,off,off,off,off,off
217.74999999999733,0.3,56.324999999991896,-5.648199357258136,-2.382536626886065,-1.3202905241882945,-2.382536292491068,-5.648198878309643,-10.248757237845325,-10.248755380703983,0.511193579755336,0.614496220081949,0.6379683883854267,0.6144962708468533,0.5111944067808247,0.409931151434334,0.30758088930425526,0.27520776033665884,0.30758081775249374,0.40993102539256826,0.0,0.0,0.0,0.0,0.0,off,off,off,off,off
217.99999999999733,0.3,56.399999999991884,-5.62038939693349,-2.3550066443608557,-1.2928269655800477,-2.3550063233097376,-5.620388963738776,-10.221641758023395,-10.221639911107218,0.5107552123355983,0.6145570418942441,0.6380312499632764,0.6145570926364365,0.5107560827156856,0.41004770852067624,0.3075837501991784,0.27520776033665884,0.30758367862832037,0.41004758248585477,0.0,0.0,0.0,0.0,0.0,off,off,off,off,off
218.24999999999733,0.3,56.47499999999187,-5.592566946765771,-2.327476372433466,-1.265366251430578,-2.3274760654223314,-5.592566562010859,-10.19452823953685,-10.19452640310061,0.5102979757625922,0.6146178806576134,0.6380940983893645,0.6146179313755583,0.5102988928749606,0.41016305187092217,0.3075863403926961,0.27520776033665884,0.3075862688029453,0.4101629258448551,0.0,0.0,0.0,0.0,0.0,off,off,off,off,off
218.49999999999733,0.3,56.54999999999186,-5.564730753252718,-2.2999454735906397,-1.2379081530415306,-2.2999451813778364,-5.564730419850662,-10.167416576634196,-10.167414750949888,0.50982080490321,0.6146787362415198,0.6381569342289015,0.6146787869333722,0.5098217724210304,0.41027718867682383,0.30758865977118416,0.27520776033665884,0.30758858816103235,0.41027706266135716,0.0,0.0,0.0,0.0,0.0,off,off,off,off,off
218.74999999999733,0.3,56.62499999999185,-5.536879511367147,-2.272413577135751,-1.2104524330649156,-2.272413300509072,-5.536879232512774,-10.140306655417987,-10.14030484077739,0.5093225286312311,0.6147396051340934,0.6382197580662436,0.6147396557978417,0.5093235505574153,0.4103901256220413,0.3075906966927591,0.27520776033665884,0.3075906250634423,0.41038999961907485,0.0,0.0,0.0,0.0,0.0,off,off,off,off,off
218.99999999999733,0.3,56.69999999999184,-5.509011854328264,-2.244880284316366,-1.182998843974417,-2.2448800241333515,-5.509011633515684,-10.113198353506618,-10.113196550222767,0.5088018661207053,0.6148004861904692,0.6382825705083658,0.614800536824184,0.5088029468258664,0.4105018689965674,0.3075924796196334,0.27520776033665884,0.3075924079725009,0.4105017430080703,0.0,0.0,0.0,0.0,0.0,off,off,off,off,off
219.24999999999733,0.3,56.77499999999183,-5.481126343922938,-2.217345169748853,-1.155547126994577,-2.217344926941564,-5.481126184927916,-10.08609153962874,-10.086089748037637,0.5082574215333254,0.6148613797782405,0.6383453721872984,0.6148614303798603,0.5082585657982923,0.4106124247828053,0.307594021613669,0.27520776033665884,0.30759394994915673,0.4106122988108287,0.0,0.0,0.0,0.0,0.0,off,off,off,off,off
219.49999999999733,0.3,56.849999999991816,-5.453221460675309,-2.1898077780986114,-1.128097010886222,-2.1898075536687998,-5.453221367620358,-10.05898607315271,-10.058984293615595,0.5076876771803042,0.6149222865645019,0.6384081637628884,0.6149223371318201,0.5076888902432543,0.4107217987201323,0.30759532932867034,0.27520776033665884,0.3075952576470224,0.41072167276682375,0.0,0.0,0.0,0.0,0.0,off,off,off,off,off
219.74999999999733,0.3,56.924999999991805,-5.425295593779765,-2.162267621597209,-1.100648210681868,-2.1622674166323463,-5.425295571193033,-10.031881803551187,-10.031880036456698,0.5070909851903831,0.6149832066635804,0.6384709459256765,0.6149832571939913,0.5070922727998936,0.4108299963531115,0.30759639874117034,0.27520776033665884,0.3075963270403718,0.4108298704207268,0.0,0.0,0.0,0.0,0.0,off,off,off,off,off
219.99999999999733,0.3,56.99999999999179,-5.397347030663411,-2.1347241743714562,-1.0732004261669772,-2.1347239900374007,-5.397347083473392,-10.004778569797566,-10.004776815564412,0.5064655576744015,0.615044137380346,0.638533719400346,0.615044187871103,0.5064669261490676,0.4109370230672524,0.307597222467197,0.27520776033665884,0.30759715074941885,0.41093689715817067,0.0,0.0,0.0,0.0,0.0,off,off,off,off,off
220.24999999999733,0.3,57.07499999999178,-5.3693739459206995,-2.1071768775214537,-1.0457533405036088,-2.1071767150814367,-5.369374079535021,-9.977676199691132,-9.97767445877139,0.5058094553395269,0.6151050789862719,0.6385964849488507,0.6151051294345882,0.505810911635393,0.41104288411527323,0.30759783038328037,0.27520776033665884,0.30759775864945355,0.41104275823200964,0.0,0.0,0.0,0.0,0.0,off,off,off,off,off
220.49999999999733,0.3,57.14999999999177,-5.34137438987517,-2.0796251366851948,-1.0183066190421073,-2.079624997511928,-5.341374610177581,-9.950574509110766,-9.950572781992832,0.5051205744716966,0.6151660324204298,0.6386592433731171,0.6151660828232004,0.505122126258619,0.41114758463608964,0.30759822792246555,0.27520776033665884,0.30759815617115127,0.4111474587813095,0.0,0.0,0.0,0.0,0.0,off,off,off,off,off
220.74999999999733,0.3,57.22499999999176,-5.313346275987726,-2.0520683134000706,-0.9908599078356701,-2.0520681989857508,-5.313346589447349,-9.923473301188778,-9.923471588400218,0.5043966321731385,0.6152269956630981,0.6387219955184119,0.6152270460167739,0.5043982879211512,0.41125112966821065,0.3075983936655779,0.27520776033665884,0.3075983218976533,0.4112510038447451,0.0,0.0,0.0,0.0,0.0,off,off,off,off,off
220.99999999999733,0.3,57.29999999999175,-5.285287367282876,-2.0245057254481367,-0.9634128318811577,-2.0245056374166097,-5.285287781011959,-9.896372365399372,-9.896370667511519,0.5036351497095405,0.6152879676331513,0.6387847422773423,0.6152880179338651,0.503636918787086,0.4113535241588016,0.3075984046770098,0.27520776033665884,0.3075983329045401,0.41135339836966395,0.0,0.0,0.0,0.0,0.0,off,off,off,off,off
221.24999999999733,0.3,57.374999999991736,-5.257195261640618,-1.9969366438542693,-0.9359649934621643,-1.9969365839733086,-5.257195783425914,-9.869271476555639,-9.869269794187744,0.5028334337887181,0.6153489473562802,0.638847484593616,0.6153489976001526,0.5028353265746341,0.41145477296935573,0.3075984046770098,0.27520776033665884,0.3075983329045401,0.4114546472177605,0.0,0.0,0.0,0.0,0.0,off,off,off,off,off
221.49999999999733,0.3,57.449999999991725,-5.229067375858904,-1.96936029478411,-0.9085159706611989,-1.9693602649690547,-5.2290680142972406,-9.842170393706795,-9.842168727531032,0.5019885555574728,0.6154099368187069,0.6389102234654159,0.6154099870015328,0.5019905835686972,0.4115548808786872,0.3075984046770098,0.27520776033665884,0.3075983329045401,0.4115547551680701,0.0,0.0,0.0,0.0,0.0,off,off,off,off,off
221.74999999999733,0.3,57.524999999991714,-5.200900928133706,-1.941775850890167,-0.8810653155605905,-1.9417758532534322,-5.200901692662569,-9.81506885892668,-9.815067209672918,0.5010973270682119,0.6154709378768083,0.6389729599494862,0.6154709879939481,0.501099503106151,0.411653852583767,0.3075984046770098,0.27520776033665884,0.3075983329045401,0.41165372691780655,0.0,0.0,0.0,0.0,0.0,off,off,off,off,off
221.99999999999733,0.3,57.5999999999917,-5.172692918631924,-1.9141824265531113,-0.8536125522268208,-1.9141824633836677,-5.172693819654228,-9.787966595981231,-9.787964964443631,0.5001562749285069,0.6155319525144747,0.6390356951657048,0.6155320025609025,0.5001586132467307,0.4117516926987817,0.3075984046770098,0.27520776033665884,0.3075983329045401,0.41175156708142346,0.0,0.0,0.0,0.0,0.0,off,off,off,off,off
222.24999999999733,0.3,57.67499999999169,-5.14444010806443,-1.8865790729676064,-0.8261571744317848,-1.8865791467811732,-5.144441157099266,-9.760863308864032,-9.760861695907408,0.49916161080486793,0.6155929828538549,0.6390984303022549,0.6155930328240454,0.4991641273015081,0.41184840575268783,0.3075984046770098,0.27520776033665884,0.3075983329045401,0.4118482801881723,0.0,0.0,0.0,0.0,0.0,off,off,off,off,off
222.49999999999733,0.3,57.74999999999168,-5.11613899404432,-1.858964772765205,-0.7986986432359799,-1.8589648863418233,-5.116140203799205,-9.73375868018428,-9.733757086752007,0.4981091984053572,0.6156540311671386,0.6391611666211074,0.6156540810549866,0.4981119108450299,0.41194399618545735,0.3075984046770098,0.27520776033665884,0.3075983329045401,0.4119438706783502,0.0,0.0,0.0,0.0,0.0,off,off,off,off,off
222.74999999999733,0.3,57.82499999999167,-5.087785784822358,-1.8313384341138885,-0.7712363843030516,-1.8313385904738197,-5.08778716941282,-9.706652369393225,-9.706650796515305,0.496994516517956,0.6157150998894997,0.6392239054641169,0.615715149688375,0.4969974447874222,0.41203846834313596,0.3075984046770098,0.27520776033665884,0.3075983329045401,0.41203834289836216,0.0,0.0,0.0,0.0,0.0,off,off,off,off,off
222.99999999999733,0.3,57.89999999999166,-5.059376370128859,-1.8036988840414097,-0.7437697849904339,-1.80369908652915,-5.059377945218614,-9.679544010828238,-9.67954245963125,0.4958126176279055,0.6157761916337484,0.6392866482596186,0.6157762413363063,0.4958157840320596,0.4121318264717917,0.3075984046770098,0.27520776033665884,0.3075983329045401,0.41213170109467406,0.0,0.0,0.0,0.0,0.0,off,off,off,off,off
223.24999999999733,0.3,57.974999999991645,-5.0309062888507015,-1.7760448611782635,-0.7162981911572501,-1.7760451134815298,-5.0309080718394625,-9.652433211557593,-9.652431683275495,0.4945580815818436,0.615837309206249,0.6393493965296713,0.6158373588043909,0.49456151118677966,0.41222407471038836,0.3075984046770098,0.27520776033665884,0.3075983329045401,0.41222394940669055,0.0,0.0,0.0,0.0,0.0,off,off,off,off,off
223.49999999999733,0.3,58.049999999991634,-5.002370692931265,-1.7483750076615934,-0.6888209036746957,-1.7483753138329234,-5.002372703224125,-9.625319549001063,-9.62531804498741,0.49322496370956076,0.6158984556246803,0.6394121518979733,0.6158985051095095,0.49322868474085285,0.4123152170825827,0.3075984046770098,0.27520776033665884,0.3075983329045401,0.41231509185855864,0.0,0.0,0.0,0.0,0.0,off,off,off,off,off
223.74999999999733,0.3,58.12499999999162,-4.973764307339934,-1.7206878601579092,-0.6613371745590939,-1.7206882246648547,-4.973766566586676,-9.598202568303009,-9.598201090044995,0.49180673675642905,0.6159596341377358,0.6394749160986335,0.6159596834994435,0.49181078106313375,0.41240525748742235,0.3075984046770098,0.27520776033665884,0.3075983329045401,0.41240513234987025,0.0,0.0,0.0,0.0,0.0,off,off,off,off,off
223.99999999999733,0.3,58.19999999999161,-4.945081385307333,-1.692981839860522,-0.633846202740358,-1.6929822676793265,-4.945083917698298,-9.57108177942672,-9.571080328560697,0.49029622593067623,0.6160208482470647,0.6395376909857687,0.6160208974747245,0.49030062952729114,0.4124941996888892,0.3075984046770098,0.27520776033665884,0.3075983329045401,0.41249407464521404,0.0,0.0,0.0,0.0,0.0,off,off,off,off,off
224.24999999999733,0.3,58.2749999999916,-4.916315658481494,-1.6652552415201285,-0.6063471293998077,-1.6652557381602833,-4.916318491116783,-9.543956653939745,-9.543955232269582,0.48868553632992007,0.6160821017313339,0.6396004785440766,0.6160821508128483,0.48869034003047246,0.4125820473042185,0.3075984046770098,0.27520776033665884,0.3075983329045401,0.4125819223625016,0.0,0.0,0.0,0.0,0.0,off,off,off,off,off
224.49999999999733,0.3,58.34999999999159,-4.887460281309359,-1.6375062211020008,-0.5788390328302171,-1.6375067926726388,-4.88746344463209,-9.516826621455323,-9.516825230972984,0.4869659719983447,0.6161433986733058,0.6396632809004926,0.6161434475952632,0.4869712221588694,0.41266880379089826,0.3075984046770098,0.27520776033665884,0.3075983329045401,0.41266867895997866,0.0,0.0,0.0,0.0,0.0,off,off,off,off,off
224.74999999999733,0.3,58.42499999999158,-4.85850776907364,-1.6097327821789236,-0.5513209227385687,-1.6097334354814734,-4.858511297326572,-9.489691065686998,-9.48968970859596,0.4851279458909082,0.6162047434896863,0.6397261003371121,0.6162047922371532,0.4851336952833322,0.41275447243224545,0.3075984046770098,0.27520776033665884,0.3075983329045401,0.41275434772180974,0.0,0.0,0.0,0.0,0.0,off,off,off,off,off
224.99999999999733,0.3,58.499999999991566,-4.829449928862232,-1.5819327607456444,-0.5237917339669593,-1.5819335033983748,-4.82945386066109,-9.462549320075482,-9.462547998817627,0.4831608801245799,0.6162661409644349,0.6397889393054262,0.6162661895206849,0.48316718896513544,0.4128390563214259,0.3075984046770098,0.27520776033665884,0.3075983329045401,0.4128389317421132,0.0,0.0,0.0,0.0,0.0,off,off,off,off,off
225.24999999999733,0.3,58.574999999991554,-4.8002777827289265,-1.5541038083982812,-0.4962503195355339,-1.5541046488880852,-4.800282161679718,-9.435400662936502,-9.435399380223657,0.4810530961101684,0.6163275962856563,0.6398518004421011,0.6163276446320574,0.4810600332737401,0.4129225583437807,0.3075984046770098,0.27520776033665884,0.3075983329045401,0.41292243390730105,0.0,0.0,0.0,0.0,0.0,off,off,off,off,off
225.49999999999733,0.3,58.64999999999154,-4.770981482424304,-1.5262433735657055,-0.468695442962769,-1.5262443213924826,-4.770986357924812,-9.408244312078011,-9.408243070927597,0.47879169456167747,0.616389115086771,0.6399146865863875,0.6163891632024667,0.47879933901702953,0.41300498115730305,0.3075984046770098,0.27520776033665884,0.3075983329045401,0.41300485687657246,0.0,0.0,0.0,0.0,0.0,off,off,off,off,off
225.74999999999733,0.3,58.72499999999153,-4.741550215085738,-1.4983486806859219,-0.44112576969831707,-1.4983497465093478,-4.741555643211086,-9.381079418829813,-9.381078222605368,0.4763624260831112,0.6164507034921822,0.6399776007995507,0.616450751353771,0.47637086859064204,0.413086327171097,0.3075984046770098,0.27520776033665884,0.3075983329045401,0.4130862030603939,0.0,0.0,0.0,0.0,0.0,off,off,off,off,off
225.99999999999733,0.3,58.79999999999152,-4.711972099596892,-1.4704167071218421,-0.413539857696378,-1.47041790294071,-4.71197814415234,-9.353905061422552,-9.353903913882334,0.4737495542005194,0.6165123681679063,0.6400405463862402,0.6165124157490468,0.4737588993222223,0.413166598521651,0.3075984046770098,0.27520776033665884,0.3075983329045401,0.4131664745967955,0.0,0.0,0.0,0.0,0.0,off,off,off,off,off
226.24999999999733,0.3,58.87499999999151,-4.682234073338236,-1.442444157553723,-0.385936146923882,-1.442445496896255,-4.68224080708859,-9.32672023765872,-9.32671914301136,0.4709357146258044,0.6165741163777295,0.640103526918279,0.6165741636487229,0.47094608310369984,0.41324579704675285,0.3075984046770098,0.27520776033665884,0.3075983329045401,0.413245673325313,0.0,0.0,0.0,0.0,0.0,off,off,off,off,off
226.49999999999733,0.3,58.9499999999915,-4.65232177008204,-1.4144274357389008,-0.35831294776738787,-1.414428933875854,-4.652329276219234,-9.299523856814005,-9.299522819782794,0.4679017776298467,0.616635956045137,0.6401665462609457,0.61663600297246,0.46791330919445356,0.41332392425688935,0.3075984046770098,0.27520776033665884,0.3075983329045401,0.41332380075841857,0.0,0.0,0.0,0.0,0.0,off,off,off,off,off
226.74999999999733,0.3,59.024999999991486,-4.622219390589123,-1.3863626134440779,-0.3306684281610046,-1.3863642876853532,-4.622227764465663,-9.272314730719529,-9.272313756617564,0.4646267253404663,0.6166978958214366,0.640229608602158,0.6166979423670899,0.46463958201107053,0.41340098130400466,0.3075984046770098,0.27520776033665884,0.3075983329045401,0.4134008580503177,0.0,0.0,0.0,0.0,0.0,off,off,off,off,off
226.99999999999733,0.3,59.099999999991475,-4.591909569419386,-1.3582453965259447,-0.3030005993937266,-1.3582472665057708,-4.591918920547187,-9.24509156398932,-9.245090658807385,0.46108756365098236,0.6167599451601299,0.6402927184846451,0.6167599912810134,0.4611019335837454,0.413476968947559,0.3075984046770098,0.27520776033665884,0.3075983329045401,0.4134768459630504,0.0,0.0,0.0,0.0,0.0,off,off,off,off,off
227.24999999999733,0.3,59.17499999999146,-4.561373243916194,-1.3300710883110014,-0.2753073004570865,-1.3300731763786757,-4.561383698325358,-9.217852943397702,-9.217852113906645,0.45725930091792455,0.6168221143971996,0.6403558808414304,0.6168221600442526,0.4572754028355969,0.41355188751793986,0.3075984046770098,0.27520776033665884,0.3075983329045401,0.4135517648299512,0.0,0.0,0.0,0.0,0.0,off,off,off,off,off
227.49999999999733,0.3,59.24999999999145,-4.530589536082118,-1.3018345506321793,-0.2475861808833315,-1.3018368822839648,-4.530601239116265,-9.190597326463205,-9.19059658033359,0.45311504547609427,0.6168844148365141,0.6404191010347294,0.6168844599537695,0.4531331336422194,0.4136257368774542,0.3075984046770098,0.27520776033665884,0.3075983329045401,0.4136256145167015,0.0,0.0,0.0,0.0,0.0,off,off,off,off,off
227.74999999999733,0.3,59.32499999999144,-4.499535665376925,-1.2735301634365328,-0.21983468201324285,-1.2735327677844452,-4.4995487849009805,-9.163323029398441,-9.163322375340726,0.44862630534797854,0.6169468588383565,0.6404823848984117,0.6169469033619126,0.4486466749316599,0.4136985163794484,0.3075984046770098,0.27520776033665884,0.3075983329045401,0.4136983943805171,0.0,0.0,0.0,0.0,0.0,off,off,off,off,off
227.99999999999733,0.3,59.39999999999143,-4.468186921674942,-1.2451517845175317,-0.19205001680001033,-1.2451546949164367,-4.468201651580557,-9.136028214750127,-9.136027662676554,0.44376362294906807,0.6170094599076446,0.640545738783767,0.617009503764287,0.44378661538528835,0.4137702248265848,0.3075984046770098,0.27520776033665884,0.3075983329045401,0.41377010322849883,0.0,0.0,0.0,0.0,0.0,off,off,off,off,off
228.24999999999733,0.3,59.47499999999142,-4.436516745731922,-1.2166927122560196,-0.16422914834208768,-1.2166959669715993,-4.436533309940614,-9.108710879317357,-9.108710440529649,0.4384977547544229,0.6170722327755226,0.6406091696081526,0.6170722758812597,0.4385237622410277,0.4138408604300745,0.3075984046770098,0.27520776033665884,0.3075983329045401,0.41384073927695053,0.0,0.0,0.0,0.0,0.0,off,off,off,off,off
228.49999999999733,0.3,59.54999999999141,-4.404496993070552,-1.1881456561766868,-0.13636876759505867,-1.1881492991378195,-4.404515649530879,-9.081368843364316,-9.081368530767975,0.43280172426568025,0.6171351934637501,0.6406726849054926,0.6171352357221618,0.43283119171063944,0.4139104207728899,0.3075984046770098,0.27520776033665884,0.3075983329045401,0.4139103001146814,0.0,0.0,0.0,0.0,0.0,off,off,off,off,off
228.74999999999733,0.3,59.624999999991395,-4.372122917611591,-1.1595029991939327,-0.10846527642348747,-1.1595070802296732,-4.372143917784001,-9.053999797919516,-9.053999626139614,0.42714058616084305,0.6171983587082966,0.6407362928646307,0.6171984000100175,0.42717335201583395,0.4139788955190041,0.3075984046770098,0.27520776033665884,0.3075983329045401,0.41397877541979294,0.0,0.0,0.0,0.0,0.0,off,off,off,off,off
228.99999999999733,0.3,59.699999999991384,-4.339409904625654,-1.1307581414481547,-0.08051483855393826,-1.1307627157541447,-4.339433527656524,-9.026601576351425,-9.026601561690939,0.42107369862463895,0.6172617430071917,0.6408000022134963,0.6172617832310836,0.42111056026481714,0.41404627098111496,0.3075984046770098,0.27520776033665884,0.3075983329045401,0.4140461515023886,0.0,0.0,0.0,0.0,0.0,off,off,off,off,off
229.24999999999733,0.3,59.77499999999137,-4.306296634130774,-1.101903744905826,-0.0525134171936088,-1.1019088749077923,-4.306323234609238,-8.999171815872216,-8.999171976751768,0.41421108188001576,0.6173253624768883,0.6408638221335702,0.6173254014859504,0.41425285083309615,0.41411255603127667,0.3075984046770098,0.27520776033665884,0.3075983329045401,0.4141124372388568,0.0,0.0,0.0,0.0,0.0,off,off,off,off,off
229.49999999999733,0.3,59.84999999999136,-4.272711930284743,-1.0729304571036664,-0.024456674848693183,-1.0729362145266919,-4.272741941167965,-8.971707688434265,-8.971708045902801,0.40650252985537527,0.6173892376551297,0.6409277624872558,0.6173892752919579,0.4065501332525105,0.41417775748786045,0.3075984046770098,0.27520776033665884,0.3075983329045401,0.41417763945743274,0.0,0.0,0.0,0.0,0.0,off,off,off,off,off
229.74999999999733,0.3,59.92499999999135,-4.238584742207308,-1.0438269743833644,0.003660068641693215,-1.043833442467701,-4.23861868198594,-8.944205891064598,-8.944206469354356,0.3979127468456559,0.617453393361007,0.640991853182642,0.6174534294429297,0.39796720647277245,0.4142418778510099,0.3075984046770098,0.2752077389122254,0.3075983329045401,0.41424176066962953,0.0,0.0,0.0,0.0,0.0,off,off,off,off,off
229.99999999999733,0.3,59.99999999999134,-4.203846617192028,-1.0145808674856767,0.03179494506667879,-1.0145881431294583,-4.203885089733149,-8.916662658280984,-8.916663485385527,0.3884389962232754,0.6175178568807009,0.6410816555238052,0.6175178911950806,0.38850133311368984,0.41430491597239605,0.3075984046770098,0.27516501014999495,0.3075983329045401,0.4143047997401675,0.0,0.0,0.0,0.0,0.0,off,off,off,off,off
230.24999999999733,0.3,60.07499999999133,-4.168437842733283,-0.9851800691750441,0.059916449077036305,-0.9851882646311765,-4.168481517460464,-8.889073804187774,-8.889074912369495,0.37815389554900836,0.617582654699792,0.6412176715493154,0.6175826870003017,0.3782248873819749,0.4143668676659784,0.3075984046770098,0.275045179746472,0.3075983329045401,0.41436675249771837,0.0,0.0,0.0,0.0,0.0,off,off,off,off,off
230.49999999999733,0.3,60.149999999991316,-4.132319993055091,-0.9556117703520499,0.08803122118644069,-0.9556210134082335,-4.132369541768298,-8.861434829692996,-8.86143625570071,0.3672784050862571,0.6176478149275997,0.6413997809156968,0.6176478449338363,0.36735806956934036,0.41442772635497677,0.3075984046770098,0.2748484396891947,0.3075983329045401,0.4144276123813122,0.0,0.0,0.0,0.0,0.0,off,off,off,off,off
230.74999999999733,0.3,60.224999999991304,-4.095498401633449,-0.9258632413361738,0.11614643823889992,-0.9258736718456362,-4.095554354190597,-8.83374115212348,-8.833742936682768,0.3562899888257388,0.6177133654932419,0.6416278406393601,0.6177133928983521,0.3563766648159633,0.4144874839350037,0.3075984046770098,0.2745749827267521,0.3075983329045401,0.41448737130181107,0.0,0.0,0.0,0.0,0.0,off,off,off,off,off
230.99999999999733,0.3,60.29999999999129,-4.058056534449236,-0.8959239315436776,0.14426966217740755,-0.8959356910939391,-4.058119015816203,-8.805988535397546,-8.805990721261367,0.3460344526301583,0.6177793295350462,0.6419016665737667,0.6177793540284159,0.34612361180387397,0.4145461320887314,0.3075984046770098,0.27422503411190013,0.3075983329045401,0.41454602095307147,0.0,0.0,0.0,0.0,0.0,off,off,off,off,off
231.24999999999733,0.3,60.37499999999128,-4.020194857709214,-0.8657887393309238,0.17240854435107167,-0.8658019506451069,-4.020263235935147,-8.778173782463796,-8.778176410250069,0.33771709016152673,0.6178457182219071,0.6422210291390601,0.6178457395343927,0.33780085090788436,0.414603664274769,0.3075984046770098,0.27379885830859474,0.3075983329045401,0.4146035547950356,0.0,0.0,0.0,0.0,0.0,off,off,off,off,off
231.49999999999733,0.3,60.44999999999127,-3.982246397790732,-0.8354620690662387,0.20057029868337395,-0.8354768061052482,-3.982319048905879,-8.750295626302716,-8.750298728182827,0.3325686145876527,0.617912521848287,0.6425856510685196,0.6179125398178494,0.3326377717484083,0.4146600783637038,0.3075984046770098,0.2732967612699576,0.3075983329045401,0.4146599706831463,0.0,0.0,0.0,0.0,0.0,off,off,off,off,off
231.74999999999733,0.3,60.52499999999126,-3.944629007319122,-0.8049610523494835,0.2287609556528878,-0.8049773121211388,-3.944703523039607,-8.722355499213734,-8.722359092549539,0.33119728856158526,0.617979702767012,0.6429952044726545,0.617979717400585,0.3312459170776333,0.41471537929289937,0.3075984046770098,0.2727190930365168,0.3075983329045401,0.41471527352022863,0.0,0.0,0.0,0.0,0.0,off,off,off,off,off
231.99999999999733,0.3,60.59999999999125,-3.9077335932354345,-0.7743156160308331,0.25698455786914565,-0.7743333091070213,-3.9078074626372654,-8.694357697671649,-8.694361782105034,0.3331744125737769,0.6180471952468082,0.6434493068077102,0.6180472067410854,0.33320294604103456,0.4147695805542618,0.3075984046770098,0.2720662520458192,0.3075983329045401,0.4147694767496365,0.0,0.0,0.0,0.0,0.0,off,off,off,off,off
232.24999999999733,0.3,60.674999999991236,-3.8719740280832298,-0.7435665651984209,0.2852425217457153,-0.7435855202434141,-3.8720447288365563,-8.666309131804667,-8.666313689087474,0.33982668468867605,0.6181149096877301,0.6439475162419639,0.6181149184191782,0.3398380418892417,0.4148226980280825,0.3075984046770098,0.27133869121677995,0.3075983329045401,0.4148225962189262,0.0,0.0,0.0,0.0,0.0,off,off,off,off,off
232.49999999999733,0.3,60.749999999991225,-3.837318996833062,-0.7127615374274683,0.31353313161065444,-0.7127815550775836,-3.837386601519711,-8.63821863643011,-8.638223640259355,0.34265844569181203,0.6181827415083859,0.6444893266031225,0.6181827479149334,0.3426724602734046,0.4148747655631934,0.3075984046770098,0.27053692541494423,0.3075983329045401,0.4148746656682953,0.0,0.0,0.0,0.0,0.0,off,off,off,off,off
232.74999999999733,0.3,60.82499999999121,-3.8031044323577703,-0.6819281800073327,0.34185231786688064,-0.6819490943461801,-3.8031696404192985,-8.610091585906446,-8.61009701416316,0.34110110340344674,0.6182506300282629,0.6450741654169262,0.6182506344743457,0.34111912864152927,0.414925838504796,0.3075984046770098,0.2696615388413599,0.3075983329045401,0.4149257404313869,0.0,0.0,0.0,0.0,0.0,off,off,off,off,off
232.99999999999733,0.3,60.8999999999912,-3.7688831428002345,-0.6510735213766452,0.3701953845655339,-0.6510952031786701,-3.768946718583834,-8.58192947264854,-8.581935308509173,0.3366401162901986,0.6183185598366702,0.6457013966312284,0.6183185626061339,0.33666309206660283,0.4149759566198673,0.3075984046770098,0.2687131884233249,0.3075983329045401,0.4149758602887177,0.0,0.0,0.0,0.0,0.0,off,off,off,off,off
233.24999999999733,0.3,60.97499999999119,-3.7343843863385473,-0.6201924867419848,0.3985581296083751,-0.6202148424379743,-3.73444712023678,-8.553731380051147,-8.553737612254565,0.3303438968848429,0.6183865420908635,0.6463703245882606,0.6183865433892521,0.33037239977964816,0.4150251457065754,0.3075984046770098,0.2676926030070195,0.3075983329045401,0.415025051054419,0.0,0.0,0.0,0.0,0.0,off,off,off,off,off
233.49999999999733,0.3,61.04999999999118,-3.6994796468021036,-0.5892739436045531,0.42693740415501225,-0.5892969125532659,-3.6995422856509776,-8.52549506608915,-8.525501688840052,0.32327166901316184,0.6184546012409674,0.6470801982506801,0.6184546012015283,0.32330546280071093,0.41507342155261673,0.3075984046770098,0.26660058015273774,0.3075983329045401,0.4150733285332293,0.0,0.0,0.0,0.0,0.0,off,off,off,off,off
233.74999999999733,0.3,61.12499999999117,-3.664184997402913,-0.5583059295225894,0.4553312568741603,-0.5583294779506787,-3.6642481134260265,-8.497217958313456,-8.497224970476964,0.31666305386943927,0.618522763553523,0.6478302151890347,0.6185227622505196,0.3167004743383134,0.41512079365386256,0.3075984046770098,0.26543798188648177,0.3075983329045401,0.4151207022372887,0.0,0.0,0.0,0.0,0.0,off,off,off,off,off
233.99999999999733,0.3,61.19999999999116,-3.6286685302002297,-0.5272807994001596,0.48373871403964586,-0.5273049092809856,-3.628732346647894,-8.46889819777084,-8.468905600960511,0.31184661144080017,0.6185910458150214,0.6486195247983765,0.6185910432881522,0.3118843683339706,0.415167268935501,0.3075984046770098,0.26420573047585727,0.3075983329045401,0.41516717910448253,0.0,0.0,0.0,0.0,0.0,off,off,off,off,off
234.24999999999733,0.3,61.274999999991145,-3.593223816959096,-0.49619975228347357,0.5121592398480175,-0.49622440582072613,-3.593288097989216,-8.44053561970344,-8.440543415331831,0.30980553752150064,0.6186594454004052,0.6494472302882768,0.6186594416888569,0.3098397407791845,0.4152128553213949,0.3075984046770098,0.2629048051585726,0.3075983329045401,0.4152127670647522,0.0,0.0,0.0,0.0,0.0,off,off,off,off,off
234.49999999999733,0.3,61.349999999991134,-3.5581860688089932,-0.46507507003502724,0.5405920017454378,-0.46510023495591213,-3.558250208151833,-8.412132323057847,-8.412140509352923,0.31068883681911497,0.6187279353654334,0.650312389323311,0.6187279305401507,0.3107169107000799,0.41525756445545936,0.3075984046770098,0.2615362405184123,0.3075983329045401,0.41525747776012534,0.0,0.0,0.0,0.0,0.0,off,off,off,off,off
234.74999999999733,0.3,61.42499999999112,-3.523825002111039,-0.4339287326498038,0.5690351699112739,-0.4339543553070371,-3.5238882875900686,-8.383692526663424,-8.383701097075232,0.31380684772865497,0.6187964674909978,0.6512140137313307,0.6187964616698088,0.31382854361149354,0.41530141276993837,0.3075984046770098,0.2601011267108929,0.3075983329045401,0.4153013276148505,0.0,0.0,0.0,0.0,0.0,off,off,off,off,off
234.99999999999733,0.3,61.49999999999111,-3.4902825451511035,-0.40278817077341955,0.5974854803875473,-0.4028141790534505,-3.490344408633973,-8.355221819779103,-8.355230763298437,0.31814257065910756,0.6188649816078722,0.6521510690842642,0.618864974949098,0.31815931398060326,0.4153444208055249,0.3075984046770098,0.2586006110935694,0.3075983329045401,0.41534433715948815,0.0,0.0,0.0,0.0,0.0,off,off,off,off,off
235.24999999999733,0.3,61.5749999999911,-3.4575795754442424,-0.371681530944727,0.625938151780872,-0.3717078428697391,-3.457639696921376,-8.326726255529934,-8.326735558210203,0.3228510577060627,0.6189334159877737,0.6531224745448696,0.6189334086713468,0.32286473439808006,0.4153866115509294,0.3075984046770098,0.2570359003734478,0.3075983329045401,0.4153865293739877,0.0,0.0,0.0,0.0,0.0,off,off,off,off,off
235.49999999999733,0.3,61.64999999999109,-3.4256599848330325,-0.34063432682461325,0.6543870850746885,-0.3406608596011438,-3.4257182710344978,-8.29821166566046,-8.298221312332714,0.3274356380442933,0.6190017146906053,0.6541271022102164,0.619001706898212,0.32744782904099845,0.4154280087253437,0.3075984046770098,0.25540826238286624,0.3075983329045401,0.4154279279718413,0.0,0.0,0.0,0.0,0.0,off,off,off,off,off
235.74999999999733,0.3,61.72499999999108,-3.394435751977653,-0.3096679033191094,0.6828252075928845,-0.3096945797098556,-3.3944922413081144,-8.269683303844374,-8.269693279421062,0.33174793855524276,0.619069830932381,0.6551637846475096,0.6190698228334883,0.3317577939484083,0.41546863549128865,0.3075984046770098,0.2537190269156493,0.3075983329045401,0.41546855611376704,0.0,0.0,0.0,0.0,0.0,off,off,off,off,off
235.99999999999733,0.3,61.799999999991066,-3.363950433625803,-0.2788013897171595,0.7112447909714206,-0.2788281323403794,-3.3640049990026455,-8.241146176278392,-8.241156464675328,0.3370344928040502,0.6191377227983321,0.6562313145658335,0.6191377145626915,0.3370487938736426,0.41550850984772614,0.3075984046770098,0.2519695854483615,0.3075983329045401,0.4155084318033709,0.0,0.0,0.0,0.0,0.0,off,off,off,off,off
236.24999999999733,0.3,61.874999999991054,-3.3337641972862,-0.2480481544603208,0.7396376436084893,-0.24807492158140576,-3.333818368132313,-8.212604314649127,-8.212614906001079,0.3361347196081534,0.6192053610184199,0.6573284472644743,0.6192053527375607,0.3361604970290187,0.41554766430877926,0.3075984046770098,0.250161390111308,0.3075983329045401,0.4155475875112691,0.0,0.0,0.0,0.0,0.0,off,off,off,off,off
236.49999999999733,0.3,61.94999999999104,-3.3032171635329632,-0.21739822130018638,0.767996296736726,-0.2174250222358296,-3.3032721765981137,-8.184057115769633,-8.184068010083024,0.3308209400766184,0.6192727675340828,0.6584539078126865,0.6192727591875431,0.3308560687506129,0.41558613266420485,0.3075984046770098,0.24829595108789568,0.3075983329045401,0.4155860570609847,0.0,0.0,0.0,0.0,0.0,off,off,off,off,off
236.74999999999733,0.3,62.02499999999103,-3.27194799423512,-0.18682585611804825,0.7963153461294041,-0.1868527360974781,-3.2720047932331795,-8.155500584802041,-8.15551178951921,0.3229294705474952,0.6193399988451239,0.6596063987645339,0.6193399903336815,0.32297231716980557,0.4156239312595494,0.3075984046770098,0.24637483042734554,0.3075983329045401,0.41562385683030123,0.0,0.0,0.0,0.0,0.0,off,off,off,off,off
236.99999999999733,0.3,62.09999999999102,-3.2398185914317423,-0.15629920422645682,0.8245919967765758,-0.1563262318298939,-3.2398777940750847,-8.126929117338875,-8.126940645237767,0.3141202381285091,0.6194071248642539,0.6607846095161447,0.6194071160374945,0.31416795597486213,0.4156610646640996,0.3075984046770098,0.24439963353996635,0.3075983329045401,0.4156609914128848,0.0,0.0,0.0,0.0,0.0,off,off,off,off,off
237.24999999999733,0.3,62.17499999999101,-3.2069108901757772,-0.12578805620609046,0.8528259971067769,-0.12581530715658573,-3.2069725899766013,-8.098337021424243,-8.098348887619522,0.3063229543322724,0.6194742118821724,0.661987221747438,0.619474202574048,0.30637039186868853,0.415697531120023,0.3075984046770098,0.24237200028588388,0.3075983329045401,0.415697459066646,0.0,0.0,0.0,0.0,0.0,off,off,off,off,off
237.49999999999733,0.3,62.249999999991,-3.1735337162762676,-0.09527141607696876,0.8810190552690074,-0.09529895066094696,-3.1735972853737735,-8.069720094154547,-8.069732311598614,0.301495014726605,0.6195413059710193,0.6632129159993628,0.619541296049363,0.3015356516930989,0.41573332765132587,0.3075984046770098,0.2402935970644155,0.3075983329045401,0.415733256820142,0.0,0.0,0.0,0.0,0.0,off,off,off,off,off
237.74999999999733,0.3,62.324999999990986,-3.1401521878154313,-0.06474355889042727,0.9091738210585163,-0.06477139920230002,-3.1402163887121333,-8.041076982874984,-8.041089557529801,0.30068855634056274,0.6196084197051849,0.6644603728618733,0.6196084091216039,0.3007180762212559,0.4157684545953591,0.3075984046770098,0.23816611104951788,0.3075983329045401,0.4157683850027071,0.0,0.0,0.0,0.0,0.0,off,off,off,off,off
237.99999999999733,0.3,62.399999999990975,-3.1072179551719614,-0.034215266504077135,0.937292691152436,-0.034243387061394515,-3.1072814448050963,-8.012409637207895,-8.012422565640975,0.3033968692603325,0.6196755294594463,0.6657282739562842,0.6196755182698815,0.3034156996008929,0.41580291834100813,0.3075984046770098,0.23599124727193863,0.3075983329045401,0.41580284998617106,0.0,0.0,0.0,0.0,0.0,off,off,off,off,off
238.24999999999733,0.3,62.47499999999096,-3.0750151634112513,-0.0037090677353717183,0.9653768488366268,-0.003737405279593986,-3.0750769863831238,-7.983722548526487,-7.9837358192826855,0.3081413063252805,0.6197425858547622,0.667015301896879,0.6197425741979742,0.3081530332637872,0.41583673135121496,0.3075984046770098,0.23377072837572738,0.3075983329045401,0.41583666421486837,0.0,0.0,0.0,0.0,0.0,off,off,off,off,off
238.49999999999733,0.3,62.54999999999095,-3.0436321808299454,0.02671347572271543,0.9934250471681025,0.026685081911239195,-3.043691907439211,-7.955021381413303,-7.955034978513197,0.31354029187659416,0.6198290769750591,0.6683201372125674,0.6198290199584046,0.3135487015954851,0.41586991017238917,0.307568270879783,0.23150629628821767,0.30756826880318067,0.41586984422113554,0.0,0.0,0.0,0.0,0.0,off,off,off,off,off
238.74999999999733,0.3,62.62499999999094,-3.013028634878083,0.056957641666429026,1.0214297811799042,0.05692929388015955,-3.0130862322251915,-7.926311833282284,-7.926325739497656,0.3187893331720212,0.6199743713310375,0.6696414464793684,0.6199742580192582,0.3187969920766383,0.4159024730437066,0.3074469652636848,0.2291997198032354,0.3074470500614427,0.4159024082364672,0.0,0.0,0.0,0.0,0.0,off,off,off,off,off
238.99999999999733,0.3,62.69999999999093,-2.9831095660306346,0.08700086333226409,1.0493809363744049,0.08697263445634462,-2.9831652157870394,-7.897599035292899,-7.897613234209757,0.32358541684520215,0.6201790357847975,0.670977888433015,0.6201788666314331,0.32359362900710065,0.41593443813509784,0.3072334846217906,0.2268528036146205,0.30723365587537566,0.41593437442849446,0.0,0.0,0.0,0.0,0.0,off,off,off,off,off
239.24999999999733,0.3,62.77499999999092,-2.953773244195247,0.11682735219636697,1.077268056826881,0.11679930178723907,-2.953827203344929,-7.868887376069324,-7.868901853005639,0.3279110892586147,0.6204424249397411,0.6723281206036571,0.6204422005572088,0.3279202928580003,0.41596582257825454,0.30692869144279866,0.22446738765291468,0.3069289484887852,0.41596575993010954,0.0,0.0,0.0,0.0,0.0,off,off,off,off,off
239.49999999999733,0.3,62.84999999999091,-2.9249334159416662,0.14642548879328388,1.1050806768258212,0.1463976631175683,-2.9249859358356503,-7.8401805574657715,-7.840195299642858,0.3318688101074707,0.6207638080465759,0.67369080324655,0.6207635291931026,0.331878957770637,0.41599664210748094,0.30653354773445113,0.2220453440119036,0.3065338896826546,0.4159965804786122,0.0,0.0,0.0,0.0,0.0,off,off,off,off,off
239.74999999999733,0.3,62.924999999990895,-2.896525321633362,0.1757868499506685,1.1328085659360454,0.1757592839698532,-2.8965766103922874,-7.811481736687881,-7.811496733013257,0.3355876810973079,0.6211423676531361,0.675064603147294,0.621142035213493,0.33559850415250625,0.41602691106332496,0.30604911575942895,0.21958857317640998,0.30604954152763303,0.416026850418131,0.0,0.0,0.0,0.0,0.0,off,off,off,off,off
239.99999999999733,0.3,62.999999999990884,-2.86850385304092,0.2049052832123266,1.1604418901683289,0.20487800309780368,-2.8685540647305174,-7.782793675384653,-7.782808916087333,0.33918004694673975,0.6215772032744632,0.6764481978702831,0.621576818243454,0.3391912170593745,0.41605664256696395,0.3054765508275604,0.21709899979448027,0.3054770591737411,0.41605658287327923,0.0,0.0,0.0,0.0,0.0,off,off,off,off,off
240.24999999999733,0.3,63.07499999999087,-2.8408388226730494,0.2337761807667107,1.1879713051796443,0.23374920632357998,-2.8408880611454492,-7.7541188617559555,-7.7541343380094645,0.34272650607635563,0.6220673356582309,0.677840279564077,0.6220668991278766,0.3427377236370575,0.41608584874420507,0.30481709389935313,0.21457856820539498,0.30481768344776056,0.41608578997279644,0.0,0.0,0.0,0.0,0.0,off,off,off,off,off
240.49999999999733,0.3,63.14999999999086,-2.8135164847968213,0.2623959455704039,1.2153880012611467,0.26236929277172294,-2.813564728982726,-7.725459603468153,-7.725475306968576,0.3466059423621858,0.6226117108365401,0.6792395581500325,0.6226112239877415,0.3466138962883313,0.4161145407234426,0.30407206525405217,0.2120292378826264,0.30407273451465355,0.4161144828500669,0.0,0.0,0.0,0.0,0.0,off,off,off,off,off
240.74999999999733,0.3,63.22499999999085,-2.786556054247569,0.29076038097986157,1.2426836725376802,0.29073406461969853,-2.7866035943893053,-7.696818345615043,-7.696834268064492,0.349536670534642,0.6232092002522431,0.6806447644377154,0.6232086643544591,0.3495528094478424,0.4161427283409453,0.30324286067981826,0.20945297892588444,0.3032436080555992,0.41614267133080624,0.0,0.0,0.0,0.0,0.0,off,off,off,off,off
240.99999999999733,0.3,63.29999999999084,-2.759532563818027,0.3188729183750638,1.2698506444427835,0.31884692431395933,-2.759580336229419,-7.668196029586795,-7.6682121683574,0.3483428408504432,0.6238586252027895,0.6820546533427041,0.6238580415234265,0.34836509795564363,0.4161704351983635,0.30233094368653285,0.20685176770263514,0.30233176751682966,0.41617037900403553,0.0,0.0,0.0,0.0,0.0,off,off,off,off,off
241.24999999999733,0.3,63.37499999999083,-2.732122756753654,0.34675099604828574,1.2968827170832355,0.3467252869682511,-2.7321712946977073,-7.639590677699061,-7.6396070350742775,0.3451682950730458,0.6245587982749236,0.6834680090959708,0.6245581680319443,0.34519428080287295,0.41619767811602976,0.301337805177765,0.20422758162758434,0.3013387038291087,0.4161976227149904,0.0,0.0,0.0,0.0,0.0,off,off,off,off,off
241.49999999999733,0.3,63.449999999990816,-2.7042285609385885,0.3744172721796417,1.323775687402474,0.3743918005417868,-2.704278118226796,-7.61099900752572,-7.6110155883662856,0.3414015553269236,0.6253085206252417,0.6848836502104927,0.6253078449901975,0.34142938562777736,0.4162244637671321,0.30026493056897763,0.20158239256221996,0.3002659024874853,0.4162244091524818,0.0,0.0,0.0,0.0,0.0,off,off,off,off,off
241.74999999999733,0.3,63.524999999990804,-2.6758914167742205,0.40189340707445353,1.3505273031184402,0.40186812435450747,-2.6759420172576824,-7.582417647122327,-7.582434457120939,0.3380090150984838,0.6261065855210957,0.6863004329472144,0.6261058656037657,0.33803692057994583,0.41625079380487096,0.29911379165127505,0.1989181600629237,0.29911483538091604,0.416250739978185,0.0,0.0,0.0,0.0,0.0,off,off,off,off,off
241.99999999999733,0.3,63.59999999999079,-2.6472415290189133,0.42919643512561834,1.3771369007980638,0.429171299127745,-2.64729299934379,-7.553843902444385,-7.553860946640839,0.33564492389109585,0.6269517648916343,0.6877172534023002,0.6269510017771612,0.33567132277393025,0.41627666827035253,0.29788585343107776,0.19623682541418527,0.29788696760662553,0.41627661523637366,0.0,0.0,0.0,0.0,0.0,off,off,off,off,off
242.24999999999733,0.3,63.67499999999078,-2.6184541377336927,0.45633694412032355,1.403604892159592,0.45631192436485435,-2.618506160643335,-7.525276201440192,-7.525293483042788,0.3346378114756255,0.6278427922231968,0.6891330484110454,0.6278419869970989,0.3346615715397563,0.4163020877415803,0.29658258917263236,0.19354030687624046,0.2965837724931609,0.416302035504259,0.0,0.0,0.0,0.0,0.0,off,off,off,off,off
242.49999999999733,0.3,63.74999999999077,-2.5897080753917976,0.4833188282477181,1.429932223158005,0.4832939085783323,-2.5897602669544995,-7.496714237735148,-7.496731757419866,0.3349993586422423,0.6287783535864033,0.6905467955478383,0.6287775073665968,0.33501998308271475,0.41632705449005125,0.2952054983685429,0.19083049625022558,0.29520674955926124,0.41632700304991477,0.0,0.0,0.0,0.0,0.0,off,off,off,off,off
242.74999999999733,0.3,63.82499999999076,-2.5611535864456414,0.5101403075392454,1.4561199050182836,0.5101154858762698,-2.5612055744446707,-7.468158855429067,-7.468176611202239,0.33651149802200586,0.6297570802426589,0.691957512564547,0.629756194198655,0.3365290810197002,0.41635157284288915,0.29375612319188776,0.1881092566273782,0.29375744096257395,0.4163515221957757,0.0,0.0,0.0,0.0,0.0,off,off,off,off,off
242.99999999999733,0.3,63.89999999999075,-2.532896299667584,0.5367956640710076,1.482168678971675,0.5367709498823388,-2.5329477778957994,-7.439611770644433,-7.439629758169872,0.3388580072705504,0.6307775463014177,0.6933642565942387,0.6307766216770346,0.3388730114659959,0.4163756489897359,0.29223606036101174,0.18537842103573593,0.2922374433697161,0.41637559912671274,0.0,0.0,0.0,0.0,0.0,off,off,off,off,off
243.24999999999733,0.3,63.974999999990736,-2.5049969650213484,0.5632770812234185,1.508078830524994,0.5632524919304842,-2.5050477143928447,-7.4110752464274015,-7.411093459601318,0.34173521103407634,0.6318382723955902,0.694766123356369,0.6318373105091253,0.3417482208816519,0.4163992905026303,0.2906469672343138,0.18263979164355876,0.2906484140610291,0.4163992414106974,0.0,0.0,0.0,0.0,0.0,off,off,off,off,off
243.49999999999733,0.3,64.04999999999067,-2.4774806673602257,0.5895761541490288,1.533850131796214,0.5895517115907296,-2.4775305514189654,-7.382551808747678,-7.382570240310599,0.3449084576611195,0.6329377291253022,0.6961622464832808,0.6329367313760814,0.3449200123816952,0.4164225057945915,0.28899056261016487,0.17989513921335581,0.28899207174195785,0.4164224574577343,0.0,0.0,0.0,0.0,0.0,off,off,off,off,off
243.74999999999733,0.3,64.12499999999059,-2.4503486502708256,0.6156849107111952,1.55948187299839,0.6156606383332246,-2.4503975977577284,-7.354044041923771,-7.3540626839807715,0.3482218426355492,0.6340743439815197,0.697551796995091,0.6340733118373697,0.3482323638166234,0.41644530365338184,0.2872686236151674,0.17714620258605107,0.2872701934411352,0.41644525605363675,0.0,0.0,0.0,0.0,0.0,off,off,off,off,off
243.99999999999733,0.3,64.19999999999051,-2.423588547234658,0.6415963789786474,1.5849729437533142,0.6415722998742126,-2.423636532336218,-7.325554463153537,-7.325573307555828,0.3515838432115904,0.6352465098689646,0.6989339828968089,0.6352454448630792,0.3515936263923486,0.4164676929017077,0.2854829802078014,0.17439468806910127,0.2854846090213732,0.41646764602006,0.0,0.0,0.0,0.0,0.0,off,off,off,off,off
244.24999999999733,0.3,64.27499999999043,-2.39718159994095,0.667304823369193,1.6103219342948023,0.6672809590593829,-2.397228625251671,-7.297085457773733,-7.297104496369457,0.3549468794967018,0.6364525889470274,0.7003080486976396,0.636451492666132,0.3549561154315984,0.41648968218089183,0.2836355085455627,0.17164226867891605,0.28363719455158865,0.4164896359979475,0.0,0.0,0.0,0.0,0.0,off,off,off,off,off
244.49999999999733,0.3,64.34999999999035,-2.3711070520911335,0.6928057752211885,1.635527237367512,0.6927821450503302,-2.371153136102862,-7.268639254012442,-7.2686584787928155,0.3582896453538721,0.6376909233676354,0.701673275308599,0.6376897974408063,0.3582984489539325,0.4165112798315107,0.2817281240528277,0.16889058323847492,0.28172986537726474,0.4165112343279518,0.0,0.0,0.0,0.0,0.0,off,off,off,off,off
244.74999999999733,0.3,64.42499999999026,-2.3453444716788,0.7180959552001696,1.6605871405481594,0.7180725761401732,-2.3453896404936927,-7.240217920071927,-7.240237323247413,0.3616046811784376,0.6389598394674584,0.7030289799357945,0.6389586855591851,0.36161311754055103,0.41653249384040303,0.2797627746712031,0.16614123535745767,0.279764569371841,0.41653244899726855,0.0,0.0,0.0,0.0,0.0,off,off,off,off,off
244.99999999999733,0.3,64.49999999999018,-2.319874764463009,0.7431731513126465,1.6854999049269281,0.7431500379471458,-2.319919046787845,-7.211823371980074,-7.211842946010734,0.3648907246182456,0.6402576529946177,0.7043745154354177,0.6402564727928513,0.3648988287626674,0.41655333182828924,0.2777414345265882,0.16339579233242477,0.2777432806038076,0.4165532876271299,0.0,0.0,0.0,0.0,0.0,off,off,off,off,off
245.24999999999733,0.3,64.5749999999901,-2.2946804566560672,0.768036087842006,1.710263829668861,0.7680132525200065,-2.2947238811582906,-7.183457385362715,-7.183477122963666,0.3681485209544283,0.6415826776225908,0.7057092697675452,0.6415814728303293,0.36815631125158355,0.4165738010594838,0.27566609809073117,0.16065578400796912,0.27566799349805704,0.41657375748243364,0.0,0.0,0.0,0.0,0.0,off,off,off,off,off
245.49999999999733,0.3,64.64999999999002,-2.2697456237109463,0.792684302878456,1.7348773033981502,0.7926617559182318,-2.2697882177060933,-7.1551216075757225,-7.155141501709181,0.3713788259333094,0.6429332284750531,0.7070326663488727,0.6429320008036883,0.3713863125524594,0.41659390846180216,0.2735387748371648,0.15792270163461772,0.2735407174909362,0.4165938654915996,0.0,0.0,0.0,0.0,0.0,off,off,off,off,off
245.74999999999733,0.3,64.72499999998993,-2.2450556836687383,0.8171180414952914,1.7593388443271465,0.817095791337465,-2.245097472693317,-7.126817568648619,-7.126837612510826,0.3745816569597701,0.644307626093019,0.7083441626305617,0.6443063772544186,0.3745888467465196,0.4166136606497479,0.2713614843564747,0.15519799675076695,0.27136347214492407,0.4166136182697263,0.0,0.0,0.0,0.0,0.0,off,off,off,off,off
245.99999999999733,0.3,64.79999999998985,-2.2205971684462043,0.8413381647492315,1.783647131162411,0.8413162182252449,-2.220638176253942,-7.098546690582907,-7.0985668775894055,0.3777561773006114,0.6457042032288526,0.709643250403678,0.6457029349271854,0.3777630763631991,0.4166330639473959,0.2691362518835772,0.1524830801163547,0.2691382826749927,0.4166330221414615,0.0,0.0,0.0,0.0,0.0,off,off,off,off,off
246.24999999999733,0.3,64.87499999998977,-2.196357522477115,0.865346073080218,1.8078010262229327,0.8653244355637071,-2.19639777124911,-7.07031029508164,-7.0703306188547685,0.38090085121370715,0.6471213085105328,0.710929454559662,0.6471200224373937,0.3809074660870365,0.4166521244094215,0.26686510419056086,0.14977932071408573,0.26686717584067154,0.41665208316202484,0.0,0.0,0.0,0.0,0.0,off,off,off,off,off
246.49999999999733,0.3,64.94999999998969,-2.1723249441807297,0.8891436416978422,1.831799592460925,0.8891223172273612,-2.1723644547754475,-7.042109609985744,-7.042130064342587,0.38401367703613687,0.648557309909245,0.7122023326401963,0.6485560077382302,0.3840200150611058,0.4166708478398366,0.26455006580779455,0.14708804483479876,0.26455217616663196,0.41667080713594395,0.0,0.0,0.0,0.0,0.0,off,off,off,off,off
246.74999999999733,0.3,65.0249999999896,-2.148498403007011,0.9127330491603516,1.855642103636228,0.9127120412231875,-2.1485371720954163,-7.013945797892461,-7.013966376716098,0.38722950480850976,0.650010597639709,0.713461470745614,0.6500092810224869,0.3872362469888821,0.41668923927966767,0.2621931555887054,0.14441053526459108,0.2621953025063817,0.41668919910580593,0.0,0.0,0.0,0.0,0.0,off,off,off,off,off
246.99999999999733,0.3,65.09999999998952,-2.1247820944351474,0.936117556000454,1.8793280516427444,0.9360968618423726,-2.1248204623454967,-6.985819798827151,-6.985840497210688,0.38878648104283986,0.6514795909012192,0.7147064944975656,0.6514782614476684,0.38879598222353906,0.41670730870644634,0.25979638372769986,0.1417480305600736,0.2597985650619436,0.41670726903200517,0.0,0.0,0.0,0.0,0.0,off,off,off,off,off
247.24999999999733,0.3,65.17499999998944,-2.100988609740739,0.9593063745809332,1.9028573935503914,0.9592859804771479,-2.1010268130214627,-6.957731325539271,-6.957752140852904,0.3891964590747804,0.6529627562505617,0.7159370575335202,0.6529614155006743,0.38920715805258155,0.4167250708123223,0.2573617410025499,0.13910172430532758,0.257363954646864,0.4167250316153488,0.0,0.0,0.0,0.0,0.0,off,off,off,off,off
247.49999999999733,0.3,65.24999999998936,-2.077055372073062,0.9823122373156252,1.9262308711408878,0.9822921253309005,-2.077093503063793,-6.92967927578934,-6.92970020645555,0.38925680278387476,0.6544586120565404,0.7171528439646778,0.6544572614826165,0.38926791874907685,0.4167425330619589,0.25489118333882776,0.13647276407983894,0.2548934272436315,0.41674249433026467,0.0,0.0,0.0,0.0,0.0,off,off,off,off,off
247.74999999999733,0.3,65.32499999998927,-2.052986646920317,1.0051478897765378,1.9494500452376542,1.0051280414160715,-2.0530247260195438,-6.901662407468166,-6.901683452259874,0.38933880139540644,0.6559657242150249,0.7183535689300901,0.6559643652263577,0.3893499150056944,0.41675969901397086,0.25238662669367623,0.13386225032738722,0.2523888988723797,0.4167596607399456,0.0,0.0,0.0,0.0,0.0,off,off,off,off,off
247.99999999999733,0.3,65.39999999998919,-2.028814735830224,1.0278246430880245,1.972517173035044,1.027805041116494,-2.0288527463987407,-6.873679639322688,-6.873700797007871,0.38960945158995053,0.6574827022328079,0.719538977665351,0.6574813361799485,0.3896203277324046,0.41677657069901913,0.2498499484889916,0.13127123548711195,0.24985224701703962,0.41677653287702193,0.0,0.0,0.0,0.0,0.0,off,off,off,off,off
248.24999999999733,0.3,65.47499999998911,-2.0045811803720994,1.0503519268203831,1.9954350375587069,1.050332556036608,-2.0046190872449188,-6.845730165231771,-6.845751434392696,0.39013167075645394,0.6590081974240023,0.7207088443036745,0.6590068256026318,0.39014217737057344,0.4167931497526519,0.24728299134941276,0.12870072350175057,0.24728531436003004,0.4167931123777054,0.0,0.0,0.0,0.0,0.0,off,off,off,off,off
248.49999999999733,0.3,65.54999999998903,-1.980327536493803,1.0727373101773878,2.018206778494232,1.0727181577273086,-1.9803652964552612,-6.817813477339541,-6.817834856288982,0.39091480471600576,0.6605409005428832,0.721862970543387,0.660539524198224,0.390924871375686,0.41680943792115627,0.24468756719038334,0.12615166969827427,0.24468991286901373,0.41680940098830477,0.0,0.0,0.0,0.0,0.0,off,off,off,off,off
248.74999999999733,0.3,65.62499999998894,-1.9560910959831972,1.094986728976778,2.040835745385948,1.0949677843153154,-1.9561286639137165,-6.789929345605287,-6.789950832357988,0.39194178098272137,0.6620795404293606,0.723001184264915,0.6620781607593382,0.3919513756367165,0.4168254372545902,0.24206546079842747,0.1236249809891543,0.24206782737720278,0.41682540075860436,0.0,0.0,0.0,0.0,0.0,off,off,off,off,off
248.99999999999733,0.3,65.69999999998886,-1.9319032407184977,1.1171047834221781,2.063325380167896,1.1170860381621992,-1.9319405730931294,-6.762077778776472,-6.762099371051988,0.39318404214009306,0.6636228833906893,0.7241233381492805,0.6636215015486306,0.39319315700334534,0.4168411501479583,0.23941843258624065,0.12112151632903698,0.2394208183388332,0.416841114083219,0.0,0.0,0.0,0.0,0.0,off,off,off,off,off
249.24999999999733,0.3,65.77499999998878,-1.9077891798784776,1.1390950386562508,2.085679128729055,1.1390764863086815,-1.9078262368611831,-6.734258980016193,-6.734280675261232,0.39460966250912755,0.6651697330190195,0.7252293083289965,0.6651683501157283,0.39461830495742756,0.41685657931320247,0.2367482204747297,0.11864208736401623,0.2367506237119119,0.4168565436736796,0.0,0.0,0.0,0.0,0.0,off,off,off,off,off
249.49999999999733,0.3,65.8499999999887,-1.8837683713205138,1.1609602958375262,2.1079003784905694,1.1609419315387868,-1.8838051177011153,-6.706473303938935,-6.7064950993589605,0.39618755552383317,0.6667189303099006,0.7263189930900705,0.6667175474152122,0.39619574202321695,0.4168717277241167,0.2340565409822242,0.11618745921913656,0.23405896004834997,0.416871692503397,0.0,0.0,0.0,0.0,0.0,off,off,off,off,off
249.74999999999733,0.3,65.92499999998861,-1.8598552347743293,1.1827028214287338,2.1299924174715557,1.1826846416689136,-1.8598916403878434,-6.678721218166061,-6.6787431107613315,0.3978894414272802,0.6682693539661064,0.7273923116340719,0.6682679721100919,0.3978971934812665,0.4168865985550655,0.23134508965213813,0.11375835138041847,0.23134752292232552,0.41688656374640326,0.0,0.0,0.0,0.0,0.0,off,off,off,off,off
249.99999999999733,0.3,65.99999999998853,-1.836059943429575,1.2043245327575391,2.151958410394684,1.2043065351307973,-1.8360959830876027,-6.651003270505669,-6.651025257106994,0.39969056323573865,0.6698199206806694,0.7284492029039598,0.6698185408546334,0.3996979046895654,0.41690119512325213,0.2286155409607266,0.11135543863785481,0.22861798683880888,0.4169011607196292,0.0,0.0,0.0,0.0,0.0,off,off,off,off,off
250.24999999999733,0.3,66.07499999998845,-1.8123891837100246,1.2258271431610979,2.1738013877316007,1.2258093260834926,-1.8124248369229008,-6.6233200617917305,-6.62334213909628,0.40156973749129793,0.6713695857638271,0.7294896244736112,0.6713682089204294,0.4015766928099122,0.41691552083850353,0.22586954783781094,0.10897935206474865,0.2258720047550356,0.41691548683268953,0.0,0.0,0.0,0.0,0.0,off,off,off,off,off
250.49999999999733,0.3,66.14999999998837,-1.7888468337019958,1.247212272044976,2.1955242442286362,1.247194634620655,-1.7888820843082271,-6.595672223908878,-6.595694388512072,0.403509082353252,0.6729173435065536,0.7305135514989539,0.6729159705606375,0.40351567554192613,0.4169295791616067,0.22310874091480037,0.10663068001601825,0.22311120732898582,0.41692954554621703,0.0,0.0,0.0,0.0,0.0,off,off,off,off,off
250.74999999999733,0.3,66.22499999998828,-1.7654345435516348,1.268481526019741,2.2171297440921194,1.2684640677907169,-1.7654693792477474,-6.568060402321294,-6.5680826507451116,0.4054936165751412,0.6744622273797756,0.731520975727431,0.6744608592084406,0.4054998705726012,0.4169433735708415,0.2203347275942449,0.10430996913367624,0.22033720198949497,0.41694334033838926,0.0,0.0,0.0,0.0,0.0,off,off,off,off,off
250.99999999999733,0.3,66.2999999999882,-1.7421522187762548,1.289636556458447,2.2386205304353552,1.2896192772697646,-1.7421866306845004,-6.5404852423855,-6.540507571104968,0.4075108333813844,0.6760033102487844,0.7325119045614064,0.676001947691591,0.4075167697180382,0.4169569075357603,0.21754909101695755,0.10201772535223456,0.21755157190377705,0.41695687467870324,0.0,0.0,0.0,0.0,0.0,off,off,off,off,off
251.24999999999733,0.3,66.37499999998812,-1.7189984157641334,1.3106790986644796,2.25999913759415,1.3106619985624093,-1.7190323979393725,-6.512947378782485,-6.512969784247673,0.40955030041093804,0.6775397044693819,0.733486360172386,0.6775383483285898,0.40955593910432087,0.416970184497099,0.21475338898473778,0.0997544148994961,0.21475587490036552,0.41697015200787924,0.0,0.0,0.0,0.0,0.0,off,off,off,off,off
251.49999999999733,0.3,66.44999999998804,-1.6959706612726109,1.3316109967236116,2.2812680046405376,1.3315940758619718,-1.6960042103409023,-6.4854474274753215,-6.4854699061314705,0.4116033073472588,0.679070561861767,0.7344443786610371,0.6790692129025387,0.41160866688816033,0.4169832078517277,0.21194915288249905,0.09752046529067729,0.2119516423914436,0.41698317572280597,0.0,0.0,0.0,0.0,0.0,off,off,off,off,off
251.74999999999733,0.3,66.52499999998795,-1.6730657087176724,1.3524342175239212,2.3024294894162836,1.3524174760447636,-1.6730988234526762,-6.457985979700879,-6.458008528003063,0.4136625667126853,0.6805950735604569,0.7353860092599294,0.6805937325109853,0.41366766413693284,0.41699598094167,0.20913788663233118,0.09531626631519739,0.209140378327069,0.4169959491655538,0.0,0.0,0.0,0.0,0.0,off,off,off,off,off
251.99999999999733,0.3,66.59999999998787,-1.6502797423095785,1.3731508565375634,2.3234858822825117,1.3731342945322353,-1.6503124233466906,-6.430563597577418,-6.430586212004982,0.41572196536583594,0.6821124697425106,0.7363113135752326,0.6821111372942925,0.41572681634761355,0.41700850704636316,0.20632106570228503,0.09314217101627179,0.2063235582041492,0.4170084756156307,0.0,0.0,0.0,0.0,0.0,off,off,off,off,off
252.24999999999733,0.3,66.67499999998779,-1.6276085391486959,1.393763137694691,2.344439419203354,1.3937467551438658,-1.6276407886659854,-6.4031808109987765,-6.403203488067106,0.4177763608936822,0.6836220192376007,0.7372203648644197,0.6836206960458044,0.4177809798603266,0.417020789377474,0.20350013618604573,0.09099849666411206,0.20350262814604966,0.41702075828479335,0.0,0.0,0.0,0.0,0.0,off,off,off,off,off
252.49999999999733,0.3,66.74999999998771,-1.6050475974953997,1.4142734089300006,2.3652922938097163,1.4142572056819063,-1.6050794189690691,-6.375838115544298,-6.37586085181448,0.41982141600540285,0.6851230288770614,0.7381132473470733,0.6851217155609932,0.4198258162547411,0.4170328310757155,0.20067651396312458,0.08888552572364938,0.20067900406284409,0.4170328003138601,0.0,0.0,0.0,0.0,0.0,off,off,off,off,off
252.74999999999733,0.3,66.82499999998763,-1.5825922379252688,1.4346841347436907,2.3860466682937727,1.4346681104643153,-1.5826236359457653,-6.348535971189051,-6.348558763274923,0.4218534642876088,0.6866148432120518,0.7389900555463917,0.6866135403551936,0.42185765809646175,0.41704463520921736,0.19785158394612512,0.08680350681784885,0.19785407089859064,0.41704460477107896,0.0,0.0,0.0,0.0,0.0,off,off,off,off,off
252.99999999999733,0.3,66.89999999998754,-1.5602376830615299,1.4549978866916717,2.406704683032501,1.4549820408749952,-1.5602686630842868,-6.321274801639959,-6.321297646215328,0.42386940145019936,0.6880968436901342,0.7398508936592167,0.6880955518410257,0.4238734001814515,0.41705620477309646,0.19502669941723969,0.08475265568750029,0.195029181967753,0.4170561746516948,0.0,0.0,0.0,0.0,0.0,off,off,off,off,off
253.24999999999733,0.3,66.97499999998746,-1.5379791199505917,1.4752173326759817,2.427268464923145,1.4752016646281163,-1.5380096881813756,-6.294054994164412,-6.294077887968115,0.42586659704039875,0.6895684478647133,0.7406958749527042,0.6895671675374939,0.42587041123916963,0.4170675426899449,0.19220318145397114,0.08273315614828888,0.19220565838086956,0.4170675128784347,0.0,0.0,0.0,0.0,0.0,off,off,off,off,off
253.49999999999733,0.3,67.04999999998738,-1.5158117488931566,1.4953452255946331,2.4477401344588543,1.4953297344138718,-1.5158419121337943,-6.266876899798945,-6.2668998396385405,0.42784282253698014,0.6910291085664613,0.7415251211860232,0.6910278402415143,0.4278464620092943,0.4170786518110131,0.18938231844318257,0.08074516104568487,0.1893847885585117,0.4170786223026896,0.0,0.0,0.0,0.0,0.0,off,off,off,off,off
253.74999999999733,0.3,67.1249999999873,-1.493730821363613,1.515384391616351,2.4681218115759975,1.5153690762227257,-1.493760586874771,-6.2397408338536025,-6.239763816608786,0.42979619248400724,0.6924783130094083,0.7423387620555012,0.6924770571341524,0.42979966637586653,0.41708953491791395,0.18656536568044566,0.07878879320797005,0.18656782783060757,0.41708950570621706,0.0,0.0,0.0,0.0,0.0,off,off,off,off,off
253.99999999999733,0.3,67.19999999998721,-1.4717316691125575,1.5353377186218609,2.488415620387457,1.5353225777092803,-1.4717610445717355,-6.212647076640565,-6.212670099265779,0.43172511604233843,0.6939155818475619,0.7431369346621318,0.6939143388371025,0.4317284328977575,0.41710019472470916,0.18375354505121969,0.0768641463974944,0.18375599811753346,0.41710016580322573,0.0,0.0,0.0,0.0,0.0,off,off,off,off,off
254.24999999999733,0.3,67.27499999998713,-1.4498097265376373,1.5552081448460626,2.5086236928648304,1.5551931769436464,-1.4498387198873388,-6.185595874374144,-6.185618933900059,0.43362825683940964,0.695340468011107,0.7439197830015482,0.6953392382496203,0.43363142465998583,0.41711063388027,0.1809480447893861,0.07497128626003073,0.18095048768859187,0.4171106052427352,0.0,0.0,0.0,0.0,0.0,off,off,off,off,off
254.49999999999733,0.3,67.34999999998705,-1.4279605473407742,1.5749986480008147,2.5287481715320155,1.574983851459308,-1.427989166719044,-6.158587440196527,-6.158610533731462,0.43550449946940006,0.6967525558425702,0.7446874574719696,0.6967513396831466,0.4355075257675249,0.41712085497082674,0.178150019308957,0.07311025127191836,0.17815245099348606,0.41712082661112443,0.0,0.0,0.0,0.0,0.0,off,off,off,off,off
254.74999999999733,0.3,67.42499999998697,-1.4061801512480088,1.594712233355608,2.548791211326659,1.5946976063614215,-1.4062084019846566,-6.131621955594937,-6.131645080322471,0.43737265316907176,0.698151460438661,0.7454401144034091,0.698150258204908,0.43737540131911956,0.41713086048788867,0.1753605891050944,0.07128105368449529,0.17536300856342646,0.41713083240036225,0.0,0.0,0.0,0.0,0.0,off,off,off,off,off
254.99999999999733,0.3,67.49999999998688,-1.3844556588600199,1.6143519657190382,2.568754980295978,1.6143375059289724,-1.3844835914989062,-6.104699563466454,-6.1047227167237,0.4389255914320668,0.6995368262251446,0.7461779156040639,0.6995356382111131,0.4389290389453465,0.41714065382826976,0.1725808407346007,0.06948368046539838,0.17258324699145183,0.4171406260026911,0.0,0.0,0.0,0.0,0.0,off,off,off,off,off
255.24999999999733,0.3,67.5749999999868,-1.3627255350391465,1.6339222346808242,2.588641703330609,1.6339079372119727,-1.3627532239886477,-6.077820111393635,-6.077843291088129,0.43998339291847566,0.7009083292886737,0.7469010280425316,0.7009071557542246,0.43998709004836445,0.41715024375228493,0.16981182599220906,0.06771809422786879,0.16981421811101657,0.41715021617636167,0.0,0.0,0.0,0.0,0.0,off,off,off,off,off
255.49999999999733,0.3,67.64999999998672,-1.3409614819408944,1.6534288187746142,2.608453769778805,1.6534146775478007,-1.3409889539850042,-6.050983118502188,-6.0510063228674085,0.4408877731688534,0.7022656780408303,0.7476096237372991,0.7022645192131496,0.44089149267756234,0.41715963572561576,0.1670545593668831,0.06598423410251722,0.16705693645292063,0.4171596083925248,0.0,0.0,0.0,0.0,0.0,off,off,off,off,off
255.74999999999733,0.3,67.72499999998664,-1.3191614576191455,1.6728775684626953,2.6281937640303568,1.6728635773285419,-1.319188721628393,-6.0241880269622925,-6.024211254352053,0.4417645226555013,0.7036086096850858,0.748303879478821,0.7036074657632774,0.4417681803314226,0.4171688323908491,0.16431001723344874,0.064282016561093,0.1643123784341294,0.417168805295878,0.0,0.0,0.0,0.0,0.0,off,off,off,off,off
255.99999999999733,0.3,67.79999999998655,-1.2973319236000407,1.692273893515221,2.647864434415567,1.6922600466148765,-1.297358981982029,-5.997434307094011,-5.997457555907147,0.442656779942634,0.7049368865900308,0.7489839763997335,0.704935757747988,0.4426603445072833,0.4171778354070379,0.16157913873291818,0.06261133625120198,0.16158148323676808,0.4171778085462681,0.0,0.0,0.0,0.0,0.0,off,off,off,off,off
256.2499999999971,0.3,67.87499999998649,-1.2754814370580334,1.7116226455963783,2.667468646585462,1.7116089374413832,-1.2755082900167167,-5.970721488049378,-5.970744756703311,0.4435773656380272,0.7062502951880862,0.7496500995054199,0.7062491815745863,0.44358082583443353,0.417186646131394,0.15886282712173963,0.06097206686229573,0.15886515415715324,0.4171866195012099,0.0,0.0,0.0,0.0,0.0,off,off,off,off,off
256.4999999999969,0.3,67.94999999998642,-1.2536183966120689,1.7309281361386866,2.6870093380355797,1.7309145616587216,-1.2536450436986115,-5.944049161967541,-5.944072448889301,0.4445280572869369,0.7075486441155304,0.7503024372090731,0.7075475458577689,0.4445314096212105,0.41719526586394695,0.15616195113037257,0.05936406202013545,0.15616425996422056,0.4171952394608554,0.0,0.0,0.0,0.0,0.0,off,off,off,off,off
256.74999999999665,0.3,68.02499999998635,-1.2317503150976563,1.7501941956533074,2.7064894789925233,1.750180750159302,-1.2317767557859725,-5.91741697913443,-5.917440282758548,0.4455067548564101,0.7088317628193395,0.7509411808879575,0.7088306800226171,0.445509998989011,0.4172036959297653,0.15347734619087605,0.057787156200330855,0.15347963612718452,0.4172036697503297,0.0,0.0,0.0,0.0,0.0,off,off,off,off,off
256.9999999999964,0.3,68.09999999998628,-1.2098836495947012,1.7694242402768054,2.725912040413334,1.7694109194779344,-1.2099098835581117,-5.890824640572305,-5.890847959342125,0.44651014258047694,0.7100995005064351,0.7515665244659789,0.7100984332573143,0.44651327955446857,0.41721193770155296,0.15080981550951728,0.05624116565105422,0.150812085888187,0.4172119117423705,0.0,0.0,0.0,0.0,0.0,off,off,off,off,off
257.2499999999962,0.3,68.17499999998621,-1.188023828596613,1.7886213344844464,2.7452799687062566,1.7886081343750106,-1.188049855774409,-5.864271890377495,-5.864295222745909,0.4475346683276138,0.7113517251416116,0.7521786640241453,0.711350673507494,0.44753769986651415,0.41721999260101716,0.14816013099165562,0.054725889316203674,0.14816238118734246,0.41721996685871326,0.0,0.0,0.0,0.0,0.0,off,off,off,off,off
257.49999999999596,0.3,68.24999999998614,-1.166175342611666,1.807788246153791,2.764596166207241,1.8077751630577836,-1.1662011632514577,-5.837758508586319,-5.8377818530181,0.4485768942473469,0.7125883221883434,0.75277779743833,0.7125872862195032,0.44857982246431466,0.4172278620932637,0.1455290340417343,0.053241109751875834,0.14553126346275524,0.41722783656449103,0.0,0.0,0.0,0.0,0.0,off,off,off,off,off
257.74999999999574,0.3,68.32499999998608,-1.1443418493706758,1.8269274939901265,2.7838634765072356,1.8269145245055824,-1.1443674640172503,-5.8112843047951515,-5.811307659769398,0.4496336129621312,0.7138091937835158,0.7533641240433128,0.7138081735143904,0.44963644021285876,0.4172355476794373,0.14291723625992325,0.05178659403057403,0.14291944434721557,0.4172355223608778,0.0,0.0,0.0,0.0,0.0,off,off,off,off,off
257.9999999999955,0.3,68.39999999998601,-1.1225262762422403,1.8460413879020052,2.8030846737748334,1.8460285288466025,-1.122551685746032,-5.784849112553786,-5.7848724765655675,0.4507018767797585,0.7150142542864619,0.7539378443216733,0.7150132497406427,0.45070460558948044,0.4172430508894594,0.14032542006229842,0.05036209462886067,0.1403276062885124,0.41724302577782674,0.0,0.0,0.0,0.0,0.0,off,off,off,off,off
258.2499999999953,0.3,68.47499999998594,-1.1007309144250144,1.865132062631858,2.822262455362477,1.8651193110444524,-1.1007561198595681,-5.7584527844797435,-5.75847615604107,0.45177899513186415,0.7162034398407067,0.7544991596161011,0.7162024510148307,0.451781628146541,0.4172503732754601,0.13775423922936011,0.04896735029527095,0.13775640309800635,0.4172503483675013,0.0,0.0,0.0,0.0,0.0,off,off,off,off,off
258.49999999999505,0.3,68.54999999998587,-1.0789575033412007,1.8842015050836949,2.8413994369053626,1.884188858202549,-1.078982506134082,-5.7320951880254825,-5.732118565668202,0.45286252088836176,0.7173767016520175,0.7550482718631413,0.7173757285365501,0.452865060829548,0.41725751640604747,0.13520431935472943,0.047602086896203155,0.13520646039933662,0.4172574916985456,0.0,0.0,0.0,0.0,0.0,off,off,off,off,off
258.7499999999948,0.3,68.6249999999858,-1.057207305906104,1.90325157858382,2.860498149599607,1.9032390338231266,-1.0572321076434719,-5.705776201828485,-5.705799584105989,0.45395023329921474,0.718534001287775,0.7555853833474179,0.7185330438604777,0.45395268293758934,0.4172644818613944,0.1326762583254843,0.04626601823821429,0.13267837610879385,0.41726445735117085,0.0,0.0,0.0,0.0,0.0,off,off,off,off,off
258.9999999999946,0.3,68.69999999998574,-1.035481174695235,1.9222840423738035,2.879561039077487,1.9222715972874198,-1.0355057772197824,-5.679495712576454,-5.6795190980638495,0.455040120474801,0.7196753132788652,0.7561106964745025,0.7196743715055182,0.45504248261030933,0.4172712712290729,0.13017062674793659,0.04495884686567429,0.1301727208611603,0.4172712469129885,0.0,0.0,0.0,0.0,0.0,off,off,off,off,off
259.2499999999944,0.3,68.77499999998567,-1.0137796106154724,1.9413005676307193,2.898590465617872,1.9412882199054593,-1.0138040159644675,-5.653253612322942,-5.6532769996200045,0.45613036250306827,0.7208006244701742,0.7566244135613011,0.7207996983053218,0.4561326399378033,0.4172778861005488,0.12768796834837015,0.04368026483319068,0.12769003841050397,0.41727786197550565,0.0,0.0,0.0,0.0,0.0,off,off,off,off,off
259.49999999999415,0.3,68.8499999999856,-0.9921028143032231,1.9603027506682338,2.9175887052390976,1.960290498115171,-0.9921270247318148,-5.6270497962057675,-5.627073183936886,0.4572193155605569,0.7219099334008232,0.7571267366422295,0.7219090227884845,0.45722151108381326,0.41728432806825844,0.12522880035856843,0.04242995445255657,0.12523084601568318,0.4172843041312012,0.0,0.0,0.0,0.0,0.0,off,off,off,off,off
259.7499999999939,0.3,68.92499999998553,-0.9704507314208399,1.9792921236884808,2.936557951633631,1.979279964241357,-0.970474749358516,-5.600884160512919,-5.600907547328802,0.4583054971583401,0.7230032497117063,0.7576178672905111,0.7230023545860591,0.4583076135335168,0.41729059872319235,0.12279361389128796,0.041207589014227275,0.12279563481585566,0.4172905749711096,0.0,0.0,0.0,0.0,0.0,off,off,off,off,off
259.9999999999937,0.3,68.99999999998546,-0.9488230923334413,1.9982701634860405,2.955500318512918,1.9982580951606224,-0.948846920315134,-5.5747566010560945,-5.574779985634564,0.45938757252003315,0.7240805935783204,0.7580980064528066,0.724079713864251,0.4593896124745924,0.41729669965291827,0.12038287431020711,0.0400128334835456,0.12038487020043766,0.41729667608284304,0.0,0.0,0.0,0.0,0.0,off,off,off,off,off
260.24999999999346,0.3,69.0749999999854,-0.9272194468769612,2.017238298477082,2.9744178423983385,2.01722631936849,-0.9272430875664099,-5.5486670118135635,-5.548690392859669,0.46046434204611203,0.7251419951674763,0.7585673542966689,0.7251411307811688,0.46046630826477797,0.41730263243998533,0.11799702159747395,0.038845345172059176,0.11799899217672442,0.4173026090489955,0.0,0.0,0.0,0.0,0.0,off,off,off,off,off
260.49999999999324,0.3,69.14999999998533,-0.9056391947538032,2.036197914228069,2.9933124855664346,2.036186022504296,-0.9056626509594139,-5.522615283805521,-5.522638660053019,0.46153472981444704,0.7261874941161968,0.7590261100693932,0.7261866449656937,0.4615366249270236,0.41730839866065705,0.11563647072159856,0.037704774384390335,0.11563841573775946,0.41730837544587623,0.0,0.0,0.0,0.0,0.0,off,off,off,off,off
260.749999999993,0.3,69.22499999998526,-0.8840816122105934,2.055150357893524,3.012186139172286,2.0551385517993594,-0.8841048868138159,-5.496601304176238,-5.496624674388443,0.46259777303512184,0.7272171390320679,0.7594744719677199,0.7272163050178275,0.46259959961521857,0.41731399988392875,0.11330161200765537,0.0365907650411824,0.11330353123254495,0.4173139768425263,0.0,0.0,0.0,0.0,0.0,off,off,off,off,off
260.9999999999928,0.3,69.29999999998519,-0.8625458751776591,2.0740969416250437,3.0310406263789105,2.0740852194339254,-0.8625689711579412,-5.470624955455548,-5.470648318424367,0.46365261240321104,0.7282309870137335,0.7599126370173128,0.7282301680290282,0.46365437295955775,0.41731943767078744,0.11099281151115792,0.03550295527870534,0.11099470473991666,0.4173194147999788,0.0,0.0,0.0,0.0,0.0,off,off,off,off,off
261.24999999999255,0.3,69.37499999998512,-0.841031079490449,2.0930389451676774,3.049877705480924,2.093027305245755,-0.8410539998563991,-5.444686114971034,-5.444709469518159,0.4646984832681341,0.7292291031907271,0.7603408009614113,0.7292282991222983,0.46470018024639054,0.4173247135736819,0.10871041139670927,0.034440978025703915,0.10871227844721931,0.41732469087072843,0.0,0.0,0.0,0.0,0.0,off,off,off,off,off
261.4999999999923,0.3,69.44999999998505,-0.8195362584109489,2.111977617859111,3.0686990729543595,2.11196605858936,-0.8195590062900351,-5.418784654398678,-5.418807999375645,0.4657347075655921,0.7302115602820618,0.7607591581579087,0.7302107710103867,0.4657363433409828,0.4173298291361694,0.10645473032209961,0.03340446155811402,0.10645657103441167,0.41732980659837826,0.0,0.0,0.0,0.0,0.0,off,off,off,off,off
261.7499999999921,0.3,69.52499999998498,-0.7980603979519856,2.130914180035745,3.087506366388652,2.1309026998422382,-0.798082976478554,-5.39292043942811,-5.39294377371607,0.4667606864283238,0.7311784381725412,0.7611679014842125,0.731177663572334,0.46676226330667997,0.41733478589271533,0.10422606382830764,0.0323930300322693,0.10422787806407764,0.4173347635174393,0.0,0.0,0.0,0.0,0.0,off,off,off,off,off
261.99999999999187,0.3,69.59999999998492,-0.7766024500017465,2.14984982401279,3.106301167301183,2.1498384213827535,-0.7766248623326533,-5.367093329527563,-5.367116652038362,0.46777589343780285,0.7321298235063395,0.7615672222493866,0.7321290634470339,0.46777741365472647,0.41733958536862026,0.10202468473554135,0.0314063039971902,0.10202647237744915,0.4173395631532577,0.0,0.0,0.0,0.0,0.0,off,off,off,off,off
262.24999999999164,0.3,69.67499999998485,-0.7551613436745583,2.1687857148254466,3.125085003803349,2.168774388243719,-0.7551835929806998,-5.34130317779767,-5.3413264874726565,0.468779868447096,0.7330658092974943,0.7619573101123106,0.7330650636434711,0.4687813341686995,0.41734422908005575,0.09985084354534801,0.03044390088655783,0.09985260449652844,0.4173442070220495,0.0,0.0,0.0,0.0,0.0,off,off,off,off,off
262.4999999999914,0.3,69.74999999998478,-0.7337359951811777,2.1877229905409195,3.14385935310753,2.1877117385601537,-0.7337580846389073,-5.315549830896543,-5.315573126706681,0.4697722119270727,0.7339864945560655,0.7623383530089036,0.7339857631672136,0.46977362524910543,0.41734871853419,0.09770476884866738,0.029505435490965303,0.09770650303215991,0.4173486966310269,0.0,0.0,0.0,0.0,0.0,off,off,off,off,off
262.7499999999912,0.3,69.82499999998471,-0.7123253161165621,2.206662762536155,3.162625643842887,2.2066515837224756,-0.7123472489118399,-5.28983312902875,-5.289856409974618,0.4707525797926598,0.7348919839302797,0.7627105370811099,0.7348912666622193,0.4707539427402504,0.4173530552293888,0.09558666773961075,0.02859052041100887,0.09558837509778123,0.41735303347859953,0.0,0.0,0.0,0.0,0.0,off,off,off,off,off
262.99999999999096,0.3,69.89999999998464,-0.6909282207327578,2.2256061154852205,3.1813852582344566,2.225595008435789,-0.6909500000538742,-5.264152905988453,-5.264176171100189,0.4717206786607037,0.7357823873633499,0.7630740466137832,0.7357816840678182,0.4717219931892978,0.41735724065547863,0.09349672623461945,0.027698766491768112,0.09349840672860875,0.4173572190546366,0.0,0.0,0.0,0.0,0.0,off,off,off,off,off
263.24999999999073,0.3,69.97499999998458,-0.6695436319533883,2.2445541073117283,3.2001395341474677,2.244543070645136,-0.6695652609817557,-5.23850898924826,-5.238532237584877,0.472676261503421,0.7366578197650067,0.7634290639763797,0.7366571302901511,0.47267752949919206,0.4173612762940596,0.09143510969664759,0.026829783239185452,0.09143676330585133,0.4173612548407804,0.0,0.0,0.0,0.0,0.0,off,off,off,off,off
263.4999999999905,0.3,70.04999999998451,-0.6481704865592519,2.2635077690638354,3.2188897669071252,2.2634968014222636,-0.6481919684482023,-5.2129012000847865,-5.21292443073429,0.4736191236612315,0.7375184006970525,0.7637757695691568,0.7375177248877557,0.4736203469429646,0.41736516361885917,0.08940196326396185,0.0259831792188655,0.0894035899854421,0.4173651423108002,0.0,0.0,0.0,0.0,0.0,off,off,off,off,off
263.7499999999903,0.3,70.12499999998444,-0.6268077394703369,2.2824681046963065,3.237637211005449,2.2824572047403535,-0.6268290773122089,-5.187329353736573,-5.187352565814592,0.47454909918681143,0.7383642540723533,0.7641143417739509,0.738363591770502,0.4745502795091307,0.41736890409611704,0.0873974122830324,0.025158562437810283,0.08739901213100747,0.417368882930976,0.0,0.0,0.0,0.0,0.0,off,off,off,off,off
263.99999999999005,0.3,70.19999999998437,-0.6054543673171793,2.301436090871789,3.256383081685101,2.301425257282631,-0.6054755642128384,-5.161793259587853,-5.161816452238725,0.4754660574841899,0.7391955078669951,0.7644449569092321,0.7391948589117723,0.47546719653717634,0.41737249918499486,0.08542156274514588,0.024355540709524216,0.08542313575043145,0.4173724781605094,0.0,0.0,0.0,0.0,0.0,off,off,off,off,off
264.2499999999898,0.3,70.2749999999843,-0.5841093714481644,2.3204126767083153,3.2751285563413717,2.3204019082035643,-0.5841304304448727,-5.136292721372797,-5.1363158937686535,0.47636990022184067,0.7400122938449093,0.7647677891889996,0.7400116580731052,0.476370999631838,0.41737595033800334,0.08347450172622883,0.023573722002966105,0.08347604793568802,0.4173759294519499,0.0,0.0,0.0,0.0,0.0,off,off,off,off,off
264.4999999999896,0.3,70.34999999998423,-0.5627717802429402,2.3393987835885923,3.293874775828556,2.33938807889848,-0.5627927043638579,-5.1108275373997,-5.110850688739049,0.47726055849320426,0.7408147472947849,0.7650830106854979,0.7408141245409806,0.4772616198259475,0.4173792590014422,0.08155629782936287,0.022812714775798493,0.08155781730538268,0.4173792382516355,0.0,0.0,0.0,0.0,0.0,off,off,off,off,off
264.74999999998937,0.3,70.42499999998417,-0.5414406510854519,2.3583953049426896,3.312622845652527,2.358384662814842,-0.5414614432893927,-5.085397500783074,-5.085420630291196,0.478137990207522,0.7416030067785232,0.7653907912954827,0.7416023968753527,0.4781390149688425,0.4173824266158472,0.0796670016295726,0.02207212829234557,0.07966849444951549,0.4173824060001392,0.0,0.0,0.0,0.0,0.0,off,off,off,off,off
264.99999999998914,0.3,70.4999999999841,-0.5201142250999737,2.3774031093415147,3.3313738370322312,2.3773925285215682,-0.5201348920671762,-5.060002399051712,-5.06002550598464,0.4789645904980399,0.7423772138993595,0.7656912987097598,0.7423766166776771,0.4789656861683436,0.41738545472743904,0.07780664612076271,0.02135157292669342,0.0778081123764609,0.41738543424323193,0.0,0.0,0.0,0.0,0.0,off,off,off,off,off
265.2499999999889,0.3,70.57499999998403,-0.49877695641851005,2.396423300916979,3.3501287951883683,2.396412779767161,-0.49879751618067303,-5.034641961965519,-5.034665045688882,0.4796181689202121,0.7431375137765969,0.7659846984056776,0.7431369290646558,0.4796193186841892,0.41738834672379604,0.0759752471036559,0.02065066045097607,0.07597668690099757,0.4173883263671237,0.0,0.0,0.0,0.0,0.0,off,off,off,off,off
265.4999999999887,0.3,70.64999999998396,-0.47741798958873005,2.415457437395048,3.368888770639728,2.415446974012184,-0.4774384489343788,-5.009315813417061,-5.009338873383058,0.4802141929771565,0.7438840555198621,0.7662711537059025,0.7438834831437061,0.4802153349989156,0.41739110537001856,0.07417280332370625,0.01996900430600365,0.07417421678242106,0.4173910851385554,0.0,0.0,0.0,0.0,0.0,off,off,off,off,off
265.74999999998846,0.3,70.7249999999839,-0.4560365748105255,2.4345071166991943,3.387654835024364,2.434496709213704,-0.45605693637702416,-4.984023549871722,-4.984046585564272,0.4807958050578723,0.7446169910070838,0.7665508258003766,0.7446164307915154,0.4807969234709407,0.41739373205994007,0.07239929674788824,0.019306219853759146,0.07240068400106404,0.41739371195196295,0.0,0.0,0.0,0.0,0.0,off,off,off,off,off
265.99999999998823,0.3,70.79999999998383,-0.43463450561705486,2.4535737951973715,3.406428074450048,2.453563441832955,-0.43465477095622873,-4.958764777377212,-4.958787788297627,0.48137397117069736,0.745336474169532,0.7668238737104275,0.7453359259384937,0.4813750622376644,0.41739622782596086,0.07065469310770912,0.018661924617750396,0.07065605430119382,0.4173962078399146,0.0,0.0,0.0,0.0,0.0,off,off,off,off,off
266.249999999988,0.3,70.87499999998376,-0.41321400171688083,2.47265875920624,3.4252095778759895,2.4726484582940316,-0.41323417211413016,-4.933539119473892,-4.933562105136787,0.4819511981531212,0.7460426606636993,0.7670904542409875,0.7460421242405284,0.4819522613529194,0.4173985936217293,0.06893894250104972,0.018035738514014302,0.06894027779284465,0.41739857375611317,0.0,0.0,0.0,0.0,0.0,off,off,off,off,off
266.4999999999878,0.3,70.94999999998369,-0.3917771769081355,2.491763134531311,3.444000426028765,2.491752884513403,-0.3917972535921308,-4.908346217575399,-4.9083691775070974,0.48252778440905475,0.7467357076572708,0.767350721935644,0.7467351828649212,0.4825288200764037,0.4174008303938517,0.06725197998134884,0.017427284072798206,0.06725328954100025,0.4174008106471907,0.0,0.0,0.0,0.0,0.0,off,off,off,off,off
266.74999999998755,0.3,71.02499999998362,-0.3703259225844704,2.5108879038480154,3.4628016821303618,2.510877703262622,-0.3703459067468202,-4.883185729547506,-4.883208663286098,0.4831034712235576,0.747415773655122,0.7676048290379283,0.7474152603163192,0.4831044799220684,0.41740293909893045,0.0655937261199676,0.0168361866504353,0.06559501012799145,0.4174029194697672,0.0,0.0,0.0,0.0,0.0,off,off,off,off,off
266.9999999999873,0.3,71.09999999998355,-0.34886189860048944,2.5300339241246093,3.481614384452598,2.530023771599815,-0.34888179148038034,-4.858057327979168,-4.858080235075022,0.4836778779928673,0.7480830183441399,0.7678529254594314,0.7480825162815353,0.4836788603474831,0.417404920706592,0.06396408754167794,0.01626207463091319,0.06396534618901821,0.41740490119348506,0.0,0.0,0.0,0.0,0.0,off,off,off,off,off
267.2499999999871,0.3,71.17499999998348,-0.3273865503608704,2.54920194229868,3.500439540495222,2.5491918365468678,-0.32740635317514943,-4.8329606985280975,-4.832983578543178,0.48425061573490064,0.7487376024502029,0.7680951587557606,0.7487371114865291,0.48425157238565975,0.4174067761990514,0.06236295743639193,0.015704579616827367,0.062364190923878036,0.4174067568005745,0.0,0.0,0.0,0.0,0.0,off,off,off,off,off
267.49999999998687,0.3,71.24999999998342,-0.30590113055529855,2.568392609041666,3.519278122591402,2.5683825488545153,-0.30592084454406177,-4.807895538416744,-4.807918390924726,0.4848213155759268,0.7493796876049098,0.7683316741047777,0.749379207563117,0.4848222471650143,0.4174085065699296,0.06079021605042652,0.015163336609529565,0.06079142458825612,0.4174084872846717,0.0,0.0,0.0,0.0,0.0,off,off,off,off,off
267.74999999998664,0.3,71.32499999998335,-0.28440672040164827,2.5876064906923943,3.538131064604613,2.5875964749319564,-0.284426346779469,-4.782861555091529,-4.782884379677569,0.4853896348510941,0.750009436220479,0.7685626142924904,0.7500089669238542,0.485390542018415,0.4174101128230111,0.059245731160255825,0.014637984178432643,0.05924691496750105,0.4174100936495761,0.0,0.0,0.0,0.0,0.0,off,off,off,off,off
267.9999999999864,0.3,71.39999999998328,-0.2629042491007567,2.606844079583823,3.5569992596852558,2.6068341071643886,-0.26292378910079606,-4.757858465032314,-4.757881261293164,0.48595525738165374,0.7506270113718296,0.768788119703038,0.7506265526440787,0.4859561407621177,0.4174115959711029,0.05772935853140252,0.014128164619522337,0.057730517835522445,0.4174115769081095,0.0,0.0,0.0,0.0,0.0,off,off,off,off,off
268.2499999999862,0.3,71.47499999998321,-0.24139451124324296,2.626105802939037,3.57588355874384,2.62609587286164,-0.24141396612117205,-4.732885992698584,-4.732908760242253,0.48651789230402476,0.7512325766849867,0.7690083283125528,0.7512321283504466,0.48651875252596155,0.4174129570350242,0.05624094236449182,0.013633524103216946,0.05624207740087027,0.41741293808110613,0.0,0.0,0.0,0.0,0.0,off,off,off,off,off
268.49999999998596,0.3,71.54999999998314,-0.21987818253450087,2.6453920306420855,3.5947847696313033,2.6453821419431733,-0.21989755351012263,-4.707943869595795,-4.707966608042341,0.48707727260058975,0.7518262962314569,0.7692233756868351,0.7518258581150749,0.4870781102844075,0.41741419704272265,0.05478031573029457,0.013153712811771025,0.05478142674177455,0.41741417819652826,0.0,0.0,0.0,0.0,0.0,off,off,off,off,off
268.74999999998573,0.3,71.62499999998307,-0.1983558336706892,2.664703081865696,3.613703656843768,2.6646932336442433,-0.19837512196431817,-4.683031833454265,-4.68305454243432,0.48763315362684534,0.7524083344275402,0.7694333949822797,0.7524079063550481,0.48763396938594594,0.4174153170285038,0.05334730099515203,0.012688385066466747,0.0533483882316036,0.41741529828869556,0.0,0.0,0.0,0.0,0.0,off,off,off,off,off
268.9999999999855,0.3,71.699999999983,-0.17682794292636572,2.684039230857934,3.632640941643672,2.6840294222595844,-0.17684714973256632,-4.65814962750062,-4.658172306656127,0.48818531171100166,0.7529788559383896,0.7696385169496888,0.7529784377363642,0.48818610614930097,0.4174163180323626,0.05194171023800688,0.012237199444881107,0.05194277395588873,0.4174162993976175,0.0,0.0,0.0,0.0,0.0,off,off,off,off,off
269.2499999999853,0.3,71.77499999998294,-0.15529490722684614,2.7034007119094667,3.651597302526625,2.703390942117778,-0.15531403376115804,-4.633296999820061,-4.633319648804218,0.4887335428351014,0.7535380255863003,0.7698388699407068,0.7535376170822234,0.4887343165467755,0.41741720109940583,0.05056334565994682,0.011799818888526247,0.05056438612190152,0.4174171825684148,0.0,0.0,0.0,0.0,0.0,off,off,off,off,off
269.49999999998505,0.3,71.84999999998287,-0.1337570522073861,2.7227877236646236,3.670573375976062,2.722777991908629,-0.13377609965402826,-4.608473702794754,-4.608496321271502,0.4892776614007724,0.7540860082642487,0.7700345799166357,0.754085609286617,0.489278414969645,0.41741796727935393,0.049211999987065005,0.011375910801186257,0.04921301746151079,0.4174179488508219,0.0,0.0,0.0,0.0,0.0,off,off,off,off,off
269.7499999999848,0.3,71.9249999999828,-0.11221464101811307,2.7422004328348635,3.6895697574268524,2.7421907383884445,-0.11223361054663883,-4.583679492611566,-4.58370208025525,0.4898174990716651,0.754622968850504,0.7702257704593354,0.7546225792289069,0.48981823307068856,0.41741861762611315,0.04788745686720915,0.010965147138281695,0.04788845162793736,0.4174185992987584,0.0,0.0,0.0,0.0,0.0,off,off,off,off,off
269.9999999999846,0.3,71.99999999998273,-0.09066788232553336,2.761638977449252,3.7085870023699385,2.7616293196085167,-0.09068677507184475,-4.558914128831191,-4.558936685326046,0.49035290368860535,0.755149072128665,0.7704125627835552,0.7551486916937942,0.49035361868005645,0.41741915319741046,0.04658949126106931,0.010567204487590598,0.04659046358686736,0.4174191349699651,0.0,0.0,0.0,0.0,0.0,off,off,off,off,off
270.24999999998437,0.3,72.07499999998267,-0.0691169373586149,2.7811034696030106,3.727625627580437,2.78109384770255,-0.0691357544998823,-4.534177374011335,-4.534199899052794,0.4908837382518572,0.7556644827101575,0.7705950757518609,0.7556641112939206,0.4908844347861819,0.4174195750544833,0.04531786982798338,0.010181764141678068,0.04531882000226881,0.4174195569256921,0.0,0.0,0.0,0.0,0.0,off,off,off,off,off
270.49999999998414,0.3,72.1499999999826,-0.04756192630895839,2.8005939979057075,3.7466861124427737,2.8005844113129683,-0.04758066897682056,-4.509468993382143,-4.509491486675415,0.49140987996440627,0.7561693649598994,0.7707734258913328,0.7561690023954702,0.4914105585796475,0.4174198842618177,0.044072351306711395,0.009808512162350522,0.04407327961715137,0.41741986623043864,0.0,0.0,0.0,0.0,0.0,off,off,off,off,off
270.7499999999839,0.3,72.22499999998253,-0.0260029339135599,2.82011062956866,3.7657689003084442,2.820101077686445,-0.02602160322982172,-4.484788754561691,-4.484811215822333,0.4919312193344388,0.7566638829246545,0.7709477274092259,0.7566635290465406,0.4919318805568562,0.4174200818869291,0.0428526868913279,0.009447139437475088,0.04285359362948918,0.4174200639517331,0.0,0.0,0.0,0.0,0.0,off,off,off,off,off
270.9999999999837,0.3,72.29999999998246,-0.004440014497447464,2.839653412230234,3.784874399908176,2.839643894476694,-0.0044586115474203325,-4.4601364273135005,-4.4601588562659344,0.4924476593306541,0.7571482002640699,0.7711180922121116,0.7571478549081121,0.4924483036752045,0.4174201690001808,0.04165862060236593,0.009097341730481812,0.04165950606337573,0.4174201511599511,0.0,0.0,0.0,0.0,0.0,off,off,off,off,off
271.1749999999835,0.3,72.35249999998241,0.010647480264992737,2.85334887456645,3.798261964733342,2.8533393806730487,0.010628964721149714,-4.442896295580738,-4.442918701698829,0.4927624343863074,0.7574812402811871,0.7712350640220728,0.7574809007946288,0.4927633826954616,0.4174127967797811,0.04083786462758096,0.00885920998754347,0.04083873537190967,0.4174128098859351,0.0,0.0,0.0,0.0,0.0,off,off,off,off,off
