time_s,current_A_cm2,charge_C_cm2,T1_C,T2_C,T3_C,T4_C,T5_C,left_plate_C,right_plate_C,V1_V,V2_V,V3_V,V4_V,V5_V,ice1,ice2,ice3,ice4,ice5,q1_W_cm2,q2_W_cm2,q3_W_cm2,q4_W_cm2,q5_W_cm2,mode1,mode2,mode3,mode4,mode5
0.0,0.0,0.0,-20.3257595792451,-20.251053750057793,-20.22610936587492,-20.251053750057793,-20.3257595792451,-20.423877734143076,-20.423877734143076,1.259026761651112,1.2589607500322433,1.2589387086574335,1.2589607500322433,1.259026761651112,0.0,0.0,0.0,0.0,0.0,0.0,0.0,0.0,0.0,0.0,off,off,off,off,off
0.25,0.00125,0.00015625,-20.13223834991294,-20.121323908532787,-20.124530763129997,-20.121323746060398,-20.13223056682375,-20.42479581222551,-20.42479577939349,0.8771265947783554,0.8771627486837419,0.8771527700716678,0.877162749189299,0.8771266189966064,0.0,0.0,0.0,0.0,0.0,0.49466,0.32,0.25,0.32,0.49468,hold,hold,hold,hold,hold
0.49999999999999994,0.0024999999999999996,0.000625,-19.94884750028251,-19.990227700678815,-20.020658184797043,-19.990227133538184,-19.948832518764874,-20.424404946398113,-20.424404829343842,0.845099464771029,0.8449797999880119,0.8448885749729874,0.8449798016881929,0.8450995096825473,0.0,0.0,0.0,0.0,0.0,0.49466,0.32,0.25,0.32,0.49468,hold,hold,hold,hold,hold
0.75,0.00375,0.0014062499999999997,-19.774696722531132,-19.858089674403942,-19.91454999101876,-19.85808849573303,-19.774675072772965,-20.422781207380183,-20.422780958916718,0.825581301455149,0.8253432449273567,0.8251776151525494,0.8253432483850442,0.8255813649647795,0.0,0.0,0.0,0.0,0.0,0.49466,0.32,0.25,0.32,0.49468,hold,hold,hold,hold,hold
1.0,0.005,0.002499999999999999,-19.60898498071643,-19.725193968967318,-19.806288742217447,-19.725192003080366,-19.608957143896163,-20.419994313304073,-20.41999389006233,0.8111805940564321,0.8108535777329796,0.8106192463073773,0.8108535834135571,0.8111806744907945,0.0,0.0,0.0,0.0,0.0,0.49466,0.32,0.25,0.32,0.49468,hold,hold,hold,hold,hold
1.25,0.00625,0.003906249999999998,-19.450987090722663,-19.59178543873341,-19.695971813037488,-19.591782537422745,-19.45095350390264,-20.416108234262197,-20.416107596343352,0.7995847974707573,0.7991935544869561,0.7988959197100982,0.7991935627751704,0.7995848934147426,0.0,0.0,0.0,0.0,0.0,0.49466,0.32,0.25,0.32,0.49468,hold,hold,hold,hold,hold
1.5,0.0075,0.005624999999999996,-19.300045179465485,-19.458073893109628,-19.583706625889306,-19.45806993236272,-19.30000623999291,-20.411181724112765,-20.411180834774967,0.7897663532676346,0.7893321720334199,0.788976514382676,0.7893321832457971,0.7897664634943263,0.0,0.0,0.0,0.0,0.0,0.49466,0.32,0.25,0.32,0.49468,hold,hold,hold,hold,hold
1.75,0.00875,0.007656249999999995,-19.155561681826384,-19.32423837753697,-19.469607224468376,-19.3242332546142,-19.155517751265336,-20.405268796063126,-20.40526762144006,0.7811789560172142,0.780720375329004,0.7803118961167557,0.7807203897237693,0.7811790794481113,0.0,0.0,0.0,0.0,0.0,0.49466,0.32,0.25,0.32,0.49468,hold,hold,hold,hold,hold
2.0,0.01,0.009999999999999993,-19.016993284114875,-19.190431097249302,-19.353791612683494,-19.190424728081325,-19.016944691780196,-20.39841915028103,-20.39841765912678,0.7734979154426528,0.773031187428162,0.7725750023836004,0.7730312052134728,0.7734980511213715,0.0,0.0,0.0,0.0,0.0,0.49466,0.32,0.25,0.32,0.49468,hold,hold,hold,hold,hold
2.249999999999999,0.011249999999999996,0.012656249999999992,-18.883845586882245,-19.05678091663745,-19.23637963905975,-19.056773233519237,-18.88379263300942,-20.390678559417353,-20.39067672287706,0.7665149190457832,0.7660543503832716,0.7655554694431186,0.7660543717241562,0.7665150661190064,0.0,0.0,0.0,0.0,0.0,0.49466,0.32,0.25,0.32,0.49468,hold,hold,hold,hold,hold
2.4999999999999982,0.012499999999999992,0.015624999999999991,-18.75566836156142,-18.923396446081455,-19.11749130587779,-18.923387395624957,-18.755611320150365,-20.382089216788614,-20.38208700819112,0.7600886440464117,0.759646862979981,0.7591101675744601,0.7596468880042745,0.7600888017492508,0.0,0.0,0.0,0.0,0.0,0.49466,0.32,0.25,0.32,0.49468,hold,hold,hold,hold,hold
2.7499999999999973,0.013749999999999986,0.018906249999999986,-18.632051315405903,-18.790368750264406,-18.997245421988197,-18.790358291582805,-18.63199043676596,-20.372690051243353,-20.372687445914124,0.7541190441016831,0.7537072173321416,0.7531374395037175,0.7537072461356008,0.754119211745998,0.0,0.0,0.0,0.0,0.0,0.49466,0.32,0.25,0.32,0.49468,hold,hold,hold,hold,hold
2.9999999999999964,0.014999999999999982,0.022499999999999982,-18.5126202994403,-18.657773717146227,-18.875758538645357,-18.657761820233702,-18.512555812481935,-20.36251701220516,-20.362513987296552,0.7485328777907568,0.7481608910023317,0.7475625959360849,0.7481609236530914,0.7485330547555425,0.0,0.0,0.0,0.0,0.0,0.49466,0.32,0.25,0.32,0.49468,hold,hold,hold,hold,hold
3.2499999999999956,0.01624999999999998,0.02640624999999998,-18.39703390628955,-18.525674126058078,-18.75314412018068,-18.52566077036687,-18.39696602059155,-20.351603327958486,-20.351599862296837,0.7432750534843809,0.7429516641288745,0.7423292364921695,0.7429517006712831,0.7432752392076898,0.0,0.0,0.0,0.0,0.0,0.49466,0.32,0.25,0.32,0.49468,hold,hold,hold,hold,hold
3.4999999999999947,0.017499999999999974,0.03062499999999997,-18.284980413095667,-18.394121450653245,-18.629511910165405,-18.394106623826247,-18.28490932074041,-20.339979739889998,-20.339975813836816,0.7383031935589616,0.7380361617003908,0.7373937956700144,0.7380362021583764,0.738303387531101,0.0,0.0,0.0,0.0,0.0,0.49466,0.32,0.25,0.32,0.49468,hold,hold,hold,hold,hold
3.749999999999994,0.018749999999999968,0.035156249999999965,-18.176175031058648,-18.263157429013916,-18.5049674602362,-18.26314112576125,-18.176100908303,-20.3276747150926,-20.327670310419023,0.7335840804249739,0.7333802817759552,0.7327219744107649,0.7333803261559653,0.7335842821826075,0.0,0.0,0.0,0.0,0.0,0.49466,0.32,0.25,0.32,0.49468,hold,hold,hold,hold,hold
3.999999999999993,0.019999999999999966,0.03999999999999996,-18.070357428136163,-18.132815429731778,-18.379611794046355,-18.132797650838143,-18.07028043689951,-20.314714639478183,-20.314709739251214,0.7290912533054831,0.728956777528356,0.7282863250668133,0.7289568258219222,0.7290914624265594,0.0,0.0,0.0,0.0,0.0,0.49466,0.32,0.25,0.32,0.49468,hold,hold,hold,hold,hold
4.2749999999999995,0.021374999999999998,0.045689062500000106,-18.114081591523245,-18.09516962727264,-18.323304034983067,-18.095150341604153,-18.114007890865565,-20.300283546592595,-20.300278105204796,0.7239596421260551,0.7240485082416228,0.723429989221554,0.7240485605237142,0.723959841923995,0.0,0.0,0.0,0.0,0.0,0.0,0.0,0.0,0.0,0.0,off,off,off,off,off
4.524999999999999,0.022624999999999992,0.051189062500000104,-18.200486991044755,-18.0984200400342,-18.30133255314246,-18.098399655557188,-18.200418031740185,-20.287897513237056,-20.287891618793964,0.7193724209410347,0.7196884940088497,0.7191392170733208,0.7196885491836483,0.7193726076088217,0.0,0.0,0.0,0.0,0.0,0.0,0.0,0.0,0.0,0.0,off,off,off,off,off
4.774999999999998,0.02387499999999999,0.0570015625000001,-18.27947097605636,-18.103110544452647,-18.28073398220951,-18.10308928923908,-18.279406342757028,-20.276169937458093,-20.276163624422026,0.7149844891725641,0.7155032260637669,0.7150230673251589,0.7155032835166641,0.7149846639043497,0.0,0.0,0.0,0.0,0.0,0.0,0.0,0.0,0.0,0.0,off,off,off,off,off
5.024999999999997,0.025124999999999984,0.0631265625000001,-18.351670759910604,-18.108947165627285,-18.261498040610178,-18.108925238862952,-18.351610077717226,-20.265047186265832,-20.265040486135263,0.7107814230660522,0.7114809922945441,0.7110691088238892,0.7114810514915668,0.7107815869321703,0.0,0.0,0.0,0.0,0.0,0.0,0.0,0.0,0.0,0.0,off,off,off,off,off
5.274999999999996,0.026374999999999982,0.06956406250000008,-18.417663425733906,-18.115675879510036,-18.243596902432785,-18.1156534547589,-18.417606356047855,-20.254480187618924,-20.254473129213153,0.7067509184397189,0.7076118819221496,0.7072668635507653,0.7076119424002003,0.7067510724008664,0.0,0.0,0.0,0.0,0.0,0.0,0.0,0.0,0.0,0.0,off,off,off,off,off
5.524999999999995,0.027624999999999976,0.07631406250000008,-18.47797197206441,-18.123077438169275,-18.22698889889338,-18.123054666281945,-18.477918208892504,-20.244424005229604,-20.244416614944953,0.7028823933882068,0.7038874295393844,0.7036074260929539,0.7038874908976943,0.7028825383077625,0.0,0.0,0.0,0.0,0.0,0.0,0.0,0.0,0.0,0.0,off,off,off,off,off
5.774999999999994,0.02887499999999997,0.08337656250000007,-18.533070715922463,-18.130962855491276,-18.2116216425093,-18.13093986719778,-18.53301998255526,-20.23483745572989,-20.234829757769518,0.6991666771865845,0.7003003392330392,0.7000831669019656,0.7003004011256595,0.6991668138414274,0.0,0.0,0.0,0.0,0.0,0.0,0.0,0.0,0.0,0.0,off,off,off,off,off
6.024999999999993,0.030124999999999968,0.09075156250000008,-18.583390124840264,-18.13916946968277,-18.197434654775634,-18.13914637790276,-18.583342170876563,-20.225682763729793,-20.225674780310385,0.6955957637978962,0.6968442682626149,0.6966874982490057,0.6968443303918143,0.6955958928879058,0.0,0.0,0.0,0.0,0.0,0.0,0.0,0.0,0.0,0.0,off,off,off,off,off
6.274999999999992,0.031374999999999965,0.09843906250000006,-18.62932114117612,-18.14755750954771,-18.184361567404068,-18.14753441144552,-18.629275739859082,-20.21692525079473,-20.21691700233285,0.6921626144976792,0.6935136556515493,0.6934146877620992,0.6935137177620069,0.6921627366540981,0.0,0.0,0.0,0.0,0.0,0.0,0.0,0.0,0.0,0.0,off,off,off,off,off
6.5249999999999915,0.03262499999999996,0.10643906250000006,-18.67121905472095,-18.15600710065766,-18.17233195779795,-18.15598407947681,-18.671176000560592,-20.20853305480628,-20.208524560085124,0.6888609983332713,0.6903035850822887,0.6902597085400208,0.6903036469559655,0.6888611141260567,0.0,0.0,0.0,0.0,0.0,0.0,0.0,0.0,0.0,0.0,off,off,off,off,off
6.774999999999991,0.033874999999999954,0.11475156250000004,-18.70940697320475,-18.164415655601204,-18.1612728713246,-18.164392782289866,-18.709366079827475,-20.200476876557616,-20.20046815287776,0.6856853620785575,0.6872096743013153,0.687218117714236,0.687209735752949,0.685685472022937,0.0,0.0,0.0,0.0,0.0,0.0,0.0,0.0,0.0,0.0,off,off,off,off,off
7.02499999999999,0.03512499999999995,0.12337656250000004,-18.7441789346112,-18.172695599577793,-18.15111007584744,-18.17267293424422,-18.7441400328548,-20.192729750779478,-20.1927208140942,0.6826307234374599,0.6842279852338976,0.6842859573747926,0.6842280461070005,0.6826308279996766,0.0,0.0,0.0,0.0,0.0,0.0,0.0,0.0,0.0,0.0,off,off,off,off,off
7.274999999999989,0.03637499999999994,0.13231406250000002,-18.775802700266183,-18.180772388652116,-18.141769087839464,-18.18074998185699,-18.77576563645769,-20.18526683909525,-20.18525770413268,0.6796925827587978,0.6813549504407096,0.6814596732506185,0.6813550106040468,0.6796926823612417,0.0,0.0,0.0,0.0,0.0,0.0,0.0,0.0,0.0,0.0,off,off,off,off,off
7.524999999999988,0.03762499999999994,0.14156406249999998,-18.8045222631807,-18.188582783494212,-18.133176004030872,-18.18856067739239,-18.804486897593364,-20.178065242675444,-20.17805592304856,0.6768668496288012,0.6785873125900589,0.6787360476123104,0.6785873719345509,0.6768669446545695,0.0,0.0,0.0,0.0,0.0,0.0,0.0,0.0,0.0,0.0,off,off,off,off,off
7.774999999999987,0.03887499999999994,0.15112656249999995,-18.830560102287933,-18.19607334599877,-18.12525816788522,-18.196051575364294,-18.830526307767542,-20.171103832600352,-20.17109434090591,0.6741497815239992,0.6759220743869622,0.6761121436627574,0.675922132822923,0.6741498723209183,0.0,0.0,0.0,0.0,0.0,0.0,0.0,0.0,0.0,0.0,off,off,off,off,off
8.024999999999986,0.04012499999999993,0.16100156249999997,-18.854119209748433,-18.20319913042937,-18.117944696172145,-18.203177723562078,-18.85408687047405,-20.16436309615119,-20.16435344405943,0.6715379323185044,0.6733564569709635,0.673585259277367,0.673356514425671,0.6715380192027324,0.0,0.0,0.0,0.0,0.0,0.0,0.0,0.0,0.0,0.0,off,off,off,off,off
8.27499999999999,0.04137499999999995,0.17118906249999996,-18.875384915458056,-18.20992254419457,-18.111166887411713,-18.209901523723346,-18.875353925823703,-20.157824997441423,-20.157815195776664,0.6690281089021224,0.6708878652243557,0.671152888406703,0.670887921639911,0.6690281921613741,0.0,0.0,0.0,0.0,0.0,0.0,0.0,0.0,0.0,0.0,off,off,off,off,off
8.52499999999999,0.04262499999999995,0.1816890624999998,-18.894526530187846,-18.216212356601545,-18.104858530884172,-18.21619174020455,-18.89449679381039,-20.151472850965348,-20.151462909778957,0.666617334519071,0.6685138587582451,0.6688126887988841,0.6685139140896585,0.6666174144154645,0.0,0.0,0.0,0.0,0.0,0.0,0.0,0.0,0.0,0.0,off,off,off,off,off
8.77499999999999,0.04387499999999995,0.19250156249999967,-18.91169882642899,-18.222042836637996,-18.09895613227397,-18.222022637666385,-18.911670255258343,-20.145291206791455,-20.14528113542758,0.6643028177095339,0.6662321275937466,0.6665624549645711,0.6662321818072879,0.6643028944821319,0.0,0.0,0.0,0.0,0.0,0.0,0.0,0.0,0.0,0.0,off,off,off,off,off
9.02499999999999,0.04512499999999995,0.20362656249999955,-18.927043373932207,-18.22739300324031,-18.09339906977928,-18.22737323128962,-18.92701588743904,-20.139265746259923,-20.13925555341541,0.6620819259482246,0.6640404717485315,0.6644000955136014,0.6640405248202248,0.6620819998153337,0.0,0.0,0.0,0.0,0.0,0.0,0.0,0.0,0.0,0.0,off,off,off,off,off
9.27499999999999,0.04637499999999995,0.2150640624999994,-18.940689744986656,-18.232245973608315,-18.088129692460143,-18.232226635008374,-18.94066326944079,-20.133383187163616,-20.13337288094172,0.659952163240679,0.6619367840892083,0.6623236141543689,0.6619368360035454,0.6599522344018921,0.0,0.0,0.0,0.0,0.0,0.0,0.0,0.0,0.0,0.0,off,off,off,off,off
9.52499999999999,0.04762499999999995,0.22681406249999922,-18.952756602920942,-18.236588396955113,-18.083093370940134,-18.236569495219186,-18.952731070752662,-20.127631197494964,-20.12762078545387,0.657911151069315,0.6599190359279431,0.660331093774684,0.6599190866767052,0.6579112197073059,0.0,0.0,0.0,0.0,0.0,0.0,0.0,0.0,0.0,0.0,off,off,off,off,off
9.77499999999999,0.048874999999999946,0.23887656249999906,-18.96335268580583,-18.240409962691245,-18.078238509091705,-18.24039149890129,-18.963328035020538,-20.121998316936043,-20.12198780613346,0.6559566121861786,0.6579852649349297,0.6584206831245675,0.6579853145161834,0.6559566784683416,0.0,0.0,0.0,0.0,0.0,0.0,0.0,0.0,0.0,0.0,off,off,off,off,off
10.02499999999999,0.05012499999999995,0.2512515624999989,-18.97257769603823,-18.243702973447,-18.07351652402329,-18.24368494660507,-18.972553869682883,-20.116473885353827,-20.1164632823872,0.654086356833429,0.6561335650125311,0.6565905857030296,0.6561336134297083,0.6540864209133709,0.0,0.0,0.0,0.0,0.0,0.0,0.0,0.0,0.0,0.0,off,off,off,off,off
10.27499999999999,0.05137499999999995,0.26393906249999877,-18.980523105350784,-18.246461974537027,-18.06888180062333,-18.246444381859533,-18.980500051052417,-20.11104797763565,-20.111037288678375,0.6522982710405344,0.6543620778364629,0.6548390505165333,0.6543621250976003,0.6522983330593558,0.0,0.0,0.0,0.0,0.0,0.0,0.0,0.0,0.0,0.0,off,off,off,off,off
10.52499999999999,0.05262499999999995,0.2769390624999986,-18.98727288376213,-18.24868343256935,-18.06429162595029,-18.248666269770183,-18.987250553294473,-20.105711344267462,-20.105700575101793,0.6505903067024542,0.6526689858173498,0.6531643644302869,0.6526690319343503,0.6505903667899537,0.0,0.0,0.0,0.0,0.0,0.0,0.0,0.0,0.0,0.0,off,off,off,off,off
10.77499999999999,0.05387499999999995,0.29025156249999845,-18.99290416007983,-18.250365456818088,-18.05970610791755,-18.250348718328354,-18.992882508998434,-20.100455357117198,-20.100444513164604,0.6489604731883634,0.651052506275012,0.6515648458771958,0.6510525512630774,0.6489605314640476,0.0,0.0,0.0,0.0,0.0,0.0,0.0,0.0,0.0,0.0,off,off,off,off,off
11.02499999999999,0.05512499999999995,0.3038765624999983,-18.99748782079135,-18.251507557786113,-18.055088082046865,-18.25149123697625,-18.997466808074762,-20.09527195993917,-20.095261046287646,0.6474068302676751,0.6495108866497676,0.6500388397251028,0.649510930526822,0.6474068868417495,0.0,0.0,0.0,0.0,0.0,0.0,0.0,0.0,0.0,0.0,off,off,off,off,off
11.27499999999999,0.05637499999999995,0.3178140624999981,-19.001089053368872,-18.252110438155626,-18.05040300944313,-18.2520945275096,-19.00106864111123,-20.09015362316248,-20.09014264459131,0.6459274821713095,0.6480424006011168,0.6485847131326623,0.6480424433873586,0.6459275371455238,0.0,0.0,0.0,0.0,0.0,0.0,0.0,0.0,0.0,0.0,off,off,off,off,off
11.52499999999999,0.05762499999999995,0.332064062499998,-19.003767839508583,-18.252175811822497,-18.045618868630896,-18.252160303107473,-19.00374799264881,-20.08509330256956,-20.085082263572275,0.6445205726315641,0.646645344866229,0.64720085224884,0.6466453865836889,0.6445206260999586,0.0,0.0,0.0,0.0,0.0,0.0,0.0,0.0,0.0,0.0,off,off,off,off,off
11.77499999999999,0.05887499999999995,0.3466265624999978,-19.005579403165797,-18.251706247410482,-18.04070604341419,-18.25169113180965,-19.00556008923141,-20.080084401509595,-20.080073306314574,0.6431842807658262,0.6453180367683218,0.6458856596317455,0.6453180774405246,0.6431843328154332,0.0,0.0,0.0,0.0,0.0,0.0,0.0,0.0,0.0,0.0,off,off,off,off,off
12.02499999999999,0.06012499999999995,0.3615015624999976,-19.00657461776285,-18.25070503300674,-18.035637208633375,-18.250690301243765,-19.00655580664096,-20.075120736325772,-20.07510958891521,0.6419168176875377,0.6440588122805609,0.6446375522796333,0.6440588519322026,0.6419168683990096,0.0,0.0,0.0,0.0,0.0,0.0,0.0,0.0,0.0,0.0,off,off,off,off,off
12.27499999999999,0.06137499999999995,0.3766890624999974,-19.006800376517134,-18.249176059336833,-18.03038721523282,-18.24916170178986,-19.006782040250698,-20.070196504705905,-20.07018530883289,0.6407164237432218,0.6428660245636962,0.6434549601819138,0.6428660632203492,0.6407164731913875,0.0,0.0,0.0,0.0,0.0,0.0,0.0,0.0,0.0,0.0,off,off,off,off,off
12.52499999999999,0.06262499999999994,0.39218906249999724,-19.00629992940148,-18.24712371895535,-18.024932975876936,-18.247109725746157,-19.00628204201095,-20.065306256693503,-20.06529501589833,0.6395813662876612,0.6417380429065317,0.6423363253102041,0.6417380805944171,0.6395814145420128,0.0,0.0,0.0,0.0,0.0,0.0,0.0,0.0,0.0,0.0,off,off,off,off,off
12.77499999999999,0.06387499999999995,0.40800156249999703,-19.005113189950265,-18.244552819323303,-18.019253352093898,-18.244539180395407,-19.00509572725261,-20.060444868123255,-20.06043358574749,0.638509937920421,0.6406732520076198,0.6412801009801564,0.640673288753406,0.638509985045609,0.0,0.0,0.0,0.0,0.0,0.0,0.0,0.0,0.0,0.0,off,off,off,off,off
13.02499999999999,0.06512499999999995,0.4241265624999968,-19.003277014707265,-18.24146850791999,-18.013329043720375,-18.241455213114506,-19.003259954180464,-20.05560751626348,-20.05559619546395,0.637500455116905,0.6396700515444963,0.6402847515239243,0.6396700873751037,0.6375005011731054,0.0,0.0,0.0,0.0,0.0,0.0,0.0,0.0,0.0,0.0,off,off,off,off,off
13.27499999999999,0.06637499999999995,0.44056406249999663,-19.00082545795732,-18.237876207809535,-18.00714248123103,-18.23786324692537,-19.00080877859361,-20.05078965747353,-20.050778301233947,0.6365512571951494,0.6387268559835255,0.6393487522210548,0.6387268909259713,0.6365513022384639,0.0,0.0,0.0,0.0,0.0,0.0,0.0,0.0,0.0,0.0,off,off,off,off,off
13.52499999999999,0.06762499999999995,0.45731406249999645,-18.997790003971488,-18.233781562251522,-18.000677721425944,-18.233768925091795,-18.997773686152925,-20.045987006695782,-20.045975617838195,0.6356607055672944,0.6378420945894553,0.6384705894422948,0.637842128670735,0.6356607496500871,0.0,0.0,0.0,0.0,0.0,0.0,0.0,0.0,0.0,0.0,off,off,off,off,off
13.77499999999999,0.06887499999999995,0.47437656249999627,-18.99419977892802,-18.22919038712965,-17.993920346827338,-18.229178063557697,-18.99418380431615,-20.0411955186253,-20.04118409982044,0.6348271832305609,0.6370142115989292,0.6376487609667003,0.6370142448458713,0.6348272264017595,0.0,0.0,0.0,0.0,0.0,0.0,0.0,0.0,0.0,0.0,off,off,off,off,off
14.02499999999999,0.07012499999999995,0.491751562499996,-18.99008174433743,-18.224108630185356,-17.98685736900495,-18.2240966101472,-18.990066095774807,-20.036411370408814,-20.036399924185673,0.6340490944584977,0.6362416665265576,0.6368817764377026,0.6362416989657663,0.6340491367638582,0.0,0.0,0.0,0.0,0.0,0.0,0.0,0.0,0.0,0.0,off,off,off,off,off
14.27499999999999,0.07137499999999995,0.5094390624999958,-18.9854608736874,-18.218542336089,-17.979477136019256,-18.218530609659012,-18.985445535098876,-20.03163094574262,-20.031619474497347,0.6333248646579169,0.6355229345763611,0.6361681579280832,0.6355229662341003,0.6333249061402916,0.0,0.0,0.0,0.0,0.0,0.0,0.0,0.0,0.0,0.0,off,off,off,off,off
14.52499999999999,0.07262499999999995,0.5274390624999956,-18.98036031385226,-18.212497616599222,-17.971769244056134,-18.212486174000276,-18.980345270165913,-20.02685082024817,-20.02683932625206,0.6326529403612718,0.6348565071346117,0.6355064405879445,0.6348565380367498,0.632652981060825,0.0,0.0,0.0,0.0,0.0,0.0,0.0,0.0,0.0,0.0,off,off,off,off,off
14.77499999999999,0.07387499999999995,0.5457515624999953,-18.97480153261813,-18.205980625102086,-17.963724453271084,-18.205969456725256,-18.974786769682794,-20.022067748015985,-20.0220562334232,0.6320317893281371,0.6342408923233378,0.6348951733531792,0.6342409224953008,0.6320318292825653,0.0,0.0,0.0,0.0,0.0,0.0,0.0,0.0,0.0,0.0,off,off,off,off,off
15.02499999999999,0.07512499999999996,0.5643765624999951,-18.96880445360071,-18.198997534907534,-17.955334607884964,-18.198986631336197,-18.96878995812375,-20.017278649219264,-20.017267116073697,0.6314599007326309,0.6336746155965111,0.6343329196948417,0.6336746450632174,0.6314599399773333,0.0,0.0,0.0,0.0,0.0,0.0,0.0,0.0,0.0,0.0,off,off,off,off,off
15.27499999999999,0.07637499999999996,0.5833140624999948,-18.962387579690784,-18.19155452083345,-17.94659256041095,-18.19154387285937,-18.96237333917307,-20.012480598705423,-20.01246904894728,0.6309357854166889,0.6331562203631343,0.6338182583928418,0.6331562491489554,0.6309358239849402,0.0,0.0,0.0,0.0,0.0,0.0,0.0,0.0,0.0,0.0,off,off,off,off,off
15.52499999999999,0.07762499999999994,0.6025640624999946,-18.955568106034548,-18.18365774359478,-17.937492099990493,-18.183647342226806,-18.955554108707133,-20.007670815483976,-20.007659250955527,0.6304579761917469,0.6326842686238268,0.633349784319445,0.6326842967525628,0.6304580141148692,0.0,0.0,0.0,0.0,0.0,0.0,0.0,0.0,0.0,0.0,off,off,off,off,off
15.77499999999999,0.07887499999999995,0.6221265624999944,-18.94836202349478,-18.175313336608212,-17.928027884716954,-18.1753031730818,-18.94834825826601,-20.002846653034965,-20.002835075486274,0.6300250281736848,0.6322573416093309,0.63292610922036,0.632257369104187,0.6300250654811915,0.0,0.0,0.0,0.0,0.0,0.0,0.0,0.0,0.0,0.0,off,off,off,off,off
16.024999999999988,0.08012499999999995,0.6420015624999942,-18.940784213412655,-18.166527394889584,-17.918195377832774,-18.166517460669866,-18.94077066982686,-19.998005590369786,-19.99799400146395,0.6296355191380514,0.6318740404110117,0.6325458624830208,0.6318740672945914,0.6296355558577557,0.0,0.0,0.0,0.0,0.0,0.0,0.0,0.0,0.0,0.0,off,off,off,off,off
16.27499999999999,0.08137499999999996,0.6621890624999941,-18.932848534471105,-18.157305965739738,-17.907990787644593,-18.15729625253374,-18.93283520266192,-19.99314522378171,-19.993133625099688,0.6292880498842897,0.6315329865950343,0.6322076918833951,0.6315330128893047,0.629288086042433,0.0,0.0,0.0,0.0,0.0,0.0,0.0,0.0,0.0,0.0,off,off,off,off,off
16.52499999999999,0.08262499999999996,0.6826890624999938,-18.924567902325464,-18.14765504098503,-17.897411011076542,-18.14764554073753,-18.924554772977302,-19.988263259228916,-19.988251652274073,0.6289812445995236,0.631232822793148,0.6319102643038852,0.6312328485194537,0.6289812802208755,0.0,0.0,0.0,0.0,0.0,0.0,0.0,0.0,0.0,0.0,off,off,off,off,off
16.77499999999999,0.08387499999999996,0.7035015624999936,-18.91595436261838,-18.137580550511785,-17.886453580608475,-18.137571255409,-18.915941426921222,-19.98335750529796,-19.983345891500136,0.6287137512138837,0.6309722132644047,0.6316522664166666,0.6309722384434566,0.6287137863218675,0.0,0.0,0.0,0.0,0.0,0.0,0.0,0.0,0.0,0.0,off,off,off,off,off
17.02499999999999,0.08512499999999996,0.7246265624999934,-18.907019157992522,-18.127088356962275,-17.87511661456503,-18.12707925943576,-18.907006407609657,-19.97842586670052,-19.97841424741992,0.6284842417405211,0.630749844422914,0.6314324053273299,0.6307498690747784,0.6284842763572975,0.0,0.0,0.0,0.0,0.0,0.0,0.0,0.0,0.0,0.0,off,off,off,off,off
17.27499999999999,0.08637499999999997,0.7460640624999931,-18.897772789581467,-18.11618425140145,-17.86339877052046,-18.11617534412352,-18.89776021662695,-19.973466338258334,-19.97345471478937,0.6282914125948407,0.6305644253279421,0.631249409175271,0.6305644494720543,0.6282914467413675,0.0,0.0,0.0,0.0,0.0,0.0,0.0,0.0,0.0,0.0,off,off,off,off,off
17.52499999999999,0.08762499999999995,0.767814062499993,-18.888225073489906,-18.10487394979816,-17.851299201696975,-18.10486522567976,-18.888212670493317,-19.968476999338975,-19.968465372913755,0.6281339848882996,0.6304146881334649,0.6311020276878566,0.6304147117886335,0.6281340185844299,0.0,0.0,0.0,0.0,0.0,0.0,0.0,0.0,0.0,0.0,off,off,off,off,off
17.77499999999999,0.08887499999999995,0.7898765624999927,-18.878385192647897,-18.093163090238733,-17.838817516192705,-18.09315454242872,-18.878372952528935,-19.963456008704128,-19.963444380495446,0.628010704693276,0.6302993884948827,0.6309890326863096,0.6302994116792903,0.6280107379578231,0.0,0.0,0.0,0.0,0.0,0.0,0.0,0.0,0.0,0.0,off,off,off,off,off
18.02499999999999,0.09012499999999996,0.8122515624999924,-18.86826174446776,-18.081057230735155,-17.82595373891246,-18.081048852616817,-18.868249660511736,-19.958401599737755,-19.958389970862356,0.6279203432760685,0.6302173059314611,0.6309092185418432,0.6302173286626744,0.627920376126871,0.0,0.0,0.0,0.0,0.0,0.0,0.0,0.0,0.0,0.0,off,off,off,off,off
18.27499999999999,0.09137499999999996,0.8349390624999921,-18.857862784657073,-18.068561847547954,-17.81270827601466,-18.0685536327382,-18.857850850489115,-19.95331207602348,-19.953300447544933,0.62786169729593,0.6301672441435318,0.6308614025813739,0.6301672664385044,0.6278617297499246,0.0,0.0,0.0,0.0,0.0,0.0,0.0,0.0,0.0,0.0,off,off,off,off,off
18.52499999999999,0.09262499999999996,0.8579390624999919,-18.847195867485624,-18.055682333976478,-17.79908188178308,-18.055674276310327,-18.847184077056824,-19.9481858072441,-19.948174180175272,0.6278335889687354,0.6301480312839274,0.630844425442388,0.6301480531590392,0.6278336210419903,0.0,0.0,0.0,0.0,0.0,0.0,0.0,0.0,0.0,0.0,off,off,off,off,off
18.77499999999999,0.09387499999999996,0.8812515624999916,-18.836268082839894,-18.04242399948643,-17.785075627743026,-18.04241609301758,-18.83625643040608,-19.943021225375816,-19.94300960068145,0.6278348661942197,0.6301585201838307,0.6308571513772923,0.6301585416548863,0.6278348979019912,0.0,0.0,0.0,0.0,0.0,0.0,0.0,0.0,0.0,0.0,off,off,off,off,off
19.02499999999999,0.09512499999999996,0.9048765624999913,-18.82508609031521,-18.0287920691772,-17.770690873905068,-18.028784308184413,-18.82507457041305,-19.93781682115582,-19.937805199755047,0.6278644026463917,0.6301975885332624,0.6308984685077695,0.6301976096154729,0.6278644340031909,0.0,0.0,0.0,0.0,0.0,0.0,0.0,0.0,0.0,0.0,off,off,off,off,off
19.27499999999999,0.09637499999999996,0.928814062499991,-18.81365615058735,-18.014791683527363,-17.755929242028486,-18.014784062493305,-18.81364475802158,-19.932571140800746,-19.932559523569154,0.6279210978270844,0.6302641390169519,0.6309672890300149,0.6302641597249928,0.6279211288467097,0.0,0.0,0.0,0.0,0.0,0.0,0.0,0.0,0.0,0.0,off,off,off,off,off
19.52499999999999,0.09762499999999996,0.9530640624999908,-18.80198415430891,-18.000427898355724,-17.740792590752136,-18.00042041196727,-18.801972884139644,-19.927282782955785,-19.92727117072775,0.6280038770828821,0.6303570994066505,0.6310625493721284,0.6303571197546588,0.6280039077784522,0.0,0.0,0.0,0.0,0.0,0.0,0.0,0.0,0.0,0.0,off,off,off,off,off
19.77499999999999,0.09887499999999996,0.9776265624999905,-18.790075648720148,-17.985705684967797,-17.725282992493646,-17.985698328110715,-18.790064496239694,-19.92195039585758,-19.921938789428083,0.6281116915860789,0.630475422611089,0.6311832103050599,0.6304754426126776,0.6281117219700965,0.0,0.0,0.0,0.0,0.0,0.0,0.0,0.0,0.0,0.0,off,off,off,off,off
20.02499999999999,0.10012499999999996,1.00250156249999,-18.77793586216748,-17.97062993048644,-17.709402712004305,-17.970622698244597,-18.77792482289931,-19.91657267469347,-19.916561074819924,0.6282435182805136,0.6306180866849344,0.6313282570087387,0.6306181063531935,0.6282435483648658,0.0,0.0,0.0,0.0,0.0,0.0,0.0,0.0,0.0,0.0,off,off,off,off,off
20.27499999999999,0.10137499999999997,1.0276890624999897,-18.76556972671159,-17.9552054383023,-17.693154186490574,-17.95519832594175,-18.765558796392355,-19.911148359142004,-19.911136766546235,0.6283983597933238,0.630784094798434,0.6314966990951337,0.6307841141459732,0.6283983895893321,0.0,0.0,0.0,0.0,0.0,0.0,0.0,0.0,0.0,0.0,off,off,off,off,off
20.52499999999999,0.10262499999999997,1.0531890624999896,-18.752981898967306,-17.93943692863931,-17.676540007163425,-17.9394299316088,-18.752971073531512,-19.90567623108103,-19.905664646450873,0.6285752443139265,0.6309724751694078,0.6316875705902663,0.6309724942083546,0.6285752738323864,0.0,0.0,0.0,0.0,0.0,0.0,0.0,0.0,0.0,0.0,off,off,off,off,off
20.77499999999999,0.10387499999999995,1.0790015624999891,-18.740176779318432,-17.92332903922562,-17.65956290215857,-17.923322153150565,-18.740166054892853,-19.900155112450136,-19.900143536441078,0.6287732254416005,0.6311822809593826,0.63189992987708,0.6311822997013967,0.6287732546927963,0.0,0.0,0.0,0.0,0.0,0.0,0.0,0.0,0.0,0.0,off,off,off,off,off
21.02499999999999,0.10512499999999995,1.1051265624999889,-18.727158529659846,-17.906886326036414,-17.642225720743824,-17.906879546716766,-18.727147902550684,-19.894583863256173,-19.894572296492612,0.6289913820031376,0.631412590135802,0.6321328596012189,0.6314126085920831,0.6289914109968778,0.0,0.0,0.0,0.0,0.0,0.0,0.0,0.0,0.0,0.0,off,off,off,off,off
21.27499999999999,0.10637499999999996,1.1315640624999885,-18.71393108977483,-17.890113264100506,-17.624531418676014,-17.890106587494728,-18.71392055645717,-19.88896137971011,-19.888949822786998,0.6292288178421875,0.631662505302239,0.6323854665419991,0.6316625234835671,0.6292288465878314,0.0,0.0,0.0,0.0,0.0,0.0,0.0,0.0,0.0,0.0,off,off,off,off,off
21.52499999999999,0.10762499999999996,1.1583140624999881,-18.700498192444144,-17.87301424836835,-17.606483044694954,-17.87300767059736,-18.700487749556146,-19.88328659248623,-19.883275045970436,0.6294846615819873,0.6319311534985468,0.6326568814505166,0.6319311714152724,0.6294846900884618,0.0,0.0,0.0,0.0,0.0,0.0,0.0,0.0,0.0,0.0,off,off,off,off,off
21.77499999999999,0.10887499999999996,1.185376562499988,-18.6868633774082,-17.85559359461098,-17.588083728052283,-17.85558711194591,-18.68685302174501,-19.877558465093813,-19.877546929525607,0.6297580663631265,0.6322176859730018,0.6329462588571235,0.6322177036350776,0.6297580946389402,0.0,0.0,0.0,0.0,0.0,0.0,0.0,0.0,0.0,0.0,off,off,off,off,off
22.02499999999999,0.11012499999999996,1.2127515624999876,-18.673030004285607,-17.83785554037081,-17.56933666698393,-17.837849149233733,-18.673019732788106,-19.871775992353776,-19.871764468247676,0.6300482095580306,0.6325212779283282,0.6332527768504818,0.6325212953453068,0.6300482376113059,0.0,0.0,0.0,0.0,0.0,0.0,0.0,0.0,0.0,0.0,off,off,off,off,off
22.27499999999999,0.11137499999999996,1.240439062499987,-18.65900126448952,-17.819804245929873,-17.550245118091254,-17.81979794288293,-18.658991074228396,-19.865938198970838,-19.865926686817147,0.6303542924640255,0.6328411282436578,0.6335756368302073,0.6328411454247219,0.63035432030254,0.0,0.0,0.0,0.0,0.0,0.0,0.0,0.0,0.0,0.0,off,off,off,off,off
22.52499999999999,0.11262499999999996,1.2684390624999868,-18.644780192263624,-17.801443795304266,-17.53081238657805,-17.80143757705062,-18.64477008045057,-19.860044138196116,-19.86003263846166,0.6306755399765799,0.6331764591743124,0.6339140632351852,0.6331764761282699,0.6306755676077359,0.0,0.0,0.0,0.0,0.0,0.0,0.0,0.0,0.0,0.0,off,off,off,off,off
22.77499999999999,0.11387499999999996,1.2967515624999866,-18.63036967488452,-17.78277819725787,-17.511041817228715,-17.782772060628133,-18.630359638849143,-19.854092890571764,-19.85408140370106,0.6310112002444975,0.6335265160313298,0.6342673032497297,0.6335265327666502,0.6310112276753853,0.0,0.0,0.0,0.0,0.0,0.0,0.0,0.0,0.0,0.0,off,off,off,off,off
23.02499999999999,0.11512499999999996,1.325376562499986,-18.615772462101717,-17.76381138632655,-17.490936786145824,-17.76380532827926,-18.615762499300672,-19.848083562752578,-19.84807208916905,0.6313605443087308,0.6338905668425896,0.6346346264893961,0.633890583367404,0.6313605715461025,0.0,0.0,0.0,0.0,0.0,0.0,0.0,0.0,0.0,0.0,off,off,off,off,off
23.27499999999999,0.11637499999999996,1.3543140624999859,-18.600991174901168,-17.74454722384158,-17.470500693159096,-17.744541241467402,-18.600981282895646,-19.842015286399317,-19.842003826506044,0.6317228657263766,0.6342679019973744,0.6350153246684577,0.6342679183194614,0.6317228927767069,0.0,0.0,0.0,0.0,0.0,0.0,0.0,0.0,0.0,0.0,off,off,off,off,off
23.52499999999999,0.11762499999999997,1.3835640624999856,-18.58602831358337,-17.72498949898994,-17.44973695483452,-17.724983589489995,-18.586018490047564,-19.83588721713724,-19.835875771317916,0.6320974801816321,0.6346578338759996,0.63540871125098,0.6346578500028458,0.6320975070510945,0.0,0.0,0.0,0.0,0.0,0.0,0.0,0.0,0.0,0.0,off,off,off,off,off
23.77499999999999,0.11887499999999995,1.4131265624999851,-18.570886265284088,-17.70514192984217,-17.42864899810573,-17.705136090534808,-18.570876507992608,-19.829698533576476,-19.829687102196374,0.6324837250850425,0.6350596964663708,0.6358141210871043,0.6350597124051511,0.6324837517795445,0.0,0.0,0.0,0.0,0.0,0.0,0.0,0.0,0.0,0.0,off,off,off,off,off
24.02499999999999,0.12012499999999995,1.443001562499985,-18.555567310926875,-17.685008164410846,-17.407240254418326,-17.6850023927214,-18.555557617749457,-19.823448436389384,-19.823437019795904,0.6328809591626919,0.6354728449689188,0.6362309100364362,0.635472860726523,0.6328809856878884,0.0,0.0,0.0,0.0,0.0,0.0,0.0,0.0,0.0,0.0,off,off,off,off,off
24.27499999999999,0.12137499999999996,1.4731890624999846,-18.54007363167875,-17.664591781687307,-17.38551415439369,-17.664586075144285,-18.540064000580884,-19.817136147440237,-19.817124745964065,0.6332885620366872,0.6358966553915808,0.6366584545800654,0.6358966709746245,0.6332885883979783,0.0,0.0,0.0,0.0,0.0,0.0,0.0,0.0,0.0,0.0,off,off,off,off,off
24.52499999999999,0.12262499999999996,1.5036890624999841,-18.524407314936923,-17.643896292690755,-17.36347412295575,-17.643890648927197,-18.52439774397328,-19.81076090896468,-19.810749522920247,0.6337059337983377,0.6363305241362245,0.6370961514228303,0.6363305395510458,0.6337059600008865,0.0,0.0,0.0,0.0,0.0,0.0,0.0,0.0,0.0,0.0,off,off,off,off,off
24.77499999999999,0.12387499999999996,1.534501562499984,-18.508570359887813,-17.622925141514656,-17.341123574890617,-17.622919558256342,-18.508560847197174,-19.804321982794477,-19.804310612480833,0.6341324945753237,0.6367738675779364,0.637543417087308,0.6367738828306257,0.6341325206240687,0.0,0.0,0.0,0.0,0.0,0.0,0.0,0.0,0.0,0.0,off,off,off,off,off
25.02499999999999,0.12512499999999996,1.5656265624999834,-18.49256468267461,-17.601681706349325,-17.318465910806992,-17.60167618142347,-18.49255522647718,-19.797818649625157,-19.797807295326606,0.6345676840940769,0.6372261216385697,0.6379996875009406,0.6372261367349465,0.6345677099937421,0.0,0.0,0.0,0.0,0.0,0.0,0.0,0.0,0.0,0.0,off,off,off,off,off
25.27499999999999,0.12637499999999996,1.597064062499983,-18.476392121198444,-17.580169300532617,-17.295504513488424,-17.580163831849802,-18.476382719784766,-19.791250208323106,-19.79123887030977,0.6350109612385793,0.6376867413556551,0.6384644175775588,0.6376867563013178,0.6350109869937016,0.0,0.0,0.0,0.0,0.0,0.0,0.0,0.0,0.0,0.0,off,off,off,off,off
25.52499999999999,0.12762499999999996,1.628814062499983,-18.460054439559826,-17.558391173568197,-17.27224274454943,-17.558385759122984,-18.460045091302135,-19.78461597526939,-19.784604653797942,0.635461803606724,0.638155200448024,0.6389370807947369,0.6381552152483478,0.6354618292216208,0.0,0.0,0.0,0.0,0.0,0.0,0.0,0.0,0.0,0.0,off,off,off,off,off
25.77499999999999,0.12887499999999996,1.6608765624999824,-18.44355333222842,-17.53635051213621,-17.248683941463923,-17.53634515001201,-18.443544035563917,-19.77791528373848,-19.77790397905264,0.6359197070651226,0.6386309908791826,0.6394171687678797,0.6386310055393035,0.6359197325439405,0.0,0.0,0.0,0.0,0.0,0.0,0.0,0.0,0.0,0.0,off,off,off,off,off
26.02499999999999,0.13012499999999996,1.693251562499982,-18.42689042789806,-17.51405044112144,-17.22483141485182,-17.51404512947994,-18.426881181330543,-19.77114748330851,-19.771136195639713,0.6363841853035117,0.6391136224193955,0.6399041908223958,0.6391136369442422,0.63638421065022,0.0,0.0,0.0,0.0,0.0,0.0,0.0,0.0,0.0,0.0,off,off,off,off,off
26.27499999999999,0.13137499999999996,1.7259390624999817,-18.410067293082164,-17.491494024610915,-17.200688446060695,-17.49148876168337,-18.41005809517759,-19.764311939302104,-19.764300668869936,0.6368547693895799,0.6396026222075942,0.6403976735648195,0.6396026366019097,0.6368547946079822,0.0,0.0,0.0,0.0,0.0,0.0,0.0,0.0,0.0,0.0,off,off,off,off,off
26.52499999999999,0.13262499999999997,1.7589390624999812,-18.393085435454424,-17.468684266893433,-17.176258284993594,-17.468679050990175,-18.393076284845108,-19.75740803225463,-19.757396779267452,0.6373310073250978,0.6400975343139025,0.6408971604539057,0.6400975485822175,0.6373310324188216,0.0,0.0,0.0,0.0,0.0,0.0,0.0,0.0,0.0,0.0,off,off,off,off,off
26.77499999999999,0.13387499999999997,1.7922515624999809,-18.37594630698206,-17.445624113440118,-17.151544148172405,-17.445618942938808,-18.37593720235529,-19.75043515740873,-19.750423922064215,0.6378124636040654,0.6405979193036802,0.6414022113725644,0.6405979334503468,0.6378124885765906,0.0,0.0,0.0,0.0,0.0,0.0,0.0,0.0,0.0,0.0,off,off,off,off,off
27.02499999999999,0.13512499999999997,1.8258765624999806,-18.35865130683868,-17.422316451895966,-17.126549217019544,-17.422311325240116,-18.35864224693981,-19.743392724233814,-19.743381506719146,0.6382987187736727,0.6411033538037657,0.6419124022014442,0.6411033678329593,0.6382987436283258,0.0,0.0,0.0,0.0,0.0,0.0,0.0,0.0,0.0,0.0,off,off,off,off,off
27.27499999999999,0.13637499999999997,1.85981406249998,-18.341201784119505,-17.398764113034986,-17.10127663633989,-17.398759028737487,-18.341192767741916,-19.736280155967705,-19.73626895646035,0.638789368998732,0.6416134300717595,0.6424273243949193,0.6416134439874701,0.638789393738713,0.0,0.0,0.0,0.0,0.0,0.0,0.0,0.0,0.0,0.0,off,off,off,off,off
27.52499999999999,0.13762499999999997,1.8940640624999796,-18.32359904037233,-17.374969871740035,-17.075729512988858,-17.374964828369684,-18.32359006636412,-19.72909688918034,-19.729085707848242,0.6392840256301889,0.6421277555688254,0.6429465845601731,0.6421277693748929,0.6392840502585494,0.0,0.0,0.0,0.0,0.0,0.0,0.0,0.0,0.0,0.0,off,off,off,off,off
27.77499999999999,0.13887499999999997,1.9286265624999794,-18.305844331982684,-17.35093644793551,-17.049910914715895,-17.350931444123717,-18.3058353992364,-19.721842373356964,-19.721831210359056,0.6397823147781947,0.6426459525367957,0.643469804039982,0.6426459662368943,0.6397823392978699,0.0,0.0,0.0,0.0,0.0,0.0,0.0,0.0,0.0,0.0,off,off,off,off,off
28.02499999999999,0.14012499999999997,1.9635015624999788,-18.287938872381886,-17.3266665075364,-17.023823869150362,-17.326661541969088,-18.287929979838594,-19.71451607050068,-19.714504925987313,0.6402838768903788,0.6431676575799556,0.6439966184998417,0.6431676711776118,0.640283901304174,0.0,0.0,0.0,0.0,0.0,0.0,0.0,0.0,0.0,0.0,off,off,off,off,off
28.27499999999999,0.14137499999999997,1.9986890624999785,-18.269883834121913,-17.302162663385644,-16.997471362950762,-17.302157734806798,-18.26987498076798,-19.707117454752478,-19.707106328865677,0.6407883663356724,0.6436925212520467,0.6445266775198533,0.6436925347506315,0.6407883906462724,0.0,0.0,0.0,0.0,0.0,0.0,0.0,0.0,0.0,0.0,off,off,off,off,off
28.52499999999999,0.14262499999999997,2.0341890624999777,-18.251680350819555,-17.277427476159744,-16.970856341081685,-17.277422583367155,-18.25167153568418,-19.699646012027813,-19.69963490490173,0.6412954509941236,0.6442202076490069,0.6450596441919039,0.6442202210517481,0.6412954752040995,0.0,0.0,0.0,0.0,0.0,0.0,0.0,0.0,0.0,0.0,off,off,off,off,off
28.77499999999999,0.14387499999999995,2.070001562499978,-18.233329518977257,-17.25246345529581,-16.943981706201612,-17.252458597128822,-18.23332074112821,-19.6921012396688,-19.692090151430023,0.6418048118530679,0.644750394007668,0.6455951947225753,0.6447504073176822,0.641804835964887,0.0,0.0,0.0,0.0,0.0,0.0,0.0,0.0,0.0,0.0,off,off,off,off,off
29.02499999999999,0.14512499999999995,2.106126562499978,-18.214832399688333,-17.22727305987482,-16.916850318178092,-17.22726823522902,-18.214823658232575,-19.684482646111036,-19.684471576878934,0.6423161426099859,0.6452827703109493,0.6461330180420867,0.6452827835312005,0.6423161666260122,0.0,0.0,0.0,0.0,0.0,0.0,0.0,0.0,0.0,0.0,off,off,off,off,off
29.27499999999999,0.14637499999999995,2.142564062499977,-18.19619002023265,-17.20185869952732,-16.88946499371127,-17.201853907341302,-18.196181314312753,-19.67678975056438,-19.676778700451393,0.6428291492823285,0.6458170388996597,0.6466728154196095,0.6458170520329984,0.6428291732048307,0.0,0.0,0.0,0.0,0.0,0.0,0.0,0.0,0.0,0.0,off,off,off,off,off
29.52499999999999,0.14762499999999995,2.1793140624999774,-18.177403375585385,-17.176222735298325,-16.86182850602802,-17.17621797455317,-18.177394704381555,-19.669022082706675,-19.669011051818643,0.6433435498245188,0.6463529140913571,0.6472143000853458,0.6463529271405197,0.6433435736556653,0.0,0.0,0.0,0.0,0.0,0.0,0.0,0.0,0.0,0.0,off,off,off,off,off
29.77499999999999,0.14887499999999995,2.216376562499977,-18.15847342981408,-17.150367480525006,-16.83394358468655,-17.150362750246188,-18.158464792539377,-19.661179182389645,-19.661168170826187,0.6438590737524226,0.646890121806331,0.6477571968594619,0.646890134773934,0.6438590974942947,0.0,0.0,0.0,0.0,0.0,0.0,0.0,0.0,0.0,0.0,off,off,off,off,off
30.02499999999999,0.15012499999999995,2.253751562499976,-18.139401117426956,-17.124295201688483,-16.805812915456443,-17.124290500936354,-18.13939251332465,-19.653260599356543,-19.653249607211023,0.6443754617753098,0.6474283992010228,0.6483012417881904,0.6474284120895901,0.6443754854299086,0.0,0.0,0.0,0.0,0.0,0.0,0.0,0.0,0.0,0.0,off,off,off,off,off
30.27499999999999,0.15137499999999995,2.291439062499976,-18.120187344597127,-17.09800811925254,-16.777439140265017,-17.098003447133067,-18.120178772947384,-19.64526589297037,-19.64525492033053,0.6448924654356782,0.6479674943089968,0.6488461817872606,0.6479675071209288,0.644892489004905,0.0,0.0,0.0,0.0,0.0,0.0,0.0,0.0,0.0,0.0,off,off,off,off,off
30.52499999999999,0.15262499999999996,2.3294390624999757,-18.10083299035449,-17.071508408508066,-16.748824857212412,-17.071503764166323,-18.100824450458873,-19.63719463195278,-19.637183678900755,0.6454098467568103,0.6485071656895465,0.6493917742928061,0.6485071784271393,0.6454098702425105,0.0,0.0,0.0,0.0,0.0,0.0,0.0,0.0,0.0,0.0,off,off,off,off,off
30.77499999999999,0.15387499999999996,2.3677515624999748,-18.08133890767982,-17.04479820039876,-16.719972620652754,-17.044793583009493,-18.08133039887531,-19.629046394132757,-19.6290354607454,0.6459273778983531,0.649047182084109,0.6499377869198358,0.6490471947495786,0.6459274013022774,0.0,0.0,0.0,0.0,0.0,0.0,0.0,0.0,0.0,0.0,off,off,off,off,off
31.02499999999999,0.15512499999999996,2.4063765624999744,-18.06170592455564,-17.017879582322735,-16.69088494132194,-17.017874991093322,-18.061697446201634,-19.620820766204133,-19.62080985255318,0.6464448408198471,0.649587322080569,0.6504839971284172,0.6495873346760442,0.6464448641436864,0.0,0.0,0.0,0.0,0.0,0.0,0.0,0.0,0.0,0.0,off,off,off,off,off
31.27499999999999,0.15637499999999996,2.4453140624999743,-18.041934844949026,-16.99075459893936,-16.661564286521696,-16.99075003311117,-18.04192639643429,-19.612517343492073,-19.612506449644513,0.646962026952323,0.6501273737854367,0.6510301918975814,0.6501273863129539,0.6469620501976898,0.0,0.0,0.0,0.0,0.0,0.0,0.0,0.0,0.0,0.0,off,off,off,off,off
31.52499999999999,0.15762499999999996,2.4845640624999734,-18.022026449736558,-16.963425252954266,-16.632013080350134,-16.963420711803053,-18.02201803047373,-19.60413572972834,-19.60412485574639,0.647478736877967,0.6506671345039902,0.6515761674070214,0.6506671469654949,0.64747876004641,0.0,0.0,0.0,0.0,0.0,0.0,0.0,0.0,0.0,0.0,off,off,off,off,off
31.77499999999999,0.15887499999999996,2.524126562499973,-18.001981497591004,-16.93589350590912,-16.602233703972843,-16.935888988737986,-18.001973107015743,-19.595675536833227,-19.595664682774867,0.6479947800178183,0.6512064104283356,0.652121728726596,0.651206422825699,0.6479948031108256,0.0,0.0,0.0,0.0,0.0,0.0,0.0,0.0,0.0,0.0,off,off,off,off,off
32.02499999999999,0.16012499999999996,2.564001562499973,-17.981800725803026,-16.90816127893214,-16.5722284959258,-16.908156785075846,-17.981792363376087,-19.58713638470641,-19.58712555062519,0.6485099743275549,0.6517450163334807,0.6526666895136629,0.6517450286684885,0.6485099973465464,0.0,0.0,0.0,0.0,0.0,0.0,0.0,0.0,0.0,0.0,off,off,off,off,off
32.27499999999998,0.16137499999999988,2.604189062499972,-17.961484851071276,-16.880230453504453,-16.541999752455354,-16.880225982327488,-17.96147651627149,-19.5785179010237,-19.57850708696921,0.6490241460012542,0.6522827752812544,0.6532108717181996,0.6522827875556121,0.6490241689476035,0.0,0.0,0.0,0.0,0.0,0.0,0.0,0.0,0.0,0.0,off,off,off,off,off
32.52499999999996,0.16262499999999983,2.644689062499972,-17.9410345702413,-16.85210287220343,-16.511549727887257,-16.85209842309024,-17.941026262570176,-19.56981972104103,-19.569808927058887,0.6495371291831434,0.6528195183321347,0.6537541052956861,0.6528195305474953,0.6495371520581616,0.0,0.0,0.0,0.0,0.0,0.0,0.0,0.0,0.0,0.0,off,off,off,off,off
32.77499999999995,0.16387499999999974,2.6855015624999723,-17.920450561029156,-16.823780339438713,-16.48088063502871,-16.82377591180216,-17.92044228000782,-19.56104148740536,-19.561030713537548,0.6500487656871754,0.6533550842648858,0.6542962279276894,0.6533550964228249,0.6500487884921222,0.0,0.0,0.0,0.0,0.0,0.0,0.0,0.0,0.0,0.0,off,off,off,off,off
33.024999999999935,0.1651249999999997,2.726626562499972,-17.899733482662697,-16.79526462216637,-16.449994645596917,-16.795260215444387,-17.89972522783168,-19.552182849970507,-19.552172096255532,0.6505589047245597,0.6538893193039735,0.654837084750093,0.6538893314059996,0.6505589274606431,0.0,0.0,0.0,0.0,0.0,0.0,0.0,0.0,0.0,0.0,off,off,off,off,off
33.27499999999992,0.1663749999999996,2.7680640624999717,-17.878883976545637,-16.766557450601795,-16.418893890637776,-16.76655306425448,-17.87887574746273,-19.54324346562001,-19.543232732092918,0.6510674026388625,0.6544220768546265,0.6553765280889972,0.6544220889021879,0.6510674253072442,0.0,0.0,0.0,0.0,0.0,0.0,0.0,0.0,0.0,0.0,off,off,off,off,off
33.524999999999906,0.16762499999999952,2.809814062499972,-17.857902666839863,-16.73766051892852,-16.387580461011567,-16.737656152436614,-17.857894463077628,-19.53422299809489,-19.534212284787458,0.651574122648891,0.6549532172454513,0.6559144172039771,0.6549532292399415,0.6515741452506941,0.0,0.0,0.0,0.0,0.0,0.0,0.0,0.0,0.0,0.0,off,off,off,off,off
33.77499999999989,0.16887499999999947,2.851876562499972,-17.83679016104645,-16.708575485974563,-16.356056407856045,-16.70857113884,-17.83678198219934,-19.525121117826785,-19.52511042476769,0.6520789345990227,0.6554826074785947,0.6564506180388593,0.6554826194213499,0.6520789571353104,0.0,0.0,0.0,0.0,0.0,0.0,0.0,0.0,0.0,0.0,off,off,off,off,off
34.02499999999988,0.1701249999999994,2.894251562499971,-17.815547050555836,-16.679303975887876,-16.32432374308769,-16.679299647637777,-17.81553889623251,-19.515937501776477,-19.515926828991297,0.6525817147169635,0.6560101209872381,0.656985002979726,0.6560101328795257,0.6525817371887619,0.0,0.0,0.0,0.0,0.0,0.0,0.0,0.0,0.0,0.0,off,off,off,off,off
34.274999999999864,0.17137499999999933,2.9369390624999716,-17.794173911162034,-16.649847578825188,-16.292384439890952,-16.64984326899622,-17.794165780986333,-19.506671833276613,-19.506661180788257,0.6530823453788301,0.6565356374002831,0.6575174506201802,0.6565356492433467,0.6530823677871254,0.0,0.0,0.0,0.0,0.0,0.0,0.0,0.0,0.0,0.0,off,off,off,off,off
34.52499999999985,0.17262499999999925,2.9799390624999713,-17.772671303561765,-16.620207851569887,-16.26024043325225,-16.620203559727713,-17.77266319717529,-19.497323801880015,-19.49731316970866,0.6535807148813786,0.6570590423143384,0.6580478455335892,0.6570590541093412,0.6535807372271075,0.0,0.0,0.0,0.0,0.0,0.0,0.0,0.0,0.0,0.0,off,off,off,off,off
34.774999999999835,0.17387499999999917,3.0232515624999703,-17.75103977382986,-16.590386318219146,-16.227893620468933,-16.590382043942896,-17.751031690884332,-19.487893103211576,-19.487882491374705,0.6540767172212683,0.6575802270724795,0.6585760780523673,0.6575802388205504,0.6540767395053434,0.0,0.0,0.0,0.0,0.0,0.0,0.0,0.0,0.0,0.0,off,off,off,off,off
35.02499999999982,0.17512499999999911,3.0668765624999708,-17.729279853866018,-16.560384470782083,-16.19534586168743,-16.560380213669475,-17.7292717940268,-19.47837943882493,-19.478368847337663,0.6545702518812572,0.6580990885501093,0.659102044054028,0.6580991002523253,0.6545702741045522,0.0,0.0,0.0,0.0,0.0,0.0,0.0,0.0,0.0,0.0,off,off,off,off,off
35.27499999999981,0.17637499999999903,3.1108140624999705,-17.70739206182509,-16.530203769822947,-16.162598980436826,-16.53019952948921,-17.707384024770278,-19.468782516063015,-19.468771944937885,0.6550612236231386,0.6586155289473888,0.6596256447539435,0.6586155406047804,0.6550612457864947,0.0,0.0,0.0,0.0,0.0,0.0,0.0,0.0,0.0,0.0,off,off,off,off,off
35.52499999999979,0.17762499999999898,3.1550640624999695,-17.68537690253288,-16.499845645066955,-16.129654764172017,-16.499841421139365,-17.685368887952933,-19.459102047922272,-19.45909149716985,0.6555495422872968,0.659129455588342,0.6601467865046544,0.659129467201908,0.6555495643915217,0.0,0.0,0.0,0.0,0.0,0.0,0.0,0.0,0.0,0.0,off,off,off,off,off
35.77499999999978,0.1788749999999989,3.19962656249997,-17.663234867876355,-16.469311496000614,-16.096514964820358,-16.469307288124412,-17.66322687547691,-19.449337752921423,-19.44932722255001,0.6560351225987499,0.6596407807264015,0.6606653806015857,0.6596407922970916,0.6560351446446109,0.0,0.0,0.0,0.0,0.0,0.0,0.0,0.0,0.0,0.0,off,off,off,off,off
36.024999999999764,0.1801249999999988,3.24450156249997,-17.640966437183152,-16.438602692470738,-16.06318129931742,-16.43859850030134,-17.640958466679052,-19.439489354973148,-19.439478844988884,0.6565178839795079,0.6601494213562361,0.661181343095079,0.6601494328849722,0.6565179059677477,0.0,0.0,0.0,0.0,0.0,0.0,0.0,0.0,0.0,0.0,off,off,off,off,off
36.27499999999975,0.18137499999999876,3.289689062499969,-17.618572077586293,-16.407720575251574,-16.029655450175653,-16.40771639846332,-17.61856412870145,-19.42955658325934,-19.429546093666346,0.6569977503671072,0.6606552990317981,0.6616945946084627,0.6606553105194514,0.6569977722984439,0.0,0.0,0.0,0.0,0.0,0.0,0.0,0.0,0.0,0.0,off,off,off,off,off
36.524999999999736,0.18262499999999868,3.335189062499969,-17.5960522443674,-16.376666456627618,-15.995939066015808,-16.37666229490395,-17.596044316836554,-19.419539172109836,-19.41952870291044,0.65747465003919,0.6611583396903192,0.662205060162215,0.6611583511377364,0.6574746719143143,0.0,0.0,0.0,0.0,0.0,0.0,0.0,0.0,0.0,0.0,off,off,off,off,off
36.77499999999972,0.18387499999999862,3.3810015624999687,-17.573407381281527,-16.345441620947497,-15.96203376212236,-16.345437473987715,-17.573399474851584,-19.409436860884426,-19.409426412079114,0.6579485154439842,0.6616584734822266,0.6627126690038997,0.661658484890211,0.6579485372635513,0.0,0.0,0.0,0.0,0.0,0.0,0.0,0.0,0.0,0.0,off,off,off,off,off
37.02499999999971,0.18512499999999854,3.427126562499968,-17.550637839950014,-16.314047324115847,-15.92794112096783,-16.31404319163056,-17.55062995439218,-19.39924939364448,-19.399238965231945,0.6584192288356153,0.6621556346096689,0.663217354443884,0.662155645978994,0.6584192506114722,1.4796320031952628e-06,0.0,0.0,0.0,1.4793838361451435e-06,0.0,0.0,0.0,0.0,0.0,off,off,off,off,off
37.27499999999969,0.18637499999999846,3.473564062499968,-17.527743726871364,-16.28248478735344,-15.893662692425892,-16.28248066906434,-17.527735861976026,-19.3889765176541,-19.388966109631582,0.6588865205141231,0.6626497611863656,0.6637190536974475,0.6626497725177751,0.6588865422633149,6.96370564446596e-06,0.0,0.0,0.0,6.963125773791348e-06,0.0,0.0,0.0,0.0,0.0,off,off,off,off,off
37.52499999999968,0.1876249999999984,3.520314062499968,-17.504725139776042,-16.250755195010413,-15.859199993649497,-16.250751090648976,-17.50471729533652,-19.378617982613065,-19.378607594976643,0.6593501218870235,0.6631407950917125,0.6642177077332239,0.6631408063859235,0.6593501436246317,1.727811597878125e-05,0.0,0.0,0.0,1.7277160385971245e-05,0.0,0.0,0.0,0.0,0.0,off,off,off,off,off
37.774999999999665,0.18887499999999832,3.567376562499967,-17.48158220448545,-16.218859697034645,-15.824554509020402,-16.218855606348086,-17.481574380303215,-19.368173540827968,-19.368163173572043,0.6598097887164737,0.6636286818173297,0.6647132611266896,0.6636286930750163,0.6598098104562848,3.2915234844600397e-05,0.0,0.0,0.0,3.2913872345740004e-05,0.0,0.0,0.0,0.0,0.0,off,off,off,off,off
38.02499999999965,0.19012499999999827,3.6147515624999667,-17.458315064856407,-16.186799411093034,-15.789727690309007,-16.186795333840223,-17.458307260738565,-19.35764294734261,-19.357632600460477,0.6602652954551336,0.6641133703196748,0.6652056619181878,0.6641133815414793,0.6602653172100397,5.421724591437584e-05,0.0,0.0,0.0,5.421546010649267e-05,0.0,0.0,0.0,0.0,0.0,off,off,off,off,off
38.274999999999636,0.19137499999999819,3.6624390624999665,-17.43492387750271,-16.154575424316192,-15.754720956884967,-16.15457136026464,-17.43491609326105,-19.34702596002097,-19.347015633504498,0.6607164325487017,0.6645948128786505,0.6656948614757778,0.6645948240651923,0.660716454330752,8.14551905578337e-05,0.0,0.0,0.0,8.14529618839619e-05,0.0,0.0,0.0,0.0,0.0,off,off,off,off,off
38.52499999999962,0.1926249999999981,3.7104390624999657,-17.411408807610314,-16.122188794779447,-15.719535696078367,-16.12218474370883,-17.41140104306629,-19.336322339598212,-19.336312033438276,0.6611630042759211,0.6650729649617633,0.6661808143624933,0.6650729761136291,0.6611630260965096,0.00011483131770590684,0.0,0.0,0.0,0.00011482863480469254,0.0,0.0,0.0,0.0,0.0,off,off,off,off,off
38.77499999999961,0.19387499999999805,3.758751562499965,-17.387770026622917,-16.08964055280211,-15.684173263565924,-16.089636514493236,-17.387762281601056,-19.3255318497107,-19.325521563896757,0.6616048276456479,0.6655477850934579,0.6666634782082135,0.6655477962112315,0.661604849515686,0.00015453741613180198,0.0,0.0,0.0,0.00015453427451584398,0.0,0.0,0.0,0.0,0.0,off,off,off,off,off
39.024999999999594,0.19512499999999797,3.807376562499965,-17.364007709910425,-16.05693170202244,-15.648634983836416,-16.056927676271698,-17.363999984241104,-19.314654256900837,-19.314643991421292,0.6620417312276308,0.6660192347296217,0.6671428135858629,0.6660192458138444,0.662041753157103,0.00020075192103505315,0.0,0.0,0.0,0.00020074830191290453,0.0,0.0,0.0,0.0,0.0,off,off,off,off,off
39.27499999999958,0.1963749999999979,3.856314062499964,-17.34012203252641,-16.024063220414348,-15.612922150674649,-16.024059207023754,-17.340114326044556,-19.30368933061476,-19.30367908545705,0.6624735525093111,0.6664872781366504,0.6676187838919694,0.6664872891878482,0.6624735745077399,0.0002535502655818541,0.0,0.0,0.0,0.00025354615764579415,0.0,0.0,0.0,0.0,0.0,off,off,off,off,off
39.524999999999565,0.19762499999999783,3.9055640624999635,-17.316113172588928,-15.991036061182399,-15.577036027679583,-15.991032059963914,-17.316105485137427,-19.292636843192696,-19.292626618343036,0.6629001402903684,0.6669518822751282,0.6680913552314021,0.6669518932938002,0.6629001623671049,0.0003131007884979828,0.0,0.0,0.0,0.0003130961941179827,0.0,0.0,0.0,0.0,0.0,off,off,off,off,off
39.77499999999955,0.19887499999999775,3.9551265624999634,-17.291981305096556,-15.957851153496279,-15.540977848802527,-15.957847164266127,-17.29197363651994,-19.281496569830523,-19.28148636527436,0.6633213507325534,0.6674130166880903,0.6685604963061992,0.6674130276747245,0.6633213728960243,0.00037947312513915616,0.0,0.0,0.0,0.00037946802563322844,0.0,0.0,0.0,0.0,0.0,off,off,off,off,off
40.02499999999954,0.2001249999999977,4.005001562499963,-17.26772660361067,-15.924509403295076,-15.504748818900453,-15.924505425879545,-17.267718953761687,-19.270268288568303,-19.270258104290008,0.663737048358683,0.6678706533931132,0.6690261783083692,0.6678706643481711,0.6637370706174534,0.00045276068381312827,0.0,0.0,0.0,0.0004527550852961137,0.0,0.0,0.0,0.0,0.0,off,off,off,off,off
40.27499999999952,0.2013749999999976,4.055189062499963,-17.24334923888287,-15.891011621128996,-15.468350112356688,-15.891007655369094,-17.243341607619897,-19.258951780226084,-19.258941616209114,0.6641471059717637,0.6683247187001551,0.6694883748218998,0.6683247296299032,0.6641471283334289,0.000533051924400847,1.3801390029737052e-06,0.0,1.3799964493002531e-06,0.00053304580862615,0.0,0.0,0.0,0.0,0.0,off,off,off,off,off
40.52499999999951,0.20262499999999756,4.105689062499962,-17.218849369667538,-15.857358398973815,-15.431782862028626,-15.857354444723342,-17.21884175685301,-19.24754682835976,-19.247536684586834,0.6645514020829449,0.6687750113875451,0.6699470617551495,0.6687750223008407,0.6645514245554174,0.000620407376623641,6.433827533935672e-06,0.0,6.433503528725383e-06,0.0006204007510324157,0.0,0.0,0.0,0.0,0.0,off,off,off,off,off
40.774999999999494,0.20387499999999747,4.156501562499961,-17.194227143265948,-15.823550309681195,-15.395048155460927,-15.823546366800826,-17.194219548770775,-19.236053219122,-19.236043095574928,0.664949822897385,0.6692213329373349,0.6704022172569081,0.6692213438420967,0.6649498454876748,0.0007148859448638466,1.5850679340023436e-05,0.0,1.5850152944615105e-05,0.0007148787952452363,0.0,0.0,0.0,0.0,0.0,off,off,off,off,off
41.02499999999948,0.2051249999999974,4.207626562499961,-17.169482695505422,-15.789587934616463,-15.358147038688799,-15.78958400296392,-17.169475119202986,-19.22447074119961,-19.224460637859522,0.6653422607274633,0.669663505332022,0.6708538216150937,0.669663516235502,0.665342283443004,0.0008165791624464773,3.0051889540496134e-05,0.0,3.005113763092527e-05,0.0008165714964179759,0.0,0.0,0.0,0.0,0.0,off,off,off,off,off
41.274999999999466,0.20637499999999734,4.259064062499959,-17.144616147981367,-15.755471855262442,-15.321080519395878,-15.75546793470403,-17.144608589750703,-19.212799185668246,-19.212789102515643,0.6657286114756865,0.6701013661842367,0.6713018571606392,0.6701013770930944,0.6657286343229282,0.0009254682344123524,4.9322903047885215e-05,0.0,4.93219146620296e-05,0.000925460039418826,0.0,0.0,0.0,0.0,0.0,off,off,off,off,off
41.52499999999945,0.20762499999999726,4.310814062499959,-17.119627625731994,-15.721202648613371,-15.28384949780758,-15.721198739022213,-17.11962008545038,-19.20103834596864,-19.20102828298323,0.6661087853958313,0.6705347664808633,0.6717462606755039,0.6705347774013888,0.6661088083802299,0.0010416980678662618,7.390010244479976e-05,1.3767465673559386e-06,7.389887458514949e-05,0.0010416893439594017,0.0,0.0,0.0,0.0,0.0,off,off,off,off,off
41.77499999999944,0.2088749999999972,4.362876562499959,-17.09451727070484,-15.686780879219953,-15.246454661164933,-15.686776980465254,-17.0945097482537,-19.189188017955388,-19.189177975116166,0.6664827153666707,0.6709635687400713,0.6721868522077175,0.6709635796780763,0.6664827384916716,0.0011651551591561127,0.0001039861782445399,6.2883044991062e-06,0.00010398469906849355,0.0011651459133561423,0.0,0.0,0.0,0.0,0.0,off,off,off,off,off
42.02499999999942,0.21012499999999712,4.415251562499957,-17.069285236952055,-15.652207094666096,-15.208896670900117,-15.652203206630361,-17.069277732217756,-19.177248000008404,-19.17723797729363,0.6668503537899854,0.6713876447874417,0.67262345642202,0.6713876557484582,0.6668503770585006,0.0012958511977943532,0.00013967816079501222,1.5362945966036016e-05,0.00013967642296176924,0.0012958414237602852,0.0,0.0,0.0,0.0,0.0,off,off,off,off,off
42.27499999999941,0.21137499999999704,4.467939062499957,-17.043931670803715,-15.617481828359075,-15.171176186433456,-15.617477950933562,-17.043924183676666,-19.165218093001016,-19.165208090388404,0.6672116593495926,0.671806876506682,0.6730559170970124,0.671806887496077,0.6672116827642791,0.0014338684374333186,0.00018111713094393027,2.8992670913630217e-05,0.00018111513590588328,0.0014338581286747552,0.0,0.0,0.0,0.0,0.0,off,off,off,off,off
42.524999999999395,0.21262499999999698,4.520939062499957,-17.01845670924365,-15.582605597471343,-15.13329385893229,-15.58260173054498,-17.018449239616416,-19.15309810021938,-19.153088117686025,0.6675665955421204,0.6722211537301481,0.673484092686318,0.6722211647527744,0.6675666191054246,0.001579283575000489,0.0002284245376004295,4.744535994029943e-05,0.00022842227306802204,0.001579272725609712,0.0,0.0,0.0,0.0,0.0,off,off,off,off,off
42.77499999999938,0.2138749999999969,4.574251562499955,-16.99286047991984,-15.547578901948839,-15.095250328441978,-15.547575045414192,-16.992853027685214,-19.140887827279414,-19.140877864801922,0.6679151301942436,0.6726303729103112,0.6739078540006758,0.6726303839709926,0.6679151539084321,0.0017321650061068103,0.0002816266559011034,7.095798695268751e-05,0.00028162412271165064,0.0017321536107128895,0.0,0.0,0.0,0.0,0.0,off,off,off,off,off
43.024999999999366,0.21512499999999685,4.627876562499955,-16.96714310115135,-15.512402229091151,-15.057046220756149,-15.512398382841184,-16.967135666216677,-19.128587082045584,-19.128577139600026,0.6682572350620936,0.6730344396238298,0.67432708184972,0.673034450726917,0.6682572589292398,0.0018925736226599688,0.00034087850778057776,9.966972161535071e-05,0.000340875695989765,0.0018925616763630854,0.0,0.0,0.0,0.0,0.0,off,off,off,off,off
43.27499999999935,0.21637499999999676,4.681814062499955,-16.941304685797377,-15.47707604577073,-15.018682147059678,-15.477072209708695,-16.941297268058463,-19.116195674554746,-19.116185752116678,0.6685930430838434,0.6734332628284806,0.6747416663839764,0.6734332739783716,0.6685930670709139,0.002060395773670275,0.0004061496527378969,0.0001336735757559233,0.0004061465653799612,0.002060383318664349,0.0,0.0,0.0,0.0,0.0,off,off,off,off,off
43.52499999999934,0.21762499999999668,4.7360640624999535,-16.915345455877286,-15.441600810031503,-14.980158704593634,-15.441596984062471,-16.915338055224936,-19.103713417347564,-19.103703514891862,0.6689230664299153,0.673826760797447,0.6751515071964268,0.6738267719981282,0.6689230905075106,0.0022345237119371334,0.0004775793025121835,0.00017315734400360548,0.00047757593157731295,0.0022345108490403488,0.0,0.0,0.0,0.0,0.0,off,off,off,off,off
43.774999999999324,0.21887499999999663,4.790626562499952,-16.889265757004125,-15.40597696673359,-14.941476471480314,-15.405973150764112,-16.889258373331245,-19.09114012647234,-19.091130243973424,0.669247502959158,0.6742148542342841,0.6755565091510973,0.674214865489869,0.6692475271181051,0.002414110274157583,0.0005551461632852367,0.0002181117294975099,0.0005551425128668573,0.0024140970423219017,0.0,0.0,0.0,0.0,0.0,off,off,off,off,off
44.02499999999931,0.22012499999999655,4.845501562499952,-16.863065914032802,-15.37020495573438,-14.902636014650227,-15.370201149677598,-16.863058547234516,-19.07847562165543,-19.078465759087123,0.6695664468482169,0.6745974708876078,0.6759565871027352,0.6745974822016447,0.6695664710828475,0.00259881090599919,0.000638914332007438,0.0002687084015959265,0.0006389103915414858,0.0025987973245920957,0.0,0.0,0.0,0.0,0.0,off,off,off,off,off
44.274999999999295,0.2213749999999965,4.900689062499951,-16.836746204874487,-15.334285208507083,-14.863637880297404,-15.334281412276539,-16.836738854849955,-19.06571972598485,-19.065709883320494,0.6698799657513188,0.6749745438759353,0.6763516586473068,0.6749745552522638,0.6698799900574458,0.0027884170730651994,0.0007289526789663332,0.00032490773695910527,0.000728948453223049,0.002788403155531474,0.0,0.0,0.0,0.0,0.0,off,off,off,off,off
44.52499999999928,0.2226249999999964,4.956189062499949,-16.810306829022238,-15.298218139687037,-14.824482605199876,-15.29821435320082,-16.810299495685854,-19.052872265480147,-19.05286244269257,0.6701881580945721,0.675346007166369,0.6767416514136119,0.6753460186084026,0.6701881824578365,0.002982723440089792,0.0008251968877417295,0.0003868689364272367,0.0008251923720359411,0.0029827092133766476,0.0,0.0,0.0,0.0,0.0,off,off,off,off,off
44.77499999999927,0.22387499999999633,5.012001562499949,-16.783747863448298,-15.262004157892306,-14.78517070360823,-15.26200038106748,-16.78374054671758,-19.039933068226333,-19.03992326528808,0.6704911914007736,0.6757118051911923,0.6771264936972949,0.6757118167021698,0.6704912158144489,0.003181322600232762,0.0009277867079989378,0.00045451494900255465,0.0009277818966620221,0.003181308093563264,0.0,0.0,0.0,0.0,0.0,off,off,off,off,off
45.02499999999925,0.22512499999999627,5.068126562499948,-16.757069405871334,-15.225643646557444,-14.745702682035585,-15.225639879316361,-16.757062105667558,-19.026901964140592,-19.026892181023783,0.67078912203145,0.6760718799994999,0.6775061241506136,0.6760718915828982,0.670789146494424,0.0033839655018123565,0.0010366570300349937,0.0005280059656668064,0.0010366519287820627,0.0033839507233645993,0.0,0.0,0.0,0.0,0.0,off,off,off,off,off
45.27499999999924,0.2263749999999962,5.124564062499947,-16.73027156133452,-15.18913697814014,-14.70607902332165,-15.189133220402312,-16.730264277577987,-19.01377878508805,-19.013769021764432,0.6710819665639097,0.6764261800299305,0.6778804810041582,0.6764261916887518,0.6710819910763948,0.0035905843713063255,0.001151819770424579,0.000607259882318492,0.0011518143725928896,0.0035905693223294835,0.0,0.0,0.0,0.0,0.0,off,off,off,off,off
45.524999999999224,0.22762499999999614,5.181314062499947,-16.703354429661943,-15.152484519222071,-14.666300199799366,-15.152480770922011,-16.703347162280068,-19.000563364856134,-19.000553621297172,0.6713697325442416,0.6767746629193163,0.6782495102624024,0.6767746746561651,0.6713697571067737,0.00380116410756478,0.0012733824989258138,0.0006923539897303393,0.0012733768028378482,0.0038011487874957664,0.0,0.0,0.0,0.0,0.0,off,off,off,off,off
45.77499999999921,0.22887499999999605,5.238376562499946,-16.676318102900098,-15.11568664107807,-14.626366669982701,-15.115682902141486,-16.676310851812673,-18.987255539091024,-18.987245815267727,0.6716524258883515,0.6771173017433079,0.6786131624559891,0.6771173135597726,0.6716524505015821,0.004015702979443625,0.0014012166371205352,0.0007833433644986554,0.0014012106502475253,0.004015687387247339,0.0,0.0,0.0,0.0,0.0,off,off,off,off,off
46.024999999999196,0.23012499999999597,5.2957515624999445,-16.649162665615222,-15.078743722319416,-14.586278872714558,-15.078739992679573,-16.649155430750454,-18.97385514523114,-18.973845441114406,0.6719300527661635,0.6774540871196087,0.6789713875192984,0.6774540990168975,0.6719300774307471,0.004234202377067473,0.0015352583339717993,0.000880135657159551,0.0015352520544647816,0.004234186511584696,0.0,0.0,0.0,0.0,0.0,off,off,off,off,off
46.27499999999918,0.23137499999999592,5.353439062499944,-16.62188818458924,-15.041656129893852,-14.546037243768978,-15.041652409478218,-16.62188096588369,-18.960362022421265,-18.960352337981703,0.6722026287485069,0.677785014282833,0.6793241453450293,0.6777850262620809,0.6722026534624076,0.0044566565822482355,0.0016755331320293747,0.000982848708149333,0.001675526557420911,0.004456640445046422,0.0,0.0,0.0,0.0,0.0,off,off,off,off,off
46.52499999999917,0.23262499999999584,5.411439062499943,-16.5944946545751,-15.004424215360473,-14.505642200767284,-15.004420504106577,-16.594487451961186,-18.946776011130595,-18.94676634633845,0.6724702287356136,0.6781100812719095,0.6796713953559228,0.6781100933341555,0.6724702534933416,0.00468294783326542,0.0018220660974597974,0.0010914622862492616,0.0018220592254635786,0.004682931438650048,0.0,0.0,0.0,0.0,0.0,off,off,off,off,off
46.77499999999915,0.23387499999999578,5.469751562499941,-16.56698207984448,-14.967048314118756,-14.465094145764851,-14.967044611960148,-16.566974893263477,-18.933096952933226,-18.93308730775854,0.672732899416031,0.6784292886360088,0.6800130984941254,0.6784293007822408,0.6727329242170234,0.004912933451108551,0.001974877167570767,0.0012059062431485853,0.0019748699960855805,0.004912916805213472,0.0,0.0,0.0,0.0,0.0,off,off,off,off,off
47.02499999999914,0.2351249999999957,5.528376562499941,-16.539350484427473,-14.929528747009442,-14.424393476466037,-14.929525053888995,-16.5393433138197,-18.919324690670067,-18.919315065082742,0.6729906529217452,0.6787426392056982,0.6803492245964772,0.6787426514368263,0.6729906777669433,0.005146577930964596,0.002133981498595685,0.0013262787516261896,0.0021339740256838833,0.005146561033112712,0.0,0.0,0.0,0.0,0.0,off,off,off,off,off
47.274999999999125,0.23637499999999562,5.58731406249994,-16.511599898698023,-14.89186582145419,-14.383540585707351,-14.891862137317617,-16.51159274399987,-18.905459068511362,-18.9054494624811,0.6732434928132307,0.679050137892214,0.6806797515525167,0.6790501502090946,0.6732435177039601,0.0053838909363626425,0.002299389924344748,0.001452566531494382,0.002299382148212959,0.00538387378387922,0.0,0.0,0.0,0.0,0.0,off,off,off,off,off
47.52499999999911,0.23762499999999556,5.646564062499938,-16.48373035486918,-14.854059832619782,-14.342535877306602,-14.854056157405296,-16.48372321602045,-18.891499931970287,-18.891490345466536,0.6734914214656145,0.6793517915089503,0.6810046758654418,0.6793518039124214,0.6734914464032288,0.005624893419042412,0.002471109362633766,0.0015846069900672093,0.002471101281615458,0.005624876008855349,0.0,0.0,0.0,0.0,0.0,off,off,off,off,off
47.774999999999096,0.23887499999999548,5.7061265624999375,-16.45574188498972,-14.816111071708917,-14.301379751004276,-14.816107405357968,-16.455734761932774,-18.877447127896602,-18.877437560888666,0.6737344422223652,0.6796477924122453,0.6813240026158105,0.6796478048775357,0.6737344672081524,0.005869607034156289,0.002648928250277907,0.0017223870423950208,0.0026489199017866744,0.005869589363271286,0.0,0.0,0.0,0.0,0.0,off,off,off,off,off
48.02499999999908,0.24012499999999543,5.766001562499937,-16.42763452204599,-14.778019938759712,-14.260072598166914,-14.778016281211308,-16.42762741471853,-18.863300504467844,-18.863290956924715,0.6739725599235834,0.6799385836184109,0.6816377393097723,0.6799385961343033,0.673972584958769,0.006118051152996403,0.0028318155721178255,0.0018659143420042643,0.002831807004523031,0.006118033218618246,0.0,0.0,0.0,0.0,0.0,off,off,off,off,off
48.27499999999907,0.24137499999999534,5.826189062499935,-16.39940830343221,-14.739786919263338,-14.21861481011598,-14.739783270454495,-16.399401211778752,-18.84905991120158,-18.84905038309236,0.6742057809343838,0.6802243302542013,0.6819458954368347,0.6802243428161663,0.674205806020099,0.0063702422356396995,0.003019120153987762,0.0020151930663681985,0.0030191113851431115,0.006370224035185648,0.0,0.0,0.0,0.0,0.0,off,off,off,off,off
48.524999999999054,0.24262499999999526,5.886689062499934,-16.3710632617354,-14.701412473197024,-14.177006778670318,-14.701408833069138,-16.371056185704617,-18.83472519895895,-18.834715690252352,0.6744341172763074,0.6805051283857425,0.6822484822857692,0.6805051409907833,0.6744341424120714,0.006626190353119696,0.003210556551641622,0.0021702234410709985,0.0032105475914386418,0.0066261718857198015,0.0,0.0,0.0,0.0,0.0,off,off,off,off,off
48.77499999999904,0.2438749999999952,5.947501562499933,-16.342599377156773,-14.662897018462274,-14.135248893453365,-14.662893386958842,-16.34259231670336,-18.82029621968556,-18.820286730350034,0.6746576199067035,0.6807810534378287,0.6825455127964871,0.6807810660836816,0.6746576450889196,0.0068858367935262016,0.003405935907477839,0.0023310020771933693,0.0034059267631023787,0.0068858180674637405,0.0,0.0,0.0,0.0,0.0,off,off,off,off,off
49.024999999999025,0.24512499999999512,6.0086265624999315,-16.314016645812785,-14.624240933983458,-14.09334153925937,-14.624237311056277,-16.314009600876147,-18.805772826283288,-18.80576335628743,0.6748763317199383,0.6810521693123511,0.6828370014293508,0.681052181997249,0.6748763569481768,0.007149084369944542,0.0036051099004782068,0.002497522292634535,0.0036051005775288732,0.007149065389755677,0.0,0.0,0.0,0.0,0.0,off,off,off,off,off
49.27499999999901,0.24637499999999507,6.07006406249993,-16.285315083977196,-14.58544456168812,-14.051285093951208,-14.585440947285917,-16.28530805450805,-18.791154872784375,-18.791145422096548,0.6750902707288965,0.6813185373769264,0.6831229640482953,0.6813185500979438,0.675090296003979,0.007415900394131501,0.003807952673297457,0.0026697743947277485,0.00380794317747524,0.00741588115924885,0.0,0.0,0.0,0.0,0.0,off,off,off,off,off
49.524999999999,0.247624999999995,6.131814062499929,-16.25649471441409,-14.546508149489625,-14.009079923927857,-14.546504543563913,-16.256487700361163,-18.77644221441747,-18.776432783005788,0.6752994472029431,0.6815802912671316,0.6834034561366558,0.6815803040175593,0.6752994725260714,0.007686287739687401,0.004014225785652454,0.002847716681462031,0.0040142161335659675,0.0076862682477542,0.0,0.0,0.0,0.0,0.0,off,off,off,off,off
49.77499999999898,0.2488749999999949,6.193876562499928,-16.227555560581038,-14.50743191853843,-13.966726433802478,-14.507428321052657,-16.22754856189755,-18.76163470761611,-18.76162529544891,0.675503869747904,0.6818375271448293,0.6836788782876962,0.6818375399232393,0.6755038951203399,0.007960259972578175,0.004223646212570734,0.0030306693536641723,0.00422363641288979,0.007960240220779827,0.0,0.0,0.0,0.0,0.0,off,off,off,off,off
50.02499999999897,0.2501249999999948,6.256251562499926,-16.198497645805503,-14.468216112516984,-13.924225147995685,-14.468212523425507,-16.198490662438644,-18.74673221001106,-18.746722817056195,0.6757035473314172,0.682090279752154,0.6839494833531934,0.6820902925586394,0.6757035727544086,0.008237832273700599,0.00443611180380551,0.00321777416641832,0.004436101857938055,0.008237812259219494,0.0,0.0,0.0,0.0,0.0,off,off,off,off,off
50.274999999998954,0.2513749999999948,6.3189390624999255,-16.16932099292677,-14.42886098083818,-13.881576594127466,-14.428857400105471,-16.16931402482504,-18.731734580418674,-18.731725206643972,0.675898489903823,0.6823385700390436,0.6842153823104746,0.6823385828740188,0.6758985153785593,0.00851901844506375,0.0046515935043170645,0.0034086710741360656,0.004651583411778589,0.008518998165220448,0.0,0.0,0.0,0.0,0.0,off,off,off,off,off
50.52499999999894,0.2526249999999947,6.381939062499924,-16.14002562391181,-14.389366772566177,-13.838781261881877,-14.389363200148694,-16.14001867103707,-18.716641678827557,-18.716632324200788,0.6760887085307801,0.6825824161657446,0.68447665723359,0.6825824290297108,0.6760887340583499,0.008803830062859246,0.004870079902830618,0.003603152667716139,0.004870069662718739,0.008803809515145441,0.0,0.0,0.0,0.0,0.0,off,off,off,off,off
50.774999999998926,0.25387499999999463,6.445251562499922,-16.110611559512165,-14.349733733758057,-13.795839602797912,-14.349730169615384,-16.11060462181024,-18.70145336638251,-18.701444030871528,0.6762742153621424,0.6828218362148235,0.6847333771632778,0.6828218491082716,0.6762742409436227,0.009092276367920506,0.005091562820022166,0.0038010614027694112,0.005091552431384134,0.009092255549994481,0.0,0.0,0.0,0.0,0.0,off,off,off,off,off
51.02499999999891,0.25512499999999455,6.508876562499921,-16.081078818934316,-14.309962106013643,-13.75275203514309,-14.309958550108377,-16.081071896362744,-18.686169505366706,-18.686160188939,0.6764550235517985,0.6830568488214105,0.6849856022595235,0.6830568617448085,0.6764550491881839,0.009384364394048954,0.005316033770826925,0.004002268115354818,0.00531602323274494,0.009384343303720198,0.0,0.0,0.0,0.0,0.0,off,off,off,off,off
51.2749999999989,0.25637499999999447,6.57281406249992,-16.051427392456105,-14.270052125154564,-13.709518948636287,-14.270048577451291,-16.05142048497629,-18.6707899591035,-18.670780661726667,0.6766311566671697,0.6832874732800838,0.6852333857990539,0.6832874862338755,0.6766311823570336,0.009680088713436917,0.005543483188936034,0.004206664665707357,0.0055434725005414675,0.009680067351762538,0.0,0.0,0.0,0.0,0.0,off,off,off,off,off
51.52499999999888,0.25762499999999444,6.637064062499918,-16.021657236708336,-14.230004018695979,-13.666140676343957,-14.230000479163152,-16.02165034427395,-18.655314591643872,-18.655305313285453,0.6768026632815463,0.6835137295289517,0.6854768163785803,0.6835137425135556,0.6768026890229567,0.009979384227543882,0.005773900337619496,0.004414110174141447,0.00577388949809038,0.009979362600691537,0.0,0.0,0.0,0.0,0.0,off,off,off,off,off
51.77499999999887,0.25887499999999436,6.701626562499917,-15.991768335258882,-14.18981800303618,-13.622617484054786,-14.18981447163253,-15.991761457829455,-18.639743267832785,-18.63973400846004,0.6769695767541248,0.6837356388920136,0.6857160132579844,0.6837356519076111,0.6769696025471149,0.010282187861393082,0.006007272958192239,0.00462433257485679,0.006007261966882463,0.010282165971452558,0.0,0.0,0.0,0.0,0.0,off,off,off,off,off
52.024999999998855,0.2601249999999943,6.766501562499916,-15.961760680427233,-14.149494245389178,-13.578949652818721,-14.149490722088956,-15.961753817966326,-18.62407585341731,-18.62406661299778,0.6771319171538178,0.6839532589716014,0.6859510238578098,0.68395327201501,0.6771319429991715,0.01058847799329138,0.006243537699486517,0.004837186109841405,0.006243526561825383,0.010588455839342889,0.0,0.0,0.0,0.0,0.0,off,off,off,off,off
52.27499999999884,0.2613749999999942,6.831689062499914,-15.93163426642252,-14.109032890831088,-13.53513746243658,-14.10902937560678,-15.931627418891082,-18.60831221506791,-18.60830299356894,0.677289700073687,0.684166655728783,0.6861818738438055,0.6841666687989651,0.6772897259724454,0.010898252693633459,0.006482554213940514,0.005052627684499587,0.006482542935505791,0.010898230273648023,0.0,0.0,0.0,0.0,0.0,off,off,off,off,off
52.524999999998826,0.2626249999999941,6.897189062499913,-15.901389087838936,-14.06843410207722,-13.491181185214884,-14.068430594895005,-15.901382255190072,-18.592452220377226,-18.592443017766016,0.6774429400164675,0.6843758585966685,0.6864085843732886,0.684375871693974,0.6774429659697494,0.011211516288006535,0.006724258112916652,0.005270640681057993,0.006724246694218364,0.011211493599641461,0.0,0.0,0.0,0.0,0.0,off,off,off,off,off
52.77499999999881,0.2638749999999941,6.963001562499912,-15.871025139048015,-14.02769804605964,-13.447081085089678,-14.027694546888824,-15.871018321244833,-18.576495737853094,-18.576486554096988,0.67759165163671,0.6845808859769316,0.6866311761695975,0.6845808991020513,0.6775916776455926,0.011528274097467593,0.006968635484524466,0.005491213535476369,0.006968623924339668,0.011528251138363128,0.0,0.0,0.0,0.0,0.0,off,off,off,off,off
53.0249999999988,0.265124999999994,7.0291265624999095,-15.84054241377902,-13.986824889384707,-13.402837417657565,-13.986821398193229,-15.84053561077883,-18.560442636909187,-18.56043347197533,0.6777358501643131,0.6847817539836281,0.6868496704707886,0.6847817671373155,0.6777358762298555,0.011848530539112397,0.007215686189110687,0.0057143344944377015,0.007215674485811952,0.011848507306994405,0.0,0.0,0.0,0.0,0.0,off,off,off,off,off
53.27499999999878,0.2663749999999939,7.095564062499908,-15.809940904779921,-13.945814796470756,-13.358450430389837,-13.945811313229797,-15.809934116541172,-18.544292787852186,-18.54428364170775,0.6778755515174848,0.6849784789850347,0.6870640891969095,0.68497849216801,0.6778755776407,0.01217228851742255,0.007465411885941128,0.005939990469048266,0.007465400037896345,0.012172265010130856,0.0,0.0,0.0,0.0,0.0,off,off,off,off,off
53.52499999999877,0.26762499999999384,7.162314062499907,-15.779220603553767,-13.904667928593653,-13.313920362833755,-13.904664453281327,-15.779213830042238,-18.5280460618674,-18.528036934479474,0.6780107723010041,0.6851710782818751,0.6872744549294076,0.6851710914947976,0.6780107984828486,0.012499549300355394,0.007717812590002732,0.006168166900882631,0.0077178005956841916,0.01249952551584555,0.0,0.0,0.0,0.0,0.0,off,off,off,off,off
53.774999999998755,0.26887499999999376,7.229376562499905,-15.748381500165237,-13.863384443299651,-13.269247446854024,-13.86338097588606,-15.748374741344037,-18.511702331003022,-18.511693222338693,0.6781415297650293,0.6853595702175055,0.687480790851735,0.6853595834610093,0.6781415560064301,0.012830312569651944,0.007972885866503469,0.006398847860506127,0.007972873724506413,0.012830288505987542,0.0,0.0,0.0,0.0,0.0,off,off,off,off,off
54.02499999999874,0.27012499999999373,7.296751562499903,-15.717423583066477,-13.82196449400243,-13.224431906808434,-13.821961034455,-15.71741683889826,-18.495261468153274,-18.49525237817963,0.6782678417531295,0.6855439741237241,0.6876831206879815,0.6855439873984126,0.6782678680549844,0.013164576526743386,0.008230626813665442,0.006632016184182814,0.008230614522701397,0.013164552182085723,0.0,0.0,0.0,0.0,0.0,off,off,off,off,off
54.27499999999873,0.27137499999999365,7.364439062499902,-15.686346833585958,-13.780408229607303,-13.179473959731638,-13.780404777907165,-15.686340104028261,-18.478723347029984,-18.47871427571411,0.6783897274213037,0.6857243102271497,0.6878814686474274,0.6857243235335496,0.6783897537839554,0.013502337426570287,0.008491028259401576,0.00686765360274935,0.008491015818286216,0.013502312799667923,0.0,0.0,0.0,0.0,0.0,off,off,off,off,off
54.52499999999871,0.27262499999999357,7.4324390624999,-15.655151186282637,-13.738715792993048,-13.134373793118186,-13.738712349107686,-15.65514447131136,-18.46208784193803,-18.46207878924696,0.6785072214304301,0.6859005995567439,0.6880758788931329,0.6859006128953917,0.6785072478520329,0.01384356824618534,0.00875408099654746,0.007105717899211174,0.008754068404186877,0.013843543340528537,0.0,0.0,0.0,0.0,0.0,off,off,off,off,off
54.7749999999987,0.2738749999999935,7.500751562499898,-15.623836586805908,-13.69688731908957,-13.089131558577662,-13.696883882994427,-15.623829886387512,-18.445354827638994,-18.4453457935399,0.6786203652922171,0.6860728638607494,0.6882664210640839,0.6860728772321326,0.6786203917721437,0.01418820691038181,0.009019774005729649,0.007346084120977914,0.009019761261108428,0.014188181729471392,0.0,0.0,0.0,0.0,0.0,off,off,off,off,off
55.024999999998684,0.2751249999999934,7.569376562499897,-15.592402998073794,-13.654922935159107,-13.043747422941806,-13.654919506824058,-15.592396312172411,-18.428524179505445,-18.42851516396533,0.6787291876206929,0.6862411258829331,0.6884531319541084,0.6862411392874045,0.6787292141593487,0.014536211554286617,0.00928809446430647,0.007588671046203578,0.009288081566544069,0.01453618609852571,0.0,0.0,0.0,0.0,0.0,off,off,off,off,off
55.27499999999867,0.2763749999999934,7.638314062499895,-15.560850387337723,-13.612822729737502,-12.998221556559372,-13.612819309147426,-15.560843715922033,-18.411595773570866,-18.411586776556845,0.6788337101620376,0.686405429252913,0.6886360348822543,0.6864054426884914,0.6788337367602247,0.014887564139245557,0.009559000867929823,0.007833452421478902,0.009558987820038353,0.014887538407438403,0.0,0.0,0.0,0.0,0.0,off,off,off,off,off
55.524999999998656,0.2776249999999933,7.707564062499893,-15.529178722356733,-13.570586777345909,-12.95255412631991,-13.570583364481479,-15.52917206539064,-18.394569486537392,-18.394560508016554,0.678933952179652,0.6865658289287917,0.6888151500952342,0.6865658423945238,0.6789339788383267,0.015242257020294286,0.00983239623054023,0.00808041858724571,0.009832383036746571,0.015242231010643962,0.0,0.0,0.0,0.0,0.0,off,off,off,off,off
55.77499999999864,0.2788749999999932,7.777126562499892,-15.497387970712623,-13.528215167520216,-12.906745295014616,-13.52821176236489,-15.497381328166057,-18.377445195770434,-18.37743623570995,0.6790299322761286,0.6867223574140954,0.6889904977278271,0.6867223709101536,0.6790299589962643,0.015600285923358095,0.010108221804640643,0.008329562779509733,0.010108208465646371,0.015600259633893105,0.0,0.0,0.0,0.0,0.0,off,off,off,off,off
56.02499999999863,0.28012499999999313,7.84700156249989,-15.46547809954825,-13.485707993159338,-12.860795221311378,-13.48570459568441,-15.465471471388355,-18.36022277929183,-18.360213837658705,0.6791216691115517,0.6868750382574407,0.6891620986175474,0.6868750517843779,0.6791216958941216,0.015961647041796784,0.01038645446969994,0.008580877127531675,0.010386440984681018,0.015961620470541015,0.0,0.0,0.0,0.0,0.0,off,off,off,off,off
56.27499999999861,0.28137499999999305,7.9171890624998875,-15.433449075326735,-13.443065347251263,-12.814704059664791,-13.443061957434963,-15.433442461518098,-18.342902115770784,-18.34289319253216,0.6792091816683057,0.6870238925662411,0.6893299744671642,0.6870239061246806,0.6792092085142676,0.016326335914123153,0.010667082986894623,0.008834351654387103,0.010667069354575705,0.016326309059158186,0.0,0.0,0.0,0.0,0.0,off,off,off,off,off
56.5249999999986,0.282624999999993,7.987689062499887,-15.4013008636486,-13.40028732148221,-12.768471960230784,-13.400283939303051,-15.401294264157968,-18.32548308451382,-18.32547417963687,0.6792924893318554,0.6871689411754733,0.6894941478163539,0.6871689547660378,0.6792925162421348,0.016694347032649538,0.010950098704221275,0.009089974178605317,0.010950084923250591,0.0166943198921337,0.0,0.0,0.0,0.0,0.0,off,off,off,off,off
56.774999999998585,0.28387499999999294,8.058501562499885,-15.369033429099034,-13.35737400553154,-12.72209906880272,-13.357370630970763,-15.369026843900599,-18.307965565453628,-18.307956678905498,0.6793716118985853,0.6873102053459241,0.6896546419645305,0.6873102189692057,0.679371638874061,0.017065673745899675,0.011235492436216764,0.009347730466784035,0.011235478505288183,0.017065646318070476,0.0,0.0,0.0,0.0,0.0,off,off,off,off,off
57.02499999999857,0.28512499999999286,8.129626562499881,-15.336646735159832,-13.314325486648102,-12.67558552674069,-13.314322119678991,-15.336640164225003,-18.29034943913689,-18.290340570884837,0.6794465695561119,0.687447706952686,0.6898114808877236,0.6874477206092694,0.6794465965976475,0.017440308275074125,0.01152325351861579,0.009607604438891077,0.011523239436503052,0.017440280558244967,0.0,0.0,0.0,0.0,0.0,off,off,off,off,off
57.274999999998556,0.2863749999999928,8.20106406249988,-15.304140744091455,-13.271141849353398,-12.628931470966165,-13.271138489954637,-15.304134187389707,-18.272634586712,-18.2726257367232,0.6795173828548113,0.6875814685008866,0.689964689161345,0.6875814821913097,0.6795174099632549,0.017818241771237742,0.011813369610654212,0.009869578368114055,0.011813355376214363,0.01781821376379036,0.0,0.0,0.0,0.0,0.0,off,off,off,off,off
57.52499999999854,0.2876249999999927,8.272814062499878,-15.271515416893578,-13.227823175230014,-12.582137033934089,-13.227819823386426,-15.27150887438745,-18.25482088991572,-18.254812058157427,0.6795840726776234,0.6877115130866248,0.6901142918917511,0.6877115268113833,0.6795840998538233,0.018199464383701795,0.012105826743863781,0.01013363306025089,0.012105812356032785,0.018199436084079926,0.0,0.0,0.0,0.0,0.0,off,off,off,off,off
57.77499999999853,0.28887499999999267,8.344876562499875,-15.23877071320743,-13.184369542779734,-12.535202343630885,-13.184366198469775,-15.23876418487032,-18.236908231060056,-18.23689941749953,0.6796466602113227,0.6878378643439492,0.6902603146563323,0.6878378781035308,0.6796466874560817,0.018583965328069985,0.012400609442845266,0.010399748010624855,0.012400594900630023,0.0185839367347733,0.0,0.0,0.0,0.0,0.0,off,off,off,off,off
58.02499999999851,0.2901249999999926,8.417251562499874,-15.205906587941854,-13.140781027251421,-12.488127523598962,-13.14077769045872,-15.205900073738746,-18.21889649301255,-18.218887697616907,0.6797051671449686,0.6879605463918497,0.6904027834512908,0.6879605601867078,0.6797051944589745,0.01897173278658887,0.012697700858414958,0.010667901540175419,0.012697686160885126,0.018971703898261794,0.0,0.0,0.0,0.0,0.0,off,off,off,off,off
58.2749999999985,0.2913749999999925,8.489939062499873,-15.172922954929788,-13.097057699740446,-12.440912692913798,-13.097054370451133,-15.172916454842039,-18.20078555901398,-18.20077678175059,0.6797596237401257,0.6880795837874183,0.6905417246533297,0.6880795976179798,0.679759651122362,0.019362743123894174,0.012997082893786023,0.010938070909509812,0.012997068040066806,0.019362713941918703,0.0,0.0,0.0,0.0,0.0,off,off,off,off,off
58.524999999998485,0.2926249999999924,8.56293906249987,-15.139819734779394,-13.05319962624418,-12.393557946033127,-13.053196304435005,-15.139813248776875,-18.182575312533373,-18.182566553369696,0.6798100687624092,0.6881950014842612,0.6906771766247093,0.6881950153509634,0.6798100962120485,0.019756945310378984,0.013298736318410012,0.011210218802314877,0.013298721307675662,0.01975691583803952,0.0,0.0,0.0,0.0,0.0,off,off,off,off,off
58.77499999999847,0.29387499999999234,8.636251562499869,-15.106596866502798,-13.009206867628109,-12.346063356083846,-13.009203553278383,-15.106590394566524,-18.16426563741848,-18.164256896321973,0.679856533184814,0.6883068247934259,0.6908091940063357,0.6883068386966845,0.6798565607019756,0.020154294925205898,0.013602640868873991,0.011484257688816403,0.013602625700341455,0.020154265163626655,0.0,0.0,0.0,0.0,0.0,off,off,off,off,off
59.02499999999846,0.2951249999999923,8.709876562499867,-15.073254294218316,-12.965079480415,-12.298429009519623,-12.965076173504826,-15.073247836309463,-18.145856417953723,-18.145847694891785,0.6798990419346709,0.6884150793466286,0.6909378132528285,0.6884150932868451,0.6798990695200153,0.02055476540631889,0.01390877533775948,0.011760121202508762,0.013908760010684078,0.020554735354945976,0.0,0.0,0.0,0.0,0.0,off,off,off,off,off
59.27499999999844,0.29637499999999223,8.783814062499864,-15.03979196401491,-12.920817508165499,-12.250654995739922,-12.920814208679701,-15.039785520107444,-18.127347538877984,-18.1273388338181,0.6799376173338911,0.6885197940007824,0.6910630617244854,0.6885198079774782,0.6799376449882396,0.020958339797912083,0.014217114940842495,0.012037776323098348,0.01421709945548142,0.020958309455434143,0.0,0.0,0.0,0.0,0.0,off,off,off,off,off
59.52499999999843,0.29762499999999215,8.858064062499862,-15.006209821870755,-12.876420961223687,-12.202741402076128,-12.876417669144416,-15.00620339193847,-18.108738885386202,-18.108730198295945,0.6799722807735912,0.6886210152989846,0.6911849641880721,0.6886210293107528,0.6799723084978345,0.021365004883298098,0.014527601493460942,0.012317201951098249,0.014527585853442555,0.02136497424811951,0.0,0.0,0.0,0.0,0.0,off,off,off,off,off
59.774999999998414,0.29887499999999206,8.93262656249986,-14.972507813018296,-12.831889863119898,-12.154688312522126,-12.83188657843732,-14.97250139703084,-18.090030343121526,-18.090021673968522,0.6800030534374442,0.6887187846206433,0.6913035449618209,0.6887187986672346,0.6800030812325016,0.02177474845387346,0.014840163783581224,0.012598379877079423,0.014840147990793506,0.021774717524322307,0.0,0.0,0.0,0.0,0.0,off,off,off,off,off
60.05,0.3,9.015000000000338,-14.93530471069613,-12.78275795982131,-12.101676575191675,-12.782754683252733,-14.935298310020073,-18.069335948116162,-18.069327298656845,0.6801156439983319,0.6889049607854216,0.6915127104121497,0.6889049748704393,0.6801156718717667,0.022228922628365573,0.015186270508169095,0.012909625705461083,0.015186254547304249,0.022228891373173926,0.0,0.0,0.0,0.0,0.0,off,off,off,off,off
60.3249999999984,0.3,9.097499999999865,-14.898317036255946,-12.733828650355917,-12.04886058601312,-12.733825381871043,-14.898310650842177,-18.04852176729503,-18.048513137490318,0.6805936243461582,0.689454271113552,0.692084961024313,0.6894542852366059,0.6805936522967652,0.022686569327977663,0.015534601730821352,0.01322274731626503,0.015534585600939363,0.02268653774524997,0.0,0.0,0.0,0.0,0.0,off,off,off,off,off
60.57499999999838,0.3,9.172499999999868,-14.865020883030695,-12.68968315091604,-12.001175932930721,-12.68967988976192,-14.865014511447782,-18.02949847528572,-18.029489863314552,0.681018044812841,0.6899439255082552,0.6925955965759477,0.6899439396664105,0.6810180728345097,0.023105013509933568,0.015852666517842822,0.013508526917232698,0.01585265023339499,0.02310498162811665,0.0,0.0,0.0,0.0,0.0,off,off,off,off,off
60.82499999999837,0.3,9.24749999999987,-14.832018250277542,-12.64585455666247,-11.953803824520207,-12.645851302810797,-14.83201189249013,-18.01038200422056,-18.010373410050505,0.6814331789564176,0.6904245976338127,0.693097364295435,0.6904246118275554,0.6814332070498937,0.023525331775703717,0.016171716897659682,0.013795042268064583,0.01617170045786139,0.023525299593806327,0.0,0.0,0.0,0.0,0.0,off,off,off,off,off
61.074999999998354,0.3,9.322499999999874,-14.799292661449613,-12.60234082521589,-11.906743728965637,-12.602337578645802,-14.799286317411486,-17.99117499595593,-17.99116641955456,0.68183931056859,0.6908965274050864,0.6935905021526579,0.6908965416348475,0.6818393387346008,0.023947306833547965,0.01649155330903449,0.01408209002452908,0.016491536713184065,0.023947274350714996,0.0,0.0,0.0,0.0,0.0,off,off,off,off,off
61.32499999999834,0.3,9.397499999999877,-14.766828935650494,-12.559139493126565,-11.859994987972584,-12.559136253810038,-14.766822605328514,-17.971879964270414,-17.971871405605185,0.6822367012933621,0.6913599397628327,0.6940752327867997,0.6913599540290268,0.6822367295325551,0.024370768120330833,0.016812013757454572,0.014369501765016213,0.01681199700493863,0.024370735335818954,0.0,0.0,0.0,0.0,0.0,off,off,off,off,off
61.574999999998326,0.3,9.47249999999988,-14.734613070152022,-12.516247742962378,-11.813556801253696,-12.516244510876504,-14.734606753508274,-17.952499304295088,-17.9524907633334,0.6826255963379905,0.6918150483436663,0.6945517667038429,0.6918150626466607,0.6826256246509904,0.02479557242143632,0.017132959893762532,0.014657132786523815,0.017132942984051946,0.024795539334597504,0.0,0.0,0.0,0.0,0.0,off,off,off,off,off
61.82499999999831,0.3,9.547499999999882,-14.702632135347073,-12.473662462268464,-11.76742821661503,-12.473659237397499,-14.702625832343358,-17.933035301112653,-17.933026777821823,0.6830062274689838,0.6922620572796884,0.6950203040242153,0.6922620716198014,0.6830062558563844,0.025221594830678824,0.01745427065362058,0.014944856775174648,0.01745425358626242,0.025221561440947185,0.0,0.0,0.0,0.0,0.0,off,off,off,off,off
62.0749999999983,0.3,9.622499999999885,-14.670874180289388,-12.43138029488125,-11.72160812434953,-12.431377077205866,-14.670867890886711,-17.9134901376093,-17.91348163195687,0.6833788147873623,0.6927011622446134,0.6954810356467123,0.6927011766221477,0.6833788432497311,0.025648724139637712,0.017775838872655932,0.015232562694844099,0.0177758216472661,0.025648690446519677,0.0,0.0,0.0,0.0,0.0,off,off,off,off,off
62.32499999999828,0.3,9.697499999999888,-14.639328147375352,-12.389397685441224,-11.676095255010807,-12.389394474934534,-14.639321871537163,-17.893865901652873,-17.89385741360607,0.6837435679296597,0.6931325511782226,0.6959341441424974,0.6931325655934776,0.683743596467532,0.026076860215463207,0.01809756914951809,0.015520152608146645,0.018097551765772508,0.026076826218529244,0.0,0.0,0.0,0.0,0.0,off,off,off,off,off
62.57499999999827,0.3,9.77249999999989,-14.607983795140171,-12.347710917859445,-11.630888179829299,-12.347707714503201,-14.607977532829693,-17.87416459265981,-17.87415612218598,0.6841006869795633,0.6935564048580853,0.6963798044975053,0.6935564193113157,0.6841007155934539,0.026505912310069324,0.018419376284651418,0.015807539960607506,0.018419358742279106,0.026505878008946136,0.0,0.0,0.0,0.0,0.0,off,off,off,off,off
62.824999999998255,0.3,9.847499999999894,-14.576831628291586,-12.306316148594476,-11.585985313342462,-12.30631295236293,-14.576825379476247,-17.85438812760958,-17.85437967467604,0.6844503632181824,0.6939728973859304,0.6968181847515456,0.6939729118773929,0.6844503919085729,0.026935797834758062,0.018741184026359204,0.016094648146604582,0.01874116632513697,0.02693576322912329,0.0,0.0,0.0,0.0,0.0,off,off,off,off,off
63.07499999999824,0.3,9.922499999999896,-14.545862834249817,-12.265209435262136,-11.541384917699588,-12.265206246139257,-14.545856598892158,-17.834538346556542,-17.83452991113049,0.6847927797721757,0.6943821966177434,0.6972494465577023,0.6943822111476521,0.6847928085395444,0.027366441391111152,0.019062924011323562,0.016381409278455387,0.019062906151070168,0.027366406480687746,0.0,0.0,0.0,0.0,0.0,off,off,off,off,off
63.32499999999823,0.3,9.9974999999999,-14.51506922553068,-12.22438676135448,-11.497085108254225,-12.224383579311052,-14.515063003597618,-17.814617017685975,-17.814608599734697,0.6851281121887707,0.6947844645505277,0.6976737456757568,0.6947844791191179,0.6851281410335669,0.027797773961260677,0.019384534847392266,0.016667763117883677,0.019384516827963605,0.027797738745811797,0.0,0.0,0.0,0.0,0.0,off,off,off,off,off
63.57499999999821,0.3,10.072499999999902,-14.484443187401439,-12.183844057397835,-11.453083860229924,-12.183840882411516,-14.484436978858412,-17.794625841955195,-17.79461744144598,0.685456528953141,0.6951798576735951,0.698091232408951,0.695179872281069,0.6854565578758052,0.02822973221011676,0.01970596131068437,0.01695365614402701,0.019705943131969057,0.028229696689441922,0.0,0.0,0.0,0.0,0.0,off,off,off,off,off
63.8249999999982,0.3,10.147499999999905,-14.453977630291774,-12.143577219138933,-11.40937901604076,-12.14357405119074,-14.453971435106837,-17.774566457358134,-17.774558074258294,0.6857781919574513,0.6955685272887915,0.6985020519920849,0.6955685419353304,0.6857782209584022,0.028662257874219957,0.02002715363926771,0.01723904073884548,0.02002713530118392,0.02866222204815153,0.0,0.0,0.0,0.0,0.0,off,off,off,off,off
64.07499999999818,0.3,10.222499999999908,-14.423665946481321,-12.103582123103479,-11.365968293190406,-12.103578962171923,-14.423659764627757,-17.75444044284589,-17.754432077122715,0.6860932569279602,0.6959506198033747,0.6989063449368251,0.6959506344891575,0.6860932860075905,0.029095297222012775,0.020348066910397488,0.01752387447442274,0.020348048412889976,0.029095261090412772,0.0,0.0,0.0,0.0,0.0,off,off,off,off,off
64.32499999999817,0.3,10.29749999999991,-14.393501970700186,-12.063854639849637,-11.322849292471687,-12.063851485915905,-14.393495802146333,-17.73424932193484,-17.73424097355573,0.6864018738148588,0.696326276998548,0.6993042473398902,0.6963262917237348,0.686401902973564,0.029528800575192072,0.02066866049085184,0.01780811948904953,0.020668641833888918,0.029528764137949626,0.0,0.0,0.0,0.0,0.0,off,off,off,off,off
64.57499999999816,0.3,10.372499999999913,-14.363479944195603,-12.02439064527664,-11.280019506325289,-12.024387498316855,-14.363473788905537,-17.713994566029413,-17.713986234961737,0.6867041871489904,0.6966956362759789,0.6996958911587294,0.6966956510407363,0.6867042163871689,0.02996272188333615,0.020988897551520933,0.01809174194079133,0.020988878735091972,0.029962685140364244,0.0,0.0,0.0,0.0,0.0,off,off,off,off,off
64.82499999999814,0.3,10.447499999999916,-14.33359448199576,-11.985186030186071,-11.23747632727708,-11.985182890186081,-14.333588339938615,-17.693677597484992,-17.693669283696096,0.6870003363686338,0.6970588308846997,0.700081404458619,0.6970588456891594,0.6870003656866598,0.030397018345464735,0.02130874463860145,0.01837471152874263,0.021308725662714797,0.030396981296698492,0.0,0.0,0.0,0.0,0.0,off,off,off,off,off
65.07499999999813,0.3,10.52249999999992,-14.303840543037722,-11.946236708380184,-11.195217056338038,-11.946233575316569,-14.303834414186042,-17.673299792432687,-17.67329149589,0.687290456119371,0.6974159901301781,0.7004609116347532,0.6974160049744893,0.6872904855176007,0.030831650073157604,0.0216281712947075,0.018657001073433457,0.021628152159388587,0.030831612718552625,0.0,0.0,0.0,0.0,0.0,off,off,off,off,off
65.32499999999811,0.3,10.597499999999922,-14.274213402923408,-11.907538623445362,-11.15323891124143,-11.907535497303172,-14.274207287237857,-17.652862483388134,-17.652854204059167,0.6875746765295655,0.697767239567426,0.7008345336124924,0.6977672544517087,0.6875747060083818,0.03126657979056721,0.02194714972402259,0.018938586148944832,0.021947130429312574,0.03126654213009736,0.0,0.0,0.0,0.0,0.0,off,off,off,off,off
65.5749999999981,0.3,10.672499999999925,-14.244708629000854,-11.869087754452892,-11.111539034495934,-11.869084635212744,-14.244702526449942,-17.632366961661205,-17.63235869951336,0.6878531234639226,0.698112701179543,0.7012023880283538,0.6981127161039233,0.6878531530236797,0.03170177256722371,0.022265654496320342,0.019219444760240706,0.022265635042274464,0.03170173460087986,0.0,0.0,0.0,0.0,0.0,off,off,off,off,off
65.82499999999808,0.3,10.747499999999928,-14.215322057627816,-11.830880120662755,-11.070114501205808,-11.830877008304242,-14.215315968182892,-17.61181447958475,-17.61180623458546,0.688125918757012,0.6984524935432398,0.7015645893940382,0.6984525085078409,0.6881259483980481,0.03213719558001045,0.0225836622852935,0.019499557060050472,0.022583642671979744,0.03213715730779891,0.0,0.0,0.0,0.0,0.0,off,off,off,off,off
66.07499999999807,0.3,10.82249999999993,-14.186049773365482,-11.792911785412457,-11.028962326608848,-11.792908679916081,-14.18604369699949,-17.591206252577308,-17.591198024693938,0.6883931804287552,0.698786731982449,0.7019212492455827,0.6987867469873864,0.6883932101513986,0.032572817901091906,0.022901151637172622,0.019778905100353072,0.022901131864670413,0.03257277932303429,0.0,0.0,0.0,0.0,0.0,off,off,off,off,off
66.32499999999806,0.3,10.897499999999933,-14.15688808994122,-11.75517885929031,-10.988079473286064,-11.75517576063487,-14.156882026624544,-17.570543461053603,-17.570535250253727,0.6886550228835139,0.6991155287111545,0.7022724762794422,0.6991155437565437,0.6886550526880955,0.033008610308943434,0.023218102766088138,0.020057472614144114,0.02321808283448756,0.033008571425075184,0.0,0.0,0.0,0.0,0.0,off,off,off,off,off
66.57499999999804,0.3,10.972499999999936,-14.127833532817874,-11.717677502669972,-10.947462858064569,-11.717674410840743,-14.127827482516125,-17.54982725219648,-17.549819058447582,0.6889115570942828,0.6994389929665029,0.7026183764769387,0.6994390080524372,0.6889115869811406,0.03344454511994034,0.023534497373049863,0.020335244823710574,0.02353447728245095,0.033444505930309475,0.0,0.0,0.0,0.0,0.0,off,off,off,off,off
66.82499999999803,0.3,11.047499999999939,-14.09888282324573,-11.680403927743612,-10.907109358567311,-11.680400842723941,-14.098876785933385,-17.529058741600068,-17.529050564869664,0.689162890773276,0.6997572311329261,0.7029590532185193,0.6997572462594991,0.6891629207427179,0.033880596038250395,0.023850318485784616,0.020612208272116794,0.0238502982362963,0.033880556542916565,0.0,0.0,0.0,0.0,0.0,off,off,off,off,off
67.07499999999801,0.3,11.122499999999942,-14.070032863626295,-11.64335440007244,-10.867015819431174,-11.643351321841521,-14.070026839275897,-17.5082390147968,-17.508230855052545,0.6894091285302415,0.7000703468582394,0.7032946073889215,0.7000703620255541,0.6894091585825765,0.03431673802202087,0.024165550316996128,0.02088835067502269,0.024165529908736206,0.034316698221055666,0.0,0.0,0.0,0.0,0.0,off,off,off,off,off
67.324999999998,0.3,11.197499999999945,-14.041280724108276,-11.606525239747327,-10.827179058145987,-11.606522168296351,-14.041274712692314,-17.48736912867642,-17.487360985885857,0.6896503720194864,0.7003784411623406,0.7036251374743929,0.7003784563704615,0.689650402155019,0.034752947164073275,0.024480178138903234,0.021163660790315706,0.024480157571997313,0.034752907057558985,0.0,0.0,0.0,0.0,0.0,off,off,off,off,off
67.57499999999798,0.3,11.272499999999948,-14.012623630278142,-11.569912822237143,-10.787595870577775,-11.569909757550363,-14.01261763177547,-17.466450112806257,-17.46644198693707,0.689886720076684,0.7006816125390939,0.7039507396527052,0.7006816277881016,0.6898867502956968,0.03518920058551379,0.024794188172154914,0.02143812830335455,0.024794167446736064,0.035189160173542657,0.0,0.0,0.0,0.0,0.0,off,off,off,off,off
67.82499999999797,0.3,11.34749999999995,-13.984058951876818,-11.533513578928478,-10.74826303612457,-11.53351052098401,-13.984052966255206,-17.445482970660805,-17.445474861680793,0.6901182688462784,0.7009799570521005,0.7042715078768895,0.7009799723420898,0.6901182991490802,0.03562547634084448,0.025107567487454546,0.021711743725902274,0.025107546603662777,0.0356254356235189,0.0,0.0,0.0,0.0,0.0,off,off,off,off,off
68.07499999999796,0.3,11.422499999999953,-13.955584192424908,-11.497323997419358,-10.709177322560947,-11.49732094619634,-13.955578219651272,-17.424468680768058,-17.424460588644962,0.690345111900367,0.7012735684248179,0.704587533953254,0.7012735837558778,0.6903451422872664,0.03606175333331635,0.025420303918412226,0.02198449830706619,0.025420282876393308,0.03606171231074741,0.0,0.0,0.0,0.0,0.0,off,off,off,off,off
68.32499999999794,0.3,11.497499999999956,-13.927196979685107,-11.4613406216248,-10.67033549053275,-11.461337577112772,-13.927191019733812,-17.40340819777859,-17.40340012248018,0.6905673403497682,0.7015625381254346,0.7048989076144114,0.7015625534976215,0.6905673708210466,0.03649801123939967,0.02573238598432296,0.02225638395476958,0.02573236478422895,0.036497969911707145,0.0,0.0,0.0,0.0,0.0,off,off,off,off,off
68.57499999999793,0.3,11.572499999999959,-13.898895056913886,-11.4255600517007,-10.631734297758442,-11.425557013874368,-13.898889109756794,-17.38230245346429,-17.382294394958365,0.6907850429478563,0.7018469554469868,0.7052057165877157,0.7018469708603959,0.690785073503801,0.03693423044137467,0.026043802821720252,0.022527393166471017,0.026043781463708924,0.03693418880868726,0.0,0.0,0.0,0.0,0.0,off,off,off,off,off
68.82499999999791,0.3,11.647499999999962,-13.870676274796608,-11.389978943800827,-10.59337050291407,-11.389975912653199,-13.870670340400522,-17.361152357651946,-17.3611443159063,0.6909983061878798,0.7021269075831419,0.7055080466596643,0.7021269230378152,0.6909983368287883,0.03737039196715456,0.026354544123685476,0.022797518967999517,0.026354522607920136,0.03737035002960872,0.0,0.0,0.0,0.0,0.0,off,off,off,off,off
69.0749999999979,0.3,11.722499999999965,-13.842538584035708,-11.35459400975418,-10.555240869245154,-11.35459098526286,-13.842532662381757,-17.339958799096678,-17.339950774079284,0.6912072143942058,0.7024024796998026,0.7058059817365897,0.7024024951958227,0.6912072451203309,0.03780647743654732,0.02666460008601911,0.02306675485952298,0.026664578412668432,0.037806435194287516,0.0,0.0,0.0,0.0,0.0,off,off,off,off,off
69.32499999999789,0.3,11.797499999999967,-13.814480028546939,-11.319402016598303,-10.51734216787628,-11.319398998751808,-13.814474119601698,-17.31872264630036,-17.318714637979156,0.6914118498079601,0.7026737550030897,0.7060996039021055,0.7026737705405038,0.6914118806195924,0.03824246901325307,0.026973961359478174,0.023335094767782425,0.026973939528715626,0.038242426466431514,0.0,0.0,0.0,0.0,0.0,off,off,off,off,off
69.57499999999787,0.3,11.87249999999997,-13.786498739137187,-11.28439978604996,-10.479671180882804,-11.28439677483027,-13.786492842876442,-17.297444748278565,-17.297436756621465,0.6916122926677154,0.7029408148037928,0.7063889934714739,0.7029408303826666,0.691612323565117,0.038678349361968636,0.02728261900737982,0.023602533003835358,0.027282597019383556,0.038678306510744914,0.0,0.0,0.0,0.0,0.0,off,off,off,off,off
69.82499999999786,0.3,11.947499999999973,-13.758592927744246,-11.249584193890485,-10.442224704097612,-11.249581189281969,-13.758587044143269,-17.27612593528056,-17.276117960255704,0.6918086212852843,0.7032037385786672,0.7066742290432944,0.7032037541990563,0.6918086522687152,0.039114101610041044,0.027590564467951998,0.02386906422564526,0.027590542322905018,0.03911405845458223,0.0,0.0,0.0,0.0,0.0,off,off,off,off,off
70.07499999999784,0.3,12.022499999999976,-13.73076088207722,-11.214952169315097,-10.404999549686806,-11.214949171309343,-13.730755011111853,-17.25476701946613,-17.25475906104151,0.6920009121173075,0.7034626040286859,0.7069553875486824,0.7034626196906231,0.6920009431870233,0.03954970931317268,0.027897789520886607,0.024134683404936182,0.027897767218976313,0.03954966585365265,0.0,0.0,0.0,0.0,0.0,off,off,off,off,off
70.32499999999783,0.3,12.097499999999979,-13.703000960704912,-11.180500694227305,-10.367992548506606,-11.180497702801404,-13.702995102341447,-17.23336879554131,-17.2333608536851,0.6921892398327432,0.7037174871345606,0.7072325442981617,0.7037175028381183,0.6921892709890225,0.03998515642473402,0.028204286257608378,0.024399385797801213,0.028204263799026533,0.03998511266133372,0.0,0.0,0.0,0.0,0.0,off,off,off,off,off
70.57499999999781,0.3,12.172499999999982,-13.675311588490842,-11.146226802474018,-10.331200552233213,-11.146223817622626,-13.675305742709156,-17.21193204135801,-17.211924116038347,0.6923736773767329,0.7039684622097467,0.7075057730265166,0.7039684779549447,0.6923737086198143,0.04042042726829083,0.02851004705483554,0.024663166918618928,0.028510024439777848,0.0404203832011976,0.0,0.0,0.0,0.0,0.0,off,off,off,off,off
70.8249999999978,0.3,12.247499999999985,-13.647691252417701,-11.112127579072649,-10.294620432036481,-11.112124600771779,-13.647685419194374,-17.190457518477928,-17.190449609663006,0.69255429603093,0.7042156019509896,0.7077751476706325,0.7042156177378972,0.6925543273610569,0.04085550651299352,0.02881506455105256,0.024926021090387596,0.0288150417797188,0.04085546214240174,0.0,0.0,0.0,0.0,0.0,off,off,off,off,off
71.07499999999779,0.3,12.322499999999987,-13.620138497693688,-11.078200158982554,-10.258249068126247,-11.078197187214187,-13.62013267700263,-17.168945972705757,-17.168938080363972,0.6927311654707401,0.7044589774878213,0.7080407525094233,0.704458993316491,0.6927311968881612,0.04129037915151686,0.029119331625559037,0.025187921310158408,0.02911930869815228,0.041290334477627026,0.0,0.0,0.0,0.0,0.0,off,off,off,off,off
71.32499999999777,0.3,12.39749999999999,-13.592651924150005,-11.044441726258754,-10.22208337435768,-11.044438761012032,-13.592646115960747,-17.147398134592095,-17.1473902586917,0.6929043538196226,0.7046986584288761,0.7083026644112816,0.7046986742993362,0.6929043853245965,0.04172503048026961,0.029422841379791377,0.025448836497024296,0.029422818296518667,0.04172498550328863,0.0,0.0,0.0,0.0,0.0,off,off,off,off,off
71.57499999999776,0.3,12.472499999999993,-13.565230182922278,-11.010849513563471,-10.18612029728422,-11.01084655481884,-13.565224387210264,-17.125814719908817,-17.125806860418095,0.6930739277006045,0.7049347129052376,0.7085609516164447,0.7049347288175403,0.6930739592933693,0.042159446081627736,0.029725587120673618,0.025708756790162962,0.029725563881745756,0.04215940080176857,0.0,0.0,0.0,0.0,0.0,off,off,off,off,off
71.82499999999774,0.3,12.547499999999996,-13.537871973383858,-10.977420801419441,-10.150356814426118,-10.977417849163487,-13.537866190124873,-17.10419643009925,-17.104188586986652,0.6932399522852323,0.7051672076126357,0.7088156791413964,0.7051672235668135,0.6932399839660219,0.04259361180796884,0.030027562345765976,0.02596768098852723,0.030027538951397308,0.04259356622545007,0.0,0.0,0.0,0.0,0.0,off,off,off,off,off
72.07499999999773,0.3,12.622499999999999,-13.510576040311378,-10.944152917463214,-10.114789934561884,-10.944149971689683,-13.510570269482969,-17.08254395270501,-17.082536125939157,0.6934024913401279,0.7053962078519016,0.7090669103044617,0.7053962238479653,0.6934025231091707,0.043027513767311926,0.030328760730004466,0.026225610118159333,0.030328737180412936,0.043027467882358825,0.0,0.0,0.0,0.0,0.0,off,off,off,off,off
72.32499999999771,0.3,12.697500000000002,-13.483341171233974,-10.911043233072235,-10.0794166982908,-10.911040293761232,-13.483335412814313,-17.060857961770182,-17.060850151319755,0.6935616072714053,0.7056217783741955,0.7093147071845458,0.7056217944129067,0.6935616391289247,0.043461138310388614,0.030629175482828962,0.026482545497536078,0.03062915177757247,0.043461092123232285,0.0,0.0,0.0,0.0,0.0,off,off,off,off,off
72.5749999999977,0.3,12.772500000000004,-13.4561661936782,-10.878089152670327,-10.044234178035822,-10.878086219809234,-13.456160447636535,-17.03913911822474,-17.039131324058303,0.6937173611678168,0.705843989745294,0.7095591307615651,0.705844005828785,0.6937173931140568,0.043894472018984186,0.030928788093230915,0.02673848820491353,0.030928764227934342,0.043894425529861225,0.0,0.0,0.0,0.0,0.0,off,off,off,off,off
72.82499999999769,0.3,12.847500000000007,-13.42904997287576,-10.845288131948507,-10.009239478609686,-10.845285205521009,-13.429044239188386,-17.017388070246398,-17.017380292332575,0.6938698128411924,0.7060629094008544,0.7098002409599785,0.7060629255297539,0.693869844876375,0.04432750169540309,0.031227573987134705,0.02699343896581348,0.03122754995928453,0.04432745490455571,0.0,0.0,0.0,0.0,0.0,off,off,off,off,off
73.07499999999767,0.3,12.92250000000001,-13.40199140993792,-10.812637674501843,-9.974429738235244,-10.812634754491,-13.401985688584773,-16.995605453607595,-16.995597691914952,0.6940190208642391,0.7062785985940639,0.7100380966638663,0.7062786147683828,0.6940190529885748,0.04476021435295334,0.03152552084261169,0.027247398161762325,0.03152549665200581,0.044760167260629334,0.0,0.0,0.0,0.0,0.0,off,off,off,off,off
73.32499999999766,0.3,12.997500000000013,-13.374989439998217,-10.780135328613824,-9.939802129187285,-10.780132415002981,-13.374983730950987,-16.97379189200575,-16.97378414650325,0.6941650426071362,0.7064911157481506,0.7102727557263103,0.706491131967715,0.694165074820854,0.045192597207336004,0.031822622989047464,0.027500365870012398,0.031822598636286524,0.04519254981378909,0.0,0.0,0.0,0.0,0.0,off,off,off,off,off
73.57499999999764,0.3,13.072500000000016,-13.348043030445808,-10.747778685899505,-9.905353858275191,-10.747775778678715,-13.348037333680622,-16.95194799737982,-16.95194026803614,0.6943079342726665,0.7067005176492089,0.7105042749784515,0.7067005339137832,0.6943079665759819,0.04562463766884234,0.03211887694315542,0.027752341907527824,0.032118852429060374,0.04562458997433126,0.0,0.0,0.0,0.0,0.0,off,off,off,off,off
73.82499999999763,0.3,13.147500000000019,-13.321151179276171,-10.715565380239696,-9.871082167222198,-10.715562479392418,-13.321145494765574,-16.930074370212083,-16.930066656996246,0.6944477509298792,0.7069068598638715,0.7107327102396532,0.7069068761732449,0.6944477833230152,0.046056323335266144,0.03241427981473595,0.02800332587180427,0.03241425514015127,0.046056275340054915,0.0,0.0,0.0,0.0,0.0,off,off,off,off,off
74.07499999999762,0.3,13.222500000000021,-13.294312913567012,-10.683493086887154,-9.836984332952113,-10.683490192395197,-13.294307241284741,-16.908171599817024,-16.90816390269805,0.6945845465463215,0.7071101968925233,0.7109581163290207,0.7071102132465074,0.6945845790294929,0.04648764198545689,0.032708828778067925,0.028253317176871972,0.03270880394380003,0.04648759368981451,0.0,0.0,0.0,0.0,0.0,off,off,off,off,off
74.3249999999976,0.3,13.297500000000024,-13.267527288031488,-10.651559521604156,-9.803057667836583,-10.651556633463201,-13.267521627960605,-16.886240264617697,-16.886232583564322,0.6947183740190304,0.7073105822314671,0.711180547078035,0.7073105986298573,0.694718406592426,0.04691858157344308,0.033002520911186634,0.028502315084517397,0.033002495917989386,0.04691853297764405,0.0,0.0,0.0,0.0,0.0,off,off,off,off,off
74.57499999999759,0.3,13.372500000000027,-13.24079338370143,-10.619762439863052,-9.769299519844083,-10.619759558066903,-13.240787735811352,-16.864280932410907,-16.864273267392093,0.6948492852041963,0.7075080684038831,0.711400055344294,0.7075080848464985,0.6948493178680386,0.047349130223064854,0.03329535316004138,0.02875031873118757,0.033295328008615226,0.04734908132738886,0.0,0.0,0.0,0.0,0.0,off,off,off,off,off
74.82499999999757,0.3,13.44750000000003,-13.21411030664882,-10.588099636073878,-9.735707272647176,-10.588096760600365,-13.214104670919141,-16.842294160620952,-16.84228651160572,0.6949773309457904,0.7077027069803922,0.711616693026018,0.7077027234671173,0.6949773637002719,0.047779276223059074,0.033587322343484195,0.028997327151119648,0.03358729703448086,0.04777922702779076,0.0,0.0,0.0,0.0,0.0,off,off,off,off,off
75.07499999999756,0.3,13.522500000000033,-13.187477186844376,-10.556568942798265,-9.70227834567487,-10.55656607364216,-13.187471563252473,-16.820280496543944,-16.8202728635016,0.6951025611029441,0.707894548596441,0.7118305110771957,0.7078945651271268,0.6951025939482606,0.04820900802255065,0.03387842517021891,0.02924333929620023,0.03387839970424614,0.04820895852797965,0.0,0.0,0.0,0.0,0.0,off,off,off,off,off
75.32499999999754,0.3,13.597500000000036,-13.16089317706087,-10.52516823005493,-9.669010194114549,-10.525165367195484,-13.160887565571102,-16.798240477582112,-16.798232860481846,0.6952250245763618,0.708083642968582,0.7120415595232197,0.7080836595431373,0.6952250575127433,0.048638314226903706,0.03416865825796445,0.029488354053002402,0.034168632635591764,0.04863826443332422,0.0,0.0,0.0,0.0,0.0,off,off,off,off,off
75.57499999999753,0.3,13.672500000000039,-13.134357451843812,-10.493895404556667,-9.635900308862858,-10.493892547981716,-13.134351852436623,-16.776174631469416,-16.776167030280476,0.695344769333758,0.708270038910861,0.7122498874768912,0.7082700555291833,0.6953448023613855,0.0490671835938962,0.03445801815169163,0.02973237025739173,0.03445799237345474,0.049067133501606776,0.0,0.0,0.0,0.0,0.0,off,off,off,off,off
75.82499999999752,0.3,13.747500000000041,-13.1078692065812,-10.46274840906051,-9.602946216463181,-10.462745558750953,-13.10786361924005,-16.75408347648829,-16.754075891179866,0.6954618424342563,0.7084537843509934,0.7124555431545894,0.7084538010130086,0.695461875553302,0.049495605030182854,0.03474650134005212,0.029975386707038892,0.034746475406457665,0.049495554639487495,0.0,0.0,0.0,0.0,0.0,off,off,off,off,off
76.0749999999975,0.3,13.822500000000044,-13.081427656604603,-10.431725221638715,-9.57014547894778,-10.431722377588017,-13.08142208130198,-16.731967521679167,-16.731959952220507,0.6955762900519865,0.7086349263468874,0.7126585738927509,0.7086349430524966,0.6955763232626507,0.04992356758801529,0.03503410426988277,0.030217402172128715,0.03503407818141217,0.049923516899223086,0.0,0.0,0.0,0.0,0.0,off,off,off,off,off
76.32499999999749,0.3,13.897500000000047,-13.05503203634396,-10.400823855069234,-9.537495693728488,-10.40082101726631,-13.055026473059968,-16.70982726704142,-16.709819713402112,0.6956881574988382,0.7088135111029135,0.7128590261641861,0.7088135278520383,0.6956881908012957,0.05035106046219287,0.035320823358903165,0.030458415404519438,0.035320797116016156,0.05035100947561688,0.0,0.0,0.0,0.0,0.0,off,off,off,off,off
76.57499999999747,0.3,13.97250000000005,-13.028681598570017,-10.370042356158649,-9.50499449337758,-10.370039524589401,-13.028676047279816,-16.687663203729073,-16.687655665878538,0.6957974892463081,0.7089895839863971,0.7130569455946115,0.7089896007789741,0.6957975226407457,0.05077807298721856,0.035606655006791374,0.03069842514556687,0.03560662860992918,0.050778021703176836,0.0,0.0,0.0,0.0,0.0,off,off,off,off,off
76.82499999999746,0.3,14.047500000000053,-13.002375613634513,-10.339378805115302,-9.472639545440757,-10.339375979765009,-13.002370074313149,-16.665475814238164,-16.665468292145874,0.6959043289467308,0.7091631895439419,0.7132523769789614,0.7091632063799145,0.6959043624333341,0.05120459463464016,0.03589159560482536,0.030937430132800165,0.03589156905441205,0.05120454305345505,0.0,0.0,0.0,0.0,0.0,off,off,off,off,off
77.07499999999744,0.3,14.122500000000056,-12.976113368805557,-10.308831314947042,-9.4404285521818,-10.308828495809394,-12.97610784142222,-16.64326557258812,-16.64325806622395,0.6960087194536336,0.70933437151762,0.7134453642977125,0.7093343883969129,0.696008753032601,0.051630615010555325,0.036175641544262546,0.031175429105611913,0.036175614840708456,0.051630563132553514,0.0,0.0,0.0,0.0,0.0,off,off,off,off,off
77.32499999999743,0.3,14.197500000000058,-12.949894167602963,-10.278398030848791,-9.408359250340538,-10.278395217906223,-12.949888652137133,-16.621032944498722,-16.621025453832146,0.6961107028415187,0.7095031728610804,0.7136359507329625,0.7095031897836545,0.6961107365130169,0.052056123853266266,0.03645878922361556,0.03141242081009801,0.03645876236731877,0.052056071678778654,0.0,0.0,0.0,0.0,0.0,off,off,off,off,off
77.57499999999742,0.3,14.272500000000061,-12.923717329199576,-10.248077129629962,-9.376429410847436,-10.248074322869627,-12.923711825630733,-16.59877838755949,-16.598770912560155,0.6962103204249018,0.7096696357554084,0.713824178684398,0.7096696527212141,0.6962103541890965,0.05248111103106553,0.03674103505495968,0.031648404003170864,0.036741008046307776,0.05248105856042749,0.0,0.0,0.0,0.0,0.0,off,off,off,off,off
77.8249999999974,0.3,14.347500000000064,-12.897582187872615,-10.217866819126357,-9.344636838535735,-10.217864018542286,-12.897576696181375,-16.576502351394936,-16.57649489203277,0.696307612776685,0.7098338016248551,0.7140100897850091,0.7098338186338272,0.6963076466337362,0.05290556654014272,0.037022375469393506,0.03188337745604482,0.03702234830876526,0.05290551377369404,0.0,0.0,0.0,0.0,0.0,off,off,off,off,off
78.07499999999739,0.3,14.422500000000067,-12.871488092428194,-10.187765337656629,-9.312979371814663,-10.187762543234271,-12.87148261259091,-16.55420527782445,-16.55419783406927,0.6964026197460886,0.7099957111522545,0.7141937249166493,0.7099957282043526,0.696402653696165,0.053329480502597525,0.037302806921758046,0.0321173399571853,0.03730277960952479,0.0533294274406824,0.0,0.0,0.0,0.0,0.0,off,off,off,off,off
78.32499999999737,0.3,14.49750000000007,-12.845434405718095,-10.157770953463569,-9.281454882354183,-10.15776816519093,-12.845428937713166,-16.531887601017672,-16.531880172839124,0.69649538047584,0.7101554042942674,0.7143751242252707,0.7101554213894475,0.6964954145191027,0.053752843164548744,0.03758232589470724,0.03235029031479659,0.037582298431234014,0.05375278980751545,0.0,0.0,0.0,0.0,0.0,off,off,off,off,off
78.57499999999736,0.3,14.572500000000073,-12.819420504165407,-10.127881964176936,-9.250061274743246,-10.127879182040374,-12.819415047964014,-16.509549747645053,-16.50954233501318,0.6965859334188605,0.7103129202963466,0.7145543271359465,0.71031293743457,0.6965859675554879,0.05417564489433199,0.037860928902211564,0.032582227358914535,0.03786090128785782,0.0541755912425329,0.0,0.0,0.0,0.0,0.0,off,off,off,off,off
78.82499999999735,0.3,14.647500000000075,-12.79344577730734,-10.098096696302775,-9.218796486149984,-10.098093920287624,-12.793440332886917,-16.487192137024124,-16.487184739909026,0.6966743163544568,0.7104682977073845,0.714731372367586,0.7104683148886155,0.6966743505846072,0.05459787618077477,0.0381386124925654,0.03281314994316068,0.03813858472768582,0.05459782223456586,0.0,0.0,0.0,0.0,0.0,off,off,off,off,off
79.07499999999733,0.3,14.722500000000078,-12.76750962735565,-10.068413504689431,-9.187658485953875,-10.068410734787108,-12.767504194703179,-16.464815181262168,-16.46480779963389,0.696760566404022,0.7106215743941826,0.7149062979474264,0.7106215916183706,0.6967606007278263,0.055019527631542296,0.03841537325096029,0.03304305694620753,0.03841534533590576,0.05501947339128419,0.0,0.0,0.0,0.0,0.0,off,off,off,off,off
79.32499999999732,0.3,14.797500000000081,-12.741611468833185,-10.038830772058475,-9.156645275381948,-10.038828008259259,-12.741606047913876,-16.44241928539475,-16.442411919223275,0.6968447200461102,0.7107727875554862,0.7150791412252084,0.7107728048225838,0.6968447544637549,0.055440589971548465,0.038691207801679214,0.03327194727299464,0.03869117973679817,0.05544053543760564,0.0,0.0,0.0,0.0,0.0,off,off,off,off,off
79.5749999999973,0.3,14.872500000000084,-12.715750728145395,-10.009346908486691,-9.125754887139294,-10.009344150777736,-12.715745318946006,-16.420004847519806,-16.419997496775295,0.696926813131277,0.7109219737358967,0.7152499388870617,0.7109219910458656,0.696926847642889,0.05586105404142461,0.03896611280996153,0.03349981985573431,0.0389660845955997,0.05586099921416529,0.0,0.0,0.0,0.0,0.0,off,off,off,off,off
79.82499999999729,0.3,14.947500000000087,-12.689926843261333,-9.979960350931037,-9.09498538501731,-9.979957599301258,-12.689921445759808,-16.397572258929358,-16.39756492358208,0.6970068808962394,0.7110691688394023,0.7154187269691494,0.7110691861922,0.6970069155019658,0.05628091079604181,0.03924008498357529,0.03372667365473564,0.03924005662007665,0.05628085567583838,0.0,0.0,0.0,0.0,0.0,off,off,off,off,off
80.07499999999727,0.3,15.02250000000009,-12.664139263356105,-9.950669562760197,-9.064334863539159,-9.950666817195497,-12.664133877524534,-16.375121904237574,-16.37511458425763,0.6970849579777537,0.7112144081426317,0.7155855408709088,0.7112144255382232,0.697084992677756,0.05670015130308166,0.03951312107413947,0.03395250765907541,0.03951309256184598,0.056700095890309894,0.0,0.0,0.0,0.0,0.0,off,off,off,off,off
80.32499999999726,0.3,15.097500000000093,-12.638387448464186,-9.92147303323759,-9.033801442350011,-9.921470293728078,-12.638382074281651,-16.352654161504688,-16.352646856862464,0.6971610784261082,0.7113577263079685,0.7157504201690845,0.7113577437463069,0.6971611132205262,0.05711876674165012,0.03978521787822395,0.034177316619641795,0.03978518921747653,0.057118711036689626,0.0,0.0,0.0,0.0,0.0,off,off,off,off,off
80.57499999999725,0.3,15.172500000000095,-12.61267086919446,-9.89236927651939,-9.003383252535684,-9.892366543051423,-12.612665506640496,-16.330169402359104,-16.33016211302504,0.6972352757180899,0.7114991573977235,0.7159134219408778,0.7114991748787728,0.6972353106070601,0.05753674840093207,0.040056372238252085,0.03440105672805709,0.04005634342939118,0.057536692404166354,0.0,0.0,0.0,0.0,0.0,off,off,off,off,off
80.82499999999723,0.3,15.247500000000098,-12.586989006399222,-9.863356831230817,-8.973078465064873,-9.863354103792744,-12.58698365544933,-16.30766799211517,-16.307660718059935,0.6973075827697417,0.7116387348864796,0.7160745862253425,0.7116387524101968,0.6973076177534092,0.05795408767888317,0.040326581043221475,0.03462369468145366,0.04032655208658664,0.05795403139069952,0.0,0.0,0.0,0.0,0.0,off,off,off,off,off
81.07499999999722,0.3,15.322500000000101,-12.561341350883652,-9.834434260385478,-8.942885286218598,-9.834431538970591,-12.561336011511003,-16.285150289889827,-16.28514303108375,0.6973780319486825,0.7117764916722508,0.7162339439711403,0.7117765092385793,0.6973780670271964,0.058370776080955714,0.04059584122928566,0.03484522886376396,0.04059581212521679,0.058370719501744196,0.0,0.0,0.0,0.0,0.0,off,off,off,off,off
81.3249999999972,0.3,15.397500000000104,-12.535727403133365,-9.805600151117062,-8.912801953690234,-9.805597435715583,-12.535722075318176,-16.262616648713845,-16.262609405127648,0.6974466550860607,0.7119124600878874,0.716391524194959,0.7119124776967783,0.6974466902595486,0.0587868052188525,0.04086414978021498,0.03506566586856453,0.04086412052905205,0.058786748349007226,0.0,0.0,0.0,0.0,0.0,off,off,off,off,off
81.57499999999719,0.3,15.472500000000107,-12.51014667308624,-9.776853114320033,-8.882826735170966,-9.776850404907748,-12.510141356802876,-16.240067415642955,-16.24006018724714,0.6975134834880815,0.7120466719124777,0.7165473554565284,0.7120466895639211,0.6975135187566837,0.05920216680931399,0.04113150372774986,0.0352850131672105,0.04113147432983257,0.059202109649232566,0.0,0.0,0.0,0.0,0.0,off,off,off,off,off
81.82499999999717,0.3,15.54750000000011,-12.48459867986952,-9.748191784253322,-8.852957927487978,-9.748189080823806,-12.484593375101781,-16.21750293186517,-16.217495718630346,0.6975785479473364,0.7121791583825999,0.7167014661593808,0.7121791760765365,0.697578583311166,0.059616852672929904,0.04139790015185792,0.03550327748756771,0.04139787060752589,0.05961679522301324,0.0,0.0,0.0,0.0,0.0,off,off,off,off,off
82.07499999999716,0.3,15.622500000000112,-12.45908295157534,-9.719614818225864,-8.823193855952354,-9.719612120766612,-12.459077658304238,-16.194923532805774,-16.194916334702725,0.6976418787537408,0.7123099502031057,0.71685388457593,0.7123099679394918,0.6976419142129164,0.060030854732976834,0.041663336180910185,0.03572046456957177,0.041663306490504114,0.06003079699362964,0.0,0.0,0.0,0.0,0.0,off,off,off,off,off
82.32499999999715,0.3,15.697500000000115,-12.433599025060971,-9.691120896188977,-8.793532873759148,-9.691118204688848,-12.433593743262918,-16.172329548230778,-16.172322365230343,0.6977035057051277,0.7124390775579157,0.7170046388138509,0.712439095336703,0.6977035412597778,0.06044416501427922,0.041927808991788204,0.03593657923337237,0.041927779155649346,0.06044410698590995,0.0,0.0,0.0,0.0,0.0,off,off,off,off,off
82.57499999999713,0.3,15.772500000000118,-12.408146445735838,-9.662708720366538,-8.763973361432136,-9.66270603482036,-12.40814117538065,-16.149721302347473,-16.14971413442038,0.6977634581176136,0.712566570120481,0.7171537567752855,0.7125665879416037,0.6977634937678825,0.06085677564209452,0.04219131580992718,0.036151625503985624,0.04219128582839767,0.06085671732511376,0.0,0.0,0.0,0.0,0.0,off,off,off,off,off
82.82499999999712,0.3,15.847500000000121,-12.382724767331126,-9.634377014906192,-8.734513726293642,-9.634374335297082,-12.382719508404875,-16.127099113902716,-16.1270919610198,0.6978217648357499,0.7126924570639473,0.7173012661203527,0.7126924749273713,0.6978218005817344,0.061268678841015,0.04245385390930772,0.036365606733047035,0.04245382378273053,0.061268620235837144,0.0,0.0,0.0,0.0,0.0,off,off,off,off,off
83.0749999999971,0.3,15.922500000000124,-12.357333551765748,-9.606124525477526,-8.705152402005297,-9.606121851797582,-12.357328304242174,-16.104463296279903,-16.104456158412233,0.6978784542421617,0.7128167670712506,0.7174471942366633,0.7128167849769157,0.6978784900839914,0.061679866933893095,0.042715420612401356,0.03657852570575695,0.042715390341120096,0.06167980804093604,0.0,0.0,0.0,0.0,0.0,off,off,off,off,off
83.32499999999709,0.3,15.997500000000127,-12.331972368920901,-9.577950018939816,-8.675887848059801,-9.577947351182445,-12.331967132778573,-16.081814157593158,-16.0818070347118,0.6979335542671982,0.7129395283447908,0.7175915682148013,0.7129395462926322,0.6979335902049861,0.06209033234078432,0.042976013290076304,0.03679038473229592,0.042975982874435915,0.06209027316046911,0.0,0.0,0.0,0.0,0.0,off,off,off,off,off
83.57499999999708,0.3,16.07250000000013,-12.306640796484885,-9.549852282971528,-8.646718549364948,-9.549849621118938,-12.306635571706067,-16.05915200078067,-16.059144892856807,0.6979870923981509,0.7130607686159994,0.7177344148286133,0.7130607866059824,0.6979871284319982,0.06250006757790807,0.043235629361470844,0.03700118572537074,0.04323559880181732,0.06250000811065891,0.0,0.0,0.0,0.0,0.0,off,off,off,off,off
83.82499999999706,0.3,16.147500000000132,-12.281338419755855,-9.52183012461279,-8.617643015767385,-9.521827468654067,-12.281333206320085,-16.036477123694794,-16.03647003069966,0.6980390956883641,0.7131805156746823,0.7178757605199466,0.7131805337073477,0.6980391318183764,0.06290906525662393,0.04349426598793458,0.0372109302658567,0.043494235284194764,0.06290900550286814,0.0,0.0,0.0,0.0,0.0,off,off,off,off,off
84.07499999999705,0.3,16.222500000000135,-12.256064831184347,-9.493882355122025,-8.588659781026308,-9.4938797050404,-12.256059629071615,-16.01378981919038,-16.0137827410951,0.6980895907668186,0.7132988082695403,0.7180156313884806,0.7132988263476465,0.6980896269930987,0.0633173180824224,0.04375190457322541,0.03741961965832194,0.04375187372032102,0.06331725804259027,0.0,0.0,0.0,0.0,0.0,off,off,off,off,off
84.32499999999703,0.3,16.297500000000138,-12.230819629927623,-9.466007807637311,-8.559767401826093,-9.466005163419595,-12.23081443911451,-15.991090375207762,-15.991083311983573,0.6981386038474816,0.7134156842978623,0.7181540531844985,0.7134157024220258,0.69813864017014,0.06372481885391645,0.044008510127078036,0.03762725497796917,0.044008479121918194,0.06372475852844163,0.0,0.0,0.0,0.0,0.0,off,off,off,off,off
84.57499999999702,0.3,16.37250000000014,-12.205602422048742,-9.43820534218304,-8.53096445808444,-9.438202703823208,-12.205597242509441,-15.968379074855989,-15.968372026474185,0.6981861607367118,0.7135311711083538,0.7182910513006857,0.7135311892783643,0.6981861971558614,0.06413156046184962,0.04426406951179382,0.03783383711032921,0.044264038354453854,0.06413149985116823,0.0,0.0,0.0,0.0,0.0,off,off,off,off,off
84.824999999997,0.3,16.447500000000144,-12.180412820511094,-9.410473840525356,-8.502249552854835,-9.410471208004196,-12.180407652227814,-15.945656196495236,-15.945649162927225,0.6982322868410105,0.7136452927899601,0.7184266507671533,0.713645311005448,0.6982323233567411,0.06453753588812483,0.04451858174549393,0.03803936678484075,0.04451855043698179,0.06453747499267638,0.0,0.0,0.0,0.0,0.0,off,off,off,off,off
85.07499999999699,0.3,16.522500000000147,-12.155250445120089,-9.382812204683717,-8.473621312103319,-9.382809578000547,-12.155245288072763,-15.922922013819402,-15.922914995036535,0.6982770071747227,0.7137580724066012,0.7185608762485676,0.7137580906671246,0.6982770437871287,0.06494273820485354,0.04477204907167039,0.03824384460324846,0.04477201761318115,0.0649426770250803,0.0,0.0,0.0,0.0,0.0,off,off,off,off,off
85.32499999999698,0.3,16.59750000000015,-12.130114922411565,-9.355219356164923,-8.445078384408475,-9.355216735296267,-12.13010977657973,-15.90017679593592,-15.900169791909775,0.6983203463676935,0.7138695326372908,0.7186937520429701,0.713869550942496,0.6983203830768664,0.06534716057341672,0.04502447420171955,0.03844727106362119,0.045024442594420525,0.06534709910976405,0.0,0.0,0.0,0.0,0.0,off,off,off,off,off
85.57499999999696,0.3,16.672500000000152,-12.105005885550838,-9.327694235371098,-8.416619440675674,-9.327691620306268,-12.105000750916929,-15.877420807446242,-15.877413818148455,0.6983623286727043,0.7139796959480067,0.7188253020817825,0.7139797142975416,0.6983623654787269,0.06575079624354102,0.04527585954989981,0.038649646580663284,0.04527582779487694,0.06575073449645694,0.0,0.0,0.0,0.0,0.0,off,off,off,off,off
85.82499999999695,0.3,16.747500000000155,-12.079922974232318,-9.30023580112811,-8.388243173816875,-9.300233191855966,-12.079917850762513,-15.854654308522925,-15.854647333925186,0.6984029779727395,0.7140885846248924,0.7189555499309207,0.7140886030184397,0.698403014875736,0.06615363855238854,0.04552620706433147,0.03885097150289057,0.045526175162583865,0.06615357652232423,0.0,0.0,0.0,0.0,0.0,off,off,off,off,off
86.07499999999693,0.3,16.822500000000158,-12.054865834530347,-9.272843030261924,-8.359948298433096,-9.272840426780135,-12.054860722213732,-15.831877554987045,-15.831870595061048,0.6984423177882085,0.7141962207684822,0.7190845187927399,0.7141962392057329,0.6984423547882386,0.06655568092365931,0.04577551823040063,0.03905124612715476,0.04577548618284683,0.0665556186110677,0.0,0.0,0.0,0.0,0.0,off,off,off,off,off
86.32499999999692,0.3,16.89750000000016,-12.029834118835197,-9.245514917205242,-8.331733550480351,-9.245512319499369,-12.029829017637326,-15.809090798383522,-15.809083853100901,0.6984803712837657,0.7143026262787853,0.7192122315087172,0.7143026447594905,0.6984804083809512,0.06695691686670462,0.04602379411909127,0.03925047071092325,0.04602376192657884,0.06695685427204202,0.0,0.0,0.0,0.0,0.0,off,off,off,off,off
86.5749999999969,0.3,16.972500000000164,-12.004827485701185,-9.218250473614887,-8.303597686966384,-9.218247881669981,-12.004822395609551,-15.786294286054613,-15.786287355387174,0.6985171612752111,0.7144078228399465,0.7193387105626077,0.714407841363883,0.6985171984696111,0.06735733997565548,0.0462710354425515,0.03944864548266133,0.046271003105865134,0.0673572770993804,0.0,0.0,0.0,0.0,0.0,off,off,off,off,off
86.82499999999689,0.3,17.047500000000166,-11.979845599727582,-9.191048728018131,-8.275539485594948,-9.191046141826632,-11.979840520719677,-15.76348826121324,-15.763481345132561,0.6985527102361446,0.7145118319067334,0.7194639780842045,0.7145118504736774,0.6985527475278434,0.06775694392855884,0.04651724260632078,0.03964577065060791,0.04651721012619172,0.0677568807711328,0.0,0.0,0.0,0.0,0.0,off,off,off,off,off
87.07499999999688,0.3,17.12250000000017,-11.954888131473297,-9.163908725479928,-8.247557744466235,-9.163906145031717,-11.95488306353667,-15.740672963013651,-15.740666061491822,0.6985870403043709,0.7146146746932898,0.7195880558533108,0.7146146933030427,0.6985870776934237,0.06815572248652677,0.046762415755755814,0.03984184641019271,0.04676238313286913,0.06815565904841453,0.0,0.0,0.0,0.0,0.0,off,off,off,off,off
87.32499999999686,0.3,17.197500000000172,-11.929954757337043,-9.136829527284476,-8.219651281749407,-9.136826952571653,-11.929949700447935,-15.717848626622413,-15.717841739631353,0.6986201732882519,0.7147163721640557,0.7197109653040805,0.7147163908164273,0.6986202107747421,0.06855366949289812,0.04700655481655507,0.040036872950304135,0.04700652205155561,0.06855360577456675,0.0,0.0,0.0,0.0,0.0,off,off,off,off,off
87.57499999999685,0.3,17.272500000000175,-11.905045159435247,-9.10981021062969,-8.191818935338915,-9.109807641634745,-11.905040113563302,-15.695015483286568,-15.695008610798368,0.6986521306729228,0.7148169450266068,0.7198327275296335,0.714816963721447,0.6986521682569498,0.06895077887240854,0.04724965952991059,0.040230850458583524,0.04724962662340853,0.06895071487432676,0.0,0.0,0.0,0.0,0.0,off,off,off,off,off
87.82499999999683,0.3,17.347500000000178,-11.880159025497164,-9.082849868319158,-8.164059562570799,-9.082847305039024,-11.880153990618567,-15.672173760401563,-15.672166902388199,0.6986829336263171,0.7149164137261962,0.7199533632866825,0.7149164324633253,0.6986829713079602,0.0693470446303706,0.0474917294829296,0.04042377912589738,0.047491696435505444,0.06934698035300979,0.0,0.0,0.0,0.0,0.0,off,off,off,off,off
88.07499999999682,0.3,17.42250000000018,-11.85529604875245,-9.05594760848993,-8.136372039893217,-9.055945050913294,-11.855291024858332,-15.64932368157747,-15.649316838010975,0.6987126030050798,0.7150147984416639,0.7200728930004181,0.7150148172209351,0.6987126407843748,0.06974246085186532,0.04773276413494035,0.04061565915011317,0.04773273094714889,0.0697423962956995,0.0,0.0,0.0,0.0,0.0,off,off,off,off,off
88.3249999999968,0.3,17.497500000000183,-11.830455927845264,-9.029102554212557,-8.108755253759966,-9.029100002335326,-11.83045091491141,-15.626465466703849,-15.626458637556425,0.6987411593602709,0.7151121190829386,0.7201913495797834,0.7151121379041935,0.698741197237294,0.0701370217009427,0.047972762840228014,0.04080647812389163,0.047972729512602307,0.07013695686644897,0.0,0.0,0.0,0.0,0.0,off,off,off,off,off
88.57499999999679,0.3,17.572500000000186,-11.805638366701828,-9.002313842539934,-8.081208087296659,-9.002311296341645,-11.805633364705045,-15.603599332013857,-15.603592517257653,0.6987686229430731,0.7152083952911011,0.720308787460164,0.7152084141542323,0.698768660917895,0.07053072141983266,0.048211724867672424,0.04099616115485592,0.04821169140072595,0.07053065630749025,0.0,0.0,0.0,0.0,0.0,off,off,off,off,off
88.82499999999678,0.3,17.64750000000019,-11.780843074394568,-8.975580624351778,-8.053729457763666,-8.975578083816231,-11.780838083320532,-15.580725490146676,-15.580718689754235,0.6987950137103756,0.7153036464372224,0.7204252264497188,0.7153036653421163,0.6987950517830402,0.0709235543281638,0.04844964941769523,0.04118468004272857,0.04844961581192491,0.07092348893845384,0.0,0.0,0.0,0.0,0.0,off,off,off,off,off
89.07499999999676,0.3,17.722500000000192,-11.756069765058498,-8.948902064585582,-8.026318307608165,-8.948899529703908,-11.756064784885325,-15.557844150209007,-15.55783736415259,0.6988203513301006,0.7153978916209346,0.7205406791266604,0.7153979105674635,0.698820389500672,0.07131551482219056,0.04868653563690199,0.04137204670459631,0.0486865018927906,0.07131544915559716,0.0,0.0,0.0,0.0,0.0,off,off,off,off,off
89.32499999999675,0.3,17.797500000000195,-11.7313181577764,-8.922277342148845,-7.998973599840554,-8.922274812919454,-11.731313188479646,-15.534955517834874,-15.534948746086911,0.6988446551864972,0.7154911496705235,0.7206551580752473,0.7154911686585438,0.6988446934550412,0.07170659737402953,0.048922382630730246,0.0415582770160835,0.048922348748748984,0.07170653143103879,0.0,0.0,0.0,0.0,0.0,off,off,off,off,off
89.57499999999673,0.3,17.872500000000198,-11.706587976492074,-8.895705649752017,-7.971694316664525,-8.895703126161266,-11.706583018052868,-15.512059795244909,-15.51205303777789,0.6988679443852388,0.7155834391437942,0.7207686765827195,0.7155834581731976,0.6988679827518066,0.0720967965309054,0.04915718947436726,0.041743384927014834,0.04915715545497703,0.07209673031200532,0.0,0.0,0.0,0.0,0.0,off,off,off,off,off
89.82499999999672,0.3,17.9475000000002,-11.681878949937982,-8.869186193724545,-7.944479458729063,-8.869183675756346,-11.681874002332222,-15.489157181304392,-15.489150438090917,0.6988902377583754,0.7156747783294517,0.7208812485698546,0.7156747974001407,0.6988902762230298,0.07248610691440427,0.04939095522216998,0.041927382059380895,0.049390921065822435,0.07248604042008554,0.0,0.0,0.0,0.0,0.0,off,off,off,off,off
90.0749999999967,0.3,18.022500000000203,-11.657190811541227,-8.84271819380649,-7.9173280444489365,-8.842715681455786,-11.657185874751235,-15.466247871580379,-15.466241142592878,0.6989115538692335,0.7157651852489509,0.7209928884416755,0.7157652043607992,0.6989115924320165,0.07287452321973768,0.049623678915788914,0.042110278028400026,0.049623644622928405,0.07287445645049315,0.0,0.0,0.0,0.0,0.0,off,off,off,off,off
90.32499999999669,0.3,18.097500000000206,-11.632523299350794,-8.816300882973394,-7.890239109505558,-8.816298376233135,-11.632518373354173,-15.44333205839746,-15.443325343608649,0.6989319110171522,0.7158546776585848,0.7211036109523938,0.715854696811474,0.6989319496781176,0.07326204021501467,0.04985535959117214,0.04229208079985898,0.04985532516223654,0.07326197317133884,0.0,0.0,0.0,0.0,0.0,off,off,off,off,off
90.57499999999668,0.3,18.17250000000021,-11.60787615594927,-8.789933507216745,-7.863211706327263,-8.789931006067661,-11.607871240720044,-15.420409930893072,-15.420403230275724,0.6989513272421595,0.715943273051972,0.721213431094125,0.7159432922458193,0.6989513660013673,0.07364865274052063,0.050085996284597444,0.04247279699572732,0.05008596172001917,0.07364858542291057,0.0,0.0,0.0,0.0,0.0,off,off,off,off,off
90.82499999999666,0.3,18.247500000000212,-11.583249121031997,-8.76361532521571,-7.836244903677937,-8.763612829648764,-11.583244216553112,-15.397481675052177,-15.397474988578836,0.6989698214202452,0.716030988663071,0.721322364006377,0.7160310078977651,0.6989698602790879,0.07403435480265758,0.05031558803786524,0.042652432145627035,0.050315553338071924,0.07403428721016682,0.0,0.0,0.0,0.0,0.0,off,off,off,off,off
91.07499999999665,0.3,18.322500000000215,-11.558641929087514,-8.737345607730504,-7.8093377862410875,-8.737343117735634,-11.558637035330207,-15.374547473672067,-15.374540801315334,0.6989874174092379,0.7161178414701221,0.7214304249029898,0.7161178607455569,0.6989874563698181,0.07441913180229698,0.05054413390275658,0.04283099089236612,0.05054409906817189,0.07441906393086306,0.0,0.0,0.0,0.0,0.0,off,off,off,off,off
91.32499999999663,0.3,18.397500000000218,-11.534054329755918,-8.71112363761273,-7.782489454203926,-8.71112115318499,-11.534049446698475,-15.351607506454343,-15.351600848187104,0.6990041370779463,0.7162038481980971,0.7215376290133401,0.7162038675141524,0.6990041761410044,0.07480296619200755,0.050771632944857446,0.043008477159728366,0.050771597975902014,0.07480289803949552,0.0,0.0,0.0,0.0,0.0,off,off,off,off,off
91.57499999999662,0.3,18.47250000000022,-11.509486079693488,-8.684948709808168,-7.755699022953422,-8.684946230932667,-11.509481207317435,-15.328661950097171,-15.328655305892198,0.6990199988190384,0.7162890253212825,0.7216439915348685,0.7162890446778656,0.6990200379846807,0.07518584754210045,0.050998084246844516,0.04318489428942432,0.050998049143936325,0.07518577910833754,0.0,0.0,0.0,0.0,0.0,off,off,off,off,off
91.8249999999966,0.3,18.547500000000223,-11.484936941032174,-8.658820131194773,-7.728965622756107,-8.658817657864915,-11.484932079314888,-15.305710978357865,-15.305704348187987,0.6990350194312154,0.7163733890664045,0.721749527595148,0.7163734084634013,0.6990350586993272,0.07556777002195618,0.051223486911303275,0.04336024515286983,0.05122345167485782,0.07556770130761754,0.0,0.0,0.0,0.0,0.0,off,off,off,off,off
92.07499999999659,0.3,18.622500000000226,-11.460406680776373,-8.632737220437775,-7.702288398472035,-8.632734752643955,-11.460401829702448,-15.282754762109107,-15.28274814594721,0.6990492149837284,0.7164569554157807,0.7218542522215844,0.7164569748530847,0.6990492543540956,0.07594872970063356,0.05144784006313888,0.04353453224241833,0.05144780469356995,0.07594866070669956,0.0,0.0,0.0,0.0,0.0,off,off,off,off,off
92.32499999999658,0.3,18.69750000000023,-11.435895070516949,-8.606699307799659,-7.6756665092824505,-8.606696845520162,-11.435890230072175,-15.259793469392605,-15.259786867211744,0.6990626011663609,0.7165397401106492,0.7219581803173865,0.716539759588187,0.6990626406387512,0.07632872333858766,0.051671142851636626,0.04370775774582379,0.051671107349356225,0.07632865406612327,0.0,0.0,0.0,0.0,0.0,off,off,off,off,off
92.57499999999656,0.3,18.772500000000232,-11.411401886219153,-8.580705734929268,-7.649099128437513,-8.580703278162503,-11.411397056375506,-15.236827265470424,-15.23682067724377,0.699075193428815,0.7166217586545922,0.7220613266426127,0.7166217781722349,0.6990752330030419,0.07670774790247385,0.051893394452217,0.04387992360701821,0.05189335881763581,0.07670767835254091,0.0,0.0,0.0,0.0,0.0,off,off,off,off,off
92.82499999999655,0.3,18.847500000000235,-11.386926908078635,-8.554755854082316,-7.622585442995842,-8.554753402809126,-11.38692208881821,-15.213856312874782,-15.213849738575334,0.6990870070347234,0.7167030268472068,0.7221637057994206,0.7167030464052538,0.6990870467105876,0.07708580037927755,0.05211459382784475,0.044051031575717686,0.052114558061199974,0.07708573055290525,0.0,0.0,0.0,0.0,0.0,off,off,off,off,off
93.07499999999654,0.3,18.922500000000237,-11.362469920031572,-8.528849010437625,-7.596124652955382,-8.528846564653861,-11.362465111332938,-15.190880771455454,-15.190874211056212,0.6990980570823933,0.7167835786779438,0.7222653322223526,0.7167835982801084,0.6990980968597247,0.07746287771125554,0.052334715926720426,0.0442210832479057,0.05233468002200292,0.07746280760943007,0.0,0.0,0.0,0.0,0.0,off,off,off,off,off
93.32499999999652,0.3,18.99750000000024,-11.338030709246254,-8.50298455866249,-7.569715970136485,-8.502982118345642,-11.338025911095087,-15.167900798422238,-15.167894251896598,0.6991083585121148,0.7168634454558478,0.7223662201720682,0.7168634651027921,0.6991083983907382,0.07783897677885317,0.05255371101377178,0.04439008009885119,0.05255367496678253,0.0778389064025186,0.0,0.0,0.0,0.0,0.0,off,off,off,off,off
93.5749999999965,0.3,19.072500000000243,-11.313609066412994,-8.477161874548642,-7.543358618781781,-8.477159439696607,-11.313604278786102,-15.144916548387982,-15.144910015709115,0.6991179261062238,0.7169426415452771,0.7224663837266923,0.716942661236509,0.6991179660860066,0.07821409440210539,0.052771567589960204,0.04455802351004149,0.052771531401178046,0.07821402375216574,0.0,0.0,0.0,0.0,0.0,off,off,off,off,off
93.82499999999649,0.3,19.147500000000246,-11.289204785849279,-8.451380348084626,-7.517051835766722,-8.451377918679498,-11.289200008724492,-15.121928173412016,-15.121921654553319,0.6991267744879203,0.7170211778259568,0.7225658367760414,0.7170211975608537,0.6991268145687392,0.07858822734863653,0.05298829092533658,0.044724914791170356,0.052988254596310076,0.07858815642595891,0.0,0.0,0.0,0.0,0.0,off,off,off,off,off
94.07499999999648,0.3,19.22250000000025,-11.264817665532007,-8.42563938156195,-7.490794870594641,-8.425636957597703,-11.26481289888926,-15.098935823043917,-15.098929317978843,0.6991349181198534,0.7170990646952637,0.7226645930178974,0.7170990844731976,0.6991349583015923,0.07896137234351946,0.05320388918916196,0.0448907551980821,0.05320385272152886,0.07896130114893772,0.0,0.0,0.0,0.0,0.0,off,off,off,off,off
94.32499999999646,0.3,19.29750000000025,-11.240447507044166,-8.399938388783994,-7.464586985285678,-8.399935970249658,-11.240442750860723,-15.075939644366997,-15.075933153068945,0.699142371303034,0.7171763127091948,0.7227626659557692,0.7171763325296129,0.6991424115855953,0.07933352607915246,0.05341837016456266,0.04505554594741622,0.05341833355983813,0.07933345461347077,0.0,0.0,0.0,0.0,0.0,off,off,off,off,off
94.57499999999645,0.3,19.372500000000255,-11.216094115553176,-8.37427679452486,-7.438427454268094,-8.374274381409919,-11.21608936981147,-15.05293978204105,-15.052933304483417,0.6991491481759258,0.7172529326738074,0.722860068897611,0.71725295253622,0.6991491885592075,0.07970468522448583,0.053631740621646926,0.04521928822855581,0.053631703881193635,0.07970461348848251,0.0,0.0,0.0,0.0,0.0,off,off,off,off,off
94.82499999999644,0.3,19.447500000000257,-11.19175729973216,-8.348654034146534,-7.41231556423395,-8.348651626438937,-11.19175256441605,-15.029936378344075,-15.029929914500372,0.6991552627140027,0.7173289356131812,0.7229568149554111,0.7173289555171579,0.6991553031979073,0.08007484643339711,0.05384400631059796,0.04538198321337819,0.05384396943563782,0.08007477442782727,0.0,0.0,0.0,0.0,0.0,off,off,off,off,off
95.07499999999642,0.3,19.52250000000026,-11.167436871740449,-8.323069553246,-7.386250613911045,-8.323067150935117,-11.167432146822591,-15.006929573214052,-15.006923123057788,0.6991607287294496,0.7174043327161147,0.7230529192975499,0.7174043526612705,0.699160769313916,0.08044400635219645,0.05405517208299001,0.045543631034238696,0.0540551350746235,0.08044393407779393,0.0,0.0,0.0,0.0,0.0,off,off,off,off,off
95.32499999999641,0.3,19.597500000000263,-11.143132647128652,-8.297522807422013,-7.360231921411071,-8.297520410503068,-11.143127932603022,-14.983919504289418,-14.983913067794447,0.6991655598713438,0.7174791352847327,0.7231484851510757,0.7174791552707065,0.6991656005562606,0.0808121616263092,0.054265242025309975,0.04570411263205408,0.05426520488453396,0.08081208908379016,0.0,0.0,0.0,0.0,0.0,off,off,off,off,off
95.5749999999964,0.3,19.672500000000266,-11.118844444846104,-8.272013262890653,-7.334258850730407,-8.272010871355064,-11.118839740681608,-14.96090630694954,-14.960899884089429,0.6991697696258177,0.7175533546875821,0.723243587312786,0.7175533747140577,0.6991698104111468,0.08117930890620856,0.05447421957943128,0.045863221957990745,0.054474182307154916,0.08117923609627249,0.0,0.0,0.0,0.0,0.0,off,off,off,off,off
95.82499999999638,0.3,19.74750000000027,-11.094572087160998,-8.246540396818887,-7.308330783320571,-8.246538010649147,-11.094567393342459,-14.937890114353763,-14.937883705102365,0.6991733713166722,0.7176270023204082,0.723338261093407,0.717627022387122,0.699173412202337,0.08154544485266949,0.05468210764638947,0.04602088713676534,0.05468207024344739,0.08154537177600082,0.0,0.0,0.0,0.0,0.0,off,off,off,off,off
96.07499999999636,0.3,19.82250000000027,-11.070315399688127,-8.221103696887951,-7.282447107949167,-8.221101316078602,-11.07031071620105,-14.914871057481093,-14.914864661812317,0.6991763781058983,0.7177000895751292,0.7234325391024624,0.71770010968181,0.6991764190918232,0.08191056614141409,0.05488890867463755,0.04617705800590267,0.05488887114180149,0.08191049279868555,0.0,0.0,0.0,0.0,0.0,off,off,off,off,off
96.32499999999635,0.3,19.897500000000274,-11.046074211366943,-8.195702660894653,-7.256607220830347,-8.19570028544058,-11.046069538186828,-14.891849265168958,-14.89184288305654,0.6991788029944933,0.717772627813974,0.7235264512380717,0.7177726479603697,0.6991788440806358,0.08227466946721827,0.055094624734826556,0.04633169118956629,0.05509458707281523,0.08227459585909098,0.0,0.0,0.0,0.0,0.0,off,off,off,off,off
96.57499999999634,0.3,19.972500000000277,-11.021848354389022,-8.170336796354832,-7.230810525881907,-8.17033442624188,-11.02184369149569,-14.868824864150895,-14.868818495568974,0.6991806588235726,0.7178446283480765,0.7236200249834484,0.7178446485339776,0.6991807000098776,0.08263775154752884,0.05529925758310157,0.046484748973425166,0.05529921979258901,0.08263767767465342,0.0,0.0,0.0,0.0,0.0,off,off,off,off,off
96.82499999999632,0.3,20.04750000000028,-10.997637664176693,-8.145005620137567,-7.205056434961364,-8.145003255348911,-10.997633011552182,-14.84579797909538,-14.845791624017693,0.6991819582754544,0.7179161024197742,0.7237132856754103,0.717916122644992,0.699181999561865,0.08299980912564889,0.055502808714659825,0.046636198618617376,0.05550277079628161,0.08299973498866686,0.0,0.0,0.0,0.0,0.0,off,off,off,off,off
97.07499999999631,0.3,20.122500000000283,-10.973441979333586,-8.119708658170282,-7.1793443679969755,-8.119706298706603,-10.973437336955215,-14.822768732641691,-14.822762391042147,0.6991827138749404,0.7179870611879005,0.7238062567411996,0.7179870814522112,0.699182755261414,0.08336083897353457,0.055705279409060546,0.0467860117660275,0.055705241363420324,0.08336076457308057,0.0,0.0,0.0,0.0,0.0,off,off,off,off,off
97.3249999999963,0.3,20.197500000000286,-10.949261141581133,-8.094445445157533,-7.153673753120188,-8.094443091005985,-10.949256509429517,-14.79973724543703,-14.799730917289821,0.6991829379907214,0.7180575157157459,0.7238989599069705,0.718057536018973,0.6991829794772082,0.08372083789424883,0.055906670768555274,0.046934163912775724,0.05590663259622984,0.08372076323095004,0.0,0.0,0.0,0.0,0.0,off,off,off,off,off
97.57499999999628,0.3,20.27250000000029,-10.92509499571662,-8.069215524314473,-7.1280440267432255,-8.0692131754667,-10.925090373780847,-14.776703636172385,-14.77669732145165,0.6991826428368071,0.7181274769612597,0.7239914153815136,0.7181274973032232,0.699182684423236,0.08407980272410498,0.05610698375050822,0.04708063395201806,0.05610694545205138,0.08407972779858264,0.0,0.0,0.0,0.0,0.0,off,off,off,off,off
97.82499999999627,0.3,20.34750000000029,-10.900943389544409,-8.044018447141184,-7.102454633626337,-8.044016103582578,-10.900938777812712,-14.753668021617727,-14.7536617202976,0.699181840474094,0.7181969557690628,0.7240836420180781,0.7181969761496066,0.6991818821603945,0.08443773033453426,0.05630621919481659,0.04722540376839177,0.05630618077076252,0.0844376551474057,0.0,0.0,0.0,0.0,0.0,off,off,off,off,off
98.07499999999625,0.3,20.422500000000294,-10.876806173837622,-8.018853773196781,-7.076905026880752,-8.018851434922055,-10.876801572278964,-14.73063051665605,-14.730624228710951,0.6991805428119037,0.7182659628640876,0.7241756574570914,0.7182659832830358,0.69918058459806,0.08479461763371028,0.056504377847095985,0.047368457882380165,0.056504339297962586,0.08479454218558738,0.0,0.0,0.0,0.0,0.0,off,off,off,off,off
98.32499999999624,0.3,20.497500000000297,-10.852683202243838,-7.993721069915068,-7.0513946679781725,-7.993718736914445,-10.852678610839291,-14.707591234317988,-14.707584959722169,0.6991787616097246,0.7183345088464748,0.7242674782518869,0.7183345293036691,0.6991788034956875,0.0851504615679524,0.056701460378283566,0.04750978313767467,0.05670142170457538,0.0851503858594429,0.0,0.0,0.0,0.0,0.0,off,off,off,off,off
98.57499999999622,0.3,20.5725000000003,-10.828574331266509,-7.968619912405472,-7.025923026746739,-7.968617584664912,-10.828569749995722,-14.684550285814566,-14.684544024542504,0.6991765084787822,0.7184026041876649,0.7243591199795487,0.7184026246829626,0.6991765504645066,0.08550525912293425,0.05689746740120788,0.04764936842633575,0.056897428603417455,0.08550518315464202,0.0,0.0,0.0,0.0,0.0,off,off,off,off,off
98.82499999999621,0.3,20.647500000000303,-10.804479420174005,-7.9435498832687585,-7.000489581326406,-7.94354756078144,-10.80447484901731,-14.661507780569991,-14.661501532595935,0.6991737948838364,0.7184702592274214,0.724450597338742,0.7184702797606625,0.699173836969274,0.08585900732471823,0.05709239948458987,0.04778720444717613,0.05709236056319992,0.08585893109724475,0.0,0.0,0.0,0.0,0.0,off,off,off,off,off
99.0749999999962,0.3,20.722500000000306,-10.7803983309675,-7.9185105724671985,-6.975093818112555,-7.918508255225049,-10.780393769911768,-14.638463826253485,-14.638457591551912,0.6991706321448421,0.7185374841715231,0.7245419242360164,0.7185375047425554,0.6991706743299274,0.08621170324063447,0.05728625716487059,0.047923283493349046,0.05728621812035572,0.08621162675457843,0.0,0.0,0.0,0.0,0.0,off,off,off,off,off
99.32499999999618,0.3,20.79750000000031,-10.756330928313162,-7.893501577138181,-6.949735231719387,-7.893499265124774,-10.756326377333266,-14.615418528810494,-14.615412307356053,0.6991670314387235,0.7186042890903028,0.7246331138619028,0.7186043096989986,0.6991670737234233,0.08656334398002202,0.057479040956200225,0.048057599265606356,0.05747900178902795,0.08656326723598005,0.0,0.0,0.0,0.0,0.0,off,off,off,off,off
99.57499999999617,0.3,20.87250000000031,-10.732277079482344,-7.868522501460916,-6.924413324883687,-7.868520194669202,-10.73227253856112,-14.592371992494066,-14.592365784261062,0.6991630038011417,0.718670683917613,0.724724178758224,0.7186707045638199,0.6991630461853998,0.08691392669484524,0.057670751358867185,0.0481901467081217,0.05767071206949903,0.08691384969341222,0.0,0.0,0.0,0.0,0.0,off,off,off,off,off
99.82499999999615,0.3,20.947500000000314,-10.708236654296968,-7.843572956516823,-6.899127608415938,-7.843570654939924,-10.708232123424011,-14.569324319893667,-14.56931812485692,0.6991585601282517,0.7187366784502942,0.7248151308774144,0.7187366991338606,0.6991586026119926,0.08726344858020181,0.057861388866409465,0.04832092186414741,0.057861349455302406,0.0872633713219716,0.0,0.0,0.0,0.0,0.0,off,off,off,off,off
100.07499999999614,0.3,21.022500000000317,-10.684209525105928,-7.8186525601535095,-6.873877601089134,-7.818650263774998,-10.684205004252135,-14.546275611966223,-14.54626943010021,0.6991537111783798,0.7188022823480413,0.7249059816350868,0.7188023030688446,0.6991537537615776,0.08761190687473304,0.058050953971610135,0.04844992174910863,0.05805091443921697,0.08761182936029775,0.0,0.0,0.0,0.0,0.0,off,off,off,off,off
100.32499999999612,0.3,21.09750000000032,-10.660195566690163,-7.793760936847832,-6.8486628295767105,-7.793758645662479,-10.66019105583888,-14.523225968063969,-14.523219799343451,0.6991484675738965,0.7188675051336082,0.7249967419563692,0.7188675258914942,0.6991485102564907,0.08795929886094692,0.058239447171546076,0.04857714423902253,0.05823940751831582,0.08795922109089732,0.0,0.0,0.0,0.0,0.0,off,off,off,off,off
100.57499999999611,0.3,21.172500000000323,-10.636194656085877,-7.768897706554412,-6.823482828057422,-7.76889542055369,-10.636190155217264,-14.500175485962927,-14.50016933036261,0.6991428398032965,0.7189323728715021,0.7250874223177842,0.7189323936706926,0.699142882585234,0.08830562186546158,0.05842685263078055,0.0487025879723916,0.05842681285193266,0.08830554384038786,0.0,0.0,0.0,0.0,0.0,off,off,off,off,off
100.8249999999961,0.3,21.247500000000326,-10.612206671791796,-7.744062474800671,-6.798337136579619,-7.744060193969062,-10.612202180891074,-14.477124261886502,-14.477118119381316,0.6991368382249077,0.718996930310192,0.7251780327877387,0.718996951152589,0.6991368811061202,0.0886508732591688,0.05861309140774425,0.048826252263921885,0.05861305149489272,0.08865079497966037,0.0,0.0,0.0,0.0,0.0,off,off,off,off,off
101.07499999999608,0.3,21.32250000000033,-10.588231493959142,-7.7192548711216205,-6.773225301494506,-7.719252595444459,-10.58822701300278,-14.454072390527244,-14.454066261091896,0.6991304730679997,0.7190611846919495,0.7252685830573189,0.7190612055766348,0.6991305160484412,0.08899505045731904,0.058798141168347445,0.048948137028629005,0.05879810112231288,0.08899497192396519,0.0,0.0,0.0,0.0,0.0,off,off,off,off,off
101.32499999999607,0.3,21.39750000000033,-10.564269004807556,-7.69447453791372,-6.7481468762291,-7.6944722673804335,-10.564264533784694,-14.431019965070846,-14.431013848680323,0.699123754433274,0.719125137707932,0.7253590824665059,0.719125158633869,0.699123797512863,0.08933815091956776,0.05898201593156091,0.04906824271510459,0.058981975754796516,0.0893380721329574,0.0,0.0,0.0,0.0,0.0,off,off,off,off,off
101.57499999999605,0.3,21.472500000000334,-10.540319088735316,-7.669721126498871,-6.723101421488536,-7.669718861099341,-10.540314627630266,-14.407967077222224,-14.407960973851857,0.6991166922941539,0.7191887914752828,0.7254495400287091,0.7191888124415631,0.6991167354728205,0.08968017214998264,0.059164732552468076,0.049186570246840394,0.05916469224730743,0.0896800931107046,0.0,0.0,0.0,0.0,0.0,off,off,off,off,off
101.82499999999604,0.3,21.547500000000337,-10.516381632326272,-7.644994296041887,-6.698088505288013,-7.644992035772134,-10.516377181112546,-14.38491381723162,-14.384907726856284,0.6991092964983298,0.7192521490920089,0.7255399644529179,0.7192521700978426,0.6991093397760318,0.09002111169701087,0.059346305705110215,0.0493031209706328,0.059346265273575616,0.09002103240565398,0.0,0.0,0.0,0.0,0.0,off,off,off,off,off
102.07499999999602,0.3,21.62250000000034,-10.492456524373779,-7.62029371292715,-6.673107702987238,-7.620291457786379,-10.492452083034038,-14.361860273919604,-14.3618541965144,0.6991015767692464,0.7193152145296378,0.7256303641633431,0.71931523557434,0.6991016201459146,0.09036096715341164,0.05952674763032179,0.04941789661121453,0.05952670707415047,0.09036088761056447,0.0,0.0,0.0,0.0,0.0,off,off,off,off,off
102.32499999999601,0.3,21.697500000000343,-10.468543655881376,-7.595619050324672,-6.64815859721125,-7.595616800296625,-10.468539224395442,-14.338806534703622,-14.338800470243598,0.69909354270763,0.7193779924639223,0.7257207473171693,0.7193780135469461,0.6990935861832018,0.09069973615615763,0.05970606849366582,0.049530899231361135,0.059706027814357424,0.0906996563624085,0.0,0.0,0.0,0.0,0.0,off,off,off,off,off
102.574999999996,0.3,21.772500000000345,-10.444642920013223,-7.570969987808837,-6.623240777830119,-7.57096774288334,-10.444638498368079,-14.315752685622726,-14.315746634082984,0.699085203793137,0.7194404881251037,0.7258111218202046,0.7194405092459604,0.6990852473675288,0.09103741638630768,0.05988427675976368,0.04964213119681072,0.05988423595862335,0.09103733634224534,0.0,0.0,0.0,0.0,0.0,off,off,off,off,off
102.82499999999598,0.3,21.84750000000035,-10.420754212095801,-7.5463462110715795,-6.598353841848962,-7.546343971233796,-10.420749800270244,-14.29269881136247,-14.29269277271834,0.6990765693858451,0.7195027071741911,0.7259014953410605,0.7195027283324682,0.699076613058994,0.09137400556885471,0.06006137950958056,0.04975159514541932,0.06006133858775499,0.09137392527506849,0.0,0.0,0.0,0.0,0.0,off,off,off,off,off
103.07499999999597,0.3,21.92250000000035,-10.396877422016132,-7.5217474115415826,-6.573497393308799,-7.521745176784236,-10.396873019988561,-14.269644995260535,-14.269638969487232,0.6990676506458458,0.719564655602422,0.7259918753238033,0.7195646767977372,0.6990676944190399,0.09170950001753525,0.060237382700895285,0.049859293960035994,0.0602373416594018,0.09170941947340532,0.0,0.0,0.0,0.0,0.0,off,off,off,off,off
103.32499999999595,0.3,21.997500000000354,-10.373012428211723,-7.497173285686472,-6.548671043258594,-7.497171056001378,-10.37300803594701,-14.24659131922391,-14.246585306296765,0.6990584672751559,0.7196263396504909,0.726082267356685,0.7196263608825062,0.6990585111509998,0.09204388199849259,0.06041229138093082,0.049965212421282934,0.06041225022068186,0.09204380119925143,0.0,0.0,0.0,0.0,0.0,off,off,off,off,off
103.57499999999594,0.3,22.072500000000357,-10.349159123655511,-7.472623535070795,-6.52387441305666,-7.472621310441468,-10.349154741145071,-14.223537863786817,-14.22353186368099,0.6990490346916557,0.7196877657412202,0.7261726777394512,0.7196877870096539,0.6990490786707929,0.09237713085395942,0.06058610985975576,0.050069281271651604,0.06058606858157715,0.09237704979715555,0.0,0.0,0.0,0.0,0.0,off,off,off,off,off
103.82499999999592,0.3,22.14750000000036,-10.3253174071707,-7.4480978665959015,-6.499107133441498,-7.448095647023308,-10.325313034387477,-14.200484708186025,-14.200478720877015,0.699039363020696,0.7197489404243573,0.7262631180146255,0.7197489617289069,0.6990394071030626,0.0927092379685535,0.060758841851676806,0.05017147853907777,0.06075880045632494,0.0927091566541914,0.0,0.0,0.0,0.0,0.0,off,off,off,off,off
104.07499999999591,0.3,22.222500000000363,-10.30148718129766,-7.423595992487321,-6.4743688411833205,-7.423593777955659,-10.301482818230852,-14.1774319304007,-14.177425955863953,0.6990294604538689,0.7198098703323303,0.7263535993006991,0.7198098916727618,0.6990295046391026,0.09304020118243946,0.06093049059052955,0.05027179588755812,0.06093044907870358,0.09304011961147118,0.0,0.0,0.0,0.0,0.0,off,off,off,off,off
104.3249999999959,0.3,22.297500000000365,-10.277668351618445,-7.399117630114233,-6.449659178908689,-7.399115420614805,-10.277663998245998,-14.154379607184012,-14.154373645394799,0.6990193345020682,0.7198705621448476,0.7264441320174645,0.7198705835209259,0.6990193787897694,0.09337002062628029,0.06110105892367636,0.05037022678313604,0.061101017296028806,0.09336993879995513,0.0,0.0,0.0,0.0,0.0,off,off,off,off,off
104.57499999999588,0.3,22.372500000000368,-10.253860826373227,-7.374662501929947,-6.42497779502429,-7.374660297458718,-10.253856482680817,-14.131327814090412,-14.13132186502446,0.6990089924535734,0.7199310225600091,0.7265347259458637,0.7199310439715004,0.6990090368433196,0.09369869708629276,0.06127054938864142,0.050466766099899946,0.06127050764578706,0.09369861500591589,0.0,0.0,0.0,0.0,0.0,off,off,off,off,off
104.82499999999587,0.3,22.44750000000037,-10.23006451624326,-7.350230335344008,-6.400324343693114,-7.3502281358873915,-10.23006018221156,-14.10827662550355,-14.108270689136418,0.6989984415367436,0.7199912582711798,0.7266253902852853,0.7199912797178895,0.6989984860281458,0.0940262314101461,0.061438964275589085,0.050561409966649956,0.06143892241811143,0.09402614907699325,0.0,0.0,0.0,0.0,0.0,off,off,off,off,off
105.07499999999585,0.3,22.522500000000374,-10.206279334186434,-7.325820862608339,-6.3756984847637455,-7.32581866815724,-10.206275009796002,-14.085226114659804,-14.085220190966766,0.6989876889723788,0.7200512759483736,0.7267161337048414,0.7200512974301025,0.698987733565075,0.09435262430598167,0.061606305678251094,0.050654155633626435,0.06160626370670835,0.09435254172127196,0.0,0.0,0.0,0.0,0.0,off,off,off,off,off
105.32499999999584,0.3,22.597500000000377,-10.182505195296017,-7.3014338207254355,-6.351099883703512,-7.3014316312706455,-10.182500880528323,-14.062176353671362,-14.0621704426282,0.6989767419854827,0.7201110822232818,0.7268069643890999,0.7201111037398406,0.6989767866791337,0.0946778762874424,0.061772575535438745,0.05074500135410465,0.061772533450368684,0.09467779345233425,0.0,0.0,0.0,0.0,0.0,off,off,off,off,off
105.57499999999582,0.3,22.67250000000038,-10.158742016679582,-7.277068951327635,-6.32652820875137,-7.277066766864948,-10.158737711511435,-14.03912741354992,-14.039121515132422,0.6989656078026201,0.7201706836774024,0.7268978857816951,0.7201707052285927,0.6989656525969246,0.09500198767151709,0.06193777566487459,0.05083391785699966,0.061937733466798185,0.09500190458711022,0.0,0.0,0.0,0.0,0.0,off,off,off,off,off
105.82499999999581,0.3,22.747500000000382,-10.134989717376754,-7.252726000383518,-6.30198312778947,-7.252723820900485,-10.134985421795704,-14.016079364227494,-14.016073478411386,0.6989542936446443,0.720230086833091,0.7269888958296788,0.7202301084187434,0.6989543385392933,0.09532495859423029,0.06210190779075741,0.050920838396070485,0.06210186548018225,0.09532487526157137,0.0,0.0,0.0,0.0,0.0,off,off,off,off,off
106.0749999999958,0.3,22.822500000000385,-10.111248218246885,-7.228404718098886,-6.277464315702957,-7.228402543578454,-10.111243932230082,-13.993032274577331,-13.99302640133834,0.6989428067185678,0.7202892981460969,0.7270799968881537,0.7202893197660577,0.6989428517133001,0.09564678903120202,0.06226497356621457,0.051005767012222494,0.0622649311436362,0.09564670545128978,0.0,0.0,0.0,0.0,0.0,off,off,off,off,off
106.32499999999578,0.3,22.897500000000388,-10.087517441874866,-7.2041048588639,-6.252971453422333,-7.204102689303056,-10.087513165404175,-13.969986212433696,-13.969980351747608,0.6989311542097337,0.7203483239996133,0.7271711916581867,0.7203483456536932,0.6989311993042929,0.09596747881837776,0.06242697459158614,0.051088716176220614,0.06242693205749125,0.09596739499216843,0.0,0.0,0.0,0.0,0.0,off,off,off,off,off
106.57499999999577,0.3,22.97250000000039,-10.063797312505642,-7.179826181256715,-6.228504227727171,-7.179824016645341,-10.06379304557231,-13.946941244610969,-13.946935396453682,0.6989193432746557,0.7204071706994953,0.7272624829795127,0.7204071923875278,0.6989193884687741,0.09628702767135017,0.06258791242931286,0.05116969776806342,0.06258786978418078,0.09628694359976189,0.0,0.0,0.0,0.0,0.0,off,off,off,off,off
106.82499999999575,0.3,23.047500000000394,-10.040087755980494,-7.155568447944631,-6.204062331054672,-7.1555662882771,-10.040083498563718,-13.923897436922516,-13.923891601269986,0.6989073810346845,0.7204658444708417,0.7273538738007793,0.72046586619265,0.6989074263281404,0.09660543520283356,0.06274778861605203,0.051248723071461035,0.06274774586035614,0.09660535088675104,0.0,0.0,0.0,0.0,0.0,off,off,off,off,off
107.07499999999574,0.3,23.122500000000397,-10.016388699686615,-7.131331425505152,-6.1796454614016625,-7.131329270765093,-10.016384451766328,-13.900854854198542,-13.900849031026837,0.698895274570434,0.7205243604177539,0.7274453671545612,0.720524382179598,0.6988953199630152,0.09692270093828063,0.06290659978594228,0.05132580284942682,0.06290655691522512,0.09692261637855865,0.0,0.0,0.0,0.0,0.0,off,off,off,off,off
107.32499999999573,0.3,23.1975000000004,-9.992700072618675,-7.107114896960979,-6.155253322001954,-7.107112747149188,-9.992695834179585,-13.877813560304162,-13.877807749589408,0.6988830309166515,0.7205828340149223,0.727536965305668,0.7205828558273183,0.6988830764081434,0.0972388243297628,0.06306418555439999,0.05140094169112282,0.06306414254062728,0.09723873952722965,0.0,0.0,0.0,0.0,0.0,off,off,off,off,off
107.57499999999571,0.3,23.272500000000402,-9.969021806360331,-7.08291868269589,-6.130885617163187,-7.082916537809808,-9.969017577383624,-13.854773618161232,-13.854767819879498,0.6988706570553096,0.7206413205640694,0.7276286625753873,0.7206413424294372,0.6988707026455153,0.09755380476829449,0.06322036350527083,0.051474072233225816,0.06322032033967398,0.09755371972375515,0.0,0.0,0.0,0.0,0.0,off,off,off,off,off
107.8249999999957,0.3,23.347500000000405,-9.945353835409321,-7.058742608656644,-6.106542058121477,-7.058740468686381,-9.945349615883913,-13.831735089775009,-13.83172930390242,0.698858159911009,0.7206998493011879,0.7277204555889099,0.720699871221702,0.6988582055997177,0.09786764159478231,0.06337507034839045,0.05154517935989675,0.06337502702570688,0.09786755630902068,0.0,0.0,0.0,0.0,0.0,off,off,off,off,off
108.07499999999568,0.3,23.422500000000408,-9.921696096938945,-7.034586500378566,-6.082222365297184,-7.03458436532992,-9.921691886836413,-13.808698036260125,-13.808692262772809,0.6988455463483729,0.7207584466516495,0.7278123430867989,0.7207584686291317,0.698845592135428,0.09818033410972374,0.06352825791815764,0.051614286280486206,0.06352821443393734,0.09818024858350557,0.0,0.0,0.0,0.0,0.0,off,off,off,off,off
108.32499999999567,0.3,23.49750000000041,-9.898048530471726,-7.01045018341415,-6.057926267040671,-7.010448053273024,-9.898044329781612,-13.785662517864466,-13.78565675673866,0.6988328231701473,0.7208171363442207,0.727904324385629,0.7208171583802758,0.6988328690553495,0.0984918815817888,0.06367988462590626,0.051681414754936504,0.06367984097635498,0.09849179581586304,0.0,0.0,0.0,0.0,0.0,off,off,off,off,off
108.57499999999565,0.3,23.572500000000414,-9.874411077684897,-6.9863334837567095,-6.033653499073807,-6.986331358520658,-9.874406886392308,-13.76262859399003,-13.762622845202088,0.6988199971153503,0.7208759397227621,0.7279963992871574,0.7208759618187223,0.6988200430985154,0.09880228325540598,0.06382991449491189,0.05174658473393284,0.06382987067680884,0.09880219725050794,0.0,0.0,0.0,0.0,0.0,off,off,off,off,off
108.82499999999564,0.3,23.647500000000417,-9.850783682211556,-6.9622362282397035,-6.00940380399328,-6.962234107891447,-9.850779500298188,-13.739596323214641,-13.73959058674103,0.6988070748577969,0.7209348760250389,0.7280885680061999,0.7209348981820685,0.698807120938756,0.09911153835746953,0.06397831647372566,0.0518098145901096,0.06397827248435278,0.09911145211432144,0.0,0.0,0.0,0.0,0.0,off,off,off,off,off
109.07499999999563,0.3,23.72250000000042,-9.827166289463833,-6.938158244766555,-5.985176928181829,-6.938156129307288,-9.827162116906607,-13.716565763309575,-13.716560039126591,0.6987940630048908,0.7209939626280246,0.7281808274804441,0.7209939848470526,0.6987941091834894,0.09941964610326169,0.06412506383762072,0.05187108404595586,0.0641250196747005,0.09941955962257432,0.0,0.0,0.0,0.0,0.0,off,off,off,off,off
109.32499999999561,0.3,23.797500000000422,-9.80355884647048,-6.914099362425532,-5.960972617286757,-6.9140972518569015,-9.80355468326411,-13.693536971257174,-13.693531259341398,0.6987809680966537,0.7210532152635492,0.7282731692763538,0.7210532375453413,0.6987810143726935,0.09972660570168154,0.06427013366356983,0.05193032561897746,0.06427008932521129,0.09972651898415567,0.0,0.0,0.0,0.0,0.0,off,off,off,off,off
109.5749999999956,0.3,23.872500000000425,-9.77996130178201,-6.890059411626453,-5.9367906241564015,-6.89005730593675,-9.779957147911318,-13.670510003267907,-13.670504303595692,0.6987677966048289,0.7211126482076023,0.7283655893743775,0.7211126705528199,0.6987678429781401,0.10003241635985599,0.06441350636963936,0.05198756463460234,0.06441346185429006,0.10003232940618415,0.0,0.0,0.0,0.0,0.0,off,off,off,off,off
109.82499999999558,0.3,23.947500000000428,-9.756373605314877,-6.866038224385477,-5.912630707970038,-6.866036123566289,-9.756369460761675,-13.647484914795257,-13.647479227343297,0.698754554932371,0.7211722744461531,0.728458084774233,0.7211722968553226,0.6987546014027924,0.10033707728720415,0.06455516531089707,0.0520428310797023,0.0645551206173009,0.10033699009807122,0.0,0.0,0.0,0.0,0.0,off,off,off,off,off
110.07499999999557,0.3,24.02250000000043,-9.73279570829061,-6.842035634486194,-5.888492633834005,-6.842033538520866,-9.732791573026702,-13.624461760550787,-13.624456085295833,0.6987412494128659,0.7212321058210366,0.7285506532662749,0.7212321282945987,0.6987412959802668,0.10064058769901522,0.06469509642490097,0.05209615196490778,0.0646950515520615,0.10064050027509858,0.0,0.0,0.0,0.0,0.0,off,off,off,off,off
110.32499999999555,0.3,24.097500000000434,-9.709227563117281,-6.818051477630604,-5.864376172399318,-6.818049386525502,-9.709223437127264,-13.601440594517896,-13.601434931436359,0.6987278863102959,0.7212921531580875,0.7286432932877598,0.7212921756963229,0.6987279329745101,0.10094294681959512,0.06483328792067919,0.052147551438399484,0.06483324286782802,0.10094285916156567,0.0,0.0,0.0,0.0,0.0,off,off,off,off,off
110.57499999999554,0.3,24.172500000000436,-9.685669123354785,-6.794085591520172,-5.840281095007356,-6.794083505265235,-9.685665006630927,-13.578421469965008,-13.57841581903375,0.6987144718187098,0.7213524263798394,0.7287359983093936,0.7213524489829898,0.6987145185795527,0.10124415388502983,0.06496973000586637,0.0521969802422771,0.06496968477243474,0.10124406599355351,0.0,0.0,0.0,0.0,0.0,off,off,off,off,off
110.82499999999553,0.3,24.24750000000044,-9.662120343644062,-6.770137815719238,-5.816207172824022,-6.770135734305029,-9.662116236165502,-13.555404439458755,-13.555398800654643,0.6987010120621433,0.7214129346051116,0.7288287596783054,0.7214129572733435,0.6987010589194653,0.10154420814561077,0.06510441464730506,0.05224439608593385,0.06510436923289914,0.10154412002134904,0.0,0.0,0.0,0.0,0.0,off,off,off,off,off
111.07499999999551,0.3,24.322500000000442,-9.638581179623259,-6.746207991731239,-5.792154183443699,-6.746205915155258,-9.638577081381413,-13.53238955487592,-13.532383928175932,0.6986875130946746,0.721473686236001,0.7289215721734289,0.7214737089693954,0.6986875600482939,0.1018431088679577,0.06523733536100329,0.05228983730491112,0.06523728976538251,0.10184302051156789,0.0,0.0,0.0,0.0,0.0,off,off,off,off,off
111.3249999999955,0.3,24.397500000000445,-9.615051587900723,-6.722295963142926,-5.768121910036598,-6.722293891397271,-9.615047498869558,-13.50937686741571,-13.509371252796655,0.6986739809004431,0.7215346890341302,0.7290144317365502,0.7215347118327271,0.6986740279502245,0.10214085533687421,0.06536848702784637,0.05233333936334776,0.06536844125090442,0.10214076674900997,0.0,0.0,0.0,0.0,0.0,off,off,off,off,off
111.57499999999548,0.3,24.472500000000448,-9.591531525991172,-6.698401575703031,-5.744110140991381,-6.698399508784064,-9.5915274461654,-13.486366427610449,-13.486360825049246,0.698660421393847,0.7215959501878105,0.7291073352820554,0.7215959730515863,0.6986604685395988,0.10243744685696546,0.06549786573190128,0.05237493375621726,0.0654978197736494,0.10243735803827726,0.0,0.0,0.0,0.0,0.0,off,off,off,off,off
111.82499999999547,0.3,24.54750000000045,-9.568020952318875,-6.674524677334887,-5.720118665762811,-6.674522615224532,-9.568016881682524,-13.463358285336938,-13.46335269481068,0.698646840419648,0.7216574763712411,0.7292002761528578,0.7216574993001686,0.6986468876612079,0.10273288275404695,0.06562546861854027,0.052414577921204936,0.06562542247909267,0.10273279370518291,0.0,0.0,0.0,0.0,0.0,off,off,off,off,off
112.07499999999546,0.3,24.622500000000453,-9.544519826143073,-6.650665117937706,-5.696147272092901,-6.650663060637328,-9.54451576467153,-13.440352489827205,-13.440346911312986,0.6986332437533471,0.7217192737971363,0.7292932442712706,0.7217192967910967,0.698633291090575,0.10302716237636682,0.06575129376994607,0.05245221850048378,0.0657512474495073,0.10302707309797218,0.0,0.0,0.0,0.0,0.0,off,off,off,off,off
112.32499999999544,0.3,24.697500000000456,-9.521028107536438,-6.626822749444273,-5.672195753700464,-6.626820696943582,-9.52102405520742,-13.417349089679192,-13.417343523154159,0.6986196371014831,0.7217813482623973,0.729386233084364,0.7217813713212676,0.6986196845342307,0.10332028509566105,0.06587534009586601,0.052487901493219864,0.06587529359471958,0.10332019558837795,0.0,0.0,0.0,0.0,0.0,off,off,off,off,off
112.57499999999543,0.3,24.77250000000046,-9.49754575735443,-6.602997425878982,-5.648263909758953,-6.602995378166554,-9.4975417141668,-13.394348132866298,-13.394342578307601,0.6986060261020012,0.7218437051882841,0.7294792374994067,0.7218437283119156,0.6986060736300646,0.10361225030806248,0.06599760723774362,0.052521669467891226,0.06599756055624191,0.1036121605725324,0.0,0.0,0.0,0.0,0.0,off,off,off,off,off
112.82499999999541,0.3,24.847500000000462,-9.47407273627715,-6.5791890034159906,-5.624351543525222,-6.57918696048398,-9.474068702206466,-13.371349666746084,-13.371344124130985,0.6985924165982879,0.7219063496557543,0.7295722525149478,0.7219063728439614,0.6985924642221638,0.10390305731844897,0.06611809548458843,0.05255353570276196,0.06611804862314456,0.10390296735496211,0.0,0.0,0.0,0.0,0.0,off,off,off,off,off
113.0749999999954,0.3,24.922500000000465,-9.45060898736898,-6.555397339894057,-5.600458455048283,-6.555395301732801,-9.45060496238682,-13.348353737998309,-13.348348207304014,0.6985788246674458,0.7219692864380053,0.7296652671215905,0.7219693096905846,0.6985788723906617,0.10419269468147979,0.06623680569914066,0.05258340194795559,0.06623675865822037,0.10419260448509358,0.0,0.0,0.0,0.0,0.0,off,off,off,off,off
113.32499999999538,0.3,24.997500000000468,-9.427154456822905,-6.53162229435668,-5.576584447460959,-6.531620260949637,-9.42715044091426,-13.325360392561436,-13.325354873765377,0.698565269166429,0.7220325200292357,0.7297582723356667,0.7220325433459819,0.6985653169899944,0.10448113260555711,0.06635373925305539,0.05261130109725629,0.06635369203317086,0.10448104217229023,0.0,0.0,0.0,0.0,0.0,off,off,off,off,off
113.57499999999537,0.3,25.07250000000047,-9.403709100780418,-6.507863727542656,-5.552729329839451,-6.507861698896477,-9.403705093935855,-13.302369675718182,-13.30236416879768,0.6985517582590327,0.7220960546676011,0.7298512615230216,0.7220960780482273,0.6985518061827335,0.10476835688514932,0.06646889797000799,0.05263728748951512,0.06646885057171181,0.1047682662147572,0.0,0.0,0.0,0.0,0.0,off,off,off,off,off
113.82499999999536,0.3,25.147500000000473,-9.38027287902952,-6.4841215021383505,-5.528892914664084,-6.484119478234902,-9.380268881227096,-13.279381632136563,-13.27937613706888,0.6985382963598593,0.722159894355931,0.7299442278072173,0.722159917800202,0.698538344383165,0.105054366092178,0.06658228407575795,0.052661357557134136,0.06658223649963832,0.10505427518579595,0.0,0.0,0.0,0.0,0.0,off,off,off,off,off
114.07499999999534,0.3,25.222500000000476,-9.356845753707546,-6.460395482644913,-5.505075010353153,-6.460393463487662,-9.35684176492913,-13.256396305893418,-13.256390822655874,0.6985248867949968,0.7222240428809543,0.7300371586901482,0.7222240663885624,0.6985249349172902,0.10533916305697688,0.06669390015431675,0.052683412522405854,0.06669385240099285,0.10533907191612098,0.0,0.0,0.0,0.0,0.0,off,off,off,off,off
114.32499999999533,0.3,25.29750000000048,-9.333427688720917,-6.436685535367928,-5.481275429774655,-6.4366835209415285,-9.333423708948942,-13.233413740492551,-13.23340826906258,0.6985115326623672,0.7222885038299766,0.7301300444947818,0.7222885274006527,0.698511580883041,0.10562275167097679,0.06680374910946678,0.052703514770868924,0.06680370117958476,0.1056226602972092,0.0,0.0,0.0,0.0,0.0,off,off,off,off,off
114.57499999999531,0.3,25.372500000000482,-9.31001864946154,-6.412991528523719,-5.4574939912812965,-6.412989518815607,-9.310014678681341,-13.210433978879962,-13.210428519234995,0.6984982371053833,0.7223532806053081,0.7302228773564453,0.722353304238764,0.6984982854238578,0.10590513583211311,0.06691183413097962,0.05272170274055309,0.06691178602520909,0.10590504422693678,0.0,0.0,0.0,0.0,0.0,off,off,off,off,off
114.8249999999953,0.3,25.447500000000485,-9.286618602585747,-6.3893133321729465,-5.433730509783459,-6.389311327172379,-9.28661464077635,-13.187457063456975,-13.187451615574616,0.6984850033876915,0.7224183764374356,0.730315644151575,0.7224184001333689,0.6984850518034466,0.10618631912732135,0.0670181586649587,0.05273785135979413,0.06701811038398976,0.10618622729215275,0.0,0.0,0.0,0.0,0.0,off,off,off,off,off
115.07499999999528,0.3,25.522500000000488,-9.263227515857523,-6.365650817980793,-5.409984802214524,-6.365648817676515,-9.26322356299778,-13.16448303609269,-13.16447759995043,0.6984718349016844,0.7224837930133139,0.7304083326609437,0.7224838167710104,0.6984718834142375,0.10646630476352037,0.06712271742392033,0.05275201845013336,0.0671226689651885,0.10646621269968874,0.0,0.0,0.0,0.0,0.0,off,off,off,off,off
115.32499999999527,0.3,25.59750000000049,-9.239845358035836,-6.34200386157346,-5.386256689982645,-6.3420018659614925,-9.239841414111993,-13.141511938134386,-13.141506513709885,0.6984587351562827,0.7225495295823946,0.7305009317792903,0.7225495534015485,0.6984587837651683,0.10674509557928999,0.06722544540591786,0.052764189328785835,0.0672253967629626,0.1067450032880427,0.0,0.0,0.0,0.0,0.0,off,off,off,off,off
115.57499999999526,0.3,25.672500000000493,-9.21647209890017,-6.318372343720512,-5.362545990004378,-6.318370352795625,-9.216468163903357,-13.118543810418828,-13.11853839768969,0.6984457077591492,0.7226155928331407,0.7305934251207936,0.7226156167139038,0.6984457564639205,0.10702269408002134,0.06732631270964655,0.05277426844579367,0.06732626388171369,0.10702260156253368,0.0,0.0,0.0,0.0,0.0,off,off,off,off,off
115.82499999999524,0.3,25.747500000000496,-9.19310770919708,-6.294756146545467,-5.3388525237527915,-6.294754160301011,-9.19310378309956,-13.095578693282732,-13.095573292226675,0.6984327563989793,0.7226819898707967,0.7306857982598496,0.7226820138132655,0.6984328051992666,0.10729910247735018,0.06742531172858132,0.05278228002950143,0.06742526271534759,0.10729900973473322,0.0,0.0,0.0,0.0,0.0,off,off,off,off,off
116.07499999999523,0.3,25.8225000000005,-9.169752160486269,-6.271155153084692,-5.3151761078254935,-6.271153171510036,-9.169748243279116,-13.072616626572255,-13.072611237167052,0.6984198848294826,0.7227487271511622,0.7307780313051996,0.722748751155387,0.6984199337248898,0.10757432272672322,0.06752243694927726,0.0527880918318576,0.06752238775056862,0.10757422976003117,0.0,0.0,0.0,0.0,0.0,off,off,off,off,off
116.32499999999521,0.3,25.897500000000502,-9.146405425066405,-6.247569247133356,-5.291516556494344,-6.247567270220827,-9.146401516745698,-13.04965764965192,-13.049652271875573,0.6984070968549221,0.7228158105340807,0.7308701014675623,0.7228158346000519,0.6984071458450618,0.10784835656138572,0.06761768425927375,0.05279155178644031,0.0676176348750452,0.1078482633716237,0.0,0.0,0.0,0.0,0.0,off,off,off,off,off
116.5749999999952,0.3,25.972500000000505,-9.123067475869448,-6.223998312789092,-5.2678736553068575,-6.22399634053528,-9.123063576409265,-13.026701801413367,-13.026696435243537,0.6983943963174915,0.7228832453439338,0.7309619645707982,0.7228832694715843,0.6983944454020515,0.10812120552255965,0.06771105078669182,0.05279230286243671,0.06771100121701215,0.1081211121106889,0.0,0.0,0.0,0.0,0.0,off,off,off,off,off
116.82499999999519,0.3,26.047500000000507,-9.099738286289664,-6.200442231310035,-5.244247074900443,-6.200440263706184,-9.09973439568239,-13.003749120281384,-13.003743765695958,0.6983817870864457,0.7229510364308475,0.7310534976944044,0.722951060620086,0.6983818362650821,0.10839287098604636,0.06780253476494118,0.05279230286243671,0.06780248500998026,0.10839277735298959,0.0,0.0,0.0,0.0,0.0,off,off,off,off,off
117.07499999999517,0.3,26.12250000000051,-9.07641783001958,-6.176900882566201,-5.220636631138802,-6.176898919599807,-9.076413948249183,-12.98079964422061,-12.980794301197818,0.6983692730486419,0.7230191882137825,0.7311446784676742,0.7230192124644913,0.6983693223210465,0.10866335418560719,0.06789213541282568,0.05279230286243671,0.06789208547284237,0.10866326033225399,0.0,0.0,0.0,0.0,0.0,off,off,off,off,off
117.32499999999516,0.3,26.197500000000513,-9.053106080985515,-6.153374146590011,-5.197042181943118,-6.153372188249421,-9.053102208025848,-12.957853410740256,-12.95784807925827,0.6983568581000759,0.723087700794757,0.7312355107305939,0.723087725105761,0.6983569074659801,0.10893265623348893,0.06797983258975525,0.05279230286243671,0.06797978245921336,0.10893256216069831,0.0,0.0,0.0,0.0,0.0,off,off,off,off,off
117.57499999999514,0.3,26.272500000000516,-9.029803013173023,-6.129861898900003,-5.173463587183733,-6.129859945176463,-9.029799149005555,-12.934910456899047,-12.93490513693564,0.6983445461388116,0.7231565662007767,0.7313259982789413,0.7231565905710724,0.6983445955979348,0.1092007781384317,0.06806555800252304,0.05279230286243671,0.06806550767808504,0.10920068384703628,0.0,0.0,0.0,0.0,0.0,off,off,off,off,off
117.82499999999513,0.3,26.34750000000052,-9.006508600560949,-6.106364018500415,-5.149900708420262,-6.106362069379429,-9.006504745173174,-12.911970819307044,-12.911965510840446,0.6983323410585995,0.7232257823350939,0.7314161448637683,0.7232258067640323,0.6983323906106557,0.10946772082146032,0.06814931254302624,0.05279230286243671,0.06814926202637898,0.10946762631227028,0.0,0.0,0.0,0.0,0.0,off,off,off,off,off
118.07499999999511,0.3,26.42250000000052,-8.98322281724029,-6.082880387525734,-5.1263534089897576,-6.082878442999402,-8.983218970614075,-12.889034534130587,-12.889029237139027,0.698320246742868,0.7232953478909314,0.7315059541911508,0.7232953723778837,0.6983202963875923,0.10973348512973405,0.06823111040742251,0.05279230286243671,0.06823105970023459,0.10973339040353947,0.0,0.0,0.0,0.0,0.0,off,off,off,off,off
118.3249999999951,0.3,26.497500000000525,-8.959945637447504,-6.059410890901347,-5.102821554059062,-6.059408950971715,-8.959941799569151,-12.866101637096222,-12.866096351557758,0.6983082670596837,0.7233652618155256,0.7315954299224294,0.7233652863598687,0.6983083167968072,0.10999807184869091,0.06831096511076327,0.05279230286243671,0.06831091421461567,0.10999797690626378,0.0,0.0,0.0,0.0,0.0,off,off,off,off,off
118.57499999999509,0.3,26.572500000000527,-8.936677035606294,-6.03595541620291,-5.079305010679434,-6.0359534808551984,-8.936673206459773,-12.843172163494387,-12.843166889387248,0.6982964058573502,0.7234355232688732,0.7316845756745433,0.7234355478700565,0.6982964556866158,0.11026148171269423,0.06838888942661499,0.05279230286243671,0.06838883834301057,0.1102613865547911,0.0,0.0,0.0,0.0,0.0,off,off,off,off,off
118.82499999999507,0.3,26.64750000000053,-8.913416986369214,-6.0125138535229325,-5.055803647832818,-6.0125119227481605,-8.913413165934344,-12.820246148184651,-12.820240885487124,0.6982846669605862,0.7235061315907015,0.7317733950204113,0.7235061562481836,0.6982847168817515,0.1105237154143633,0.06846489548070975,0.05279230286243671,0.06846484421108245,0.11052362004172744,0.0,0.0,0.0,0.0,0.0,off,off,off,off,off
119.07499999999506,0.3,26.722500000000533,-8.890165464639324,-5.989086095063101,-5.032317336453218,-5.9890841688491605,-8.890161652901554,-12.797323625600484,-12.797318374290967,0.6982730541672575,0.7235770856984717,0.7318618914893825,0.7235771104113244,0.6982731041800695,0.11078477361274898,0.06853899186693332,0.05279230286243671,0.06853894041010333,0.11078467802611115,0.0,0.0,0.0,0.0,0.0,off,off,off,off,off
119.32499999999504,0.3,26.797500000000536,-8.866922445482885,-5.965672028964036,-5.008845949213992,-5.965670107305584,-8.866918642426128,-12.774404629753747,-12.774399389810412,0.6982615712458403,0.7236483754918445,0.7319500685683077,0.7236484002584116,0.6982616213500537,0.11104465694049381,0.0686111203216304,0.05279230286243671,0.0686110686706511,0.11104456114057427,0.0,0.0,0.0,0.0,0.0,off,off,off,off,off
119.57499999999503,0.3,26.87250000000054,-8.843687903964849,-5.942271542922924,-4.985389360160923,-5.942269625809047,-8.843684109583933,-12.75148919423765,-12.75148396563884,0.6982502219334816,0.7237199927103815,0.7320379297030165,0.7237200175296796,0.6982502721288243,0.11130336601009579,0.06868125870525461,0.05279230286243671,0.06868120686263668,0.11130326999760562,0.0,0.0,0.0,0.0,0.0,off,off,off,off,off
119.82499999999501,0.3,26.94750000000054,-8.82046181524231,-5.918884528332967,-4.961947444842622,-5.918882615756559,-8.820458029519727,-12.728577352230559,-12.728572134955016,0.6982390099337236,0.7237919323251132,0.7321254782984576,0.7237919571962411,0.6982390602199586,0.11156090141938627,0.06874943182063424,0.05279230286243671,0.06874937978903124,0.11156080519502933,0.0,0.0,0.0,0.0,0.0,off,off,off,off,off
120.074999999995,0.3,27.022500000000544,-8.797244154614475,-5.8955108793919635,-4.938520080396813,-5.895508971340803,-8.797240377519984,-12.705669136499978,-12.7056639305261,0.6982279389146435,0.7238641900428597,0.7322127177189479,0.7238642149650042,0.69822798929157,0.11181726375632514,0.0688156631652062,0.05279230286243671,0.06881561094704819,0.11181716732079677,0.0,0.0,0.0,0.0,0.0,off,off,off,off,off
120.32499999999499,0.3,27.097500000000547,-8.774034897571823,-5.872150492926323,-4.915107145633044,-5.872148589387393,-8.77403112909883,-12.682764579406069,-12.68275938471254,0.6982170125072624,0.7239367621891983,0.7322996512884267,0.7239367871616132,0.6982170629746173,0.11207245360318871,0.06887997421112527,0.05279230286243671,0.06887992180864597,0.1120723569571778,0.0,0.0,0.0,0.0,0.0,off,off,off,off,off
120.57499999999497,0.3,27.17250000000055,-8.750834019855006,-5.848803268219001,-4.89170852107361,-5.848801369188607,-8.750830259987083,-12.659863712907168,-12.659858529472444,0.6982062343041529,0.7240096456217149,0.7323862822908117,0.7240096706436846,0.6982062848616999,0.11232647154023166,0.06894238466846811,0.05279230286243671,0.06894233208373039,0.11232637468442229,0.0,0.0,0.0,0.0,0.0,off,off,off,off,off
120.82499999999496,0.3,27.247500000000553,-8.727641497462344,-5.825469104989395,-4.86832408896089,-5.825467210453212,-8.727637746176697,-12.63696656856331,-12.636961396366075,0.6981956078583843,0.724082834618312,0.732472613970441,0.7240828596882979,0.6981956585059058,0.11257931814888457,0.06900288751634387,0.05279230286243671,0.0690028347433271,0.11257922108395564,0.0,0.0,0.0,0.0,0.0,off,off,off,off,off
121.07499999999494,0.3,27.322500000000556,-8.704457306450252,-5.802147897577186,-4.844953732867623,-5.802146007532372,-8.704453563744323,-12.614073177541059,-12.61406801655994,0.6981851366831893,0.7241563160836707,0.7325586495335695,0.7241563412002621,0.6981851874204141,0.1128309940145388,0.06906141334478935,0.05279230286243671,0.06906136038193618,0.11283089674116455,0.0,0.0,0.0,0.0,0.0,off,off,off,off,off
121.32499999999493,0.3,27.39750000000056,-8.681281422641177,-5.778839543176673,-4.821597337570893,-5.778837657603731,-8.68127768848052,-12.591183570615499,-12.591178420829465,0.6981748244105724,0.724230082163743,0.7326443921491521,0.7242301073259145,0.698174875237694,0.1130814996733871,0.06911798245941639,0.05279230286243671,0.06911792931017076,0.1130814021921054,0.0,0.0,0.0,0.0,0.0,off,off,off,off,off
121.57499999999492,0.3,27.47250000000056,-8.658113805287371,-5.7555439418292735,-4.798254789178202,-5.755542060723712,-8.65811007966289,-12.568297778118506,-12.568292639506012,0.6981646880573844,0.7243041265130327,0.7327298449489505,0.7243041517198264,0.6981647389789088,0.11333082304983538,0.06917262662466628,0.05279230286243671,0.0691725732921362,0.11333072535511912,0.0,0.0,0.0,0.0,0.0,off,off,off,off,off
121.8249999999949,0.3,27.547500000000564,-8.63495440948185,-5.732260995550519,-4.774925975205235,-5.73225911890961,-8.634950692373138,-12.545415829836713,-12.545410702376671,0.698154750022173,0.7243784437283601,0.7328150110277516,0.7243784689789038,0.6981548010392779,0.11357892495498825,0.06922537436245971,0.05279230286243671,0.06922532084944508,0.11357882704151288,0.0,0.0,0.0,0.0,0.0,off,off,off,off,off
122.07499999999489,0.3,27.622500000000567,-8.611803202137708,-5.708990608510987,-4.751610784607578,-5.708988736314666,-8.611799493525211,-12.522537755086262,-12.522532638757184,0.6981450161749123,0.7244530292100386,0.732899893443715,0.7244530545035881,0.6981450672871496,0.11382578890624048,0.06927625136599094,0.05279230286243671,0.0692761976750263,0.1138256907738892,0.0,0.0,0.0,0.0,0.0,off,off,off,off,off
122.32499999999487,0.3,27.69750000000057,-8.58866015435558,-5.685732684173615,-4.728309107743996,-5.685730816413809,-8.58865645421713,-12.499663582760718,-12.499658477541686,0.6981354875894413,0.724527874931358,0.7329844952188932,0.7245279002660996,0.6981355387959978,0.11407141646808387,0.06932523663239948,0.05279230286243671,0.06932518275408772,0.11407131811841484,0.0,0.0,0.0,0.0,0.0,off,off,off,off,off
122.57499999999486,0.3,27.772500000000573,-8.565525239444526,-5.6624871208994705,-4.70502083597313,-5.662485257563787,-8.565521547776711,-12.476793341355176,-12.476788247224988,0.6981261643021248,0.7246029674701593,0.7330688193407218,0.7246029928448492,0.6981262156020966,0.11431581418596998,0.06937226741672005,0.05279230286243671,0.06937221335318845,0.11431571562089587,0.0,0.0,0.0,0.0,0.0,off,off,off,off,off
122.82499999999484,0.3,27.847500000000576,-8.542398432228367,-5.639253820531508,-4.681745861609045,-5.639251961605282,-8.542394749012885,-12.453927058980412,-12.453921975917922,0.6981170463440038,0.7246782983263611,0.7331528687625496,0.7246783237399396,0.6981170977365748,0.11455898937542625,0.06941737964987552,0.05279230286243671,0.06941732540507195,0.11455889059683416,0.0,0.0,0.0,0.0,0.0,off,off,off,off,off
123.07499999999483,0.3,27.92250000000058,-8.519279708722308,-5.616032688079031,-4.658484078095171,-5.616030833555897,-8.519276033940912,-12.431064763374593,-12.431059691358598,0.6981081340069782,0.7247538604025626,0.7332366464035766,0.7247538858540717,0.6981081854913977,0.11480094894810373,0.0694606105346063,0.05279230286243671,0.06946055611201636,0.11480084995775684,0.0,0.0,0.0,0.0,0.0,off,off,off,off,off
123.32499999999482,0.3,27.99750000000058,-8.496169045982299,-5.592823631415683,-4.6352353801244135,-5.592821781291718,-8.49616537961225,-12.408206481913794,-12.40820142092332,0.6980994278847419,0.7248296477284676,0.7333201551489277,0.72482967321705,0.6980994794603357,0.1150416991452854,0.06950199294709655,0.05279230286243671,0.06950193834981203,0.11504159994481,0.0,0.0,0.0,0.0,0.0,off,off,off,off,off
123.5749999999948,0.3,28.072500000000584,-8.473066421928138,-5.5696265594028205,-4.611999663699976,-5.569624713665519,-8.473062763952953,-12.385352241620978,-12.385347191635162,0.6980909288512069,0.7249056530546774,0.7334033978498814,0.724905678578824,0.6980909805173418,0.11528124553377364,0.0695415251845552,0.05279230286243671,0.06954147040488273,0.11528114612466787,0.0,0.0,0.0,0.0,0.0,off,off,off,off,off
123.82499999999479,0.3,28.147500000000587,-8.449971815062668,-5.546441375246445,-4.588776825794241,-5.5464395338825625,-8.449968165467965,-12.362502069173956,-12.36249703017188,0.6980826380249419,0.7249818624003417,0.7334863773251696,0.7249818879586135,0.6980826897810316,0.11551959307070198,0.06957912709629147,0.05279230286243671,0.06957907213406038,0.11551949345435135,0.0,0.0,0.0,0.0,0.0,off,off,off,off,off
124.07499999999477,0.3,28.22250000000059,-8.426885204276005,-5.523267984623487,-4.565566764192226,-5.523266147629499,-8.426881563058998,-12.3396559909105,-12.339650962871247,0.6980745567331249,0.7250582658184865,0.7335690963617765,0.7250582914097388,0.6980746085785952,0.11575674618019519,0.0696148344796866,0.05279230286243671,0.06961477933956184,0.11575664635788707,0.0,0.0,0.0,0.0,0.0,off,off,off,off,off
124.32499999999476,0.3,28.297500000000593,-8.403806568857817,-5.500106296846809,-4.5423693777109975,-5.500104464209528,-8.403802935992076,-12.31681403283369,-12.316809015736283,0.6980666864783587,0.7251348553244407,0.7336515577147217,0.7251348809477086,0.6980667384127361,0.11599270882585053,0.06964869195520988,0.05279230286243671,0.069648636641231,0.11599260879878662,0.0,0.0,0.0,0.0,0.0,off,off,off,off,off
124.57499999999474,0.3,28.372500000000596,-8.380735888483116,-5.476956224297908,-4.519184566325237,-5.476954396000565,-8.380732263950847,-12.293976220616571,-12.293971214440319,0.698059028909608,0.7252116242459149,0.7337337641070997,0.7252116499002422,0.6980590809324311,0.11622748457525245,0.06968073701127689,0.05279230286243671,0.06968068152479774,0.11622738434456022,0.0,0.0,0.0,0.0,0.0,off,off,off,off,off
124.82499999999473,0.3,28.4475000000006,-8.357673143112265,-5.453817676919414,-4.496012231135865,-5.453815852962691,-8.357669526904203,-12.27114257960784,-12.271137584331825,0.6980515857971954,0.7252885612704778,0.7338157182305222,0.7252885869541084,0.698051637908005,0.11646107665628629,0.06971090560422297,0.05279230286243671,0.06971084993445888,0.11646097622302921,0.0,0.0,0.0,0.0,0.0,off,off,off,off,off
125.07499999999472,0.3,28.5225000000006,-8.334618312803116,-5.430690561403367,-4.472852273961109,-5.430688741770325,-8.334614704899764,-12.248313134834348,-12.248308150437992,0.6980443590114309,0.7253656531600695,0.7338974227465751,0.7253656788717469,0.6980444112098213,0.11669348800596305,0.06973917299304265,0.05279230286243671,0.06973911714569324,0.11669338737114916,0.0,0.0,0.0,0.0,0.0,off,off,off,off,off
125.3249999999947,0.3,28.597500000000604,-8.311571377663654,-5.4075747886396925,-4.449704597435755,-5.407572973311517,-8.311567778042729,-12.22548791100445,-12.22548293746695,0.6980373505038762,0.7254428903073226,0.7339788802869034,0.7254429160459972,0.6980374027894687,0.11692472131265297,0.06976559623972806,0.05279230286243671,0.06976554021986474,0.11692462047724217,0.0,0.0,0.0,0.0,0.0,off,off,off,off,off
125.57499999999469,0.3,28.672500000000607,-8.288532317934425,-5.384470273047043,-4.42656910521481,-5.384468462026177,-8.288528726586037,-12.202666932510738,-12.202661969811345,0.6980305622908508,0.7255202648383104,0.7340600934530155,0.7255202906029228,0.6980306146632519,0.11715477905258916,0.06979022152751382,0.05279230286243671,0.06979016533666618,0.1171546780174997,0.0,0.0,0.0,0.0,0.0,off,off,off,off,off
125.82499999999467,0.3,28.74750000000061,-8.26550111399007,-5.361376926474691,-4.4034457019479305,-5.36137511973817,-8.265497530889036,-12.179850223433561,-12.179845271551528,0.6980239964393907,0.725597764615154,0.7341410648166955,0.7255977904040011,0.6980240488982632,0.11738366352141107,0.06981297046222032,0.05279230286243671,0.0698129140886826,0.11738356228752535,0.0,0.0,0.0,0.0,0.0,off,off,off,off,off
126.07499999999466,0.3,28.822500000000613,-8.242477746074428,-5.338294657574522,-4.380334292868952,-5.338292855118937,-8.242474171209267,-12.157037807542508,-12.157032866457484,0.6980176550558406,0.7256753757281174,0.7342217969214418,0.7256754015398473,0.6980177076008236,0.11761137686141203,0.06983383177993528,0.05279230286243671,0.06983377523080542,0.11761127542958132,0.0,0.0,0.0,0.0,0.0,off,off,off,off,off
126.32499999999465,0.3,28.897500000000615,-8.219462194384562,-5.315223379674649,-4.3572347839401,-5.3152215814869805,-8.219458627738561,-12.134229708298847,-12.134224777990084,0.698011540275218,0.7257530879113426,0.7343022922824093,0.7257531137448724,0.6980115929059753,0.1178379210850724,0.06985287447982486,0.05279230286243671,0.06985281776106077,0.11783781945612117,0.0,0.0,0.0,0.0,0.0,off,off,off,off,off
126.57499999999463,0.3,28.97250000000062,-8.196454439149079,-5.292163007662623,-4.334147082027528,-5.292161213736335,-8.196450880702855,-12.111425948857004,-12.111421029303926,0.6980056542520378,0.7258308906691684,0.7343825533862757,0.725830916522936,0.6980057069682505,0.11806329809538785,0.06987008397264304,0.05279230286243671,0.06987002707230526,0.11806319627011684,0.0,0.0,0.0,0.0,0.0,off,off,off,off,off
126.82499999999462,0.3,29.04750000000062,-8.173454460445953,-5.269113450237626,-4.311071094564966,-5.269111660559588,-8.173450910184954,-12.088626552066899,-12.088621643249098,0.6979999991530729,0.7259087680473436,0.7344625826924611,0.7259087939197248,0.6980000519544168,0.1182875097034251,0.06988537507865733,0.05279230286243671,0.06988531800008883,0.1182874076826151,0.0,0.0,0.0,0.0,0.0,off,off,off,off,off
127.0749999999946,0.3,29.122500000000624,-8.150462238177852,-5.246074619807132,-4.2880067294790365,-5.246072834363417,-8.150458696091562,-12.065831540474733,-12.065826642371405,0.6979945771507824,0.7259867076434676,0.7345423826336513,0.7259867335332403,0.69799463003693,0.11851055764347661,0.06989883259698723,0.05279230286243671,0.06989877534809416,0.11851045542789082,0.0,0.0,0.0,0.0,0.0,off,off,off,off,off
127.32499999999459,0.3,29.197500000000627,-8.127477752153311,-5.223046429100691,-4.264953895360975,-5.223044647878623,-8.127474218225188,-12.043040936323678,-12.04303604891453,0.6979893904174138,0.7260646959723135,0.7346219556156495,0.7260647218775842,0.697989443388058,0.11873244358614561,0.06991039140591358,0.05279230286243671,0.06991033396778551,0.11873234117653211,0.0,0.0,0.0,0.0,0.0,off,off,off,off,off
127.57499999999457,0.3,29.27250000000063,-8.104500981913588,-5.200028785434029,-4.241912501087938,-5.200027008417749,-8.104497456126296,-12.020254761555861,-12.020249884820487,0.6979844411205612,0.7261427155157529,0.7347013040187044,0.7261427414348899,0.6979844941754026,0.11895316914963958,0.06992001926399656,0.05279230286243671,0.06991996164817488,0.11895306654673343,0.0,0.0,0.0,0.0,0.0,off,off,off,off,off
127.82499999999456,0.3,29.347500000000633,-8.081531906741077,-5.177021599274042,-4.218882455874507,-5.177019826472531,-8.081528389084667,-11.997473037811687,-11.997468171729793,0.6979797314189674,0.7262207510062202,0.7347804301976761,0.7262207769372272,0.6979797845576909,0.11917273590951295,0.06992772074016082,0.05279230286243671,0.06992766293001032,0.11917263311403768,0.0,0.0,0.0,0.0,0.0,off,off,off,off,off
128.07499999999456,0.3,29.422500000000635,-8.058570505563353,-5.154024774297625,-4.195863669005973,-5.154023005693091,-8.05856699601236,-11.974695786430573,-11.974690930981922,0.6979752634591926,0.7262987817496103,0.7348593364830539,0.7262988076903376,0.6979753166815287,0.11939114540707232,0.06993340080613997,0.05279230286243671,0.06993334280216196,0.1193910424197414,0.0,0.0,0.0,0.0,0.0,off,off,off,off,off
128.32499999999456,0.3,29.497500000000624,-8.035616756805496,-5.1310382115538005,-4.172856049585562,-5.131036447136353,-8.035613255344174,-11.951923028449642,-11.951918183613941,0.697971039372949,0.7263767852776504,0.7349380251819277,0.7263768112252965,0.6979710926786024,0.11960839915661942,0.06993693509547527,0.05279230286243671,0.06993687688286757,0.1196082959781372,0.0,0.0,0.0,0.0,0.0,off,off,off,off,off
128.57499999999456,0.3,29.572500000000613,-8.012670638077509,-5.108061794539992,-4.149859505868903,-5.108060034284449,-8.01266714468693,-11.929154784601394,-11.929149950358237,0.6979670612753099,0.726454726690735,0.7350164985800656,0.7264547526391031,0.6979671146639983,0.11982449865169088,0.06993799245970414,0.05279230286243671,0.06993793401208459,0.11982439528275433,0.0,0.0,0.0,0.0,0.0,off,off,off,off,off
128.82499999999456,0.3,29.6475000000006,-7.989732123863007,-5.085095299928639,-4.126873940568942,-5.085093543809137,-7.989728638522308,-11.906391075302452,-11.906386251631659,0.6979633312685048,0.7265324975524113,0.7350947589547586,0.726532523491476,0.6979633847399518,0.12003944537040812,0.06993799245970414,0.05279230286243671,0.06993793401208459,0.12003934181170724,0.0,0.0,0.0,0.0,0.0,off,off,off,off,off
129.07499999999456,0.3,29.72250000000059,-7.966801178803962,-5.062138602819346,-4.103899250718939,-5.062136850825141,-7.9667977014890425,-11.883631920613595,-11.88362710749476,0.6979598595298528,0.7266100607804086,0.7351728085754712,0.7266100867101972,0.6979599130885251,0.12025323538927739,0.06993799245970414,0.05279230286243671,0.06993793401208459,0.12025313163717043,0.0,0.0,0.0,0.0,0.0,off,off,off,off,off
129.32499999999456,0.3,29.79750000000058,-7.9438777468024,-5.03919163618724,-4.080935335427796,-5.039189888310375,-7.9438742774984235,-11.860877340106242,-11.860872537519185,0.6979566803007529,0.7266874185190818,0.7352506496833799,0.7266874444396153,0.6979567339496524,0.1204658212757352,0.06993799245970414,0.05279230286243671,0.06993793401208459,0.12046571732106191,0.0,0.0,0.0,0.0,0.0,off,off,off,off,off
129.57499999999456,0.3,29.872500000000567,-7.920961785697443,-5.016254333020072,-4.057982096372484,-5.0162525892475855,-7.920958324384458,-11.838127352871652,-11.83812256079608,0.697953801715375,0.726764572892991,0.7353282844903339,0.7267645988043038,0.6979538554538035,0.12067717024300696,0.06993799245970414,0.05279230286243671,0.06993793401208459,0.12067706608501741,0.0,0.0,0.0,0.0,0.0,off,off,off,off,off
129.82499999999456,0.3,29.947500000000556,-7.898053261575228,-4.993326626622718,-4.0350394376315535,-4.993324886950006,-7.89804980824357,-11.815381977609661,-11.815377196025395,0.6979512217498399,0.7268415260045461,0.7354057151795778,0.7268415519066499,0.6979512755765644,0.1208872847465889,0.06993799245970414,0.05279230286243671,0.06993793401208459,0.12088718038737743,0.0,0.0,0.0,0.0,0.0,off,off,off,off,off
130.07499999999456,0.3,30.022500000000544,-7.87515214461348,-4.970408450824891,-4.012107265558086,-4.97040671523871,-7.875148699246097,-11.792641232667563,-11.792636461554594,0.6979489370499041,0.7269182799331189,0.7354829439063588,0.7269183058260491,0.6979489909637197,0.12109617595174556,0.06993799245970414,0.05279230286243671,0.06993793401208459,0.12109607139382463,0.0,0.0,0.0,0.0,0.0,off,off,off,off,off
130.32499999999456,0.3,30.097500000000533,-7.852258407744898,-4.947499740106821,-3.9891854886597002,-4.947498008599496,-7.852254970321269,-11.769905136065745,-11.769900375403722,0.6979469445876778,0.7269948367348027,0.7355599727985189,0.7269948626185794,0.6979469985874955,0.12130385568062155,0.06993799245970414,0.05279230286243671,0.06993793401208459,0.12130375092636815,0.0,0.0,0.0,0.0,0.0,off,off,off,off,off
130.57499999999456,0.3,30.17250000000052,-7.829372026057229,-4.92460042970913,-3.9662740174953797,-4.9245987022741815,-7.829368596563199,-11.747173705515365,-11.747168955284167,0.6979452419569788,0.7270711984423323,0.7356368039570329,0.7270712243169722,0.6979452960418141,0.1215103346792021,0.06993799245970414,0.05279230286243671,0.06993793401208459,0.12151022973076141,0.0,0.0,0.0,0.0,0.0,off,off,off,off,off
130.82499999999456,0.3,30.24750000000051,-7.806492976395873,-4.901710455700822,-3.9433727645733256,-4.9017087323332476,-7.806489554814277,-11.724446958434612,-11.724442218614058,0.6979438273562926,0.7271473670651487,0.7357134394565439,0.7271473929306655,0.6979438815252738,0.12171562239273796,0.06993799245970414,0.05279230286243671,0.06993793401208459,0.12171551725203064,0.0,0.0,0.0,0.0,0.0,off,off,off,off,off
131.07499999999456,0.3,30.3225000000005,-7.783621237076602,-4.878829755047093,-3.9204816443018444,-4.878828035729327,-7.78361782339374,-11.701724911961378,-11.701720182531574,0.6979426995097793,0.7272233445894686,0.7357898813457477,0.7272233704459091,0.6979427537621157,0.1219197270764646,0.06993799245970414,0.05279230286243671,0.06993793401208459,0.12191962174521553,0.0,0.0,0.0,0.0,0.0,off,off,off,off,off
131.32499999999456,0.3,30.397500000000488,-7.760756787614298,-4.855958265638776,-3.89760057290016,-4.855956550366955,-7.7607533818206775,-11.6790075829648,-11.679002863905623,0.6979418575851077,0.7272991329784574,0.7358661316478886,0.7272991588258312,0.6979419119200737,0.12212265596171867,0.06993799245970414,0.05279230286243671,0.06993793401208459,0.12212255044148564,0.0,0.0,0.0,0.0,0.0,off,off,off,off,off
131.57499999999456,0.3,30.472500000000476,-7.7378996085734,-4.833095926345152,-3.874729468339922,-4.833094215112908,-7.737896210641338,-11.656294988054356,-11.656290279345853,0.6979413011201745,0.7273747341723347,0.7359421923611639,0.7273747600106593,0.6979413555371581,0.12232441541362012,0.06993799245970414,0.05279230286243671,0.06993793401208459,0.12232430970581964,0.0,0.0,0.0,0.0,0.0,off,off,off,off,off
131.82499999999456,0.3,30.547500000000465,-7.715049681364178,-4.8102426770170155,-3.851868250300754,-4.8102409698154815,-7.715046291273211,-11.633587143588443,-11.633582445210493,0.6979410299606105,0.7274501500886164,0.7360180654590885,0.7274501759179147,0.697941084459034,0.12252501106827451,0.06993799245970414,0.05279230286243671,0.06993793401208459,0.12252490517420292,0.0,0.0,0.0,0.0,0.0,off,off,off,off,off
132.07499999999456,0.3,30.622500000000453,-7.6922069881244965,-4.787398458514474,-3.829016840101019,-4.787396755336545,-7.692203605867178,-11.610884065681319,-11.61087937761431,0.6979410442067364,0.7275253826222778,0.7360937528909249,0.7275254084425685,0.6979410987860337,0.12272444794946831,0.06993799245970414,0.05279230286243671,0.06993793401208459,0.12272434187032195,0.0,0.0,0.0,0.0,0.0,off,off,off,off,off
132.32499999999456,0.3,30.697500000000442,-7.6693715116425665,-4.764563212707401,-3.806175160661269,-4.764561513538297,-7.669368137192862,-11.58818577021043,-11.588181092434127,0.697941344168736,0.7276004336459962,0.7361692565820205,0.7276004594573189,0.6979413988284285,0.12292273056729533,0.06993799245970414,0.05279230286243671,0.06993793401208459,0.12292262430418567,0.0,0.0,0.0,0.0,0.0,off,off,off,off,off
132.57499999999456,0.3,30.77250000000043,-7.646543235212391,-4.741736882465602,-3.783343136463259,-4.74173518729657,-7.64653986856689,-11.565492272820734,-11.565487605315354,0.6979419303290753,0.7276753050104098,0.7362445784341524,0.7276753308127871,0.6979419850686573,0.12311986300135648,0.06993799245970414,0.05279230286243671,0.06993793401208459,0.12311975655532288,0.0,0.0,0.0,0.0,0.0,off,off,off,off,off
132.82499999999456,0.3,30.84750000000042,-7.623722142620636,-4.718919411675927,-3.760520693511353,-4.718917720502816,-7.62371878376581,-11.542803588930724,-11.542798931676543,0.6979428033105436,0.727749998544307,0.7363197203258652,0.7277500243377507,0.6979428581295627,0.12331584897091037,0.06993799245970414,0.05279230286243671,0.06993793401208459,0.12331574234293229,0.0,0.0,0.0,0.0,0.0,off,off,off,off,off
133.07499999999456,0.3,30.922500000000408,-7.600908218063239,-4.696110745226974,-3.7377077592813635,-4.696109058043703,-7.600904866979079,-11.520119733736863,-11.520115086714043,0.6979439638495183,0.7278245160548975,0.7363946841128403,0.7278245418394229,0.6979440187475623,0.12351069189401466,0.06993799245970414,0.05279230286243671,0.06993793401208459,0.1235105850850204,0.0,0.0,0.0,0.0,0.0,off,off,off,off,off
133.32499999999456,0.3,30.997500000000397,-7.578101446079643,-4.673310829004663,-3.714904262702248,-4.673309145799863,-7.57809810275802,-11.497440722217732,-11.497436085406491,0.6979454127734309,0.7278988593280517,0.7364694716281676,0.7278988851036894,0.6979454677500749,0.12370439493737906,0.06993799245970414,0.05279230286243671,0.06993793401208459,0.12370428794825356,0.0,0.0,0.0,0.0,0.0,off,off,off,off,off
133.57499999999456,0.3,31.072500000000385,-7.555301811563368,-4.650519609877392,-3.6921101341104077,-4.650517930642366,-7.555298475979669,-11.474766569138012,-11.474761942518626,0.6979471509816223,0.72797303012856,0.7365440846826954,0.727973055895333,0.697947206036501,0.12389696105838902,0.06993799245970414,0.05279230286243671,0.06993793401208459,0.1238968538899809,0.0,0.0,0.0,0.0,0.0,off,off,off,off,off
133.82499999999456,0.3,31.147500000000374,-7.532509299676576,-4.627737035691496,-3.669325305223083,-4.627735360416011,-7.532505971817841,-11.45209728905212,-11.452092672605033,0.6979491794294682,0.7280470302003723,0.736618525065323,0.7280470559583079,0.6979492345621982,0.12408839304053029,0.06993799245970414,0.05279230286243671,0.06993793401208459,0.12408828569365701,0.0,0.0,0.0,0.0,0.0,off,off,off,off,off
134.07499999999456,0.3,31.222500000000363,-7.509723895857576,-4.60496305524299,-3.646549709105898,-4.604961383920681,-7.509720575712038,-11.429432896307844,-11.429428290013448,0.6979514991148157,0.7281208612668869,0.7366927945433044,0.7281208870160015,0.6979515543250222,0.12427869352324458,0.06993799245970414,0.05279230286243671,0.06993793401208459,0.12427858599869766,0.0,0.0,0.0,0.0,0.0,off,off,off,off,off
134.32499999999456,0.3,31.29750000000035,-7.486945585812748,-4.582197618282407,-3.623783280139378,-4.582195950909011,-7.486942273360626,-11.406773405049591,-11.40676880888833,0.6979541110666115,0.7281945250311531,0.7367668948625539,0.7281945507714583,0.6979541663539504,0.12446786502709602,0.06993799245970414,0.05279230286243671,0.06993793401208459,0.124467757325645,0.0,0.0,0.0,0.0,0.0,off,off,off,off,off
134.57499999999456,0.3,31.37250000000034,-7.4641743554661275,-4.55944067549666,-3.6010259540009883,-4.5594390120591015,-7.464171050695427,-11.384118829220995,-11.384114243173485,0.6979570163354565,0.7282680231761353,0.7368408277479062,0.7282680489076658,0.6979570716995696,0.1246559099749802,0.06993799245970414,0.05279230286243671,0.06993793401208459,0.12465580209737563,0.0,0.0,0.0,0.0,0.0,off,off,off,off,off
134.82499999999456,0.3,31.44750000000033,-7.441410190989529,-4.536692178475903,-3.5782776676292656,-4.536690518968328,-7.441406893883652,-11.361469182569238,-11.361464606615755,0.6979602159854772,0.728341357365007,0.7369145949034239,0.7283413830877782,0.6979602714260259,0.12484283070999587,0.06993799245970414,0.05279230286243671,0.06993793401208459,0.12484272265697283,0.0,0.0,0.0,0.0,0.0,off,off,off,off,off
135.07499999999456,0.3,31.522500000000317,-7.418653078740249,-4.513952079726607,-3.555538359191303,-4.513950424143047,-7.418649789295955,-11.338824478646359,-11.338819912767406,0.6979637110877372,0.7284145292413244,0.7369881980126899,0.7284145549553517,0.6979637666043521,0.12502862951050633,0.06993799245970414,0.05279230286243671,0.06993793401208459,0.1250285212827861,0.0,0.0,0.0,0.0,0.0,off,off,off,off,off
135.32499999999456,0.3,31.597500000000306,-7.395903005322793,-4.491220332630007,-3.5328079680750193,-4.491218680962959,-7.395899723510638,-11.316184730813461,-11.31618017498954,0.6979675027144031,0.7284875404293419,0.7370616387390333,0.7284875661346459,0.6979675583067887,0.12521330860282617,0.06993799245970414,0.05279230286243671,0.06993793401208459,0.12521320020111926,0.0,0.0,0.0,0.0,0.0,off,off,off,off,off
135.57499999999456,0.3,31.672500000000294,-7.373159957505663,-4.468496891455459,-3.5100864348503364,-4.468495243696793,-7.373156683318996,-11.293549952242643,-11.293545406454484,0.6979715919342216,0.7285603925341767,0.7371349187258354,0.7285604182307787,0.6979716476020262,0.1253968701719117,0.06993799245970414,0.05279230286243671,0.06993793401208459,0.1253967615969183,0.0,0.0,0.0,0.0,0.0,off,off,off,off,off
135.82499999999456,0.3,31.747500000000283,-7.35042392209175,-4.445781711324173,-3.487373701248316,-4.4457800674612145,-7.350420655498908,-11.270920155920123,-11.270915620148287,0.6979759802195612,0.7286330871421054,0.7372080395967832,0.7286331128300391,0.6979760359640156,0.1255793162391987,0.06993799245970414,0.05279230286243671,0.06993793401208459,0.1255792074911265,0.0,0.0,0.0,0.0,0.0,off,off,off,off,off
136.07499999999456,0.3,31.82250000000027,-7.327694865542526,-4.423074747867076,-3.4646697101279074,-4.423073107894709,-7.327691606535097,-11.248295354583036,-11.248290828808194,0.6979807052765734,0.7287056258216681,0.7372810029561561,0.7287056515009466,0.6979807611062714,0.12576061495448856,0.06993799245970414,0.05279230286243671,0.06993793401208459,0.12576050602033445,0.0,0.0,0.0,0.0,0.0,off,off,off,off,off
136.32499999999456,0.3,31.89750000000026,-7.304972745669545,-4.400375956503751,-3.4419744054011403,-4.4003743204114585,-7.304969494236445,-11.225675560572881,-11.225671044775765,0.6979857952749183,0.728778010125775,0.7373538103892181,0.7287780357964267,0.697985851188848,0.1259406919712899,0.06993799245970414,0.05279230286243671,0.06993793401208459,0.12594058284613555,0.0,0.0,0.0,0.0,0.0,off,off,off,off,off
136.57499999999456,0.3,31.97250000000025,-7.282257538382964,-4.377685292967101,-3.4192877319503623,-4.377683660748005,-7.282254294499296,-11.203060785932678,-11.203056280093733,0.697991243414108,0.7288502415905057,0.7374264634626347,0.7288502672525486,0.6979912994103507,0.12611954323867788,0.06993799245970414,0.05279230286243671,0.06993793401208459,0.126119433925504,0.0,0.0,0.0,0.0,0.0,off,off,off,off,off
136.82499999999456,0.3,32.047500000000234,-7.259549225450087,-4.355002713634576,-3.3966096356174944,-4.355001085282765,-7.25954598911153,-11.18045104247841,-11.180446546578366,0.69799704119405,0.728922321734418,0.7374989637246845,0.7289223473878678,0.6979970972707948,0.1262971879404655,0.06993799245970414,0.05279230286243671,0.06993793401208459,0.12629707844291638,0.0,0.0,0.0,0.0,0.0,off,off,off,off,off
137.07499999999456,0.3,32.12250000000022,-7.236847791655009,-4.332328175661303,-3.3739400631687886,-4.332326551164101,-7.236844562826263,-11.157846341827621,-11.157841855847323,0.6980031814401811,0.7289942520583826,0.7375713127055442,0.7289942777032732,0.698003237595957,0.12647364542029157,0.06993799245970414,0.05279230286243671,0.06993793401208459,0.12647353574160547,0.0,0.0,0.0,0.0,0.0,off,off,off,off,off
137.32499999999456,0.3,32.19750000000021,-7.2141532238516675,-4.309661637014642,-3.3512789622938044,-4.309660016368468,-7.214150002526708,-11.135246695417266,-11.1352422193375,0.6980096584246808,0.7290660340456744,0.7376435119174733,0.7290660596820155,0.6980097146581626,0.12664893226110985,0.06993799245970414,0.05279230286243671,0.06993793401208459,0.12664882240405662,0.0,0.0,0.0,0.0,0.0,off,off,off,off,off
137.57499999999456,0.3,32.2725000000002,-7.191465510485159,-4.287003056533763,-3.328626281594552,-4.287001439730545,-7.191462296652446,-11.112652114518028,-11.11264764831941,0.6980164676423833,0.729137669161997,0.737715562855028,0.7291376947898089,0.6980165239524483,0.12682306238777713,0.06993799245970414,0.05279230286243671,0.06993793401208459,0.1268229523547282,0.0,0.0,0.0,0.0,0.0,off,off,off,off,off
137.82499999999456,0.3,32.34750000000019,-7.168784641220384,-4.264352393929528,-3.3059819705837867,-4.2643507809641505,-7.168781434857749,-11.090062610243706,-11.090058153907194,0.6980236055820828,0.7292091588556582,0.73778746699524,0.7292091844749558,0.6980236619677855,0.12699604751275315,0.06993799245970414,0.05279230286243671,0.06993793401208459,0.12699593730575348,0.0,0.0,0.0,0.0,0.0,off,off,off,off,off
138.07499999999456,0.3,32.42250000000018,-7.146110606641571,-4.241709609798818,-3.2833459796754028,-4.241708000659116,-7.146107407735087,-11.067478193560476,-11.0674737470668,0.6980310695343355,0.7292805045577176,0.737859225797824,0.7292805301685324,0.6980311259948299,0.12716789755026406,0.06993799245970414,0.05279230286243671,0.06993793401208459,0.12716778717109398,0.0,0.0,0.0,0.0,0.0,off,off,off,off,off
138.32499999999456,0.3,32.497500000000166,-7.123443398022005,-4.219074665606911,-3.2607182601853992,-4.219073060286178,-7.123440206564339,-11.044898875293086,-11.044894438623032,0.6980388574347153,0.729351707682199,0.7379308407053472,0.7293517332845497,0.6980389139692353,0.1273386209595268,0.06993799245970414,0.05279230286243671,0.06993793401208459,0.1273385104097521,0.0,0.0,0.0,0.0,0.0,off,off,off,off,off
138.57499999999456,0.3,32.572500000000154,-7.100783007161681,-4.196447523693621,-3.238098764328811,-4.196445922186911,-7.100779823138225,-11.022324666129691,-11.022320239264445,0.6980469677366198,0.729422769626253,0.7380023131434122,0.7294227952201512,0.6980470243445004,0.12750822502386108,0.06993799245970414,0.05279230286243671,0.06993793401208459,0.12750811430487438,0.0,0.0,0.0,0.0,0.0,off,off,off,off,off
138.82499999999456,0.3,32.64750000000014,-7.078129426249859,-4.173828147238794,-3.2154874452126023,-4.173826549539285,-7.078126249655725,-10.999755576626399,-10.999751159546975,0.6980553993082342,0.7294936917704156,0.738073644520844,0.7294937173558796,0.6980554559888474,0.12767671607690567,0.06993799245970414,0.05279230286243671,0.06993793401208459,0.12767660518995863,0.0,0.0,0.0,0.0,0.0,off,off,off,off,off
139.07499999999456,0.3,32.72250000000013,-7.055482647763881,-4.151216500264525,-3.1928842568254368,-4.151214906359371,-7.055479478576899,-10.97719161721028,-10.977187209897693,0.698064151349037,0.7295644754787712,0.7381448362298871,0.7295645010558366,0.6980642081018533,0.12784409968585025,0.06993799245970414,0.05279230286243671,0.06993793401208459,0.12784398863208088,0.0,0.0,0.0,0.0,0.0,off,off,off,off,off
139.32499999999456,0.3,32.79750000000012,-7.032842664391012,-4.128612547591558,-3.17028915403489,-4.128610957471324,-7.03283950259339,-10.95463279818182,-10.954628400617082,0.69807322332217,0.7296351220992358,0.7382158896463804,0.7296351476679274,0.69807328014669,0.12801038079983557,0.06993799245970414,0.05279230286243671,0.06993793401208459,0.12801026958028874,0.0,0.0,0.0,0.0,0.0,off,off,off,off,off
139.57499999999456,0.3,32.87250000000011,-7.010209468963808,-4.106016254833889,-3.147702092588986,-4.106014668491241,-7.010206314537186,-10.932079129716783,-10.932074741881195,0.6980826148996695,0.7297056329637341,0.7382868061299129,0.7297056585240708,0.6980826717954293,0.12817556387013984,0.06993799245970414,0.05279230286243671,0.06993793401208459,0.12817545248578513,0.0,0.0,0.0,0.0,0.0,off,off,off,off,off
139.82499999999456,0.3,32.9475000000001,-6.987583054421634,-4.083427588375571,-3.1251230290927765,-4.083426005808917,-6.987579907357201,-10.90953062186901,-10.909526243743471,0.698092325918083,0.7297760093884225,0.7383575870240521,0.7297760349404084,0.6980923828846195,0.12833965294751265,0.06993799245970414,0.05279230286243671,0.06993793401208459,0.12833954139925907,0.0,0.0,0.0,0.0,0.0,off,off,off,off,off
140.07499999999456,0.3,33.022500000000086,-6.964963413783266,-4.060846515345361,-3.1025519210065227,-4.060844936541798,-6.9649602740595355,-10.886987284570694,-10.886982916136219,0.6981023563425255,0.7298462526739169,0.7384282336565076,0.7298462782175866,0.6981024133794336,0.12850265176100295,0.06993799245970414,0.05279230286243671,0.06993793401208459,0.12850254004970982,0.0,0.0,0.0,0.0,0.0,off,off,off,off,off
140.32499999999456,0.3,33.097500000000075,-6.942350540125176,-4.038273003588358,-3.079988726636543,-4.038271428542032,-6.9423474077301535,-10.864449127634202,-10.864444768872033,0.6981127062375868,0.729916364105526,0.738498747339313,0.7299163896408943,0.6981127633444523,0.12866456378179575,0.06993799245970414,0.05279230286243671,0.06993793401208459,0.12866445190828232,0.0,0.0,0.0,0.0,0.0,off,off,off,off,off
140.57499999999456,0.3,33.17250000000006,-6.91974442656192,-4.015707021661456,-3.0574334051273127,-4.015705450367761,-6.919741301493218,-10.841916160753385,-10.841911811644934,0.6981233757437951,0.7299863449534174,0.738569129369003,0.7299863704804969,0.6981234329201949,0.128825392274908,0.06993799245970414,0.05279230286243671,0.06993793401208459,0.12882528023996112,0.0,0.0,0.0,0.0,0.0,off,off,off,off,off
140.82499999999456,0.3,33.24750000000005,-6.89714506624631,-3.9931485388028705,-3.0348859164326427,-3.993146971253225,-6.89714194848392,-10.81938839350471,-10.819384054031048,0.6981343650585329,0.7300561964728544,0.7386393810268449,0.7300562219916681,0.6981344223040993,0.12898514034105024,0.06993799245970414,0.05279230286243671,0.06993793401208459,0.12898502814543036,0.0,0.0,0.0,0.0,0.0,off,off,off,off,off
141.07499999999456,0.3,33.32250000000004,-6.874552452349462,-3.9705975249107723,-3.0123462213284142,-3.9705959610956256,-6.874549341883267,-10.79686583534766,-10.796861505490426,0.6981456744206567,0.7301259199044033,0.7387095035789553,0.7301259454149768,0.6981457317350078,0.12914381095052369,0.06993799245970414,0.05279230286243671,0.06993793401208459,0.12914369859496927,0.0,0.0,0.0,0.0,0.0,off,off,off,off,off
141.32499999999456,0.3,33.39750000000003,-6.851966578085637,-3.948053950534927,-2.989814281379438,-3.948052390442058,-6.8519634748981275,-10.774348495626839,-10.77434417536739,0.6981573040979654,0.7301955164741069,0.7387794982765398,0.7301955419764722,0.6981573614807436,0.1293014069706652,0.06993799245970414,0.05279230286243671,0.06993793401208459,0.1293012944558974,0.0,0.0,0.0,0.0,0.0,off,off,off,off,off
141.57499999999456,0.3,33.47250000000002,-6.829387436687568,-3.925517786834803,-2.9672900589405344,-3.925516230466883,-6.829384340750607,-10.751836383572538,-10.751832072892,0.6981692543771874,0.7302649873937417,0.7388493663560389,0.7302650128878923,0.698169311828071,0.1294579311880676,0.06993799245970414,0.05279230286243671,0.06993793401208459,0.12945781851479266,0.0,0.0,0.0,0.0,0.0,off,off,off,off,off
141.82499999999456,0.3,33.54750000000001,-6.806815021401405,-3.902989005598272,-2.9447735171269755,-3.9029874529404083,-6.80681193270749,-10.729329508300907,-10.729325207180807,0.6981815255558659,0.730334333860916,0.7389191090393504,0.7303343593468912,0.6981815830744811,0.1296133863265661,0.06993799245970414,0.05279230286243671,0.06993793401208459,0.12961327349547797,0.0,0.0,0.0,0.0,0.0,off,off,off,off,off
142.07499999999456,0.3,33.622499999999995,-6.784249325523604,-3.8804675791930663,-2.9222646198301163,-3.8804660302417346,-6.784246244073756,-10.706827878816114,-10.70682358723792,0.6981941179357001,0.730403557059343,0.7389887275339357,0.7304035825371518,0.6981941755216582,0.12976777506179643,0.06993799245970414,0.05279230286243671,0.06993793401208459,0.12976766207358026,0.0,0.0,0.0,0.0,0.0,off,off,off,off,off
142.32499999999456,0.3,33.697499999999984,-6.761690343408304,-3.857953480579681,-2.899763331670499,-3.8579519353297087,-6.761687269182801,-10.684331504011993,-10.684327221957233,0.6982070926459686,0.7304726581589485,0.7390582230330863,0.7304726836286045,0.6982071503216799,0.12992105576172366,0.06993799245970414,0.05279230286243671,0.06993793401208459,0.12992094259443268,0.0,0.0,0.0,0.0,0.0,off,off,off,off,off
142.57499999999456,0.3,33.77249999999997,-6.739138096929764,-3.835446683780958,-2.877269618013031,-3.835445142221431,-6.739135029927411,-10.66184039277374,-10.661836120223938,0.698220569609545,0.7305416383147658,0.7391275967160232,0.7305416637762993,0.6982206273815008,0.1300730092999274,0.06993799245970414,0.05279230286243671,0.06993793401208459,0.1300728959243582,0.0,0.0,0.0,0.0,0.0,off,off,off,off,off
142.82499999999456,0.3,33.84749999999996,-6.71659262835567,-3.812947164846719,-2.8547834450440064,-3.8129456269738853,-6.716589568565439,-10.639354554183512,-10.639350291120536,0.6982345729901508,0.7306104986645212,0.7391968497478305,0.7306105241179408,0.6982346308616824,0.13022353446722462,0.06993799245970414,0.05279230286243671,0.06993793401208459,0.13022342087525496,0.0,0.0,0.0,0.0,0.0,off,off,off,off,off
143.07499999999456,0.3,33.92249999999995,-6.694053976245357,-3.790454901835858,-2.8323047798348284,-3.790453367640339,-6.694050923661848,-10.61687399753879,-10.616869743944335,0.6982491259389492,0.7306792403288137,0.739265983279426,0.7306792657741448,0.6982491839129024,0.13037258469917928,0.06993799245970414,0.05279230286243671,0.06993793401208459,0.13037247088466877,0.0,0.0,0.0,0.0,0.0,off,off,off,off,off
143.32499999999456,0.3,33.99749999999994,-6.671522174911047,-3.7679698745507153,-2.8098335904181226,-3.767968344025519,-6.671519129522608,-10.59439873231986,-10.59439448817568,0.6982642485023591,0.7307478644119584,0.7393349984474891,0.7307478898492201,0.6982643065811296,0.13052012171263097,0.06993799245970414,0.05279230286243671,0.06993793401208459,0.13052000767042463,0.0,0.0,0.0,0.0,0.0,off,off,off,off,off
143.57499999999456,0.3,34.07249999999993,-6.648997254872199,-3.7454920643241394,-2.787369845821786,-3.745490537465116,-6.648994216668825,-10.571928768161115,-10.571924533449192,0.6982799579226324,0.7308163720026869,0.7394038963745071,0.7308163974318898,0.6982800161082057,0.13066611310881507,0.06993799245970414,0.05279230286243671,0.06993793401208459,0.13066599883459223,0.0,0.0,0.0,0.0,0.0,off,off,off,off,off
143.82499999999456,0.3,34.147499999999916,-6.626479243317931,-3.723021453830995,-2.764913516103775,-3.7230199306311533,-6.626476212288765,-10.549464114825696,-10.549459889527895,0.6982962690025114,0.7308847641747778,0.7394726781688136,0.7308847895959399,0.6982963272965227,0.13081053156029412,0.06993799245970414,0.05279230286243671,0.06993793401208459,0.13081041705045593,0.0,0.0,0.0,0.0,0.0,off,off,off,off,off
144.07499999999456,0.3,34.222499999999904,-6.603968164473372,-3.700558026916383,-2.7424645723549474,-3.7005565073663433,-6.603965140615401,-10.52700478218253,-10.52700056628089,0.6983131944242683,0.7309530419876413,0.7395413449247129,0.730953067400789,0.6983132528280269,0.13095335413767553,0.06993799245970414,0.05279230286243671,0.06993793401208459,0.1309532393892477,0.0,0.0,0.0,0.0,0.0,off,off,off,off,off
144.32499999999456,0.3,34.29749999999989,-6.581464039986201,-3.6781017684500057,-2.7200229867209487,-3.678100252546585,-6.581461023287886,-10.504550780187287,-10.504546573663958,0.6983307450263412,0.7310212064868418,0.7396098977225491,0.7310212318919815,0.6983308035409158,0.13109456172672462,0.06993799245970414,0.05279230286243671,0.06993793401208459,0.13109444673727372,0.0,0.0,0.0,0.0,0.0,off,off,off,off,off
144.57499999999456,0.3,34.37249999999988,-6.558966889167664,-3.65565266422351,-2.69758873236799,-3.655651151964605,-6.558963879614623,-10.482102118864304,-10.482097921701381,0.698348930043548,0.7310892587044874,0.7396783376289267,0.7310892841016267,0.6983489886697852,0.1312341385230867,0.06993799245970414,0.05279230286243671,0.06993793401208459,0.13123402329064635,0.0,0.0,0.0,0.0,0.0,off,off,off,off,off
144.82499999999456,0.3,34.44749999999987,-6.536476729302706,-3.633210700843563,-2.6751617834801777,-3.6332091922143377,-6.536473726888232,-10.45965880829118,-10.459654620471099,0.6983677573151846,0.7311571996596491,0.7397466656968441,0.7311572250488262,0.698367816053712,0.13137207159427194,0.06993799245970414,0.05279230286243671,0.06993793401208459,0.13137195611728028,0.0,0.0,0.0,0.0,0.0,off,off,off,off,off
145.07499999999456,0.3,34.52249999999986,-6.513993575877237,-3.6107758656295346,-2.6527421152498505,-3.610774360635048,-6.513990580585755,-10.437220858586102,-10.437216680090842,0.6983872334656492,0.7312250303587501,0.7398148829658423,0.7312250557399523,0.6983872923169472,0.13150835049995616,0.06993799245970414,0.05279230286243671,0.06993793401208459,0.13150823477720153,0.0,0.0,0.0,0.0,0.0,off,off,off,off,off
145.32499999999456,0.3,34.59749999999985,-6.491517442768554,-3.5883481465635327,-2.6303297038472238,-3.5883466451930417,-6.4915144545825,-10.41478827989414,-10.41478411070625,0.6984073640611438,0.7312927517958251,0.7398829904622101,0.7312927771690804,0.6984074230255467,0.13164296696283403,0.06993799245970414,0.05279230286243671,0.06993793401208459,0.13164285099340703,0.0,0.0,0.0,0.0,0.0,off,off,off,off,off
145.57499999999456,0.3,34.672499999999836,-6.469048342419171,-3.565927532213152,-2.607924526385034,-3.565926034460972,-6.469045361337237,-10.392361082378613,-10.392356922480246,0.6984281537455806,0.7313603649528424,0.7399509891992007,0.7313603903181662,0.6984282128232521,0.13177591458329474,0.06993799245970414,0.05279230286243671,0.06993793401208459,0.13177579836654787,0.0,0.0,0.0,0.0,0.0,off,off,off,off,off
145.82499999999456,0.3,34.747499999999825,-6.446586286025138,-3.5435140116668435,-2.5855265608980176,-3.5435125175308713,-6.446583312038001,-10.369939276210289,-10.369935125583993,0.6984496063583879,0.7314278708000007,0.7400188801772066,0.7314278961573987,0.6984496655494012,0.13190718859208606,0.06993799245970414,0.05279230286243671,0.06993793401208459,0.13190707212759845,0.0,0.0,0.0,0.0,0.0,off,off,off,off,off
146.07499999999456,0.3,34.82249999999981,-6.424131283654106,-3.521107574504242,-2.5631357863164794,-3.521106083976065,-6.424128316749545,-10.347522871559931,-10.347518730188256,0.6984717250368274,0.7314952702959214,0.7400866643839445,0.7314952956454152,0.6984717843411659,0.1320367856359093,0.06993799245970414,0.05279230286243671,0.06993793401208459,0.13203666892345592,0.0,0.0,0.0,0.0,0.0,off,off,off,off,off
146.32499999999456,0.3,34.8974999999998,-6.401683344368394,-3.498708210750351,-2.5407521824295713,-3.4987067238283203,-6.401680384526344,-10.325111878590747,-10.32510774645624,0.6984945123047054,0.7315625643878878,0.7401543427946784,0.7315625897294826,0.6984945717222882,0.13216470359155863,0.06993799245970414,0.05279230286243671,0.06993793401208459,0.1321645866310834,0.0,0.0,0.0,0.0,0.0,off,off,off,off,off
146.57499999999456,0.3,34.97249999999979,-6.379242476341005,-3.476315910839503,-2.518375729853801,-3.476314427514012,-6.3792395235497,-10.302706307451956,-10.30270218453694,0.6985179701493194,0.731629754012059,0.7402219163724119,0.7316297793457804,0.6985180296799712,0.1322909414048041,0.06993799245970414,0.05279230286243671,0.06993793401208459,0.13229082419639715,0.0,0.0,0.0,0.0,0.0,off,off,off,off,off
146.82499999999456,0.3,35.04749999999978,-6.356808686946465,-3.4539306655810265,-2.4960064100083628,-3.4539291858495176,-6.356805741193682,-10.280306168273114,-10.280302054560138,0.6985421000882419,0.7316968400936718,0.7402893860680725,0.7316968654195265,0.6985421597317257,0.13241549895072469,0.06993799245970414,0.05279230286243671,0.06993793401208459,0.13241538149460214,0.0,0.0,0.0,0.0,0.0,off,off,off,off,off
147.07499999999456,0.3,35.12249999999977,-6.334381982837897,-3.4315524661431596,-2.473644205075857,-3.4315509899973904,-6.33437904411619,-10.257911471158991,-10.257907366630604,0.6985669032272827,0.7317638235471974,0.7403567528207287,0.7317638488652076,0.6985669629832937,0.13253837691263165,0.06993799245970414,0.05279230286243671,0.06993793401208459,0.13253825920911952,0.0,0.0,0.0,0.0,0.0,off,off,off,off,off
147.32499999999456,0.3,35.197499999999756,-6.311962370045592,-3.4091813040229226,-2.451289097968072,-3.409179831458175,-6.311959438347344,-10.235522226185026,-10.235518130824062,0.6985923803106939,0.7318307052765334,0.7404240175577914,0.7318307305867108,0.6985924401788799,0.13265957667711248,0.06993799245970414,0.05279230286243671,0.06993793401208459,0.13265945872663085,0.0,0.0,0.0,0.0,0.0,off,off,off,off,off
147.57499999999456,0.3,35.272499999999745,-6.28954985403783,-3.386817171026621,-2.428941072311602,-3.3868157020316403,-6.289546929344283,-10.213138443393916,-10.213134357182867,0.6986185317648156,0.7318974861751633,0.7404911811951652,0.7318975114775382,0.6986185917448126,0.13277910024304454,0.06993799245970414,0.05279230286243671,0.06993793401208459,0.13277898204609478,0.0,0.0,0.0,0.0,0.0,off,off,off,off,off
147.82499999999456,0.3,35.347499999999734,-6.267144439756578,-3.364460059254043,-2.4066001124090235,-3.3644585938241107,-6.267141522063696,-10.190760132791468,-10.190756055713337,0.6986453577359939,0.7319641671263086,0.7405582446374568,0.7319641924208938,0.698645417827364,0.13289695014272018,0.06993799245970414,0.05279230286243671,0.06993793401208459,0.13289683169987437,0.0,0.0,0.0,0.0,0.0,off,off,off,off,off
148.07499999999456,0.3,35.42249999999972,-6.244746131694114,-3.342109961085157,-2.3842662032120074,-3.342108499212827,-6.244743220980183,-10.168387304344265,-10.168383236381715,0.6986728581233792,0.7320307490030721,0.7406252087781584,0.7320307742898873,0.6986729183256992,0.13301312937347232,0.06993799245970414,0.05279230286243671,0.06993793401208459,0.13301301068536303,0.0,0.0,0.0,0.0,0.0,off,off,off,off,off
148.32499999999456,0.3,35.49749999999971,-6.222354933917302,-3.3197668691651074,-2.3619393302884646,-3.3197654108450934,-6.222352030175216,-10.146019967975974,-10.146015909112009,0.6987010326075085,0.7320972326685813,0.7406920744998393,0.7320972579476404,0.6987010929202881,0.1331276413384015,0.06993799245970414,0.05279230286243671,0.06993793401208459,0.13312752240571332,0.0,0.0,0.0,0.0,0.0,off,off,off,off,off
148.57499999999456,0.3,35.5724999999997,-6.199970850145007,-3.297430776393867,-2.3396194798162924,-3.2974293216240653,-6.1999679533574295,-10.12365813356621,-10.123654083783606,0.6987298806749697,0.7321636189761224,0.7407588426742676,0.732163644247431,0.6987299410977247,0.13324048979499434,0.06993799245970414,0.05279230286243671,0.06993793401208459,0.13324037061845753,0.0,0.0,0.0,0.0,0.0,off,off,off,off,off
148.82499999999456,0.3,35.64749999999969,-6.177593883753332,-3.2751016759191884,-2.3173066385257926,-3.2751002246931193,-6.177590993912588,-10.101301810947518,-10.101297770228996,0.6987594016399891,0.7322299087692624,0.7408255141626693,0.7322299340328376,0.6987594621721878,0.13335167881058507,0.06993799245970414,0.05279230286243671,0.06993793401208459,0.13335155939096832,0.0,0.0,0.0,0.0,0.0,off,off,off,off,off
149.07499999999456,0.3,35.72249999999968,-6.15522403781506,-3.2527795611154033,-2.295000793709221,-3.2527781134230622,-6.155221154906542,-10.078951009903733,-10.078946978232239,0.6987895946630799,0.7322961028820071,0.7408920898158015,0.7322961281378758,0.6987896553041915,0.13346121272374595,0.06993799245970414,0.05279230286243671,0.06993793401208459,0.1334610930618512,0.0,0.0,0.0,0.0,0.0,off,off,off,off,off
149.32499999999456,0.3,35.797499999999665,-6.13286131514127,-3.2304644255863764,-2.2727019331758243,-3.2304629814203167,-6.132858439149857,-10.056605740168436,-10.056601717527258,0.6988204587672266,0.7323622021388936,0.7409585704741788,0.7323622273870758,0.6988205195167058,0.13356909611082216,0.06993799245970414,0.05279230286243671,0.06993793401208459,0.1335689762074803,0.0,0.0,0.0,0.0,0.0,off,off,off,off,off
149.57499999999456,0.3,35.872499999999654,-6.110505718289119,-3.2081562631500447,-2.250410045242404,-3.208154822511119,-6.110502849201339,-10.034266011423767,-10.034261997795568,0.6988519928520168,0.7324282073551337,0.7410249569681938,0.732428232595626,0.6988520537093006,0.1336753337569254,0.06993799245970414,0.05279230286243671,0.06993793401208459,0.13367521361299203,0.0,0.0,0.0,0.0,0.0,off,off,off,off,off
149.82499999999456,0.3,35.94749999999964,-6.088157249600556,-3.1858550678420556,-2.228125118696596,-3.185853630721681,-6.088154387414363,-10.011931833298945,-10.011927828666899,0.6988841957058407,0.732494119336698,0.7410912501183162,0.7324941445695244,0.6988842566703255,0.13377993063079413,0.06993799245970414,0.05279230286243671,0.06993793401208459,0.13377981024714608,0.0,0.0,0.0,0.0,0.0,off,off,off,off,off
150.07499999999456,0.3,36.02249999999963,-6.065815911234438,-3.1635608338970655,-2.205847142799655,-3.163559400289614,-6.065813055929482,-9.989603215369243,-9.98959921971641,0.6989170660164972,0.7325599388804688,0.7411574507351819,0.732559964105644,0.6989171270876164,0.13388289186300675,0.06993799245970414,0.05279230286243671,0.06993793401208459,0.133882771240539,0.0,0.0,0.0,0.0,0.0,off,off,off,off,off
150.32499999999456,0.3,36.09749999999962,-6.04348170509428,-3.1412735557428846,-2.1835761072472906,-3.1412721256468217,-6.043478856648676,-9.967280167155081,-9.967276180464467,0.6989506019787212,0.7326256667743476,0.7412235596197949,0.7326256919918753,0.698950663155534,0.1339842220137892,0.06993799245970414,0.05279230286243671,0.06993793401208459,0.13398410115275572,0.0,0.0,0.0,0.0,0.0,off,off,off,off,off
150.57499999999456,0.3,36.17249999999961,-6.021154632178309,-3.1189932279918935,-2.1613120021644363,-3.1189918013995452,-6.021151790584838,-9.944962698117536,-9.944958720372256,0.6989847911672008,0.7326913037973742,0.7412895775636359,0.7326913290072755,0.6989848524470188,0.1340838842737924,0.06993799245970414,0.05279230286243671,0.06993793401208459,0.1340837631642285,0.0,0.0,0.0,0.0,0.0,off,off,off,off,off
150.82499999999456,0.3,36.2474999999996,-5.998834695764231,-3.096719845461962,-2.1390548180741575,-3.096718422364461,-5.998831861009307,-9.92265081766459,-9.922646848847705,0.6990196285311788,0.7327568507197657,0.7413555053488391,0.7327568759220633,0.6990196899138833,0.1341818354876509,0.06993799245970414,0.05279230286243671,0.06993793401208459,0.13418171412733676,0.0,0.0,0.0,0.0,0.0,off,off,off,off,off
151.07499999999456,0.3,36.322499999999586,-5.976521899847796,-3.074453403223856,-2.1168045458991855,-3.074451983613983,-5.976519071929033,-9.900344535163754,-9.900340575258326,0.6990551159326547,0.7328223083028841,0.7414213437482821,0.7328223334975977,0.6990551774181549,0.1342780709370938,0.06993799245970414,0.05279230286243671,0.06993793401208459,0.13427794932581166,0.0,0.0,0.0,0.0,0.0,off,off,off,off,off
151.32499999999456,0.3,36.397499999999575,-5.954216247996158,-3.0521938966023185,-2.0945611769506627,-3.052192480473934,-5.954213426891897,-9.878043859941101,-9.878039908930532,0.6990912548464365,0.732887677299323,0.7414870935257055,0.7328877024864693,0.6990913164346214,0.13437258949952294,0.06993799245970414,0.05279230286243671,0.06993793401208459,0.1343724676372493,0.0,0.0,0.0,0.0,0.0,off,off,off,off,off
151.57499999999456,0.3,36.47249999999956,-5.93191774334889,-3.0299413211562296,-2.0723247029067693,-3.029939908500978,-5.931914929048048,-9.855748801278594,-9.855744859146114,0.699128046255189,0.732952958453055,0.7415527554358641,0.732952983632655,0.6991281079458546,0.1344653911668749,0.06993799245970414,0.05279230286243671,0.06993793401208459,0.13446526905372902,0.0,0.0,0.0,0.0,0.0,off,off,off,off,off
151.82499999999456,0.3,36.54749999999955,-5.9096263886711995,-3.0076956726547337,-2.050095115806471,-3.007694263468011,-5.909623581166954,-9.833459368411525,-9.833455435140479,0.69916549070543,0.7330181524995784,0.7416183302246313,0.7330181776716457,0.6991655524983046,0.13455647687511382,0.06993799245970414,0.05279230286243671,0.06993793401208459,0.13455635451133927,0.0,0.0,0.0,0.0,0.0,off,off,off,off,off
152.07499999999456,0.3,36.62249999999954,-5.887342186422416,-2.985456947067007,-2.0278724080421853,-2.9854555413392063,-5.8873393856864595,-9.811175570526586,-9.811171646100377,0.6992035883588128,0.7330832601660411,0.7416838186291062,0.7330832853306003,0.6992036502536312,0.13464584838771743,0.06993799245970414,0.05279230286243671,0.06993793401208459,0.1346457257736655,0.0,0.0,0.0,0.0,0.0,off,off,off,off,off
152.32499999999456,0.3,36.69749999999953,-5.865065138746388,-2.963225140540999,-2.0056565723387507,-2.9632237382701874,-5.865062344767125,-9.788897416760165,-9.788893501162079,0.6992423390372036,0.7331482821713758,0.7417492213777604,0.7331483073284325,0.699242401033614,0.13473350819436528,0.06993799245970414,0.05279230286243671,0.06993793401208459,0.1347333853304814,0.0,0.0,0.0,0.0,0.0,off,off,off,off,off
152.57499999999456,0.3,36.77249999999952,-5.842795247536742,-2.941000249404226,-1.9834476017485372,-2.9409988505825595,-5.842792460310534,-9.766624916196633,-9.766621009410017,0.6992817422619241,0.7332132192263904,0.741814539190534,0.7332132443759651,0.6992818043595169,0.13481945942240398,0.06993799245970414,0.05279230286243671,0.06993793401208459,0.13481933630921586,0.0,0.0,0.0,0.0,0.0,off,off,off,off,off
152.82499999999456,0.3,36.847499999999506,-5.8205325118305495,-2.9187822701085793,-1.961245489645762,-2.918780874733784,-5.820529731349097,-9.744358077860511,-9.744354179868765,0.6993217901052267,0.7332780720339975,0.7418797727789397,0.7332780971760965,0.6993218523008593,0.13490368732448862,0.06993799245970414,0.05279230286243671,0.06993793401208459,0.13490356395500266,0.0,0.0,0.0,0.0,0.0,off,off,off,off,off
153.07499999999456,0.3,36.922499999999495,-5.798276921829938,-2.896571198988113,-1.9390502296784007,-2.8965698070522876,-5.798274148078349,-9.722096910665243,-9.722093021451713,0.6993624613884013,0.7333428412899391,0.7419449228462727,0.733342866424583,0.6993625236796355,0.13498613860209588,0.06993799245970414,0.05279230286243671,0.06993793401208459,0.13498601497262974,0.0,0.0,0.0,0.0,0.0,off,off,off,off,off
153.32499999999456,0.3,36.997499999999484,-5.776028468621064,-2.874367032165196,-1.916861815762445,-2.874365643660269,-5.776025701586491,-9.699841423392513,-9.699837542940884,0.6994037473503134,0.7334075276831217,0.7420099900877118,0.7334075528103322,0.699403809735799,0.13506682216401192,0.06993799245970414,0.05279230286243671,0.06993793401208459,0.13506669827744058,0.0,0.0,0.0,0.0,0.0,off,off,off,off,off
153.57499999999456,0.3,37.07249999999947,-5.7537871443429935,-2.852169765619692,-1.894680242040124,-2.8521683805375346,-5.753784384004291,-9.677591624703894,-9.677587752997681,0.699445641029753,0.7334721318955122,0.7420749751905118,0.7334721570153112,0.6994457035082792,0.13514575704044104,0.06993799245970414,0.05279230286243671,0.06993793401208459,0.1351456328994867,0.0,0.0,0.0,0.0,0.0,off,off,off,off,off
153.82499999999456,0.3,37.14749999999946,-5.73155294190434,-2.829979395240912,-1.872505502844433,-2.8299780135799892,-5.731550188252243,-9.655347523147327,-9.65534366016999,0.6994881360893282,0.7335366546020831,0.742139878834181,0.733536679714474,0.6994881986597468,0.13522296084519378,0.06993799245970414,0.05279230286243671,0.06993793401208459,0.13522283645234887,0.0,0.0,0.0,0.0,0.0,off,off,off,off,off
154.07499999999456,0.3,37.22249999999945,-5.7093258549034545,-2.8077959168626307,-1.8503375926999865,-2.807794538611404,-5.709323107911189,-9.633109127162584,-9.633105272897637,0.6995312267206717,0.7336010964708001,0.742204701690557,0.7336011215758139,0.699531289381961,0.1352984498460014,0.06993799245970414,0.05279230286243671,0.06993793401208459,0.13529832520355872,0.0,0.0,0.0,0.0,0.0,off,off,off,off,off
154.32499999999456,0.3,37.29749999999944,-5.68710587752787,-2.78561932628827,-1.8281765062972681,-2.7856179514453743,-5.687103137191002,-9.61087644508666,-9.610872599517506,0.699574907570086,0.7336654581626358,0.742269444423959,0.7336654832602755,0.6995749703212368,0.1353722391486981,0.06993799245970414,0.05279230286243671,0.06993793401208459,0.13537211425877846,0.0,0.0,0.0,0.0,0.0,off,off,off,off,off
154.57499999999456,0.3,37.37249999999943,-5.664893004488647,-2.7634496193221594,-1.806022238475066,-2.763448247876738,-5.664890270789556,-9.588649485158385,-9.588645648268596,0.6996191736743033,0.7337297403315625,0.7423341076913096,0.7337297654218577,0.6996192365144025,0.13544434285755833,0.06993799245970414,0.05279230286243671,0.06993793401208459,0.1354442177221339,0.0,0.0,0.0,0.0,0.0,off,off,off,off,off
154.82499999999456,0.3,37.447499999999415,-5.642687229587011,-2.7412867917650487,-1.7838747842222915,-2.7412854237128954,-5.642684502517852,-9.566428255519554,-9.566424427292645,0.6996640168830093,0.7337939436246466,0.7423986921422089,0.7337939687076082,0.6996640798094523,0.13551476299284546,0.06993799245970414,0.05279230286243671,0.06993793401208459,0.1355146376078202,0.0,0.0,0.0,0.0,0.0,off,off,off,off,off
155.07499999999456,0.3,37.522499999999404,-5.620488538219206,-2.71913083924062,-1.761734138647114,-2.719129474579347,-5.620485817763836,-9.544212764176109,-9.54420894459588,0.6997094142171643,0.7338580686825797,0.7424631984190949,0.7338580937582145,0.6997094772267377,0.13558344679911233,0.06993799245970414,0.05279230286243671,0.06993793401208459,0.13558332115901886,0.0,0.0,0.0,0.0,0.0,off,off,off,off,off
155.32499999999456,0.3,37.59749999999939,-5.598296915690469,-2.6969817570518444,-1.7396002969534834,-2.6969803957732665,-5.598294201827173,-9.522003018969599,-9.521999208019395,0.699755352755948,0.7339221161401388,0.7425276271573812,0.7339221412084679,0.6997554158469775,0.13565040416858187,0.06993799245970414,0.05279230286243671,0.06993793401208459,0.13565027827756665,0.0,0.0,0.0,0.0,0.0,off,off,off,off,off
155.57499999999456,0.3,37.67249999999938,-5.576112349204379,-2.6748395402794927,-1.717473254419815,-2.674838182372639,-5.576109641922983,-9.499799027591052,-9.499795225254786,0.6998018229559356,0.733986086625997,0.7425919789855886,0.73398611168705,0.699801886126909,0.13571566286807887,0.06993799245970414,0.05279230286243671,0.06993793401208459,0.13571553672997783,0.0,0.0,0.0,0.0,0.0,off,off,off,off,off
155.82499999999456,0.3,37.74749999999937,-5.553934827324326,-2.6527041838383525,-1.695353006374944,-2.652702829299244,-5.553932126614143,-9.477600797593311,-9.477597003854498,0.6998488163525958,0.7340499807626516,0.7426562545254829,0.7340500058164386,0.6998488796021581,0.13577924790456955,0.06993799245970414,0.05279230286243671,0.06993793401208459,0.13577912152279553,0.0,0.0,0.0,0.0,0.0,off,off,off,off,off
156.07499999999456,0.3,37.82249999999936,-5.531764339779329,-2.6305756825460094,-1.673239548190793,-2.6305743313679386,-5.531761645627228,-9.455408336400069,-9.45540455124251,0.699896325390599,0.7341137991663133,0.7427204543921685,0.7341138242128519,0.699896388717536,0.135841181756061,0.06993799245970414,0.05279230286243671,0.06993793401208459,0.1358410551336661,0.0,0.0,0.0,0.0,0.0,off,off,off,off,off
156.32499999999456,0.3,37.89749999999935,-5.509600877306639,-2.608454031154565,-1.6511328752667396,-2.6084526833268455,-5.509598189693861,-9.433221651314739,-9.433217874722004,0.6999443432879999,0.7341775424468944,0.7427845791942038,0.7341775674862139,0.6999444066912253,0.13590148474547553,0.06993799245970414,0.05279230286243671,0.06993793401208459,0.1359013578852045,0.0,0.0,0.0,0.0,0.0,off,off,off,off,off
156.57499999999456,0.3,37.972499999999336,-5.487444431430333,-2.5863392243873022,-1.6290329830316637,-2.5863378799023735,-5.487441750344942,-9.411040749526933,-9.41103698148305,0.6999928636855217,0.734241211207986,0.7428486295336649,0.734241236240106,0.6999929271636461,0.13596017452901346,0.06993799245970414,0.05279230286243671,0.06993793401208459,0.13596004743200318,0.0,0.0,0.0,0.0,0.0,off,off,off,off,off
156.82499999999456,0.3,38.047499999999324,-5.465294988542894,-2.5642312568823513,-1.6069398669335442,-2.5642299157377693,-5.465292313956411,-9.388865638100867,-9.388861878589125,0.7000418690290803,0.7343048060470743,0.742912606006245,0.7343048310720007,0.7000419325783661,0.1360172150077203,0.06993799245970414,0.05279230286243671,0.06993793401208459,0.13601708766340803,0.0,0.0,0.0,0.0,0.0,off,off,off,off,off
157.07499999999456,0.3,38.12249999999931,-5.443152530309817,-2.54213012296168,-1.5848535224141642,-2.542128785150112,-5.443149862213829,-9.366696323927783,-9.366692572931981,0.7000913412983659,0.7343683275562237,0.7429765092013936,0.7343683525739764,0.7000914049169279,0.13607258636974268,0.06993799245970414,0.05279230286243671,0.06993793401208459,0.13607245878227192,0.0,0.0,0.0,0.0,0.0,off,off,off,off,off
157.32499999999456,0.3,38.1974999999993,-5.421017041007417,-2.5200358166757724,-1.5627739449012665,-2.5200344821887484,-5.421014379387088,-9.34453281373311,-9.344529071236934,0.7001412697386143,0.734431776322028,0.7430403397024032,0.7344318013326298,0.7001413334248678,0.13612632160435864,0.06993799245970414,0.05279230286243671,0.06993793401208459,0.13612619377834578,0.0,0.0,0.0,0.0,0.0,off,off,off,off,off
157.57499999999456,0.3,38.27249999999929,-5.398888506689957,-2.4979483318950884,-1.5407011297943427,-2.4979470007261284,-5.398885851536761,-9.322375114092154,-9.32237138007946,0.7001916450412946,0.7344951529254355,0.743104098086518,0.7344951779289032,0.7001917087938372,0.1361784509489437,0.06993799245970414,0.05279230286243671,0.06993793401208459,0.1361783228884113,0.0,0.0,0.0,0.0,0.0,off,off,off,off,off
157.82499999999456,0.3,38.34749999999928,-5.37676691494886,-2.4758676623732185,-1.5186350724449653,-2.4758663345133414,-5.376764266241764,-9.300223231442487,-9.300219505897019,0.7002424590569362,0.7345584579416508,0.7431677849250533,0.7345584829380081,0.700242522874562,0.1362290010624115,0.06993799245970414,0.05279230286243671,0.06993793401208459,0.13622887277088255,0.0,0.0,0.0,0.0,0.0,off,off,off,off,off
158.07499999999456,0.3,38.42249999999927,-5.354652254647192,-2.453793801800032,-1.4965757681630976,-2.4537924772437236,-5.354649612382332,-9.27807717209447,-9.278073455000026,0.700293704607641,0.734621691940058,0.7432314007834453,0.7346217169293194,0.7002937684892376,0.13627799559857995,0.06993799245970414,0.05279230286243671,0.06993793401208459,0.13627786707915848,0.0,0.0,0.0,0.0,0.0,off,off,off,off,off
158.32499999999456,0.3,38.497499999999256,-5.332544515388122,-2.4317267438427166,-1.4745232122065772,-2.4317254225837814,-5.332541879539008,-9.255936942239885,-9.255933233580151,0.7003453744589653,0.7346848554841806,0.7432949462213444,0.7346848804663627,0.7003454384027934,0.13632545104322574,0.06993799245970414,0.05279230286243671,0.06993793401208459,0.13632532229408423,0.0,0.0,0.0,0.0,0.0,off,off,off,off,off
158.57499999999456,0.3,38.572499999999245,-5.310443680404887,-2.409666482046873,-1.4524773997881653,-2.4096651640761593,-5.310441050960321,-9.23380254793193,-9.23379884769065,0.7003974500331351,0.7347479491320071,0.7433584217926632,0.7347479741071347,0.700397514036009,0.13637131551216625,0.06993799245970414,0.05279230286243671,0.06993793401208459,0.1363711865251049,0.0,0.0,0.0,0.0,0.0,off,off,off,off,off
158.82499999999456,0.3,38.64749999999923,-5.288349730561777,-2.387613009635743,-1.4304383260643476,-2.387611694946429,-5.288347107512891,-9.211673995046056,-9.21167030320737,0.7004499162251833,0.7348109734365889,0.7434218280456696,0.7348109984046796,0.7004499802853571,0.13641559188355085,0.06993799245970414,0.05279230286243671,0.06993793401208459,0.13641546266410473,0.0,0.0,0.0,0.0,0.0,off,off,off,off,off
159.07499999999456,0.3,38.72249999999922,-5.266262649484702,-2.3655663196018395,-1.4084059861066862,-2.365565008184319,-5.26626003281433,-9.189551289295423,-9.189547605843188,0.7005027627062874,0.7348739289458577,0.7434851655231268,0.7348739539069374,0.700502826822296,0.13645831720600574,0.06993799245970414,0.05279230286243671,0.06993793401208459,0.13645818775906496,0.0,0.0,0.0,0.0,0.0,off,off,off,off,off
159.32499999999456,0.3,38.79749999999921,-5.244182422760105,-2.343526404794318,-1.386380374905002,-2.343525096642736,-5.244179812450113,-9.167434436246424,-9.167430761164269,0.7005559806448582,0.734936816202461,0.7435484347623487,0.7349368411565447,0.7005560448154482,0.13649952363392442,0.06993799245970414,0.05279230286243671,0.06993793401208459,0.1364993939636702,0.0,0.0,0.0,0.0,0.0,off,off,off,off,off
159.57499999999456,0.3,38.8724999999992,-5.222109037624477,-2.321493257979796,-1.3643614873612364,-2.321491953090856,-5.222106433660258,-9.14532344133164,-9.145319774603479,0.7006095624347404,0.7349996357436598,0.7436116362952789,0.7349996606907564,0.7006096266588189,0.13653923907299306,0.06993799245970414,0.05279230286243671,0.06993793401208459,0.13653910918302326,0.0,0.0,0.0,0.0,0.0,off,off,off,off,off
159.82499999999456,0.3,38.94749999999919,-5.200042482636945,-2.299466871908578,-1.3423493182910988,-2.299465570274492,-5.200039885011961,-9.123218309862182,-9.12321465147187,0.7006635013454665,0.7350623881012184,0.7436747706485443,0.7350624130413481,0.7006635656217673,0.13657748699337727,0.06993799245970414,0.05279230286243671,0.06993793401208459,0.13657735688474482,0.0,0.0,0.0,0.0,0.0,off,off,off,off,off
160.07499999999456,0.3,39.02249999999918,-5.177982742093889,-2.2774472392512735,-1.3203438624302066,-2.2774459408626058,-5.1779801507753405,-9.101119047019267,-9.101115396950888,0.7007177826616025,0.73512507380163,0.7437378383435046,0.7351250987348187,0.7007178469870646,0.1366142247254538,0.06993799245970414,0.05279230286243671,0.06993793401208459,0.1366140943862113,0.0,0.0,0.0,0.0,0.0,off,off,off,off,off
160.32499999999456,0.3,39.097499999999165,-5.155929795632915,-2.2554343523943317,-1.298345114423455,-2.2554330572422145,-5.155927210620916,-9.07902565781177,-9.079022016049123,0.7007723902210735,0.7351876933667195,0.7438008398963378,0.7351877182929902,0.7007724545939132,0.13664943717154293,0.06993799245970414,0.05279230286243671,0.06993793401208459,0.1366493066076922,0.0,0.0,0.0,0.0,0.0,off,off,off,off,off
160.57499999999456,0.3,39.172499999999154,-5.133883625872329,-2.2334282034858575,-1.2763530688130231,-2.2334269115707457,-5.133881047150851,-9.05693814708303,-9.056934513609974,0.7008273135979667,0.7352502473135819,0.7438637758181326,0.7352502722329328,0.7008273780167507,0.13668316613282724,0.06993799245970414,0.05279230286243671,0.06993793401208459,0.13668303534986115,0.0,0.0,0.0,0.0,0.0,off,off,off,off,off
160.82499999999456,0.3,39.24749999999914,-5.111844217731573,-2.2114287845404306,-1.254367720028199,-2.2114274958519218,-5.1118416452687825,-9.034856519530535,-9.034852894331038,0.7008825440899396,0.7353127361543608,0.7439266466149721,0.7353127610668204,0.7008826085535114,0.1367154474392133,0.06993799245970414,0.05279230286243671,0.06993793401208459,0.1367153164417175,0.0,0.0,0.0,0.0,0.0,off,off,off,off,off
161.07499999999456,0.3,39.32249999999913,-5.089811557973007,-2.1894360875114103,-1.232389062391519,-2.189434802039898,-5.0898089917712355,-9.012780779721083,-9.01277716277906,0.7009380743672328,0.7353751603961198,0.7439894527879796,0.7353751853017134,0.7009381388745324,0.136746311530714,0.06993799245970414,0.05279230286243671,0.06993793401208459,0.13674618032254454,0.0,0.0,0.0,0.0,0.0,off,off,off,off,off
161.32499999999456,0.3,39.39749999999912,-5.0677856340265635,-2.1674501043344208,-1.2104170901212683,-2.1674488220746753,-5.067783074066199,-8.990710932101706,-8.990707323401011,0.7009938966609018,0.7354375205407809,0.7440521948333655,0.7354375454395219,0.700993961210034,0.1367757688675817,0.06993799245970414,0.05279230286243671,0.06993793401208459,0.1367756374416418,0.0,0.0,0.0,0.0,0.0,off,off,off,off,off
161.57499999999456,0.3,39.47249999999911,-5.04576642643633,-2.1454708267954743,-1.188451797329094,-2.1454695477365817,-5.045763872704015,-8.968646980973858,-8.96864338049852,0.7010499942032654,0.7354998170855317,0.7441148732424934,0.7354998419774494,0.7010500587917652,0.13680375381037177,0.06993799245970414,0.05279230286243671,0.06993793401208459,0.13680362216319802,0.0,0.0,0.0,0.0,0.0,off,off,off,off,off
161.82499999999456,0.3,39.5474999999991,-5.023753915437908,-2.1234982463889196,-1.1664931780211987,-2.123496970530823,-5.023751367916077,-8.946588930465168,-8.9465853381991,0.7011063544663667,0.7355620505232574,0.7441774885019306,0.7355620754083521,0.7011064190926958,0.13683029610677838,0.06993799245970414,0.05279230286243671,0.06993793401208459,0.13683016424522731,0.0,0.0,0.0,0.0,0.0,off,off,off,off,off
162.07499999999456,0.3,39.622499999999086,-5.0017480844056195,-2.1015323544543207,-1.1445412260731018,-2.101531081781502,-5.0017455430783,-8.924536784550412,-8.92453320047747,0.7011629681344668,0.7356242213422342,0.7442400410935719,0.7356242462205469,0.7011630327973767,0.13685543950304832,0.06993799245970414,0.05279230286243671,0.06993793401208459,0.13685530743266963,0.0,0.0,0.0,0.0,0.0,off,off,off,off,off
162.32499999999456,0.3,39.697499999999074,-4.979748919058409,-2.079573142232391,-1.122595935243396,-2.079571872742065,-4.979746383909742,-8.902490547069704,-8.902486971173914,0.701219827601863,0.7356863300260353,0.744302531494658,0.7356863548975732,0.7012198923003355,0.1368792200588419,0.06993799245970414,0.05279230286243671,0.06993793401208459,0.13687908778415805,0.0,0.0,0.0,0.0,0.0,off,off,off,off,off
162.57499999999456,0.3,39.77249999999906,-4.957756406103101,-2.057620600949633,-1.1006572991786925,-2.0576193346355467,-4.957753877122855,-8.88045022174282,-8.88044665400821,0.7012769252182703,0.7357483770533623,0.7443649601778164,0.7357484019181416,0.7012769899505132,0.13690164899130566,0.06993799245970414,0.05279230286243671,0.06993793401208459,0.13690151650395335,0.0,0.0,0.0,0.0,0.0,off,off,off,off,off
162.82499999999456,0.3,39.84749999999905,-4.935770525470275,-2.0356747216949884,-1.0787253114042414,-2.035673458552594,-4.935768002642305,-8.858415812145267,-8.858412252555922,0.7013342452958518,0.7358103628984233,0.7444273276111399,0.735810387756456,0.701334310059514,0.13692265482139349,0.06993799245970414,0.05279230286243671,0.06993793401208459,0.1369225221185377,0.0,0.0,0.0,0.0,0.0,off,off,off,off,off
163.07499999999456,0.3,39.92249999999904,-4.913791256901732,-2.013735495273238,-1.0567999653226252,-2.013734235291679,-4.913788740215921,-8.836387321679695,-8.836383770219697,0.70139177563298,0.7358722880313764,0.7444896342582429,0.7358723128826916,0.7013918404265457,0.13694227547142013,0.06993799245970414,0.05279230286243671,0.06993793401208459,0.13694214256089718,0.0,0.0,0.0,0.0,0.0,off,off,off,off,off
163.32499999999456,0.3,39.99749999999903,-4.891818583687893,-1.9918029123323322,-1.034881254203583,-1.9918016555005238,-4.891816073135317,-8.81436475359942,-8.814361210252855,0.7014495072898383,0.7359341529180424,0.7445518805783423,0.7359341777626704,0.7014495721121197,0.13696055980648633,0.06993799245970414,0.05279230286243671,0.06993793401208459,0.13696042669441588,0.0,0.0,0.0,0.0,0.0,off,off,off,off,off
163.57499999999456,0.3,40.07249999999902,-4.869852491689812,-1.9698769634558744,-1.0129691711983355,-1.9698757097768862,-4.869849987245232,-8.79234811102907,-8.792344575780021,0.7015074330866368,0.735995958019715,0.7446140670262672,0.7359959828576458,0.7015074979365266,0.13697754437085327,0.06993799245970414,0.05279230286243671,0.06993793401208459,0.13697741105792383,0.0,0.0,0.0,0.0,0.0,off,off,off,off,off
163.82499999999456,0.3,40.147499999999006,-4.847892962995502,-1.9479576391746036,-0.9910637093276478,-1.9479563886386018,-4.847890464646696,-8.770337396963498,-8.770333869796048,0.701565540549628,0.7360577037931776,0.7446761940525477,0.7360577286244386,0.7015656054245697,0.13699316278984583,0.06993799245970414,0.05279230286243671,0.06993793401208459,0.1369930292611389,0.0,0.0,0.0,0.0,0.0,off,off,off,off,off
164.07499999999456,0.3,40.222499999998995,-4.82593997536469,-1.9260449297379978,-0.9691648614815449,-1.9260436823328746,-4.825937483093071,-8.748332614226115,-8.748329095124234,0.7016238155100814,0.7361193906913618,0.7447382621034618,0.7361194155159846,0.7016238804084167,0.13700741905336294,0.06993799245970414,0.05279230286243671,0.06993793401208459,0.13700728531917453,0.0,0.0,0.0,0.0,0.0,off,off,off,off,off
164.32499999999456,0.3,40.29749999999898,-4.803993510683597,-1.904138825186294,-0.9472726204146511,-1.9041375809015904,-4.803991024474044,-8.726333765482195,-8.726330254430138,0.7016822484061511,0.7361810191632051,0.7448002716210991,0.7361810439812174,0.701682313326646,0.1370203748906635,0.06993799245970414,0.05279230286243671,0.06993793401208459,0.13702024095870427,0.0,0.0,0.0,0.0,0.0,off,off,off,off,off
164.57499999999456,0.3,40.37249999999897,-4.782053553578976,-1.8822393154945303,-0.9253869787488611,-1.8822380743258122,-4.782051073421769,-8.704340853265535,-8.704337350247329,0.7017408312645355,0.7362425896533193,0.7448622230434034,0.7362426144647334,0.7017408962057701,0.13703205758017098,0.06993799245970414,0.05279230286243671,0.06993793401208459,0.13703192344466533,0.0,0.0,0.0,0.0,0.0,off,off,off,off,off
164.82499999999456,0.3,40.44749999999896,-4.760120082466585,-1.8603463904895534,-0.9035079289688497,-1.8603451524307957,-4.76011760834956,-8.682353879964126,-8.682350384963911,0.7017995495068892,0.7363041026022608,0.744924116804235,0.7363041274070915,0.7017996144663793,0.13704237641782857,0.06993799245970414,0.05279230286243671,0.06993793401208459,0.13704224207073243,0.0,0.0,0.0,0.0,0.0,off,off,off,off,off
165.07499999999456,0.3,40.52249999999895,-4.738193075063521,-1.8384600396957467,-0.8816354634155346,-1.8384588047359784,-4.738190606968203,-8.660372847787244,-8.660369360789105,0.7018583904241767,0.7363655584469827,0.744985953333433,0.7363655832452602,0.7018584554003593,0.137051388454712,0.06993799245970414,0.05279230286243671,0.06993793401208459,0.13705125390804804,0.0,0.0,0.0,0.0,0.0,off,off,off,off,off
165.32499999999456,0.3,40.59749999999894,-4.716272513682611,-1.8165802524802643,-0.8597695742772089,-1.8165790206163024,-4.716270051596609,-8.638397758794838,-8.638394279782972,0.7019173448688198,0.7364269576205046,0.7450477330568902,0.7364269824122363,0.7019174098601085,0.13705914017281737,0.06993799245970414,0.05279230286243671,0.06993793401208459,0.13705900542018587,0.0,0.0,0.0,0.0,0.0,off,off,off,off,off
165.57499999999456,0.3,40.67249999999893,-4.694358375046534,-1.7947070180353535,-0.8379102536001142,-1.7947057892563976,-4.694355918944723,-8.61642861489247,-8.616425143851018,0.7019763978656375,0.7364883005519999,0.7451094563965706,0.736488325337215,0.701976462869399,0.13706552978542474,0.06993799245970414,0.05279230286243671,0.06993793401208459,0.1370653948199061,0.0,0.0,0.0,0.0,0.0,off,off,off,off,off
165.82499999999456,0.3,40.747499999998915,-4.6724506350656725,-1.7728403252034468,-0.8160574932642248,-1.7728390995030736,-4.672448184944926,-8.59446541779704,-8.594461954710198,0.7020355358817052,0.7365495876673105,0.7451711237706212,0.7365496124460258,0.7020356008962814,0.13707063237552417,0.06993799245970414,0.05279230286243671,0.06993793401208459,0.1370704972129848,0.0,0.0,0.0,0.0,0.0,off,off,off,off,off
166.07499999999456,0.3,40.822499999998904,-4.650549270158649,-1.7509801625971022,-0.7942112849850673,-1.7509789399663305,-4.6505468259985605,-8.572508169057073,-8.572504713909154,0.7020947447436747,0.7366108193886732,0.7452327355934123,0.7366108441609127,0.7020948097661077,0.13707437197474823,0.06993799245970414,0.05279230286243671,0.06993793401208459,0.1370742365833387,0.0,0.0,0.0,0.0,0.0,off,off,off,off,off
166.32499999999456,0.3,40.89749999999889,-4.628654250508816,-1.7291265184007898,-0.7723716202977471,-1.7291252988345605,-4.628651812291025,-8.550556870013793,-8.550553422788823,0.7021540064021888,0.7366719961352894,0.7452942922756269,0.7366720209010663,0.7021540714296999,0.13707674362804892,0.06993799245970414,0.05279230286243671,0.06993793401208459,0.13707660800532648,0.0,0.0,0.0,0.0,0.0,off,off,off,off,off
166.57499999999456,0.3,40.97249999999888,-4.606765540559252,-1.7072793802765887,-0.7505384905371102,-1.7072781637655225,-4.6067631082690355,-8.528611521777691,-8.528608082459982,0.7022132979797786,0.7367331183236211,0.7453557942243586,0.7367331430829602,0.7022133630075343,0.13707755894783819,0.06993799245970414,0.05279230286243671,0.06993793401208459,0.13707742304711484,0.0,0.0,0.0,0.0,0.0,off,off,off,off,off
166.82499999999456,0.3,41.04749999999887,-4.5848830554969595,-1.6854387343648796,-0.7287118867807294,-1.6854375209010755,-4.584880629099814,-8.506672125023158,-8.506668693596737,0.7022725581628055,0.7367941863700758,0.7454172418433066,0.7367942111229987,0.7022726231791983,0.13707755894783819,0.06993799245970414,0.05279230286243671,0.06993793401208459,0.13707742304711484,0.0,0.0,0.0,0.0,0.0,off,off,off,off,off
167.07499999999456,0.3,41.12249999999886,-4.563006748584883,-1.663604564943455,-0.7068917997271456,-1.6636033545233317,-4.563004328064665,-8.484738679900374,-8.484735256349268,0.702331765641837,0.7368552006919539,0.7454786355331482,0.7368552254384685,0.7023318306477869,0.13707755894783819,0.06993799245970414,0.05279230286243671,0.06993793401208459,0.13707742304711484,0.0,0.0,0.0,0.0,0.0,off,off,off,off,off
167.32499999999456,0.3,41.19749999999885,-4.54113661361248,-1.6417768566092832,-0.6850782196931391,-1.6417756492264743,-4.541134198954296,-8.462811186457543,-8.462807770765664,0.702390921018143,0.7369161617017191,0.7455399756915841,0.736916186441843,0.7023909860136878,0.13707755894783819,0.06993799245970414,0.05279230286243671,0.06993793401208459,0.13707742304711484,0.0,0.0,0.0,0.0,0.0,off,off,off,off,off
167.57499999999456,0.3,41.272499999998836,-4.519272644532293,-1.619955594505143,-0.6632711366733588,-1.6199543901520315,-4.5192702357283565,-8.440889644700178,-8.440886236851668,0.702450024673709,0.736977069806447,0.7456012627132266,0.7369770945402006,0.7024500896588678,0.13707755894783819,0.06993799245970414,0.05279230286243671,0.06993793401208459,0.13707742304711484,0.0,0.0,0.0,0.0,0.0,off,off,off,off,off
167.82499999999456,0.3,41.347499999998824,-4.497414835353425,-1.5981407642887575,-0.6414705403980179,-1.5981395629483472,-4.497412432388103,-8.418974054591843,-8.418970654570785,0.702509076987016,0.7370379254079477,0.745662496989487,0.7370379501353758,0.7025091419618286,0.13707755894783819,0.06993799245970414,0.05279230286243671,0.06993793401208459,0.13707742304711484,0.0,0.0,0.0,0.0,0.0,off,off,off,off,off
168.07499999999456,0.3,41.42249999999881,-4.475563180104643,-1.5763323520752692,-0.6196764203835983,-1.576331153741819,-4.475560782967989,-8.397064416054718,-8.397061023845481,0.7025680783328014,0.7370987289029596,0.745723678908484,0.7370987536240776,0.7025681432972936,0.13707755894783819,0.06993799245970414,0.05279230286243671,0.06993793401208459,0.13707742304711484,0.0,0.0,0.0,0.0,0.0,off,off,off,off,off
168.32499999999456,0.3,41.4974999999988,-4.453717672859227,-1.5545303444156957,-0.5978887659830434,-1.5545291490826116,-4.453715281539019,-8.37516072897074,-8.375157344557522,0.7026270290819312,0.7371594806832494,0.7457848088549504,0.7371595053980747,0.702627094036133,0.13707755894783819,0.06993799245970414,0.05279230286243671,0.06993793401208459,0.13707742304711484,0.0,0.0,0.0,0.0,0.0,off,off,off,off,off
168.57499999999456,0.3,41.57249999999879,-4.431878307735701,-1.5327347282502046,-0.5761075664156579,-1.5327335359156677,-4.431875922224549,-8.353262993181204,-8.353259616548087,0.7026859296014019,0.7372201811357776,0.7458458872101946,0.7372202058443145,0.7026859945453324,0.13707755894783819,0.06993799245970414,0.05279230286243671,0.06993793401208459,0.13707742304711484,0.0,0.0,0.0,0.0,0.0,off,off,off,off,off
168.82499999999456,0.3,41.64749999999878,-4.410045078911935,-1.5109454908964608,-0.5543328108092282,-1.5109443015507509,-4.4100426991835775,-8.331371208487951,-8.331367839619418,0.7027447802543401,0.737280830642768,0.7459069143520317,0.7372808553450425,0.7027448451880665,0.13707755894783819,0.06993799245970414,0.05279230286243671,0.06993793401208459,0.13707742304711484,0.0,0.0,0.0,0.0,0.0,off,off,off,off,off
169.07499999999456,0.3,41.72249999999877,-4.388217980601269,-1.489162620003583,-0.5325644882230449,-1.489161433642721,-4.388215606650874,-8.30948537465406,-8.309482013534307,0.7028035814000976,0.7373414295818727,0.7459678906547612,0.7373414542778953,0.702803646323632,0.13707755894783819,0.06993799245970414,0.05279230286243671,0.06993793401208459,0.13707742304711484,0.0,0.0,0.0,0.0,0.0,off,off,off,off,off
169.32499999999456,0.3,41.797499999998756,-4.366397007099522,-1.467386103542367,-0.5108025876696729,-1.4673849201517442,-4.366394638916063,-8.287605491404634,-8.287602138017917,0.7028623333941685,0.7374019783262368,0.7460288164891478,0.7374020030160469,0.7028623983075387,0.13707755894783819,0.06993799245970414,0.05279230286243671,0.06993793401208459,0.13707742304711484,0.0,0.0,0.0,0.0,0.0,off,off,off,off,off
169.57499999999456,0.3,41.872499999998745,-4.344582152761689,-1.445615929772032,-0.48904709816207514,-1.4456147493501135,-4.344579790328339,-8.265731558426978,-8.265728212757551,0.7029210365882885,0.7374624772446257,0.7460896922223359,0.7374625019282265,0.7029211014915375,0.13707755894783819,0.06993799245970414,0.05279230286243671,0.06993793401208459,0.13707742304711484,0.0,0.0,0.0,0.0,0.0,off,off,off,off,off
169.82499999999456,0.3,41.94749999999873,-4.322773412000231,-1.4238520872408458,-0.4672980086984353,-1.4238509097756946,-4.322771055312103,-8.24386357537179,-8.243860237404135,0.7029796913304781,0.7375229267014628,0.7461505182179312,0.7375229513788862,0.7029797562236171,0.13707755894783819,0.06993799245970414,0.05279230286243671,0.06993793401208459,0.13707742304711484,0.0,0.0,0.0,0.0,0.0,off,off,off,off,off
170.07499999999456,0.3,42.02249999999872,-4.300970779315321,-1.4020945647480403,-0.445555308313601,-1.4020933902355068,-4.300968428358885,-8.222001541853842,-8.22199821157227,0.7030382979650005,0.7375833270569703,0.7462112948358997,0.7375833517282266,0.7030383628480649,0.13707755894783819,0.06993799245970414,0.05279230286243671,0.06993793401208459,0.13707742304711484,0.0,0.0,0.0,0.0,0.0,off,off,off,off,off
170.32499999999456,0.3,42.09749999999871,-4.279174249266305,-1.3803433513454024,-0.423818986073627,-1.3803421797783813,-4.279171904026271,-8.200145457452663,-8.200142134841542,0.7030968568324769,0.7376436786672,0.7462720224326227,0.7376437033323086,0.7030969217055049,0.13707755894783819,0.06993799245970414,0.05279230286243671,0.06993793401208459,0.13707742304711484,0.0,0.0,0.0,0.0,0.0,off,off,off,off,off
170.57499999999456,0.3,42.1724999999987,-4.257383816483639,-1.3585984363107286,-0.402089031096466,-1.3585972676859797,-4.257381476952673,-8.178295321713392,-8.178292006757147,0.7031553682698892,0.7377039818841449,0.7463327013608771,0.7377040065431143,0.7031554331328996,0.13707755894783819,0.06993799245970414,0.05279230286243671,0.06993793401208459,0.13707742304711484,0.0,0.0,0.0,0.0,0.0,off,off,off,off,off
170.82499999999456,0.3,42.24749999999869,-4.2355994756761675,-1.336859809147768,-0.38036543255628885,-1.3368586434550025,-4.235597141845233,-8.156451134147176,-8.156447826830401,0.7032138326106017,0.7377642370557747,0.7463933319698643,0.7377642617086325,0.7032138974636177,0.13707755894783819,0.06993799245970414,0.05279230286243671,0.06993793401208459,0.13707742304711484,0.0,0.0,0.0,0.0,0.0,off,off,off,off,off
171.07499999999456,0.3,42.322499999998676,-4.213821221624471,-1.315127459564735,-0.3586481797013903,-1.3151262967999173,-4.21381889347299,-8.134612894232248,-8.134609594539597,0.7032722501844137,0.7378244445261315,0.7464539146051973,0.7378244691728876,0.7032723150274878,0.13707755894783819,0.06993799245970414,0.05279230286243671,0.06993793401208459,0.13707742304711484,0.0,0.0,0.0,0.0,0.0,off,off,off,off,off
171.32499999999456,0.3,42.397499999998665,-4.192049049173477,-1.2934013774762434,-0.3369372618658417,-1.29340021763187,-4.192046726694002,-8.112780601415125,-8.112777309330966,0.7033306213176148,0.7378846046353578,0.7465144496089062,0.7378846292760325,0.7033306861507649,0.13707755894783819,0.06993799245970414,0.05279230286243671,0.06993793401208459,0.13707742304711484,0.0,0.0,0.0,0.0,0.0,off,off,off,off,off
171.57499999999456,0.3,42.472499999998654,-4.17028295324468,-1.2716815529886958,-0.31523266846488696,-1.2716803960567518,-4.170280636424877,-8.090954255110148,-8.09095097061919,0.7033889463329892,0.7379447177197753,0.7465749373194879,0.7379447423543897,0.7033890111562474,0.13707755894783819,0.06993799245970414,0.05279230286243671,0.06993793401208459,0.13707742304711484,0.0,0.0,0.0,0.0,0.0,off,off,off,off,off
171.82499999999456,0.3,42.54749999999864,-4.148522928824491,-1.2499679763859035,-0.29353438900807305,-1.2499668223586582,-4.148520617654526,-8.06913385470125,-8.06913057778803,0.7034472255498841,0.7380047841119566,0.746635378071907,0.7380048087405312,0.7034472903632739,0.13707755894783819,0.06993799245970414,0.05279230286243671,0.06993793401208459,0.13707742304711484,0.0,0.0,0.0,0.0,0.0,off,off,off,off,off
172.07499999999456,0.3,42.62249999999863,-4.126768970974695,-1.2282606381318715,-0.2718424131034567,-1.2282594870035837,-4.126766665441437,-8.047319399542289,-8.047316130191291,0.7035054592842127,0.7380648041407539,0.7466957721976184,0.7380648287633034,0.7035055240877685,0.13707755894783819,0.06993799245970414,0.05279230286243671,0.06993793401208459,0.13707742304711484,0.0,0.0,0.0,0.0,0.0,off,off,off,off,off
172.32499999999456,0.3,42.69749999999862,-4.105021074821138,-1.206559528862556,-0.25015673046993925,-1.2065583806232212,-4.105018774914811,-8.025510888957058,-8.02550762715316,0.7035636478485231,0.7381247781313547,0.7467561200245705,0.7381248027479062,0.7035637126422697,0.13707755894783819,0.06993799245970414,0.05279230286243671,0.06993793401208459,0.13707742304711484,0.0,0.0,0.0,0.0,0.0,off,off,off,off,off
172.57499999999456,0.3,42.77249999999861,-4.083279235555835,-1.1848646393685272,-0.2284773309327761,-1.1848634940160991,-4.083276941258077,-8.003708322241494,-8.003705067969292,0.7036217915520256,0.7381847064053635,0.7468164218772521,0.7381847310159215,0.70362185633601,0.13707755894783819,0.06993799245970414,0.05279230286243671,0.06993793401208459,0.13707742304711484,0.0,0.0,0.0,0.0,0.0,off,off,off,off,off
172.82499999999456,0.3,42.8474999999986,-4.061543448435373,-1.1631759606072478,-0.20680420441482283,-1.1631748181371222,-4.061541159738681,-7.981911698662714,-7.981908451906975,0.7036798907006323,0.7382445892808032,0.7468766780767502,0.7382446138853805,0.7036799554748728,0.13707755894783819,0.06993799245970414,0.05279230286243671,0.06993793401208459,0.13707742304711484,0.0,0.0,0.0,0.0,0.0,off,off,off,off,off
173.07499999999456,0.3,42.922499999998585,-4.039813708779775,-1.1414934836858492,-0.1851373409717212,-1.1414923440876805,-4.039811425676589,-7.960121017461233,-7.960117778206495,0.7037379455969897,0.7383044270721942,0.7469368889406878,0.7383044516708187,0.7037380103615055,0.13707755894783819,0.06993799245970414,0.05279230286243671,0.06993793401208459,0.13707742304711484,0.0,0.0,0.0,0.0,0.0,off,off,off,off,off
173.32499999999456,0.3,42.997499999998574,-4.018090011977563,-1.1198171998570388,-0.16347673076086267,-1.1198160631279848,-4.018087734458334,-7.938336277850112,-7.9383330460812545,0.7037959565405043,0.7383642200906,0.7469970547833433,0.7383642446832785,0.7037960212953189,0.13707755894783819,0.06993799245970414,0.05279230286243671,0.06993793401208459,0.13707742304711484,0.0,0.0,0.0,0.0,0.0,off,off,off,off,off
173.57499999999456,0.3,43.07249999999856,-3.9963723534741575,-1.0981471005224535,-0.14182236406151105,-1.0981459666541582,-3.996370081519956,-7.916557479016262,-7.916554254718221,0.7038539238274011,0.7384239686436493,0.7470571759156281,0.7384239932304038,0.7038539885725642,0.13707755894783819,0.06993799245970414,0.05279230286243671,0.06993793401208459,0.13707742304711484,0.0,0.0,0.0,0.0,0.0,off,off,off,off,off
173.82499999999456,0.3,43.14749999999855,-3.974660728774495,-1.0764831772139019,-0.12017423126968652,-1.07648204620142,-3.9746584623730996,-7.894784620121641,-7.894781403279069,0.7039118477507539,0.7384836730356195,0.7471172526451335,0.7384836976164629,0.7039119124862945,0.13707755894783819,0.06993799245970414,0.05279230286243671,0.06993793401208459,0.13707742304711484,0.0,0.0,0.0,0.0,0.0,off,off,off,off,off
174.07499999999456,0.3,43.22249999999854,-3.9529551334391613,-1.054825421611497,-0.09853232290072356,-1.0548242934466998,-3.952952872581932,-7.873017700302682,-7.873014490900573,0.7039697286005223,0.7385433335674209,0.7471772852761553,0.7385433581423757,0.7039697933264636,0.13707755894783819,0.06993799245970414,0.05279230286243671,0.06993793401208459,0.13707742304711484,0.0,0.0,0.0,0.0,0.0,off,off,off,off,off
174.32499999999456,0.3,43.29749999999853,-3.9312555630993984,-1.0331738255202367,-0.07689662959359111,-1.0331727001954505,-3.9312533077687704,-7.851256718671607,-7.851253516694612,0.7040275666635487,0.7386029505366919,0.7472372741097156,0.7386029751057771,0.7040276313799344,0.13707755894783819,0.06993799245970414,0.05279230286243671,0.06993793401208459,0.13707742304711484,0.0,0.0,0.0,0.0,0.0,off,off,off,off,off
174.57499999999456,0.3,43.37249999999852,-3.909562013419645,-1.0115283808690378,-0.05526714210765249,-1.011527258378976,-3.9095597636055572,-7.8295016743167025,-7.829498479750043,0.7040853622236863,0.7386625242378305,0.7472972194436039,0.7386625488010606,0.7040854269305425,0.13707755894783819,0.06993799245970414,0.05279230286243671,0.06993793401208459,0.13707742304711484,0.0,0.0,0.0,0.0,0.0,off,off,off,off,off
174.82499999999456,0.3,43.447499999998506,-3.887874480132382,-0.9898890797184663,-0.033643851315730444,-0.9898879600567057,-3.8878722358280697,-7.80775256630335,-7.807749379131792,0.7041431155617388,0.7387220549620083,0.7473571215724242,0.7387220795194,0.7041431802590822,0.13707755894783819,0.06993799245970414,0.05279230286243671,0.06993793401208459,0.13707742304711484,0.0,0.0,0.0,0.0,0.0,off,off,off,off,off
175.07499999999456,0.3,43.522499999998495,-3.866192959024488,-0.9682559142505625,-0.012026748217181193,-0.9682547974160798,-3.866190720215741,-7.7860093936739645,-7.786006213882388,0.7042008269555272,0.7387815429972253,0.7474169807875928,0.7387815675487819,0.7042008916433936,0.13707755894783819,0.06993799245970414,0.05279230286243671,0.06993793401208459,0.13707742304711484,0.0,0.0,0.0,0.0,0.0,off,off,off,off,off
175.32499999999456,0.3,43.59749999999848,-3.844517445946053,-0.9466288786487667,0.009583920567934001,-0.9466277646321828,-3.844515212621957,-7.764272155448737,-7.764268983022305,0.7042584966798981,0.7388409886233774,0.7474769564877354,0.7388410131691232,0.7042585613583159,0.13707755894783819,0.06993799245970414,0.05279181423854143,0.06993793401208459,0.13707742304711484,0.0,0.0,0.0,0.0,0.0,off,off,off,off,off
175.57499999999456,0.3,43.67249999999847,-3.8228479381788247,-0.925008051597672,0.031183968545349217,-0.9250069403901193,-3.8228457103291476,-7.7425408506302915,-7.742537685553998,0.7043161250032597,0.7389003918943572,0.747539668061297,0.7389004164343166,0.704316189672254,0.13707755894783819,0.06993799245970414,0.05278261167611153,0.06993793401208459,0.13707742304711484,0.0,0.0,0.0,0.0,0.0,off,off,off,off,off
175.82499999999456,0.3,43.74749999999846,-3.801184438358689,-0.9033936130335292,0.052771991412839725,-0.9033925046327909,-3.801182215964616,-7.720815478230406,-7.720812320489131,0.7043737121775921,0.7389597525938734,0.7476059619874847,0.7389597771280507,0.7043737768372114,0.13707755894783819,0.06993799245970414,0.05276202052334429,0.06993793401208459,0.13707742304711484,0.0,0.0,0.0,0.0,0.0,off,off,off,off,off
176.07499999999456,0.3,43.82249999999845,-3.779526954972482,-0.8817857382635452,0.07434794941462997,-0.8817846326627432,-3.779524738027135,-7.6990960373108805,-7.699092886889844,0.7044312584372141,0.739019070515185,0.7476758325292325,0.7390190950435992,0.7044313230874754,0.13707755894783819,0.06993799245970414,0.05273006120694067,0.06993793401208459,0.13707742304711484,0.0,0.0,0.0,0.0,0.0,off,off,off,off,off
176.32499999999456,0.3,43.89749999999844,-3.757875501592366,-0.8601845923285509,0.09591180344273198,-0.860183489525923,-3.757873290089549,-7.677382527021109,-7.6773793839055315,0.7044887640007657,0.7390783454760246,0.7477492715149704,0.7390783699986803,0.704488828641684,0.13707755894783819,0.06993799245970414,0.05268676095538985,0.06993793401208459,0.13707742304711484,0.0,0.0,0.0,0.0,0.0,off,off,off,off,off
176.57499999999456,0.3,43.972499999998426,-3.73623009613965,-0.838590330924319,0.11746351212087802,-0.8385892309062797,-3.7362278900602064,-7.6556749466298015,-7.655671810804563,0.7045462290731224,0.7391375773161886,0.7478262682735504,0.7391376018331214,0.7045462937047465,0.13707755894783819,0.06993799245970414,0.05263215416765331,0.06993793401208459,0.13707742304711484,0.0,0.0,0.0,0.0,0.0,off,off,off,off,off
176.82499999999456,0.3,44.047499999998415,-3.714590760252861,-0.81700310125143,0.13900303196385266,-0.8170020040120107,-3.7145885595857635,-7.633973295550788,-7.633970167001166,0.7046036538470375,0.7391967658953157,0.7479068096298441,0.7391967904065413,0.7046037184693958,0.13707755894783819,0.06993799245970414,0.052566282474519666,0.06993793401208459,0.13707742304711484,0.0,0.0,0.0,0.0,0.0,off,off,off,off,off
177.07499999999456,0.3,44.1224999999984,-3.6929575187525074,-0.7954230427659468,0.1605303180840565,-0.7954219483009979,-3.692955323485023,-7.612277573366271,-7.612274452077486,0.7046610385045393,0.7392559110909314,0.7479908799210551,0.7392559355964606,0.7046611031176638,0.13707755894783819,0.06993799245970414,0.05248919471678381,0.06993793401208459,0.13707742304711484,0.0,0.0,0.0,0.0,0.0,off,off,off,off,off
177.32499999999456,0.3,44.19749999999839,-3.6713303991311363,-0.773850287845903,0.18204532497304626,-0.773849196155652,-3.6713282092567283,-7.590587779845691,-7.5905846658029645,0.7047183832182627,0.7393150127967117,0.7480784610207584,0.7393150372965437,0.7047184478221687,0.13707755894783819,0.06993799245970414,0.05240094689475175,0.06993793401208459,0.13707742304711484,0.0,0.0,0.0,0.0,0.0,off,off,off,off,off
177.57499999999456,0.3,44.27249999999838,-3.6497094311495744,-0.7522849623736647,0.20354800725340283,-0.752283873453166,-3.6497072466594886,-7.568903914960742,-7.568900808149181,0.7047756881525065,0.7393740709209713,0.7481695323611612,0.7393740954151187,0.7047757527472176,0.13707755894783819,0.06993799245970414,0.0523016021039718,0.06993793401208459,0.13707742304711484,0.0,0.0,0.0,0.0,0.0,off,off,off,off,off
177.82499999999456,0.3,44.34749999999837,-3.628094646447664,-0.7307271862185871,0.22503832032879245,-0.7307261000513563,-3.628092467328088,-7.547225978898041,-7.547222879302922,0.7048329534642603,0.7394330853854112,0.7482640709639584,0.7394331098739186,0.70483301804981,0.13707755894783819,0.06993799245970414,0.05219123046145366,0.06993793401208459,0.13707742304711484,0.0,0.0,0.0,0.0,0.0,off,off,off,off,off
178.07499999999456,0.3,44.42249999999836,-3.606486078216335,-0.7091770736570879,0.2465162209610412,-0.7091759902389185,-3.606483904459594,-7.525553972069645,-7.525550879676473,0.7048901793040637,0.7394920561240387,0.7483620514719626,0.7394920806069166,0.7048902438804726,0.13707755894783819,0.06993799245970414,0.05206990902372157,0.06993793401208459,0.13707742304711484,0.0,0.0,0.0,0.0,0.0,off,off,off,off,off
178.32499999999456,0.3,44.49749999999835,-3.5848837609122484,-0.6876347337702668,0.2679816677774056,-0.6876336530958724,-3.5848815925058375,-7.50388789512084,-7.50388480991478,0.7049473658167672,0.7395509830821373,0.7484634461844415,0.7395510075593996,0.7049474303840664,0.13707755894783819,0.06993799245970414,0.051937721697153,0.06993793401208459,0.13707742304711484,0.0,0.0,0.0,0.0,0.0,off,off,off,off,off
178.57499999999456,0.3,44.572499999998335,-3.5632877299843813,-0.666100270745801,0.28943462170116163,-0.6660991928096678,-3.563285566918182,-7.482227748935941,-7.48222467090244,0.7050045131422544,0.7396098662154975,0.7485682250960269,0.7396098906871582,0.7050045777004686,0.13707755894783819,0.06993799245970414,0.05179475914097586,0.06993793401208459,0.13707742304711484,0.0,0.0,0.0,0.0,0.0,off,off,off,off,off
178.82499999999456,0.3,44.647499999998324,-3.5416980216680827,-0.6445737841693244,0.310875046358035,-0.6445727089670186,-3.5416958639271456,-7.460573534642606,-7.460570463766999,0.7050616214159935,0.7396687054896693,0.7486763559345121,0.7396687299557402,0.7050616859651619,0.13707755894783819,0.06993799245970414,0.051641118663072805,0.06993793401208459,0.13707742304711484,0.0,0.0,0.0,0.0,0.0,off,off,off,off,off
179.07499999999456,0.3,44.72249999999831,-3.5201146727653736,-0.6230553692520857,0.3323029083763913,-0.623054296781163,-3.520112520339012,-7.438925253614684,-7.438922189882362,0.7051186907696294,0.7397275008793864,0.7487878042043572,0.7397275253398733,0.7051187553097783,0.13707755894783819,0.06993799245970414,0.051476904108825,0.06993793401208459,0.13707742304711484,0.0,0.0,0.0,0.0,0.0,off,off,off,off,off
179.32499999999456,0.3,44.7974999999983,-3.49853772048192,-0.6015451170375172,0.3537181776891316,-0.6015440472914406,-3.4985355733615506,-7.417282907473975,-7.4172798508705,0.7051757213314187,0.7397862523680462,0.7489025332318004,0.7397862768229659,0.7051757858625692,0.13707755894783819,0.06993799245970414,0.05130222574326353,0.06993793401208459,0.13707742304711484,0.0,0.0,0.0,0.0,0.0,off,off,off,off,off
179.57499999999456,0.3,44.87249999999829,-3.4769672022510463,-0.580043114589671,0.3751208277693081,-0.580042047564632,-3.4769650604266644,-7.395646498090059,-7.395643448601106,0.7052327132267106,0.739844959947231,0.7490205042122722,0.7398449843965942,0.7052327777488875,0.13707755894783819,0.06993799245970414,0.05111720012666553,0.06993793401208459,0.13707742304711484,0.0,0.0,0.0,0.0,0.0,off,off,off,off,off
179.82499999999456,0.3,44.94749999999828,-3.455403155619422,-0.5585494451469231,0.39651083584010394,-0.5585483808316098,-3.4554010190722124,-7.374016027580069,-7.374012985190802,0.705289666578258,0.7399036236163324,0.7491416762601029,0.7399036480601692,0.7052897310915102,0.13707755894783819,0.06993799245970414,0.05092194998388852,0.06993793401208459,0.13707742304711484,0.0,0.0,0.0,0.0,0.0,off,off,off,off,off
180.07499999999456,0.3,45.02249999999827,-3.4338456180942103,-0.5370641882259974,0.4178881830421801,-0.5370631266160331,-3.433843486822923,-7.352391498306304,-7.352388463002285,0.7053465815066379,0.7399622433822963,0.7492660064603948,0.7399622678206174,0.7053466460109663,0.13707755894783819,0.06993799245970414,0.05071660406762165,0.06993793401208459,0.13707742304711484,0.0,0.0,0.0,0.0,0.0,off,off,off,off,off
180.32499999999456,0.3,45.097499999998256,-3.412294627060305,-0.5155874197665753,0.4392528545926666,-0.5155863608602544,-3.4122925010478866,-7.330772912874579,-7.330769884641313,0.7054034581304836,0.7400208192592632,0.7493934499230338,0.7400208436920722,0.7054035226259332,0.13707755894783819,0.06993799245970414,0.05050129701581298,0.06993793401208459,0.13707742304711484,0.0,0.0,0.0,0.0,0.0,off,off,off,off,off
180.57499999999456,0.3,45.172499999998244,-3.390750219654308,-0.4941192122208804,0.4606048398877647,-0.4941181560109271,-3.3907480988894463,-7.3091602741305906,-7.30915725295381,0.7054602965668324,0.7400793512683576,0.7495239598386153,0.7400793756956738,0.7054603610534309,0.13707755894783819,0.06993799245970414,0.05027616920350559,0.06993793401208459,0.13707742304711484,0.0,0.0,0.0,0.0,0.0,off,off,off,off,off
180.82499999999456,0.3,45.24749999999823,-3.3692124326933026,-0.47265963463149774,0.4819441325979028,-0.47265858110824865,-3.3692103171692906,-7.287553585156786,-7.287550571022052,0.7055170969313299,0.7401378394375019,0.7496574875362911,0.7401378638593517,0.7055171614090933,0.13707755894783819,0.06993799245970414,0.05004136658934304,0.06993793401208459,0.13707742304711484,0.0,0.0,0.0,0.0,0.0,off,off,off,off,off
181.07499999999456,0.3,45.32249999999822,-3.347681302597266,-0.4512087527061226,0.5032707307587998,-0.45120770186520076,-3.347679192300234,-7.265952849267421,-7.265949842160353,0.7055738593384511,0.7401962838012457,0.7497939825434661,0.7401963082176397,0.7055739238074155,0.13707755894783819,0.06993799245970414,0.04979704055694343,0.06993793401208459,0.13707742304711484,0.0,0.0,0.0,0.0,0.0,off,off,off,off,off
181.32499999999456,0.3,45.39749999999821,-3.326156865295218,-0.4297666288813389,0.524584636808072,-0.4297655807189926,-3.3261547602218684,-7.244358070004125,-7.244355069910455,0.7056305839017669,0.7402546844006157,0.749933392647064,0.7402547088115635,0.7056306483619388,0.13707755894783819,0.06993799245970414,0.049543347751446275,0.06993793401208459,0.13707742304711484,0.0,0.0,0.0,0.0,0.0,off,off,off,off,off
181.57499999999456,0.3,45.4724999999982,-3.304639156194696,-0.40833332239196807,0.5458858576366197,-0.4083322768963171,-3.30463705633332,-7.222769251130558,-7.222766258036074,0.7056872707340391,0.7403130412829566,0.7500756639564512,0.74031306568849,0.7056873351854487,0.13707755894783819,0.06993799245970414,0.04928044991147692,0.06993793401208459,0.13707742304711484,0.0,0.0,0.0,0.0,0.0,off,off,off,off,off
181.82499999999456,0.3,45.54749999999819,-3.283128210100813,-0.386908889279141,0.5671744046018148,-0.3869078464457516,-3.2831261154377103,-7.201186396626667,-7.201183410517217,0.705743919947455,0.7403713545019326,0.7502207409677646,0.7403713789020622,0.7057439843901375,0.13707755894783819,0.06993799245970414,0.049008513696764094,0.06993793401208459,0.13707742304711484,0.0,0.0,0.0,0.0,0.0,off,off,off,off,off
182.07499999999456,0.3,45.622499999998176,-3.2616240611734497,-0.36549338248340746,0.5884502935344358,-0.36549234231472383,-3.2616219716960586,-7.17960951068352,-7.179606531544721,0.7058005316537561,0.740429624117299,0.750368566629598,0.7404296485120178,0.7058005960877418,0.13707755894783819,0.06993799245970414,0.048727710511715185,0.06993793401208459,0.13707742304711484,0.0,0.0,0.0,0.0,0.0,off,off,off,off,off
182.32499999999456,0.3,45.697499999998165,-3.240126742875759,-0.3440868518521256,0.6097135447371897,-0.34408581434195185,-3.240124658572995,-7.158038597696361,-7.158035625513833,0.7058571059643931,0.7404878501949089,0.7505190824099355,0.7404878745842336,0.7058571703897103,0.13707755894783819,0.06993799245970414,0.048438216325188015,0.06993793401208459,0.13707742304711484,0.0,0.0,0.0,0.0,0.0,off,off,off,off,off
182.57499999999456,0.3,45.77249999999815,-3.218636287932725,-0.3226893441851644,0.6309641829610086,-0.3226883093263382,-3.218634208796118,-7.13647366225797,-7.136470697017728,0.7059136429906516,0.7405460328066107,0.7506722283641749,0.7405460571905598,0.7059137074073214,0.13707755894783819,0.06993799245970414,0.04814021148673349,0.06993793401208459,0.13707742304711484,0.0,0.0,0.0,0.0,0.0,off,off,off,off,off
182.82499999999456,0.3,45.84749999999814,-3.1971527282998977,-0.3013009032533205,0.6522022373871437,-0.3012998710416923,-3.197150654318534,-7.114914709152572,-7.114911750840577,0.7059701428437557,0.7406041720302211,0.7508279432040729,0.7406041964088056,0.7059702072518056,0.13707755894783819,0.06993799245970414,0.04783388053959073,0.06993793401208459,0.13707742304711484,0.0,0.0,0.0,0.0,0.0,off,off,off,off,off
183.07499999999456,0.3,45.92249999999813,-3.1756760951186607,-0.2799215698500461,0.6734277415887391,-0.27992054027726,-3.175674026280376,-7.093361743348453,-7.09335879195072,0.7060266056350037,0.74066226794941,0.7509861643677267,0.7406622923226516,0.7060266700344637,0.13707755894783819,0.06993799245970414,0.04751941203069033,0.06993793401208459,0.13707742304711484,0.0,0.0,0.0,0.0,0.0,off,off,off,off,off
183.32499999999456,0.3,45.99749999999812,-3.1542064187019037,-0.25855138179457526,0.6946407334888249,-0.2585503548560837,-3.1542043549932828,-7.071814769991931,-7.0718118254940805,0.7060830314758219,0.7407203206537109,0.7511468280908484,0.7407203450216208,0.7060830958667261,0.13707755894783819,0.06993799245970414,0.04719699831796532,0.06993793401208459,0.13707742304711484,0.0,0.0,0.0,0.0,0.0,off,off,off,off,off
183.57499999999456,0.3,46.07249999999811,-3.1327437284826942,-0.2371903739722825,0.7158412552785194,-0.23718934966416327,-3.1327416698996444,-7.050273794398265,-7.050270856786369,0.7061394204779221,0.7407783302384358,0.751309869477221,0.7407783546010247,0.7061394848602803,0.13707755894783819,0.06993799245970414,0.04686683537523273,0.06993793401208459,0.13707742304711484,0.0,0.0,0.0,0.0,0.0,off,off,off,off,off
183.82499999999456,0.3,46.1474999999981,-3.1112880530103553,-0.21583857836299103,0.7370293533872427,-0.2158375566791051,-3.1112859995408257,-7.02873882204608,-7.028735891305985,0.7061957727533287,0.7408362968046213,0.7514752225709843,0.7408363211619048,0.7061958371271703,0.13707755894783819,0.06993799245970414,0.04652912259492563,0.06993793401208459,0.13707742304711484,0.0,0.0,0.0,0.0,0.0,off,off,off,off,off
184.07499999999456,0.3,46.222499999998085,-3.0898394199104473,-0.19449602406069744,0.7582050783955765,-0.19449500499575834,-3.089837371539545,-7.007209858568558,-7.007206934686337,0.7062520884145006,0.740894220458994,0.7516428204289,0.740894244810985,0.7062521527798639,0.13707755894783819,0.06993799245970414,0.04618406258893745,0.06993793401208459,0.13707742304711484,0.0,0.0,0.0,0.0,0.0,off,off,off,off,off
184.32499999999456,0.3,46.297499999998074,-3.0683978558778335,-0.1731627372975595,0.7793684849664828,-0.1731617208448597,-3.0683958125978847,-6.985686909746903,-6.985683992708459,0.7063083675743722,0.7409521013139273,0.7518125951929867,0.7409521256606444,0.7063084319312759,0.13707755894783819,0.06993799245970414,0.045831860987870954,0.06993793401208459,0.13707742304711484,0.0,0.0,0.0,0.0,0.0,off,off,off,off,off
184.57499999999456,0.3,46.37249999999806,-3.046963386650134,-0.15183874147686538,0.8005196317636205,-0.1518377276290721,-3.046961348453806,-6.964169981502096,-6.964167071293559,0.7063646103464384,0.7410099394873761,0.7519844781633307,0.7410099638288385,0.7063646746949012,0.13707755894783819,0.06993799245970414,0.0454727262389732,0.06993793401208459,0.13707742304711484,0.0,0.0,0.0,0.0,0.0,off,off,off,off,off
184.82499999999456,0.3,46.44749999999805,-3.0255360370016433,-0.13052405718781301,0.8216585813609072,-0.13052304594270936,-3.025534003873986,-6.942659079887164,-6.942656176494609,0.7064208168447912,0.7410677351028546,0.7521583998709824,0.7410677594390671,0.7064208811848495,0.13707755894783819,0.06993799245970414,0.045106869402994,0.06993793401208459,0.13707742304711484,0.0,0.0,0.0,0.0,0.0,off,off,off,off,off
185.07499999999456,0.3,46.52249999999804,-3.004115830706951,-0.10921870224512986,0.8427854001603805,-0.10921769359578093,-3.004113802640859,-6.921154211080022,-6.921151314489407,0.7064769871842316,0.7411254882893513,0.7523342901508543,0.7411255126203317,0.7064770515159035,0.13707755894783819,0.06993799245970414,0.04473450395028987,0.06993793401208459,0.13707742304711484,0.0,0.0,0.0,0.0,0.0,off,off,off,off,off
185.32499999999456,0.3,46.59749999999803,-2.9827027905602677,-0.08792269172215583,0.8639001582803303,-0.08792168565810243,-2.982700767540962,-6.899655381374828,-6.899652491572397,0.706533121480238,0.7411831991812586,0.7525120782144279,0.7411832235070355,0.7065331858035612,0.13707755894783819,0.06993799245970414,0.044355845556397364,0.06993793401208459,0.13707742304711484,0.0,0.0,0.0,0.0,0.0,off,off,off,off,off
185.57499999999456,0.3,46.67249999999802,-2.9612969383339873,-0.06663603794532946,0.88500292948072,-0.06663503446316099,-2.961294920354021,-6.878162597174708,-6.878159714146648,0.7065892198490951,0.7412408679184109,0.752691692722334,0.7412408922389919,0.7065892841640874,0.13707755894783819,0.06993799245970414,0.043971111897371754,0.06993793401208459,0.13707742304711484,0.0,0.0,0.0,0.0,0.0,off,off,off,off,off
185.82499999999456,0.3,46.747499999998006,-2.939898294779823,-0.04535875056330951,0.9060937910201687,-0.0453577496645039,-2.9398962818334553,-6.856675864983913,-6.856672988716355,0.7066452824079058,0.7412984946459145,0.7528730618564169,0.7412985189612954,0.7066453467145807,0.13707755894783819,0.06993799245970414,0.0435805224451425,0.06993793401208459,0.13707742304711484,0.0,0.0,0.0,0.0,0.0,off,off,off,off,off
186.07499999999456,0.3,46.822499999997994,-2.9185068796350038,-0.02409083656544908,0.9271728235972887,-0.024089838243526174,-2.9185048717059203,-6.835195191399521,-6.835192321878878,0.7067013092745953,0.7413560795141212,0.7530561133916033,0.7413561038243189,0.7067013735729939,0.13707755894783819,0.06993799245970414,0.043184298263146945,0.06993793401208459,0.13707742304711484,0.0,0.0,0.0,0.0,0.0,off,off,off,off,off
186.32499999999456,0.3,46.89749999999798,-2.8971227115889633,-0.0028323003120362955,0.9482401111963554,-0.002831304559322234,-2.897120708669945,-6.8137205831043275,-6.813717720316674,0.7067573005680149,0.741413622678563,0.7532407747669775,0.741413646983598,0.7067573648581554,0.13707755894783819,0.06993799245970414,0.042782661802497,0.06993793401208459,0.13707742304711484,0.0,0.0,0.0,0.0,0.0,off,off,off,off,off
186.57499999999456,0.3,46.97249999999797,-2.8757458354314736,0.018414624066394936,0.9692956865988549,0.018415616944253088,-2.8757438375175752,-6.792252046917838,-6.792249190849418,0.7068132563387206,0.7414724505315936,0.7534269730103506,0.7414724750169019,0.7068133206206149,0.13707755894783819,0.06993407241960897,0.04237583670159401,0.06993401341912962,0.13707742304711484,0.0,0.0,0.0,0.0,0.0,off,off,off,off,off
186.82499999999456,0.3,47.04749999999796,-2.8543764775039335,0.03964404618545814,0.9903392181698791,0.03964503612854742,-2.854374484595951,-6.7707895906327735,-6.770786741270001,0.7068691761725443,0.741536055630391,0.7536146339480461,0.7415360803369775,0.7068692404461895,0.13707755894783819,0.06991581371851689,0.04196404766006877,0.06991575404053474,0.13707742304711484,0.0,0.0,0.0,0.0,0.0,off,off,off,off,off
187.07499999999456,0.3,47.12249999999795,-2.8330149215572646,0.060855628634499226,1.011370256076134,0.06085661566532963,-2.833012933659518,-6.749333223909957,-6.749330381239361,0.7069250595072815,0.7416045972112744,0.7538036828910232,0.7416046221331232,0.7069251237726657,0.13707755894783819,0.0698827378536344,0.04154752036490928,0.06988267751338836,0.13707742304711484,0.0,0.0,0.0,0.0,0.0,off,off,off,off,off
187.32499999999456,0.3,47.19749999999794,-2.8116614317899007,0.08204931670530868,1.0323883866304868,0.0820503008208675,-2.811659448902674,-6.727882958230509,-6.7278801222389575,0.7069809058289991,0.741678064174068,0.7539940451153117,0.741678089304951,0.7069809700861206,0.13707755894783819,0.06983487913250558,0.04112648129171077,0.06983481814560448,0.13707742304711484,0.0,0.0,0.0,0.0,0.0,off,off,off,off,off
187.57499999999456,0.3,47.272499999997926,-2.7903162545879923,0.1032250477341563,1.0533932293705561,0.10322602894979127,-2.7903142767065106,-6.706438806754136,-6.706435977428214,0.7070367146676096,0.7417564420209819,0.7541856459296845,0.74175646735458,0.707036778916481,0.13707755894783819,0.0697722806625038,0.04070115748253895,0.06977221904493686,0.13707742304711484,0.0,0.0,0.0,0.0,0.0,off,off,off,off,off
187.82499999999456,0.3,47.347499999997915,-2.7689796202594152,0.12438275090590878,1.0743844340849478,0.12438372924475516,-2.768977647382485,-6.685000784190095,-6.684997961516558,0.7070924855924604,0.7418397127803763,0.7543784107415749,0.741839738310261,0.7070925498330823,0.13707755894783819,0.0696949947205563,0.04027177632748654,0.06969493248866433,0.13707742304711484,0.0,0.0,0.0,0.0,0.0,off,off,off,off,off
188.07499999999456,0.3,47.4224999999979,-2.747651744578036,0.14552234900020267,1.0953616781753794,0.14552332447084382,-2.7476497766998023,-6.663568906680894,-6.663566090646668,0.7071482182084032,0.7419278550020916,0.7545722651222325,0.7419278807216643,0.7071482824407902,0.13707755894783819,0.06960308280433848,0.039838565350029595,0.06960301997482392,0.13707742304711484,0.0,0.0,0.0,0.0,0.0,off,off,off,off,off
188.32499999999456,0.3,47.49749999999789,-2.726332830137551,0.16664376029410732,1.1163246642600484,0.16664473290870774,-2.72633086725574,-6.642143191697301,-6.642140382289256,0.7072039121523578,0.7420208437928395,0.7547671348708328,0.7420208696953845,0.7072039763765148,0.13707755894783819,0.06949661559031557,0.039401751996274596,0.06949655218023298,0.13707742304711484,0.0,0.0,0.0,0.0,0.0,off,off,off,off,off
188.57499999999456,0.3,47.57249999999788,-2.705023067536331,0.18774690045830766,1.1372731181151607,0.18774787024648276,-2.7050211096453154,-6.620723657941426,-6.620720855146487,0.7072595670902988,0.7421186508484884,0.7549629460777743,0.7421186769272233,0.7072596313062383,0.13707755894783819,0.06937567285810729,0.03896156342816195,0.06937560888483288,0.13707742304711484,0.0,0.0,0.0,0.0,0.0,off,off,off,off,off
188.82499999999456,0.3,47.64749999999787,-2.683722636412881,0.20883168419760523,1.1582067868161516,0.2088326511679952,-2.6837206835146503,-6.599310325259353,-6.5993075290646175,0.70731518271463,0.7422212444997588,0.7551596251867663,0.7422212707477354,0.7073152469223462,0.13707755894783819,0.06924034339762922,0.03851822632071606,0.06924027887884995,0.13707742304711484,0.0,0.0,0.0,0.0,0.0,off,off,off,off,off
189.07499999999456,0.3,47.72249999999786,-2.662431706333848,0.22989802668166703,1.1791254371740933,0.22989899085166599,-2.6624297584169767,-6.5779032145601946,-6.5779004249528725,0.7073707587419327,0.7423285897592086,0.7553570990559453,0.7423286161693939,0.7073708229414536,0.13707755894783819,0.06909072490400751,0.038071966663402054,0.0690906598577243,0.13707742304711484,0.0,0.0,0.0,0.0,0.0,off,off,off,off,off
189.32499999999456,0.3,47.79749999999785,-2.641150437574595,0.250945844817295,1.2000288543028432,0.25094680620503595,-2.641148494629988,-6.556502347742253,-6.556499564709327,0.7074262949109857,0.7424406483754076,0.7555552950175326,0.7424406749406736,0.7074263591023333,0.13707755894783819,0.06892692386179644,0.03762300956572699,0.0689268583062979,0.13707742304711484,0.0,0.0,0.0,0.0,0.0,off,off,off,off,off
189.57499999999456,0.3,47.872499999997835,-2.6198789817902934,0.2719750583459586,1.220916840375196,0.2719760169658798,-2.6198770438174392,-6.535107747623499,-6.535104971152123,0.7074817909810698,0.7425573788880102,0.7557541409361836,0.7425574056011301,0.7074818551642441,0.13707755894783819,0.06874905541922872,0.037171579067153675,0.06874898937306848,0.13707742304711484,0.0,0.0,0.0,0.0,0.0,off,off,off,off,off
189.82499999999456,0.3,47.947499999997824,-2.5986174826143724,0.2929855907716501,1.2417892135596276,0.2929865466383603,-2.5986155496014476,-6.513719437877853,-6.51371666795535,0.7075372467304524,0.7426787366861659,0.7559535652659567,0.7426787635398265,0.7075373109054829,0.13707755894783819,0.06855724325293013,0.03671789795145463,0.0685571767349295,0.13707742304711484,0.0,0.0,0.0,0.0,0.0,off,off,off,off,off
190.07499999999456,0.3,48.02249999999781,-2.5773660761448127,0.313977370196028,1.2626458070367335,0.3139783233268645,-2.5773641480847687,-6.492337442975497,-6.492334679589305,0.7075926619551632,0.7428046740723854,0.7561534971056179,0.7428047010592042,0.7075927261220661,0.13707755894783819,0.06835161942353579,0.036262187565608006,0.06835155245275626,0.13707742304711484,0.0,0.0,0.0,0.0,0.0,off,off,off,off,off
190.32499999999456,0.3,48.0974999999978,-2.556124891417028,0.3349503300146921,1.283486468170679,0.33495128042562783,-2.5561229682970747,-6.470961788126715,-6.470959031264044,0.7076480364677983,0.7429351403291337,0.756353866252453,0.7429351674416521,0.7076481006266045,0.13707755894783819,0.06813232422247663,0.03580466764333752,0.06813225681821272,0.13707742304711484,0.0,0.0,0.0,0.0,0.0,off,off,off,off,off
190.57499999999456,0.3,48.17249999999779,-2.534894050760329,0.35590440952580593,1.304311057721577,0.35590535723952144,-2.5348921325747824,-6.449592499228913,-6.449589748877088,0.7077033700966265,0.7430700817887658,0.7565546032542445,0.7430701090194819,0.7077034342473503,0.13707755894783819,0.06789950601036512,0.0353455561334347,0.06789943819211848,0.13707742304711484,0.0,0.0,0.0,0.0,0.0,off,off,off,off,off
190.82499999999456,0.3,48.24749999999778,-2.513673670146318,0.376839554437538,1.3251194492374907,0.3768404994574439,-2.5136717568819336,-6.428229602816543,-6.4282268589627165,0.7077586626847143,0.7432094419066323,0.7567556394597856,0.7432094692479326,0.707758726827387,0.13707755894783819,0.06765332104726772,0.034885069032935895,0.06765325283474694,0.13707742304711484,0.0,0.0,0.0,0.0,0.0,off,off,off,off,off
191.07499999999456,0.3,48.32249999999777,-2.4924638594754924,0.39775571728603154,1.3459115284200607,0.39775665964231166,-2.492461951123971,-6.406873126013352,-6.406870388645018,0.707813914089206,0.7433531613371789,0.7569569070673344,0.7433531887814742,0.7078139782238476,0.13707755894783819,0.06739393331526858,0.03442342022526387,0.06739386472835418,0.13707742304711484,0.0,0.0,0.0,0.0,0.0,off,off,off,off,off
191.32499999999456,0.3,48.397499999997756,-2.471264722822582,0.4186528578284765,1.3666871926156432,0.41865379753028265,-2.4712628193766477,-6.385523096487361,-6.385520365591958,0.707869124180713,0.7435011780130718,0.7571583391714107,0.7435012055526754,0.7078691883073415,0.13707755894783819,0.06712151433360342,0.033960821323459976,0.06712144539234043,0.13707742304711484,0.0,0.0,0.0,0.0,0.0,off,off,off,off,off
191.57499999999456,0.3,48.472499999997744,-2.450076358668923,0.43953094330828435,1.3874463503268544,0.4395318803770465,-2.4500744601244833,-6.364179542407271,-6.364176817972179,0.7079242928427344,0.7436534272268756,0.7573598698076286,0.743653454854094,0.7079243569613577,0.13707755894783819,0.06683624296675744,0.03349748151857924,0.06683617369134956,0.13707742304711484,0.0,0.0,0.0,0.0,0.0,off,off,off,off,off
191.82499999999456,0.3,48.54749999999773,-2.42889886009624,0.46038994873066486,1.4081889208065945,0.460390883179457,-2.4288969664302726,-6.34284249240045,-6.342839774413335,0.7079794199711734,0.74380984171548,0.7575614339957256,0.7438098694225702,0.7079794840818489,0.13707755894783819,0.06653830522587133,0.03303360743333653,0.0665382356366514,0.13707742304711484,0.0,0.0,0.0,0.0,0.0,off,off,off,off,off
192.07499999999456,0.3,48.62249999999772,-2.4077323149390963,0.4812298570194571,1.4289148336499125,0.48123078886800386,-2.40773042614137,-6.321511975513488,-6.321509263961673,0.7080345054739623,0.7439703517467513,0.7577629677805444,0.7439703795259681,0.7080345695767151,0.13707755894783819,0.06622789406380332,0.03256940298110065,0.06622782418121657,0.13707742304711484,0.0,0.0,0.0,0.0,0.0,off,off,off,off,off
192.32499999999456,0.3,48.69749999999771,-2.386576805945481,0.5020506592001652,1.4496240284698843,0.5020515884655765,-2.386574922002012,-6.300188021172858,-6.30018531604378,0.7080895492706685,0.7441348852086234,0.7579644082711937,0.7441349130521986,0.7080896133655322,0.13707755894783819,0.06590520916417018,0.03210506923029791,0.06590513900876717,0.13707742304711484,0.0,0.0,0.0,0.0,0.0,off,off,off,off,off
192.57499999999456,0.3,48.7724999999977,-2.365432410894016,0.5228523544959671,1.4703164545725826,0.5228532811921696,-2.365430531800655,-6.278870659147401,-6.2788679604284425,0.7081445512922032,0.7443033677001268,0.7581656936781562,0.7443033956002731,0.7081446153791866,0.13707755894783819,0.06557045672477503,0.03164080427429681,0.06557038631719862,0.13707742304711484,0.0,0.0,0.0,0.0,0.0,off,off,off,off,off
192.82499999999456,0.3,48.84749999999769,-2.344299202740274,0.5436349503922884,1.4909920706664366,0.5436358745380971,-2.3442973284811046,-6.257559919511834,-6.257557227190432,0.7081995114804643,0.7444757226243279,0.7583667633484334,0.7444757505732744,0.7081995755596078,0.13707755894783819,0.06522384923576803,0.031176803106841972,0.06522377859671798,0.13707742304711484,0.0,0.0,0.0,0.0,0.0,off,off,off,off,off
193.07499999999456,0.3,48.922499999997676,-2.32317724968658,0.5643984626875067,1.5116508445906902,0.5643993842983264,-2.3231753802529056,-6.236255832611505,-6.236253146675267,0.7082544297881704,0.7446518712830552,0.7585675577986878,0.7446518992730233,0.7082544938594934,0.13707755894783819,0.0648656052528376,0.030713257503089397,0.06486553440307824,0.13707742304711484,0.0,0.0,0.0,0.0,0.0,off,off,off,off,off
193.32499999999456,0.3,48.997499999997665,-2.3020666152945637,0.5851429155025016,1.532292753060915,0.5851438345961242,-2.3020647506719456,-6.214958429028172,-6.214955749464366,0.7083093061785839,0.7448317329731281,0.7587680187463846,0.7448317609963622,0.7083093702421217,0.13707755894783819,0.06449594916589779,0.030250355906284082,0.06449587812622064,0.13707742304711484,0.0,0.0,0.0,0.0,0.0,off,off,off,off,off
193.57499999999456,0.3,49.07249999999765,-2.2809673585734345,0.6058683412747428,1.5529177814394188,0.6058692578705518,-2.2809654987455588,-6.193667739545617,-6.19366506634185,0.7083641406252994,0.7450152250835986,0.7589680891389541,0.7450152531323632,0.7083642046810921,0.13707755894783819,0.06411511096352256,0.029788283320116796,0.06411503975474737,0.13707742304711484,0.0,0.0,0.0,0.0,0.0,off,off,off,off,off
193.82499999999456,0.3,49.14749999999764,-2.259879534040863,0.6265747807203184,1.5735259235148646,0.6265756948438934,-2.259877678999146,-6.1723837951175256,-6.172381128261122,0.7084189331121007,0.745202263195717,0.7591677131809514,0.74520229126232,0.7084189971601689,0.13707755894783819,0.06372332599355611,0.0293272212067974,0.06372325463650119,0.13707742304711484,0.0,0.0,0.0,0.0,0.0,off,off,off,off,off
194.07499999999456,0.3,49.22249999999763,-2.2388031918069373,0.6472622827675991,1.5941171812951893,0.6472631944304794,-2.238801341540011,-6.151106626834803,-6.151103966313542,0.7084736836327584,0.7453927611817891,0.7593668363592294,0.7453927892585357,0.7084737476731294,0.13707755894783819,0.0633208347202502,0.028867347390856224,0.06332076323571702,0.13707742304711484,0.0,0.0,0.0,0.0,0.0,off,off,off,off,off
194.32499999999456,0.3,49.29749999999762,-2.2177383776475494,0.6679309044900492,1.6146915648043318,0.6679318137129826,-2.21773653214035,-6.129836265894994,-6.12983361169637,0.7085283921908545,0.7455866313060496,0.7595654054661195,0.7455866593853043,0.7085284562235643,0.13707755894783819,0.0629078824782442,0.028408835968679207,0.062907810887021,0.13707742304711484,0.0,0.0,0.0,0.0,0.0,off,off,off,off,off
194.57499999999456,0.3,49.37249999999761,-2.1966851330495842,0.6885807110128894,1.63524909189357,0.6885816178177038,-2.1966832922868207,-6.108572743571074,-6.108570095682467,0.7085830587996765,0.7457837843261352,0.7597633686206665,0.7457838124003129,0.7085831228247632,0.13707755894783819,0.06248471922382225,0.027951857223805644,0.06248464754664246,0.13707742304711484,0.0,0.0,0.0,0.0,0.0,off,off,off,off,off
194.82499999999456,0.3,49.447499999997596,-2.1756434952998234,0.7092117753996945,1.6557897880556993,0.7092126798069103,-2.1756416592634764,-6.087316091181492,-6.087313449590397,0.708637683482007,0.7459841295949716,0.7599606752879017,0.7459841576565363,0.7086377474995146,0.13707755894783819,0.06205159928371325,0.027496577547960786,0.06205152754125073,0.13707742304711484,0.0,0.0,0.0,0.0,0.0,off,off,off,off,off
195.07499999999456,0.3,49.522499999997585,-2.154613497507057,0.7298241785344999,1.6763136862393253,0.7298250805581006,-2.15461166619275,-6.066066340060786,-6.06606370475464,0.7086922662700745,0.7461875751630217,0.760157276296183,0.746187603204474,0.7086923302800123,0.13707755894783819,0.061608781101856254,0.02704315936781327,0.06160870931471403,0.13707742304711484,0.0,0.0,0.0,0.0,0.0,off,off,off,off,off
195.32499999999456,0.3,49.597499999997574,-2.1335951686976387,0.750418008993222,1.6968208266957276,0.7504189086569113,-2.1335933420902506,-6.0448235215309865,-6.044820892497171,0.7087468072053222,0.7463940278807146,0.7603531238526967,0.7463940558946438,0.7087468712077275,0.13707755894783819,0.06115652698443535,0.026591761077450635,0.061156455173137045,0.13707742304711484,0.0,0.0,0.0,0.0,0.0,off,off,off,off,off
195.57499999999456,0.3,49.67249999999756,-2.1125885338537955,0.7709933628846102,1.7173112567760995,0.7709942602014621,-2.1125867119370128,-6.023587666873141,-6.0235850440992635,0.7088013063383228,0.7466033935008276,0.760548171556948,0.7466034214798634,0.7088013703332352,0.13707755894783819,0.060695102843590636,0.02614253697652397,0.06069503102854477,0.13707742304711484,0.0,0.0,0.0,0.0,0.0,off,off,off,off,off
195.82499999999456,0.3,49.74749999999755,-2.0915936139648466,0.7915503437033067,1.7377850307842664,0.7915512386833257,-2.0915917967279256,-6.002358807300084,-6.002356190773526,0.7088557637286576,0.746815576780786,0.7607423744125346,0.7468156047176208,0.7088558277161022,0.13707755894783819,0.060224777940063444,0.025695637214046125,0.06022470614157846,0.13707742304711484,0.0,0.0,0.0,0.0,0.0,off,off,off,off,off
196.07499999999456,0.3,49.82249999999754,-2.070610426099904,0.8120890621383978,1.7582422098015513,0.8120899548071634,-2.070608613530908,-5.98113697392921,-5.981134363637636,0.7089101794447412,0.7470304815845549,0.7609356888370219,0.747030509472001,0.7089102434247473,0.13707755894783819,0.059745824625216215,0.025251207737784737,0.059745752863466894,0.13707742304711484,0.0,0.0,0.0,0.0,0.0,off,off,off,off,off
196.32499999999456,0.3,49.89749999999753,-2.049638983452212,0.8326096359464259,1.778682861519144,0.8326105263173531,-2.04963717553062,-5.959922197756612,-5.959919593687232,0.7089645535637222,0.7472480109842673,0.761128072670051,0.7472480388151934,0.7089646175363409,0.13707755894783819,0.059258518082675876,0.024809390249199804,0.05925844637768,0.13707742304711484,0.0,0.0,0.0,0.0,0.0,off,off,off,off,off
196.57499999999456,0.3,49.97249999999752,-2.0286792954015027,0.8531121897393632,1.799107060076949,0.8531130778297893,-2.0286774921123083,-5.938714509630358,-5.938711911770611,0.7090188861713327,0.7474680673610519,0.7613194851797025,0.74746809512842,0.7090189501365995,0.13707755894783819,0.058763136069941074,0.024370322163870996,0.05876306444157322,0.13707742304711484,0.0,0.0,0.0,0.0,0.0,off,off,off,off,off
196.82499999999456,0.3,50.047499999997505,-2.00773136756402,0.8735968547837274,1.8195148859006736,0.8735977406205961,-2.007729568897446,-5.917513940225831,-5.917511348563323,0.7090731773617716,0.7476905525051276,0.7615098870671417,0.7476905802020242,0.7090732413197103,0.13707755894783819,0.058259958660377864,0.02393413657735288,0.0582598871283293,0.13707742304711484,0.0,0.0,0.0,0.0,0.0,off,off,off,off,off
197.07499999999456,0.3,50.122499999997494,-1.986795201864993,0.8940637688401125,1.8399064255349913,0.8940646524391127,-1.986793407806772,-5.896320520021391,-5.896317934543276,0.7091274272375315,0.7479153677151527,0.7616992404695738,0.7479153953347332,0.7091274911881769,0.13707755894783819,0.0577492679857847,0.023500962236371818,0.05774919656955849,0.13707742304711484,0.0,0.0,0.0,0.0,0.0,off,off,off,off,off
197.32499999999456,0.3,50.19749999999748,-1.9658707965944018,0.9145130759374069,1.860281771474206,0.914513957316899,-1.96586900712839,-5.875134279273652,-5.87513169996754,0.7091816359092651,0.7481424138963867,0.7618875089615517,0.7481424414319152,0.7091816998526564,0.13707755894783819,0.05723134797990765,0.02307092351530039,0.05723127669880987,0.13707742304711484,0.0,0.0,0.0,0.0,0.0,off,off,off,off,off
197.57499999999456,0.3,50.27249999999747,-1.944958146461829,0.9349449261738414,1.8806410220011571,0.9349458053438866,-1.944956361580978,-5.853955247994861,-5.853952674848131,0.709235803495659,0.7483715916577639,0.762074657554713,0.7483716191025879,0.7092358674318113,0.13707755894783819,0.05670648412324521,0.022644140397815902,0.05670641299637979,0.13707742304711484,0.0,0.0,0.0,0.0,0.0,off,off,off,off,off
197.82499999999456,0.3,50.34749999999746,-1.9240572426766676,0.9553594755138306,1.900984281039257,0.955360352495461,-1.92405546236688,-5.832783455929189,-5.832780888929335,0.7092899301232343,0.7486028014077015,0.7622606526960001,0.7486028287553103,0.7092899940521828,0.13707755894783819,0.05617496318937222,0.022220728463654686,0.056174892235618085,0.13707742304711484,0.0,0.0,0.0,0.0,0.0,off,off,off,off,off
198.07499999999456,0.3,50.42249999999745,-1.9031680729891036,0.9757568855602017,1.921311657962974,0.97575776037894,-1.9031662972263916,-5.81161893253136,-5.811616371665707,0.7093440159262581,0.7488359434484473,0.7624454622642551,0.7488359706924591,0.7093440798480622,0.13707755894783819,0.05563707299311934,0.021800798880362335,0.05563700223111433,0.13707742304711484,0.0,0.0,0.0,0.0,0.0,off,off,off,off,off
198.32499999999456,0.3,50.49749999999744,-1.8822906217681066,0.9961373233645645,1.941623267443731,0.9961381960357016,-1.8822888505367814,-5.79046170694437,-5.790459152200242,0.7093980610465508,0.7490709180690235,0.7626290555654535,0.7490709452031493,0.7093981249612497,0.13707755894783819,0.05509310214088503,0.02138445839994137,0.05509303158901389,0.13707742304711484,0.0,0.0,0.0,0.0,0.0,off,off,off,off,off
198.57499999999456,0.3,50.572499999997426,-1.8614248700662301,1.0165009611867504,1.9619192292825005,1.0165018317237582,-1.8614231033542978,-5.769311807978966,-5.7693092593438,0.709452065633333,0.7493076256364246,0.7628114033264769,0.7493076526544915,0.7094521295409537,0.13707755894783819,0.05454333978333552,0.020971809360297865,0.05454326945973365,0.13707742304711484,0.0,0.0,0.0,0.0,0.0,off,off,off,off,off
198.82499999999456,0.3,50.647499999997414,-1.8405707956908373,1.0368479762759648,1.982199668245869,1.03684884469061,-1.8405690334830638,-5.748169264092951,-5.748166721554128,0.7095060298430512,0.7495459666851526,0.7629924776875341,0.7495459935811072,0.7095060937436319,0.13707755894783819,0.05398807537080678,0.020562949691351223,0.053988005293349656,0.13707742304711484,0.0,0.0,0.0,0.0,0.0,off,off,off,off,off
199.07499999999456,0.3,50.7224999999974,-1.8197283732703227,1.0571785506465403,2.0024647138947103,1.0571794169523514,-1.8197266155573857,-5.72703410337175,-5.72703156691648,0.7095599538392238,0.7497858420049236,0.7631722521932306,0.7497858687728454,0.7095600177327858,0.13707755894783819,0.05342759841164088,0.020157972925720382,0.053427528597926335,0.13707742304711484,0.0,0.0,0.0,0.0,0.0,off,off,off,off,off
199.32499999999456,0.3,50.79749999999739,-1.7988975743295441,1.0774928708713105,2.022714500417692,1.0774937350948335,-1.798895821098597,-5.705906353508965,-5.705903823124686,0.7096138377922523,0.7500271527265195,0.7633507017823825,0.7500271793606569,0.7096139016788264,0.13707755894783819,0.05286219823368859,0.01975696821384344,0.05286212870102091,0.13707742304711484,0.0,0.0,0.0,0.0,0.0,off,off,off,off,off
199.57499999999456,0.3,50.87249999999738,-1.7780783673582619,1.097791127844232,2.042949166467622,1.0977919899938797,-1.7780766185954917,-5.684786041788186,-5.684783517462165,0.7096676818792613,0.7502698004055671,0.7635278027766074,0.7502698269002552,0.7096677457588816,0.13707755894783819,0.05229216374925661,0.019360020343423254,0.052292094514637164,0.13707742304711484,0.0,0.0,0.0,0.0,0.0,off,off,off,off,off
199.82499999999456,0.3,50.94749999999737,-1.7572707178953806,1.118073516546076,2.0631688549877936,1.1180743766362866,-1.7572689735821996,-5.663673195064746,-5.663670676784477,0.709721486283891,0.7505136871042508,0.7637035328677162,0.7505137134539775,0.7097215501566032,0.13707755894783819,0.05171778322372623,0.01896720976305561,0.05171771430385517,0.13707742304711484,0.0,0.0,0.0,0.0,0.0,off,off,off,off,off
200.07499999999456,0.3,51.02249999999736,-1.7364745885819275,1.138340235829844,2.0833737130407144,1.1383410938808538,-1.7364728487103207,-5.642567839749631,-5.642565327502325,0.709775251196174,0.7507587154709362,0.7638778711039749,0.7507587416703434,0.7097753150619963,0.13707755894783819,0.05113934404805703,0.01857861260993539,0.0511392754593193,0.13707742304711484,0.0,0.0,0.0,0.0,0.0,off,off,off,off,off
200.32499999999456,0.3,51.097499999997346,-1.715689939251149,1.1585914881929398,2.1035638916480366,1.1585923442232229,-1.7156882038073036,-5.621470001791408,-5.6214674955644455,0.7098289768123117,0.7510047888175494,0.7640507978753247,0.7510048148614187,0.7098290406712779,0.13707755894783819,0.05055713251539803,0.018194300741473147,0.05055706427384637,0.13707742304711484,0.0,0.0,0.0,0.0,0.0,off,off,off,off,off
200.57499999999456,0.3,51.172499999997335,-1.6949167270207113,1.1788274795613916,2.123739545604849,1.1788283335807819,-1.694914995982856,-5.600379706661272,-5.600377206442204,0.7098826633344512,0.7512518111947142,0.7642222948974979,0.7512518370779464,0.7098827271866154,0.13707755894783819,0.04997143360200482,0.017814341770716367,0.049971365723365926,0.13707742304711484,0.0,0.0,0.0,0.0,0.0,off,off,off,off,off
200.82499999999456,0.3,51.24749999999732,-1.6741549063285674,1.1990484190554298,2.143900833340979,1.1990492710776834,-1.674153179682719,-5.579296979338267,-5.579294485114133,0.7099363109706038,0.7514996874645071,0.7643923451952138,0.7514997131821594,0.7099363748159992,0.13707755894783819,0.04938253075267369,0.01743879910542064,0.04938246325233435,0.13707742304711484,0.0,0.0,0.0,0.0,0.0,off,off,off,off,off
201.07499999999456,0.3,51.32249999999731,-1.6534044290668817,1.2192545187480164,2.1640479167089666,1.2192553687909822,-1.6534027067956458,-5.5582218442934845,-5.558219356051609,0.7099899199343094,0.7517483233708201,0.7645609330842578,0.7517483489181076,0.7099899837729793,0.13707755894783819,0.048790705670868136,0.017067731990639587,0.04879063856386556,0.13707742304711484,0.0,0.0,0.0,0.0,0.0,off,off,off,off,off
201.32499999999456,0.3,51.3974999999973,-1.632665244620057,1.239445993484253,2.1841809608490053,1.2394468415585607,-1.632663526711724,-5.53715432547699,-5.53715184320464,0.7100434904445527,0.7519976256074564,0.7647280441535002,0.751997650979725,0.7100435542765245,0.13707755894783819,0.04819623811371835,0.01670119555469079,0.04819617141473535,0.13707742304711484,0.0,0.0,0.0,0.0,0.0,off,off,off,off,off
201.57499999999456,0.3,51.47249999999729,-1.6119372999577308,1.2596230606229142,2.204300134006928,1.259623906743741,-1.611935586398829,-5.5160944463044075,-5.516091969989077,0.7100970227255324,0.7522475018835623,0.7648936652446962,0.7522475270763194,0.7100970865508394,0.13707755894783819,0.047599405692058894,0.016339240858345785,0.04759933941541865,0.13707742304711484,0.0,0.0,0.0,0.0,0.0,off,off,off,off,off
201.82499999999456,0.3,51.54749999999728,-1.591220539720723,1.2797859398396554,2.224405607373285,1.2797867840228605,-1.5912188304985762,-5.4950422296444685,-5.495039759273425,0.710150517006454,0.7524978609867213,0.7650577844325062,0.7524978859956263,0.7101505808251265,0.13707755894783819,0.0470004836756567,0.015981914947111254,0.047000417835318865,0.13707742304711484,0.0,0.0,0.0,0.0,0.0,off,off,off,off,off
202.07499999999456,0.3,51.62249999999727,-1.570514906300673,1.299934852892136,2.2444975548971797,1.2999356951540335,-1.5705132014051628,-5.473997697807079,-5.473995233367418,0.7102039735213326,0.7527486128434261,0.7652203910034509,0.7527486376642947,0.7102040373333941,0.13707755894783819,0.04639974480379622,0.01562926090645813,0.04639967941333992,0.13707742304711484,0.0,0.0,0.0,0.0,0.0,off,off,off,off,off
202.32499999999456,0.3,51.697499999997255,-1.5498203399252475,1.320070023430901,2.2645761531310313,1.3200708637804155,-1.5498186393471087,-5.452960872531378,-5.452958414010425,0.7102573925087872,0.752999668577126,0.7653814754342606,0.7529996932059029,0.7102574563142595,0.13707755894783819,0.04579745910132426,0.015281317919844481,0.04579739417395774,0.13707742304711484,0.0,0.0,0.0,0.0,0.0,off,off,off,off,off
202.57499999999456,0.3,51.772499999997244,-1.5291367787384615,1.3401916767667785,2.2846415810799954,1.3401925152239187,-1.5291350824575147,-5.431931774976135,-5.431929322361327,0.7103107742118422,0.7532509405635913,0.7655410293695932,0.7532509649964084,0.7103108380107768,0.13707755894783819,0.04519389370031471,0.014938121329390442,0.04519382924886117,0.13707742304711484,0.0,0.0,0.0,0.0,0.0,off,off,off,off,off
202.82499999999456,0.3,51.84749999999723,-1.5084641588768477,1.360300039662377,2.3046940200111408,1.3603008762397053,-1.5084624668739934,-5.410910425709176,-5.410907978987893,0.7103641188777469,0.7535023424837679,0.7656990455990385,0.753502366716891,0.7103641826701896,0.13707755894783819,0.04458931266744861,0.014599702699061474,0.0445892487043415,0.13707742304711484,0.0,0.0,0.0,0.0,0.0,off,off,off,off,off
203.07499999999456,0.3,51.92249999999722,-1.487802414566488,1.3803953401463218,2.3247336532911618,1.3803961748575375,-1.4878007268260944,-5.389896844698512,-5.389894403857795,0.7104174267577303,0.7537537893741041,0.7658555180336525,0.7537538134039541,0.71041749054372,0.13707755894783819,0.04398397683723011,0.014266089880217266,0.04398391337451482,0.13707742304711484,0.0,0.0,0.0,0.0,0.0,off,off,off,off,off
203.32499999999456,0.3,51.99749999999721,-1.4671514781896349,1.4004778072772979,2.344760666232787,1.4004786401370666,-1.4671497947078933,-5.368891051303251,-5.368888616330253,0.7104706981068469,0.7540051976741543,0.7660104416819989,0.7540052214973105,0.7104707618863905,0.13707755894783819,0.043378143651121,0.013937307079377846,0.04337808070044616,0.13707742304711484,0.0,0.0,0.0,0.0,0.0,off,off,off,off,off
203.57499999999456,0.3,52.0724999999972,-1.4465112803919737,1.4205476709829554,2.3647752459349363,1.4205485020006563,-1.4465096011510354,-5.347893064265463,-5.3478906351475075,0.7105239331837054,0.7542564852717965,0.7661638126257153,0.7542565088849779,0.7105239969568474,0.13707755894783819,0.042772067002696625,0.013613374928060796,0.042772004575316665,0.13707742304711484,0.0,0.0,0.0,0.0,0.0,off,off,off,off,off
203.82499999999456,0.3,52.14749999999719,-1.4258817501422527,1.4406051618292395,2.3847775811124734,1.4406059910212434,-1.4258800751317153,-5.326902901703306,-5.326900478427831,0.7105771322503307,0.7545075715456793,0.7663156279946237,0.7545075949457782,0.7105771960170958,0.13707755894783819,0.042165997088883904,0.013294310554553514,0.04216593519565158,0.13707742304711484,0.0,0.0,0.0,0.0,0.0,off,off,off,off,off
204.07499999999456,0.3,52.222499999997176,-1.4052628148284612,1.4606505108411056,2.4047678619436397,1.4606513382157118,-1.405261144032977,-5.305920581104317,-5.305918163658362,0.710630295571923,0.7547583774052335,0.7664658859415104,0.7547584005892723,0.7106303593323493,0.13707755894783819,0.04156018026736899,0.012980127657473747,0.041560118918739286,0.13707742304711484,0.0,0.0,0.0,0.0,0.0,off,off,off,off,off
204.32499999999456,0.3,52.297499999997164,-1.3846544003426402,1.480683949316301,2.424746279904241,1.4806847748902783,-1.3846527337441898,-5.28494611931859,-5.284943707689536,0.710683423416654,0.7550088253281024,0.7666145856165314,0.755008848293281,0.710683487170785,0.13707755894783819,0.040954858920217,0.012670836580980716,0.04095479812623697,0.13707742304711484,0.0,0.0,0.0,0.0,0.0,off,off,off,off,off
204.57499999999456,0.3,52.37249999999715,-1.3640564311500043,1.5007057086476152,2.4447130276175244,1.5007065324221003,-1.364054768740516,-5.263979532554231,-5.26397712672923,0.7107365160554961,0.7552588393950584,0.7667617271413633,0.755258862138685,0.7107365798033513,0.13707755894783819,0.04035027132374983,0.01236644439149918,0.04035021109406612,0.13707742304711484,0.0,0.0,0.0,0.0,0.0,off,off,off,off,off
204.82499999999456,0.3,52.44749999999714,-1.3434688303884172,1.5207160201224497,2.4646682987100235,1.5207168421130177,-1.3434671721517475,-5.2430208363715565,-5.243018436337934,0.710789573761979,0.7555083453223295,0.7669073115831099,0.7555083678419034,0.7107896375035975,0.13707755894783819,0.03974665152473035,0.012066954955811794,0.03974659186858255,0.13707742304711484,0.0,0.0,0.0,0.0,0.0,off,off,off,off,off
205.07499999999456,0.3,52.52249999999713,-1.3228915199397875,1.540715114754562,2.484612287642676,1.5407159349772428,-1.3228898658668413,-5.222070045679402,-5.222067651424368,0.7108425968120139,0.7557572704915162,0.7670513409279228,0.7557572927846893,0.7108426605474181,0.13707755894783819,0.03914422922289115,0.011772369020396366,0.03914417014911039,0.13707742304711484,0.0,0.0,0.0,0.0,0.0,off,off,off,off,off
205.32499999999456,0.3,52.59749999999712,-1.3023244205160154,1.560703223124051,2.504545189564567,1.5607040415882807,-1.302322770589285,-5.201127174731425,-5.20112478624219,0.7108955854836865,0.7560055439770605,0.767193818054503,0.7560055660416173,0.7108956492129191,0.13707755894783819,0.0385432296598104,0.011482684291866689,0.03854317117681707,0.13707742304711484,0.0,0.0,0.0,0.0,0.0,off,off,off,off,off
205.57499999999456,0.3,52.67249999999711,-1.2817674517293085,1.5806805751917636,2.524467200178208,1.580681391902374,-1.2817658059407222,-5.1801922371226965,-5.1801898543864695,0.7109485400570826,0.7562530965712057,0.7673347467074833,0.7562531184050656,0.7109486037801614,0.13707755894783819,0.037943873514150565,0.011197895518389294,0.03794381562996127,0.13707742304711484,0.0,0.0,0.0,0.0,0.0,off,off,off,off,off
205.82499999999456,0.3,52.747499999997096,-1.2612205321928514,1.6006474001483184,2.544378515577648,1.600648215115143,-1.261218890527914,-5.15926524578731,-5.159262868791473,0.7110014608140394,0.7564998608066383,0.7674741314706324,0.7564998824078812,0.7110015245310015,0.13707755894783819,0.03734637680327618,0.010917994571946577,0.03734631952550402,0.13707742304711484,0.0,0.0,0.0,0.0,0.0,off,off,off,off,off
206.07499999999456,0.3,52.822499999997085,-1.2406835795751476,1.6206039262322065,2.5642793321212594,1.6206047394695133,-1.240681942021297,-5.138346212996794,-5.138343841728556,0.7110543480380178,0.7567457709766795,0.7676119777400733,0.7567457923435433,0.7110544117488937,0.13707755894783819,0.03675095079123717,0.010642970531322118,0.03675089412708716,0.13707742304711484,0.0,0.0,0.0,0.0,0.0,off,off,off,off,off
206.32499999999456,0.3,52.89749999999707,-1.2201565107015426,1.640550380616446,2.584169846275131,1.640551192128612,-1.2201548772417254,-5.117435150358233,-5.117432784804635,0.71110720201385,0.7569907631533224,0.7677482916973842,0.7569907842841628,0.7111072657186811,0.13707755894783819,0.036157801903106614,0.010372809765684178,0.0361577458593777,0.13707742304711484,0.0,0.0,0.0,0.0,0.0,off,off,off,off,off
206.57499999999456,0.3,52.97249999999706,-1.1996392416066897,1.660486989210483,2.6040502544938136,1.660487799007626,-1.1996376122348238,-5.096532068813531,-5.096529708962009,0.7111600230276143,0.7572347752027574,0.7678830802827877,0.7572347960960872,0.7111600867264142,0.13707755894783819,0.03556713164563073,0.01010749601864743,0.035567076228720636,0.13707742304711484,0.0,0.0,0.0,0.0,0.0,off,off,off,off,off
206.82499999999456,0.3,53.04749999999705,-1.17913168764278,1.6804139765619652,2.6239207530643966,1.6804147846513047,-1.1791300623450525,-5.075636978639466,-5.075634624477402,0.7112128113663655,0.757477746798904,0.7680163511682622,0.7574777674533708,0.7112128750591689,0.13707755894783819,0.03497913653421262,0.009847010492694885,0.03497908175011846,0.13707742304711484,0.0,0.0,0.0,0.0,0.0,off,off,off,off,off
207.07499999999456,0.3,53.12249999999704,-1.1586337635243922,1.700331565674162,2.6437815379917993,1.7003323720630306,-1.1586321422904007,-5.0547498894477485,-5.054747540962239,0.7112655673180307,0.7577196194345248,0.7681481127308215,0.7577196398489133,0.7112656310048617,0.13707755894783819,0.034394008026127805,0.00959133193384727,0.03439395388044868,0.13707742304711484,0.0,0.0,0.0,0.0,0.0,off,off,off,off,off
207.32499999999456,0.3,53.19749999999703,-1.1381453834225113,1.7202399778948916,2.6636328048691666,1.7202407825911905,-1.1381437662313374,-5.0338708101854195,-5.033868467363732,0.711318291171177,0.7579603364303585,0.7682783740258327,0.7579603566035948,0.7113183548520885,0.13707755894783819,0.03381193245999367,0.00934043671646573,0.033811878957928726,0.13707742304711484,0.0,0.0,0.0,0.0,0.0,off,off,off,off,off
207.57499999999456,0.3,53.27249999999702,-1.1176664610215425,1.7401394327833941,2.6834747487426966,1.7401402357965026,-1.1176648478651146,-5.012999749136668,-5.012997411966069,0.711370983214873,0.7581998429420994,0.768407144760426,0.7581998628732478,0.711371046889883,0.13707755894783819,0.0332330910013698,0.009094298928081756,0.033233038147725436,0.13707742304711484,0.0,0.0,0.0,0.0,0.0,off,off,off,off,off
207.82499999999456,0.3,53.347499999997005,-1.0971969095971872,1.7600301479861855,2.703307563974704,1.7600309493203667,-1.0971953004676038,-4.99213671392414,-4.9921343823920665,0.7114236437384983,0.7584380859653286,0.7685344352670413,0.7584381056535731,0.7114237074076256,0.13707755894783819,0.03265765959449486,0.00885289045415381,0.03265760739368712,0.13707742304711484,0.0,0.0,0.0,0.0,0.0,off,off,off,off,off
208.07499999999456,0.3,53.422499999996994,-1.0767366421049474,1.7799123390972227,2.7231314441620498,1.779913138755603,-1.0767350369891915,-4.971281711511551,-4.971279385605499,0.7114762730315253,0.7586750143384015,0.7686602564772851,0.7586750337830527,0.7114763366948029,0.13707755894783819,0.032085808920056656,0.00861618106263726,0.03208575737611643,0.13707742304711484,0.0,0.0,0.0,0.0,0.0,off,off,off,off,off
208.32499999999456,0.3,53.49749999999698,-1.0562855712229862,1.7997862195667267,2.74294658197897,1.7997870175594812,-1.0562839701061648,-4.950434748206305,-4.9504324279134835,0.7115288713834201,0.7589105787435027,0.7687846198957686,0.7589105979440214,0.7115289350408839,0.13707755894783819,0.03151770435894221,0.008384138488282183,0.031517653475515196,0.13707742304711484,0.0,0.0,0.0,0.0,0.0,off,off,off,off,off
208.57499999999456,0.3,53.57249999999697,-1.0358436094334138,1.8196520005701018,2.7627531690890805,1.8196527969070075,-1.0358420123092742,-4.929595829662333,-4.9295935149700085,0.7115814390834384,0.7591447317057008,0.7689075375743468,0.759144750661674,0.7115815027351029,0.13707755894783819,0.030953505961865614,0.008156728516557242,0.030953455742213715,0.13707742304711484,0.0,0.0,0.0,0.0,0.0,off,off,off,off,off
208.82499999999456,0.3,53.64749999999696,-1.0154106690793583,1.8395098909182366,2.7825513960236776,1.8395106856077064,-1.0154090759360201,-4.9087649608839,-4.908762651779341,0.7116339764204923,0.7593774275902585,0.7690290220865005,0.7593774463013918,0.7116340400663859,0.13707755894783819,0.03039336842481601,0.007933915067109512,0.030393318871830274,0.13707742304711484,0.0,0.0,0.0,0.0,0.0,off,off,off,off,off
209.07499999999456,0.3,53.72249999999695,-0.9949866624470474,1.8593600969392128,2.802341452080384,1.8593608899881247,-0.9949850732723462,-4.887942146229705,-4.887939842700462,0.7116864836829427,0.759608622598071,0.7691490865020256,0.759608641064191,0.711686547323096,0.13707755894783819,0.029837441070224936,0.007715660276674724,0.029837392186418888,0.13707742304711484,0.0,0.0,0.0,0.0,0.0,off,off,off,off,off
209.32499999999456,0.3,53.79749999999694,-0.9745715018086685,1.8792028223995203,2.8221235252062797,1.8792036138144113,-0.974569916595101,-4.867127389417476,-4.867125091450873,0.7117389611585052,0.7598382747594823,0.7692677443619603,0.759838292980533,0.7117390247929355,0.13707755894783819,0.029285867833748154,0.007501924581351188,0.029285819621272177,0.13707742304711484,0.0,0.0,0.0,0.0,0.0,off,off,off,off,off
209.57499999999456,0.3,53.872499999996926,-0.954165099511215,1.8990382683953726,2.8418978019085444,1.8990390581818701,-0.9541635182401933,-4.846320693528412,-4.846318401111773,0.7117914091340226,0.7600663439263305,0.7693850096538818,0.7600663619023709,0.7117914727627768,0.13707755894783819,0.02873878725657287,0.007292666798158263,0.028738739717215682,0.13707742304711484,0.0,0.0,0.0,0.0,0.0,off,off,off,off,off
209.82499999999456,0.3,53.947499999996914,-0.9337673679980867,1.9188666332734101,2.861664467139974,1.9188674214379944,-0.9337657906624486,-4.8255220610125775,-4.825519774133284,0.7118438278954243,0.7602927917624556,0.7695008967874455,0.7602928094936614,0.7118438915185186,0.13707755894783819,0.028196332483142763,0.007087844205802568,0.028196285618336016,0.13707742304711484,0.0,0.0,0.0,0.0,0.0,off,off,off,off,off
210.07499999999456,0.3,54.0224999999969,-0.9133782199018015,1.9386881125525406,2.8814237042372497,1.9386888990946431,-0.9133766464874498,-4.804731493694703,-4.8047292123402485,0.7118962177274925,0.7605175817326384,0.769615420570406,0.7605175992192793,0.7118962813449616,0.13707755894783819,0.027658631264182925,0.006887412624576231,0.027658585075008697,0.13707742304711484,0.0,0.0,0.0,0.0,0.0,off,off,off,off,off
210.32499999999456,0.3,54.09749999999689,-0.89299756808947,1.9585028988328759,2.9011756947926983,1.9585036837536336,-0.8929959985891855,-4.783948992779983,-4.783946716937805,0.7119485789137553,0.7607406790899989,0.7697285961847984,0.7607406963324572,0.7119486425256164,0.13707755894783819,0.027125805964918124,0.006691326495319164,0.02712576045211493,0.13707742304711484,0.0,0.0,0.0,0.0,0.0,off,off,off,off,off
210.57499999999456,0.3,54.17249999999688,-0.8726253257149779,1.9783111817469035,2.9209206185945504,1.9783119650557524,-0.8726237601173352,-4.763174558860555,-4.763172288518035,0.71200091173636,0.7609620508620556,0.7698404391636747,0.7609620678608436,0.7120009753426411,0.13707755894783819,0.026597973578355066,0.006499538957379133,0.026597928742322675,0.13707742304711484,0.0,0.0,0.0,0.0,0.0,off,off,off,off,off
210.82499999999456,0.3,54.24749999999687,-0.8522614062790694,1.9981131478491534,2.9406586535230304,1.9981139295527441,-0.8522598445754852,-4.742408191921925,-4.742405927066557,0.7120532164759291,0.7611816658352224,0.7699509653680944,0.7611816825909501,0.7120532800766506,0.13707755894783819,0.026075245743520426,0.00631200192550711,0.026075201584321524,0.13707742304711484,0.0,0.0,0.0,0.0,0.0,off,off,off,off,off
211.07499999999456,0.3,54.32249999999686,-0.8319057236773233,2.017908980609036,2.9603899754794725,2.0179097607102108,-0.8319041658588731,-4.721649891350012,-4.721647631969461,0.7121054934114414,0.7613994945382525,0.7700601909645991,0.761399511051621,0.7121055570066255,0.13707755894783819,0.02555772876850642,0.006128666165625129,0.025557685285878422,0.13707742304711484,0.0,0.0,0.0,0.0,0.0,off,off,off,off,off
211.32499999999456,0.3,54.397499999996846,-0.8115581922618276,2.037698860296871,2.9801147583091847,2.0376996388000066,-0.8115566383129362,-4.70089965593877,-4.700897402020246,0.7121577428200846,0.7616155092241111,0.7701681324030245,0.7616155254959233,0.7121578064097694,0.13707755894783819,0.02504552365821046,0.005949481369416508,0.025045480851570823,0.13707742304711484,0.0,0.0,0.0,0.0,0.0,off,off,off,off,off
211.57499999999456,0.3,54.472499999996835,-0.791218726858915,2.05748296396672,2.999833173718571,2.0574837408730673,-0.791217176776911,-4.68015748389729,-4.680155235428458,0.7122099649772174,0.7618296838508856,0.7702748063943489,0.7618296998820331,0.712210028561408,0.13707755894783819,0.02453872614663473,0.00577439622768111,0.024538684015084834,0.13707742304711484,0.0,0.0,0.0,0.0,0.0,off,off,off,off,off
211.82499999999456,0.3,54.54749999999682,-0.7708872428621021,2.0772614653828327,3.019545391216866,2.077262240701316,-0.770885696630387,-4.659423372857873,-4.659421129826171,0.7122621601561362,0.762041994061382,0.7703802298909801,0.7620420098528707,0.7122622237348745,0.13707755894783819,0.024037426733589943,0.005603358502409774,0.024037385275924226,0.13707742304711484,0.0,0.0,0.0,0.0,0.0,off,off,off,off,off
212.07499999999456,0.3,54.62249999999681,-0.7505636562434006,2.0970345349959985,3.0392515780355325,2.0970353087310514,-0.7505621138531069,-4.638697319884159,-4.638695082277195,0.7123143286280549,0.7622524171617472,0.7704844200642477,0.7622524327146621,0.7123143922013623,0.13707755894783819,0.023541710725689485,0.005436315097531176,0.023541669940402223,0.13707742304711484,0.0,0.0,0.0,0.0,0.0,off,off,off,off,off
212.32499999999456,0.3,54.6974999999968,-0.7302478836103887,2.1168023398815876,3.0589518990728948,2.116803112029004,-0.730246345051853,-4.617979321479481,-4.617977089284921,0.712366470661968,0.7624609320989303,0.7705873942846126,0.76246094741442,0.712366534229868,0.13707755894783819,0.023051658281477795,0.005273212128289766,0.02305161816676691,0.13707742304711484,0.0,0.0,0.0,0.0,0.0,off,off,off,off,off
212.57499999999456,0.3,54.77249999999679,-0.7099398422384979,2.136565043701637,3.0786465168381483,2.1365658142720463,-0.7099383075096171,-4.5972693735956796,-4.597267146801187,0.7124185865245722,0.7626675194372161,0.7706891701017584,0.7626675345165558,0.7124186500870687,0.13707755894783819,0.022567344460546066,0.005113994989214323,0.022567305014326217,0.13707742304711484,0.0,0.0,0.0,0.0,0.0,off,off,off,off,off
212.82499999999456,0.3,54.84749999999678,-0.6896394501372356,2.1563228066916054,3.0983355913722903,2.1563235756879067,-0.6896379192208997,-4.576567471641567,-4.5765652502348075,0.7124706764801045,0.7628721613338793,0.7707897652250846,0.7628721761784045,0.7124707400372406,0.13707755894783819,0.022088839276503774,0.004958608420643438,0.022088800496405995,0.13707742304711484,0.0,0.0,0.0,0.0,0.0,off,off,off,off,off
213.07499999999456,0.3,54.92249999999677,-0.6693466260571768,2.1760757856102373,3.1180192802190163,2.176076553025837,-0.6693450989508278,-4.555873610492199,-4.555871394460837,0.7125227407903328,0.763074841513854,0.7708891975048009,0.7630748561249542,0.712522804342113,0.13707755894783819,0.021616207753641443,0.00480699657377594,0.021616169637029073,0.13707742304711484,0.0,0.0,0.0,0.0,0.0,off,off,off,off,off
213.32499999999456,0.3,54.997499999996755,-0.6490612895480012,2.195824133717281,3.1376977383595204,2.195824899561103,-0.6490597662410664,-4.535187784498476,-4.535185573830063,0.712574779714412,0.763275545243639,0.7709874849133961,0.763275559622822,0.712574843260863,0.13707755894783819,0.021149509987152895,0.004659103074213653,0.021149472531123318,0.13707742304711484,0.0,0.0,0.0,0.0,0.0,off,off,off,off,off
213.57499999999456,0.3,55.072499999996744,-0.6287833609862901,2.2155680007622323,3.1573711181720228,2.21556876503314,-0.6287818414625121,-4.514509987495558,-4.514507782178043,0.7126267935088213,0.763474259304209,0.771084645527651,0.7634742734530301,0.7126268570499835,0.13707755894783819,0.020688801206752414,0.004514871083973961,0.020688764408145394,0.13707742304711484,0.0,0.0,0.0,0.0,0.0,off,off,off,off,off
213.82499999999456,0.3,55.14749999999673,-0.6085127616074146,2.2353075329573926,3.17703956938351,2.235308295656978,-0.6085112458608251,-4.493840212813552,-4.493838012834658,0.7126787824272894,0.7636709719640212,0.7711806975111093,0.7636709858841148,0.7126788459631764,0.13707755894783819,0.020234131843543203,0.004374243361947471,0.02023409569894826,0.13707742304711484,0.0,0.0,0.0,0.0,0.0,off,off,off,off,off
214.07499999999456,0.3,55.22249999999672,-0.5882494135430534,2.255042872959166,3.1967032390303984,2.2550436340907822,-0.588247901562454,-4.473178453287005,-4.4731762586342825,0.7127307467207026,0.7638656729503439,0.7712756590970599,0.7638656866434165,0.7127308102513428,0.13707755894783819,0.019785547599988126,0.004237162322780491,0.019785512105753283,0.13707742304711484,0.0,0.0,0.0,0.0,0.0,off,off,off,off,off
214.32499999999456,0.3,55.29749999999671,-0.5679932398520577,2.274774159873573,3.2163622714176654,2.274774919434435,-0.5679917316272736,-4.452524701264281,-4.452522511925622,0.7127826866370363,0.7640583534203288,0.7713695485720015,0.7640583668881367,0.712782750162454,0.13707755894783819,0.019343089522823848,0.004103570094165097,0.019343054675062338,0.13707742304711484,0.0,0.0,0.0,0.0,0.0,off,off,off,off,off
214.57499999999456,0.3,55.3724999999967,-0.5477441645393242,2.294501529222032,3.2360168080905964,2.2945022872161758,-0.5477426600700142,-4.4318789486181345,-4.431876764581318,0.7128346024213102,0.7642490059315994,0.771462384259627,0.7642490191759804,0.7128346659415049,0.13707755894783819,0.018906794078773374,0.003973408572522022,0.018906759873370576,0.13707742304711484,0.0,0.0,0.0,0.0,0.0,off,off,off,off,off
214.82499999999456,0.3,55.44749999999669,-0.5275021126024626,2.3142251129661418,3.255666987780785,2.3142258693939084,-0.5275006118833403,-4.41124118675566,-4.411239008008749,0.7128864943154757,0.7644376244123601,0.7715541845052318,0.7644376374352033,0.7128865578304604,0.13707755894783819,0.018476693232897433,0.003846619477065855,0.018476659665519632,0.13707742304711484,0.0,0.0,0.0,0.0,0.0,off,off,off,off,off
215.07499999999456,0.3,55.522499999996676,-0.5072670100431651,2.3339450394833534,3.275312946415454,2.333945794350825,-0.5072655130563817,-4.390611406629034,-4.3906092331598074,0.712938362558394,0.764624204130886,0.7716449676607828,0.7646242169341522,0.7129384260682132,0.13707755894783819,0.018052814529437723,0.003723144402240789,0.01805278159554,0.13707742304711484,0.0,0.0,0.0,0.0,0.0,off,off,off,off,off
215.32499999999456,0.3,55.597499999996664,-0.4870387838945476,2.353661433590389,3.294954817066241,2.353662186898589,-0.4870372906307807,-4.369989598745349,-4.369987430541698,0.7129902073857718,0.7648087416647074,0.7717347520703142,0.7648087542503991,0.712990270890449,0.13707755894783819,0.01763518117500234,0.0036029248685212887,0.01763514886983488,0.13707742304711484,0.0,0.0,0.0,0.0,0.0,off,off,off,off,off
215.57499999999456,0.3,55.67249999999665,-0.46681736223592907,2.373374416532215,3.3145927299200935,2.373375168272844,-0.46681587269176816,-4.349375753176844,-4.349373590226946,0.7130420290301307,0.7649912348693128,0.7718235560558699,0.7649912472394602,0.713042092529673,0.13707755894783819,0.017223812123934392,0.003485902371575119,0.017223780442552523,0.13707742304711484,0.0,0.0,0.0,0.0,0.0,off,off,off,off,off
215.82499999999456,0.3,55.74749999999664,-0.44660267423250843,2.3930841059894874,3.3342268122834753,2.3930848561682296,-0.44660118839431107,-4.32876985957256,-4.3287677018641375,0.7130938277207093,0.765171682846554,0.771911397904029,0.7651716950032741,0.7130938912151511,0.13707755894783819,0.016818722165724984,0.003372018429785161,0.016818691102995744,0.13707742304711484,0.0,0.0,0.0,0.0,0.0,off,off,off,off,off
216.07499999999456,0.3,55.82249999999663,-0.426394650138775,2.4127906161016313,3.353857188539905,2.4127913647160995,-0.4263931679994357,-4.308171907167832,-4.308169754688947,0.7131456036834639,0.7653500859127922,0.7719982958527897,0.7653500978582275,0.7131456671728212,0.13707755894783819,0.016419922014313606,0.003261214630129124,0.016419891564923225,0.13707742304711484,0.0,0.0,0.0,0.0,0.0,off,off,off,off,off
216.32499999999456,0.3,55.89749999999662,-0.4061932213179489,2.4324940574708194,3.3734839801493877,2.4324948045315296,-0.40619174287564874,-4.2875818847957134,-4.287579737534315,0.7131973571410207,0.7655264455667345,0.7720842680790495,0.7655264573031076,0.7131974206252982,0.13707755894783819,0.016027418399126057,0.003153432672424684,0.01602738855758713,0.13707742304711484,0.0,0.0,0.0,0.0,0.0,off,off,off,off,off
216.57499999999456,0.3,55.97249999999661,-0.3859983202710282,2.4521945371864717,3.393107305634942,2.4521952826921165,-0.3859968455159333,-4.2669997808968105,-4.266997638840905,0.7132490883126112,0.7657007644571083,0.7721693326861071,0.765700775986652,0.7132491517918323,0.13707755894783819,0.015641214157715258,0.003048614411938925,0.015641184918373095,0.13707742304711484,0.0,0.0,0.0,0.0,0.0,off,off,off,off,off
216.82499999999456,0.3,56.047499999996596,-0.3658098806396879,2.471892158842479,3.412727280573847,2.4718929027843046,-0.3658084095613958,-4.246425583530936,-4.2464234466686435,0.7133007974140682,0.7658730463501372,0.7722535076930643,0.7658730576751028,0.7133008608882591,0.13707755894783819,0.015261308329843987,0.0029467019003725546,0.015261279686889083,0.13707742304711484,0.0,0.0,0.0,0.0,0.0,off,off,off,off,off
217.07499999999456,0.3,56.122499999996585,-0.3456278372293582,2.491587022545332,3.432344017594744,2.491587764928397,-0.34562636981473815,-4.22585928038734,-4.225857148706893,0.7133524846577721,0.766043296096857,0.7723368110233544,0.7660433072195697,0.7133525481269658,0.13707755894783819,0.014887696252883033,0.0028476374252279064,0.014887668200356162,0.13707742304711484,0.0,0.0,0.0,0.0,0.0,off,off,off,off,off
217.32499999999456,0.3,56.19749999999657,-0.3254521260039951,2.5112792249580593,3.4519576263582508,2.511279965785093,-0.3254506622519102,-4.205300858796136,-4.205298732285485,0.7134041502526733,0.766211519600427,0.7724192604935897,0.7662115305232425,0.7134042137168712,0.13707755894783819,0.014520369658371696,0.002751363547569542,0.014520342190169904,0.13707742304711484,0.0,0.0,0.0,0.0,0.0,off,off,off,off,off
217.57499999999456,0.3,56.27249999999656,-0.3052826841236538,2.5309688593166015,3.471568213568105,2.530969598585955,-0.30528122402648705,-4.184750305737566,-4.1847481843850005,0.713455794404197,0.7663777237833087,0.7725008738037502,0.7663777345086014,0.7134558578634178,0.13707755894783819,0.014159316769603681,0.0026578231381918665,0.014159289879488854,0.13707742304711484,0.0,0.0,0.0,0.0,0.0,off,off,off,off,off
217.82499999999456,0.3,56.34749999999655,-0.2851194499337453,2.5506560154635167,3.4911758829716177,2.5506567531735413,-0.28511799348490285,-4.1642076078548484,-4.164205491648374,0.7135074173142798,0.7665419165544614,0.7725816685274968,0.7665419270846368,0.7135074807685395,0.13707755894783819,0.013804522400105771,0.0025669594122058256,0.013804496081713052,0.13707742304711484,0.0,0.0,0.0,0.0,0.0,off,off,off,off,off
218.07499999999456,0.3,56.42249999999654,-0.2649623629772577,2.570340779866342,3.510780735352455,2.5703415160161853,-0.2649609101735564,-4.143672751463214,-4.143670640391235,0.7135590191813419,0.7667041067765084,0.7726616621029135,0.7667041171140001,0.7135590826306477,0.13707755894783819,0.013455968052872526,0.0024787159620632527,0.0134559422997165,0.13707742304711484,0.0,0.0,0.0,0.0,0.0,off,off,off,off,off
218.32499999999456,0.3,56.49749999999653,-0.2448113640106726,2.5900232356578385,3.530382868557126,2.590023970249888,-0.24480991484398373,-4.123145722561276,-4.123143616612197,0.7136106002002522,0.7668643042330036,0.7727408718237976,0.7668643143802797,0.7136106636446246,0.13707755894783819,0.013113632020222529,0.0023930367890336655,0.013113606825705577,0.13707742304711484,0.0,0.0,0.0,0.0,0.0,off,off,off,off,off
218.57499999999456,0.3,56.572499999996516,-0.22466639500089514,2.609703462679306,3.5499823774728156,2.6097041957106626,-0.2246649494614985,-4.1026265068422845,-4.102624406004452,0.7136621605623419,0.7670225195957854,0.7728193148312472,0.7670225295553238,0.7136622240018046,0.13707755894783819,0.012777489484147657,0.002309866333154301,0.01277746484156703,0.13707742304711484,0.0,0.0,0.0,0.0,0.0,off,off,off,off,off
218.82499999999456,0.3,56.647499999996505,-0.20452739913173446,2.629381537501274,3.569579354063933,2.6293822689709714,-0.20452595721172884,-4.082115089703677,-4.082112993965495,0.7137137004553931,0.7671787643923762,0.7728970081058587,0.7671787741666797,0.7137137638899655,0.13707755894783819,0.012447512617033528,0.0022291495016726333,0.012447488519587512,0.13707742304711484,0.0,0.0,0.0,0.0,0.0,off,off,off,off,off
219.07499999999456,0.3,56.722499999996494,-0.18439432081441964,2.6490575334718187,3.589173887372226,2.6490582633799704,-0.18439288250226582,-4.061611456258618,-4.061609365608433,0.7137652200636163,0.7673330509735945,0.7729739684602411,0.767333060565188,0.7137652834933269,0.13707755894783819,0.012123670682616623,0.0021508316960027816,0.012123647123412386,0.13707742304711484,0.0,0.0,0.0,0.0,0.0,off,off,off,off,off
219.32499999999456,0.3,56.79749999999648,-0.16426710566895508,2.6687315207506686,3.6087660635213297,2.6687322491021632,-0.1642656709663015,-4.04111559134617,-4.041113505772216,0.7138167195677033,0.7674853924812978,0.7730502125319694,0.7674854018927357,0.713816782992547,0.13707755894783819,0.011805930137069908,0.0020748588372201024,0.01180590710912929,0.13707742304711484,0.0,0.0,0.0,0.0,0.0,off,off,off,off,off
219.57499999999456,0.3,56.87249999999647,-0.14414570056442244,2.6884035663551913,3.628355965750245,2.6884042931457657,-0.14414426945347714,-4.020627479541474,-4.020625399032326,0.7138681991447301,0.7676358028163549,0.7731257567770332,0.767635812050181,0.7138682625647517,0.13707755894783819,0.011494254730086747,0.0020011773901148205,0.01149423222635431,0.13707742304711484,0.0,0.0,0.0,0.0,0.0,off,off,off,off,off
219.82499999999456,0.3,56.94749999999646,-0.1240300535704364,2.708073734204447,3.6479436744206737,2.708074459430577,-0.12402862605370046,-4.000147105166604,-4.000145029710836,0.7139196589682851,0.7677842966068367,0.7732006174636128,0.7677843056656094,0.7139197223834771,0.13707755894783819,0.011188605605856676,0.0019297343858333945,0.011188583619207262,0.13707742304711484,0.0,0.0,0.0,0.0,0.0,off,off,off,off,off
220.07499999999456,0.3,57.02249999999645,-0.10392011399642342,2.727742085140676,3.667529267039413,2.7277428088052034,-0.10391869006571142,-3.9796744523011967,-3.9796723818871556,0.7139710992083733,0.7679308891763946,0.7732748106663029,0.7679308980627002,0.7139711626187565,0.13707755894783819,0.010888941403819546,0.0018604774431299448,0.010888919927063099,0.13707742304711484,0.0,0.0,0.0,0.0,0.0,off,off,off,off,off
220.32499999999456,0.3,57.09749999999644,-0.08381583237701307,2.747408677012345,3.6871128182706343,2.7474093991103814,-0.08381441202402584,-3.959209504791829,-3.9592074394082033,0.7140225200314597,0.7680755965130869,0.7733483522606931,0.768075605229499,0.7140225834370543,0.13707755894783819,0.010595218359085792,0.0017933547882572794,0.010595197384974737,0.13707742304711484,0.0,0.0,0.0,0.0,0.0,off,off,off,off,off
220.57499999999456,0.3,57.172499999996425,-0.06371716045714493,2.7670735646900653,3.7066943999752766,2.767074285218939,-0.06371574367364019,-3.938752246263107,-3.9387501858981864,0.7140739216005108,0.7682184352383178,0.7734212579184065,0.7682184437874228,0.7140739850013369,0.13707755894783819,0.010307390402420269,0.0017283152735234047,0.010307369923656537,0.13707742304711484,0.0,0.0,0.0,0.0,0.0,off,off,off,off,off
220.82499999999456,0.3,57.247499999996414,-0.043624051202584724,2.7867368001208774,3.726274081212466,2.7867375190868415,-0.04362263798168442,-3.9183026601264714,-3.918300604769115,0.7141253040749724,0.768359422576205,0.7734935431024086,0.7683594309606181,0.7141253674710472,0.13707755894783819,0.010025409259692366,0.0016653083945428284,0.010025389268932393,0.13707742304711484,0.0,0.0,0.0,0.0,0.0,off,off,off,off,off
221.07499999999456,0.3,57.3224999999964,-0.023536458795035742,2.8063984323894147,3.745851928290392,2.8063991497905363,-0.023535049125825935,-3.8978607295916277,-3.897858679230694,0.7141766676107886,0.7684985763233135,0.7735652230628153,0.7684985845456312,0.7141767310021393,0.13707755894783819,0.009749224550684738,0.0016042843062111444,0.009749205040545068,0.13707742304711484,0.0,0.0,0.0,0.0,0.0,off,off,off,off,off
221.32499999999456,0.3,57.39749999999639,-0.003454338611163621,2.8260585077525207,3.765428004777789,2.826059223592324,-0.0034529324922232263,-3.8774264376756946,-3.8774243922998153,0.7142280123604587,0.7686359148186821,0.7736363128329481,0.7686359228815167,0.7142280757470876,0.13707755894783819,0.009478783887173721,0.0015451938374327746,0.00947876485023862,0.13707742304711484,0.0,0.0,0.0,0.0,0.0,off,off,off,off,off
221.5249999999946,0.3,57.457499999996394,0.012605015341932813,2.8417854536921823,3.7810876317285533,2.8417861682691523,0.012606417998881625,-3.861084496942226,-3.8610824555476597,0.714270368675252,0.7687444912244487,0.7736927696727818,0.768744499161533,0.7142704323666512,0.13707437513364898,0.00926653064205634,0.001499281064104817,0.009266511978326921,0.13707423846647745,0.0,0.0,0.0,0.0,0.0,off,off,off,off,off
